method,run_id,seed,epoch,candidate_evaluations,batch_size,n_cpus,epoch_best_loss,epoch_median_loss,saved_best_loss,success,stop_reason,elapsed_seconds
rl4crn_rne_oscillator_trace_8rxn_stop_risksched085to09_lr1e4_entropy005_s4_c1_rnetol_d256_depth3_p20_bs200,seed057,57,1,200,200,16,123.5284926269502,130.8095233456102,123.5284926269502,False,max_epochs,13.221854448318481
rl4crn_rne_oscillator_trace_8rxn_stop_risksched085to09_lr1e4_entropy005_s4_c1_rnetol_d256_depth3_p20_bs200,seed057,57,2,400,200,16,124.03997502537798,131.23599440168155,123.5284926269502,False,max_epochs,20.966578245162964
rl4crn_rne_oscillator_trace_8rxn_stop_risksched085to09_lr1e4_entropy005_s4_c1_rnetol_d256_depth3_p20_bs200,seed057,57,3,600,200,16,123.32402442638852,131.1211440995778,123.32402442638852,False,max_epochs,30.439775228500366
rl4crn_rne_oscillator_trace_8rxn_stop_risksched085to09_lr1e4_entropy005_s4_c1_rnetol_d256_depth3_p20_bs200,seed057,57,4,800,200,16,123.51634018071074,130.29823256011505,123.32402442638852,False,max_epochs,40.099212646484375
rl4crn_rne_oscillator_trace_8rxn_stop_risksched085to09_lr1e4_entropy005_s4_c1_rnetol_d256_depth3_p20_bs200,seed057,57,5,1000,200,16,122.80160136537846,131.6639292567774,122.80160136537846,False,max_epochs,49.26740479469299
rl4crn_rne_oscillator_trace_8rxn_stop_risksched085to09_lr1e4_entropy005_s4_c1_rnetol_d256_depth3_p20_bs200,seed057,57,6,1200,200,16,123.30489889891055,131.62553446404144,122.80160136537846,False,max_epochs,58.21884536743164
rl4crn_rne_oscillator_trace_8rxn_stop_risksched085to09_lr1e4_entropy005_s4_c1_rnetol_d256_depth3_p20_bs200,seed057,57,7,1400,200,16,123.26928772900881,130.5080091373694,122.80160136537846,False,max_epochs,67.66226410865784
rl4crn_rne_oscillator_trace_8rxn_stop_risksched085to09_lr1e4_entropy005_s4_c1_rnetol_d256_depth3_p20_bs200,seed057,57,8,1600,200,16,122.9660594898358,131.8261415997456,122.80160136537846,False,max_epochs,76.5395188331604
rl4crn_rne_oscillator_trace_8rxn_stop_risksched085to09_lr1e4_entropy005_s4_c1_rnetol_d256_depth3_p20_bs200,seed057,57,9,1800,200,16,123.61455906331993,130.73224694236373,122.80160136537846,False,max_epochs,85.94587063789368
rl4crn_rne_oscillator_trace_8rxn_stop_risksched085to09_lr1e4_entropy005_s4_c1_rnetol_d256_depth3_p20_bs200,seed057,57,10,2000,200,16,123.36095254060456,131.65469702284383,122.80160136537846,False,max_epochs,94.97947573661804
rl4crn_rne_oscillator_trace_8rxn_stop_risksched085to09_lr1e4_entropy005_s4_c1_rnetol_d256_depth3_p20_bs200,seed057,57,11,2200,200,16,123.64230759263813,131.36810074847017,122.80160136537846,False,max_epochs,100.92823815345764
rl4crn_rne_oscillator_trace_8rxn_stop_risksched085to09_lr1e4_entropy005_s4_c1_rnetol_d256_depth3_p20_bs200,seed057,57,12,2400,200,16,124.18877974968899,132.93289090206008,122.80160136537846,False,max_epochs,106.45983934402466
rl4crn_rne_oscillator_trace_8rxn_stop_risksched085to09_lr1e4_entropy005_s4_c1_rnetol_d256_depth3_p20_bs200,seed057,57,13,2600,200,16,124.12231729148084,132.18601332085015,122.80160136537846,False,max_epochs,115.67574167251587
rl4crn_rne_oscillator_trace_8rxn_stop_risksched085to09_lr1e4_entropy005_s4_c1_rnetol_d256_depth3_p20_bs200,seed057,57,14,2800,200,16,122.97875321077419,131.2995843200041,122.80160136537846,False,max_epochs,125.06796789169312
rl4crn_rne_oscillator_trace_8rxn_stop_risksched085to09_lr1e4_entropy005_s4_c1_rnetol_d256_depth3_p20_bs200,seed057,57,15,3000,200,16,123.46122821553665,131.17917512558046,122.80160136537846,False,max_epochs,134.72612833976746
rl4crn_rne_oscillator_trace_8rxn_stop_risksched085to09_lr1e4_entropy005_s4_c1_rnetol_d256_depth3_p20_bs200,seed057,57,16,3200,200,16,123.34260382565289,131.85851711853482,122.80160136537846,False,max_epochs,143.81837797164917
rl4crn_rne_oscillator_trace_8rxn_stop_risksched085to09_lr1e4_entropy005_s4_c1_rnetol_d256_depth3_p20_bs200,seed057,57,17,3400,200,16,123.4999034318912,130.6144155508399,122.80160136537846,False,max_epochs,152.9885687828064
rl4crn_rne_oscillator_trace_8rxn_stop_risksched085to09_lr1e4_entropy005_s4_c1_rnetol_d256_depth3_p20_bs200,seed057,57,18,3600,200,16,123.89577273363206,130.21166721863813,122.80160136537846,False,max_epochs,162.2754466533661
rl4crn_rne_oscillator_trace_8rxn_stop_risksched085to09_lr1e4_entropy005_s4_c1_rnetol_d256_depth3_p20_bs200,seed057,57,19,3800,200,16,123.58592568304226,131.61698049993208,122.80160136537846,False,max_epochs,171.22348761558533
rl4crn_rne_oscillator_trace_8rxn_stop_risksched085to09_lr1e4_entropy005_s4_c1_rnetol_d256_depth3_p20_bs200,seed057,57,20,4000,200,16,123.1671093777033,131.98074157327716,122.80160136537846,False,max_epochs,180.2661008834839
rl4crn_rne_oscillator_trace_8rxn_stop_risksched085to09_lr1e4_entropy005_s4_c1_rnetol_d256_depth3_p20_bs200,seed057,57,21,4200,200,16,123.1472466288343,129.34886013408914,122.80160136537846,False,max_epochs,189.27846336364746
rl4crn_rne_oscillator_trace_8rxn_stop_risksched085to09_lr1e4_entropy005_s4_c1_rnetol_d256_depth3_p20_bs200,seed057,57,22,4400,200,16,123.02354129208184,128.4091617904274,122.80160136537846,False,max_epochs,197.87867331504822
rl4crn_rne_oscillator_trace_8rxn_stop_risksched085to09_lr1e4_entropy005_s4_c1_rnetol_d256_depth3_p20_bs200,seed057,57,23,4600,200,16,121.9918796599797,128.20392610472734,121.9918796599797,False,max_epochs,200.72348546981812
rl4crn_rne_oscillator_trace_8rxn_stop_risksched085to09_lr1e4_entropy005_s4_c1_rnetol_d256_depth3_p20_bs200,seed057,57,24,4800,200,16,122.16482714649702,127.02696628721793,121.9918796599797,False,max_epochs,209.77871203422546
rl4crn_rne_oscillator_trace_8rxn_stop_risksched085to09_lr1e4_entropy005_s4_c1_rnetol_d256_depth3_p20_bs200,seed057,57,25,5000,200,16,121.32475710913879,126.64893658237014,121.32475710913879,False,max_epochs,219.39743328094482
rl4crn_rne_oscillator_trace_8rxn_stop_risksched085to09_lr1e4_entropy005_s4_c1_rnetol_d256_depth3_p20_bs200,seed057,57,26,5200,200,16,121.97163591332922,127.16813728355663,121.32475710913879,False,max_epochs,228.98448967933655
rl4crn_rne_oscillator_trace_8rxn_stop_risksched085to09_lr1e4_entropy005_s4_c1_rnetol_d256_depth3_p20_bs200,seed057,57,27,5400,200,16,121.50808837664182,127.03341793130156,121.32475710913879,False,max_epochs,237.9013512134552
rl4crn_rne_oscillator_trace_8rxn_stop_risksched085to09_lr1e4_entropy005_s4_c1_rnetol_d256_depth3_p20_bs200,seed057,57,28,5600,200,16,121.87680348105886,126.7612469659419,121.32475710913879,False,max_epochs,247.44113445281982
rl4crn_rne_oscillator_trace_8rxn_stop_risksched085to09_lr1e4_entropy005_s4_c1_rnetol_d256_depth3_p20_bs200,seed057,57,29,5800,200,16,121.30973400894486,126.59455482214565,121.30973400894486,False,max_epochs,257.3155827522278
rl4crn_rne_oscillator_trace_8rxn_stop_risksched085to09_lr1e4_entropy005_s4_c1_rnetol_d256_depth3_p20_bs200,seed057,57,30,6000,200,16,121.67062803542109,126.79303383128376,121.30973400894486,False,max_epochs,266.5541453361511
rl4crn_rne_oscillator_trace_8rxn_stop_risksched085to09_lr1e4_entropy005_s4_c1_rnetol_d256_depth3_p20_bs200,seed057,57,31,6200,200,16,121.42727788922114,126.30413881011776,121.30973400894486,False,max_epochs,276.2126634120941
rl4crn_rne_oscillator_trace_8rxn_stop_risksched085to09_lr1e4_entropy005_s4_c1_rnetol_d256_depth3_p20_bs200,seed057,57,32,6400,200,16,120.76504693966666,126.12831083153759,120.76504693966666,False,max_epochs,285.6962847709656
rl4crn_rne_oscillator_trace_8rxn_stop_risksched085to09_lr1e4_entropy005_s4_c1_rnetol_d256_depth3_p20_bs200,seed057,57,33,6600,200,16,121.06142877130112,125.96557101668157,120.76504693966666,False,max_epochs,295.1804747581482
rl4crn_rne_oscillator_trace_8rxn_stop_risksched085to09_lr1e4_entropy005_s4_c1_rnetol_d256_depth3_p20_bs200,seed057,57,34,6800,200,16,120.8095912997161,125.53390880336866,120.76504693966666,False,max_epochs,304.4208016395569
rl4crn_rne_oscillator_trace_8rxn_stop_risksched085to09_lr1e4_entropy005_s4_c1_rnetol_d256_depth3_p20_bs200,seed057,57,35,7000,200,16,121.03578192388227,125.84907934937772,120.76504693966666,False,max_epochs,313.95075249671936
rl4crn_rne_oscillator_trace_8rxn_stop_risksched085to09_lr1e4_entropy005_s4_c1_rnetol_d256_depth3_p20_bs200,seed057,57,36,7200,200,16,120.93678272434894,124.90728343575157,120.76504693966666,False,max_epochs,323.60434222221375
rl4crn_rne_oscillator_trace_8rxn_stop_risksched085to09_lr1e4_entropy005_s4_c1_rnetol_d256_depth3_p20_bs200,seed057,57,37,7400,200,16,121.00399960839448,124.18723933977054,120.76504693966666,False,max_epochs,332.65606570243835
rl4crn_rne_oscillator_trace_8rxn_stop_risksched085to09_lr1e4_entropy005_s4_c1_rnetol_d256_depth3_p20_bs200,seed057,57,38,7600,200,16,120.9440618030687,124.63286291335012,120.76504693966666,False,max_epochs,342.30055713653564
rl4crn_rne_oscillator_trace_8rxn_stop_risksched085to09_lr1e4_entropy005_s4_c1_rnetol_d256_depth3_p20_bs200,seed057,57,39,7800,200,16,120.57323943648902,124.23530465435643,120.57323943648902,False,max_epochs,351.96760988235474
rl4crn_rne_oscillator_trace_8rxn_stop_risksched085to09_lr1e4_entropy005_s4_c1_rnetol_d256_depth3_p20_bs200,seed057,57,40,8000,200,16,120.7111261520002,123.4499894181468,120.57323943648902,False,max_epochs,361.4418525695801
rl4crn_rne_oscillator_trace_8rxn_stop_risksched085to09_lr1e4_entropy005_s4_c1_rnetol_d256_depth3_p20_bs200,seed057,57,41,8200,200,16,120.56772278651388,125.07114194018644,120.56772278651388,False,max_epochs,370.76136231422424
rl4crn_rne_oscillator_trace_8rxn_stop_risksched085to09_lr1e4_entropy005_s4_c1_rnetol_d256_depth3_p20_bs200,seed057,57,42,8400,200,16,120.58879046126536,125.396883834602,120.56772278651388,False,max_epochs,380.4848482608795
rl4crn_rne_oscillator_trace_8rxn_stop_risksched085to09_lr1e4_entropy005_s4_c1_rnetol_d256_depth3_p20_bs200,seed057,57,43,8600,200,16,120.39823893670923,127.07431467188715,120.39823893670923,False,max_epochs,389.74853324890137
rl4crn_rne_oscillator_trace_8rxn_stop_risksched085to09_lr1e4_entropy005_s4_c1_rnetol_d256_depth3_p20_bs200,seed057,57,44,8800,200,16,120.3101645161213,126.28533579121412,120.3101645161213,False,max_epochs,398.9866774082184
rl4crn_rne_oscillator_trace_8rxn_stop_risksched085to09_lr1e4_entropy005_s4_c1_rnetol_d256_depth3_p20_bs200,seed057,57,45,9000,200,16,120.63811500411302,125.70353084999903,120.3101645161213,False,max_epochs,408.30321431159973
rl4crn_rne_oscillator_trace_8rxn_stop_risksched085to09_lr1e4_entropy005_s4_c1_rnetol_d256_depth3_p20_bs200,seed057,57,46,9200,200,16,120.3870416819531,124.8512226876558,120.3101645161213,False,max_epochs,417.89778113365173
rl4crn_rne_oscillator_trace_8rxn_stop_risksched085to09_lr1e4_entropy005_s4_c1_rnetol_d256_depth3_p20_bs200,seed057,57,47,9400,200,16,120.50428896006768,125.08373503970118,120.3101645161213,False,max_epochs,427.04275608062744
rl4crn_rne_oscillator_trace_8rxn_stop_risksched085to09_lr1e4_entropy005_s4_c1_rnetol_d256_depth3_p20_bs200,seed057,57,48,9600,200,16,120.4607411792746,126.15113043381922,120.3101645161213,False,max_epochs,436.1414406299591
rl4crn_rne_oscillator_trace_8rxn_stop_risksched085to09_lr1e4_entropy005_s4_c1_rnetol_d256_depth3_p20_bs200,seed057,57,49,9800,200,16,120.27918718411388,124.12209302008131,120.27918718411388,False,max_epochs,445.90044927597046
rl4crn_rne_oscillator_trace_8rxn_stop_risksched085to09_lr1e4_entropy005_s4_c1_rnetol_d256_depth3_p20_bs200,seed057,57,50,10000,200,16,120.46433147945251,124.84157999625428,120.27918718411388,False,max_epochs,454.62275409698486
rl4crn_rne_oscillator_trace_8rxn_stop_risksched085to09_lr1e4_entropy005_s4_c1_rnetol_d256_depth3_p20_bs200,seed057,57,51,10200,200,16,120.35486937332759,123.74020372359884,120.27918718411388,False,max_epochs,463.96771788597107
rl4crn_rne_oscillator_trace_8rxn_stop_risksched085to09_lr1e4_entropy005_s4_c1_rnetol_d256_depth3_p20_bs200,seed057,57,52,10400,200,16,120.18144678484815,122.61070265778059,120.18144678484815,False,max_epochs,473.5404453277588
rl4crn_rne_oscillator_trace_8rxn_stop_risksched085to09_lr1e4_entropy005_s4_c1_rnetol_d256_depth3_p20_bs200,seed057,57,53,10600,200,16,120.40617352703633,123.59765823258013,120.18144678484815,False,max_epochs,483.2640573978424
rl4crn_rne_oscillator_trace_8rxn_stop_risksched085to09_lr1e4_entropy005_s4_c1_rnetol_d256_depth3_p20_bs200,seed057,57,54,10800,200,16,119.90826483957389,124.40072766450692,119.90826483957389,False,max_epochs,492.1939022541046
rl4crn_rne_oscillator_trace_8rxn_stop_risksched085to09_lr1e4_entropy005_s4_c1_rnetol_d256_depth3_p20_bs200,seed057,57,55,11000,200,16,119.906868181206,125.36283107137277,119.906868181206,False,max_epochs,502.04703283309937
rl4crn_rne_oscillator_trace_8rxn_stop_risksched085to09_lr1e4_entropy005_s4_c1_rnetol_d256_depth3_p20_bs200,seed057,57,56,11200,200,16,119.97520784832145,125.70960574987444,119.906868181206,False,max_epochs,511.1618595123291
rl4crn_rne_oscillator_trace_8rxn_stop_risksched085to09_lr1e4_entropy005_s4_c1_rnetol_d256_depth3_p20_bs200,seed057,57,57,11400,200,16,120.00260482610346,125.19812874001556,119.906868181206,False,max_epochs,519.6600012779236
rl4crn_rne_oscillator_trace_8rxn_stop_risksched085to09_lr1e4_entropy005_s4_c1_rnetol_d256_depth3_p20_bs200,seed057,57,58,11600,200,16,120.09188746926048,124.74884615635135,119.906868181206,False,max_epochs,529.0950331687927
rl4crn_rne_oscillator_trace_8rxn_stop_risksched085to09_lr1e4_entropy005_s4_c1_rnetol_d256_depth3_p20_bs200,seed057,57,59,11800,200,16,119.96332738497881,123.71376977067965,119.906868181206,False,max_epochs,538.1971757411957
rl4crn_rne_oscillator_trace_8rxn_stop_risksched085to09_lr1e4_entropy005_s4_c1_rnetol_d256_depth3_p20_bs200,seed057,57,60,12000,200,16,119.98953826001717,124.02812233702477,119.906868181206,False,max_epochs,547.4410059452057
rl4crn_rne_oscillator_trace_8rxn_stop_risksched085to09_lr1e4_entropy005_s4_c1_rnetol_d256_depth3_p20_bs200,seed057,57,61,12200,200,16,119.9749131390015,122.55771675118802,119.906868181206,False,max_epochs,550.517541885376
rl4crn_rne_oscillator_trace_8rxn_stop_risksched085to09_lr1e4_entropy005_s4_c1_rnetol_d256_depth3_p20_bs200,seed057,57,62,12400,200,16,120.03347352426178,121.91158791527842,119.906868181206,False,max_epochs,558.8156886100769
rl4crn_rne_oscillator_trace_8rxn_stop_risksched085to09_lr1e4_entropy005_s4_c1_rnetol_d256_depth3_p20_bs200,seed057,57,63,12600,200,16,119.80588838580708,122.24173267248736,119.80588838580708,False,max_epochs,568.3910655975342
rl4crn_rne_oscillator_trace_8rxn_stop_risksched085to09_lr1e4_entropy005_s4_c1_rnetol_d256_depth3_p20_bs200,seed057,57,64,12800,200,16,119.84030395484767,123.2878651742023,119.80588838580708,False,max_epochs,577.6654543876648
rl4crn_rne_oscillator_trace_8rxn_stop_risksched085to09_lr1e4_entropy005_s4_c1_rnetol_d256_depth3_p20_bs200,seed057,57,65,13000,200,16,119.88015859353345,122.73899460805063,119.80588838580708,False,max_epochs,586.617124080658
rl4crn_rne_oscillator_trace_8rxn_stop_risksched085to09_lr1e4_entropy005_s4_c1_rnetol_d256_depth3_p20_bs200,seed057,57,66,13200,200,16,119.80652687250351,123.66457234055642,119.80588838580708,False,max_epochs,596.0671973228455
rl4crn_rne_oscillator_trace_8rxn_stop_risksched085to09_lr1e4_entropy005_s4_c1_rnetol_d256_depth3_p20_bs200,seed057,57,67,13400,200,16,119.82797113604641,122.46633921390313,119.80588838580708,False,max_epochs,604.9964189529419
rl4crn_rne_oscillator_trace_8rxn_stop_risksched085to09_lr1e4_entropy005_s4_c1_rnetol_d256_depth3_p20_bs200,seed057,57,68,13600,200,16,119.57325135399343,122.122614630253,119.57325135399343,False,max_epochs,613.7355856895447
rl4crn_rne_oscillator_trace_8rxn_stop_risksched085to09_lr1e4_entropy005_s4_c1_rnetol_d256_depth3_p20_bs200,seed057,57,69,13800,200,16,119.57508895892701,121.79370044481678,119.57325135399343,False,max_epochs,623.4431374073029
rl4crn_rne_oscillator_trace_8rxn_stop_risksched085to09_lr1e4_entropy005_s4_c1_rnetol_d256_depth3_p20_bs200,seed057,57,70,14000,200,16,119.79983749579036,121.59043116236492,119.57325135399343,False,max_epochs,632.3292129039764
rl4crn_rne_oscillator_trace_8rxn_stop_risksched085to09_lr1e4_entropy005_s4_c1_rnetol_d256_depth3_p20_bs200,seed057,57,71,14200,200,16,119.80597852163031,121.61010692060637,119.57325135399343,False,max_epochs,641.1730058193207
rl4crn_rne_oscillator_trace_8rxn_stop_risksched085to09_lr1e4_entropy005_s4_c1_rnetol_d256_depth3_p20_bs200,seed057,57,72,14400,200,16,119.60927637315127,122.15685943501828,119.57325135399343,False,max_epochs,650.062262058258
rl4crn_rne_oscillator_trace_8rxn_stop_risksched085to09_lr1e4_entropy005_s4_c1_rnetol_d256_depth3_p20_bs200,seed057,57,73,14600,200,16,119.52067090957541,121.77512941127226,119.52067090957541,False,max_epochs,656.7667834758759
rl4crn_rne_oscillator_trace_8rxn_stop_risksched085to09_lr1e4_entropy005_s4_c1_rnetol_d256_depth3_p20_bs200,seed057,57,74,14800,200,16,119.43712599832271,121.8625979486244,119.43712599832271,False,max_epochs,662.3590433597565
rl4crn_rne_oscillator_trace_8rxn_stop_risksched085to09_lr1e4_entropy005_s4_c1_rnetol_d256_depth3_p20_bs200,seed057,57,75,15000,200,16,119.04625495806376,124.68519653590103,119.04625495806376,False,max_epochs,671.2666990756989
rl4crn_rne_oscillator_trace_8rxn_stop_risksched085to09_lr1e4_entropy005_s4_c1_rnetol_d256_depth3_p20_bs200,seed057,57,76,15200,200,16,119.29754999444887,125.59625279842022,119.04625495806376,False,max_epochs,680.1340262889862
rl4crn_rne_oscillator_trace_8rxn_stop_risksched085to09_lr1e4_entropy005_s4_c1_rnetol_d256_depth3_p20_bs200,seed057,57,77,15400,200,16,118.73998652422738,124.07469211276577,118.73998652422738,False,max_epochs,690.0124244689941
rl4crn_rne_oscillator_trace_8rxn_stop_risksched085to09_lr1e4_entropy005_s4_c1_rnetol_d256_depth3_p20_bs200,seed057,57,78,15600,200,16,119.28335668153247,126.72719405633244,118.73998652422738,False,max_epochs,699.7952706813812
rl4crn_rne_oscillator_trace_8rxn_stop_risksched085to09_lr1e4_entropy005_s4_c1_rnetol_d256_depth3_p20_bs200,seed057,57,79,15800,200,16,119.50619100613595,125.84305562168818,118.73998652422738,False,max_epochs,708.4825954437256
rl4crn_rne_oscillator_trace_8rxn_stop_risksched085to09_lr1e4_entropy005_s4_c1_rnetol_d256_depth3_p20_bs200,seed057,57,80,16000,200,16,119.2220326069984,124.32792763068409,118.73998652422738,False,max_epochs,718.123703956604
rl4crn_rne_oscillator_trace_8rxn_stop_risksched085to09_lr1e4_entropy005_s4_c1_rnetol_d256_depth3_p20_bs200,seed057,57,81,16200,200,16,119.37712906644613,125.03428856623353,118.73998652422738,False,max_epochs,727.8675208091736
rl4crn_rne_oscillator_trace_8rxn_stop_risksched085to09_lr1e4_entropy005_s4_c1_rnetol_d256_depth3_p20_bs200,seed057,57,82,16400,200,16,119.17768178309105,122.23159937351613,118.73998652422738,False,max_epochs,736.9674096107483
rl4crn_rne_oscillator_trace_8rxn_stop_risksched085to09_lr1e4_entropy005_s4_c1_rnetol_d256_depth3_p20_bs200,seed057,57,83,16600,200,16,119.31636235810946,124.26065889192513,118.73998652422738,False,max_epochs,746.9195291996002
rl4crn_rne_oscillator_trace_8rxn_stop_risksched085to09_lr1e4_entropy005_s4_c1_rnetol_d256_depth3_p20_bs200,seed057,57,84,16800,200,16,118.79386062194945,123.14898122257446,118.73998652422738,False,max_epochs,756.5837962627411
rl4crn_rne_oscillator_trace_8rxn_stop_risksched085to09_lr1e4_entropy005_s4_c1_rnetol_d256_depth3_p20_bs200,seed057,57,85,17000,200,16,118.8290703249099,123.42417372472394,118.73998652422738,False,max_epochs,765.6912038326263
rl4crn_rne_oscillator_trace_8rxn_stop_risksched085to09_lr1e4_entropy005_s4_c1_rnetol_d256_depth3_p20_bs200,seed057,57,86,17200,200,16,118.83881972940097,123.78659566292419,118.73998652422738,False,max_epochs,775.2246279716492
rl4crn_rne_oscillator_trace_8rxn_stop_risksched085to09_lr1e4_entropy005_s4_c1_rnetol_d256_depth3_p20_bs200,seed057,57,87,17400,200,16,118.57331349201924,122.09866197898889,118.57331349201924,False,max_epochs,785.0807642936707
rl4crn_rne_oscillator_trace_8rxn_stop_risksched085to09_lr1e4_entropy005_s4_c1_rnetol_d256_depth3_p20_bs200,seed057,57,88,17600,200,16,117.56608982239487,122.98498431917199,117.56608982239487,False,max_epochs,794.6281836032867
rl4crn_rne_oscillator_trace_8rxn_stop_risksched085to09_lr1e4_entropy005_s4_c1_rnetol_d256_depth3_p20_bs200,seed057,57,89,17800,200,16,117.94023708091774,121.72608656523363,117.56608982239487,False,max_epochs,803.3123426437378
rl4crn_rne_oscillator_trace_8rxn_stop_risksched085to09_lr1e4_entropy005_s4_c1_rnetol_d256_depth3_p20_bs200,seed057,57,90,18000,200,16,117.44297655755437,121.48767919216218,117.44297655755437,False,max_epochs,813.2604932785034
rl4crn_rne_oscillator_trace_8rxn_stop_risksched085to09_lr1e4_entropy005_s4_c1_rnetol_d256_depth3_p20_bs200,seed057,57,91,18200,200,16,117.4593413154247,121.37125688743825,117.44297655755437,False,max_epochs,822.7644896507263
rl4crn_rne_oscillator_trace_8rxn_stop_risksched085to09_lr1e4_entropy005_s4_c1_rnetol_d256_depth3_p20_bs200,seed057,57,92,18400,200,16,117.25347452551665,121.09963980454721,117.25347452551665,False,max_epochs,832.0963354110718
rl4crn_rne_oscillator_trace_8rxn_stop_risksched085to09_lr1e4_entropy005_s4_c1_rnetol_d256_depth3_p20_bs200,seed057,57,93,18600,200,16,116.27368187836149,121.00254497961531,116.27368187836149,False,max_epochs,841.9274921417236
rl4crn_rne_oscillator_trace_8rxn_stop_risksched085to09_lr1e4_entropy005_s4_c1_rnetol_d256_depth3_p20_bs200,seed057,57,94,18800,200,16,115.72920121764143,121.28672427586913,115.72920121764143,False,max_epochs,851.6861546039581
rl4crn_rne_oscillator_trace_8rxn_stop_risksched085to09_lr1e4_entropy005_s4_c1_rnetol_d256_depth3_p20_bs200,seed057,57,95,19000,200,16,117.20812143816525,120.87787639637487,115.72920121764143,False,max_epochs,861.0026051998138
rl4crn_rne_oscillator_trace_8rxn_stop_risksched085to09_lr1e4_entropy005_s4_c1_rnetol_d256_depth3_p20_bs200,seed057,57,96,19200,200,16,114.56655614003112,120.91478060224355,114.56655614003112,False,max_epochs,870.1621935367584
rl4crn_rne_oscillator_trace_8rxn_stop_risksched085to09_lr1e4_entropy005_s4_c1_rnetol_d256_depth3_p20_bs200,seed057,57,97,19400,200,16,116.74240938569785,120.85498168396774,114.56655614003112,False,max_epochs,879.3914985656738
rl4crn_rne_oscillator_trace_8rxn_stop_risksched085to09_lr1e4_entropy005_s4_c1_rnetol_d256_depth3_p20_bs200,seed057,57,98,19600,200,16,115.54715802088099,121.08938809997476,114.56655614003112,False,max_epochs,889.2703864574432
rl4crn_rne_oscillator_trace_8rxn_stop_risksched085to09_lr1e4_entropy005_s4_c1_rnetol_d256_depth3_p20_bs200,seed057,57,99,19800,200,16,116.49525719288248,120.65820314238249,114.56655614003112,False,max_epochs,897.9432168006897
rl4crn_rne_oscillator_trace_8rxn_stop_risksched085to09_lr1e4_entropy005_s4_c1_rnetol_d256_depth3_p20_bs200,seed057,57,100,20000,200,16,114.64258374057073,120.5652815110972,114.56655614003112,False,max_epochs,907.9129412174225
rl4crn_rne_oscillator_trace_8rxn_stop_risksched085to09_lr1e4_entropy005_s4_c1_rnetol_d256_depth3_p20_bs200,seed057,57,101,20200,200,16,114.55491812769063,120.74207098877677,114.55491812769063,False,max_epochs,917.6153156757355
rl4crn_rne_oscillator_trace_8rxn_stop_risksched085to09_lr1e4_entropy005_s4_c1_rnetol_d256_depth3_p20_bs200,seed057,57,102,20400,200,16,113.33793187989707,120.49366486096703,113.33793187989707,False,max_epochs,926.8397574424744
rl4crn_rne_oscillator_trace_8rxn_stop_risksched085to09_lr1e4_entropy005_s4_c1_rnetol_d256_depth3_p20_bs200,seed057,57,103,20600,200,16,113.24393238497517,120.78712330260575,113.24393238497517,False,max_epochs,936.4609897136688
rl4crn_rne_oscillator_trace_8rxn_stop_risksched085to09_lr1e4_entropy005_s4_c1_rnetol_d256_depth3_p20_bs200,seed057,57,104,20800,200,16,114.64179044058396,123.3334596871137,113.24393238497517,False,max_epochs,946.1485249996185
rl4crn_rne_oscillator_trace_8rxn_stop_risksched085to09_lr1e4_entropy005_s4_c1_rnetol_d256_depth3_p20_bs200,seed057,57,105,21000,200,16,113.0608679405874,130.6489656746713,113.0608679405874,False,max_epochs,955.3046236038208
rl4crn_rne_oscillator_trace_8rxn_stop_risksched085to09_lr1e4_entropy005_s4_c1_rnetol_d256_depth3_p20_bs200,seed057,57,106,21200,200,16,112.57075311322542,129.49646232738894,112.57075311322542,False,max_epochs,965.0311479568481
rl4crn_rne_oscillator_trace_8rxn_stop_risksched085to09_lr1e4_entropy005_s4_c1_rnetol_d256_depth3_p20_bs200,seed057,57,107,21400,200,16,112.27237044385426,130.23012392800246,112.27237044385426,False,max_epochs,974.5063016414642
rl4crn_rne_oscillator_trace_8rxn_stop_risksched085to09_lr1e4_entropy005_s4_c1_rnetol_d256_depth3_p20_bs200,seed057,57,108,21600,200,16,112.8897967980404,126.17076862731194,112.27237044385426,False,max_epochs,984.0882830619812
rl4crn_rne_oscillator_trace_8rxn_stop_risksched085to09_lr1e4_entropy005_s4_c1_rnetol_d256_depth3_p20_bs200,seed057,57,109,21800,200,16,112.94816578242929,124.29065588091237,112.27237044385426,False,max_epochs,993.2365696430206
rl4crn_rne_oscillator_trace_8rxn_stop_risksched085to09_lr1e4_entropy005_s4_c1_rnetol_d256_depth3_p20_bs200,seed057,57,110,22000,200,16,112.01795569709797,121.7605273192977,112.01795569709797,False,max_epochs,1002.80149102211
rl4crn_rne_oscillator_trace_8rxn_stop_risksched085to09_lr1e4_entropy005_s4_c1_rnetol_d256_depth3_p20_bs200,seed057,57,111,22200,200,16,112.41968257466176,129.94194781081166,112.01795569709797,False,max_epochs,1012.5759196281433
rl4crn_rne_oscillator_trace_8rxn_stop_risksched085to09_lr1e4_entropy005_s4_c1_rnetol_d256_depth3_p20_bs200,seed057,57,112,22400,200,16,112.73176368239145,126.12997409767256,112.01795569709797,False,max_epochs,1022.0531470775604
rl4crn_rne_oscillator_trace_8rxn_stop_risksched085to09_lr1e4_entropy005_s4_c1_rnetol_d256_depth3_p20_bs200,seed057,57,113,22600,200,16,112.50912915199645,125.70294817146129,112.01795569709797,False,max_epochs,1031.6820504665375
rl4crn_rne_oscillator_trace_8rxn_stop_risksched085to09_lr1e4_entropy005_s4_c1_rnetol_d256_depth3_p20_bs200,seed057,57,114,22800,200,16,112.23242916618001,126.16940966361207,112.01795569709797,False,max_epochs,1041.112137079239
rl4crn_rne_oscillator_trace_8rxn_stop_risksched085to09_lr1e4_entropy005_s4_c1_rnetol_d256_depth3_p20_bs200,seed057,57,115,23000,200,16,112.26685304409165,120.8279495747176,112.01795569709797,False,max_epochs,1050.7019772529602
rl4crn_rne_oscillator_trace_8rxn_stop_risksched085to09_lr1e4_entropy005_s4_c1_rnetol_d256_depth3_p20_bs200,seed057,57,116,23200,200,16,112.98488617725751,123.34889591332553,112.01795569709797,False,max_epochs,1059.6880996227264
rl4crn_rne_oscillator_trace_8rxn_stop_risksched085to09_lr1e4_entropy005_s4_c1_rnetol_d256_depth3_p20_bs200,seed057,57,117,23400,200,16,111.69391972817877,119.99643299654157,111.69391972817877,False,max_epochs,1069.105304479599
rl4crn_rne_oscillator_trace_8rxn_stop_risksched085to09_lr1e4_entropy005_s4_c1_rnetol_d256_depth3_p20_bs200,seed057,57,118,23600,200,16,111.97631490306904,123.23650355711712,111.69391972817877,False,max_epochs,1078.7302858829498
rl4crn_rne_oscillator_trace_8rxn_stop_risksched085to09_lr1e4_entropy005_s4_c1_rnetol_d256_depth3_p20_bs200,seed057,57,119,23800,200,16,112.41815815679738,123.07396733635238,111.69391972817877,False,max_epochs,1087.2864480018616
rl4crn_rne_oscillator_trace_8rxn_stop_risksched085to09_lr1e4_entropy005_s4_c1_rnetol_d256_depth3_p20_bs200,seed057,57,120,24000,200,16,112.53183675013054,124.28973621211773,111.69391972817877,False,max_epochs,1097.0445761680603
rl4crn_rne_oscillator_trace_8rxn_stop_risksched085to09_lr1e4_entropy005_s4_c1_rnetol_d256_depth3_p20_bs200,seed057,57,121,24200,200,16,112.29619898172814,123.78279265170139,111.69391972817877,False,max_epochs,1106.1632137298584
rl4crn_rne_oscillator_trace_8rxn_stop_risksched085to09_lr1e4_entropy005_s4_c1_rnetol_d256_depth3_p20_bs200,seed057,57,122,24400,200,16,111.82747558517974,121.0582580661499,111.69391972817877,False,max_epochs,1115.153878211975
rl4crn_rne_oscillator_trace_8rxn_stop_risksched085to09_lr1e4_entropy005_s4_c1_rnetol_d256_depth3_p20_bs200,seed057,57,123,24600,200,16,111.67699640262668,121.63293074507243,111.67699640262668,False,max_epochs,1123.3463072776794
rl4crn_rne_oscillator_trace_8rxn_stop_risksched085to09_lr1e4_entropy005_s4_c1_rnetol_d256_depth3_p20_bs200,seed057,57,124,24800,200,16,112.73667054925318,120.85004536444998,111.67699640262668,False,max_epochs,1126.811130285263
rl4crn_rne_oscillator_trace_8rxn_stop_risksched085to09_lr1e4_entropy005_s4_c1_rnetol_d256_depth3_p20_bs200,seed057,57,125,25000,200,16,112.08981911865297,123.62167093174762,111.67699640262668,False,max_epochs,1135.6909356117249
rl4crn_rne_oscillator_trace_8rxn_stop_risksched085to09_lr1e4_entropy005_s4_c1_rnetol_d256_depth3_p20_bs200,seed057,57,126,25200,200,16,112.09260551714154,120.78390086343818,111.67699640262668,False,max_epochs,1144.8269209861755
rl4crn_rne_oscillator_trace_8rxn_stop_risksched085to09_lr1e4_entropy005_s4_c1_rnetol_d256_depth3_p20_bs200,seed057,57,127,25400,200,16,111.80710292288113,120.05866907486592,111.67699640262668,False,max_epochs,1154.3674268722534
rl4crn_rne_oscillator_trace_8rxn_stop_risksched085to09_lr1e4_entropy005_s4_c1_rnetol_d256_depth3_p20_bs200,seed057,57,128,25600,200,16,112.3023247303353,119.65753953577706,111.67699640262668,False,max_epochs,1163.3466334342957
rl4crn_rne_oscillator_trace_8rxn_stop_risksched085to09_lr1e4_entropy005_s4_c1_rnetol_d256_depth3_p20_bs200,seed057,57,129,25800,200,16,112.45613313315138,118.88966998382116,111.67699640262668,False,max_epochs,1172.6320934295654
rl4crn_rne_oscillator_trace_8rxn_stop_risksched085to09_lr1e4_entropy005_s4_c1_rnetol_d256_depth3_p20_bs200,seed057,57,130,26000,200,16,112.06848380385806,119.24099695246719,111.67699640262668,False,max_epochs,1178.3197643756866
rl4crn_rne_oscillator_trace_8rxn_stop_risksched085to09_lr1e4_entropy005_s4_c1_rnetol_d256_depth3_p20_bs200,seed057,57,131,26200,200,16,111.60234713147665,120.1119200607777,111.60234713147665,False,max_epochs,1183.686020374298
rl4crn_rne_oscillator_trace_8rxn_stop_risksched085to09_lr1e4_entropy005_s4_c1_rnetol_d256_depth3_p20_bs200,seed057,57,132,26400,200,16,111.67347185457804,122.06698868129362,111.60234713147665,False,max_epochs,1193.0472629070282
rl4crn_rne_oscillator_trace_8rxn_stop_risksched085to09_lr1e4_entropy005_s4_c1_rnetol_d256_depth3_p20_bs200,seed057,57,133,26600,200,16,111.50799280323413,121.23781857893532,111.50799280323413,False,max_epochs,1202.3449301719666
rl4crn_rne_oscillator_trace_8rxn_stop_risksched085to09_lr1e4_entropy005_s4_c1_rnetol_d256_depth3_p20_bs200,seed057,57,134,26800,200,16,112.02730458652978,122.04447499927707,111.50799280323413,False,max_epochs,1211.4060430526733
rl4crn_rne_oscillator_trace_8rxn_stop_risksched085to09_lr1e4_entropy005_s4_c1_rnetol_d256_depth3_p20_bs200,seed057,57,135,27000,200,16,111.32383527096063,118.77170307452826,111.32383527096063,False,max_epochs,1220.9168133735657
rl4crn_rne_oscillator_trace_8rxn_stop_risksched085to09_lr1e4_entropy005_s4_c1_rnetol_d256_depth3_p20_bs200,seed057,57,136,27200,200,16,111.29030550342162,118.72572333440644,111.29030550342162,False,max_epochs,1230.8721272945404
rl4crn_rne_oscillator_trace_8rxn_stop_risksched085to09_lr1e4_entropy005_s4_c1_rnetol_d256_depth3_p20_bs200,seed057,57,137,27400,200,16,111.231879759064,117.88314572440154,111.231879759064,False,max_epochs,1240.4230997562408
rl4crn_rne_oscillator_trace_8rxn_stop_risksched085to09_lr1e4_entropy005_s4_c1_rnetol_d256_depth3_p20_bs200,seed057,57,138,27600,200,16,111.97406277158437,116.90233863367698,111.231879759064,False,max_epochs,1249.932058095932
rl4crn_rne_oscillator_trace_8rxn_stop_risksched085to09_lr1e4_entropy005_s4_c1_rnetol_d256_depth3_p20_bs200,seed057,57,139,27800,200,16,111.28880668092692,117.16642431690147,111.231879759064,False,max_epochs,1259.5308196544647
rl4crn_rne_oscillator_trace_8rxn_stop_risksched085to09_lr1e4_entropy005_s4_c1_rnetol_d256_depth3_p20_bs200,seed057,57,140,28000,200,16,111.24784046502344,117.2832213406494,111.231879759064,False,max_epochs,1268.8868193626404
rl4crn_rne_oscillator_trace_8rxn_stop_risksched085to09_lr1e4_entropy005_s4_c1_rnetol_d256_depth3_p20_bs200,seed057,57,141,28200,200,16,111.20744598018443,117.9489189801046,111.20744598018443,False,max_epochs,1277.8206803798676
rl4crn_rne_oscillator_trace_8rxn_stop_risksched085to09_lr1e4_entropy005_s4_c1_rnetol_d256_depth3_p20_bs200,seed057,57,142,28400,200,16,111.10679308747478,116.72122554105522,111.10679308747478,False,max_epochs,1287.1032667160034
rl4crn_rne_oscillator_trace_8rxn_stop_risksched085to09_lr1e4_entropy005_s4_c1_rnetol_d256_depth3_p20_bs200,seed057,57,143,28600,200,16,111.33584227546967,117.61323728722466,111.10679308747478,False,max_epochs,1296.3885912895203
rl4crn_rne_oscillator_trace_8rxn_stop_risksched085to09_lr1e4_entropy005_s4_c1_rnetol_d256_depth3_p20_bs200,seed057,57,144,28800,200,16,111.38024138328188,117.78930977479914,111.10679308747478,False,max_epochs,1304.949224948883
rl4crn_rne_oscillator_trace_8rxn_stop_risksched085to09_lr1e4_entropy005_s4_c1_rnetol_d256_depth3_p20_bs200,seed057,57,145,29000,200,16,111.33171854265112,116.51516702403254,111.10679308747478,False,max_epochs,1314.1060700416565
rl4crn_rne_oscillator_trace_8rxn_stop_risksched085to09_lr1e4_entropy005_s4_c1_rnetol_d256_depth3_p20_bs200,seed057,57,146,29200,200,16,111.12274435844013,116.67002001665999,111.10679308747478,False,max_epochs,1320.6552226543427
rl4crn_rne_oscillator_trace_8rxn_stop_risksched085to09_lr1e4_entropy005_s4_c1_rnetol_d256_depth3_p20_bs200,seed057,57,147,29400,200,16,111.24222915875887,116.80066397425644,111.10679308747478,False,max_epochs,1326.0771260261536
rl4crn_rne_oscillator_trace_8rxn_stop_risksched085to09_lr1e4_entropy005_s4_c1_rnetol_d256_depth3_p20_bs200,seed057,57,148,29600,200,16,111.33315472403906,121.38532383050945,111.10679308747478,False,max_epochs,1335.2168440818787
rl4crn_rne_oscillator_trace_8rxn_stop_risksched085to09_lr1e4_entropy005_s4_c1_rnetol_d256_depth3_p20_bs200,seed057,57,149,29800,200,16,111.3153062003796,118.06217503421269,111.10679308747478,False,max_epochs,1344.9612214565277
rl4crn_rne_oscillator_trace_8rxn_stop_risksched085to09_lr1e4_entropy005_s4_c1_rnetol_d256_depth3_p20_bs200,seed057,57,150,30000,200,16,111.1977591297424,117.25298158025848,111.10679308747478,False,max_epochs,1354.661791563034
rl4crn_rne_oscillator_trace_8rxn_stop_risksched085to09_lr1e4_entropy005_s4_c1_rnetol_d256_depth3_p20_bs200,seed057,57,151,30200,200,16,111.56862781158469,116.93062856510595,111.10679308747478,False,max_epochs,1364.3140897750854
rl4crn_rne_oscillator_trace_8rxn_stop_risksched085to09_lr1e4_entropy005_s4_c1_rnetol_d256_depth3_p20_bs200,seed057,57,152,30400,200,16,111.74287846148526,116.47112253223453,111.10679308747478,False,max_epochs,1373.1724648475647
rl4crn_rne_oscillator_trace_8rxn_stop_risksched085to09_lr1e4_entropy005_s4_c1_rnetol_d256_depth3_p20_bs200,seed057,57,153,30600,200,16,111.15353101624306,117.0762944092697,111.10679308747478,False,max_epochs,1382.4121832847595
rl4crn_rne_oscillator_trace_8rxn_stop_risksched085to09_lr1e4_entropy005_s4_c1_rnetol_d256_depth3_p20_bs200,seed057,57,154,30800,200,16,111.26452831075264,116.08150706815994,111.10679308747478,False,max_epochs,1391.2293212413788
rl4crn_rne_oscillator_trace_8rxn_stop_risksched085to09_lr1e4_entropy005_s4_c1_rnetol_d256_depth3_p20_bs200,seed057,57,155,31000,200,16,111.30060224361944,116.83886805865036,111.10679308747478,False,max_epochs,1399.7205185890198
rl4crn_rne_oscillator_trace_8rxn_stop_risksched085to09_lr1e4_entropy005_s4_c1_rnetol_d256_depth3_p20_bs200,seed057,57,156,31200,200,16,111.43695060845545,116.29744857275273,111.10679308747478,False,max_epochs,1408.5754008293152
rl4crn_rne_oscillator_trace_8rxn_stop_risksched085to09_lr1e4_entropy005_s4_c1_rnetol_d256_depth3_p20_bs200,seed057,57,157,31400,200,16,111.23363727355525,117.23364639101462,111.10679308747478,False,max_epochs,1411.9053704738617
rl4crn_rne_oscillator_trace_8rxn_stop_risksched085to09_lr1e4_entropy005_s4_c1_rnetol_d256_depth3_p20_bs200,seed057,57,158,31600,200,16,111.04614329309875,115.95977637313133,111.04614329309875,False,max_epochs,1420.47012424469
rl4crn_rne_oscillator_trace_8rxn_stop_risksched085to09_lr1e4_entropy005_s4_c1_rnetol_d256_depth3_p20_bs200,seed057,57,159,31800,200,16,111.16689411221945,116.61832617056501,111.04614329309875,False,max_epochs,1429.0443921089172
rl4crn_rne_oscillator_trace_8rxn_stop_risksched085to09_lr1e4_entropy005_s4_c1_rnetol_d256_depth3_p20_bs200,seed057,57,160,32000,200,16,111.00850180405388,116.15127841960526,111.00850180405388,False,max_epochs,1438.0849883556366
rl4crn_rne_oscillator_trace_8rxn_stop_risksched085to09_lr1e4_entropy005_s4_c1_rnetol_d256_depth3_p20_bs200,seed057,57,161,32200,200,16,111.09731924779393,115.95169927157276,111.00850180405388,False,max_epochs,1447.3720231056213
rl4crn_rne_oscillator_trace_8rxn_stop_risksched085to09_lr1e4_entropy005_s4_c1_rnetol_d256_depth3_p20_bs200,seed057,57,162,32400,200,16,111.23207484603843,116.46496864553774,111.00850180405388,False,max_epochs,1456.4919176101685
rl4crn_rne_oscillator_trace_8rxn_stop_risksched085to09_lr1e4_entropy005_s4_c1_rnetol_d256_depth3_p20_bs200,seed057,57,163,32600,200,16,111.21372668855254,116.4556649567396,111.00850180405388,False,max_epochs,1462.0930409431458
rl4crn_rne_oscillator_trace_8rxn_stop_risksched085to09_lr1e4_entropy005_s4_c1_rnetol_d256_depth3_p20_bs200,seed057,57,164,32800,200,16,111.19909763188917,115.13586020198224,111.00850180405388,False,max_epochs,1467.989865064621
rl4crn_rne_oscillator_trace_8rxn_stop_risksched085to09_lr1e4_entropy005_s4_c1_rnetol_d256_depth3_p20_bs200,seed057,57,165,33000,200,16,111.19172872253904,117.38704511900906,111.00850180405388,False,max_epochs,1477.112401008606
rl4crn_rne_oscillator_trace_8rxn_stop_risksched085to09_lr1e4_entropy005_s4_c1_rnetol_d256_depth3_p20_bs200,seed057,57,166,33200,200,16,111.08901433420799,116.57828548262358,111.00850180405388,False,max_epochs,1486.4157338142395
rl4crn_rne_oscillator_trace_8rxn_stop_risksched085to09_lr1e4_entropy005_s4_c1_rnetol_d256_depth3_p20_bs200,seed057,57,167,33400,200,16,111.40225731415066,115.28638945290244,111.00850180405388,False,max_epochs,1495.391411781311
rl4crn_rne_oscillator_trace_8rxn_stop_risksched085to09_lr1e4_entropy005_s4_c1_rnetol_d256_depth3_p20_bs200,seed057,57,168,33600,200,16,111.14817608744562,115.20961969677063,111.00850180405388,False,max_epochs,1504.9404971599579
rl4crn_rne_oscillator_trace_8rxn_stop_risksched085to09_lr1e4_entropy005_s4_c1_rnetol_d256_depth3_p20_bs200,seed057,57,169,33800,200,16,111.12945048221174,115.66064895254783,111.00850180405388,False,max_epochs,1514.2216744422913
rl4crn_rne_oscillator_trace_8rxn_stop_risksched085to09_lr1e4_entropy005_s4_c1_rnetol_d256_depth3_p20_bs200,seed057,57,170,34000,200,16,111.04688226753994,115.05338922150327,111.00850180405388,False,max_epochs,1523.2893345355988
rl4crn_rne_oscillator_trace_8rxn_stop_risksched085to09_lr1e4_entropy005_s4_c1_rnetol_d256_depth3_p20_bs200,seed057,57,171,34200,200,16,111.17373286075784,115.30732804087893,111.00850180405388,False,max_epochs,1531.7527616024017
rl4crn_rne_oscillator_trace_8rxn_stop_risksched085to09_lr1e4_entropy005_s4_c1_rnetol_d256_depth3_p20_bs200,seed057,57,172,34400,200,16,111.13759380981136,113.79751003666581,111.00850180405388,False,max_epochs,1535.6355710029602
rl4crn_rne_oscillator_trace_8rxn_stop_risksched085to09_lr1e4_entropy005_s4_c1_rnetol_d256_depth3_p20_bs200,seed057,57,173,34600,200,16,111.18756546586754,114.08569987936983,111.00850180405388,False,max_epochs,1544.1017751693726
rl4crn_rne_oscillator_trace_8rxn_stop_risksched085to09_lr1e4_entropy005_s4_c1_rnetol_d256_depth3_p20_bs200,seed057,57,174,34800,200,16,110.99360224527581,115.07032923473558,110.99360224527581,False,max_epochs,1553.253028869629
rl4crn_rne_oscillator_trace_8rxn_stop_risksched085to09_lr1e4_entropy005_s4_c1_rnetol_d256_depth3_p20_bs200,seed057,57,175,35000,200,16,110.97445210510271,115.50270587792662,110.97445210510271,False,max_epochs,1562.6436729431152
rl4crn_rne_oscillator_trace_8rxn_stop_risksched085to09_lr1e4_entropy005_s4_c1_rnetol_d256_depth3_p20_bs200,seed057,57,176,35200,200,16,111.14490851405098,115.0748013335413,110.97445210510271,False,max_epochs,1572.0815770626068
rl4crn_rne_oscillator_trace_8rxn_stop_risksched085to09_lr1e4_entropy005_s4_c1_rnetol_d256_depth3_p20_bs200,seed057,57,177,35400,200,16,110.9746441723952,114.16805350899676,110.97445210510271,False,max_epochs,1581.4334726333618
rl4crn_rne_oscillator_trace_8rxn_stop_risksched085to09_lr1e4_entropy005_s4_c1_rnetol_d256_depth3_p20_bs200,seed057,57,178,35600,200,16,111.16273546199224,114.01005840132558,110.97445210510271,False,max_epochs,1590.455457687378
rl4crn_rne_oscillator_trace_8rxn_stop_risksched085to09_lr1e4_entropy005_s4_c1_rnetol_d256_depth3_p20_bs200,seed057,57,179,35800,200,16,111.12306072403288,114.11130321789615,110.97445210510271,False,max_epochs,1599.6808760166168
rl4crn_rne_oscillator_trace_8rxn_stop_risksched085to09_lr1e4_entropy005_s4_c1_rnetol_d256_depth3_p20_bs200,seed057,57,180,36000,200,16,111.00795021216746,114.79778605576155,110.97445210510271,False,max_epochs,1608.9541766643524
rl4crn_rne_oscillator_trace_8rxn_stop_risksched085to09_lr1e4_entropy005_s4_c1_rnetol_d256_depth3_p20_bs200,seed057,57,181,36200,200,16,110.96343714244723,113.79650022934732,110.96343714244723,False,max_epochs,1618.4120199680328
rl4crn_rne_oscillator_trace_8rxn_stop_risksched085to09_lr1e4_entropy005_s4_c1_rnetol_d256_depth3_p20_bs200,seed057,57,182,36400,200,16,111.06887835791186,114.65246109997642,110.96343714244723,False,max_epochs,1626.609764099121
rl4crn_rne_oscillator_trace_8rxn_stop_risksched085to09_lr1e4_entropy005_s4_c1_rnetol_d256_depth3_p20_bs200,seed057,57,183,36600,200,16,111.10641466055151,114.54840895981674,110.96343714244723,False,max_epochs,1635.146381855011
rl4crn_rne_oscillator_trace_8rxn_stop_risksched085to09_lr1e4_entropy005_s4_c1_rnetol_d256_depth3_p20_bs200,seed057,57,184,36800,200,16,111.26577812762604,115.25008319754127,110.96343714244723,False,max_epochs,1638.571604013443
rl4crn_rne_oscillator_trace_8rxn_stop_risksched085to09_lr1e4_entropy005_s4_c1_rnetol_d256_depth3_p20_bs200,seed057,57,185,37000,200,16,111.17866032847277,114.61444214438731,110.96343714244723,False,max_epochs,1647.8163118362427
rl4crn_rne_oscillator_trace_8rxn_stop_risksched085to09_lr1e4_entropy005_s4_c1_rnetol_d256_depth3_p20_bs200,seed057,57,186,37200,200,16,110.90574657629907,114.45198500311815,110.90574657629907,False,max_epochs,1656.6072175502777
rl4crn_rne_oscillator_trace_8rxn_stop_risksched085to09_lr1e4_entropy005_s4_c1_rnetol_d256_depth3_p20_bs200,seed057,57,187,37400,200,16,111.16950086215358,115.82038072407173,110.90574657629907,False,max_epochs,1666.0603737831116
rl4crn_rne_oscillator_trace_8rxn_stop_risksched085to09_lr1e4_entropy005_s4_c1_rnetol_d256_depth3_p20_bs200,seed057,57,188,37600,200,16,111.04355324946668,115.31097922531711,110.90574657629907,False,max_epochs,1675.4251456260681
rl4crn_rne_oscillator_trace_8rxn_stop_risksched085to09_lr1e4_entropy005_s4_c1_rnetol_d256_depth3_p20_bs200,seed057,57,189,37800,200,16,110.958295240549,114.05540160536333,110.90574657629907,False,max_epochs,1684.7055923938751
rl4crn_rne_oscillator_trace_8rxn_stop_risksched085to09_lr1e4_entropy005_s4_c1_rnetol_d256_depth3_p20_bs200,seed057,57,190,38000,200,16,110.98943598044369,113.4428980507648,110.90574657629907,False,max_epochs,1693.2147533893585
rl4crn_rne_oscillator_trace_8rxn_stop_risksched085to09_lr1e4_entropy005_s4_c1_rnetol_d256_depth3_p20_bs200,seed057,57,191,38200,200,16,111.0043378613496,114.06319724621906,110.90574657629907,False,max_epochs,1696.7869348526
rl4crn_rne_oscillator_trace_8rxn_stop_risksched085to09_lr1e4_entropy005_s4_c1_rnetol_d256_depth3_p20_bs200,seed057,57,192,38400,200,16,111.1102061996014,114.57434778641573,110.90574657629907,False,max_epochs,1705.3836691379547
rl4crn_rne_oscillator_trace_8rxn_stop_risksched085to09_lr1e4_entropy005_s4_c1_rnetol_d256_depth3_p20_bs200,seed057,57,193,38600,200,16,111.03795124992439,113.86943490805294,110.90574657629907,False,max_epochs,1714.5132339000702
rl4crn_rne_oscillator_trace_8rxn_stop_risksched085to09_lr1e4_entropy005_s4_c1_rnetol_d256_depth3_p20_bs200,seed057,57,194,38800,200,16,111.21808470293658,115.26081832574829,110.90574657629907,False,max_epochs,1723.383533000946
rl4crn_rne_oscillator_trace_8rxn_stop_risksched085to09_lr1e4_entropy005_s4_c1_rnetol_d256_depth3_p20_bs200,seed057,57,195,39000,200,16,111.42490499612408,114.76145815275285,110.90574657629907,False,max_epochs,1732.758644104004
rl4crn_rne_oscillator_trace_8rxn_stop_risksched085to09_lr1e4_entropy005_s4_c1_rnetol_d256_depth3_p20_bs200,seed057,57,196,39200,200,16,111.00298230339301,114.116941466277,110.90574657629907,False,max_epochs,1741.8796169757843
rl4crn_rne_oscillator_trace_8rxn_stop_risksched085to09_lr1e4_entropy005_s4_c1_rnetol_d256_depth3_p20_bs200,seed057,57,197,39400,200,16,111.10709872719924,114.70266768189009,110.90574657629907,False,max_epochs,1750.408216714859
rl4crn_rne_oscillator_trace_8rxn_stop_risksched085to09_lr1e4_entropy005_s4_c1_rnetol_d256_depth3_p20_bs200,seed057,57,198,39600,200,16,111.64059456962883,115.48550637073372,110.90574657629907,False,max_epochs,1759.6694929599762
rl4crn_rne_oscillator_trace_8rxn_stop_risksched085to09_lr1e4_entropy005_s4_c1_rnetol_d256_depth3_p20_bs200,seed057,57,199,39800,200,16,110.72097649115909,115.21002425106494,110.72097649115909,False,max_epochs,1768.2870576381683
rl4crn_rne_oscillator_trace_8rxn_stop_risksched085to09_lr1e4_entropy005_s4_c1_rnetol_d256_depth3_p20_bs200,seed057,57,200,40000,200,16,111.04582696770903,114.94170060164231,110.72097649115909,False,max_epochs,1771.449683189392
rl4crn_rne_oscillator_trace_8rxn_stop_risksched085to09_lr1e4_entropy005_s4_c1_rnetol_d256_depth3_p20_bs200,seed057,57,201,40200,200,16,110.98556601114551,114.76414301681064,110.72097649115909,False,max_epochs,1780.0556194782257
rl4crn_rne_oscillator_trace_8rxn_stop_risksched085to09_lr1e4_entropy005_s4_c1_rnetol_d256_depth3_p20_bs200,seed057,57,202,40400,200,16,111.0045548775858,113.8654677948634,110.72097649115909,False,max_epochs,1789.5389647483826
rl4crn_rne_oscillator_trace_8rxn_stop_risksched085to09_lr1e4_entropy005_s4_c1_rnetol_d256_depth3_p20_bs200,seed057,57,203,40600,200,16,110.88310648511772,115.12395978142024,110.72097649115909,False,max_epochs,1799.2134351730347
rl4crn_rne_oscillator_trace_8rxn_stop_risksched085to09_lr1e4_entropy005_s4_c1_rnetol_d256_depth3_p20_bs200,seed057,57,204,40800,200,16,111.29904941481749,114.67746231998765,110.72097649115909,False,max_epochs,1808.5892746448517
rl4crn_rne_oscillator_trace_8rxn_stop_risksched085to09_lr1e4_entropy005_s4_c1_rnetol_d256_depth3_p20_bs200,seed057,57,205,41000,200,16,110.96932146051225,114.93854981552576,110.72097649115909,False,max_epochs,1817.1297681331635
rl4crn_rne_oscillator_trace_8rxn_stop_risksched085to09_lr1e4_entropy005_s4_c1_rnetol_d256_depth3_p20_bs200,seed057,57,206,41200,200,16,111.00612695580254,115.33926425035325,110.72097649115909,False,max_epochs,1826.1328496932983
rl4crn_rne_oscillator_trace_8rxn_stop_risksched085to09_lr1e4_entropy005_s4_c1_rnetol_d256_depth3_p20_bs200,seed057,57,207,41400,200,16,111.36127920086116,117.58603377569875,110.72097649115909,False,max_epochs,1835.2867014408112
rl4crn_rne_oscillator_trace_8rxn_stop_risksched085to09_lr1e4_entropy005_s4_c1_rnetol_d256_depth3_p20_bs200,seed057,57,208,41600,200,16,111.11809198029269,115.81125771359001,110.72097649115909,False,max_epochs,1842.3890330791473
rl4crn_rne_oscillator_trace_8rxn_stop_risksched085to09_lr1e4_entropy005_s4_c1_rnetol_d256_depth3_p20_bs200,seed057,57,209,41800,200,16,110.93494730004782,114.71741994679164,110.72097649115909,False,max_epochs,1846.5666816234589
rl4crn_rne_oscillator_trace_8rxn_stop_risksched085to09_lr1e4_entropy005_s4_c1_rnetol_d256_depth3_p20_bs200,seed057,57,210,42000,200,16,110.8511691135476,116.81658973388619,110.72097649115909,False,max_epochs,1855.7343633174896
rl4crn_rne_oscillator_trace_8rxn_stop_risksched085to09_lr1e4_entropy005_s4_c1_rnetol_d256_depth3_p20_bs200,seed057,57,211,42200,200,16,110.89086836584916,114.32314955093935,110.72097649115909,False,max_epochs,1865.2218852043152
rl4crn_rne_oscillator_trace_8rxn_stop_risksched085to09_lr1e4_entropy005_s4_c1_rnetol_d256_depth3_p20_bs200,seed057,57,212,42400,200,16,111.14434139040227,115.52614898353866,110.72097649115909,False,max_epochs,1874.1888711452484
rl4crn_rne_oscillator_trace_8rxn_stop_risksched085to09_lr1e4_entropy005_s4_c1_rnetol_d256_depth3_p20_bs200,seed057,57,213,42600,200,16,111.00121472232792,115.45189307037592,110.72097649115909,False,max_epochs,1883.2985084056854
rl4crn_rne_oscillator_trace_8rxn_stop_risksched085to09_lr1e4_entropy005_s4_c1_rnetol_d256_depth3_p20_bs200,seed057,57,214,42800,200,16,110.92456499573233,114.24233298702896,110.72097649115909,False,max_epochs,1892.4794936180115
rl4crn_rne_oscillator_trace_8rxn_stop_risksched085to09_lr1e4_entropy005_s4_c1_rnetol_d256_depth3_p20_bs200,seed057,57,215,43000,200,16,110.96386813122498,115.41610524558624,110.72097649115909,False,max_epochs,1901.2465147972107
rl4crn_rne_oscillator_trace_8rxn_stop_risksched085to09_lr1e4_entropy005_s4_c1_rnetol_d256_depth3_p20_bs200,seed057,57,216,43200,200,16,111.2024879583933,115.46210002921674,110.72097649115909,False,max_epochs,1904.1219944953918
rl4crn_rne_oscillator_trace_8rxn_stop_risksched085to09_lr1e4_entropy005_s4_c1_rnetol_d256_depth3_p20_bs200,seed057,57,217,43400,200,16,110.17865463368585,115.69777286518136,110.17865463368585,False,max_epochs,1913.0627224445343
rl4crn_rne_oscillator_trace_8rxn_stop_risksched085to09_lr1e4_entropy005_s4_c1_rnetol_d256_depth3_p20_bs200,seed057,57,218,43600,200,16,110.94333708105209,115.30288274243244,110.17865463368585,False,max_epochs,1922.63614487648
rl4crn_rne_oscillator_trace_8rxn_stop_risksched085to09_lr1e4_entropy005_s4_c1_rnetol_d256_depth3_p20_bs200,seed057,57,219,43800,200,16,110.90088986548888,115.0025802638718,110.17865463368585,False,max_epochs,1931.957602262497
rl4crn_rne_oscillator_trace_8rxn_stop_risksched085to09_lr1e4_entropy005_s4_c1_rnetol_d256_depth3_p20_bs200,seed057,57,220,44000,200,16,110.57241644548994,116.99659243357232,110.17865463368585,False,max_epochs,1940.0400717258453
rl4crn_rne_oscillator_trace_8rxn_stop_risksched085to09_lr1e4_entropy005_s4_c1_rnetol_d256_depth3_p20_bs200,seed057,57,221,44200,200,16,110.89845438347359,116.43387559888549,110.17865463368585,False,max_epochs,1949.4003069400787
rl4crn_rne_oscillator_trace_8rxn_stop_risksched085to09_lr1e4_entropy005_s4_c1_rnetol_d256_depth3_p20_bs200,seed057,57,222,44400,200,16,111.09509786793072,116.02477433511302,110.17865463368585,False,max_epochs,1958.5733966827393
rl4crn_rne_oscillator_trace_8rxn_stop_risksched085to09_lr1e4_entropy005_s4_c1_rnetol_d256_depth3_p20_bs200,seed057,57,223,44600,200,16,111.0159771098205,116.31188762765497,110.17865463368585,False,max_epochs,1966.984874010086
rl4crn_rne_oscillator_trace_8rxn_stop_risksched085to09_lr1e4_entropy005_s4_c1_rnetol_d256_depth3_p20_bs200,seed057,57,224,44800,200,16,110.32954702960065,116.7304401118113,110.17865463368585,False,max_epochs,1970.300722360611
rl4crn_rne_oscillator_trace_8rxn_stop_risksched085to09_lr1e4_entropy005_s4_c1_rnetol_d256_depth3_p20_bs200,seed057,57,225,45000,200,16,111.10333178999419,117.32957653891245,110.17865463368585,False,max_epochs,1979.0512919425964
rl4crn_rne_oscillator_trace_8rxn_stop_risksched085to09_lr1e4_entropy005_s4_c1_rnetol_d256_depth3_p20_bs200,seed057,57,226,45200,200,16,110.6016090197748,117.97007250188321,110.17865463368585,False,max_epochs,1988.615329027176
rl4crn_rne_oscillator_trace_8rxn_stop_risksched085to09_lr1e4_entropy005_s4_c1_rnetol_d256_depth3_p20_bs200,seed057,57,227,45400,200,16,110.9146802707886,117.18965953118487,110.17865463368585,False,max_epochs,1998.0512390136719
rl4crn_rne_oscillator_trace_8rxn_stop_risksched085to09_lr1e4_entropy005_s4_c1_rnetol_d256_depth3_p20_bs200,seed057,57,228,45600,200,16,109.65034668462167,118.25212253692581,109.65034668462167,False,max_epochs,2007.4612021446228
rl4crn_rne_oscillator_trace_8rxn_stop_risksched085to09_lr1e4_entropy005_s4_c1_rnetol_d256_depth3_p20_bs200,seed057,57,229,45800,200,16,109.6158321947064,120.33960539870603,109.6158321947064,False,max_epochs,2016.6938745975494
rl4crn_rne_oscillator_trace_8rxn_stop_risksched085to09_lr1e4_entropy005_s4_c1_rnetol_d256_depth3_p20_bs200,seed057,57,230,46000,200,16,109.88799758106373,120.75567887653125,109.6158321947064,False,max_epochs,2026.1278357505798
rl4crn_rne_oscillator_trace_8rxn_stop_risksched085to09_lr1e4_entropy005_s4_c1_rnetol_d256_depth3_p20_bs200,seed057,57,231,46200,200,16,111.29231781201548,123.79774021869184,109.6158321947064,False,max_epochs,2034.6075987815857
rl4crn_rne_oscillator_trace_8rxn_stop_risksched085to09_lr1e4_entropy005_s4_c1_rnetol_d256_depth3_p20_bs200,seed057,57,232,46400,200,16,110.09875778256108,119.42177817644307,109.6158321947064,False,max_epochs,2043.8023369312286
rl4crn_rne_oscillator_trace_8rxn_stop_risksched085to09_lr1e4_entropy005_s4_c1_rnetol_d256_depth3_p20_bs200,seed057,57,233,46600,200,16,108.19838239902427,121.62810752988928,108.19838239902427,False,max_epochs,2052.481056690216
rl4crn_rne_oscillator_trace_8rxn_stop_risksched085to09_lr1e4_entropy005_s4_c1_rnetol_d256_depth3_p20_bs200,seed057,57,234,46800,200,16,107.3300625124661,119.51819980306038,107.3300625124661,False,max_epochs,2056.2074830532074
rl4crn_rne_oscillator_trace_8rxn_stop_risksched085to09_lr1e4_entropy005_s4_c1_rnetol_d256_depth3_p20_bs200,seed057,57,235,47000,200,16,106.42942366340687,120.01626654586883,106.42942366340687,False,max_epochs,2064.4231946468353
rl4crn_rne_oscillator_trace_8rxn_stop_risksched085to09_lr1e4_entropy005_s4_c1_rnetol_d256_depth3_p20_bs200,seed057,57,236,47200,200,16,108.98853300045911,119.66385631621094,106.42942366340687,False,max_epochs,2074.027727365494
rl4crn_rne_oscillator_trace_8rxn_stop_risksched085to09_lr1e4_entropy005_s4_c1_rnetol_d256_depth3_p20_bs200,seed057,57,237,47400,200,16,107.44548347596043,119.71614260357322,106.42942366340687,False,max_epochs,2083.5588512420654
rl4crn_rne_oscillator_trace_8rxn_stop_risksched085to09_lr1e4_entropy005_s4_c1_rnetol_d256_depth3_p20_bs200,seed057,57,238,47600,200,16,108.76076915162518,118.60196136089436,106.42942366340687,False,max_epochs,2093.0618648529053
rl4crn_rne_oscillator_trace_8rxn_stop_risksched085to09_lr1e4_entropy005_s4_c1_rnetol_d256_depth3_p20_bs200,seed057,57,239,47800,200,16,107.60060650819618,118.61342265678417,106.42942366340687,False,max_epochs,2102.5307245254517
rl4crn_rne_oscillator_trace_8rxn_stop_risksched085to09_lr1e4_entropy005_s4_c1_rnetol_d256_depth3_p20_bs200,seed057,57,240,48000,200,16,89.7251692463496,120.64339095922854,89.7251692463496,False,max_epochs,2111.7883927822113
rl4crn_rne_oscillator_trace_8rxn_stop_risksched085to09_lr1e4_entropy005_s4_c1_rnetol_d256_depth3_p20_bs200,seed057,57,241,48200,200,16,108.76426592272648,122.91246716240826,89.7251692463496,False,max_epochs,2121.249370574951
rl4crn_rne_oscillator_trace_8rxn_stop_risksched085to09_lr1e4_entropy005_s4_c1_rnetol_d256_depth3_p20_bs200,seed057,57,242,48400,200,16,108.16939533677956,122.44254165010588,89.7251692463496,False,max_epochs,2129.748576402664
rl4crn_rne_oscillator_trace_8rxn_stop_risksched085to09_lr1e4_entropy005_s4_c1_rnetol_d256_depth3_p20_bs200,seed057,57,243,48600,200,16,107.43590971061666,119.15674304605648,89.7251692463496,False,max_epochs,2138.9569687843323
rl4crn_rne_oscillator_trace_8rxn_stop_risksched085to09_lr1e4_entropy005_s4_c1_rnetol_d256_depth3_p20_bs200,seed057,57,244,48800,200,16,104.99442352237578,117.765304310127,89.7251692463496,False,max_epochs,2148.035918712616
rl4crn_rne_oscillator_trace_8rxn_stop_risksched085to09_lr1e4_entropy005_s4_c1_rnetol_d256_depth3_p20_bs200,seed057,57,245,49000,200,16,106.01357137674864,118.32963943772539,89.7251692463496,False,max_epochs,2151.1166768074036
rl4crn_rne_oscillator_trace_8rxn_stop_risksched085to09_lr1e4_entropy005_s4_c1_rnetol_d256_depth3_p20_bs200,seed057,57,246,49200,200,16,105.97170433973957,118.63910675310504,89.7251692463496,False,max_epochs,2158.9917843341827
rl4crn_rne_oscillator_trace_8rxn_stop_risksched085to09_lr1e4_entropy005_s4_c1_rnetol_d256_depth3_p20_bs200,seed057,57,247,49400,200,16,109.42875918442346,119.26209812638676,89.7251692463496,False,max_epochs,2168.4946513175964
rl4crn_rne_oscillator_trace_8rxn_stop_risksched085to09_lr1e4_entropy005_s4_c1_rnetol_d256_depth3_p20_bs200,seed057,57,248,49600,200,16,106.20654454193674,121.4474513380265,89.7251692463496,False,max_epochs,2178.2548320293427
rl4crn_rne_oscillator_trace_8rxn_stop_risksched085to09_lr1e4_entropy005_s4_c1_rnetol_d256_depth3_p20_bs200,seed057,57,249,49800,200,16,90.2396298592365,118.09498479887282,89.7251692463496,False,max_epochs,2187.3652622699738
rl4crn_rne_oscillator_trace_8rxn_stop_risksched085to09_lr1e4_entropy005_s4_c1_rnetol_d256_depth3_p20_bs200,seed057,57,250,50000,200,16,106.44274901403722,117.90224365193882,89.7251692463496,False,max_epochs,2197.1953840255737
rl4crn_rne_oscillator_trace_8rxn_stop_risksched085to09_lr1e4_entropy005_s4_c1_rnetol_d256_depth3_p20_bs200,seed057,57,251,50200,200,16,100.92521675188105,118.55925370820435,89.7251692463496,False,max_epochs,2206.3951046466827
rl4crn_rne_oscillator_trace_8rxn_stop_risksched085to09_lr1e4_entropy005_s4_c1_rnetol_d256_depth3_p20_bs200,seed057,57,252,50400,200,16,104.39855180478679,118.15944775844675,89.7251692463496,False,max_epochs,2215.337249517441
rl4crn_rne_oscillator_trace_8rxn_stop_risksched085to09_lr1e4_entropy005_s4_c1_rnetol_d256_depth3_p20_bs200,seed057,57,253,50600,200,16,92.9904638343081,118.02157429284608,89.7251692463496,False,max_epochs,2224.0177857875824
rl4crn_rne_oscillator_trace_8rxn_stop_risksched085to09_lr1e4_entropy005_s4_c1_rnetol_d256_depth3_p20_bs200,seed057,57,254,50800,200,16,105.33093699777307,120.45100760621553,89.7251692463496,False,max_epochs,2233.014879465103
rl4crn_rne_oscillator_trace_8rxn_stop_risksched085to09_lr1e4_entropy005_s4_c1_rnetol_d256_depth3_p20_bs200,seed057,57,255,51000,200,16,85.24411575417409,118.44668162466425,85.24411575417409,False,max_epochs,2240.7951498031616
rl4crn_rne_oscillator_trace_8rxn_stop_risksched085to09_lr1e4_entropy005_s4_c1_rnetol_d256_depth3_p20_bs200,seed057,57,256,51200,200,16,87.6412826083818,118.06209295158959,85.24411575417409,False,max_epochs,2244.75967502594
rl4crn_rne_oscillator_trace_8rxn_stop_risksched085to09_lr1e4_entropy005_s4_c1_rnetol_d256_depth3_p20_bs200,seed057,57,257,51400,200,16,85.89524190620027,117.6922140046772,85.24411575417409,False,max_epochs,2253.508064508438
rl4crn_rne_oscillator_trace_8rxn_stop_risksched085to09_lr1e4_entropy005_s4_c1_rnetol_d256_depth3_p20_bs200,seed057,57,258,51600,200,16,87.11786390640418,117.98223612759375,85.24411575417409,False,max_epochs,2262.843341112137
rl4crn_rne_oscillator_trace_8rxn_stop_risksched085to09_lr1e4_entropy005_s4_c1_rnetol_d256_depth3_p20_bs200,seed057,57,259,51800,200,16,93.44667720113003,117.85326476967363,85.24411575417409,False,max_epochs,2272.0571637153625
rl4crn_rne_oscillator_trace_8rxn_stop_risksched085to09_lr1e4_entropy005_s4_c1_rnetol_d256_depth3_p20_bs200,seed057,57,260,52000,200,16,87.00200215705132,118.63918777599565,85.24411575417409,False,max_epochs,2281.313504934311
rl4crn_rne_oscillator_trace_8rxn_stop_risksched085to09_lr1e4_entropy005_s4_c1_rnetol_d256_depth3_p20_bs200,seed057,57,261,52200,200,16,90.24569734269893,117.94598403421605,85.24411575417409,False,max_epochs,2290.00604224205
rl4crn_rne_oscillator_trace_8rxn_stop_risksched085to09_lr1e4_entropy005_s4_c1_rnetol_d256_depth3_p20_bs200,seed057,57,262,52400,200,16,82.77162576427114,117.77162916091828,82.77162576427114,False,max_epochs,2297.060996055603
rl4crn_rne_oscillator_trace_8rxn_stop_risksched085to09_lr1e4_entropy005_s4_c1_rnetol_d256_depth3_p20_bs200,seed057,57,263,52600,200,16,84.23399354376791,117.14289262625434,82.77162576427114,False,max_epochs,2301.6216979026794
rl4crn_rne_oscillator_trace_8rxn_stop_risksched085to09_lr1e4_entropy005_s4_c1_rnetol_d256_depth3_p20_bs200,seed057,57,264,52800,200,16,79.20284895029374,118.67440707440483,79.20284895029374,False,max_epochs,2311.3499200344086
rl4crn_rne_oscillator_trace_8rxn_stop_risksched085to09_lr1e4_entropy005_s4_c1_rnetol_d256_depth3_p20_bs200,seed057,57,265,53000,200,16,80.22236067347437,118.36621825810622,79.20284895029374,False,max_epochs,2320.4156589508057
rl4crn_rne_oscillator_trace_8rxn_stop_risksched085to09_lr1e4_entropy005_s4_c1_rnetol_d256_depth3_p20_bs200,seed057,57,266,53200,200,16,76.76221810916394,117.8685963460943,76.76221810916394,False,max_epochs,2329.9554586410522
rl4crn_rne_oscillator_trace_8rxn_stop_risksched085to09_lr1e4_entropy005_s4_c1_rnetol_d256_depth3_p20_bs200,seed057,57,267,53400,200,16,77.51117070146907,119.57515679798135,76.76221810916394,False,max_epochs,2339.517921447754
rl4crn_rne_oscillator_trace_8rxn_stop_risksched085to09_lr1e4_entropy005_s4_c1_rnetol_d256_depth3_p20_bs200,seed057,57,268,53600,200,16,76.78071892680815,119.4960280281609,76.76221810916394,False,max_epochs,2347.8749384880066
rl4crn_rne_oscillator_trace_8rxn_stop_risksched085to09_lr1e4_entropy005_s4_c1_rnetol_d256_depth3_p20_bs200,seed057,57,269,53800,200,16,78.02226761548152,119.3113567946792,76.76221810916394,False,max_epochs,2356.9550046920776
rl4crn_rne_oscillator_trace_8rxn_stop_risksched085to09_lr1e4_entropy005_s4_c1_rnetol_d256_depth3_p20_bs200,seed057,57,270,54000,200,16,75.45341164647125,119.89148616053679,75.45341164647125,False,max_epochs,2366.2178196907043
rl4crn_rne_oscillator_trace_8rxn_stop_risksched085to09_lr1e4_entropy005_s4_c1_rnetol_d256_depth3_p20_bs200,seed057,57,271,54200,200,16,82.67186429150425,124.05954016272392,75.45341164647125,False,max_epochs,2374.475882768631
rl4crn_rne_oscillator_trace_8rxn_stop_risksched085to09_lr1e4_entropy005_s4_c1_rnetol_d256_depth3_p20_bs200,seed057,57,272,54400,200,16,74.9045587561731,124.6235794302246,74.9045587561731,False,max_epochs,2378.1344227790833
rl4crn_rne_oscillator_trace_8rxn_stop_risksched085to09_lr1e4_entropy005_s4_c1_rnetol_d256_depth3_p20_bs200,seed057,57,273,54600,200,16,81.97791054668288,127.45027371562924,74.9045587561731,False,max_epochs,2387.303466796875
rl4crn_rne_oscillator_trace_8rxn_stop_risksched085to09_lr1e4_entropy005_s4_c1_rnetol_d256_depth3_p20_bs200,seed057,57,274,54800,200,16,76.43002069480175,123.15245348098557,74.9045587561731,False,max_epochs,2396.6045863628387
rl4crn_rne_oscillator_trace_8rxn_stop_risksched085to09_lr1e4_entropy005_s4_c1_rnetol_d256_depth3_p20_bs200,seed057,57,275,55000,200,16,76.18245100862607,120.14306190593834,74.9045587561731,False,max_epochs,2406.2610926628113
rl4crn_rne_oscillator_trace_8rxn_stop_risksched085to09_lr1e4_entropy005_s4_c1_rnetol_d256_depth3_p20_bs200,seed057,57,276,55200,200,16,71.26197561583767,121.04428244120263,71.26197561583767,False,max_epochs,2415.194770336151
rl4crn_rne_oscillator_trace_8rxn_stop_risksched085to09_lr1e4_entropy005_s4_c1_rnetol_d256_depth3_p20_bs200,seed057,57,277,55400,200,16,73.816022484516,121.59390876284877,71.26197561583767,False,max_epochs,2424.840104341507
rl4crn_rne_oscillator_trace_8rxn_stop_risksched085to09_lr1e4_entropy005_s4_c1_rnetol_d256_depth3_p20_bs200,seed057,57,278,55600,200,16,70.67721213549964,122.40978533233847,70.67721213549964,False,max_epochs,2434.0809264183044
rl4crn_rne_oscillator_trace_8rxn_stop_risksched085to09_lr1e4_entropy005_s4_c1_rnetol_d256_depth3_p20_bs200,seed057,57,279,55800,200,16,76.14260669791206,124.61116785404903,70.67721213549964,False,max_epochs,2443.3431661129
rl4crn_rne_oscillator_trace_8rxn_stop_risksched085to09_lr1e4_entropy005_s4_c1_rnetol_d256_depth3_p20_bs200,seed057,57,280,56000,200,16,72.64311336172565,122.38213227732062,70.67721213549964,False,max_epochs,2453.1408421993256
rl4crn_rne_oscillator_trace_8rxn_stop_risksched085to09_lr1e4_entropy005_s4_c1_rnetol_d256_depth3_p20_bs200,seed057,57,281,56200,200,16,75.20566835982471,120.1314158485017,70.67721213549964,False,max_epochs,2461.796898126602
rl4crn_rne_oscillator_trace_8rxn_stop_risksched085to09_lr1e4_entropy005_s4_c1_rnetol_d256_depth3_p20_bs200,seed057,57,282,56400,200,16,71.05843415244446,122.27059385777244,70.67721213549964,False,max_epochs,2471.1721341609955
rl4crn_rne_oscillator_trace_8rxn_stop_risksched085to09_lr1e4_entropy005_s4_c1_rnetol_d256_depth3_p20_bs200,seed057,57,283,56600,200,16,71.14602827661403,121.8699862079456,70.67721213549964,False,max_epochs,2479.363567352295
rl4crn_rne_oscillator_trace_8rxn_stop_risksched085to09_lr1e4_entropy005_s4_c1_rnetol_d256_depth3_p20_bs200,seed057,57,284,56800,200,16,73.10065362840419,123.17461512850929,70.67721213549964,False,max_epochs,2487.614542722702
rl4crn_rne_oscillator_trace_8rxn_stop_risksched085to09_lr1e4_entropy005_s4_c1_rnetol_d256_depth3_p20_bs200,seed057,57,285,57000,200,16,73.96003751361609,120.95532327349238,70.67721213549964,False,max_epochs,2493.877337217331
rl4crn_rne_oscillator_trace_8rxn_stop_risksched085to09_lr1e4_entropy005_s4_c1_rnetol_d256_depth3_p20_bs200,seed057,57,286,57200,200,16,73.48678042894839,123.57572176106606,70.67721213549964,False,max_epochs,2500.8358042240143
rl4crn_rne_oscillator_trace_8rxn_stop_risksched085to09_lr1e4_entropy005_s4_c1_rnetol_d256_depth3_p20_bs200,seed057,57,287,57400,200,16,73.37488200819847,123.18682499352059,70.67721213549964,False,max_epochs,2508.7587332725525
rl4crn_rne_oscillator_trace_8rxn_stop_risksched085to09_lr1e4_entropy005_s4_c1_rnetol_d256_depth3_p20_bs200,seed057,57,288,57600,200,16,72.258912453409,120.93874198718244,70.67721213549964,False,max_epochs,2518.4188928604126
rl4crn_rne_oscillator_trace_8rxn_stop_risksched085to09_lr1e4_entropy005_s4_c1_rnetol_d256_depth3_p20_bs200,seed057,57,289,57800,200,16,72.80505357899126,121.01266215515477,70.67721213549964,False,max_epochs,2527.882828235626
rl4crn_rne_oscillator_trace_8rxn_stop_risksched085to09_lr1e4_entropy005_s4_c1_rnetol_d256_depth3_p20_bs200,seed057,57,290,58000,200,16,72.98871407797205,122.21663974580686,70.67721213549964,False,max_epochs,2536.9068474769592
rl4crn_rne_oscillator_trace_8rxn_stop_risksched085to09_lr1e4_entropy005_s4_c1_rnetol_d256_depth3_p20_bs200,seed057,57,291,58200,200,16,69.70426846958487,121.8323539466221,69.70426846958487,False,max_epochs,2545.9214890003204
rl4crn_rne_oscillator_trace_8rxn_stop_risksched085to09_lr1e4_entropy005_s4_c1_rnetol_d256_depth3_p20_bs200,seed057,57,292,58400,200,16,70.08752724476751,120.04149811836868,69.70426846958487,False,max_epochs,2555.1417078971863
rl4crn_rne_oscillator_trace_8rxn_stop_risksched085to09_lr1e4_entropy005_s4_c1_rnetol_d256_depth3_p20_bs200,seed057,57,293,58600,200,16,69.88350144421311,117.94012516585312,69.70426846958487,False,max_epochs,2564.0113282203674
rl4crn_rne_oscillator_trace_8rxn_stop_risksched085to09_lr1e4_entropy005_s4_c1_rnetol_d256_depth3_p20_bs200,seed057,57,294,58800,200,16,70.28082679167592,118.3754727592749,69.70426846958487,False,max_epochs,2571.552260160446
rl4crn_rne_oscillator_trace_8rxn_stop_risksched085to09_lr1e4_entropy005_s4_c1_rnetol_d256_depth3_p20_bs200,seed057,57,295,59000,200,16,69.94493259673254,119.26755835565899,69.70426846958487,False,max_epochs,2576.4034843444824
rl4crn_rne_oscillator_trace_8rxn_stop_risksched085to09_lr1e4_entropy005_s4_c1_rnetol_d256_depth3_p20_bs200,seed057,57,296,59200,200,16,71.28811326932738,119.30943431402127,69.70426846958487,False,max_epochs,2585.406994819641
rl4crn_rne_oscillator_trace_8rxn_stop_risksched085to09_lr1e4_entropy005_s4_c1_rnetol_d256_depth3_p20_bs200,seed057,57,297,59400,200,16,78.4829372214094,122.56197366731074,69.70426846958487,False,max_epochs,2594.722273349762
rl4crn_rne_oscillator_trace_8rxn_stop_risksched085to09_lr1e4_entropy005_s4_c1_rnetol_d256_depth3_p20_bs200,seed057,57,298,59600,200,16,75.09055303038343,123.2621827930227,69.70426846958487,False,max_epochs,2603.4616646766663
rl4crn_rne_oscillator_trace_8rxn_stop_risksched085to09_lr1e4_entropy005_s4_c1_rnetol_d256_depth3_p20_bs200,seed057,57,299,59800,200,16,73.98998381836861,119.79979909981174,69.70426846958487,False,max_epochs,2613.182594537735
rl4crn_rne_oscillator_trace_8rxn_stop_risksched085to09_lr1e4_entropy005_s4_c1_rnetol_d256_depth3_p20_bs200,seed057,57,300,60000,200,16,71.05583786195162,119.46958845363939,69.70426846958487,False,max_epochs,2622.532161951065
rl4crn_rne_oscillator_trace_8rxn_stop_risksched085to09_lr1e4_entropy005_s4_c1_rnetol_d256_depth3_p20_bs200,seed057,57,301,60200,200,16,71.20493167364745,118.78652817901724,69.70426846958487,False,max_epochs,2631.494999885559
rl4crn_rne_oscillator_trace_8rxn_stop_risksched085to09_lr1e4_entropy005_s4_c1_rnetol_d256_depth3_p20_bs200,seed057,57,302,60400,200,16,70.13607456052328,121.59846248111928,69.70426846958487,False,max_epochs,2640.7025876045227
rl4crn_rne_oscillator_trace_8rxn_stop_risksched085to09_lr1e4_entropy005_s4_c1_rnetol_d256_depth3_p20_bs200,seed057,57,303,60600,200,16,71.93501359800297,121.70587680802876,69.70426846958487,False,max_epochs,2650.1055257320404
rl4crn_rne_oscillator_trace_8rxn_stop_risksched085to09_lr1e4_entropy005_s4_c1_rnetol_d256_depth3_p20_bs200,seed057,57,304,60800,200,16,74.55272862911009,122.22694647249811,69.70426846958487,False,max_epochs,2659.328011035919
rl4crn_rne_oscillator_trace_8rxn_stop_risksched085to09_lr1e4_entropy005_s4_c1_rnetol_d256_depth3_p20_bs200,seed057,57,305,61000,200,16,70.65754758122985,120.89907085948514,69.70426846958487,False,max_epochs,2666.5934722423553
rl4crn_rne_oscillator_trace_8rxn_stop_risksched085to09_lr1e4_entropy005_s4_c1_rnetol_d256_depth3_p20_bs200,seed057,57,306,61200,200,16,70.81757941023713,118.80245607387837,69.70426846958487,False,max_epochs,2670.477574825287
rl4crn_rne_oscillator_trace_8rxn_stop_risksched085to09_lr1e4_entropy005_s4_c1_rnetol_d256_depth3_p20_bs200,seed057,57,307,61400,200,16,71.4675861957202,120.91224110561555,69.70426846958487,False,max_epochs,2679.2968776226044
rl4crn_rne_oscillator_trace_8rxn_stop_risksched085to09_lr1e4_entropy005_s4_c1_rnetol_d256_depth3_p20_bs200,seed057,57,308,61600,200,16,73.19509732366633,118.66654766221804,69.70426846958487,False,max_epochs,2688.9758639335632
rl4crn_rne_oscillator_trace_8rxn_stop_risksched085to09_lr1e4_entropy005_s4_c1_rnetol_d256_depth3_p20_bs200,seed057,57,309,61800,200,16,75.721665887273,119.59790142291544,69.70426846958487,False,max_epochs,2697.7140307426453
rl4crn_rne_oscillator_trace_8rxn_stop_risksched085to09_lr1e4_entropy005_s4_c1_rnetol_d256_depth3_p20_bs200,seed057,57,310,62000,200,16,71.69536389467007,119.73465336123262,69.70426846958487,False,max_epochs,2707.229644536972
rl4crn_rne_oscillator_trace_8rxn_stop_risksched085to09_lr1e4_entropy005_s4_c1_rnetol_d256_depth3_p20_bs200,seed057,57,311,62200,200,16,72.36970993963973,119.55969265719128,69.70426846958487,False,max_epochs,2716.66352891922
rl4crn_rne_oscillator_trace_8rxn_stop_risksched085to09_lr1e4_entropy005_s4_c1_rnetol_d256_depth3_p20_bs200,seed057,57,312,62400,200,16,69.99318934521543,116.73145300389751,69.70426846958487,False,max_epochs,2725.5037372112274
rl4crn_rne_oscillator_trace_8rxn_stop_risksched085to09_lr1e4_entropy005_s4_c1_rnetol_d256_depth3_p20_bs200,seed057,57,313,62600,200,16,71.83892344816311,117.11970718689534,69.70426846958487,False,max_epochs,2733.3305954933167
rl4crn_rne_oscillator_trace_8rxn_stop_risksched085to09_lr1e4_entropy005_s4_c1_rnetol_d256_depth3_p20_bs200,seed057,57,314,62800,200,16,71.13252377379646,118.16282464451945,69.70426846958487,False,max_epochs,2736.9600434303284
rl4crn_rne_oscillator_trace_8rxn_stop_risksched085to09_lr1e4_entropy005_s4_c1_rnetol_d256_depth3_p20_bs200,seed057,57,315,63000,200,16,71.77022923402163,119.9298769190855,69.70426846958487,False,max_epochs,2746.1536486148834
rl4crn_rne_oscillator_trace_8rxn_stop_risksched085to09_lr1e4_entropy005_s4_c1_rnetol_d256_depth3_p20_bs200,seed057,57,316,63200,200,16,68.18983929672315,116.95644107747214,68.18983929672315,False,max_epochs,2755.673939704895
rl4crn_rne_oscillator_trace_8rxn_stop_risksched085to09_lr1e4_entropy005_s4_c1_rnetol_d256_depth3_p20_bs200,seed057,57,317,63400,200,16,86.71787587115838,123.27282821448557,68.18983929672315,False,max_epochs,2764.7715072631836
rl4crn_rne_oscillator_trace_8rxn_stop_risksched085to09_lr1e4_entropy005_s4_c1_rnetol_d256_depth3_p20_bs200,seed057,57,318,63600,200,16,105.13368585984378,129.9011176083718,68.18983929672315,False,max_epochs,2774.2989072799683
rl4crn_rne_oscillator_trace_8rxn_stop_risksched085to09_lr1e4_entropy005_s4_c1_rnetol_d256_depth3_p20_bs200,seed057,57,319,63800,200,16,105.21859588244449,128.7149394686731,68.18983929672315,False,max_epochs,2783.911046028137
rl4crn_rne_oscillator_trace_8rxn_stop_risksched085to09_lr1e4_entropy005_s4_c1_rnetol_d256_depth3_p20_bs200,seed057,57,320,64000,200,16,88.02023413811091,122.91953252740436,68.18983929672315,False,max_epochs,2792.360903739929
rl4crn_rne_oscillator_trace_8rxn_stop_risksched085to09_lr1e4_entropy005_s4_c1_rnetol_d256_depth3_p20_bs200,seed057,57,321,64200,200,16,70.11532654364804,115.90950083221392,68.18983929672315,False,max_epochs,2801.32261967659
rl4crn_rne_oscillator_trace_8rxn_stop_risksched085to09_lr1e4_entropy005_s4_c1_rnetol_d256_depth3_p20_bs200,seed057,57,322,64400,200,16,72.42568541979222,120.58918925629938,68.18983929672315,False,max_epochs,2809.0083615779877
rl4crn_rne_oscillator_trace_8rxn_stop_risksched085to09_lr1e4_entropy005_s4_c1_rnetol_d256_depth3_p20_bs200,seed057,57,323,64600,200,16,71.47124433201165,117.7038122004688,68.18983929672315,False,max_epochs,2813.2647366523743
rl4crn_rne_oscillator_trace_8rxn_stop_risksched085to09_lr1e4_entropy005_s4_c1_rnetol_d256_depth3_p20_bs200,seed057,57,324,64800,200,16,69.6563786670793,118.67807684953715,68.18983929672315,False,max_epochs,2822.03803563118
rl4crn_rne_oscillator_trace_8rxn_stop_risksched085to09_lr1e4_entropy005_s4_c1_rnetol_d256_depth3_p20_bs200,seed057,57,325,65000,200,16,72.77798013053564,120.84526248249406,68.18983929672315,False,max_epochs,2831.463530778885
rl4crn_rne_oscillator_trace_8rxn_stop_risksched085to09_lr1e4_entropy005_s4_c1_rnetol_d256_depth3_p20_bs200,seed057,57,326,65200,200,16,70.12041192306185,117.94913391660569,68.18983929672315,False,max_epochs,2841.091647386551
rl4crn_rne_oscillator_trace_8rxn_stop_risksched085to09_lr1e4_entropy005_s4_c1_rnetol_d256_depth3_p20_bs200,seed057,57,327,65400,200,16,72.3682645087547,119.5203702297188,68.18983929672315,False,max_epochs,2850.632872581482
rl4crn_rne_oscillator_trace_8rxn_stop_risksched085to09_lr1e4_entropy005_s4_c1_rnetol_d256_depth3_p20_bs200,seed057,57,328,65600,200,16,72.13690362326031,120.60995475100381,68.18983929672315,False,max_epochs,2860.126318216324
rl4crn_rne_oscillator_trace_8rxn_stop_risksched085to09_lr1e4_entropy005_s4_c1_rnetol_d256_depth3_p20_bs200,seed057,57,329,65800,200,16,70.86071725980506,120.36398256208003,68.18983929672315,False,max_epochs,2870.0088193416595
rl4crn_rne_oscillator_trace_8rxn_stop_risksched085to09_lr1e4_entropy005_s4_c1_rnetol_d256_depth3_p20_bs200,seed057,57,330,66000,200,16,72.34591099731739,121.63104175095766,68.18983929672315,False,max_epochs,2879.157334089279
rl4crn_rne_oscillator_trace_8rxn_stop_risksched085to09_lr1e4_entropy005_s4_c1_rnetol_d256_depth3_p20_bs200,seed057,57,331,66200,200,16,70.65274180763802,117.66263922214827,68.18983929672315,False,max_epochs,2888.22181224823
rl4crn_rne_oscillator_trace_8rxn_stop_risksched085to09_lr1e4_entropy005_s4_c1_rnetol_d256_depth3_p20_bs200,seed057,57,332,66400,200,16,72.68373169119221,122.90567419218294,68.18983929672315,False,max_epochs,2897.6252505779266
rl4crn_rne_oscillator_trace_8rxn_stop_risksched085to09_lr1e4_entropy005_s4_c1_rnetol_d256_depth3_p20_bs200,seed057,57,333,66600,200,16,83.37705816594874,124.69843799653009,68.18983929672315,False,max_epochs,2906.909830093384
rl4crn_rne_oscillator_trace_8rxn_stop_risksched085to09_lr1e4_entropy005_s4_c1_rnetol_d256_depth3_p20_bs200,seed057,57,334,66800,200,16,73.24259555534535,125.55848459227028,68.18983929672315,False,max_epochs,2914.856031179428
rl4crn_rne_oscillator_trace_8rxn_stop_risksched085to09_lr1e4_entropy005_s4_c1_rnetol_d256_depth3_p20_bs200,seed057,57,335,67000,200,16,69.72702244277433,114.60491746309536,68.18983929672315,False,max_epochs,2917.9312903881073
rl4crn_rne_oscillator_trace_8rxn_stop_risksched085to09_lr1e4_entropy005_s4_c1_rnetol_d256_depth3_p20_bs200,seed057,57,336,67200,200,16,94.61589661334375,131.17063887623763,68.18983929672315,False,max_epochs,2926.980975627899
rl4crn_rne_oscillator_trace_8rxn_stop_risksched085to09_lr1e4_entropy005_s4_c1_rnetol_d256_depth3_p20_bs200,seed057,57,337,67400,200,16,105.32842512668839,128.0689077430952,68.18983929672315,False,max_epochs,2936.4420399665833
rl4crn_rne_oscillator_trace_8rxn_stop_risksched085to09_lr1e4_entropy005_s4_c1_rnetol_d256_depth3_p20_bs200,seed057,57,338,67600,200,16,101.35816437582896,127.17886403388201,68.18983929672315,False,max_epochs,2945.2931911945343
rl4crn_rne_oscillator_trace_8rxn_stop_risksched085to09_lr1e4_entropy005_s4_c1_rnetol_d256_depth3_p20_bs200,seed057,57,339,67800,200,16,94.52426770530982,129.6411333050084,68.18983929672315,False,max_epochs,2954.889595270157
rl4crn_rne_oscillator_trace_8rxn_stop_risksched085to09_lr1e4_entropy005_s4_c1_rnetol_d256_depth3_p20_bs200,seed057,57,340,68000,200,16,69.96138979166128,123.39551891778154,68.18983929672315,False,max_epochs,2963.708339214325
rl4crn_rne_oscillator_trace_8rxn_stop_risksched085to09_lr1e4_entropy005_s4_c1_rnetol_d256_depth3_p20_bs200,seed057,57,341,68200,200,16,70.60321096921761,123.8061841899657,68.18983929672315,False,max_epochs,2972.3572990894318
rl4crn_rne_oscillator_trace_8rxn_stop_risksched085to09_lr1e4_entropy005_s4_c1_rnetol_d256_depth3_p20_bs200,seed057,57,342,68400,200,16,72.23212762347393,126.611828847177,68.18983929672315,False,max_epochs,2975.2489976882935
rl4crn_rne_oscillator_trace_8rxn_stop_risksched085to09_lr1e4_entropy005_s4_c1_rnetol_d256_depth3_p20_bs200,seed057,57,343,68600,200,16,76.38454700821075,130.40188017371855,68.18983929672315,False,max_epochs,2984.3259601593018
rl4crn_rne_oscillator_trace_8rxn_stop_risksched085to09_lr1e4_entropy005_s4_c1_rnetol_d256_depth3_p20_bs200,seed057,57,344,68800,200,16,72.08788716095074,124.99952921301221,68.18983929672315,False,max_epochs,2993.8714022636414
rl4crn_rne_oscillator_trace_8rxn_stop_risksched085to09_lr1e4_entropy005_s4_c1_rnetol_d256_depth3_p20_bs200,seed057,57,345,69000,200,16,72.0011242035332,121.12484007860846,68.18983929672315,False,max_epochs,3003.6730992794037
rl4crn_rne_oscillator_trace_8rxn_stop_risksched085to09_lr1e4_entropy005_s4_c1_rnetol_d256_depth3_p20_bs200,seed057,57,346,69200,200,16,73.87332398742198,124.62966669612643,68.18983929672315,False,max_epochs,3013.034989833832
rl4crn_rne_oscillator_trace_8rxn_stop_risksched085to09_lr1e4_entropy005_s4_c1_rnetol_d256_depth3_p20_bs200,seed057,57,347,69400,200,16,71.69520461393934,122.94146144013651,68.18983929672315,False,max_epochs,3022.4789555072784
rl4crn_rne_oscillator_trace_8rxn_stop_risksched085to09_lr1e4_entropy005_s4_c1_rnetol_d256_depth3_p20_bs200,seed057,57,348,69600,200,16,69.90424031078614,122.21537155396862,68.18983929672315,False,max_epochs,3032.0191972255707
rl4crn_rne_oscillator_trace_8rxn_stop_risksched085to09_lr1e4_entropy005_s4_c1_rnetol_d256_depth3_p20_bs200,seed057,57,349,69800,200,16,72.27011941950619,123.5615285503514,68.18983929672315,False,max_epochs,3040.4991433620453
rl4crn_rne_oscillator_trace_8rxn_stop_risksched085to09_lr1e4_entropy005_s4_c1_rnetol_d256_depth3_p20_bs200,seed057,57,350,70000,200,16,72.45705815703744,123.99933881499828,68.18983929672315,False,max_epochs,3049.768099308014
rl4crn_rne_oscillator_trace_8rxn_stop_risksched085to09_lr1e4_entropy005_s4_c1_rnetol_d256_depth3_p20_bs200,seed057,57,351,70200,200,16,72.54080517272023,121.64735382516164,68.18983929672315,False,max_epochs,3056.380031347275
rl4crn_rne_oscillator_trace_8rxn_stop_risksched085to09_lr1e4_entropy005_s4_c1_rnetol_d256_depth3_p20_bs200,seed057,57,352,70400,200,16,71.06683866006064,119.5680473677608,68.18983929672315,False,max_epochs,3061.273140668869
rl4crn_rne_oscillator_trace_8rxn_stop_risksched085to09_lr1e4_entropy005_s4_c1_rnetol_d256_depth3_p20_bs200,seed057,57,353,70600,200,16,69.70116225108914,124.10837752349082,68.18983929672315,False,max_epochs,3070.0301671028137
rl4crn_rne_oscillator_trace_8rxn_stop_risksched085to09_lr1e4_entropy005_s4_c1_rnetol_d256_depth3_p20_bs200,seed057,57,354,70800,200,16,70.35835639387578,123.71395067123342,68.18983929672315,False,max_epochs,3079.633765935898
rl4crn_rne_oscillator_trace_8rxn_stop_risksched085to09_lr1e4_entropy005_s4_c1_rnetol_d256_depth3_p20_bs200,seed057,57,355,71000,200,16,70.89697110368007,118.4344807748192,68.18983929672315,False,max_epochs,3089.058322906494
rl4crn_rne_oscillator_trace_8rxn_stop_risksched085to09_lr1e4_entropy005_s4_c1_rnetol_d256_depth3_p20_bs200,seed057,57,356,71200,200,16,82.56244692321589,125.03199465153081,68.18983929672315,False,max_epochs,3098.1496143341064
rl4crn_rne_oscillator_trace_8rxn_stop_risksched085to09_lr1e4_entropy005_s4_c1_rnetol_d256_depth3_p20_bs200,seed057,57,357,71400,200,16,83.94339753307221,136.49768193910114,68.18983929672315,False,max_epochs,3107.395234107971
rl4crn_rne_oscillator_trace_8rxn_stop_risksched085to09_lr1e4_entropy005_s4_c1_rnetol_d256_depth3_p20_bs200,seed057,57,358,71600,200,16,97.91387145087515,135.1867910961611,68.18983929672315,False,max_epochs,3116.536395549774
rl4crn_rne_oscillator_trace_8rxn_stop_risksched085to09_lr1e4_entropy005_s4_c1_rnetol_d256_depth3_p20_bs200,seed057,57,359,71800,200,16,83.26865653008335,134.47354190078335,68.18983929672315,False,max_epochs,3120.6489939689636
rl4crn_rne_oscillator_trace_8rxn_stop_risksched085to09_lr1e4_entropy005_s4_c1_rnetol_d256_depth3_p20_bs200,seed057,57,360,72000,200,16,68.6977224397726,111.62858390335279,68.18983929672315,False,max_epochs,3127.6287400722504
rl4crn_rne_oscillator_trace_8rxn_stop_risksched085to09_lr1e4_entropy005_s4_c1_rnetol_d256_depth3_p20_bs200,seed057,57,361,72200,200,16,78.90713787920959,130.41640647820694,68.18983929672315,False,max_epochs,3136.8452999591827
rl4crn_rne_oscillator_trace_8rxn_stop_risksched085to09_lr1e4_entropy005_s4_c1_rnetol_d256_depth3_p20_bs200,seed057,57,362,72400,200,16,100.23930909426869,128.3186664484782,68.18983929672315,False,max_epochs,3146.2784514427185
rl4crn_rne_oscillator_trace_8rxn_stop_risksched085to09_lr1e4_entropy005_s4_c1_rnetol_d256_depth3_p20_bs200,seed057,57,363,72600,200,16,102.91967884973188,127.6809598214962,68.18983929672315,False,max_epochs,3155.7327802181244
rl4crn_rne_oscillator_trace_8rxn_stop_risksched085to09_lr1e4_entropy005_s4_c1_rnetol_d256_depth3_p20_bs200,seed057,57,364,72800,200,16,102.1973744536138,127.78685755303296,68.18983929672315,False,max_epochs,3164.9219241142273
rl4crn_rne_oscillator_trace_8rxn_stop_risksched085to09_lr1e4_entropy005_s4_c1_rnetol_d256_depth3_p20_bs200,seed057,57,365,73000,200,16,74.70851980051326,125.62280336515872,68.18983929672315,False,max_epochs,3174.4411478042603
rl4crn_rne_oscillator_trace_8rxn_stop_risksched085to09_lr1e4_entropy005_s4_c1_rnetol_d256_depth3_p20_bs200,seed057,57,366,73200,200,16,68.34437397927181,119.59152694542033,68.18983929672315,False,max_epochs,3183.29753780365
rl4crn_rne_oscillator_trace_8rxn_stop_risksched085to09_lr1e4_entropy005_s4_c1_rnetol_d256_depth3_p20_bs200,seed057,57,367,73400,200,16,68.44090857413528,128.93112767376687,68.18983929672315,False,max_epochs,3191.944812297821
rl4crn_rne_oscillator_trace_8rxn_stop_risksched085to09_lr1e4_entropy005_s4_c1_rnetol_d256_depth3_p20_bs200,seed057,57,368,73600,200,16,70.08022776158995,133.7944030076481,68.18983929672315,False,max_epochs,3201.2138612270355
rl4crn_rne_oscillator_trace_8rxn_stop_risksched085to09_lr1e4_entropy005_s4_c1_rnetol_d256_depth3_p20_bs200,seed057,57,369,73800,200,16,78.29234894878634,130.24104911857162,68.18983929672315,False,max_epochs,3210.0194313526154
rl4crn_rne_oscillator_trace_8rxn_stop_risksched085to09_lr1e4_entropy005_s4_c1_rnetol_d256_depth3_p20_bs200,seed057,57,370,74000,200,16,70.24575175285301,127.1912025531727,68.18983929672315,False,max_epochs,3213.5576934814453
rl4crn_rne_oscillator_trace_8rxn_stop_risksched085to09_lr1e4_entropy005_s4_c1_rnetol_d256_depth3_p20_bs200,seed057,57,371,74200,200,16,70.77838515428849,121.23347657979363,68.18983929672315,False,max_epochs,3221.8559379577637
rl4crn_rne_oscillator_trace_8rxn_stop_risksched085to09_lr1e4_entropy005_s4_c1_rnetol_d256_depth3_p20_bs200,seed057,57,372,74400,200,16,72.61334567497374,122.25954266019622,68.18983929672315,False,max_epochs,3230.7704486846924
rl4crn_rne_oscillator_trace_8rxn_stop_risksched085to09_lr1e4_entropy005_s4_c1_rnetol_d256_depth3_p20_bs200,seed057,57,373,74600,200,16,72.49908754279762,122.36308775434264,68.18983929672315,False,max_epochs,3239.698400259018
rl4crn_rne_oscillator_trace_8rxn_stop_risksched085to09_lr1e4_entropy005_s4_c1_rnetol_d256_depth3_p20_bs200,seed057,57,374,74800,200,16,69.45148088053642,122.9970741877326,68.18983929672315,False,max_epochs,3248.9599578380585
rl4crn_rne_oscillator_trace_8rxn_stop_risksched085to09_lr1e4_entropy005_s4_c1_rnetol_d256_depth3_p20_bs200,seed057,57,375,75000,200,16,71.25388324843412,121.56103045795409,68.18983929672315,False,max_epochs,3257.3315365314484
rl4crn_rne_oscillator_trace_8rxn_stop_risksched085to09_lr1e4_entropy005_s4_c1_rnetol_d256_depth3_p20_bs200,seed057,57,376,75200,200,16,70.94867267256828,121.94316063176188,68.18983929672315,False,max_epochs,3261.613940477371
rl4crn_rne_oscillator_trace_8rxn_stop_risksched085to09_lr1e4_entropy005_s4_c1_rnetol_d256_depth3_p20_bs200,seed057,57,377,75400,200,16,68.96450396821628,121.10800325495299,68.18983929672315,False,max_epochs,3269.0443818569183
rl4crn_rne_oscillator_trace_8rxn_stop_risksched085to09_lr1e4_entropy005_s4_c1_rnetol_d256_depth3_p20_bs200,seed057,57,378,75600,200,16,69.14979145770833,118.99229560958423,68.18983929672315,False,max_epochs,3278.3081347942352
rl4crn_rne_oscillator_trace_8rxn_stop_risksched085to09_lr1e4_entropy005_s4_c1_rnetol_d256_depth3_p20_bs200,seed057,57,379,75800,200,16,69.48572098115008,116.55102606623284,68.18983929672315,False,max_epochs,3287.3742384910583
rl4crn_rne_oscillator_trace_8rxn_stop_risksched085to09_lr1e4_entropy005_s4_c1_rnetol_d256_depth3_p20_bs200,seed057,57,380,76000,200,16,68.70835194902344,114.95100521509299,68.18983929672315,False,max_epochs,3296.8858337402344
rl4crn_rne_oscillator_trace_8rxn_stop_risksched085to09_lr1e4_entropy005_s4_c1_rnetol_d256_depth3_p20_bs200,seed057,57,381,76200,200,16,68.63178821417668,111.58067176423941,68.18983929672315,False,max_epochs,3306.052713871002
rl4crn_rne_oscillator_trace_8rxn_stop_risksched085to09_lr1e4_entropy005_s4_c1_rnetol_d256_depth3_p20_bs200,seed057,57,382,76400,200,16,68.15993830193635,113.07425985473489,68.15993830193635,False,max_epochs,3314.5927698612213
rl4crn_rne_oscillator_trace_8rxn_stop_risksched085to09_lr1e4_entropy005_s4_c1_rnetol_d256_depth3_p20_bs200,seed057,57,383,76600,200,16,70.57097733058801,113.99272604475718,68.15993830193635,False,max_epochs,3323.2796041965485
rl4crn_rne_oscillator_trace_8rxn_stop_risksched085to09_lr1e4_entropy005_s4_c1_rnetol_d256_depth3_p20_bs200,seed057,57,384,76800,200,16,68.93724004712946,112.62874645659258,68.15993830193635,False,max_epochs,3331.6259729862213
rl4crn_rne_oscillator_trace_8rxn_stop_risksched085to09_lr1e4_entropy005_s4_c1_rnetol_d256_depth3_p20_bs200,seed057,57,385,77000,200,16,70.3486646500665,118.19854852654227,68.15993830193635,False,max_epochs,3338.8077239990234
rl4crn_rne_oscillator_trace_8rxn_stop_risksched085to09_lr1e4_entropy005_s4_c1_rnetol_d256_depth3_p20_bs200,seed057,57,386,77200,200,16,67.84881456879026,115.30742979163671,67.84881456879026,False,max_epochs,3344.218473672867
rl4crn_rne_oscillator_trace_8rxn_stop_risksched085to09_lr1e4_entropy005_s4_c1_rnetol_d256_depth3_p20_bs200,seed057,57,387,77400,200,16,68.31540771996822,111.2687250913402,67.84881456879026,False,max_epochs,3352.4629542827606
rl4crn_rne_oscillator_trace_8rxn_stop_risksched085to09_lr1e4_entropy005_s4_c1_rnetol_d256_depth3_p20_bs200,seed057,57,388,77600,200,16,67.17446379921319,97.32296178651478,67.17446379921319,False,max_epochs,3361.921204328537
rl4crn_rne_oscillator_trace_8rxn_stop_risksched085to09_lr1e4_entropy005_s4_c1_rnetol_d256_depth3_p20_bs200,seed057,57,389,77800,200,16,74.13770252480202,120.40446980002221,67.17446379921319,False,max_epochs,3371.5126695632935
rl4crn_rne_oscillator_trace_8rxn_stop_risksched085to09_lr1e4_entropy005_s4_c1_rnetol_d256_depth3_p20_bs200,seed057,57,390,78000,200,16,72.90229744264992,119.5931353979253,67.17446379921319,False,max_epochs,3380.1590135097504
rl4crn_rne_oscillator_trace_8rxn_stop_risksched085to09_lr1e4_entropy005_s4_c1_rnetol_d256_depth3_p20_bs200,seed057,57,391,78200,200,16,75.84784280613613,113.24456926567575,67.17446379921319,False,max_epochs,3389.7885909080505
rl4crn_rne_oscillator_trace_8rxn_stop_risksched085to09_lr1e4_entropy005_s4_c1_rnetol_d256_depth3_p20_bs200,seed057,57,392,78400,200,16,73.7474690988874,122.12469949054315,67.17446379921319,False,max_epochs,3398.842783689499
rl4crn_rne_oscillator_trace_8rxn_stop_risksched085to09_lr1e4_entropy005_s4_c1_rnetol_d256_depth3_p20_bs200,seed057,57,393,78600,200,16,78.30478598013212,127.56778913678379,67.17446379921319,False,max_epochs,3407.860028028488
rl4crn_rne_oscillator_trace_8rxn_stop_risksched085to09_lr1e4_entropy005_s4_c1_rnetol_d256_depth3_p20_bs200,seed057,57,394,78800,200,16,73.32213044262929,118.19453686281496,67.17446379921319,False,max_epochs,3413.885936021805
rl4crn_rne_oscillator_trace_8rxn_stop_risksched085to09_lr1e4_entropy005_s4_c1_rnetol_d256_depth3_p20_bs200,seed057,57,395,79000,200,16,67.98834627885009,112.35140985904803,67.17446379921319,False,max_epochs,3419.3132536411285
rl4crn_rne_oscillator_trace_8rxn_stop_risksched085to09_lr1e4_entropy005_s4_c1_rnetol_d256_depth3_p20_bs200,seed057,57,396,79200,200,16,85.01125606610341,132.1579353843891,67.17446379921319,False,max_epochs,3428.5694677829742
rl4crn_rne_oscillator_trace_8rxn_stop_risksched085to09_lr1e4_entropy005_s4_c1_rnetol_d256_depth3_p20_bs200,seed057,57,397,79400,200,16,69.83728667530724,136.2285191754143,67.17446379921319,False,max_epochs,3437.995091199875
rl4crn_rne_oscillator_trace_8rxn_stop_risksched085to09_lr1e4_entropy005_s4_c1_rnetol_d256_depth3_p20_bs200,seed057,57,398,79600,200,16,75.22841331068001,126.79990186836777,67.17446379921319,False,max_epochs,3446.4149248600006
rl4crn_rne_oscillator_trace_8rxn_stop_risksched085to09_lr1e4_entropy005_s4_c1_rnetol_d256_depth3_p20_bs200,seed057,57,399,79800,200,16,67.35439610477974,106.63749396250697,67.17446379921319,False,max_epochs,3454.9012067317963
rl4crn_rne_oscillator_trace_8rxn_stop_risksched085to09_lr1e4_entropy005_s4_c1_rnetol_d256_depth3_p20_bs200,seed057,57,400,80000,200,16,70.07636655310948,114.86051211578064,67.17446379921319,False,max_epochs,3463.9356665611267
rl4crn_rne_oscillator_trace_8rxn_stop_risksched085to09_lr1e4_entropy005_s4_c1_rnetol_d256_depth3_p20_bs200,seed057,57,401,80200,200,16,68.88415655226575,109.20482656853832,67.17446379921319,False,max_epochs,3472.7295219898224
rl4crn_rne_oscillator_trace_8rxn_stop_risksched085to09_lr1e4_entropy005_s4_c1_rnetol_d256_depth3_p20_bs200,seed057,57,402,80400,200,16,68.28902025945094,119.24037158697689,67.17446379921319,False,max_epochs,3480.6298491954803
rl4crn_rne_oscillator_trace_8rxn_stop_risksched085to09_lr1e4_entropy005_s4_c1_rnetol_d256_depth3_p20_bs200,seed057,57,403,80600,200,16,69.77187726363493,120.69648246932728,67.17446379921319,False,max_epochs,3484.5359025001526
rl4crn_rne_oscillator_trace_8rxn_stop_risksched085to09_lr1e4_entropy005_s4_c1_rnetol_d256_depth3_p20_bs200,seed057,57,404,80800,200,16,67.87683157452962,98.36021918941778,67.17446379921319,False,max_epochs,3493.598361492157
rl4crn_rne_oscillator_trace_8rxn_stop_risksched085to09_lr1e4_entropy005_s4_c1_rnetol_d256_depth3_p20_bs200,seed057,57,405,81000,200,16,69.31480044530859,119.47323317171677,67.17446379921319,False,max_epochs,3503.2464447021484
rl4crn_rne_oscillator_trace_8rxn_stop_risksched085to09_lr1e4_entropy005_s4_c1_rnetol_d256_depth3_p20_bs200,seed057,57,406,81200,200,16,68.34953671612664,128.44271171430876,67.17446379921319,False,max_epochs,3512.790983438492
rl4crn_rne_oscillator_trace_8rxn_stop_risksched085to09_lr1e4_entropy005_s4_c1_rnetol_d256_depth3_p20_bs200,seed057,57,407,81400,200,16,71.03001125142326,119.5594086858477,67.17446379921319,False,max_epochs,3521.9839928150177
rl4crn_rne_oscillator_trace_8rxn_stop_risksched085to09_lr1e4_entropy005_s4_c1_rnetol_d256_depth3_p20_bs200,seed057,57,408,81600,200,16,69.30706904034332,113.2437186500537,67.17446379921319,False,max_epochs,3531.6695291996
rl4crn_rne_oscillator_trace_8rxn_stop_risksched085to09_lr1e4_entropy005_s4_c1_rnetol_d256_depth3_p20_bs200,seed057,57,409,81800,200,16,73.45735406154304,123.22000877443043,67.17446379921319,False,max_epochs,3540.4758336544037
rl4crn_rne_oscillator_trace_8rxn_stop_risksched085to09_lr1e4_entropy005_s4_c1_rnetol_d256_depth3_p20_bs200,seed057,57,410,82000,200,16,68.45732887980154,114.00717567543467,67.17446379921319,False,max_epochs,3549.6541616916656
rl4crn_rne_oscillator_trace_8rxn_stop_risksched085to09_lr1e4_entropy005_s4_c1_rnetol_d256_depth3_p20_bs200,seed057,57,411,82200,200,16,69.83087927977148,111.58146487261185,67.17446379921319,False,max_epochs,3558.853278398514
rl4crn_rne_oscillator_trace_8rxn_stop_risksched085to09_lr1e4_entropy005_s4_c1_rnetol_d256_depth3_p20_bs200,seed057,57,412,82400,200,16,68.12356622848044,113.52192861825108,67.17446379921319,False,max_epochs,3567.333950996399
rl4crn_rne_oscillator_trace_8rxn_stop_risksched085to09_lr1e4_entropy005_s4_c1_rnetol_d256_depth3_p20_bs200,seed057,57,413,82600,200,16,67.76259135476019,99.73498120175697,67.17446379921319,False,max_epochs,3575.80126452446
rl4crn_rne_oscillator_trace_8rxn_stop_risksched085to09_lr1e4_entropy005_s4_c1_rnetol_d256_depth3_p20_bs200,seed057,57,414,82800,200,16,67.72377559496168,115.95898318515052,67.17446379921319,False,max_epochs,3579.3665091991425
rl4crn_rne_oscillator_trace_8rxn_stop_risksched085to09_lr1e4_entropy005_s4_c1_rnetol_d256_depth3_p20_bs200,seed057,57,415,83000,200,16,67.77408770116674,113.09240698431408,67.17446379921319,False,max_epochs,3587.696193933487
rl4crn_rne_oscillator_trace_8rxn_stop_risksched085to09_lr1e4_entropy005_s4_c1_rnetol_d256_depth3_p20_bs200,seed057,57,416,83200,200,16,68.51454037439206,115.43020417650725,67.17446379921319,False,max_epochs,3597.102757692337
rl4crn_rne_oscillator_trace_8rxn_stop_risksched085to09_lr1e4_entropy005_s4_c1_rnetol_d256_depth3_p20_bs200,seed057,57,417,83400,200,16,67.89349992415622,114.98907269151127,67.17446379921319,False,max_epochs,3605.9078707695007
rl4crn_rne_oscillator_trace_8rxn_stop_risksched085to09_lr1e4_entropy005_s4_c1_rnetol_d256_depth3_p20_bs200,seed057,57,418,83600,200,16,68.28500614518401,99.519644792129,67.17446379921319,False,max_epochs,3614.8223469257355
rl4crn_rne_oscillator_trace_8rxn_stop_risksched085to09_lr1e4_entropy005_s4_c1_rnetol_d256_depth3_p20_bs200,seed057,57,419,83800,200,16,68.80687789029842,102.37128202082113,67.17446379921319,False,max_epochs,3623.8805997371674
rl4crn_rne_oscillator_trace_8rxn_stop_risksched085to09_lr1e4_entropy005_s4_c1_rnetol_d256_depth3_p20_bs200,seed057,57,420,84000,200,16,68.41299832917186,92.63895597729714,67.17446379921319,False,max_epochs,3628.792249917984
rl4crn_rne_oscillator_trace_8rxn_stop_risksched085to09_lr1e4_entropy005_s4_c1_rnetol_d256_depth3_p20_bs200,seed057,57,421,84200,200,16,67.22335992611642,89.23747735753135,67.17446379921319,False,max_epochs,3635.429430246353
rl4crn_rne_oscillator_trace_8rxn_stop_risksched085to09_lr1e4_entropy005_s4_c1_rnetol_d256_depth3_p20_bs200,seed057,57,422,84400,200,16,68.7859973251299,94.85665495673712,67.17446379921319,False,max_epochs,3644.8746070861816
rl4crn_rne_oscillator_trace_8rxn_stop_risksched085to09_lr1e4_entropy005_s4_c1_rnetol_d256_depth3_p20_bs200,seed057,57,423,84600,200,16,68.58693313589191,94.07101501534797,67.17446379921319,False,max_epochs,3654.454780101776
rl4crn_rne_oscillator_trace_8rxn_stop_risksched085to09_lr1e4_entropy005_s4_c1_rnetol_d256_depth3_p20_bs200,seed057,57,424,84800,200,16,67.76666975632831,93.58454833313286,67.17446379921319,False,max_epochs,3663.189335823059
rl4crn_rne_oscillator_trace_8rxn_stop_risksched085to09_lr1e4_entropy005_s4_c1_rnetol_d256_depth3_p20_bs200,seed057,57,425,85000,200,16,67.90934326157927,89.60501827403726,67.17446379921319,False,max_epochs,3672.654772758484
rl4crn_rne_oscillator_trace_8rxn_stop_risksched085to09_lr1e4_entropy005_s4_c1_rnetol_d256_depth3_p20_bs200,seed057,57,426,85200,200,16,72.99076339853217,115.79010951960714,67.17446379921319,False,max_epochs,3681.754456758499
rl4crn_rne_oscillator_trace_8rxn_stop_risksched085to09_lr1e4_entropy005_s4_c1_rnetol_d256_depth3_p20_bs200,seed057,57,427,85400,200,16,79.53872622337055,123.88617976478902,67.17446379921319,False,max_epochs,3690.754875898361
rl4crn_rne_oscillator_trace_8rxn_stop_risksched085to09_lr1e4_entropy005_s4_c1_rnetol_d256_depth3_p20_bs200,seed057,57,428,85600,200,16,69.52475496877608,107.25255746200051,67.17446379921319,False,max_epochs,3698.7461020946503
rl4crn_rne_oscillator_trace_8rxn_stop_risksched085to09_lr1e4_entropy005_s4_c1_rnetol_d256_depth3_p20_bs200,seed057,57,429,85800,200,16,68.13679903539219,96.22001374094627,67.17446379921319,False,max_epochs,3702.181484937668
rl4crn_rne_oscillator_trace_8rxn_stop_risksched085to09_lr1e4_entropy005_s4_c1_rnetol_d256_depth3_p20_bs200,seed057,57,430,86000,200,16,67.78148929432179,104.79548512511312,67.17446379921319,False,max_epochs,3711.0017173290253
rl4crn_rne_oscillator_trace_8rxn_stop_risksched085to09_lr1e4_entropy005_s4_c1_rnetol_d256_depth3_p20_bs200,seed057,57,431,86200,200,16,67.27360085871692,84.06096989467436,67.17446379921319,False,max_epochs,3720.080165863037
rl4crn_rne_oscillator_trace_8rxn_stop_risksched085to09_lr1e4_entropy005_s4_c1_rnetol_d256_depth3_p20_bs200,seed057,57,432,86400,200,16,70.56959351421648,118.9714796327892,67.17446379921319,False,max_epochs,3728.601990699768
rl4crn_rne_oscillator_trace_8rxn_stop_risksched085to09_lr1e4_entropy005_s4_c1_rnetol_d256_depth3_p20_bs200,seed057,57,433,86600,200,16,82.7262173163346,122.09288341145353,67.17446379921319,False,max_epochs,3737.81622838974
rl4crn_rne_oscillator_trace_8rxn_stop_risksched085to09_lr1e4_entropy005_s4_c1_rnetol_d256_depth3_p20_bs200,seed057,57,434,86800,200,16,77.28616758552194,113.51602378522317,67.17446379921319,False,max_epochs,3746.9124476909637
rl4crn_rne_oscillator_trace_8rxn_stop_risksched085to09_lr1e4_entropy005_s4_c1_rnetol_d256_depth3_p20_bs200,seed057,57,435,87000,200,16,67.93328517039431,88.05948852733749,67.17446379921319,False,max_epochs,3752.499079465866
rl4crn_rne_oscillator_trace_8rxn_stop_risksched085to09_lr1e4_entropy005_s4_c1_rnetol_d256_depth3_p20_bs200,seed057,57,436,87200,200,16,76.96564578653974,121.36368685331968,67.17446379921319,False,max_epochs,3758.1650919914246
rl4crn_rne_oscillator_trace_8rxn_stop_risksched085to09_lr1e4_entropy005_s4_c1_rnetol_d256_depth3_p20_bs200,seed057,57,437,87400,200,16,93.87564092918792,128.80367185474032,67.17446379921319,False,max_epochs,3767.711550951004
rl4crn_rne_oscillator_trace_8rxn_stop_risksched085to09_lr1e4_entropy005_s4_c1_rnetol_d256_depth3_p20_bs200,seed057,57,438,87600,200,16,107.34176254483049,128.67297211377047,67.17446379921319,False,max_epochs,3777.3512570858
rl4crn_rne_oscillator_trace_8rxn_stop_risksched085to09_lr1e4_entropy005_s4_c1_rnetol_d256_depth3_p20_bs200,seed057,57,439,87800,200,16,71.2414341188663,126.9904594832434,67.17446379921319,False,max_epochs,3786.874811410904
rl4crn_rne_oscillator_trace_8rxn_stop_risksched085to09_lr1e4_entropy005_s4_c1_rnetol_d256_depth3_p20_bs200,seed057,57,440,88000,200,16,68.32670905167666,96.70730898643492,67.17446379921319,False,max_epochs,3795.5762271881104
rl4crn_rne_oscillator_trace_8rxn_stop_risksched085to09_lr1e4_entropy005_s4_c1_rnetol_d256_depth3_p20_bs200,seed057,57,441,88200,200,16,71.07781541795936,121.3402866370761,67.17446379921319,False,max_epochs,3805.0121047496796
rl4crn_rne_oscillator_trace_8rxn_stop_risksched085to09_lr1e4_entropy005_s4_c1_rnetol_d256_depth3_p20_bs200,seed057,57,442,88400,200,16,73.95935548815076,124.8222783096792,67.17446379921319,False,max_epochs,3813.9661631584167
rl4crn_rne_oscillator_trace_8rxn_stop_risksched085to09_lr1e4_entropy005_s4_c1_rnetol_d256_depth3_p20_bs200,seed057,57,443,88600,200,16,70.37123775360854,118.85794040975416,67.17446379921319,False,max_epochs,3822.721787929535
rl4crn_rne_oscillator_trace_8rxn_stop_risksched085to09_lr1e4_entropy005_s4_c1_rnetol_d256_depth3_p20_bs200,seed057,57,444,88800,200,16,67.23309515467449,103.33046198125942,67.17446379921319,False,max_epochs,3831.714638233185
rl4crn_rne_oscillator_trace_8rxn_stop_risksched085to09_lr1e4_entropy005_s4_c1_rnetol_d256_depth3_p20_bs200,seed057,57,445,89000,200,16,72.30523530810815,126.24282093268454,67.17446379921319,False,max_epochs,3839.5689554214478
rl4crn_rne_oscillator_trace_8rxn_stop_risksched085to09_lr1e4_entropy005_s4_c1_rnetol_d256_depth3_p20_bs200,seed057,57,446,89200,200,16,73.95166061851485,128.04022123918577,67.17446379921319,False,max_epochs,3843.8388001918793
rl4crn_rne_oscillator_trace_8rxn_stop_risksched085to09_lr1e4_entropy005_s4_c1_rnetol_d256_depth3_p20_bs200,seed057,57,447,89400,200,16,71.45820021219775,126.83652077763875,67.17446379921319,False,max_epochs,3852.7589588165283
rl4crn_rne_oscillator_trace_8rxn_stop_risksched085to09_lr1e4_entropy005_s4_c1_rnetol_d256_depth3_p20_bs200,seed057,57,448,89600,200,16,68.27451322586548,117.6292103768179,67.17446379921319,False,max_epochs,3861.914845228195
rl4crn_rne_oscillator_trace_8rxn_stop_risksched085to09_lr1e4_entropy005_s4_c1_rnetol_d256_depth3_p20_bs200,seed057,57,449,89800,200,16,68.24973671612005,118.28585818675133,67.17446379921319,False,max_epochs,3871.5493080615997
rl4crn_rne_oscillator_trace_8rxn_stop_risksched085to09_lr1e4_entropy005_s4_c1_rnetol_d256_depth3_p20_bs200,seed057,57,450,90000,200,16,68.76645643068424,118.44214896373005,67.17446379921319,False,max_epochs,3880.9158520698547
rl4crn_rne_oscillator_trace_8rxn_stop_risksched085to09_lr1e4_entropy005_s4_c1_rnetol_d256_depth3_p20_bs200,seed057,57,451,90200,200,16,69.20483265856787,114.26762293154636,67.17446379921319,False,max_epochs,3889.213848590851
rl4crn_rne_oscillator_trace_8rxn_stop_risksched085to09_lr1e4_entropy005_s4_c1_rnetol_d256_depth3_p20_bs200,seed057,57,452,90400,200,16,69.28884234058015,119.59889905434908,67.17446379921319,False,max_epochs,3898.14879822731
rl4crn_rne_oscillator_trace_8rxn_stop_risksched085to09_lr1e4_entropy005_s4_c1_rnetol_d256_depth3_p20_bs200,seed057,57,453,90600,200,16,69.47633916775463,119.25346067258536,67.17446379921319,False,max_epochs,3907.113583803177
rl4crn_rne_oscillator_trace_8rxn_stop_risksched085to09_lr1e4_entropy005_s4_c1_rnetol_d256_depth3_p20_bs200,seed057,57,454,90800,200,16,67.82938555658316,112.62827399541163,67.17446379921319,False,max_epochs,3915.9274339675903
rl4crn_rne_oscillator_trace_8rxn_stop_risksched085to09_lr1e4_entropy005_s4_c1_rnetol_d256_depth3_p20_bs200,seed057,57,455,91000,200,16,68.17581802952786,114.37869062902425,67.17446379921319,False,max_epochs,3921.918757915497
rl4crn_rne_oscillator_trace_8rxn_stop_risksched085to09_lr1e4_entropy005_s4_c1_rnetol_d256_depth3_p20_bs200,seed057,57,456,91200,200,16,67.62089266683495,99.35670279754714,67.17446379921319,False,max_epochs,3927.179962158203
rl4crn_rne_oscillator_trace_8rxn_stop_risksched085to09_lr1e4_entropy005_s4_c1_rnetol_d256_depth3_p20_bs200,seed057,57,457,91400,200,16,67.53303249923967,95.29988610290826,67.17446379921319,False,max_epochs,3936.497279882431
rl4crn_rne_oscillator_trace_8rxn_stop_risksched085to09_lr1e4_entropy005_s4_c1_rnetol_d256_depth3_p20_bs200,seed057,57,458,91600,200,16,67.61396192848652,98.95055694366008,67.17446379921319,False,max_epochs,3945.9269008636475
rl4crn_rne_oscillator_trace_8rxn_stop_risksched085to09_lr1e4_entropy005_s4_c1_rnetol_d256_depth3_p20_bs200,seed057,57,459,91800,200,16,67.58943342863813,94.536179810903,67.17446379921319,False,max_epochs,3954.167453289032
rl4crn_rne_oscillator_trace_8rxn_stop_risksched085to09_lr1e4_entropy005_s4_c1_rnetol_d256_depth3_p20_bs200,seed057,57,460,92000,200,16,69.61301714237744,104.89174895603685,67.17446379921319,False,max_epochs,3963.0011355876923
rl4crn_rne_oscillator_trace_8rxn_stop_risksched085to09_lr1e4_entropy005_s4_c1_rnetol_d256_depth3_p20_bs200,seed057,57,461,92200,200,16,68.0316488486501,95.60039826128676,67.17446379921319,False,max_epochs,3971.576500415802
rl4crn_rne_oscillator_trace_8rxn_stop_risksched085to09_lr1e4_entropy005_s4_c1_rnetol_d256_depth3_p20_bs200,seed057,57,462,92400,200,16,69.75697060313465,103.87028983939197,67.17446379921319,False,max_epochs,3975.708084344864
rl4crn_rne_oscillator_trace_8rxn_stop_risksched085to09_lr1e4_entropy005_s4_c1_rnetol_d256_depth3_p20_bs200,seed057,57,463,92600,200,16,68.91814226788023,104.67156338069182,67.17446379921319,False,max_epochs,3983.9453859329224
rl4crn_rne_oscillator_trace_8rxn_stop_risksched085to09_lr1e4_entropy005_s4_c1_rnetol_d256_depth3_p20_bs200,seed057,57,464,92800,200,16,68.2398840754659,83.72262331596158,67.17446379921319,False,max_epochs,3992.8725035190582
rl4crn_rne_oscillator_trace_8rxn_stop_risksched085to09_lr1e4_entropy005_s4_c1_rnetol_d256_depth3_p20_bs200,seed057,57,465,93000,200,16,68.65232950979096,111.45340219711323,67.17446379921319,False,max_epochs,4002.621589899063
rl4crn_rne_oscillator_trace_8rxn_stop_risksched085to09_lr1e4_entropy005_s4_c1_rnetol_d256_depth3_p20_bs200,seed057,57,466,93200,200,16,70.04364743909537,103.12303491385296,67.17446379921319,False,max_epochs,4011.985426902771
rl4crn_rne_oscillator_trace_8rxn_stop_risksched085to09_lr1e4_entropy005_s4_c1_rnetol_d256_depth3_p20_bs200,seed057,57,467,93400,200,16,67.58776844417947,92.3398585321167,67.17446379921319,False,max_epochs,4021.290762901306
rl4crn_rne_oscillator_trace_8rxn_stop_risksched085to09_lr1e4_entropy005_s4_c1_rnetol_d256_depth3_p20_bs200,seed057,57,468,93600,200,16,67.8660393104881,100.24759617828305,67.17446379921319,False,max_epochs,4030.558816432953
rl4crn_rne_oscillator_trace_8rxn_stop_risksched085to09_lr1e4_entropy005_s4_c1_rnetol_d256_depth3_p20_bs200,seed057,57,469,93800,200,16,67.58821894559627,86.59549008748952,67.17446379921319,False,max_epochs,4039.655417919159
rl4crn_rne_oscillator_trace_8rxn_stop_risksched085to09_lr1e4_entropy005_s4_c1_rnetol_d256_depth3_p20_bs200,seed057,57,470,94000,200,16,67.84853301566146,85.08284211001958,67.17446379921319,False,max_epochs,4048.23867893219
rl4crn_rne_oscillator_trace_8rxn_stop_risksched085to09_lr1e4_entropy005_s4_c1_rnetol_d256_depth3_p20_bs200,seed057,57,471,94200,200,16,67.78965594195145,95.0211160549434,67.17446379921319,False,max_epochs,4057.471780061722
rl4crn_rne_oscillator_trace_8rxn_stop_risksched085to09_lr1e4_entropy005_s4_c1_rnetol_d256_depth3_p20_bs200,seed057,57,472,94400,200,16,67.73441800946729,81.82621674353527,67.17446379921319,False,max_epochs,4066.5661449432373
rl4crn_rne_oscillator_trace_8rxn_stop_risksched085to09_lr1e4_entropy005_s4_c1_rnetol_d256_depth3_p20_bs200,seed057,57,473,94600,200,16,68.63265755763805,88.29337664390646,67.17446379921319,False,max_epochs,4075.0434005260468
rl4crn_rne_oscillator_trace_8rxn_stop_risksched085to09_lr1e4_entropy005_s4_c1_rnetol_d256_depth3_p20_bs200,seed057,57,474,94800,200,16,67.658976805377,86.52376097230737,67.17446379921319,False,max_epochs,4078.160788297653
rl4crn_rne_oscillator_trace_8rxn_stop_risksched085to09_lr1e4_entropy005_s4_c1_rnetol_d256_depth3_p20_bs200,seed057,57,475,95000,200,16,70.3239760404444,110.23643983037388,67.17446379921319,False,max_epochs,4087.1193928718567
rl4crn_rne_oscillator_trace_8rxn_stop_risksched085to09_lr1e4_entropy005_s4_c1_rnetol_d256_depth3_p20_bs200,seed057,57,476,95200,200,16,69.32287663215654,107.02900188530444,67.17446379921319,False,max_epochs,4096.48410320282
rl4crn_rne_oscillator_trace_8rxn_stop_risksched085to09_lr1e4_entropy005_s4_c1_rnetol_d256_depth3_p20_bs200,seed057,57,477,95400,200,16,67.71435287553982,78.83091816338401,67.17446379921319,False,max_epochs,4105.553001880646
rl4crn_rne_oscillator_trace_8rxn_stop_risksched085to09_lr1e4_entropy005_s4_c1_rnetol_d256_depth3_p20_bs200,seed057,57,478,95600,200,16,71.71746344174399,97.55617964597556,67.17446379921319,False,max_epochs,4114.013970851898
rl4crn_rne_oscillator_trace_8rxn_stop_risksched085to09_lr1e4_entropy005_s4_c1_rnetol_d256_depth3_p20_bs200,seed057,57,479,95800,200,16,67.68070949676579,86.03863033286052,67.17446379921319,False,max_epochs,4123.301142454147
rl4crn_rne_oscillator_trace_8rxn_stop_risksched085to09_lr1e4_entropy005_s4_c1_rnetol_d256_depth3_p20_bs200,seed057,57,480,96000,200,16,78.93068827348748,115.00312104353293,67.17446379921319,False,max_epochs,4132.103918552399
rl4crn_rne_oscillator_trace_8rxn_stop_risksched085to09_lr1e4_entropy005_s4_c1_rnetol_d256_depth3_p20_bs200,seed057,57,481,96200,200,16,82.34740271309064,132.43702568057915,67.17446379921319,False,max_epochs,4136.525660037994
rl4crn_rne_oscillator_trace_8rxn_stop_risksched085to09_lr1e4_entropy005_s4_c1_rnetol_d256_depth3_p20_bs200,seed057,57,482,96400,200,16,86.26453137360105,133.4207309901131,67.17446379921319,False,max_epochs,4143.358828306198
rl4crn_rne_oscillator_trace_8rxn_stop_risksched085to09_lr1e4_entropy005_s4_c1_rnetol_d256_depth3_p20_bs200,seed057,57,483,96600,200,16,85.65623578219393,125.90311428965397,67.17446379921319,False,max_epochs,4152.962758302689
rl4crn_rne_oscillator_trace_8rxn_stop_risksched085to09_lr1e4_entropy005_s4_c1_rnetol_d256_depth3_p20_bs200,seed057,57,484,96800,200,16,68.20056910085204,94.60924962496918,67.17446379921319,False,max_epochs,4162.177855730057
rl4crn_rne_oscillator_trace_8rxn_stop_risksched085to09_lr1e4_entropy005_s4_c1_rnetol_d256_depth3_p20_bs200,seed057,57,485,97000,200,16,72.79861910766363,120.60536476117524,67.17446379921319,False,max_epochs,4171.178513288498
rl4crn_rne_oscillator_trace_8rxn_stop_risksched085to09_lr1e4_entropy005_s4_c1_rnetol_d256_depth3_p20_bs200,seed057,57,486,97200,200,16,74.84575636691021,131.78472243587356,67.17446379921319,False,max_epochs,4179.86497092247
rl4crn_rne_oscillator_trace_8rxn_stop_risksched085to09_lr1e4_entropy005_s4_c1_rnetol_d256_depth3_p20_bs200,seed057,57,487,97400,200,16,76.12676836064189,130.8690859783082,67.17446379921319,False,max_epochs,4189.030038118362
rl4crn_rne_oscillator_trace_8rxn_stop_risksched085to09_lr1e4_entropy005_s4_c1_rnetol_d256_depth3_p20_bs200,seed057,57,488,97600,200,16,69.32173600779139,114.84869032933474,67.17446379921319,False,max_epochs,4193.5569660663605
rl4crn_rne_oscillator_trace_8rxn_stop_risksched085to09_lr1e4_entropy005_s4_c1_rnetol_d256_depth3_p20_bs200,seed057,57,489,97800,200,16,69.97418666490032,96.71536209156497,67.17446379921319,False,max_epochs,4200.6659915447235
rl4crn_rne_oscillator_trace_8rxn_stop_risksched085to09_lr1e4_entropy005_s4_c1_rnetol_d256_depth3_p20_bs200,seed057,57,490,98000,200,16,68.48563296365755,112.81560579361782,67.17446379921319,False,max_epochs,4209.2610647678375
rl4crn_rne_oscillator_trace_8rxn_stop_risksched085to09_lr1e4_entropy005_s4_c1_rnetol_d256_depth3_p20_bs200,seed057,57,491,98200,200,16,67.96199349496386,114.10552569416434,67.17446379921319,False,max_epochs,4218.874370574951
rl4crn_rne_oscillator_trace_8rxn_stop_risksched085to09_lr1e4_entropy005_s4_c1_rnetol_d256_depth3_p20_bs200,seed057,57,492,98400,200,16,68.93148025523284,113.31276523520296,67.17446379921319,False,max_epochs,4227.897771596909
rl4crn_rne_oscillator_trace_8rxn_stop_risksched085to09_lr1e4_entropy005_s4_c1_rnetol_d256_depth3_p20_bs200,seed057,57,493,98600,200,16,68.70220802840714,117.4603876285862,67.17446379921319,False,max_epochs,4236.813265323639
rl4crn_rne_oscillator_trace_8rxn_stop_risksched085to09_lr1e4_entropy005_s4_c1_rnetol_d256_depth3_p20_bs200,seed057,57,494,98800,200,16,69.6717585278236,114.22438282053459,67.17446379921319,False,max_epochs,4245.798200130463
rl4crn_rne_oscillator_trace_8rxn_stop_risksched085to09_lr1e4_entropy005_s4_c1_rnetol_d256_depth3_p20_bs200,seed057,57,495,99000,200,16,69.59187632444893,112.39753296444383,67.17446379921319,False,max_epochs,4248.8127682209015
rl4crn_rne_oscillator_trace_8rxn_stop_risksched085to09_lr1e4_entropy005_s4_c1_rnetol_d256_depth3_p20_bs200,seed057,57,496,99200,200,16,69.57063738404035,111.8913973563109,67.17446379921319,False,max_epochs,4257.66540646553
rl4crn_rne_oscillator_trace_8rxn_stop_risksched085to09_lr1e4_entropy005_s4_c1_rnetol_d256_depth3_p20_bs200,seed057,57,497,99400,200,16,68.59483218686016,102.80975359661849,67.17446379921319,False,max_epochs,4267.5080325603485
rl4crn_rne_oscillator_trace_8rxn_stop_risksched085to09_lr1e4_entropy005_s4_c1_rnetol_d256_depth3_p20_bs200,seed057,57,498,99600,200,16,67.56462754137064,107.83943456854657,67.17446379921319,False,max_epochs,4275.439786672592
rl4crn_rne_oscillator_trace_8rxn_stop_risksched085to09_lr1e4_entropy005_s4_c1_rnetol_d256_depth3_p20_bs200,seed057,57,499,99800,200,16,68.47678634975308,108.13963748482232,67.17446379921319,False,max_epochs,4284.407118320465
rl4crn_rne_oscillator_trace_8rxn_stop_risksched085to09_lr1e4_entropy005_s4_c1_rnetol_d256_depth3_p20_bs200,seed057,57,500,100000,200,16,68.10405095051966,108.43734983569126,67.17446379921319,False,max_epochs,4293.564823150635
rl4crn_rne_oscillator_trace_8rxn_stop_risksched085to09_lr1e4_entropy005_s4_c1_rnetol_d256_depth3_p20_bs200,seed057,57,501,100200,200,16,68.2306775566625,112.06864714217838,67.17446379921319,False,max_epochs,4302.7844433784485
rl4crn_rne_oscillator_trace_8rxn_stop_risksched085to09_lr1e4_entropy005_s4_c1_rnetol_d256_depth3_p20_bs200,seed057,57,502,100400,200,16,67.68566944557757,96.25911382806481,67.17446379921319,False,max_epochs,4311.427581310272
rl4crn_rne_oscillator_trace_8rxn_stop_risksched085to09_lr1e4_entropy005_s4_c1_rnetol_d256_depth3_p20_bs200,seed057,57,503,100600,200,16,67.8002229723431,94.19014169006002,67.17446379921319,False,max_epochs,4320.024183511734
rl4crn_rne_oscillator_trace_8rxn_stop_risksched085to09_lr1e4_entropy005_s4_c1_rnetol_d256_depth3_p20_bs200,seed057,57,504,100800,200,16,67.46178481063315,92.29543149903611,67.17446379921319,False,max_epochs,4323.272224664688
rl4crn_rne_oscillator_trace_8rxn_stop_risksched085to09_lr1e4_entropy005_s4_c1_rnetol_d256_depth3_p20_bs200,seed057,57,505,101000,200,16,67.52887101195451,91.94778874168311,67.17446379921319,False,max_epochs,4332.412818193436
rl4crn_rne_oscillator_trace_8rxn_stop_risksched085to09_lr1e4_entropy005_s4_c1_rnetol_d256_depth3_p20_bs200,seed057,57,506,101200,200,16,67.9389260567562,92.09549424249306,67.17446379921319,False,max_epochs,4341.37774181366
rl4crn_rne_oscillator_trace_8rxn_stop_risksched085to09_lr1e4_entropy005_s4_c1_rnetol_d256_depth3_p20_bs200,seed057,57,507,101400,200,16,67.55112243648033,86.1338554691471,67.17446379921319,False,max_epochs,4350.757446050644
rl4crn_rne_oscillator_trace_8rxn_stop_risksched085to09_lr1e4_entropy005_s4_c1_rnetol_d256_depth3_p20_bs200,seed057,57,508,101600,200,16,67.8345439498818,106.21456769204428,67.17446379921319,False,max_epochs,4360.037431716919
rl4crn_rne_oscillator_trace_8rxn_stop_risksched085to09_lr1e4_entropy005_s4_c1_rnetol_d256_depth3_p20_bs200,seed057,57,509,101800,200,16,69.80031422677737,100.78998372272306,67.17446379921319,False,max_epochs,4369.364245414734
rl4crn_rne_oscillator_trace_8rxn_stop_risksched085to09_lr1e4_entropy005_s4_c1_rnetol_d256_depth3_p20_bs200,seed057,57,510,102000,200,16,67.69281221977435,80.91724661788169,67.17446379921319,False,max_epochs,4377.868252515793
rl4crn_rne_oscillator_trace_8rxn_stop_risksched085to09_lr1e4_entropy005_s4_c1_rnetol_d256_depth3_p20_bs200,seed057,57,511,102200,200,16,68.01704571660878,86.60882562743333,67.17446379921319,False,max_epochs,4384.75120639801
rl4crn_rne_oscillator_trace_8rxn_stop_risksched085to09_lr1e4_entropy005_s4_c1_rnetol_d256_depth3_p20_bs200,seed057,57,512,102400,200,16,67.9839788770823,79.91800417800542,67.17446379921319,False,max_epochs,4389.422172307968
rl4crn_rne_oscillator_trace_8rxn_stop_risksched085to09_lr1e4_entropy005_s4_c1_rnetol_d256_depth3_p20_bs200,seed057,57,513,102600,200,16,68.02265612480616,101.90834021964616,67.17446379921319,False,max_epochs,4398.717570066452
rl4crn_rne_oscillator_trace_8rxn_stop_risksched085to09_lr1e4_entropy005_s4_c1_rnetol_d256_depth3_p20_bs200,seed057,57,514,102800,200,16,67.4010320368052,91.14733235596127,67.17446379921319,False,max_epochs,4407.502758264542
rl4crn_rne_oscillator_trace_8rxn_stop_risksched085to09_lr1e4_entropy005_s4_c1_rnetol_d256_depth3_p20_bs200,seed057,57,515,103000,200,16,68.96753160647721,96.9663629907727,67.17446379921319,False,max_epochs,4416.9781012535095
rl4crn_rne_oscillator_trace_8rxn_stop_risksched085to09_lr1e4_entropy005_s4_c1_rnetol_d256_depth3_p20_bs200,seed057,57,516,103200,200,16,71.68018519294053,110.13011043438112,67.17446379921319,False,max_epochs,4425.9496557712555
rl4crn_rne_oscillator_trace_8rxn_stop_risksched085to09_lr1e4_entropy005_s4_c1_rnetol_d256_depth3_p20_bs200,seed057,57,517,103400,200,16,67.82655066593202,89.3540081072965,67.17446379921319,False,max_epochs,4434.888191699982
rl4crn_rne_oscillator_trace_8rxn_stop_risksched085to09_lr1e4_entropy005_s4_c1_rnetol_d256_depth3_p20_bs200,seed057,57,518,103600,200,16,70.62741591987321,110.66180601670465,67.17446379921319,False,max_epochs,4443.869129896164
rl4crn_rne_oscillator_trace_8rxn_stop_risksched085to09_lr1e4_entropy005_s4_c1_rnetol_d256_depth3_p20_bs200,seed057,57,519,103800,200,16,104.58978346039504,128.29432399982358,67.17446379921319,False,max_epochs,4452.3317284584045
rl4crn_rne_oscillator_trace_8rxn_stop_risksched085to09_lr1e4_entropy005_s4_c1_rnetol_d256_depth3_p20_bs200,seed057,57,520,104000,200,16,109.14334551919923,133.15093909440662,67.17446379921319,False,max_epochs,4455.751952409744
rl4crn_rne_oscillator_trace_8rxn_stop_risksched085to09_lr1e4_entropy005_s4_c1_rnetol_d256_depth3_p20_bs200,seed057,57,521,104200,200,16,110.19867300101073,134.28608787503222,67.17446379921319,False,max_epochs,4464.488620042801
rl4crn_rne_oscillator_trace_8rxn_stop_risksched085to09_lr1e4_entropy005_s4_c1_rnetol_d256_depth3_p20_bs200,seed057,57,522,104400,200,16,99.44512524113952,129.53192737904044,67.17446379921319,False,max_epochs,4473.414676904678
rl4crn_rne_oscillator_trace_8rxn_stop_risksched085to09_lr1e4_entropy005_s4_c1_rnetol_d256_depth3_p20_bs200,seed057,57,523,104600,200,16,68.09762243528453,113.28358619938999,67.17446379921319,False,max_epochs,4482.750346422195
rl4crn_rne_oscillator_trace_8rxn_stop_risksched085to09_lr1e4_entropy005_s4_c1_rnetol_d256_depth3_p20_bs200,seed057,57,524,104800,200,16,69.03077983678725,85.8934191829959,67.17446379921319,False,max_epochs,4491.944496870041
rl4crn_rne_oscillator_trace_8rxn_stop_risksched085to09_lr1e4_entropy005_s4_c1_rnetol_d256_depth3_p20_bs200,seed057,57,525,105000,200,16,67.5847680010086,111.73142241236626,67.17446379921319,False,max_epochs,4500.5828540325165
rl4crn_rne_oscillator_trace_8rxn_stop_risksched085to09_lr1e4_entropy005_s4_c1_rnetol_d256_depth3_p20_bs200,seed057,57,526,105200,200,16,67.51650971163926,99.06239823478764,67.17446379921319,False,max_epochs,4509.839850664139
rl4crn_rne_oscillator_trace_8rxn_stop_risksched085to09_lr1e4_entropy005_s4_c1_rnetol_d256_depth3_p20_bs200,seed057,57,527,105400,200,16,67.65476653470465,104.33259817583462,67.17446379921319,False,max_epochs,4518.715094804764
rl4crn_rne_oscillator_trace_8rxn_stop_risksched085to09_lr1e4_entropy005_s4_c1_rnetol_d256_depth3_p20_bs200,seed057,57,528,105600,200,16,67.96195923427882,92.97011668142619,67.17446379921319,False,max_epochs,4528.056252717972
rl4crn_rne_oscillator_trace_8rxn_stop_risksched085to09_lr1e4_entropy005_s4_c1_rnetol_d256_depth3_p20_bs200,seed057,57,529,105800,200,16,67.43663096977643,92.85340321535007,67.17446379921319,False,max_epochs,4534.776788234711
rl4crn_rne_oscillator_trace_8rxn_stop_risksched085to09_lr1e4_entropy005_s4_c1_rnetol_d256_depth3_p20_bs200,seed057,57,530,106000,200,16,67.89783103560359,88.11994798522383,67.17446379921319,False,max_epochs,4538.154580593109
rl4crn_rne_oscillator_trace_8rxn_stop_risksched085to09_lr1e4_entropy005_s4_c1_rnetol_d256_depth3_p20_bs200,seed057,57,531,106200,200,16,69.28559770240983,96.18677721097393,67.17446379921319,False,max_epochs,4546.158221483231
rl4crn_rne_oscillator_trace_8rxn_stop_risksched085to09_lr1e4_entropy005_s4_c1_rnetol_d256_depth3_p20_bs200,seed057,57,532,106400,200,16,67.85435074522533,90.23074735814897,67.17446379921319,False,max_epochs,4554.337037563324
rl4crn_rne_oscillator_trace_8rxn_stop_risksched085to09_lr1e4_entropy005_s4_c1_rnetol_d256_depth3_p20_bs200,seed057,57,533,106600,200,16,67.14165912877505,92.62633659724821,67.14165912877505,False,max_epochs,4563.01998591423
rl4crn_rne_oscillator_trace_8rxn_stop_risksched085to09_lr1e4_entropy005_s4_c1_rnetol_d256_depth3_p20_bs200,seed057,57,534,106800,200,16,68.1969268691631,93.79313367553424,67.14165912877505,False,max_epochs,4571.200742721558
rl4crn_rne_oscillator_trace_8rxn_stop_risksched085to09_lr1e4_entropy005_s4_c1_rnetol_d256_depth3_p20_bs200,seed057,57,535,107000,200,16,67.58212557303223,100.56616670650095,67.14165912877505,False,max_epochs,4579.140673398972
rl4crn_rne_oscillator_trace_8rxn_stop_risksched085to09_lr1e4_entropy005_s4_c1_rnetol_d256_depth3_p20_bs200,seed057,57,536,107200,200,16,68.30527979869527,87.60872193692506,67.14165912877505,False,max_epochs,4587.209401607513
rl4crn_rne_oscillator_trace_8rxn_stop_risksched085to09_lr1e4_entropy005_s4_c1_rnetol_d256_depth3_p20_bs200,seed057,57,537,107400,200,16,67.70371810277979,97.01360475258548,67.14165912877505,False,max_epochs,4594.842047214508
rl4crn_rne_oscillator_trace_8rxn_stop_risksched085to09_lr1e4_entropy005_s4_c1_rnetol_d256_depth3_p20_bs200,seed057,57,538,107600,200,16,67.69874473894477,93.71345780044504,67.14165912877505,False,max_epochs,4597.747411966324
rl4crn_rne_oscillator_trace_8rxn_stop_risksched085to09_lr1e4_entropy005_s4_c1_rnetol_d256_depth3_p20_bs200,seed057,57,539,107800,200,16,68.13643353090336,96.32011077289296,67.14165912877505,False,max_epochs,4605.539823770523
rl4crn_rne_oscillator_trace_8rxn_stop_risksched085to09_lr1e4_entropy005_s4_c1_rnetol_d256_depth3_p20_bs200,seed057,57,540,108000,200,16,68.88557182995547,101.29250625518523,67.14165912877505,False,max_epochs,4613.838984489441
rl4crn_rne_oscillator_trace_8rxn_stop_risksched085to09_lr1e4_entropy005_s4_c1_rnetol_d256_depth3_p20_bs200,seed057,57,541,108200,200,16,67.51655476207468,88.88510360458758,67.14165912877505,False,max_epochs,4621.783566951752
rl4crn_rne_oscillator_trace_8rxn_stop_risksched085to09_lr1e4_entropy005_s4_c1_rnetol_d256_depth3_p20_bs200,seed057,57,542,108400,200,16,68.06941975064618,83.96835713631032,67.14165912877505,False,max_epochs,4630.171406030655
rl4crn_rne_oscillator_trace_8rxn_stop_risksched085to09_lr1e4_entropy005_s4_c1_rnetol_d256_depth3_p20_bs200,seed057,57,543,108600,200,16,67.2639910530538,81.18077716240322,67.14165912877505,False,max_epochs,4638.2973165512085
rl4crn_rne_oscillator_trace_8rxn_stop_risksched085to09_lr1e4_entropy005_s4_c1_rnetol_d256_depth3_p20_bs200,seed057,57,544,108800,200,16,68.15542921163242,82.99942371438473,67.14165912877505,False,max_epochs,4646.262364625931
rl4crn_rne_oscillator_trace_8rxn_stop_risksched085to09_lr1e4_entropy005_s4_c1_rnetol_d256_depth3_p20_bs200,seed057,57,545,109000,200,16,68.83161335626156,78.61600827978185,67.14165912877505,False,max_epochs,4649.2979691028595
rl4crn_rne_oscillator_trace_8rxn_stop_risksched085to09_lr1e4_entropy005_s4_c1_rnetol_d256_depth3_p20_bs200,seed057,57,546,109200,200,16,67.59944755224804,80.72448399728775,67.14165912877505,False,max_epochs,4657.027508974075
rl4crn_rne_oscillator_trace_8rxn_stop_risksched085to09_lr1e4_entropy005_s4_c1_rnetol_d256_depth3_p20_bs200,seed057,57,547,109400,200,16,67.34438789597688,86.04707479902214,67.14165912877505,False,max_epochs,4665.368360042572
rl4crn_rne_oscillator_trace_8rxn_stop_risksched085to09_lr1e4_entropy005_s4_c1_rnetol_d256_depth3_p20_bs200,seed057,57,548,109600,200,16,68.27721963544053,88.49193647131372,67.14165912877505,False,max_epochs,4673.42906665802
rl4crn_rne_oscillator_trace_8rxn_stop_risksched085to09_lr1e4_entropy005_s4_c1_rnetol_d256_depth3_p20_bs200,seed057,57,549,109800,200,16,68.00766406833138,81.29488643346119,67.14165912877505,False,max_epochs,4681.271390914917
rl4crn_rne_oscillator_trace_8rxn_stop_risksched085to09_lr1e4_entropy005_s4_c1_rnetol_d256_depth3_p20_bs200,seed057,57,550,110000,200,16,68.52180184173146,94.90238674533482,67.14165912877505,False,max_epochs,4689.333448886871
rl4crn_rne_oscillator_trace_8rxn_stop_risksched085to09_lr1e4_entropy005_s4_c1_rnetol_d256_depth3_p20_bs200,seed057,57,551,110200,200,16,67.04316830192295,79.34541496302325,67.04316830192295,False,max_epochs,4697.415265798569
rl4crn_rne_oscillator_trace_8rxn_stop_risksched085to09_lr1e4_entropy005_s4_c1_rnetol_d256_depth3_p20_bs200,seed057,57,552,110400,200,16,72.94106400820161,112.00681265636042,67.04316830192295,False,max_epochs,4705.090433835983
rl4crn_rne_oscillator_trace_8rxn_stop_risksched085to09_lr1e4_entropy005_s4_c1_rnetol_d256_depth3_p20_bs200,seed057,57,553,110600,200,16,72.29212740162951,118.52659855057422,67.04316830192295,False,max_epochs,4712.897531032562
rl4crn_rne_oscillator_trace_8rxn_stop_risksched085to09_lr1e4_entropy005_s4_c1_rnetol_d256_depth3_p20_bs200,seed057,57,554,110800,200,16,68.98580802955465,87.96360053456944,67.04316830192295,False,max_epochs,4718.301577806473
rl4crn_rne_oscillator_trace_8rxn_stop_risksched085to09_lr1e4_entropy005_s4_c1_rnetol_d256_depth3_p20_bs200,seed057,57,555,111000,200,16,69.12592216337713,103.07953214376722,67.04316830192295,False,max_epochs,4723.820648193359
rl4crn_rne_oscillator_trace_8rxn_stop_risksched085to09_lr1e4_entropy005_s4_c1_rnetol_d256_depth3_p20_bs200,seed057,57,556,111200,200,16,95.35755376749063,124.4281091191409,67.04316830192295,False,max_epochs,4731.422591924667
rl4crn_rne_oscillator_trace_8rxn_stop_risksched085to09_lr1e4_entropy005_s4_c1_rnetol_d256_depth3_p20_bs200,seed057,57,557,111400,200,16,95.92759665394478,133.9087906338611,67.04316830192295,False,max_epochs,4739.93078327179
rl4crn_rne_oscillator_trace_8rxn_stop_risksched085to09_lr1e4_entropy005_s4_c1_rnetol_d256_depth3_p20_bs200,seed057,57,558,111600,200,16,103.85676021620321,135.75662083861206,67.04316830192295,False,max_epochs,4748.375189304352
rl4crn_rne_oscillator_trace_8rxn_stop_risksched085to09_lr1e4_entropy005_s4_c1_rnetol_d256_depth3_p20_bs200,seed057,57,559,111800,200,16,84.40165914115055,133.5144061694963,67.04316830192295,False,max_epochs,4756.616731405258
rl4crn_rne_oscillator_trace_8rxn_stop_risksched085to09_lr1e4_entropy005_s4_c1_rnetol_d256_depth3_p20_bs200,seed057,57,560,112000,200,16,77.36519868089277,106.45648069744851,67.04316830192295,False,max_epochs,4764.855483293533
rl4crn_rne_oscillator_trace_8rxn_stop_risksched085to09_lr1e4_entropy005_s4_c1_rnetol_d256_depth3_p20_bs200,seed057,57,561,112200,200,16,75.76398869939887,109.77963333465823,67.04316830192295,False,max_epochs,4772.950909376144
rl4crn_rne_oscillator_trace_8rxn_stop_risksched085to09_lr1e4_entropy005_s4_c1_rnetol_d256_depth3_p20_bs200,seed057,57,562,112400,200,16,71.98753132351177,113.80593864715132,67.04316830192295,False,max_epochs,4781.202830314636
rl4crn_rne_oscillator_trace_8rxn_stop_risksched085to09_lr1e4_entropy005_s4_c1_rnetol_d256_depth3_p20_bs200,seed057,57,563,112600,200,16,67.67013775818033,107.7998909106784,67.04316830192295,False,max_epochs,4789.401451826096
rl4crn_rne_oscillator_trace_8rxn_stop_risksched085to09_lr1e4_entropy005_s4_c1_rnetol_d256_depth3_p20_bs200,seed057,57,564,112800,200,16,67.4208711092329,94.76981382050376,67.04316830192295,False,max_epochs,4797.79577589035
rl4crn_rne_oscillator_trace_8rxn_stop_risksched085to09_lr1e4_entropy005_s4_c1_rnetol_d256_depth3_p20_bs200,seed057,57,565,113000,200,16,70.34815129159993,94.70026008024482,67.04316830192295,False,max_epochs,4806.14984536171
rl4crn_rne_oscillator_trace_8rxn_stop_risksched085to09_lr1e4_entropy005_s4_c1_rnetol_d256_depth3_p20_bs200,seed057,57,566,113200,200,16,67.97049895450128,94.88462865316146,67.04316830192295,False,max_epochs,4814.419359445572
rl4crn_rne_oscillator_trace_8rxn_stop_risksched085to09_lr1e4_entropy005_s4_c1_rnetol_d256_depth3_p20_bs200,seed057,57,567,113400,200,16,67.86645566292684,100.12914364574947,67.04316830192295,False,max_epochs,4821.487783670425
rl4crn_rne_oscillator_trace_8rxn_stop_risksched085to09_lr1e4_entropy005_s4_c1_rnetol_d256_depth3_p20_bs200,seed057,57,568,113600,200,16,68.60211292058906,104.08034345170118,67.04316830192295,False,max_epochs,4824.839894771576
rl4crn_rne_oscillator_trace_8rxn_stop_risksched085to09_lr1e4_entropy005_s4_c1_rnetol_d256_depth3_p20_bs200,seed057,57,569,113800,200,16,69.34684550188562,110.56550862522545,67.04316830192295,False,max_epochs,4832.940158605576
rl4crn_rne_oscillator_trace_8rxn_stop_risksched085to09_lr1e4_entropy005_s4_c1_rnetol_d256_depth3_p20_bs200,seed057,57,570,114000,200,16,69.46492017515877,116.60281204441226,67.04316830192295,False,max_epochs,4841.21799826622
rl4crn_rne_oscillator_trace_8rxn_stop_risksched085to09_lr1e4_entropy005_s4_c1_rnetol_d256_depth3_p20_bs200,seed057,57,571,114200,200,16,68.95204691509926,101.29567314415337,67.04316830192295,False,max_epochs,4849.793515920639
rl4crn_rne_oscillator_trace_8rxn_stop_risksched085to09_lr1e4_entropy005_s4_c1_rnetol_d256_depth3_p20_bs200,seed057,57,572,114400,200,16,67.34503612362364,90.72556511996507,67.04316830192295,False,max_epochs,4857.949926614761
rl4crn_rne_oscillator_trace_8rxn_stop_risksched085to09_lr1e4_entropy005_s4_c1_rnetol_d256_depth3_p20_bs200,seed057,57,573,114600,200,16,69.20121654705684,93.53896331352155,67.04316830192295,False,max_epochs,4866.121491909027
rl4crn_rne_oscillator_trace_8rxn_stop_risksched085to09_lr1e4_entropy005_s4_c1_rnetol_d256_depth3_p20_bs200,seed057,57,574,114800,200,16,68.40371328859678,94.63123719291801,67.04316830192295,False,max_epochs,4874.132190465927
rl4crn_rne_oscillator_trace_8rxn_stop_risksched085to09_lr1e4_entropy005_s4_c1_rnetol_d256_depth3_p20_bs200,seed057,57,575,115000,200,16,67.0831092033064,85.80307146634662,67.04316830192295,False,max_epochs,4877.676714897156
rl4crn_rne_oscillator_trace_8rxn_stop_risksched085to09_lr1e4_entropy005_s4_c1_rnetol_d256_depth3_p20_bs200,seed057,57,576,115200,200,16,69.19273813194769,97.97362749479623,67.04316830192295,False,max_epochs,4884.769631624222
rl4crn_rne_oscillator_trace_8rxn_stop_risksched085to09_lr1e4_entropy005_s4_c1_rnetol_d256_depth3_p20_bs200,seed057,57,577,115400,200,16,67.74885571938563,96.69885411618378,67.04316830192295,False,max_epochs,4893.005753517151
rl4crn_rne_oscillator_trace_8rxn_stop_risksched085to09_lr1e4_entropy005_s4_c1_rnetol_d256_depth3_p20_bs200,seed057,57,578,115600,200,16,69.12493212945786,104.88016671300471,67.04316830192295,False,max_epochs,4901.117935657501
rl4crn_rne_oscillator_trace_8rxn_stop_risksched085to09_lr1e4_entropy005_s4_c1_rnetol_d256_depth3_p20_bs200,seed057,57,579,115800,200,16,70.47677292019544,114.42488969977938,67.04316830192295,False,max_epochs,4909.192320585251
rl4crn_rne_oscillator_trace_8rxn_stop_risksched085to09_lr1e4_entropy005_s4_c1_rnetol_d256_depth3_p20_bs200,seed057,57,580,116000,200,16,68.04960349970176,90.1497665328016,67.04316830192295,False,max_epochs,4917.296453952789
rl4crn_rne_oscillator_trace_8rxn_stop_risksched085to09_lr1e4_entropy005_s4_c1_rnetol_d256_depth3_p20_bs200,seed057,57,581,116200,200,16,70.09361496074614,95.82321199545521,67.04316830192295,False,max_epochs,4924.328157901764
rl4crn_rne_oscillator_trace_8rxn_stop_risksched085to09_lr1e4_entropy005_s4_c1_rnetol_d256_depth3_p20_bs200,seed057,57,582,116400,200,16,71.2868091095284,105.13155552587796,67.04316830192295,False,max_epochs,4927.692029714584
rl4crn_rne_oscillator_trace_8rxn_stop_risksched085to09_lr1e4_entropy005_s4_c1_rnetol_d256_depth3_p20_bs200,seed057,57,583,116600,200,16,66.99282206921686,78.03938803304933,66.99282206921686,False,max_epochs,4936.54442691803
rl4crn_rne_oscillator_trace_8rxn_stop_risksched085to09_lr1e4_entropy005_s4_c1_rnetol_d256_depth3_p20_bs200,seed057,57,584,116800,200,16,87.19903794868613,120.02723535339697,66.99282206921686,False,max_epochs,4945.304687261581
rl4crn_rne_oscillator_trace_8rxn_stop_risksched085to09_lr1e4_entropy005_s4_c1_rnetol_d256_depth3_p20_bs200,seed057,57,585,117000,200,16,104.85152779545335,136.39893211701414,66.99282206921686,False,max_epochs,4953.535886764526
rl4crn_rne_oscillator_trace_8rxn_stop_risksched085to09_lr1e4_entropy005_s4_c1_rnetol_d256_depth3_p20_bs200,seed057,57,586,117200,200,16,107.96845970969429,137.23993783470695,66.99282206921686,False,max_epochs,4962.166680812836
rl4crn_rne_oscillator_trace_8rxn_stop_risksched085to09_lr1e4_entropy005_s4_c1_rnetol_d256_depth3_p20_bs200,seed057,57,587,117400,200,16,108.90963759813192,136.46749944820613,66.99282206921686,False,max_epochs,4970.968117713928
rl4crn_rne_oscillator_trace_8rxn_stop_risksched085to09_lr1e4_entropy005_s4_c1_rnetol_d256_depth3_p20_bs200,seed057,57,588,117600,200,16,108.3625274741498,135.62510955385994,66.99282206921686,False,max_epochs,4979.412714004517
rl4crn_rne_oscillator_trace_8rxn_stop_risksched085to09_lr1e4_entropy005_s4_c1_rnetol_d256_depth3_p20_bs200,seed057,57,589,117800,200,16,78.7939951262057,126.34832073544254,66.99282206921686,False,max_epochs,4987.761667251587
rl4crn_rne_oscillator_trace_8rxn_stop_risksched085to09_lr1e4_entropy005_s4_c1_rnetol_d256_depth3_p20_bs200,seed057,57,590,118000,200,16,68.80071661069366,84.58147678366277,66.99282206921686,False,max_epochs,4996.023033618927
rl4crn_rne_oscillator_trace_8rxn_stop_risksched085to09_lr1e4_entropy005_s4_c1_rnetol_d256_depth3_p20_bs200,seed057,57,591,118200,200,16,67.9527121579574,111.79417831632446,66.99282206921686,False,max_epochs,5003.994501113892
rl4crn_rne_oscillator_trace_8rxn_stop_risksched085to09_lr1e4_entropy005_s4_c1_rnetol_d256_depth3_p20_bs200,seed057,57,592,118400,200,16,70.15157804139473,118.54535594630556,66.99282206921686,False,max_epochs,5008.03097653389
rl4crn_rne_oscillator_trace_8rxn_stop_risksched085to09_lr1e4_entropy005_s4_c1_rnetol_d256_depth3_p20_bs200,seed057,57,593,118600,200,16,67.85832456288944,106.14996454664472,66.99282206921686,False,max_epochs,5014.575890302658
rl4crn_rne_oscillator_trace_8rxn_stop_risksched085to09_lr1e4_entropy005_s4_c1_rnetol_d256_depth3_p20_bs200,seed057,57,594,118800,200,16,69.37438522352672,91.66594971043904,66.99282206921686,False,max_epochs,5023.13627576828
rl4crn_rne_oscillator_trace_8rxn_stop_risksched085to09_lr1e4_entropy005_s4_c1_rnetol_d256_depth3_p20_bs200,seed057,57,595,119000,200,16,70.99227916146619,125.09171442924124,66.99282206921686,False,max_epochs,5031.969419717789
rl4crn_rne_oscillator_trace_8rxn_stop_risksched085to09_lr1e4_entropy005_s4_c1_rnetol_d256_depth3_p20_bs200,seed057,57,596,119200,200,16,68.34544341463902,125.91536828550696,66.99282206921686,False,max_epochs,5040.793344259262
rl4crn_rne_oscillator_trace_8rxn_stop_risksched085to09_lr1e4_entropy005_s4_c1_rnetol_d256_depth3_p20_bs200,seed057,57,597,119400,200,16,69.15506270594051,111.84575206843007,66.99282206921686,False,max_epochs,5049.239465475082
rl4crn_rne_oscillator_trace_8rxn_stop_risksched085to09_lr1e4_entropy005_s4_c1_rnetol_d256_depth3_p20_bs200,seed057,57,598,119600,200,16,68.01903849596405,115.31967728016367,66.99282206921686,False,max_epochs,5057.866009473801
rl4crn_rne_oscillator_trace_8rxn_stop_risksched085to09_lr1e4_entropy005_s4_c1_rnetol_d256_depth3_p20_bs200,seed057,57,599,119800,200,16,69.12815260042626,120.88923024172941,66.99282206921686,False,max_epochs,5066.461195468903
rl4crn_rne_oscillator_trace_8rxn_stop_risksched085to09_lr1e4_entropy005_s4_c1_rnetol_d256_depth3_p20_bs200,seed057,57,600,120000,200,16,68.1250297322508,119.35433275889483,66.99282206921686,False,max_epochs,5074.911745786667
rl4crn_rne_oscillator_trace_8rxn_stop_risksched085to09_lr1e4_entropy005_s4_c1_rnetol_d256_depth3_p20_bs200,seed057,57,601,120200,200,16,67.4642509469809,103.14841879413858,66.99282206921686,False,max_epochs,5083.295664310455
rl4crn_rne_oscillator_trace_8rxn_stop_risksched085to09_lr1e4_entropy005_s4_c1_rnetol_d256_depth3_p20_bs200,seed057,57,602,120400,200,16,67.58266973739345,121.16008320839558,66.99282206921686,False,max_epochs,5091.6774888038635
rl4crn_rne_oscillator_trace_8rxn_stop_risksched085to09_lr1e4_entropy005_s4_c1_rnetol_d256_depth3_p20_bs200,seed057,57,603,120600,200,16,69.21201870636978,117.97910171373793,66.99282206921686,False,max_epochs,5100.256354093552
rl4crn_rne_oscillator_trace_8rxn_stop_risksched085to09_lr1e4_entropy005_s4_c1_rnetol_d256_depth3_p20_bs200,seed057,57,604,120800,200,16,70.6403254392496,102.82105724874589,66.99282206921686,False,max_epochs,5108.517544269562
rl4crn_rne_oscillator_trace_8rxn_stop_risksched085to09_lr1e4_entropy005_s4_c1_rnetol_d256_depth3_p20_bs200,seed057,57,605,121000,200,16,68.73312044430105,108.57536455572006,66.99282206921686,False,max_epochs,5117.118634939194
rl4crn_rne_oscillator_trace_8rxn_stop_risksched085to09_lr1e4_entropy005_s4_c1_rnetol_d256_depth3_p20_bs200,seed057,57,606,121200,200,16,67.99164007479628,96.94190476576418,66.99282206921686,False,max_epochs,5125.444228649139
rl4crn_rne_oscillator_trace_8rxn_stop_risksched085to09_lr1e4_entropy005_s4_c1_rnetol_d256_depth3_p20_bs200,seed057,57,607,121400,200,16,68.40204642483403,112.26049945381678,66.99282206921686,False,max_epochs,5133.604736566544
rl4crn_rne_oscillator_trace_8rxn_stop_risksched085to09_lr1e4_entropy005_s4_c1_rnetol_d256_depth3_p20_bs200,seed057,57,608,121600,200,16,66.95443326351332,115.15044096964009,66.95443326351332,False,max_epochs,5138.527185678482
rl4crn_rne_oscillator_trace_8rxn_stop_risksched085to09_lr1e4_entropy005_s4_c1_rnetol_d256_depth3_p20_bs200,seed057,57,609,121800,200,16,68.32630384032528,90.8109941124346,66.95443326351332,False,max_epochs,5144.320637702942
rl4crn_rne_oscillator_trace_8rxn_stop_risksched085to09_lr1e4_entropy005_s4_c1_rnetol_d256_depth3_p20_bs200,seed057,57,610,122000,200,16,67.80408216407925,89.59193080292918,66.95443326351332,False,max_epochs,5152.7249093055725
rl4crn_rne_oscillator_trace_8rxn_stop_risksched085to09_lr1e4_entropy005_s4_c1_rnetol_d256_depth3_p20_bs200,seed057,57,611,122200,200,16,67.76881400305142,85.88605340898745,66.95443326351332,False,max_epochs,5161.239994525909
rl4crn_rne_oscillator_trace_8rxn_stop_risksched085to09_lr1e4_entropy005_s4_c1_rnetol_d256_depth3_p20_bs200,seed057,57,612,122400,200,16,67.1813513378627,97.91174313024277,66.95443326351332,False,max_epochs,5169.759017467499
rl4crn_rne_oscillator_trace_8rxn_stop_risksched085to09_lr1e4_entropy005_s4_c1_rnetol_d256_depth3_p20_bs200,seed057,57,613,122600,200,16,66.47662227353172,87.14885091887109,66.47662227353172,False,max_epochs,5178.353471517563
rl4crn_rne_oscillator_trace_8rxn_stop_risksched085to09_lr1e4_entropy005_s4_c1_rnetol_d256_depth3_p20_bs200,seed057,57,614,122800,200,16,67.88645805578167,96.4568081739724,66.47662227353172,False,max_epochs,5186.5704782009125
rl4crn_rne_oscillator_trace_8rxn_stop_risksched085to09_lr1e4_entropy005_s4_c1_rnetol_d256_depth3_p20_bs200,seed057,57,615,123000,200,16,67.36647814503189,92.78478133440669,66.47662227353172,False,max_epochs,5195.037055492401
rl4crn_rne_oscillator_trace_8rxn_stop_risksched085to09_lr1e4_entropy005_s4_c1_rnetol_d256_depth3_p20_bs200,seed057,57,616,123200,200,16,67.61334729344519,82.5449230943066,66.47662227353172,False,max_epochs,5202.537517547607
rl4crn_rne_oscillator_trace_8rxn_stop_risksched085to09_lr1e4_entropy005_s4_c1_rnetol_d256_depth3_p20_bs200,seed057,57,617,123400,200,16,67.1220575929191,90.85311849780945,66.47662227353172,False,max_epochs,5205.503786802292
rl4crn_rne_oscillator_trace_8rxn_stop_risksched085to09_lr1e4_entropy005_s4_c1_rnetol_d256_depth3_p20_bs200,seed057,57,618,123600,200,16,66.79545315006584,84.65055589873134,66.47662227353172,False,max_epochs,5213.518062114716
rl4crn_rne_oscillator_trace_8rxn_stop_risksched085to09_lr1e4_entropy005_s4_c1_rnetol_d256_depth3_p20_bs200,seed057,57,619,123800,200,16,67.53265598276386,83.47227382197306,66.47662227353172,False,max_epochs,5221.657750844955
rl4crn_rne_oscillator_trace_8rxn_stop_risksched085to09_lr1e4_entropy005_s4_c1_rnetol_d256_depth3_p20_bs200,seed057,57,620,124000,200,16,66.90225028589964,87.55368787203204,66.47662227353172,False,max_epochs,5230.301344394684
rl4crn_rne_oscillator_trace_8rxn_stop_risksched085to09_lr1e4_entropy005_s4_c1_rnetol_d256_depth3_p20_bs200,seed057,57,621,124200,200,16,67.74429331436495,81.18402750223497,66.47662227353172,False,max_epochs,5239.024322271347
rl4crn_rne_oscillator_trace_8rxn_stop_risksched085to09_lr1e4_entropy005_s4_c1_rnetol_d256_depth3_p20_bs200,seed057,57,622,124400,200,16,67.23866233203282,86.57590265414422,66.47662227353172,False,max_epochs,5247.395503282547
rl4crn_rne_oscillator_trace_8rxn_stop_risksched085to09_lr1e4_entropy005_s4_c1_rnetol_d256_depth3_p20_bs200,seed057,57,623,124600,200,16,67.5974837547163,88.02784660873982,66.47662227353172,False,max_epochs,5255.723563194275
rl4crn_rne_oscillator_trace_8rxn_stop_risksched085to09_lr1e4_entropy005_s4_c1_rnetol_d256_depth3_p20_bs200,seed057,57,624,124800,200,16,67.83255745072752,84.27566399129994,66.47662227353172,False,max_epochs,5263.767868280411
rl4crn_rne_oscillator_trace_8rxn_stop_risksched085to09_lr1e4_entropy005_s4_c1_rnetol_d256_depth3_p20_bs200,seed057,57,625,125000,200,16,68.88013101815991,96.82615544430799,66.47662227353172,False,max_epochs,5271.879572868347
rl4crn_rne_oscillator_trace_8rxn_stop_risksched085to09_lr1e4_entropy005_s4_c1_rnetol_d256_depth3_p20_bs200,seed057,57,626,125200,200,16,68.24931708404324,92.38627356199746,66.47662227353172,False,max_epochs,5278.44332909584
rl4crn_rne_oscillator_trace_8rxn_stop_risksched085to09_lr1e4_entropy005_s4_c1_rnetol_d256_depth3_p20_bs200,seed057,57,627,125400,200,16,68.41759733713607,80.8025615120669,66.47662227353172,False,max_epochs,5282.042140483856
rl4crn_rne_oscillator_trace_8rxn_stop_risksched085to09_lr1e4_entropy005_s4_c1_rnetol_d256_depth3_p20_bs200,seed057,57,628,125600,200,16,67.06091050601471,101.53266246452176,66.47662227353172,False,max_epochs,5290.279991865158
rl4crn_rne_oscillator_trace_8rxn_stop_risksched085to09_lr1e4_entropy005_s4_c1_rnetol_d256_depth3_p20_bs200,seed057,57,629,125800,200,16,68.64443320133228,89.19340450019561,66.47662227353172,False,max_epochs,5298.580629825592
rl4crn_rne_oscillator_trace_8rxn_stop_risksched085to09_lr1e4_entropy005_s4_c1_rnetol_d256_depth3_p20_bs200,seed057,57,630,126000,200,16,67.82845139008336,88.898821356292,66.47662227353172,False,max_epochs,5307.343483686447
rl4crn_rne_oscillator_trace_8rxn_stop_risksched085to09_lr1e4_entropy005_s4_c1_rnetol_d256_depth3_p20_bs200,seed057,57,631,126200,200,16,67.63406632629477,88.18175891916414,66.47662227353172,False,max_epochs,5315.090633869171
rl4crn_rne_oscillator_trace_8rxn_stop_risksched085to09_lr1e4_entropy005_s4_c1_rnetol_d256_depth3_p20_bs200,seed057,57,632,126400,200,16,67.94924479611339,80.50767380806255,66.47662227353172,False,max_epochs,5323.357033967972
rl4crn_rne_oscillator_trace_8rxn_stop_risksched085to09_lr1e4_entropy005_s4_c1_rnetol_d256_depth3_p20_bs200,seed057,57,633,126600,200,16,68.53792100583121,85.85844331022233,66.47662227353172,False,max_epochs,5331.400857210159
rl4crn_rne_oscillator_trace_8rxn_stop_risksched085to09_lr1e4_entropy005_s4_c1_rnetol_d256_depth3_p20_bs200,seed057,57,634,126800,200,16,70.2222793355068,90.8656026042564,66.47662227353172,False,max_epochs,5339.270186424255
rl4crn_rne_oscillator_trace_8rxn_stop_risksched085to09_lr1e4_entropy005_s4_c1_rnetol_d256_depth3_p20_bs200,seed057,57,635,127000,200,16,67.24487391340439,84.22660427869863,66.47662227353172,False,max_epochs,5342.571694135666
rl4crn_rne_oscillator_trace_8rxn_stop_risksched085to09_lr1e4_entropy005_s4_c1_rnetol_d256_depth3_p20_bs200,seed057,57,636,127200,200,16,71.08407604700804,129.29383397756288,66.47662227353172,False,max_epochs,5349.6074941158295
rl4crn_rne_oscillator_trace_8rxn_stop_risksched085to09_lr1e4_entropy005_s4_c1_rnetol_d256_depth3_p20_bs200,seed057,57,637,127400,200,16,70.61759335195289,137.20550633128124,66.47662227353172,False,max_epochs,5357.858348846436
rl4crn_rne_oscillator_trace_8rxn_stop_risksched085to09_lr1e4_entropy005_s4_c1_rnetol_d256_depth3_p20_bs200,seed057,57,638,127600,200,16,69.40314930174414,115.67256682265841,66.47662227353172,False,max_epochs,5366.782539367676
rl4crn_rne_oscillator_trace_8rxn_stop_risksched085to09_lr1e4_entropy005_s4_c1_rnetol_d256_depth3_p20_bs200,seed057,57,639,127800,200,16,69.87257303399493,97.87094212803268,66.47662227353172,False,max_epochs,5375.305345535278
rl4crn_rne_oscillator_trace_8rxn_stop_risksched085to09_lr1e4_entropy005_s4_c1_rnetol_d256_depth3_p20_bs200,seed057,57,640,128000,200,16,68.4104876325593,118.26257963848262,66.47662227353172,False,max_epochs,5383.400358200073
rl4crn_rne_oscillator_trace_8rxn_stop_risksched085to09_lr1e4_entropy005_s4_c1_rnetol_d256_depth3_p20_bs200,seed057,57,641,128200,200,16,69.12542727054263,100.3325547064488,66.47662227353172,False,max_epochs,5391.63551068306
rl4crn_rne_oscillator_trace_8rxn_stop_risksched085to09_lr1e4_entropy005_s4_c1_rnetol_d256_depth3_p20_bs200,seed057,57,642,128400,200,16,70.19941051268053,94.14839507450353,66.47662227353172,False,max_epochs,5399.539791584015
rl4crn_rne_oscillator_trace_8rxn_stop_risksched085to09_lr1e4_entropy005_s4_c1_rnetol_d256_depth3_p20_bs200,seed057,57,643,128600,200,16,73.55212868102691,117.32446057715765,66.47662227353172,False,max_epochs,5407.69443321228
rl4crn_rne_oscillator_trace_8rxn_stop_risksched085to09_lr1e4_entropy005_s4_c1_rnetol_d256_depth3_p20_bs200,seed057,57,644,128800,200,16,67.8602836722424,113.70830637241093,66.47662227353172,False,max_epochs,5415.864804029465
rl4crn_rne_oscillator_trace_8rxn_stop_risksched085to09_lr1e4_entropy005_s4_c1_rnetol_d256_depth3_p20_bs200,seed057,57,645,129000,200,16,68.53016185707229,87.07337653689859,66.47662227353172,False,max_epochs,5422.119579553604
rl4crn_rne_oscillator_trace_8rxn_stop_risksched085to09_lr1e4_entropy005_s4_c1_rnetol_d256_depth3_p20_bs200,seed057,57,646,129200,200,16,67.85727365678223,93.82091971439641,66.47662227353172,False,max_epochs,5426.815994501114
rl4crn_rne_oscillator_trace_8rxn_stop_risksched085to09_lr1e4_entropy005_s4_c1_rnetol_d256_depth3_p20_bs200,seed057,57,647,129400,200,16,66.86462401311846,89.28127959694746,66.47662227353172,False,max_epochs,5434.243987560272
rl4crn_rne_oscillator_trace_8rxn_stop_risksched085to09_lr1e4_entropy005_s4_c1_rnetol_d256_depth3_p20_bs200,seed057,57,648,129600,200,16,69.07345801344675,106.60768408079312,66.47662227353172,False,max_epochs,5442.570076704025
rl4crn_rne_oscillator_trace_8rxn_stop_risksched085to09_lr1e4_entropy005_s4_c1_rnetol_d256_depth3_p20_bs200,seed057,57,649,129800,200,16,68.55822378946247,101.70077038535112,66.47662227353172,False,max_epochs,5450.482196092606
rl4crn_rne_oscillator_trace_8rxn_stop_risksched085to09_lr1e4_entropy005_s4_c1_rnetol_d256_depth3_p20_bs200,seed057,57,650,130000,200,16,67.47638494356235,83.2900165624742,66.47662227353172,False,max_epochs,5458.607635736465
rl4crn_rne_oscillator_trace_8rxn_stop_risksched085to09_lr1e4_entropy005_s4_c1_rnetol_d256_depth3_p20_bs200,seed057,57,651,130200,200,16,66.69669340408652,96.13348965363478,66.47662227353172,False,max_epochs,5465.950265407562
rl4crn_rne_oscillator_trace_8rxn_stop_risksched085to09_lr1e4_entropy005_s4_c1_rnetol_d256_depth3_p20_bs200,seed057,57,652,130400,200,16,68.33658004697804,87.87216114534685,66.47662227353172,False,max_epochs,5468.660748004913
rl4crn_rne_oscillator_trace_8rxn_stop_risksched085to09_lr1e4_entropy005_s4_c1_rnetol_d256_depth3_p20_bs200,seed057,57,653,130600,200,16,68.19914135727821,118.75081048246633,66.47662227353172,False,max_epochs,5476.140726327896
rl4crn_rne_oscillator_trace_8rxn_stop_risksched085to09_lr1e4_entropy005_s4_c1_rnetol_d256_depth3_p20_bs200,seed057,57,654,130800,200,16,73.50099584548788,118.37243573781811,66.47662227353172,False,max_epochs,5484.602202177048
rl4crn_rne_oscillator_trace_8rxn_stop_risksched085to09_lr1e4_entropy005_s4_c1_rnetol_d256_depth3_p20_bs200,seed057,57,655,131000,200,16,67.44095547352056,87.81657170264873,66.47662227353172,False,max_epochs,5493.238837957382
rl4crn_rne_oscillator_trace_8rxn_stop_risksched085to09_lr1e4_entropy005_s4_c1_rnetol_d256_depth3_p20_bs200,seed057,57,656,131200,200,16,67.96618410909794,85.95926628766802,66.47662227353172,False,max_epochs,5501.248804092407
rl4crn_rne_oscillator_trace_8rxn_stop_risksched085to09_lr1e4_entropy005_s4_c1_rnetol_d256_depth3_p20_bs200,seed057,57,657,131400,200,16,67.6550978430629,81.77501572450242,66.47662227353172,False,max_epochs,5509.398843765259
rl4crn_rne_oscillator_trace_8rxn_stop_risksched085to09_lr1e4_entropy005_s4_c1_rnetol_d256_depth3_p20_bs200,seed057,57,658,131600,200,16,67.06543982612777,87.5680967624753,66.47662227353172,False,max_epochs,5517.677815437317
rl4crn_rne_oscillator_trace_8rxn_stop_risksched085to09_lr1e4_entropy005_s4_c1_rnetol_d256_depth3_p20_bs200,seed057,57,659,131800,200,16,68.31674872593071,88.92111208365174,66.47662227353172,False,max_epochs,5525.767282485962
rl4crn_rne_oscillator_trace_8rxn_stop_risksched085to09_lr1e4_entropy005_s4_c1_rnetol_d256_depth3_p20_bs200,seed057,57,660,132000,200,16,67.13234471536036,86.2113002609855,66.47662227353172,False,max_epochs,5533.972189664841
rl4crn_rne_oscillator_trace_8rxn_stop_risksched085to09_lr1e4_entropy005_s4_c1_rnetol_d256_depth3_p20_bs200,seed057,57,661,132200,200,16,67.7879910061156,89.66628110899032,66.47662227353172,False,max_epochs,5541.80535531044
rl4crn_rne_oscillator_trace_8rxn_stop_risksched085to09_lr1e4_entropy005_s4_c1_rnetol_d256_depth3_p20_bs200,seed057,57,662,132400,200,16,67.41717934378084,81.41454115576832,66.47662227353172,False,max_epochs,5545.273673772812
rl4crn_rne_oscillator_trace_8rxn_stop_risksched085to09_lr1e4_entropy005_s4_c1_rnetol_d256_depth3_p20_bs200,seed057,57,663,132600,200,16,67.35810053745372,87.45067176148208,66.47662227353172,False,max_epochs,5552.7529084682465
rl4crn_rne_oscillator_trace_8rxn_stop_risksched085to09_lr1e4_entropy005_s4_c1_rnetol_d256_depth3_p20_bs200,seed057,57,664,132800,200,16,67.20271845570407,80.94715325494394,66.47662227353172,False,max_epochs,5560.726147890091
rl4crn_rne_oscillator_trace_8rxn_stop_risksched085to09_lr1e4_entropy005_s4_c1_rnetol_d256_depth3_p20_bs200,seed057,57,665,133000,200,16,68.74191608478841,117.75086204181054,66.47662227353172,False,max_epochs,5568.654614448547
rl4crn_rne_oscillator_trace_8rxn_stop_risksched085to09_lr1e4_entropy005_s4_c1_rnetol_d256_depth3_p20_bs200,seed057,57,666,133200,200,16,71.96098623175162,118.26624253091218,66.47662227353172,False,max_epochs,5576.697846889496
rl4crn_rne_oscillator_trace_8rxn_stop_risksched085to09_lr1e4_entropy005_s4_c1_rnetol_d256_depth3_p20_bs200,seed057,57,667,133400,200,16,67.37085012066673,82.17065326515039,66.47662227353172,False,max_epochs,5584.725382804871
rl4crn_rne_oscillator_trace_8rxn_stop_risksched085to09_lr1e4_entropy005_s4_c1_rnetol_d256_depth3_p20_bs200,seed057,57,668,133600,200,16,70.78859640376685,117.34804061785557,66.47662227353172,False,max_epochs,5590.628553152084
rl4crn_rne_oscillator_trace_8rxn_stop_risksched085to09_lr1e4_entropy005_s4_c1_rnetol_d256_depth3_p20_bs200,seed057,57,669,133800,200,16,72.63534420342592,125.56788370421805,66.47662227353172,False,max_epochs,5594.744899749756
rl4crn_rne_oscillator_trace_8rxn_stop_risksched085to09_lr1e4_entropy005_s4_c1_rnetol_d256_depth3_p20_bs200,seed057,57,670,134000,200,16,68.93938935336638,101.02557587772728,66.47662227353172,False,max_epochs,5603.007546424866
rl4crn_rne_oscillator_trace_8rxn_stop_risksched085to09_lr1e4_entropy005_s4_c1_rnetol_d256_depth3_p20_bs200,seed057,57,671,134200,200,16,69.2299335873674,92.27547670296433,66.47662227353172,False,max_epochs,5610.95104432106
rl4crn_rne_oscillator_trace_8rxn_stop_risksched085to09_lr1e4_entropy005_s4_c1_rnetol_d256_depth3_p20_bs200,seed057,57,672,134400,200,16,82.06352772077815,117.90058021620747,66.47662227353172,False,max_epochs,5618.803503036499
rl4crn_rne_oscillator_trace_8rxn_stop_risksched085to09_lr1e4_entropy005_s4_c1_rnetol_d256_depth3_p20_bs200,seed057,57,673,134600,200,16,77.8436773866717,116.68595475600779,66.47662227353172,False,max_epochs,5626.798448801041
rl4crn_rne_oscillator_trace_8rxn_stop_risksched085to09_lr1e4_entropy005_s4_c1_rnetol_d256_depth3_p20_bs200,seed057,57,674,134800,200,16,67.49935639304074,83.13261522003387,66.47662227353172,False,max_epochs,5634.921262264252
rl4crn_rne_oscillator_trace_8rxn_stop_risksched085to09_lr1e4_entropy005_s4_c1_rnetol_d256_depth3_p20_bs200,seed057,57,675,135000,200,16,70.68276795909047,120.50753502037675,66.47662227353172,False,max_epochs,5643.259206295013
rl4crn_rne_oscillator_trace_8rxn_stop_risksched085to09_lr1e4_entropy005_s4_c1_rnetol_d256_depth3_p20_bs200,seed057,57,676,135200,200,16,79.27205757262153,132.78150180935955,66.47662227353172,False,max_epochs,5651.050109863281
rl4crn_rne_oscillator_trace_8rxn_stop_risksched085to09_lr1e4_entropy005_s4_c1_rnetol_d256_depth3_p20_bs200,seed057,57,677,135400,200,16,74.14119260157531,122.57696785258767,66.47662227353172,False,max_epochs,5654.347710609436
rl4crn_rne_oscillator_trace_8rxn_stop_risksched085to09_lr1e4_entropy005_s4_c1_rnetol_d256_depth3_p20_bs200,seed057,57,678,135600,200,16,67.07295216890739,83.98606796920595,66.47662227353172,False,max_epochs,5661.308376789093
rl4crn_rne_oscillator_trace_8rxn_stop_risksched085to09_lr1e4_entropy005_s4_c1_rnetol_d256_depth3_p20_bs200,seed057,57,679,135800,200,16,87.29849017346655,136.22263799654493,66.47662227353172,False,max_epochs,5669.71296787262
rl4crn_rne_oscillator_trace_8rxn_stop_risksched085to09_lr1e4_entropy005_s4_c1_rnetol_d256_depth3_p20_bs200,seed057,57,680,136000,200,16,107.3572708699351,137.65727536320375,66.47662227353172,False,max_epochs,5678.054198980331
rl4crn_rne_oscillator_trace_8rxn_stop_risksched085to09_lr1e4_entropy005_s4_c1_rnetol_d256_depth3_p20_bs200,seed057,57,681,136200,200,16,107.20235598134457,130.65700853801587,66.47662227353172,False,max_epochs,5686.193908214569
rl4crn_rne_oscillator_trace_8rxn_stop_risksched085to09_lr1e4_entropy005_s4_c1_rnetol_d256_depth3_p20_bs200,seed057,57,682,136400,200,16,106.04744960371177,130.95594421154976,66.47662227353172,False,max_epochs,5694.428077220917
rl4crn_rne_oscillator_trace_8rxn_stop_risksched085to09_lr1e4_entropy005_s4_c1_rnetol_d256_depth3_p20_bs200,seed057,57,683,136600,200,16,108.86681444776532,133.58470026970662,66.47662227353172,False,max_epochs,5702.728520154953
rl4crn_rne_oscillator_trace_8rxn_stop_risksched085to09_lr1e4_entropy005_s4_c1_rnetol_d256_depth3_p20_bs200,seed057,57,684,136800,200,16,71.59969705243788,131.98459234153415,66.47662227353172,False,max_epochs,5710.820521831512
rl4crn_rne_oscillator_trace_8rxn_stop_risksched085to09_lr1e4_entropy005_s4_c1_rnetol_d256_depth3_p20_bs200,seed057,57,685,137000,200,16,66.8407206550873,107.52513342337068,66.47662227353172,False,max_epochs,5718.159939050674
rl4crn_rne_oscillator_trace_8rxn_stop_risksched085to09_lr1e4_entropy005_s4_c1_rnetol_d256_depth3_p20_bs200,seed057,57,686,137200,200,16,68.9706688095418,123.70048579997939,66.47662227353172,False,max_epochs,5720.948780298233
rl4crn_rne_oscillator_trace_8rxn_stop_risksched085to09_lr1e4_entropy005_s4_c1_rnetol_d256_depth3_p20_bs200,seed057,57,687,137400,200,16,69.42162011022471,132.91492638792346,66.47662227353172,False,max_epochs,5728.854355096817
rl4crn_rne_oscillator_trace_8rxn_stop_risksched085to09_lr1e4_entropy005_s4_c1_rnetol_d256_depth3_p20_bs200,seed057,57,688,137600,200,16,70.05322675282659,128.36834399988095,66.47662227353172,False,max_epochs,5736.87930893898
rl4crn_rne_oscillator_trace_8rxn_stop_risksched085to09_lr1e4_entropy005_s4_c1_rnetol_d256_depth3_p20_bs200,seed057,57,689,137800,200,16,70.35264465850886,119.02078334511998,66.47662227353172,False,max_epochs,5745.469637393951
rl4crn_rne_oscillator_trace_8rxn_stop_risksched085to09_lr1e4_entropy005_s4_c1_rnetol_d256_depth3_p20_bs200,seed057,57,690,138000,200,16,70.50194712897284,116.80715073270795,66.47662227353172,False,max_epochs,5754.191801071167
rl4crn_rne_oscillator_trace_8rxn_stop_risksched085to09_lr1e4_entropy005_s4_c1_rnetol_d256_depth3_p20_bs200,seed057,57,691,138200,200,16,73.92963708943734,122.82229046134115,66.47662227353172,False,max_epochs,5762.005551815033
rl4crn_rne_oscillator_trace_8rxn_stop_risksched085to09_lr1e4_entropy005_s4_c1_rnetol_d256_depth3_p20_bs200,seed057,57,692,138400,200,16,68.72511644207124,125.23972278806104,66.47662227353172,False,max_epochs,5770.141222953796
rl4crn_rne_oscillator_trace_8rxn_stop_risksched085to09_lr1e4_entropy005_s4_c1_rnetol_d256_depth3_p20_bs200,seed057,57,693,138600,200,16,70.06146878161961,120.69186542120046,66.47662227353172,False,max_epochs,5776.648471832275
rl4crn_rne_oscillator_trace_8rxn_stop_risksched085to09_lr1e4_entropy005_s4_c1_rnetol_d256_depth3_p20_bs200,seed057,57,694,138800,200,16,69.18584421960074,120.6959169013538,66.47662227353172,False,max_epochs,5780.687599658966
rl4crn_rne_oscillator_trace_8rxn_stop_risksched085to09_lr1e4_entropy005_s4_c1_rnetol_d256_depth3_p20_bs200,seed057,57,695,139000,200,16,70.08169899417263,117.9141007346761,66.47662227353172,False,max_epochs,5788.869675397873
rl4crn_rne_oscillator_trace_8rxn_stop_risksched085to09_lr1e4_entropy005_s4_c1_rnetol_d256_depth3_p20_bs200,seed057,57,696,139200,200,16,66.94576058361628,116.43852371994333,66.47662227353172,False,max_epochs,5797.418163061142
rl4crn_rne_oscillator_trace_8rxn_stop_risksched085to09_lr1e4_entropy005_s4_c1_rnetol_d256_depth3_p20_bs200,seed057,57,697,139400,200,16,67.62495803525321,115.56627353430792,66.47662227353172,False,max_epochs,5805.542938232422
rl4crn_rne_oscillator_trace_8rxn_stop_risksched085to09_lr1e4_entropy005_s4_c1_rnetol_d256_depth3_p20_bs200,seed057,57,698,139600,200,16,68.40499551262828,113.9003723841964,66.47662227353172,False,max_epochs,5813.882644176483
rl4crn_rne_oscillator_trace_8rxn_stop_risksched085to09_lr1e4_entropy005_s4_c1_rnetol_d256_depth3_p20_bs200,seed057,57,699,139800,200,16,71.0245687076711,112.13977620384415,66.47662227353172,False,max_epochs,5822.3076066970825
rl4crn_rne_oscillator_trace_8rxn_stop_risksched085to09_lr1e4_entropy005_s4_c1_rnetol_d256_depth3_p20_bs200,seed057,57,700,140000,200,16,68.87080279288634,103.84584672990894,66.47662227353172,False,max_epochs,5830.638527393341
rl4crn_rne_oscillator_trace_8rxn_stop_risksched085to09_lr1e4_entropy005_s4_c1_rnetol_d256_depth3_p20_bs200,seed057,57,701,140200,200,16,68.23615203725346,108.19385881522017,66.47662227353172,False,max_epochs,5838.89702630043
rl4crn_rne_oscillator_trace_8rxn_stop_risksched085to09_lr1e4_entropy005_s4_c1_rnetol_d256_depth3_p20_bs200,seed057,57,702,140400,200,16,71.45879834063577,113.71375184407611,66.47662227353172,False,max_epochs,5844.980640172958
rl4crn_rne_oscillator_trace_8rxn_stop_risksched085to09_lr1e4_entropy005_s4_c1_rnetol_d256_depth3_p20_bs200,seed057,57,703,140600,200,16,68.40013806046028,104.43092110911316,66.47662227353172,False,max_epochs,5849.289087772369
rl4crn_rne_oscillator_trace_8rxn_stop_risksched085to09_lr1e4_entropy005_s4_c1_rnetol_d256_depth3_p20_bs200,seed057,57,704,140800,200,16,67.58737682093268,90.90502457604538,66.47662227353172,False,max_epochs,5857.29407286644
rl4crn_rne_oscillator_trace_8rxn_stop_risksched085to09_lr1e4_entropy005_s4_c1_rnetol_d256_depth3_p20_bs200,seed057,57,705,141000,200,16,67.45901877111687,91.4180376679756,66.47662227353172,False,max_epochs,5865.517570257187
rl4crn_rne_oscillator_trace_8rxn_stop_risksched085to09_lr1e4_entropy005_s4_c1_rnetol_d256_depth3_p20_bs200,seed057,57,706,141200,200,16,68.44545066593972,84.34909027269981,66.47662227353172,False,max_epochs,5873.19979929924
rl4crn_rne_oscillator_trace_8rxn_stop_risksched085to09_lr1e4_entropy005_s4_c1_rnetol_d256_depth3_p20_bs200,seed057,57,707,141400,200,16,67.00146413959398,99.35015581773271,66.47662227353172,False,max_epochs,5881.215714454651
rl4crn_rne_oscillator_trace_8rxn_stop_risksched085to09_lr1e4_entropy005_s4_c1_rnetol_d256_depth3_p20_bs200,seed057,57,708,141600,200,16,67.47473506863518,100.05833492275382,66.47662227353172,False,max_epochs,5888.713821172714
rl4crn_rne_oscillator_trace_8rxn_stop_risksched085to09_lr1e4_entropy005_s4_c1_rnetol_d256_depth3_p20_bs200,seed057,57,709,141800,200,16,67.55120943688357,82.41212582626902,66.47662227353172,False,max_epochs,5893.9550058841705
rl4crn_rne_oscillator_trace_8rxn_stop_risksched085to09_lr1e4_entropy005_s4_c1_rnetol_d256_depth3_p20_bs200,seed057,57,710,142000,200,16,67.14683001267122,86.19518257892815,66.47662227353172,False,max_epochs,5899.311046123505
rl4crn_rne_oscillator_trace_8rxn_stop_risksched085to09_lr1e4_entropy005_s4_c1_rnetol_d256_depth3_p20_bs200,seed057,57,711,142200,200,16,67.70412277455831,87.97552950880183,66.47662227353172,False,max_epochs,5907.719653606415
rl4crn_rne_oscillator_trace_8rxn_stop_risksched085to09_lr1e4_entropy005_s4_c1_rnetol_d256_depth3_p20_bs200,seed057,57,712,142400,200,16,67.15754843390789,80.74551726159336,66.47662227353172,False,max_epochs,5916.108008861542
rl4crn_rne_oscillator_trace_8rxn_stop_risksched085to09_lr1e4_entropy005_s4_c1_rnetol_d256_depth3_p20_bs200,seed057,57,713,142600,200,16,68.19484845313428,100.70290447719611,66.47662227353172,False,max_epochs,5924.4664487838745
rl4crn_rne_oscillator_trace_8rxn_stop_risksched085to09_lr1e4_entropy005_s4_c1_rnetol_d256_depth3_p20_bs200,seed057,57,714,142800,200,16,68.58573377389102,109.09549324360904,66.47662227353172,False,max_epochs,5932.689750671387
rl4crn_rne_oscillator_trace_8rxn_stop_risksched085to09_lr1e4_entropy005_s4_c1_rnetol_d256_depth3_p20_bs200,seed057,57,715,143000,200,16,67.43604224417865,79.80663852892906,66.47662227353172,False,max_epochs,5940.826844453812
rl4crn_rne_oscillator_trace_8rxn_stop_risksched085to09_lr1e4_entropy005_s4_c1_rnetol_d256_depth3_p20_bs200,seed057,57,716,143200,200,16,91.97028760631312,126.23173416869994,66.47662227353172,False,max_epochs,5948.981544971466
rl4crn_rne_oscillator_trace_8rxn_stop_risksched085to09_lr1e4_entropy005_s4_c1_rnetol_d256_depth3_p20_bs200,seed057,57,717,143400,200,16,107.47354458006663,142.47933625764043,66.47662227353172,False,max_epochs,5952.355985879898
rl4crn_rne_oscillator_trace_8rxn_stop_risksched085to09_lr1e4_entropy005_s4_c1_rnetol_d256_depth3_p20_bs200,seed057,57,718,143600,200,16,106.6177363101975,132.21007678554454,66.47662227353172,False,max_epochs,5959.2886617183685
rl4crn_rne_oscillator_trace_8rxn_stop_risksched085to09_lr1e4_entropy005_s4_c1_rnetol_d256_depth3_p20_bs200,seed057,57,719,143800,200,16,108.21228658413537,129.40835238696127,66.47662227353172,False,max_epochs,5967.818421840668
rl4crn_rne_oscillator_trace_8rxn_stop_risksched085to09_lr1e4_entropy005_s4_c1_rnetol_d256_depth3_p20_bs200,seed057,57,720,144000,200,16,108.32496764759132,131.2288074403633,66.47662227353172,False,max_epochs,5976.220606088638
rl4crn_rne_oscillator_trace_8rxn_stop_risksched085to09_lr1e4_entropy005_s4_c1_rnetol_d256_depth3_p20_bs200,seed057,57,721,144200,200,16,92.76156876796335,140.10459538945938,66.47662227353172,False,max_epochs,5984.659105300903
rl4crn_rne_oscillator_trace_8rxn_stop_risksched085to09_lr1e4_entropy005_s4_c1_rnetol_d256_depth3_p20_bs200,seed057,57,722,144400,200,16,69.96822473664903,138.34134403393134,66.47662227353172,False,max_epochs,5992.807343482971
rl4crn_rne_oscillator_trace_8rxn_stop_risksched085to09_lr1e4_entropy005_s4_c1_rnetol_d256_depth3_p20_bs200,seed057,57,723,144600,200,16,67.0629814643924,83.18770068396267,66.47662227353172,False,max_epochs,6000.952481985092
rl4crn_rne_oscillator_trace_8rxn_stop_risksched085to09_lr1e4_entropy005_s4_c1_rnetol_d256_depth3_p20_bs200,seed057,57,724,144800,200,16,68.14250808169298,120.02833306220825,66.47662227353172,False,max_epochs,6008.566136598587
rl4crn_rne_oscillator_trace_8rxn_stop_risksched085to09_lr1e4_entropy005_s4_c1_rnetol_d256_depth3_p20_bs200,seed057,57,725,145000,200,16,72.89945930539552,128.69858277645312,66.47662227353172,False,max_epochs,6011.556654691696
rl4crn_rne_oscillator_trace_8rxn_stop_risksched085to09_lr1e4_entropy005_s4_c1_rnetol_d256_depth3_p20_bs200,seed057,57,726,145200,200,16,69.71379024575248,118.92805191365505,66.47662227353172,False,max_epochs,6019.575402975082
rl4crn_rne_oscillator_trace_8rxn_stop_risksched085to09_lr1e4_entropy005_s4_c1_rnetol_d256_depth3_p20_bs200,seed057,57,727,145400,200,16,67.9074672341043,85.34224068019532,66.47662227353172,False,max_epochs,6027.944490909576
rl4crn_rne_oscillator_trace_8rxn_stop_risksched085to09_lr1e4_entropy005_s4_c1_rnetol_d256_depth3_p20_bs200,seed057,57,728,145600,200,16,67.63979642224452,127.52080123122204,66.47662227353172,False,max_epochs,6036.799892663956
rl4crn_rne_oscillator_trace_8rxn_stop_risksched085to09_lr1e4_entropy005_s4_c1_rnetol_d256_depth3_p20_bs200,seed057,57,729,145800,200,16,69.48551097421281,132.54640780326923,66.47662227353172,False,max_epochs,6045.244121313095
rl4crn_rne_oscillator_trace_8rxn_stop_risksched085to09_lr1e4_entropy005_s4_c1_rnetol_d256_depth3_p20_bs200,seed057,57,730,146000,200,16,68.09920034396657,123.31658922433655,66.47662227353172,False,max_epochs,6053.479893684387
rl4crn_rne_oscillator_trace_8rxn_stop_risksched085to09_lr1e4_entropy005_s4_c1_rnetol_d256_depth3_p20_bs200,seed057,57,731,146200,200,16,68.50421214421823,100.76741760450238,66.47662227353172,False,max_epochs,6061.360200643539
rl4crn_rne_oscillator_trace_8rxn_stop_risksched085to09_lr1e4_entropy005_s4_c1_rnetol_d256_depth3_p20_bs200,seed057,57,732,146400,200,16,66.78362440439125,118.81270727325352,66.47662227353172,False,max_epochs,6068.912472963333
rl4crn_rne_oscillator_trace_8rxn_stop_risksched085to09_lr1e4_entropy005_s4_c1_rnetol_d256_depth3_p20_bs200,seed057,57,733,146600,200,16,69.00969870410427,111.86145200790016,66.47662227353172,False,max_epochs,6071.990404844284
rl4crn_rne_oscillator_trace_8rxn_stop_risksched085to09_lr1e4_entropy005_s4_c1_rnetol_d256_depth3_p20_bs200,seed057,57,734,146800,200,16,68.97568986695113,96.84341582049412,66.47662227353172,False,max_epochs,6079.809476852417
rl4crn_rne_oscillator_trace_8rxn_stop_risksched085to09_lr1e4_entropy005_s4_c1_rnetol_d256_depth3_p20_bs200,seed057,57,735,147000,200,16,68.43329634861944,110.26356983221463,66.47662227353172,False,max_epochs,6088.005259037018
rl4crn_rne_oscillator_trace_8rxn_stop_risksched085to09_lr1e4_entropy005_s4_c1_rnetol_d256_depth3_p20_bs200,seed057,57,736,147200,200,16,66.95216323004566,110.69843104950638,66.47662227353172,False,max_epochs,6096.379884719849
rl4crn_rne_oscillator_trace_8rxn_stop_risksched085to09_lr1e4_entropy005_s4_c1_rnetol_d256_depth3_p20_bs200,seed057,57,737,147400,200,16,66.7454173909798,95.74514112842786,66.47662227353172,False,max_epochs,6104.865307569504
rl4crn_rne_oscillator_trace_8rxn_stop_risksched085to09_lr1e4_entropy005_s4_c1_rnetol_d256_depth3_p20_bs200,seed057,57,738,147600,200,16,68.2848423203668,96.84362340482816,66.47662227353172,False,max_epochs,6113.119189500809
rl4crn_rne_oscillator_trace_8rxn_stop_risksched085to09_lr1e4_entropy005_s4_c1_rnetol_d256_depth3_p20_bs200,seed057,57,739,147800,200,16,68.4667834769967,93.2547571283927,66.47662227353172,False,max_epochs,6120.949823379517
rl4crn_rne_oscillator_trace_8rxn_stop_risksched085to09_lr1e4_entropy005_s4_c1_rnetol_d256_depth3_p20_bs200,seed057,57,740,148000,200,16,68.04317087785786,96.8961176993573,66.47662227353172,False,max_epochs,6124.457074403763
rl4crn_rne_oscillator_trace_8rxn_stop_risksched085to09_lr1e4_entropy005_s4_c1_rnetol_d256_depth3_p20_bs200,seed057,57,741,148200,200,16,67.09195671028372,85.76906840647942,66.47662227353172,False,max_epochs,6131.408134222031
rl4crn_rne_oscillator_trace_8rxn_stop_risksched085to09_lr1e4_entropy005_s4_c1_rnetol_d256_depth3_p20_bs200,seed057,57,742,148400,200,16,67.41855045008097,87.36680646924248,66.47662227353172,False,max_epochs,6139.8123660087585
rl4crn_rne_oscillator_trace_8rxn_stop_risksched085to09_lr1e4_entropy005_s4_c1_rnetol_d256_depth3_p20_bs200,seed057,57,743,148600,200,16,67.03791719656121,83.86775437103461,66.47662227353172,False,max_epochs,6148.171587705612
rl4crn_rne_oscillator_trace_8rxn_stop_risksched085to09_lr1e4_entropy005_s4_c1_rnetol_d256_depth3_p20_bs200,seed057,57,744,148800,200,16,67.62563820446721,116.58274721532251,66.47662227353172,False,max_epochs,6156.766928195953
rl4crn_rne_oscillator_trace_8rxn_stop_risksched085to09_lr1e4_entropy005_s4_c1_rnetol_d256_depth3_p20_bs200,seed057,57,745,149000,200,16,68.09570039455991,116.07751675630391,66.47662227353172,False,max_epochs,6164.421509742737
rl4crn_rne_oscillator_trace_8rxn_stop_risksched085to09_lr1e4_entropy005_s4_c1_rnetol_d256_depth3_p20_bs200,seed057,57,746,149200,200,16,67.12685662117177,84.86218186334192,66.47662227353172,False,max_epochs,6172.624651193619
rl4crn_rne_oscillator_trace_8rxn_stop_risksched085to09_lr1e4_entropy005_s4_c1_rnetol_d256_depth3_p20_bs200,seed057,57,747,149400,200,16,67.47874959019883,92.0978636988539,66.47662227353172,False,max_epochs,6179.349268198013
rl4crn_rne_oscillator_trace_8rxn_stop_risksched085to09_lr1e4_entropy005_s4_c1_rnetol_d256_depth3_p20_bs200,seed057,57,748,149600,200,16,66.89813735577204,83.75149274410929,66.47662227353172,False,max_epochs,6183.196131229401
rl4crn_rne_oscillator_trace_8rxn_stop_risksched085to09_lr1e4_entropy005_s4_c1_rnetol_d256_depth3_p20_bs200,seed057,57,749,149800,200,16,68.74196238833647,89.87201864871867,66.47662227353172,False,max_epochs,6191.1480276584625
rl4crn_rne_oscillator_trace_8rxn_stop_risksched085to09_lr1e4_entropy005_s4_c1_rnetol_d256_depth3_p20_bs200,seed057,57,750,150000,200,16,71.78390072825094,108.17878934801534,66.47662227353172,False,max_epochs,6200.050091743469
rl4crn_rne_oscillator_trace_8rxn_stop_risksched085to09_lr1e4_entropy005_s4_c1_rnetol_d256_depth3_p20_bs200,seed057,57,751,150200,200,16,67.98993487645683,82.47793845022693,66.47662227353172,False,max_epochs,6208.415026664734
rl4crn_rne_oscillator_trace_8rxn_stop_risksched085to09_lr1e4_entropy005_s4_c1_rnetol_d256_depth3_p20_bs200,seed057,57,752,150400,200,16,67.57699577775945,93.54039631876118,66.47662227353172,False,max_epochs,6216.5307195186615
rl4crn_rne_oscillator_trace_8rxn_stop_risksched085to09_lr1e4_entropy005_s4_c1_rnetol_d256_depth3_p20_bs200,seed057,57,753,150600,200,16,73.0980916736724,105.739661529465,66.47662227353172,False,max_epochs,6224.926569700241
rl4crn_rne_oscillator_trace_8rxn_stop_risksched085to09_lr1e4_entropy005_s4_c1_rnetol_d256_depth3_p20_bs200,seed057,57,754,150800,200,16,70.44692220335895,102.5763955342174,66.47662227353172,False,max_epochs,6233.072518348694
rl4crn_rne_oscillator_trace_8rxn_stop_risksched085to09_lr1e4_entropy005_s4_c1_rnetol_d256_depth3_p20_bs200,seed057,57,755,151000,200,16,70.92836536005908,85.25534752085925,66.47662227353172,False,max_epochs,6240.645758390427
rl4crn_rne_oscillator_trace_8rxn_stop_risksched085to09_lr1e4_entropy005_s4_c1_rnetol_d256_depth3_p20_bs200,seed057,57,756,151200,200,16,67.92367037775374,81.89943318644274,66.47662227353172,False,max_epochs,6243.966253519058
rl4crn_rne_oscillator_trace_8rxn_stop_risksched085to09_lr1e4_entropy005_s4_c1_rnetol_d256_depth3_p20_bs200,seed057,57,757,151400,200,16,68.37936265131187,83.55670412691069,66.47662227353172,False,max_epochs,6251.902215957642
rl4crn_rne_oscillator_trace_8rxn_stop_risksched085to09_lr1e4_entropy005_s4_c1_rnetol_d256_depth3_p20_bs200,seed057,57,758,151600,200,16,69.0469717295772,79.5520469569023,66.47662227353172,False,max_epochs,6260.367466926575
rl4crn_rne_oscillator_trace_8rxn_stop_risksched085to09_lr1e4_entropy005_s4_c1_rnetol_d256_depth3_p20_bs200,seed057,57,759,151800,200,16,68.07945047180301,91.9141359658667,66.47662227353172,False,max_epochs,6269.033063173294
rl4crn_rne_oscillator_trace_8rxn_stop_risksched085to09_lr1e4_entropy005_s4_c1_rnetol_d256_depth3_p20_bs200,seed057,57,760,152000,200,16,68.25672314153184,94.02637735291577,66.47662227353172,False,max_epochs,6277.234574556351
rl4crn_rne_oscillator_trace_8rxn_stop_risksched085to09_lr1e4_entropy005_s4_c1_rnetol_d256_depth3_p20_bs200,seed057,57,761,152200,200,16,67.38757448819449,78.10274890225332,66.47662227353172,False,max_epochs,6285.740717411041
rl4crn_rne_oscillator_trace_8rxn_stop_risksched085to09_lr1e4_entropy005_s4_c1_rnetol_d256_depth3_p20_bs200,seed057,57,762,152400,200,16,68.31332872877101,79.72700768524793,66.47662227353172,False,max_epochs,6294.165376663208
rl4crn_rne_oscillator_trace_8rxn_stop_risksched085to09_lr1e4_entropy005_s4_c1_rnetol_d256_depth3_p20_bs200,seed057,57,763,152600,200,16,66.79123368851921,93.8643131250565,66.47662227353172,False,max_epochs,6302.215103149414
rl4crn_rne_oscillator_trace_8rxn_stop_risksched085to09_lr1e4_entropy005_s4_c1_rnetol_d256_depth3_p20_bs200,seed057,57,764,152800,200,16,67.74468601573783,84.08559412570244,66.47662227353172,False,max_epochs,6310.424480676651
rl4crn_rne_oscillator_trace_8rxn_stop_risksched085to09_lr1e4_entropy005_s4_c1_rnetol_d256_depth3_p20_bs200,seed057,57,765,153000,200,16,66.99076680869695,83.33796589946289,66.47662227353172,False,max_epochs,6318.636982917786
rl4crn_rne_oscillator_trace_8rxn_stop_risksched085to09_lr1e4_entropy005_s4_c1_rnetol_d256_depth3_p20_bs200,seed057,57,766,153200,200,16,67.3322657147485,79.435722607077,66.47662227353172,False,max_epochs,6323.763662099838
rl4crn_rne_oscillator_trace_8rxn_stop_risksched085to09_lr1e4_entropy005_s4_c1_rnetol_d256_depth3_p20_bs200,seed057,57,767,153400,200,16,70.0489140270331,90.04187465803906,66.47662227353172,False,max_epochs,6329.068395137787
rl4crn_rne_oscillator_trace_8rxn_stop_risksched085to09_lr1e4_entropy005_s4_c1_rnetol_d256_depth3_p20_bs200,seed057,57,768,153600,200,16,85.87168890298908,122.45199862747432,66.47662227353172,False,max_epochs,6337.501561164856
rl4crn_rne_oscillator_trace_8rxn_stop_risksched085to09_lr1e4_entropy005_s4_c1_rnetol_d256_depth3_p20_bs200,seed057,57,769,153800,200,16,73.82674266662276,135.41787704679092,66.47662227353172,False,max_epochs,6345.599808931351
rl4crn_rne_oscillator_trace_8rxn_stop_risksched085to09_lr1e4_entropy005_s4_c1_rnetol_d256_depth3_p20_bs200,seed057,57,770,154000,200,16,89.20108532228319,127.9449579831988,66.47662227353172,False,max_epochs,6354.148971319199
rl4crn_rne_oscillator_trace_8rxn_stop_risksched085to09_lr1e4_entropy005_s4_c1_rnetol_d256_depth3_p20_bs200,seed057,57,771,154200,200,16,78.48584669640717,118.41728479655751,66.47662227353172,False,max_epochs,6362.297748327255
rl4crn_rne_oscillator_trace_8rxn_stop_risksched085to09_lr1e4_entropy005_s4_c1_rnetol_d256_depth3_p20_bs200,seed057,57,772,154400,200,16,67.25832556424115,79.98128122271419,66.47662227353172,False,max_epochs,6370.609497308731
rl4crn_rne_oscillator_trace_8rxn_stop_risksched085to09_lr1e4_entropy005_s4_c1_rnetol_d256_depth3_p20_bs200,seed057,57,773,154600,200,16,67.60255750579451,86.5540562199212,66.47662227353172,False,max_epochs,6378.592995882034
rl4crn_rne_oscillator_trace_8rxn_stop_risksched085to09_lr1e4_entropy005_s4_c1_rnetol_d256_depth3_p20_bs200,seed057,57,774,154800,200,16,67.83261890588814,85.20627911467267,66.47662227353172,False,max_epochs,6385.022545814514
rl4crn_rne_oscillator_trace_8rxn_stop_risksched085to09_lr1e4_entropy005_s4_c1_rnetol_d256_depth3_p20_bs200,seed057,57,775,155000,200,16,67.2767162405236,87.710531046491,66.47662227353172,False,max_epochs,6388.501089096069
rl4crn_rne_oscillator_trace_8rxn_stop_risksched085to09_lr1e4_entropy005_s4_c1_rnetol_d256_depth3_p20_bs200,seed057,57,776,155200,200,16,67.02525687007385,85.45515745803033,66.47662227353172,False,max_epochs,6396.619031429291
rl4crn_rne_oscillator_trace_8rxn_stop_risksched085to09_lr1e4_entropy005_s4_c1_rnetol_d256_depth3_p20_bs200,seed057,57,777,155400,200,16,68.18151773430345,90.10705554609099,66.47662227353172,False,max_epochs,6404.772695302963
rl4crn_rne_oscillator_trace_8rxn_stop_risksched085to09_lr1e4_entropy005_s4_c1_rnetol_d256_depth3_p20_bs200,seed057,57,778,155600,200,16,68.0826910066173,83.09787733138636,66.47662227353172,False,max_epochs,6413.22368812561
rl4crn_rne_oscillator_trace_8rxn_stop_risksched085to09_lr1e4_entropy005_s4_c1_rnetol_d256_depth3_p20_bs200,seed057,57,779,155800,200,16,67.40824478361222,94.458991899267,66.47662227353172,False,max_epochs,6421.35165643692
rl4crn_rne_oscillator_trace_8rxn_stop_risksched085to09_lr1e4_entropy005_s4_c1_rnetol_d256_depth3_p20_bs200,seed057,57,780,156000,200,16,67.3549269411934,91.5783644468418,66.47662227353172,False,max_epochs,6429.15393781662
rl4crn_rne_oscillator_trace_8rxn_stop_risksched085to09_lr1e4_entropy005_s4_c1_rnetol_d256_depth3_p20_bs200,seed057,57,781,156200,200,16,66.52333781630824,90.30639932533217,66.47662227353172,False,max_epochs,6436.319097518921
rl4crn_rne_oscillator_trace_8rxn_stop_risksched085to09_lr1e4_entropy005_s4_c1_rnetol_d256_depth3_p20_bs200,seed057,57,782,156400,200,16,67.82783264692296,94.5962675418108,66.47662227353172,False,max_epochs,6439.963929891586
rl4crn_rne_oscillator_trace_8rxn_stop_risksched085to09_lr1e4_entropy005_s4_c1_rnetol_d256_depth3_p20_bs200,seed057,57,783,156600,200,16,67.6666329447346,95.43347481094408,66.47662227353172,False,max_epochs,6447.611613750458
rl4crn_rne_oscillator_trace_8rxn_stop_risksched085to09_lr1e4_entropy005_s4_c1_rnetol_d256_depth3_p20_bs200,seed057,57,784,156800,200,16,67.15477512156201,90.52792670222212,66.47662227353172,False,max_epochs,6455.949297904968
rl4crn_rne_oscillator_trace_8rxn_stop_risksched085to09_lr1e4_entropy005_s4_c1_rnetol_d256_depth3_p20_bs200,seed057,57,785,157000,200,16,66.73303217675786,87.55524030244378,66.47662227353172,False,max_epochs,6464.456209897995
rl4crn_rne_oscillator_trace_8rxn_stop_risksched085to09_lr1e4_entropy005_s4_c1_rnetol_d256_depth3_p20_bs200,seed057,57,786,157200,200,16,66.7744779784015,85.1221576422815,66.47662227353172,False,max_epochs,6472.935425519943
rl4crn_rne_oscillator_trace_8rxn_stop_risksched085to09_lr1e4_entropy005_s4_c1_rnetol_d256_depth3_p20_bs200,seed057,57,787,157400,200,16,67.16729607693904,100.01667973620455,66.47662227353172,False,max_epochs,6481.533935785294
rl4crn_rne_oscillator_trace_8rxn_stop_risksched085to09_lr1e4_entropy005_s4_c1_rnetol_d256_depth3_p20_bs200,seed057,57,788,157600,200,16,66.85357434147363,108.41501597262473,66.47662227353172,False,max_epochs,6489.80544924736
rl4crn_rne_oscillator_trace_8rxn_stop_risksched085to09_lr1e4_entropy005_s4_c1_rnetol_d256_depth3_p20_bs200,seed057,57,789,157800,200,16,67.5273654814192,82.14536705060651,66.47662227353172,False,max_epochs,6498.363570928574
rl4crn_rne_oscillator_trace_8rxn_stop_risksched085to09_lr1e4_entropy005_s4_c1_rnetol_d256_depth3_p20_bs200,seed057,57,790,158000,200,16,67.3798623322989,85.09569528904854,66.47662227353172,False,max_epochs,6506.672701835632
rl4crn_rne_oscillator_trace_8rxn_stop_risksched085to09_lr1e4_entropy005_s4_c1_rnetol_d256_depth3_p20_bs200,seed057,57,791,158200,200,16,67.79692990773901,86.99888432371242,66.47662227353172,False,max_epochs,6515.067164897919
rl4crn_rne_oscillator_trace_8rxn_stop_risksched085to09_lr1e4_entropy005_s4_c1_rnetol_d256_depth3_p20_bs200,seed057,57,792,158400,200,16,67.09488935031555,82.73185376508306,66.47662227353172,False,max_epochs,6523.1578533649445
rl4crn_rne_oscillator_trace_8rxn_stop_risksched085to09_lr1e4_entropy005_s4_c1_rnetol_d256_depth3_p20_bs200,seed057,57,793,158600,200,16,67.3534978610952,87.5291196307347,66.47662227353172,False,max_epochs,6527.985540628433
rl4crn_rne_oscillator_trace_8rxn_stop_risksched085to09_lr1e4_entropy005_s4_c1_rnetol_d256_depth3_p20_bs200,seed057,57,794,158800,200,16,66.89332252960575,78.76719125692892,66.47662227353172,False,max_epochs,6533.379509925842
rl4crn_rne_oscillator_trace_8rxn_stop_risksched085to09_lr1e4_entropy005_s4_c1_rnetol_d256_depth3_p20_bs200,seed057,57,795,159000,200,16,66.97567162193252,82.28742052778557,66.47662227353172,False,max_epochs,6541.778672456741
rl4crn_rne_oscillator_trace_8rxn_stop_risksched085to09_lr1e4_entropy005_s4_c1_rnetol_d256_depth3_p20_bs200,seed057,57,796,159200,200,16,66.8906771667358,82.95120441432243,66.47662227353172,False,max_epochs,6549.948523283005
rl4crn_rne_oscillator_trace_8rxn_stop_risksched085to09_lr1e4_entropy005_s4_c1_rnetol_d256_depth3_p20_bs200,seed057,57,797,159400,200,16,67.7324416039019,79.48432738636217,66.47662227353172,False,max_epochs,6558.156269073486
rl4crn_rne_oscillator_trace_8rxn_stop_risksched085to09_lr1e4_entropy005_s4_c1_rnetol_d256_depth3_p20_bs200,seed057,57,798,159600,200,16,67.38420970284353,89.59525362285264,66.47662227353172,False,max_epochs,6566.325091838837
rl4crn_rne_oscillator_trace_8rxn_stop_risksched085to09_lr1e4_entropy005_s4_c1_rnetol_d256_depth3_p20_bs200,seed057,57,799,159800,200,16,66.65473581242219,80.69739362682097,66.47662227353172,False,max_epochs,6572.769523859024
rl4crn_rne_oscillator_trace_8rxn_stop_risksched085to09_lr1e4_entropy005_s4_c1_rnetol_d256_depth3_p20_bs200,seed057,57,800,160000,200,16,67.1213251618894,80.32085384525975,66.47662227353172,False,max_epochs,6576.280618429184
rl4crn_rne_oscillator_trace_8rxn_stop_risksched085to09_lr1e4_entropy005_s4_c1_rnetol_d256_depth3_p20_bs200,seed057,57,801,160200,200,16,69.09224468416119,96.94342330032048,66.47662227353172,False,max_epochs,6584.469942808151
