method,run_id,seed,epoch,candidate_evaluations,batch_size,n_cpus,epoch_best_loss,epoch_median_loss,saved_best_loss,success,stop_reason,elapsed_seconds
rl4crn_rne_oscillator_trace_8rxn_stop_risksched085to09_lr1e4_entropy005_s4_c1_rnetol_d256_depth3_p20,seed052,52,1,100,100,16,124.45007459262428,130.31921800199692,124.45007459262428,False,max_epochs,5.6688127517700195
rl4crn_rne_oscillator_trace_8rxn_stop_risksched085to09_lr1e4_entropy005_s4_c1_rnetol_d256_depth3_p20,seed052,52,2,200,100,16,123.66414927123603,131.6300066746873,123.66414927123603,False,max_epochs,8.3259859085083
rl4crn_rne_oscillator_trace_8rxn_stop_risksched085to09_lr1e4_entropy005_s4_c1_rnetol_d256_depth3_p20,seed052,52,3,300,100,16,125.0,130.71681289662678,123.66414927123603,False,max_epochs,12.993269443511963
rl4crn_rne_oscillator_trace_8rxn_stop_risksched085to09_lr1e4_entropy005_s4_c1_rnetol_d256_depth3_p20,seed052,52,4,400,100,16,123.68193139365688,130.01627803690133,123.66414927123603,False,max_epochs,18.39345908164978
rl4crn_rne_oscillator_trace_8rxn_stop_risksched085to09_lr1e4_entropy005_s4_c1_rnetol_d256_depth3_p20,seed052,52,5,500,100,16,125.0,130.42117013121398,123.66414927123603,False,max_epochs,23.487018823623657
rl4crn_rne_oscillator_trace_8rxn_stop_risksched085to09_lr1e4_entropy005_s4_c1_rnetol_d256_depth3_p20,seed052,52,6,600,100,16,123.37204928644614,129.44042337865517,123.37204928644614,False,max_epochs,27.97684407234192
rl4crn_rne_oscillator_trace_8rxn_stop_risksched085to09_lr1e4_entropy005_s4_c1_rnetol_d256_depth3_p20,seed052,52,7,700,100,16,122.98868556361509,131.31557445209677,122.98868556361509,False,max_epochs,32.265724897384644
rl4crn_rne_oscillator_trace_8rxn_stop_risksched085to09_lr1e4_entropy005_s4_c1_rnetol_d256_depth3_p20,seed052,52,8,800,100,16,123.276902451161,129.6316559490979,122.98868556361509,False,max_epochs,36.54091954231262
rl4crn_rne_oscillator_trace_8rxn_stop_risksched085to09_lr1e4_entropy005_s4_c1_rnetol_d256_depth3_p20,seed052,52,9,900,100,16,124.50792809488892,131.60464119167193,122.98868556361509,False,max_epochs,38.905677318573
rl4crn_rne_oscillator_trace_8rxn_stop_risksched085to09_lr1e4_entropy005_s4_c1_rnetol_d256_depth3_p20,seed052,52,10,1000,100,16,123.54973148689196,130.37230879867923,122.98868556361509,False,max_epochs,42.894686222076416
rl4crn_rne_oscillator_trace_8rxn_stop_risksched085to09_lr1e4_entropy005_s4_c1_rnetol_d256_depth3_p20,seed052,52,11,1100,100,16,123.97537833774591,129.87954650855647,122.98868556361509,False,max_epochs,47.11465549468994
rl4crn_rne_oscillator_trace_8rxn_stop_risksched085to09_lr1e4_entropy005_s4_c1_rnetol_d256_depth3_p20,seed052,52,12,1200,100,16,123.63224508434091,131.7109801235084,122.98868556361509,False,max_epochs,52.04933285713196
rl4crn_rne_oscillator_trace_8rxn_stop_risksched085to09_lr1e4_entropy005_s4_c1_rnetol_d256_depth3_p20,seed052,52,13,1300,100,16,122.56064199612626,131.12313061285738,122.56064199612626,False,max_epochs,56.79354190826416
rl4crn_rne_oscillator_trace_8rxn_stop_risksched085to09_lr1e4_entropy005_s4_c1_rnetol_d256_depth3_p20,seed052,52,14,1400,100,16,123.8478261440415,130.29380527974558,122.56064199612626,False,max_epochs,61.30610203742981
rl4crn_rne_oscillator_trace_8rxn_stop_risksched085to09_lr1e4_entropy005_s4_c1_rnetol_d256_depth3_p20,seed052,52,15,1500,100,16,123.76062353159351,129.82953811330594,122.56064199612626,False,max_epochs,64.20667457580566
rl4crn_rne_oscillator_trace_8rxn_stop_risksched085to09_lr1e4_entropy005_s4_c1_rnetol_d256_depth3_p20,seed052,52,16,1600,100,16,122.07832285387367,129.66779687726944,122.07832285387367,False,max_epochs,67.85107517242432
rl4crn_rne_oscillator_trace_8rxn_stop_risksched085to09_lr1e4_entropy005_s4_c1_rnetol_d256_depth3_p20,seed052,52,17,1700,100,16,123.96750315460821,131.31375894841187,122.07832285387367,False,max_epochs,72.95065188407898
rl4crn_rne_oscillator_trace_8rxn_stop_risksched085to09_lr1e4_entropy005_s4_c1_rnetol_d256_depth3_p20,seed052,52,18,1800,100,16,123.38306965449144,129.9039470368389,122.07832285387367,False,max_epochs,77.75429844856262
rl4crn_rne_oscillator_trace_8rxn_stop_risksched085to09_lr1e4_entropy005_s4_c1_rnetol_d256_depth3_p20,seed052,52,19,1900,100,16,123.03129930196572,129.73549233453366,122.07832285387367,False,max_epochs,82.41253662109375
rl4crn_rne_oscillator_trace_8rxn_stop_risksched085to09_lr1e4_entropy005_s4_c1_rnetol_d256_depth3_p20,seed052,52,20,2000,100,16,122.35332358394434,128.07684774523716,122.07832285387367,False,max_epochs,87.02035307884216
rl4crn_rne_oscillator_trace_8rxn_stop_risksched085to09_lr1e4_entropy005_s4_c1_rnetol_d256_depth3_p20,seed052,52,21,2100,100,16,123.1555962469834,129.56958025161492,122.07832285387367,False,max_epochs,89.29475784301758
rl4crn_rne_oscillator_trace_8rxn_stop_risksched085to09_lr1e4_entropy005_s4_c1_rnetol_d256_depth3_p20,seed052,52,22,2200,100,16,123.35312318629897,129.7269134368774,122.07832285387367,False,max_epochs,93.48956561088562
rl4crn_rne_oscillator_trace_8rxn_stop_risksched085to09_lr1e4_entropy005_s4_c1_rnetol_d256_depth3_p20,seed052,52,23,2300,100,16,122.53305074863891,129.15164628361234,122.07832285387367,False,max_epochs,98.670827627182
rl4crn_rne_oscillator_trace_8rxn_stop_risksched085to09_lr1e4_entropy005_s4_c1_rnetol_d256_depth3_p20,seed052,52,24,2400,100,16,123.59448708390536,128.42349200983045,122.07832285387367,False,max_epochs,103.0743796825409
rl4crn_rne_oscillator_trace_8rxn_stop_risksched085to09_lr1e4_entropy005_s4_c1_rnetol_d256_depth3_p20,seed052,52,25,2500,100,16,122.47336683289406,129.0399215046411,122.07832285387367,False,max_epochs,108.21937727928162
rl4crn_rne_oscillator_trace_8rxn_stop_risksched085to09_lr1e4_entropy005_s4_c1_rnetol_d256_depth3_p20,seed052,52,26,2600,100,16,121.63973906268807,129.21819639605957,121.63973906268807,False,max_epochs,112.9109103679657
rl4crn_rne_oscillator_trace_8rxn_stop_risksched085to09_lr1e4_entropy005_s4_c1_rnetol_d256_depth3_p20,seed052,52,27,2700,100,16,122.50936010549506,128.5511341413337,121.63973906268807,False,max_epochs,117.47405362129211
rl4crn_rne_oscillator_trace_8rxn_stop_risksched085to09_lr1e4_entropy005_s4_c1_rnetol_d256_depth3_p20,seed052,52,28,2800,100,16,122.95155223513495,127.45207727356855,121.63973906268807,False,max_epochs,122.05865097045898
rl4crn_rne_oscillator_trace_8rxn_stop_risksched085to09_lr1e4_entropy005_s4_c1_rnetol_d256_depth3_p20,seed052,52,29,2900,100,16,122.41923768978229,127.67840747340156,121.63973906268807,False,max_epochs,124.52714967727661
rl4crn_rne_oscillator_trace_8rxn_stop_risksched085to09_lr1e4_entropy005_s4_c1_rnetol_d256_depth3_p20,seed052,52,30,3000,100,16,122.46418938834158,127.54589915422304,121.63973906268807,False,max_epochs,129.01066946983337
rl4crn_rne_oscillator_trace_8rxn_stop_risksched085to09_lr1e4_entropy005_s4_c1_rnetol_d256_depth3_p20,seed052,52,31,3100,100,16,122.08832952365884,127.4032693287376,121.63973906268807,False,max_epochs,134.04504418373108
rl4crn_rne_oscillator_trace_8rxn_stop_risksched085to09_lr1e4_entropy005_s4_c1_rnetol_d256_depth3_p20,seed052,52,32,3200,100,16,123.04275883337655,127.40899672262599,121.63973906268807,False,max_epochs,138.9336290359497
rl4crn_rne_oscillator_trace_8rxn_stop_risksched085to09_lr1e4_entropy005_s4_c1_rnetol_d256_depth3_p20,seed052,52,33,3300,100,16,121.86787889208547,127.40187497610647,121.63973906268807,False,max_epochs,143.99771070480347
rl4crn_rne_oscillator_trace_8rxn_stop_risksched085to09_lr1e4_entropy005_s4_c1_rnetol_d256_depth3_p20,seed052,52,34,3400,100,16,122.41565648687428,126.97145798892996,121.63973906268807,False,max_epochs,148.42088842391968
rl4crn_rne_oscillator_trace_8rxn_stop_risksched085to09_lr1e4_entropy005_s4_c1_rnetol_d256_depth3_p20,seed052,52,35,3500,100,16,122.072004469019,126.96714666172127,121.63973906268807,False,max_epochs,153.14655566215515
rl4crn_rne_oscillator_trace_8rxn_stop_risksched085to09_lr1e4_entropy005_s4_c1_rnetol_d256_depth3_p20,seed052,52,36,3600,100,16,122.08475058177,127.74071329397478,121.63973906268807,False,max_epochs,155.48889327049255
rl4crn_rne_oscillator_trace_8rxn_stop_risksched085to09_lr1e4_entropy005_s4_c1_rnetol_d256_depth3_p20,seed052,52,37,3700,100,16,122.49606358014354,128.68141290383915,121.63973906268807,False,max_epochs,159.6535279750824
rl4crn_rne_oscillator_trace_8rxn_stop_risksched085to09_lr1e4_entropy005_s4_c1_rnetol_d256_depth3_p20,seed052,52,38,3800,100,16,122.27293852727406,127.28697938105563,121.63973906268807,False,max_epochs,164.65547680854797
rl4crn_rne_oscillator_trace_8rxn_stop_risksched085to09_lr1e4_entropy005_s4_c1_rnetol_d256_depth3_p20,seed052,52,39,3900,100,16,122.62728523659908,127.42865865618828,121.63973906268807,False,max_epochs,169.6498146057129
rl4crn_rne_oscillator_trace_8rxn_stop_risksched085to09_lr1e4_entropy005_s4_c1_rnetol_d256_depth3_p20,seed052,52,40,4000,100,16,122.8059894784461,128.7877347345867,121.63973906268807,False,max_epochs,174.64331555366516
rl4crn_rne_oscillator_trace_8rxn_stop_risksched085to09_lr1e4_entropy005_s4_c1_rnetol_d256_depth3_p20,seed052,52,41,4100,100,16,122.29761188974466,127.62027912375412,121.63973906268807,False,max_epochs,179.0117256641388
rl4crn_rne_oscillator_trace_8rxn_stop_risksched085to09_lr1e4_entropy005_s4_c1_rnetol_d256_depth3_p20,seed052,52,42,4200,100,16,122.73498152103436,127.56449636077588,121.63973906268807,False,max_epochs,183.3985297679901
rl4crn_rne_oscillator_trace_8rxn_stop_risksched085to09_lr1e4_entropy005_s4_c1_rnetol_d256_depth3_p20,seed052,52,43,4300,100,16,122.13742546264777,128.21195426449435,121.63973906268807,False,max_epochs,185.49301409721375
rl4crn_rne_oscillator_trace_8rxn_stop_risksched085to09_lr1e4_entropy005_s4_c1_rnetol_d256_depth3_p20,seed052,52,44,4400,100,16,121.95579088919831,127.49868433988662,121.63973906268807,False,max_epochs,190.59862637519836
rl4crn_rne_oscillator_trace_8rxn_stop_risksched085to09_lr1e4_entropy005_s4_c1_rnetol_d256_depth3_p20,seed052,52,45,4500,100,16,121.76170423973774,128.7363890129293,121.63973906268807,False,max_epochs,195.4005584716797
rl4crn_rne_oscillator_trace_8rxn_stop_risksched085to09_lr1e4_entropy005_s4_c1_rnetol_d256_depth3_p20,seed052,52,46,4600,100,16,121.84018920929374,127.6180485344261,121.63973906268807,False,max_epochs,200.6972897052765
rl4crn_rne_oscillator_trace_8rxn_stop_risksched085to09_lr1e4_entropy005_s4_c1_rnetol_d256_depth3_p20,seed052,52,47,4700,100,16,121.23346816519607,126.33156499033663,121.23346816519607,False,max_epochs,205.51659297943115
rl4crn_rne_oscillator_trace_8rxn_stop_risksched085to09_lr1e4_entropy005_s4_c1_rnetol_d256_depth3_p20,seed052,52,48,4800,100,16,122.11850987596215,125.68100984692305,121.23346816519607,False,max_epochs,210.31586480140686
rl4crn_rne_oscillator_trace_8rxn_stop_risksched085to09_lr1e4_entropy005_s4_c1_rnetol_d256_depth3_p20,seed052,52,49,4900,100,16,122.66826376033997,126.9242296943576,121.23346816519607,False,max_epochs,214.7817771434784
rl4crn_rne_oscillator_trace_8rxn_stop_risksched085to09_lr1e4_entropy005_s4_c1_rnetol_d256_depth3_p20,seed052,52,50,5000,100,16,121.57311781763559,126.17509439013882,121.23346816519607,False,max_epochs,219.27869129180908
rl4crn_rne_oscillator_trace_8rxn_stop_risksched085to09_lr1e4_entropy005_s4_c1_rnetol_d256_depth3_p20,seed052,52,51,5100,100,16,121.52856118517971,126.68113223061299,121.23346816519607,False,max_epochs,221.4608154296875
rl4crn_rne_oscillator_trace_8rxn_stop_risksched085to09_lr1e4_entropy005_s4_c1_rnetol_d256_depth3_p20,seed052,52,52,5200,100,16,121.30929259992698,128.76180181616004,121.23346816519607,False,max_epochs,226.31694102287292
rl4crn_rne_oscillator_trace_8rxn_stop_risksched085to09_lr1e4_entropy005_s4_c1_rnetol_d256_depth3_p20,seed052,52,53,5300,100,16,121.16787624434154,126.97415522408801,121.16787624434154,False,max_epochs,230.596617937088
rl4crn_rne_oscillator_trace_8rxn_stop_risksched085to09_lr1e4_entropy005_s4_c1_rnetol_d256_depth3_p20,seed052,52,54,5400,100,16,121.34945109283166,129.69681875275015,121.16787624434154,False,max_epochs,236.00399613380432
rl4crn_rne_oscillator_trace_8rxn_stop_risksched085to09_lr1e4_entropy005_s4_c1_rnetol_d256_depth3_p20,seed052,52,55,5500,100,16,121.22205294026986,128.01029270394764,121.16787624434154,False,max_epochs,240.4939169883728
rl4crn_rne_oscillator_trace_8rxn_stop_risksched085to09_lr1e4_entropy005_s4_c1_rnetol_d256_depth3_p20,seed052,52,56,5600,100,16,121.14945424005029,128.89199911085285,121.14945424005029,False,max_epochs,245.150137424469
rl4crn_rne_oscillator_trace_8rxn_stop_risksched085to09_lr1e4_entropy005_s4_c1_rnetol_d256_depth3_p20,seed052,52,57,5700,100,16,121.64258676420664,129.5023938560533,121.14945424005029,False,max_epochs,249.8570592403412
rl4crn_rne_oscillator_trace_8rxn_stop_risksched085to09_lr1e4_entropy005_s4_c1_rnetol_d256_depth3_p20,seed052,52,58,5800,100,16,121.26327348797089,129.0668400994706,121.14945424005029,False,max_epochs,252.35584926605225
rl4crn_rne_oscillator_trace_8rxn_stop_risksched085to09_lr1e4_entropy005_s4_c1_rnetol_d256_depth3_p20,seed052,52,59,5900,100,16,120.71910983497774,129.47611307898092,120.71910983497774,False,max_epochs,256.37238478660583
rl4crn_rne_oscillator_trace_8rxn_stop_risksched085to09_lr1e4_entropy005_s4_c1_rnetol_d256_depth3_p20,seed052,52,60,6000,100,16,120.94494007080445,127.83155405867967,120.71910983497774,False,max_epochs,261.40073704719543
rl4crn_rne_oscillator_trace_8rxn_stop_risksched085to09_lr1e4_entropy005_s4_c1_rnetol_d256_depth3_p20,seed052,52,61,6100,100,16,120.82638912075826,127.68822777115143,120.71910983497774,False,max_epochs,266.3559498786926
rl4crn_rne_oscillator_trace_8rxn_stop_risksched085to09_lr1e4_entropy005_s4_c1_rnetol_d256_depth3_p20,seed052,52,62,6200,100,16,121.44467257737654,126.43415789226079,120.71910983497774,False,max_epochs,271.724570274353
rl4crn_rne_oscillator_trace_8rxn_stop_risksched085to09_lr1e4_entropy005_s4_c1_rnetol_d256_depth3_p20,seed052,52,63,6300,100,16,121.10710157671674,126.8001825166102,120.71910983497774,False,max_epochs,276.4153685569763
rl4crn_rne_oscillator_trace_8rxn_stop_risksched085to09_lr1e4_entropy005_s4_c1_rnetol_d256_depth3_p20,seed052,52,64,6400,100,16,120.87934183800104,126.59627843890387,120.71910983497774,False,max_epochs,281.7650511264801
rl4crn_rne_oscillator_trace_8rxn_stop_risksched085to09_lr1e4_entropy005_s4_c1_rnetol_d256_depth3_p20,seed052,52,65,6500,100,16,120.5985251281809,126.28367319418743,120.5985251281809,False,max_epochs,285.925479888916
rl4crn_rne_oscillator_trace_8rxn_stop_risksched085to09_lr1e4_entropy005_s4_c1_rnetol_d256_depth3_p20,seed052,52,66,6600,100,16,120.87465803234052,127.87955196680721,120.5985251281809,False,max_epochs,290.9623486995697
rl4crn_rne_oscillator_trace_8rxn_stop_risksched085to09_lr1e4_entropy005_s4_c1_rnetol_d256_depth3_p20,seed052,52,67,6700,100,16,121.23476121870397,128.39209921127235,120.5985251281809,False,max_epochs,295.3897874355316
rl4crn_rne_oscillator_trace_8rxn_stop_risksched085to09_lr1e4_entropy005_s4_c1_rnetol_d256_depth3_p20,seed052,52,68,6800,100,16,121.02808329917913,125.9932645392916,120.5985251281809,False,max_epochs,299.3049519062042
rl4crn_rne_oscillator_trace_8rxn_stop_risksched085to09_lr1e4_entropy005_s4_c1_rnetol_d256_depth3_p20,seed052,52,69,6900,100,16,120.55619140105755,125.06251950555749,120.55619140105755,False,max_epochs,301.9416079521179
rl4crn_rne_oscillator_trace_8rxn_stop_risksched085to09_lr1e4_entropy005_s4_c1_rnetol_d256_depth3_p20,seed052,52,70,7000,100,16,120.75394423942153,126.02318959983344,120.55619140105755,False,max_epochs,306.84869170188904
rl4crn_rne_oscillator_trace_8rxn_stop_risksched085to09_lr1e4_entropy005_s4_c1_rnetol_d256_depth3_p20,seed052,52,71,7100,100,16,121.05010384959328,125.94220369443453,120.55619140105755,False,max_epochs,311.6191816329956
rl4crn_rne_oscillator_trace_8rxn_stop_risksched085to09_lr1e4_entropy005_s4_c1_rnetol_d256_depth3_p20,seed052,52,72,7200,100,16,120.43161280498266,124.41501309180103,120.43161280498266,False,max_epochs,316.77725768089294
rl4crn_rne_oscillator_trace_8rxn_stop_risksched085to09_lr1e4_entropy005_s4_c1_rnetol_d256_depth3_p20,seed052,52,73,7300,100,16,120.65156208217763,123.89034315545791,120.43161280498266,False,max_epochs,321.38614439964294
rl4crn_rne_oscillator_trace_8rxn_stop_risksched085to09_lr1e4_entropy005_s4_c1_rnetol_d256_depth3_p20,seed052,52,74,7400,100,16,120.74268878200148,125.52515806486247,120.43161280498266,False,max_epochs,326.11285281181335
rl4crn_rne_oscillator_trace_8rxn_stop_risksched085to09_lr1e4_entropy005_s4_c1_rnetol_d256_depth3_p20,seed052,52,75,7500,100,16,120.55227772350514,125.6207742933264,120.43161280498266,False,max_epochs,328.20813274383545
rl4crn_rne_oscillator_trace_8rxn_stop_risksched085to09_lr1e4_entropy005_s4_c1_rnetol_d256_depth3_p20,seed052,52,76,7600,100,16,120.63312238025769,123.38503999332099,120.43161280498266,False,max_epochs,332.5686573982239
rl4crn_rne_oscillator_trace_8rxn_stop_risksched085to09_lr1e4_entropy005_s4_c1_rnetol_d256_depth3_p20,seed052,52,77,7700,100,16,120.67211092577149,124.26663922206095,120.43161280498266,False,max_epochs,337.46994948387146
rl4crn_rne_oscillator_trace_8rxn_stop_risksched085to09_lr1e4_entropy005_s4_c1_rnetol_d256_depth3_p20,seed052,52,78,7800,100,16,120.41338691451314,125.730239012069,120.41338691451314,False,max_epochs,342.7528672218323
rl4crn_rne_oscillator_trace_8rxn_stop_risksched085to09_lr1e4_entropy005_s4_c1_rnetol_d256_depth3_p20,seed052,52,79,7900,100,16,120.51477365776847,123.81116496236693,120.41338691451314,False,max_epochs,347.56309747695923
rl4crn_rne_oscillator_trace_8rxn_stop_risksched085to09_lr1e4_entropy005_s4_c1_rnetol_d256_depth3_p20,seed052,52,80,8000,100,16,120.65045537289257,123.97816259315174,120.41338691451314,False,max_epochs,352.47827887535095
rl4crn_rne_oscillator_trace_8rxn_stop_risksched085to09_lr1e4_entropy005_s4_c1_rnetol_d256_depth3_p20,seed052,52,81,8100,100,16,119.8959986627598,125.27052233511642,119.8959986627598,False,max_epochs,357.4478704929352
rl4crn_rne_oscillator_trace_8rxn_stop_risksched085to09_lr1e4_entropy005_s4_c1_rnetol_d256_depth3_p20,seed052,52,82,8200,100,16,120.53726095307196,123.21435220704672,119.8959986627598,False,max_epochs,362.2711706161499
rl4crn_rne_oscillator_trace_8rxn_stop_risksched085to09_lr1e4_entropy005_s4_c1_rnetol_d256_depth3_p20,seed052,52,83,8300,100,16,120.40170549601113,123.37230276928042,119.8959986627598,False,max_epochs,366.6766953468323
rl4crn_rne_oscillator_trace_8rxn_stop_risksched085to09_lr1e4_entropy005_s4_c1_rnetol_d256_depth3_p20,seed052,52,84,8400,100,16,120.16687553398044,123.51866427190572,119.8959986627598,False,max_epochs,371.1021821498871
rl4crn_rne_oscillator_trace_8rxn_stop_risksched085to09_lr1e4_entropy005_s4_c1_rnetol_d256_depth3_p20,seed052,52,85,8500,100,16,120.17258237405761,124.83325438400067,119.8959986627598,False,max_epochs,373.3072438240051
rl4crn_rne_oscillator_trace_8rxn_stop_risksched085to09_lr1e4_entropy005_s4_c1_rnetol_d256_depth3_p20,seed052,52,86,8600,100,16,120.11689186830117,125.47587997260247,119.8959986627598,False,max_epochs,377.9162485599518
rl4crn_rne_oscillator_trace_8rxn_stop_risksched085to09_lr1e4_entropy005_s4_c1_rnetol_d256_depth3_p20,seed052,52,87,8700,100,16,120.10616647068906,123.2030441094327,119.8959986627598,False,max_epochs,382.7154133319855
rl4crn_rne_oscillator_trace_8rxn_stop_risksched085to09_lr1e4_entropy005_s4_c1_rnetol_d256_depth3_p20,seed052,52,88,8800,100,16,120.04188155782128,124.11076643062356,119.8959986627598,False,max_epochs,387.9415428638458
rl4crn_rne_oscillator_trace_8rxn_stop_risksched085to09_lr1e4_entropy005_s4_c1_rnetol_d256_depth3_p20,seed052,52,89,8900,100,16,120.01254337235929,123.59443686611021,119.8959986627598,False,max_epochs,392.4590857028961
rl4crn_rne_oscillator_trace_8rxn_stop_risksched085to09_lr1e4_entropy005_s4_c1_rnetol_d256_depth3_p20,seed052,52,90,9000,100,16,119.8562157606505,127.6839680108279,119.8562157606505,False,max_epochs,397.317195892334
rl4crn_rne_oscillator_trace_8rxn_stop_risksched085to09_lr1e4_entropy005_s4_c1_rnetol_d256_depth3_p20,seed052,52,91,9100,100,16,119.8291389861653,123.0246329222621,119.8291389861653,False,max_epochs,401.6979806423187
rl4crn_rne_oscillator_trace_8rxn_stop_risksched085to09_lr1e4_entropy005_s4_c1_rnetol_d256_depth3_p20,seed052,52,92,9200,100,16,119.87868612135333,125.23622735661623,119.8291389861653,False,max_epochs,404.0162811279297
rl4crn_rne_oscillator_trace_8rxn_stop_risksched085to09_lr1e4_entropy005_s4_c1_rnetol_d256_depth3_p20,seed052,52,93,9300,100,16,120.15981440146585,125.7070742438671,119.8291389861653,False,max_epochs,408.3956809043884
rl4crn_rne_oscillator_trace_8rxn_stop_risksched085to09_lr1e4_entropy005_s4_c1_rnetol_d256_depth3_p20,seed052,52,94,9400,100,16,120.00768407234412,122.42261428675704,119.8291389861653,False,max_epochs,413.3676040172577
rl4crn_rne_oscillator_trace_8rxn_stop_risksched085to09_lr1e4_entropy005_s4_c1_rnetol_d256_depth3_p20,seed052,52,95,9500,100,16,119.56361115675693,123.41696556438868,119.56361115675693,False,max_epochs,417.8348264694214
rl4crn_rne_oscillator_trace_8rxn_stop_risksched085to09_lr1e4_entropy005_s4_c1_rnetol_d256_depth3_p20,seed052,52,96,9600,100,16,119.72766345734459,125.13837492289073,119.56361115675693,False,max_epochs,422.2702295780182
rl4crn_rne_oscillator_trace_8rxn_stop_risksched085to09_lr1e4_entropy005_s4_c1_rnetol_d256_depth3_p20,seed052,52,97,9700,100,16,119.93963642995216,128.2369649243268,119.56361115675693,False,max_epochs,424.3626353740692
rl4crn_rne_oscillator_trace_8rxn_stop_risksched085to09_lr1e4_entropy005_s4_c1_rnetol_d256_depth3_p20,seed052,52,98,9800,100,16,119.81934609774052,124.68232208483498,119.56361115675693,False,max_epochs,429.06818675994873
rl4crn_rne_oscillator_trace_8rxn_stop_risksched085to09_lr1e4_entropy005_s4_c1_rnetol_d256_depth3_p20,seed052,52,99,9900,100,16,119.95371708365207,124.59292502973543,119.56361115675693,False,max_epochs,433.9824893474579
rl4crn_rne_oscillator_trace_8rxn_stop_risksched085to09_lr1e4_entropy005_s4_c1_rnetol_d256_depth3_p20,seed052,52,100,10000,100,16,119.62755267277113,123.20001200502556,119.56361115675693,False,max_epochs,438.4291408061981
rl4crn_rne_oscillator_trace_8rxn_stop_risksched085to09_lr1e4_entropy005_s4_c1_rnetol_d256_depth3_p20,seed052,52,101,10100,100,16,119.83010316785601,122.1204271743344,119.56361115675693,False,max_epochs,443.09425163269043
rl4crn_rne_oscillator_trace_8rxn_stop_risksched085to09_lr1e4_entropy005_s4_c1_rnetol_d256_depth3_p20,seed052,52,102,10200,100,16,119.74696450053075,122.92374413642193,119.56361115675693,False,max_epochs,447.08419919013977
rl4crn_rne_oscillator_trace_8rxn_stop_risksched085to09_lr1e4_entropy005_s4_c1_rnetol_d256_depth3_p20,seed052,52,103,10300,100,16,119.3850475162154,122.27841451158136,119.3850475162154,False,max_epochs,449.8335690498352
rl4crn_rne_oscillator_trace_8rxn_stop_risksched085to09_lr1e4_entropy005_s4_c1_rnetol_d256_depth3_p20,seed052,52,104,10400,100,16,119.2220112921145,122.99525811815604,119.2220112921145,False,max_epochs,454.7729420661926
rl4crn_rne_oscillator_trace_8rxn_stop_risksched085to09_lr1e4_entropy005_s4_c1_rnetol_d256_depth3_p20,seed052,52,105,10500,100,16,119.36943841264909,123.9416943198803,119.2220112921145,False,max_epochs,459.5498421192169
rl4crn_rne_oscillator_trace_8rxn_stop_risksched085to09_lr1e4_entropy005_s4_c1_rnetol_d256_depth3_p20,seed052,52,106,10600,100,16,119.27209207060345,122.75202945965694,119.2220112921145,False,max_epochs,464.63994312286377
rl4crn_rne_oscillator_trace_8rxn_stop_risksched085to09_lr1e4_entropy005_s4_c1_rnetol_d256_depth3_p20,seed052,52,107,10700,100,16,119.0671655926317,123.05157394572157,119.0671655926317,False,max_epochs,469.3951258659363
rl4crn_rne_oscillator_trace_8rxn_stop_risksched085to09_lr1e4_entropy005_s4_c1_rnetol_d256_depth3_p20,seed052,52,108,10800,100,16,119.25849650531438,122.20419520457463,119.0671655926317,False,max_epochs,473.8059606552124
rl4crn_rne_oscillator_trace_8rxn_stop_risksched085to09_lr1e4_entropy005_s4_c1_rnetol_d256_depth3_p20,seed052,52,109,10900,100,16,119.06934598724045,123.91246169962994,119.0671655926317,False,max_epochs,478.53759765625
rl4crn_rne_oscillator_trace_8rxn_stop_risksched085to09_lr1e4_entropy005_s4_c1_rnetol_d256_depth3_p20,seed052,52,110,11000,100,16,119.45390446138406,122.19247883242062,119.0671655926317,False,max_epochs,480.6158649921417
rl4crn_rne_oscillator_trace_8rxn_stop_risksched085to09_lr1e4_entropy005_s4_c1_rnetol_d256_depth3_p20,seed052,52,111,11100,100,16,119.05567570729869,121.89319404800267,119.05567570729869,False,max_epochs,484.97897934913635
rl4crn_rne_oscillator_trace_8rxn_stop_risksched085to09_lr1e4_entropy005_s4_c1_rnetol_d256_depth3_p20,seed052,52,112,11200,100,16,119.21106564319618,121.95705341977785,119.05567570729869,False,max_epochs,489.93210434913635
rl4crn_rne_oscillator_trace_8rxn_stop_risksched085to09_lr1e4_entropy005_s4_c1_rnetol_d256_depth3_p20,seed052,52,113,11300,100,16,118.90712464618387,121.89857638969242,118.90712464618387,False,max_epochs,494.98012042045593
rl4crn_rne_oscillator_trace_8rxn_stop_risksched085to09_lr1e4_entropy005_s4_c1_rnetol_d256_depth3_p20,seed052,52,114,11400,100,16,119.07341395241919,122.57390916970881,118.90712464618387,False,max_epochs,500.17201018333435
rl4crn_rne_oscillator_trace_8rxn_stop_risksched085to09_lr1e4_entropy005_s4_c1_rnetol_d256_depth3_p20,seed052,52,115,11500,100,16,119.0915163649734,123.22278803595238,118.90712464618387,False,max_epochs,505.39149379730225
rl4crn_rne_oscillator_trace_8rxn_stop_risksched085to09_lr1e4_entropy005_s4_c1_rnetol_d256_depth3_p20,seed052,52,116,11600,100,16,118.53598241754341,122.1509809280378,118.53598241754341,False,max_epochs,510.1852390766144
rl4crn_rne_oscillator_trace_8rxn_stop_risksched085to09_lr1e4_entropy005_s4_c1_rnetol_d256_depth3_p20,seed052,52,117,11700,100,16,118.75164992181509,121.6125383463501,118.53598241754341,False,max_epochs,515.7203879356384
rl4crn_rne_oscillator_trace_8rxn_stop_risksched085to09_lr1e4_entropy005_s4_c1_rnetol_d256_depth3_p20,seed052,52,118,11800,100,16,118.12627415757225,121.1711395268022,118.12627415757225,False,max_epochs,520.7611057758331
rl4crn_rne_oscillator_trace_8rxn_stop_risksched085to09_lr1e4_entropy005_s4_c1_rnetol_d256_depth3_p20,seed052,52,119,11900,100,16,117.98731890019354,121.8050530142763,117.98731890019354,False,max_epochs,526.037103176117
rl4crn_rne_oscillator_trace_8rxn_stop_risksched085to09_lr1e4_entropy005_s4_c1_rnetol_d256_depth3_p20,seed052,52,120,12000,100,16,118.13704236544773,122.0342511212272,117.98731890019354,False,max_epochs,530.9408762454987
rl4crn_rne_oscillator_trace_8rxn_stop_risksched085to09_lr1e4_entropy005_s4_c1_rnetol_d256_depth3_p20,seed052,52,121,12100,100,16,118.28700566806165,121.79744518077385,117.98731890019354,False,max_epochs,536.0012493133545
rl4crn_rne_oscillator_trace_8rxn_stop_risksched085to09_lr1e4_entropy005_s4_c1_rnetol_d256_depth3_p20,seed052,52,122,12200,100,16,118.28443826608809,122.03762237557856,117.98731890019354,False,max_epochs,541.0916786193848
rl4crn_rne_oscillator_trace_8rxn_stop_risksched085to09_lr1e4_entropy005_s4_c1_rnetol_d256_depth3_p20,seed052,52,123,12300,100,16,118.47512115984405,124.05983421605737,117.98731890019354,False,max_epochs,545.8087301254272
rl4crn_rne_oscillator_trace_8rxn_stop_risksched085to09_lr1e4_entropy005_s4_c1_rnetol_d256_depth3_p20,seed052,52,124,12400,100,16,118.08818923952055,121.70515394369805,117.98731890019354,False,max_epochs,550.3587341308594
rl4crn_rne_oscillator_trace_8rxn_stop_risksched085to09_lr1e4_entropy005_s4_c1_rnetol_d256_depth3_p20,seed052,52,125,12500,100,16,116.4956869114684,121.7976898273769,116.4956869114684,False,max_epochs,555.0113434791565
rl4crn_rne_oscillator_trace_8rxn_stop_risksched085to09_lr1e4_entropy005_s4_c1_rnetol_d256_depth3_p20,seed052,52,126,12600,100,16,116.30254685821673,122.24124081488335,116.30254685821673,False,max_epochs,557.0345718860626
rl4crn_rne_oscillator_trace_8rxn_stop_risksched085to09_lr1e4_entropy005_s4_c1_rnetol_d256_depth3_p20,seed052,52,127,12700,100,16,115.0385168112014,122.40942652412677,115.0385168112014,False,max_epochs,561.7985837459564
rl4crn_rne_oscillator_trace_8rxn_stop_risksched085to09_lr1e4_entropy005_s4_c1_rnetol_d256_depth3_p20,seed052,52,128,12800,100,16,115.21858861614228,125.78879672934362,115.0385168112014,False,max_epochs,566.5775089263916
rl4crn_rne_oscillator_trace_8rxn_stop_risksched085to09_lr1e4_entropy005_s4_c1_rnetol_d256_depth3_p20,seed052,52,129,12900,100,16,115.48415992407116,122.07276739053759,115.0385168112014,False,max_epochs,571.6951735019684
rl4crn_rne_oscillator_trace_8rxn_stop_risksched085to09_lr1e4_entropy005_s4_c1_rnetol_d256_depth3_p20,seed052,52,130,13000,100,16,115.96519825391694,120.94338859031524,115.0385168112014,False,max_epochs,576.4097511768341
rl4crn_rne_oscillator_trace_8rxn_stop_risksched085to09_lr1e4_entropy005_s4_c1_rnetol_d256_depth3_p20,seed052,52,131,13100,100,16,114.97197314076968,121.67684016074634,114.97197314076968,False,max_epochs,581.3948149681091
rl4crn_rne_oscillator_trace_8rxn_stop_risksched085to09_lr1e4_entropy005_s4_c1_rnetol_d256_depth3_p20,seed052,52,132,13200,100,16,114.59950333420622,122.37983574872723,114.59950333420622,False,max_epochs,585.9523463249207
rl4crn_rne_oscillator_trace_8rxn_stop_risksched085to09_lr1e4_entropy005_s4_c1_rnetol_d256_depth3_p20,seed052,52,133,13300,100,16,112.8448659352543,125.1652455691875,112.8448659352543,False,max_epochs,589.8815813064575
rl4crn_rne_oscillator_trace_8rxn_stop_risksched085to09_lr1e4_entropy005_s4_c1_rnetol_d256_depth3_p20,seed052,52,134,13400,100,16,114.24696510638096,120.20372519585231,112.8448659352543,False,max_epochs,592.44011926651
rl4crn_rne_oscillator_trace_8rxn_stop_risksched085to09_lr1e4_entropy005_s4_c1_rnetol_d256_depth3_p20,seed052,52,135,13500,100,16,112.91360561808027,121.74587143074362,112.8448659352543,False,max_epochs,597.3333466053009
rl4crn_rne_oscillator_trace_8rxn_stop_risksched085to09_lr1e4_entropy005_s4_c1_rnetol_d256_depth3_p20,seed052,52,136,13600,100,16,113.58103380914537,123.97192309565727,112.8448659352543,False,max_epochs,602.3415262699127
rl4crn_rne_oscillator_trace_8rxn_stop_risksched085to09_lr1e4_entropy005_s4_c1_rnetol_d256_depth3_p20,seed052,52,137,13700,100,16,110.77305519397873,120.6025515247698,110.77305519397873,False,max_epochs,607.3570246696472
rl4crn_rne_oscillator_trace_8rxn_stop_risksched085to09_lr1e4_entropy005_s4_c1_rnetol_d256_depth3_p20,seed052,52,138,13800,100,16,110.65551006504418,119.30293226773918,110.65551006504418,False,max_epochs,612.0166881084442
rl4crn_rne_oscillator_trace_8rxn_stop_risksched085to09_lr1e4_entropy005_s4_c1_rnetol_d256_depth3_p20,seed052,52,139,13900,100,16,110.68170602589687,120.07136754408188,110.65551006504418,False,max_epochs,616.6823518276215
rl4crn_rne_oscillator_trace_8rxn_stop_risksched085to09_lr1e4_entropy005_s4_c1_rnetol_d256_depth3_p20,seed052,52,140,14000,100,16,109.23620695573271,120.48715158341909,109.23620695573271,False,max_epochs,620.3256554603577
rl4crn_rne_oscillator_trace_8rxn_stop_risksched085to09_lr1e4_entropy005_s4_c1_rnetol_d256_depth3_p20,seed052,52,141,14100,100,16,111.43395279048187,120.65364029669422,109.23620695573271,False,max_epochs,623.1790637969971
rl4crn_rne_oscillator_trace_8rxn_stop_risksched085to09_lr1e4_entropy005_s4_c1_rnetol_d256_depth3_p20,seed052,52,142,14200,100,16,107.74336978139391,121.30019486499633,107.74336978139391,False,max_epochs,628.3400688171387
rl4crn_rne_oscillator_trace_8rxn_stop_risksched085to09_lr1e4_entropy005_s4_c1_rnetol_d256_depth3_p20,seed052,52,143,14300,100,16,109.74024007966477,122.23888741967284,107.74336978139391,False,max_epochs,633.3121304512024
rl4crn_rne_oscillator_trace_8rxn_stop_risksched085to09_lr1e4_entropy005_s4_c1_rnetol_d256_depth3_p20,seed052,52,144,14400,100,16,110.6920408615538,122.5304672061731,107.74336978139391,False,max_epochs,638.7421386241913
rl4crn_rne_oscillator_trace_8rxn_stop_risksched085to09_lr1e4_entropy005_s4_c1_rnetol_d256_depth3_p20,seed052,52,145,14500,100,16,109.96953790504534,123.65714072690407,107.74336978139391,False,max_epochs,643.526383638382
rl4crn_rne_oscillator_trace_8rxn_stop_risksched085to09_lr1e4_entropy005_s4_c1_rnetol_d256_depth3_p20,seed052,52,146,14600,100,16,109.60023713498708,122.209395356332,107.74336978139391,False,max_epochs,647.9916639328003
rl4crn_rne_oscillator_trace_8rxn_stop_risksched085to09_lr1e4_entropy005_s4_c1_rnetol_d256_depth3_p20,seed052,52,147,14700,100,16,108.9704534751884,120.98519428980765,107.74336978139391,False,max_epochs,652.7077157497406
rl4crn_rne_oscillator_trace_8rxn_stop_risksched085to09_lr1e4_entropy005_s4_c1_rnetol_d256_depth3_p20,seed052,52,148,14800,100,16,107.57068921974398,121.4127637063961,107.57068921974398,False,max_epochs,656.75892162323
rl4crn_rne_oscillator_trace_8rxn_stop_risksched085to09_lr1e4_entropy005_s4_c1_rnetol_d256_depth3_p20,seed052,52,149,14900,100,16,107.98024255294658,118.69267072495032,107.57068921974398,False,max_epochs,659.3799545764923
rl4crn_rne_oscillator_trace_8rxn_stop_risksched085to09_lr1e4_entropy005_s4_c1_rnetol_d256_depth3_p20,seed052,52,150,15000,100,16,105.55541228676799,118.83845592649976,105.55541228676799,False,max_epochs,663.9998888969421
rl4crn_rne_oscillator_trace_8rxn_stop_risksched085to09_lr1e4_entropy005_s4_c1_rnetol_d256_depth3_p20,seed052,52,151,15100,100,16,108.43482500240317,118.64126468721767,105.55541228676799,False,max_epochs,668.8666434288025
rl4crn_rne_oscillator_trace_8rxn_stop_risksched085to09_lr1e4_entropy005_s4_c1_rnetol_d256_depth3_p20,seed052,52,152,15200,100,16,105.73456450818821,121.90968979705478,105.55541228676799,False,max_epochs,674.097195148468
rl4crn_rne_oscillator_trace_8rxn_stop_risksched085to09_lr1e4_entropy005_s4_c1_rnetol_d256_depth3_p20,seed052,52,153,15300,100,16,107.76805768645814,119.22162126871069,105.55541228676799,False,max_epochs,678.7580916881561
rl4crn_rne_oscillator_trace_8rxn_stop_risksched085to09_lr1e4_entropy005_s4_c1_rnetol_d256_depth3_p20,seed052,52,154,15400,100,16,108.14680991993113,122.7306652205838,105.55541228676799,False,max_epochs,683.3732585906982
rl4crn_rne_oscillator_trace_8rxn_stop_risksched085to09_lr1e4_entropy005_s4_c1_rnetol_d256_depth3_p20,seed052,52,155,15500,100,16,108.16622509727779,123.26546398978581,105.55541228676799,False,max_epochs,687.6900532245636
rl4crn_rne_oscillator_trace_8rxn_stop_risksched085to09_lr1e4_entropy005_s4_c1_rnetol_d256_depth3_p20,seed052,52,156,15600,100,16,105.8619981327634,119.61882088644391,105.55541228676799,False,max_epochs,689.8366363048553
rl4crn_rne_oscillator_trace_8rxn_stop_risksched085to09_lr1e4_entropy005_s4_c1_rnetol_d256_depth3_p20,seed052,52,157,15700,100,16,104.09408127841655,124.78437603939557,104.09408127841655,False,max_epochs,694.5240018367767
rl4crn_rne_oscillator_trace_8rxn_stop_risksched085to09_lr1e4_entropy005_s4_c1_rnetol_d256_depth3_p20,seed052,52,158,15800,100,16,104.75528833432237,120.68607102801093,104.09408127841655,False,max_epochs,699.9144110679626
rl4crn_rne_oscillator_trace_8rxn_stop_risksched085to09_lr1e4_entropy005_s4_c1_rnetol_d256_depth3_p20,seed052,52,159,15900,100,16,104.30850263470592,123.71713955448519,104.09408127841655,False,max_epochs,704.5881865024567
rl4crn_rne_oscillator_trace_8rxn_stop_risksched085to09_lr1e4_entropy005_s4_c1_rnetol_d256_depth3_p20,seed052,52,160,16000,100,16,107.56622526078883,119.92270534447863,104.09408127841655,False,max_epochs,709.9773063659668
rl4crn_rne_oscillator_trace_8rxn_stop_risksched085to09_lr1e4_entropy005_s4_c1_rnetol_d256_depth3_p20,seed052,52,161,16100,100,16,108.75657033991165,121.40244507297305,104.09408127841655,False,max_epochs,714.5467450618744
rl4crn_rne_oscillator_trace_8rxn_stop_risksched085to09_lr1e4_entropy005_s4_c1_rnetol_d256_depth3_p20,seed052,52,162,16200,100,16,103.30668900186635,122.5562161371466,103.30668900186635,False,max_epochs,719.4466619491577
rl4crn_rne_oscillator_trace_8rxn_stop_risksched085to09_lr1e4_entropy005_s4_c1_rnetol_d256_depth3_p20,seed052,52,163,16300,100,16,103.92538666554461,125.74906063460813,103.30668900186635,False,max_epochs,724.0342872142792
rl4crn_rne_oscillator_trace_8rxn_stop_risksched085to09_lr1e4_entropy005_s4_c1_rnetol_d256_depth3_p20,seed052,52,164,16400,100,16,106.89515515062962,128.55695156855367,103.30668900186635,False,max_epochs,728.5034902095795
rl4crn_rne_oscillator_trace_8rxn_stop_risksched085to09_lr1e4_entropy005_s4_c1_rnetol_d256_depth3_p20,seed052,52,165,16500,100,16,104.00376884686081,126.31845365828087,103.30668900186635,False,max_epochs,733.1345915794373
rl4crn_rne_oscillator_trace_8rxn_stop_risksched085to09_lr1e4_entropy005_s4_c1_rnetol_d256_depth3_p20,seed052,52,166,16600,100,16,106.76707286722463,132.47186188487262,103.30668900186635,False,max_epochs,735.2596514225006
rl4crn_rne_oscillator_trace_8rxn_stop_risksched085to09_lr1e4_entropy005_s4_c1_rnetol_d256_depth3_p20,seed052,52,167,16700,100,16,106.55061143458882,124.05665914017808,103.30668900186635,False,max_epochs,739.8557615280151
rl4crn_rne_oscillator_trace_8rxn_stop_risksched085to09_lr1e4_entropy005_s4_c1_rnetol_d256_depth3_p20,seed052,52,168,16800,100,16,106.04517565883683,131.93356497725262,103.30668900186635,False,max_epochs,744.2967917919159
rl4crn_rne_oscillator_trace_8rxn_stop_risksched085to09_lr1e4_entropy005_s4_c1_rnetol_d256_depth3_p20,seed052,52,169,16900,100,16,104.56401348907596,125.59106645595998,103.30668900186635,False,max_epochs,748.9150187969208
rl4crn_rne_oscillator_trace_8rxn_stop_risksched085to09_lr1e4_entropy005_s4_c1_rnetol_d256_depth3_p20,seed052,52,170,17000,100,16,104.07449811551344,123.80145351351553,103.30668900186635,False,max_epochs,753.2402775287628
rl4crn_rne_oscillator_trace_8rxn_stop_risksched085to09_lr1e4_entropy005_s4_c1_rnetol_d256_depth3_p20,seed052,52,171,17100,100,16,105.52924292936821,126.83389188245496,103.30668900186635,False,max_epochs,755.5480265617371
rl4crn_rne_oscillator_trace_8rxn_stop_risksched085to09_lr1e4_entropy005_s4_c1_rnetol_d256_depth3_p20,seed052,52,172,17200,100,16,105.50345277670435,122.25498919626438,103.30668900186635,False,max_epochs,760.5686259269714
rl4crn_rne_oscillator_trace_8rxn_stop_risksched085to09_lr1e4_entropy005_s4_c1_rnetol_d256_depth3_p20,seed052,52,173,17300,100,16,107.0675858316944,120.20696349539548,103.30668900186635,False,max_epochs,765.2508594989777
rl4crn_rne_oscillator_trace_8rxn_stop_risksched085to09_lr1e4_entropy005_s4_c1_rnetol_d256_depth3_p20,seed052,52,174,17400,100,16,105.26037843411169,121.50833093867718,103.30668900186635,False,max_epochs,770.4643003940582
rl4crn_rne_oscillator_trace_8rxn_stop_risksched085to09_lr1e4_entropy005_s4_c1_rnetol_d256_depth3_p20,seed052,52,175,17500,100,16,103.55161704962352,121.2162150989063,103.30668900186635,False,max_epochs,775.2116117477417
rl4crn_rne_oscillator_trace_8rxn_stop_risksched085to09_lr1e4_entropy005_s4_c1_rnetol_d256_depth3_p20,seed052,52,176,17600,100,16,106.5549414561535,122.07690877044273,103.30668900186635,False,max_epochs,780.0255756378174
rl4crn_rne_oscillator_trace_8rxn_stop_risksched085to09_lr1e4_entropy005_s4_c1_rnetol_d256_depth3_p20,seed052,52,177,17700,100,16,106.11186565221276,122.87355584161224,103.30668900186635,False,max_epochs,785.0491678714752
rl4crn_rne_oscillator_trace_8rxn_stop_risksched085to09_lr1e4_entropy005_s4_c1_rnetol_d256_depth3_p20,seed052,52,178,17800,100,16,105.29055762411136,125.88482969299417,103.30668900186635,False,max_epochs,789.5086145401001
rl4crn_rne_oscillator_trace_8rxn_stop_risksched085to09_lr1e4_entropy005_s4_c1_rnetol_d256_depth3_p20,seed052,52,179,17900,100,16,102.25006424663698,129.5517592073664,102.25006424663698,False,max_epochs,794.2242279052734
rl4crn_rne_oscillator_trace_8rxn_stop_risksched085to09_lr1e4_entropy005_s4_c1_rnetol_d256_depth3_p20,seed052,52,180,18000,100,16,107.28025063489784,132.61888335532387,102.25006424663698,False,max_epochs,796.3994777202606
rl4crn_rne_oscillator_trace_8rxn_stop_risksched085to09_lr1e4_entropy005_s4_c1_rnetol_d256_depth3_p20,seed052,52,181,18100,100,16,106.00486860126031,128.44524269503216,102.25006424663698,False,max_epochs,800.8752245903015
rl4crn_rne_oscillator_trace_8rxn_stop_risksched085to09_lr1e4_entropy005_s4_c1_rnetol_d256_depth3_p20,seed052,52,182,18200,100,16,104.89594706764048,127.50067379592178,102.25006424663698,False,max_epochs,805.8318476676941
rl4crn_rne_oscillator_trace_8rxn_stop_risksched085to09_lr1e4_entropy005_s4_c1_rnetol_d256_depth3_p20,seed052,52,183,18300,100,16,101.79015237566487,126.07436715725473,101.79015237566487,False,max_epochs,810.7242698669434
rl4crn_rne_oscillator_trace_8rxn_stop_risksched085to09_lr1e4_entropy005_s4_c1_rnetol_d256_depth3_p20,seed052,52,184,18400,100,16,108.49838402870489,127.59020106732878,101.79015237566487,False,max_epochs,815.8039946556091
rl4crn_rne_oscillator_trace_8rxn_stop_risksched085to09_lr1e4_entropy005_s4_c1_rnetol_d256_depth3_p20,seed052,52,185,18500,100,16,104.59182185800375,128.22297552999157,101.79015237566487,False,max_epochs,820.7908897399902
rl4crn_rne_oscillator_trace_8rxn_stop_risksched085to09_lr1e4_entropy005_s4_c1_rnetol_d256_depth3_p20,seed052,52,186,18600,100,16,105.99203085487973,128.68782464662112,101.79015237566487,False,max_epochs,825.37442445755
rl4crn_rne_oscillator_trace_8rxn_stop_risksched085to09_lr1e4_entropy005_s4_c1_rnetol_d256_depth3_p20,seed052,52,187,18700,100,16,106.45529378254349,130.06942539040432,101.79015237566487,False,max_epochs,829.8240196704865
rl4crn_rne_oscillator_trace_8rxn_stop_risksched085to09_lr1e4_entropy005_s4_c1_rnetol_d256_depth3_p20,seed052,52,188,18800,100,16,107.38721016756902,128.58378668161558,101.79015237566487,False,max_epochs,832.056314945221
rl4crn_rne_oscillator_trace_8rxn_stop_risksched085to09_lr1e4_entropy005_s4_c1_rnetol_d256_depth3_p20,seed052,52,189,18900,100,16,103.86609882173582,130.00580354602027,101.79015237566487,False,max_epochs,837.0811762809753
rl4crn_rne_oscillator_trace_8rxn_stop_risksched085to09_lr1e4_entropy005_s4_c1_rnetol_d256_depth3_p20,seed052,52,190,19000,100,16,105.42556408895507,126.8895182928866,101.79015237566487,False,max_epochs,841.7675769329071
rl4crn_rne_oscillator_trace_8rxn_stop_risksched085to09_lr1e4_entropy005_s4_c1_rnetol_d256_depth3_p20,seed052,52,191,19100,100,16,106.04149369302027,128.4729513949361,101.79015237566487,False,max_epochs,846.6374309062958
rl4crn_rne_oscillator_trace_8rxn_stop_risksched085to09_lr1e4_entropy005_s4_c1_rnetol_d256_depth3_p20,seed052,52,192,19200,100,16,105.6527984183716,131.77247650404234,101.79015237566487,False,max_epochs,851.5327019691467
rl4crn_rne_oscillator_trace_8rxn_stop_risksched085to09_lr1e4_entropy005_s4_c1_rnetol_d256_depth3_p20,seed052,52,193,19300,100,16,105.24276437070566,130.5739521604414,101.79015237566487,False,max_epochs,856.1223497390747
rl4crn_rne_oscillator_trace_8rxn_stop_risksched085to09_lr1e4_entropy005_s4_c1_rnetol_d256_depth3_p20,seed052,52,194,19400,100,16,105.38934812179714,130.65958560288067,101.79015237566487,False,max_epochs,860.554215669632
rl4crn_rne_oscillator_trace_8rxn_stop_risksched085to09_lr1e4_entropy005_s4_c1_rnetol_d256_depth3_p20,seed052,52,195,19500,100,16,104.39473209968428,127.22938677564174,101.79015237566487,False,max_epochs,862.6749939918518
rl4crn_rne_oscillator_trace_8rxn_stop_risksched085to09_lr1e4_entropy005_s4_c1_rnetol_d256_depth3_p20,seed052,52,196,19600,100,16,105.9879834798239,132.5860874945095,101.79015237566487,False,max_epochs,867.4961893558502
rl4crn_rne_oscillator_trace_8rxn_stop_risksched085to09_lr1e4_entropy005_s4_c1_rnetol_d256_depth3_p20,seed052,52,197,19700,100,16,105.30968346804504,136.27510886109675,101.79015237566487,False,max_epochs,872.3583662509918
rl4crn_rne_oscillator_trace_8rxn_stop_risksched085to09_lr1e4_entropy005_s4_c1_rnetol_d256_depth3_p20,seed052,52,198,19800,100,16,106.7086188869736,132.51578823331772,101.79015237566487,False,max_epochs,877.6525411605835
rl4crn_rne_oscillator_trace_8rxn_stop_risksched085to09_lr1e4_entropy005_s4_c1_rnetol_d256_depth3_p20,seed052,52,199,19900,100,16,108.17600425525325,133.6133269802711,101.79015237566487,False,max_epochs,883.0616276264191
rl4crn_rne_oscillator_trace_8rxn_stop_risksched085to09_lr1e4_entropy005_s4_c1_rnetol_d256_depth3_p20,seed052,52,200,20000,100,16,105.60407987808249,129.9177925327874,101.79015237566487,False,max_epochs,888.0745143890381
rl4crn_rne_oscillator_trace_8rxn_stop_risksched085to09_lr1e4_entropy005_s4_c1_rnetol_d256_depth3_p20,seed052,52,201,20100,100,16,105.95114910594438,129.0400392910829,101.79015237566487,False,max_epochs,892.8430094718933
rl4crn_rne_oscillator_trace_8rxn_stop_risksched085to09_lr1e4_entropy005_s4_c1_rnetol_d256_depth3_p20,seed052,52,202,20200,100,16,105.47046509935961,124.70745308461073,101.79015237566487,False,max_epochs,897.6221053600311
rl4crn_rne_oscillator_trace_8rxn_stop_risksched085to09_lr1e4_entropy005_s4_c1_rnetol_d256_depth3_p20,seed052,52,203,20300,100,16,105.23730271142699,130.02214623218367,101.79015237566487,False,max_epochs,902.8815319538116
rl4crn_rne_oscillator_trace_8rxn_stop_risksched085to09_lr1e4_entropy005_s4_c1_rnetol_d256_depth3_p20,seed052,52,204,20400,100,16,105.15373628050014,123.08969182300694,101.79015237566487,False,max_epochs,907.7570059299469
rl4crn_rne_oscillator_trace_8rxn_stop_risksched085to09_lr1e4_entropy005_s4_c1_rnetol_d256_depth3_p20,seed052,52,205,20500,100,16,105.64685197277136,119.82852527069737,101.79015237566487,False,max_epochs,912.6346709728241
rl4crn_rne_oscillator_trace_8rxn_stop_risksched085to09_lr1e4_entropy005_s4_c1_rnetol_d256_depth3_p20,seed052,52,206,20600,100,16,104.04099604013379,123.18438941955489,101.79015237566487,False,max_epochs,917.1239731311798
rl4crn_rne_oscillator_trace_8rxn_stop_risksched085to09_lr1e4_entropy005_s4_c1_rnetol_d256_depth3_p20,seed052,52,207,20700,100,16,104.00653346197103,123.06301306915339,101.79015237566487,False,max_epochs,921.8391268253326
rl4crn_rne_oscillator_trace_8rxn_stop_risksched085to09_lr1e4_entropy005_s4_c1_rnetol_d256_depth3_p20,seed052,52,208,20800,100,16,106.52099269989392,124.61743405640802,101.79015237566487,False,max_epochs,925.232170343399
rl4crn_rne_oscillator_trace_8rxn_stop_risksched085to09_lr1e4_entropy005_s4_c1_rnetol_d256_depth3_p20,seed052,52,209,20900,100,16,104.94667555648495,125.67017897754486,101.79015237566487,False,max_epochs,928.5039422512054
rl4crn_rne_oscillator_trace_8rxn_stop_risksched085to09_lr1e4_entropy005_s4_c1_rnetol_d256_depth3_p20,seed052,52,210,21000,100,16,104.26991993679981,125.44984672136059,101.79015237566487,False,max_epochs,933.2014327049255
rl4crn_rne_oscillator_trace_8rxn_stop_risksched085to09_lr1e4_entropy005_s4_c1_rnetol_d256_depth3_p20,seed052,52,211,21100,100,16,104.76393367887833,122.56720369890644,101.79015237566487,False,max_epochs,938.6669318675995
rl4crn_rne_oscillator_trace_8rxn_stop_risksched085to09_lr1e4_entropy005_s4_c1_rnetol_d256_depth3_p20,seed052,52,212,21200,100,16,105.30593005515496,126.0305308971982,101.79015237566487,False,max_epochs,943.3688366413116
rl4crn_rne_oscillator_trace_8rxn_stop_risksched085to09_lr1e4_entropy005_s4_c1_rnetol_d256_depth3_p20,seed052,52,213,21300,100,16,104.77270380246428,121.9406673693075,101.79015237566487,False,max_epochs,948.3581874370575
rl4crn_rne_oscillator_trace_8rxn_stop_risksched085to09_lr1e4_entropy005_s4_c1_rnetol_d256_depth3_p20,seed052,52,214,21400,100,16,102.4784577361938,117.12517645046135,101.79015237566487,False,max_epochs,953.0115852355957
rl4crn_rne_oscillator_trace_8rxn_stop_risksched085to09_lr1e4_entropy005_s4_c1_rnetol_d256_depth3_p20,seed052,52,215,21500,100,16,105.92318256947698,122.12994957849524,101.79015237566487,False,max_epochs,957.6940200328827
rl4crn_rne_oscillator_trace_8rxn_stop_risksched085to09_lr1e4_entropy005_s4_c1_rnetol_d256_depth3_p20,seed052,52,216,21600,100,16,104.01721661068468,121.66215221259421,101.79015237566487,False,max_epochs,962.3153941631317
rl4crn_rne_oscillator_trace_8rxn_stop_risksched085to09_lr1e4_entropy005_s4_c1_rnetol_d256_depth3_p20,seed052,52,217,21700,100,16,106.1328927068819,129.03925756398206,101.79015237566487,False,max_epochs,964.5820751190186
rl4crn_rne_oscillator_trace_8rxn_stop_risksched085to09_lr1e4_entropy005_s4_c1_rnetol_d256_depth3_p20,seed052,52,218,21800,100,16,105.72239434044681,139.22017072431504,101.79015237566487,False,max_epochs,969.0310206413269
rl4crn_rne_oscillator_trace_8rxn_stop_risksched085to09_lr1e4_entropy005_s4_c1_rnetol_d256_depth3_p20,seed052,52,219,21900,100,16,104.60432536780876,137.1699900318556,101.79015237566487,False,max_epochs,973.8320300579071
rl4crn_rne_oscillator_trace_8rxn_stop_risksched085to09_lr1e4_entropy005_s4_c1_rnetol_d256_depth3_p20,seed052,52,220,22000,100,16,104.35517351780291,133.7354207965108,101.79015237566487,False,max_epochs,978.6521370410919
rl4crn_rne_oscillator_trace_8rxn_stop_risksched085to09_lr1e4_entropy005_s4_c1_rnetol_d256_depth3_p20,seed052,52,221,22100,100,16,104.9201848766218,134.61050783329392,101.79015237566487,False,max_epochs,983.2528891563416
rl4crn_rne_oscillator_trace_8rxn_stop_risksched085to09_lr1e4_entropy005_s4_c1_rnetol_d256_depth3_p20,seed052,52,222,22200,100,16,104.87136984183385,134.02718119125518,101.79015237566487,False,max_epochs,987.8699226379395
rl4crn_rne_oscillator_trace_8rxn_stop_risksched085to09_lr1e4_entropy005_s4_c1_rnetol_d256_depth3_p20,seed052,52,223,22300,100,16,104.65730253202334,123.40864847360614,101.79015237566487,False,max_epochs,989.9598984718323
rl4crn_rne_oscillator_trace_8rxn_stop_risksched085to09_lr1e4_entropy005_s4_c1_rnetol_d256_depth3_p20,seed052,52,224,22400,100,16,105.11513541634362,121.09915483003837,101.79015237566487,False,max_epochs,994.760392665863
rl4crn_rne_oscillator_trace_8rxn_stop_risksched085to09_lr1e4_entropy005_s4_c1_rnetol_d256_depth3_p20,seed052,52,225,22500,100,16,103.40162029959635,118.08328244585138,101.79015237566487,False,max_epochs,999.7903439998627
rl4crn_rne_oscillator_trace_8rxn_stop_risksched085to09_lr1e4_entropy005_s4_c1_rnetol_d256_depth3_p20,seed052,52,226,22600,100,16,104.47150684794643,119.70901261778783,101.79015237566487,False,max_epochs,1005.0225925445557
rl4crn_rne_oscillator_trace_8rxn_stop_risksched085to09_lr1e4_entropy005_s4_c1_rnetol_d256_depth3_p20,seed052,52,227,22700,100,16,103.17612179173024,122.02284760763814,101.79015237566487,False,max_epochs,1009.8527476787567
rl4crn_rne_oscillator_trace_8rxn_stop_risksched085to09_lr1e4_entropy005_s4_c1_rnetol_d256_depth3_p20,seed052,52,228,22800,100,16,100.73552894567258,119.11662906648425,100.73552894567258,False,max_epochs,1015.3560583591461
rl4crn_rne_oscillator_trace_8rxn_stop_risksched085to09_lr1e4_entropy005_s4_c1_rnetol_d256_depth3_p20,seed052,52,229,22900,100,16,106.00653163972243,120.46494940766337,100.73552894567258,False,max_epochs,1020.029550075531
rl4crn_rne_oscillator_trace_8rxn_stop_risksched085to09_lr1e4_entropy005_s4_c1_rnetol_d256_depth3_p20,seed052,52,230,23000,100,16,101.90845124074606,120.22428100335858,100.73552894567258,False,max_epochs,1024.6471109390259
rl4crn_rne_oscillator_trace_8rxn_stop_risksched085to09_lr1e4_entropy005_s4_c1_rnetol_d256_depth3_p20,seed052,52,231,23100,100,16,103.59714528948437,124.11632897603431,100.73552894567258,False,max_epochs,1029.4384903907776
rl4crn_rne_oscillator_trace_8rxn_stop_risksched085to09_lr1e4_entropy005_s4_c1_rnetol_d256_depth3_p20,seed052,52,232,23200,100,16,103.00898180281541,118.62248730344423,100.73552894567258,False,max_epochs,1031.489597082138
rl4crn_rne_oscillator_trace_8rxn_stop_risksched085to09_lr1e4_entropy005_s4_c1_rnetol_d256_depth3_p20,seed052,52,233,23300,100,16,104.10416884740755,124.46599352100918,100.73552894567258,False,max_epochs,1036.0459277629852
rl4crn_rne_oscillator_trace_8rxn_stop_risksched085to09_lr1e4_entropy005_s4_c1_rnetol_d256_depth3_p20,seed052,52,234,23400,100,16,101.17708172026731,124.25243678777959,100.73552894567258,False,max_epochs,1041.0697820186615
rl4crn_rne_oscillator_trace_8rxn_stop_risksched085to09_lr1e4_entropy005_s4_c1_rnetol_d256_depth3_p20,seed052,52,235,23500,100,16,103.73046338341031,125.57743484933829,100.73552894567258,False,max_epochs,1045.8611462116241
rl4crn_rne_oscillator_trace_8rxn_stop_risksched085to09_lr1e4_entropy005_s4_c1_rnetol_d256_depth3_p20,seed052,52,236,23600,100,16,105.66112727060117,121.04454890077109,100.73552894567258,False,max_epochs,1051.3287062644958
rl4crn_rne_oscillator_trace_8rxn_stop_risksched085to09_lr1e4_entropy005_s4_c1_rnetol_d256_depth3_p20,seed052,52,237,23700,100,16,102.80536539657935,122.93854929646116,100.73552894567258,False,max_epochs,1056.3435142040253
rl4crn_rne_oscillator_trace_8rxn_stop_risksched085to09_lr1e4_entropy005_s4_c1_rnetol_d256_depth3_p20,seed052,52,238,23800,100,16,102.75884335204337,119.57075464219307,100.73552894567258,False,max_epochs,1061.155860900879
rl4crn_rne_oscillator_trace_8rxn_stop_risksched085to09_lr1e4_entropy005_s4_c1_rnetol_d256_depth3_p20,seed052,52,239,23900,100,16,103.1161743981884,119.91574893864711,100.73552894567258,False,max_epochs,1066.4033551216125
rl4crn_rne_oscillator_trace_8rxn_stop_risksched085to09_lr1e4_entropy005_s4_c1_rnetol_d256_depth3_p20,seed052,52,240,24000,100,16,103.96407093450755,119.19333385534472,100.73552894567258,False,max_epochs,1071.7381827831268
rl4crn_rne_oscillator_trace_8rxn_stop_risksched085to09_lr1e4_entropy005_s4_c1_rnetol_d256_depth3_p20,seed052,52,241,24100,100,16,103.87472437125689,117.91550743531658,100.73552894567258,False,max_epochs,1076.681824684143
rl4crn_rne_oscillator_trace_8rxn_stop_risksched085to09_lr1e4_entropy005_s4_c1_rnetol_d256_depth3_p20,seed052,52,242,24200,100,16,103.14225243425606,117.99304168609795,100.73552894567258,False,max_epochs,1081.1590604782104
rl4crn_rne_oscillator_trace_8rxn_stop_risksched085to09_lr1e4_entropy005_s4_c1_rnetol_d256_depth3_p20,seed052,52,243,24300,100,16,102.73858009626926,118.83550892709977,100.73552894567258,False,max_epochs,1085.8872768878937
rl4crn_rne_oscillator_trace_8rxn_stop_risksched085to09_lr1e4_entropy005_s4_c1_rnetol_d256_depth3_p20,seed052,52,244,24400,100,16,101.74163078459883,117.78328752973181,100.73552894567258,False,max_epochs,1087.9656310081482
rl4crn_rne_oscillator_trace_8rxn_stop_risksched085to09_lr1e4_entropy005_s4_c1_rnetol_d256_depth3_p20,seed052,52,245,24500,100,16,102.07371269397389,117.2757943369178,100.73552894567258,False,max_epochs,1092.3738334178925
rl4crn_rne_oscillator_trace_8rxn_stop_risksched085to09_lr1e4_entropy005_s4_c1_rnetol_d256_depth3_p20,seed052,52,246,24600,100,16,101.88239805737767,115.43198520335673,100.73552894567258,False,max_epochs,1097.1909363269806
rl4crn_rne_oscillator_trace_8rxn_stop_risksched085to09_lr1e4_entropy005_s4_c1_rnetol_d256_depth3_p20,seed052,52,247,24700,100,16,102.35918550286307,117.1305984126642,100.73552894567258,False,max_epochs,1102.3386545181274
rl4crn_rne_oscillator_trace_8rxn_stop_risksched085to09_lr1e4_entropy005_s4_c1_rnetol_d256_depth3_p20,seed052,52,248,24800,100,16,102.58919027724578,120.34943465012984,100.73552894567258,False,max_epochs,1107.4303414821625
rl4crn_rne_oscillator_trace_8rxn_stop_risksched085to09_lr1e4_entropy005_s4_c1_rnetol_d256_depth3_p20,seed052,52,249,24900,100,16,102.60085418160526,120.24669321751836,100.73552894567258,False,max_epochs,1112.1519877910614
rl4crn_rne_oscillator_trace_8rxn_stop_risksched085to09_lr1e4_entropy005_s4_c1_rnetol_d256_depth3_p20,seed052,52,250,25000,100,16,103.44387161645851,120.2169181827332,100.73552894567258,False,max_epochs,1116.5047557353973
rl4crn_rne_oscillator_trace_8rxn_stop_risksched085to09_lr1e4_entropy005_s4_c1_rnetol_d256_depth3_p20,seed052,52,251,25100,100,16,103.3954209936166,118.73292720445446,100.73552894567258,False,max_epochs,1120.8457691669464
rl4crn_rne_oscillator_trace_8rxn_stop_risksched085to09_lr1e4_entropy005_s4_c1_rnetol_d256_depth3_p20,seed052,52,252,25200,100,16,103.08713775875256,118.61416310354156,100.73552894567258,False,max_epochs,1123.2099027633667
rl4crn_rne_oscillator_trace_8rxn_stop_risksched085to09_lr1e4_entropy005_s4_c1_rnetol_d256_depth3_p20,seed052,52,253,25300,100,16,102.67682875038302,116.40915722740075,100.73552894567258,False,max_epochs,1127.891324520111
rl4crn_rne_oscillator_trace_8rxn_stop_risksched085to09_lr1e4_entropy005_s4_c1_rnetol_d256_depth3_p20,seed052,52,254,25400,100,16,104.02756438387779,120.86224719234912,100.73552894567258,False,max_epochs,1132.8672935962677
rl4crn_rne_oscillator_trace_8rxn_stop_risksched085to09_lr1e4_entropy005_s4_c1_rnetol_d256_depth3_p20,seed052,52,255,25500,100,16,100.65849387596978,118.78897028447241,100.65849387596978,False,max_epochs,1137.8552980422974
rl4crn_rne_oscillator_trace_8rxn_stop_risksched085to09_lr1e4_entropy005_s4_c1_rnetol_d256_depth3_p20,seed052,52,256,25600,100,16,104.43709955485983,121.20081562229925,100.65849387596978,False,max_epochs,1143.100260734558
rl4crn_rne_oscillator_trace_8rxn_stop_risksched085to09_lr1e4_entropy005_s4_c1_rnetol_d256_depth3_p20,seed052,52,257,25700,100,16,102.33837045855367,119.77272899704204,100.65849387596978,False,max_epochs,1147.967387676239
rl4crn_rne_oscillator_trace_8rxn_stop_risksched085to09_lr1e4_entropy005_s4_c1_rnetol_d256_depth3_p20,seed052,52,258,25800,100,16,104.74751723734454,119.34383712164082,100.65849387596978,False,max_epochs,1152.5520551204681
rl4crn_rne_oscillator_trace_8rxn_stop_risksched085to09_lr1e4_entropy005_s4_c1_rnetol_d256_depth3_p20,seed052,52,259,25900,100,16,102.22257861246,121.30631344990462,100.65849387596978,False,max_epochs,1157.1661803722382
rl4crn_rne_oscillator_trace_8rxn_stop_risksched085to09_lr1e4_entropy005_s4_c1_rnetol_d256_depth3_p20,seed052,52,260,26000,100,16,104.50467649511987,119.23777332581261,100.65849387596978,False,max_epochs,1159.339245557785
rl4crn_rne_oscillator_trace_8rxn_stop_risksched085to09_lr1e4_entropy005_s4_c1_rnetol_d256_depth3_p20,seed052,52,261,26100,100,16,102.61363004064746,120.5199903836681,100.65849387596978,False,max_epochs,1163.592525959015
rl4crn_rne_oscillator_trace_8rxn_stop_risksched085to09_lr1e4_entropy005_s4_c1_rnetol_d256_depth3_p20,seed052,52,262,26200,100,16,101.53801196507706,120.62471247005578,100.65849387596978,False,max_epochs,1168.5298020839691
rl4crn_rne_oscillator_trace_8rxn_stop_risksched085to09_lr1e4_entropy005_s4_c1_rnetol_d256_depth3_p20,seed052,52,263,26300,100,16,101.20673238021794,119.23696247699098,100.65849387596978,False,max_epochs,1173.3121345043182
rl4crn_rne_oscillator_trace_8rxn_stop_risksched085to09_lr1e4_entropy005_s4_c1_rnetol_d256_depth3_p20,seed052,52,264,26400,100,16,101.77508670718505,119.95015290362969,100.65849387596978,False,max_epochs,1177.9036257266998
rl4crn_rne_oscillator_trace_8rxn_stop_risksched085to09_lr1e4_entropy005_s4_c1_rnetol_d256_depth3_p20,seed052,52,265,26500,100,16,101.42014839672561,121.0993954436568,100.65849387596978,False,max_epochs,1182.2131216526031
rl4crn_rne_oscillator_trace_8rxn_stop_risksched085to09_lr1e4_entropy005_s4_c1_rnetol_d256_depth3_p20,seed052,52,266,26600,100,16,101.55312009565178,120.3186369648441,100.65849387596978,False,max_epochs,1184.3516895771027
rl4crn_rne_oscillator_trace_8rxn_stop_risksched085to09_lr1e4_entropy005_s4_c1_rnetol_d256_depth3_p20,seed052,52,267,26700,100,16,102.32680482437088,119.7213213648152,100.65849387596978,False,max_epochs,1188.6574668884277
rl4crn_rne_oscillator_trace_8rxn_stop_risksched085to09_lr1e4_entropy005_s4_c1_rnetol_d256_depth3_p20,seed052,52,268,26800,100,16,101.25448096474348,119.05417214972032,100.65849387596978,False,max_epochs,1193.8197219371796
rl4crn_rne_oscillator_trace_8rxn_stop_risksched085to09_lr1e4_entropy005_s4_c1_rnetol_d256_depth3_p20,seed052,52,269,26900,100,16,101.09739310553378,119.07538677373529,100.65849387596978,False,max_epochs,1198.332415342331
rl4crn_rne_oscillator_trace_8rxn_stop_risksched085to09_lr1e4_entropy005_s4_c1_rnetol_d256_depth3_p20,seed052,52,270,27000,100,16,101.95174697065694,119.18095819753279,100.65849387596978,False,max_epochs,1202.8354744911194
rl4crn_rne_oscillator_trace_8rxn_stop_risksched085to09_lr1e4_entropy005_s4_c1_rnetol_d256_depth3_p20,seed052,52,271,27100,100,16,101.33166549833898,118.72730415815246,100.65849387596978,False,max_epochs,1207.6183245182037
rl4crn_rne_oscillator_trace_8rxn_stop_risksched085to09_lr1e4_entropy005_s4_c1_rnetol_d256_depth3_p20,seed052,52,272,27200,100,16,101.86330133785643,116.57415240318585,100.65849387596978,False,max_epochs,1212.2058675289154
rl4crn_rne_oscillator_trace_8rxn_stop_risksched085to09_lr1e4_entropy005_s4_c1_rnetol_d256_depth3_p20,seed052,52,273,27300,100,16,101.49068459619778,115.10482821932081,100.65849387596978,False,max_epochs,1216.8475484848022
rl4crn_rne_oscillator_trace_8rxn_stop_risksched085to09_lr1e4_entropy005_s4_c1_rnetol_d256_depth3_p20,seed052,52,274,27400,100,16,101.92961744397503,116.85941566813733,100.65849387596978,False,max_epochs,1219.1399862766266
rl4crn_rne_oscillator_trace_8rxn_stop_risksched085to09_lr1e4_entropy005_s4_c1_rnetol_d256_depth3_p20,seed052,52,275,27500,100,16,101.56296075444206,117.30340446372671,100.65849387596978,False,max_epochs,1223.4939758777618
rl4crn_rne_oscillator_trace_8rxn_stop_risksched085to09_lr1e4_entropy005_s4_c1_rnetol_d256_depth3_p20,seed052,52,276,27600,100,16,100.91548836866019,118.56308025816676,100.65849387596978,False,max_epochs,1228.3613002300262
rl4crn_rne_oscillator_trace_8rxn_stop_risksched085to09_lr1e4_entropy005_s4_c1_rnetol_d256_depth3_p20,seed052,52,277,27700,100,16,101.01996333831407,118.19076419798083,100.65849387596978,False,max_epochs,1233.1403381824493
rl4crn_rne_oscillator_trace_8rxn_stop_risksched085to09_lr1e4_entropy005_s4_c1_rnetol_d256_depth3_p20,seed052,52,278,27800,100,16,103.06413222106637,117.50169292866366,100.65849387596978,False,max_epochs,1238.2964355945587
rl4crn_rne_oscillator_trace_8rxn_stop_risksched085to09_lr1e4_entropy005_s4_c1_rnetol_d256_depth3_p20,seed052,52,279,27900,100,16,101.91319902986724,118.6193606124499,100.65849387596978,False,max_epochs,1242.8053319454193
rl4crn_rne_oscillator_trace_8rxn_stop_risksched085to09_lr1e4_entropy005_s4_c1_rnetol_d256_depth3_p20,seed052,52,280,28000,100,16,101.154444837156,116.76565031823615,100.65849387596978,False,max_epochs,1247.2121846675873
rl4crn_rne_oscillator_trace_8rxn_stop_risksched085to09_lr1e4_entropy005_s4_c1_rnetol_d256_depth3_p20,seed052,52,281,28100,100,16,103.12762200709436,117.09212722753787,100.65849387596978,False,max_epochs,1249.4725925922394
rl4crn_rne_oscillator_trace_8rxn_stop_risksched085to09_lr1e4_entropy005_s4_c1_rnetol_d256_depth3_p20,seed052,52,282,28200,100,16,103.26354446671746,116.37082309204419,100.65849387596978,False,max_epochs,1254.4495658874512
rl4crn_rne_oscillator_trace_8rxn_stop_risksched085to09_lr1e4_entropy005_s4_c1_rnetol_d256_depth3_p20,seed052,52,283,28300,100,16,101.75194560179644,116.5426567915501,100.65849387596978,False,max_epochs,1259.198856830597
rl4crn_rne_oscillator_trace_8rxn_stop_risksched085to09_lr1e4_entropy005_s4_c1_rnetol_d256_depth3_p20,seed052,52,284,28400,100,16,101.9644357700602,117.33037786806504,100.65849387596978,False,max_epochs,1263.810687303543
rl4crn_rne_oscillator_trace_8rxn_stop_risksched085to09_lr1e4_entropy005_s4_c1_rnetol_d256_depth3_p20,seed052,52,285,28500,100,16,101.22877735019613,115.51681604889926,100.65849387596978,False,max_epochs,1268.5941281318665
rl4crn_rne_oscillator_trace_8rxn_stop_risksched085to09_lr1e4_entropy005_s4_c1_rnetol_d256_depth3_p20,seed052,52,286,28600,100,16,102.27659470520548,115.39659957039699,100.65849387596978,False,max_epochs,1273.7969717979431
rl4crn_rne_oscillator_trace_8rxn_stop_risksched085to09_lr1e4_entropy005_s4_c1_rnetol_d256_depth3_p20,seed052,52,287,28700,100,16,101.22601706430909,115.39743442599254,100.65849387596978,False,max_epochs,1278.987817287445
rl4crn_rne_oscillator_trace_8rxn_stop_risksched085to09_lr1e4_entropy005_s4_c1_rnetol_d256_depth3_p20,seed052,52,288,28800,100,16,102.32100533530807,117.18941241740008,100.65849387596978,False,max_epochs,1284.1389861106873
rl4crn_rne_oscillator_trace_8rxn_stop_risksched085to09_lr1e4_entropy005_s4_c1_rnetol_d256_depth3_p20,seed052,52,289,28900,100,16,101.6247119283987,115.5891811152279,100.65849387596978,False,max_epochs,1289.1745882034302
rl4crn_rne_oscillator_trace_8rxn_stop_risksched085to09_lr1e4_entropy005_s4_c1_rnetol_d256_depth3_p20,seed052,52,290,29000,100,16,101.49618252883415,114.0810758290817,100.65849387596978,False,max_epochs,1294.7916674613953
rl4crn_rne_oscillator_trace_8rxn_stop_risksched085to09_lr1e4_entropy005_s4_c1_rnetol_d256_depth3_p20,seed052,52,291,29100,100,16,101.9412717297644,114.28498329861783,100.65849387596978,False,max_epochs,1299.552101612091
rl4crn_rne_oscillator_trace_8rxn_stop_risksched085to09_lr1e4_entropy005_s4_c1_rnetol_d256_depth3_p20,seed052,52,292,29200,100,16,102.03818927026008,114.84952343205507,100.65849387596978,False,max_epochs,1304.199603319168
rl4crn_rne_oscillator_trace_8rxn_stop_risksched085to09_lr1e4_entropy005_s4_c1_rnetol_d256_depth3_p20,seed052,52,293,29300,100,16,100.68894569002201,115.15773222935175,100.65849387596978,False,max_epochs,1309.1235077381134
rl4crn_rne_oscillator_trace_8rxn_stop_risksched085to09_lr1e4_entropy005_s4_c1_rnetol_d256_depth3_p20,seed052,52,294,29400,100,16,101.25074432737671,113.25846900735468,100.65849387596978,False,max_epochs,1313.854175567627
rl4crn_rne_oscillator_trace_8rxn_stop_risksched085to09_lr1e4_entropy005_s4_c1_rnetol_d256_depth3_p20,seed052,52,295,29500,100,16,102.32256094035945,115.5860638954909,100.65849387596978,False,max_epochs,1318.2838625907898
rl4crn_rne_oscillator_trace_8rxn_stop_risksched085to09_lr1e4_entropy005_s4_c1_rnetol_d256_depth3_p20,seed052,52,296,29600,100,16,101.52125969303256,113.35964401508375,100.65849387596978,False,max_epochs,1320.4683849811554
rl4crn_rne_oscillator_trace_8rxn_stop_risksched085to09_lr1e4_entropy005_s4_c1_rnetol_d256_depth3_p20,seed052,52,297,29700,100,16,102.33693267889099,114.28142771897478,100.65849387596978,False,max_epochs,1324.9720067977905
rl4crn_rne_oscillator_trace_8rxn_stop_risksched085to09_lr1e4_entropy005_s4_c1_rnetol_d256_depth3_p20,seed052,52,298,29800,100,16,101.10977007963976,114.73307407612192,100.65849387596978,False,max_epochs,1330.2765247821808
rl4crn_rne_oscillator_trace_8rxn_stop_risksched085to09_lr1e4_entropy005_s4_c1_rnetol_d256_depth3_p20,seed052,52,299,29900,100,16,102.28611847433108,114.46556742163745,100.65849387596978,False,max_epochs,1335.1704144477844
rl4crn_rne_oscillator_trace_8rxn_stop_risksched085to09_lr1e4_entropy005_s4_c1_rnetol_d256_depth3_p20,seed052,52,300,30000,100,16,101.83543366399523,114.4664427370965,100.65849387596978,False,max_epochs,1340.136662721634
rl4crn_rne_oscillator_trace_8rxn_stop_risksched085to09_lr1e4_entropy005_s4_c1_rnetol_d256_depth3_p20,seed052,52,301,30100,100,16,101.18127420152432,114.98722498260445,100.65849387596978,False,max_epochs,1344.763135433197
rl4crn_rne_oscillator_trace_8rxn_stop_risksched085to09_lr1e4_entropy005_s4_c1_rnetol_d256_depth3_p20,seed052,52,302,30200,100,16,102.76337795806991,120.30612042148888,100.65849387596978,False,max_epochs,1349.5991554260254
rl4crn_rne_oscillator_trace_8rxn_stop_risksched085to09_lr1e4_entropy005_s4_c1_rnetol_d256_depth3_p20,seed052,52,303,30300,100,16,101.48389754775458,117.37703836517531,100.65849387596978,False,max_epochs,1354.0511138439178
rl4crn_rne_oscillator_trace_8rxn_stop_risksched085to09_lr1e4_entropy005_s4_c1_rnetol_d256_depth3_p20,seed052,52,304,30400,100,16,100.78182761359609,115.03969667598632,100.65849387596978,False,max_epochs,1356.2005202770233
rl4crn_rne_oscillator_trace_8rxn_stop_risksched085to09_lr1e4_entropy005_s4_c1_rnetol_d256_depth3_p20,seed052,52,305,30500,100,16,101.58430137544738,114.45375024686963,100.65849387596978,False,max_epochs,1360.9552087783813
rl4crn_rne_oscillator_trace_8rxn_stop_risksched085to09_lr1e4_entropy005_s4_c1_rnetol_d256_depth3_p20,seed052,52,306,30600,100,16,101.54041155643883,115.20181202954811,100.65849387596978,False,max_epochs,1366.2415554523468
rl4crn_rne_oscillator_trace_8rxn_stop_risksched085to09_lr1e4_entropy005_s4_c1_rnetol_d256_depth3_p20,seed052,52,307,30700,100,16,103.02273818808446,114.34932100566763,100.65849387596978,False,max_epochs,1370.8690469264984
rl4crn_rne_oscillator_trace_8rxn_stop_risksched085to09_lr1e4_entropy005_s4_c1_rnetol_d256_depth3_p20,seed052,52,308,30800,100,16,102.07045434919829,115.57836268381485,100.65849387596978,False,max_epochs,1375.3700070381165
rl4crn_rne_oscillator_trace_8rxn_stop_risksched085to09_lr1e4_entropy005_s4_c1_rnetol_d256_depth3_p20,seed052,52,309,30900,100,16,100.95616284735198,116.41619189815644,100.65849387596978,False,max_epochs,1380.1304063796997
rl4crn_rne_oscillator_trace_8rxn_stop_risksched085to09_lr1e4_entropy005_s4_c1_rnetol_d256_depth3_p20,seed052,52,310,31000,100,16,101.53401498738032,116.05582943402763,100.65849387596978,False,max_epochs,1384.5274448394775
rl4crn_rne_oscillator_trace_8rxn_stop_risksched085to09_lr1e4_entropy005_s4_c1_rnetol_d256_depth3_p20,seed052,52,311,31100,100,16,102.10908533832556,118.22259630217016,100.65849387596978,False,max_epochs,1387.0029382705688
rl4crn_rne_oscillator_trace_8rxn_stop_risksched085to09_lr1e4_entropy005_s4_c1_rnetol_d256_depth3_p20,seed052,52,312,31200,100,16,101.63209498433798,117.68448170133811,100.65849387596978,False,max_epochs,1391.4640746116638
rl4crn_rne_oscillator_trace_8rxn_stop_risksched085to09_lr1e4_entropy005_s4_c1_rnetol_d256_depth3_p20,seed052,52,313,31300,100,16,100.88895017386284,115.58178553236903,100.65849387596978,False,max_epochs,1396.628021478653
rl4crn_rne_oscillator_trace_8rxn_stop_risksched085to09_lr1e4_entropy005_s4_c1_rnetol_d256_depth3_p20,seed052,52,314,31400,100,16,100.82672083404148,116.27950140816559,100.65849387596978,False,max_epochs,1401.6825983524323
rl4crn_rne_oscillator_trace_8rxn_stop_risksched085to09_lr1e4_entropy005_s4_c1_rnetol_d256_depth3_p20,seed052,52,315,31500,100,16,100.77872864962725,116.17949095035323,100.65849387596978,False,max_epochs,1406.5592515468597
rl4crn_rne_oscillator_trace_8rxn_stop_risksched085to09_lr1e4_entropy005_s4_c1_rnetol_d256_depth3_p20,seed052,52,316,31600,100,16,101.00929354047418,115.35814423150282,100.65849387596978,False,max_epochs,1411.469559431076
rl4crn_rne_oscillator_trace_8rxn_stop_risksched085to09_lr1e4_entropy005_s4_c1_rnetol_d256_depth3_p20,seed052,52,317,31700,100,16,102.95029727551926,114.8046096351268,100.65849387596978,False,max_epochs,1416.2475340366364
rl4crn_rne_oscillator_trace_8rxn_stop_risksched085to09_lr1e4_entropy005_s4_c1_rnetol_d256_depth3_p20,seed052,52,318,31800,100,16,102.7592790260227,113.91074489430662,100.65849387596978,False,max_epochs,1421.249071598053
rl4crn_rne_oscillator_trace_8rxn_stop_risksched085to09_lr1e4_entropy005_s4_c1_rnetol_d256_depth3_p20,seed052,52,319,31900,100,16,102.21101539217169,113.72771819720819,100.65849387596978,False,max_epochs,1425.8218309879303
rl4crn_rne_oscillator_trace_8rxn_stop_risksched085to09_lr1e4_entropy005_s4_c1_rnetol_d256_depth3_p20,seed052,52,320,32000,100,16,101.41830405994946,117.07880736604947,100.65849387596978,False,max_epochs,1429.9160158634186
rl4crn_rne_oscillator_trace_8rxn_stop_risksched085to09_lr1e4_entropy005_s4_c1_rnetol_d256_depth3_p20,seed052,52,321,32100,100,16,100.99776944092928,120.34580527367095,100.65849387596978,False,max_epochs,1432.1905632019043
rl4crn_rne_oscillator_trace_8rxn_stop_risksched085to09_lr1e4_entropy005_s4_c1_rnetol_d256_depth3_p20,seed052,52,322,32200,100,16,102.84819403528927,118.89527050386323,100.65849387596978,False,max_epochs,1436.3806631565094
rl4crn_rne_oscillator_trace_8rxn_stop_risksched085to09_lr1e4_entropy005_s4_c1_rnetol_d256_depth3_p20,seed052,52,323,32300,100,16,101.3773427747455,117.5420285887763,100.65849387596978,False,max_epochs,1441.2585697174072
rl4crn_rne_oscillator_trace_8rxn_stop_risksched085to09_lr1e4_entropy005_s4_c1_rnetol_d256_depth3_p20,seed052,52,324,32400,100,16,101.37736938456469,116.45933641231599,100.65849387596978,False,max_epochs,1445.58056807518
rl4crn_rne_oscillator_trace_8rxn_stop_risksched085to09_lr1e4_entropy005_s4_c1_rnetol_d256_depth3_p20,seed052,52,325,32500,100,16,102.68197784816424,116.07435745700081,100.65849387596978,False,max_epochs,1449.964248418808
rl4crn_rne_oscillator_trace_8rxn_stop_risksched085to09_lr1e4_entropy005_s4_c1_rnetol_d256_depth3_p20,seed052,52,326,32600,100,16,102.81396474715999,113.53590930002053,100.65849387596978,False,max_epochs,1453.7039642333984
rl4crn_rne_oscillator_trace_8rxn_stop_risksched085to09_lr1e4_entropy005_s4_c1_rnetol_d256_depth3_p20,seed052,52,327,32700,100,16,101.33788311185505,114.4862200214697,100.65849387596978,False,max_epochs,1456.5315284729004
rl4crn_rne_oscillator_trace_8rxn_stop_risksched085to09_lr1e4_entropy005_s4_c1_rnetol_d256_depth3_p20,seed052,52,328,32800,100,16,100.90802432618776,114.8424623250614,100.65849387596978,False,max_epochs,1460.976842880249
rl4crn_rne_oscillator_trace_8rxn_stop_risksched085to09_lr1e4_entropy005_s4_c1_rnetol_d256_depth3_p20,seed052,52,329,32900,100,16,101.68405580804361,116.84413369060368,100.65849387596978,False,max_epochs,1465.3658459186554
rl4crn_rne_oscillator_trace_8rxn_stop_risksched085to09_lr1e4_entropy005_s4_c1_rnetol_d256_depth3_p20,seed052,52,330,33000,100,16,102.01425941091017,118.87638202677478,100.65849387596978,False,max_epochs,1469.9519386291504
rl4crn_rne_oscillator_trace_8rxn_stop_risksched085to09_lr1e4_entropy005_s4_c1_rnetol_d256_depth3_p20,seed052,52,331,33100,100,16,101.75223082970274,116.22145643086634,100.65849387596978,False,max_epochs,1474.4288275241852
rl4crn_rne_oscillator_trace_8rxn_stop_risksched085to09_lr1e4_entropy005_s4_c1_rnetol_d256_depth3_p20,seed052,52,332,33200,100,16,101.13178248047689,114.39903393109229,100.65849387596978,False,max_epochs,1478.2938170433044
rl4crn_rne_oscillator_trace_8rxn_stop_risksched085to09_lr1e4_entropy005_s4_c1_rnetol_d256_depth3_p20,seed052,52,333,33300,100,16,101.60785383131275,114.18289201931313,100.65849387596978,False,max_epochs,1480.9501686096191
rl4crn_rne_oscillator_trace_8rxn_stop_risksched085to09_lr1e4_entropy005_s4_c1_rnetol_d256_depth3_p20,seed052,52,334,33400,100,16,102.02661261774146,115.64508910711737,100.65849387596978,False,max_epochs,1485.2179789543152
rl4crn_rne_oscillator_trace_8rxn_stop_risksched085to09_lr1e4_entropy005_s4_c1_rnetol_d256_depth3_p20,seed052,52,335,33500,100,16,101.61261366279042,114.35574478604306,100.65849387596978,False,max_epochs,1490.2122943401337
rl4crn_rne_oscillator_trace_8rxn_stop_risksched085to09_lr1e4_entropy005_s4_c1_rnetol_d256_depth3_p20,seed052,52,336,33600,100,16,101.17045341934852,114.5700839876311,100.65849387596978,False,max_epochs,1494.859759092331
rl4crn_rne_oscillator_trace_8rxn_stop_risksched085to09_lr1e4_entropy005_s4_c1_rnetol_d256_depth3_p20,seed052,52,337,33700,100,16,101.92363100317505,115.31382578332514,100.65849387596978,False,max_epochs,1499.3350608348846
rl4crn_rne_oscillator_trace_8rxn_stop_risksched085to09_lr1e4_entropy005_s4_c1_rnetol_d256_depth3_p20,seed052,52,338,33800,100,16,103.68014979567008,113.89516126411618,100.65849387596978,False,max_epochs,1504.1719632148743
rl4crn_rne_oscillator_trace_8rxn_stop_risksched085to09_lr1e4_entropy005_s4_c1_rnetol_d256_depth3_p20,seed052,52,339,33900,100,16,101.46462267134663,114.75264168079937,100.65849387596978,False,max_epochs,1508.9042110443115
rl4crn_rne_oscillator_trace_8rxn_stop_risksched085to09_lr1e4_entropy005_s4_c1_rnetol_d256_depth3_p20,seed052,52,340,34000,100,16,101.68632115855655,115.528493927844,100.65849387596978,False,max_epochs,1511.0804598331451
rl4crn_rne_oscillator_trace_8rxn_stop_risksched085to09_lr1e4_entropy005_s4_c1_rnetol_d256_depth3_p20,seed052,52,341,34100,100,16,101.47207971252891,112.91724459475874,100.65849387596978,False,max_epochs,1515.477035999298
rl4crn_rne_oscillator_trace_8rxn_stop_risksched085to09_lr1e4_entropy005_s4_c1_rnetol_d256_depth3_p20,seed052,52,342,34200,100,16,100.68677987260315,113.35359488043643,100.65849387596978,False,max_epochs,1520.2108879089355
rl4crn_rne_oscillator_trace_8rxn_stop_risksched085to09_lr1e4_entropy005_s4_c1_rnetol_d256_depth3_p20,seed052,52,343,34300,100,16,101.35123203441644,114.07893675226936,100.65849387596978,False,max_epochs,1525.673341035843
rl4crn_rne_oscillator_trace_8rxn_stop_risksched085to09_lr1e4_entropy005_s4_c1_rnetol_d256_depth3_p20,seed052,52,344,34400,100,16,101.19678317656054,113.1185196629238,100.65849387596978,False,max_epochs,1530.5544605255127
rl4crn_rne_oscillator_trace_8rxn_stop_risksched085to09_lr1e4_entropy005_s4_c1_rnetol_d256_depth3_p20,seed052,52,345,34500,100,16,101.29365816407744,113.60684192171587,100.65849387596978,False,max_epochs,1534.9885697364807
rl4crn_rne_oscillator_trace_8rxn_stop_risksched085to09_lr1e4_entropy005_s4_c1_rnetol_d256_depth3_p20,seed052,52,346,34600,100,16,100.84161969215077,113.89291867357969,100.65849387596978,False,max_epochs,1539.7429382801056
rl4crn_rne_oscillator_trace_8rxn_stop_risksched085to09_lr1e4_entropy005_s4_c1_rnetol_d256_depth3_p20,seed052,52,347,34700,100,16,100.79167138065992,112.60142027472972,100.65849387596978,False,max_epochs,1542.0977237224579
rl4crn_rne_oscillator_trace_8rxn_stop_risksched085to09_lr1e4_entropy005_s4_c1_rnetol_d256_depth3_p20,seed052,52,348,34800,100,16,101.84177145949938,117.72985454332135,100.65849387596978,False,max_epochs,1546.2666375637054
rl4crn_rne_oscillator_trace_8rxn_stop_risksched085to09_lr1e4_entropy005_s4_c1_rnetol_d256_depth3_p20,seed052,52,349,34900,100,16,106.62116142197426,117.55020655893446,100.65849387596978,False,max_epochs,1551.2155420780182
rl4crn_rne_oscillator_trace_8rxn_stop_risksched085to09_lr1e4_entropy005_s4_c1_rnetol_d256_depth3_p20,seed052,52,350,35000,100,16,104.21780381798095,118.97769763621281,100.65849387596978,False,max_epochs,1556.0830519199371
rl4crn_rne_oscillator_trace_8rxn_stop_risksched085to09_lr1e4_entropy005_s4_c1_rnetol_d256_depth3_p20,seed052,52,351,35100,100,16,104.3630845640826,115.19525215178369,100.65849387596978,False,max_epochs,1561.1031103134155
rl4crn_rne_oscillator_trace_8rxn_stop_risksched085to09_lr1e4_entropy005_s4_c1_rnetol_d256_depth3_p20,seed052,52,352,35200,100,16,103.01856591804808,118.27725156290796,100.65849387596978,False,max_epochs,1565.834065914154
rl4crn_rne_oscillator_trace_8rxn_stop_risksched085to09_lr1e4_entropy005_s4_c1_rnetol_d256_depth3_p20,seed052,52,353,35300,100,16,102.56596598176051,114.94695912458026,100.65849387596978,False,max_epochs,1570.6011371612549
rl4crn_rne_oscillator_trace_8rxn_stop_risksched085to09_lr1e4_entropy005_s4_c1_rnetol_d256_depth3_p20,seed052,52,354,35400,100,16,101.70021378354028,115.68187250788012,100.65849387596978,False,max_epochs,1575.5756075382233
rl4crn_rne_oscillator_trace_8rxn_stop_risksched085to09_lr1e4_entropy005_s4_c1_rnetol_d256_depth3_p20,seed052,52,355,35500,100,16,101.17338438972298,113.96157053295292,100.65849387596978,False,max_epochs,1580.2368578910828
rl4crn_rne_oscillator_trace_8rxn_stop_risksched085to09_lr1e4_entropy005_s4_c1_rnetol_d256_depth3_p20,seed052,52,356,35600,100,16,102.55008129154457,116.22676326927329,100.65849387596978,False,max_epochs,1584.6924431324005
rl4crn_rne_oscillator_trace_8rxn_stop_risksched085to09_lr1e4_entropy005_s4_c1_rnetol_d256_depth3_p20,seed052,52,357,35700,100,16,101.21762127592538,112.95535625587394,100.65849387596978,False,max_epochs,1586.8526034355164
rl4crn_rne_oscillator_trace_8rxn_stop_risksched085to09_lr1e4_entropy005_s4_c1_rnetol_d256_depth3_p20,seed052,52,358,35800,100,16,101.79025426235279,115.61239402460515,100.65849387596978,False,max_epochs,1591.2794275283813
rl4crn_rne_oscillator_trace_8rxn_stop_risksched085to09_lr1e4_entropy005_s4_c1_rnetol_d256_depth3_p20,seed052,52,359,35900,100,16,100.80591584891756,113.48801347099482,100.65849387596978,False,max_epochs,1596.5901379585266
rl4crn_rne_oscillator_trace_8rxn_stop_risksched085to09_lr1e4_entropy005_s4_c1_rnetol_d256_depth3_p20,seed052,52,360,36000,100,16,102.06925405359247,115.24601770705668,100.65849387596978,False,max_epochs,1601.2866158485413
rl4crn_rne_oscillator_trace_8rxn_stop_risksched085to09_lr1e4_entropy005_s4_c1_rnetol_d256_depth3_p20,seed052,52,361,36100,100,16,101.12583179623758,116.26667367665253,100.65849387596978,False,max_epochs,1606.2058565616608
rl4crn_rne_oscillator_trace_8rxn_stop_risksched085to09_lr1e4_entropy005_s4_c1_rnetol_d256_depth3_p20,seed052,52,362,36200,100,16,102.66186943316413,115.99683843863741,100.65849387596978,False,max_epochs,1610.849319934845
rl4crn_rne_oscillator_trace_8rxn_stop_risksched085to09_lr1e4_entropy005_s4_c1_rnetol_d256_depth3_p20,seed052,52,363,36300,100,16,101.48619422167464,115.56878343797234,100.65849387596978,False,max_epochs,1616.1493139266968
rl4crn_rne_oscillator_trace_8rxn_stop_risksched085to09_lr1e4_entropy005_s4_c1_rnetol_d256_depth3_p20,seed052,52,364,36400,100,16,101.02276858275478,114.37418820952244,100.65849387596978,False,max_epochs,1621.0612728595734
rl4crn_rne_oscillator_trace_8rxn_stop_risksched085to09_lr1e4_entropy005_s4_c1_rnetol_d256_depth3_p20,seed052,52,365,36500,100,16,101.77967972586545,114.90480017338822,100.65849387596978,False,max_epochs,1625.6079380512238
rl4crn_rne_oscillator_trace_8rxn_stop_risksched085to09_lr1e4_entropy005_s4_c1_rnetol_d256_depth3_p20,seed052,52,366,36600,100,16,102.32681624175507,114.34564177106202,100.65849387596978,False,max_epochs,1630.1738924980164
rl4crn_rne_oscillator_trace_8rxn_stop_risksched085to09_lr1e4_entropy005_s4_c1_rnetol_d256_depth3_p20,seed052,52,367,36700,100,16,101.06418009060872,114.64510274161174,100.65849387596978,False,max_epochs,1633.8271052837372
rl4crn_rne_oscillator_trace_8rxn_stop_risksched085to09_lr1e4_entropy005_s4_c1_rnetol_d256_depth3_p20,seed052,52,368,36800,100,16,101.04972782522788,111.91483568302722,100.65849387596978,False,max_epochs,1636.7853813171387
rl4crn_rne_oscillator_trace_8rxn_stop_risksched085to09_lr1e4_entropy005_s4_c1_rnetol_d256_depth3_p20,seed052,52,369,36900,100,16,101.77105887305069,112.7303629392892,100.65849387596978,False,max_epochs,1641.624903678894
rl4crn_rne_oscillator_trace_8rxn_stop_risksched085to09_lr1e4_entropy005_s4_c1_rnetol_d256_depth3_p20,seed052,52,370,37000,100,16,101.19726130989925,114.38942200348878,100.65849387596978,False,max_epochs,1646.3377006053925
rl4crn_rne_oscillator_trace_8rxn_stop_risksched085to09_lr1e4_entropy005_s4_c1_rnetol_d256_depth3_p20,seed052,52,371,37100,100,16,100.92272208178429,114.63448109936172,100.65849387596978,False,max_epochs,1651.75217461586
rl4crn_rne_oscillator_trace_8rxn_stop_risksched085to09_lr1e4_entropy005_s4_c1_rnetol_d256_depth3_p20,seed052,52,372,37200,100,16,101.073072734326,116.1045932346014,100.65849387596978,False,max_epochs,1656.4996492862701
rl4crn_rne_oscillator_trace_8rxn_stop_risksched085to09_lr1e4_entropy005_s4_c1_rnetol_d256_depth3_p20,seed052,52,373,37300,100,16,102.047099218285,118.64569120621655,100.65849387596978,False,max_epochs,1661.5644254684448
rl4crn_rne_oscillator_trace_8rxn_stop_risksched085to09_lr1e4_entropy005_s4_c1_rnetol_d256_depth3_p20,seed052,52,374,37400,100,16,100.72957101793924,112.94342799378455,100.65849387596978,False,max_epochs,1666.3391344547272
rl4crn_rne_oscillator_trace_8rxn_stop_risksched085to09_lr1e4_entropy005_s4_c1_rnetol_d256_depth3_p20,seed052,52,375,37500,100,16,101.0727484577553,113.033744433849,100.65849387596978,False,max_epochs,1670.9635820388794
rl4crn_rne_oscillator_trace_8rxn_stop_risksched085to09_lr1e4_entropy005_s4_c1_rnetol_d256_depth3_p20,seed052,52,376,37600,100,16,101.83964167706827,113.51950066745269,100.65849387596978,False,max_epochs,1675.5353939533234
rl4crn_rne_oscillator_trace_8rxn_stop_risksched085to09_lr1e4_entropy005_s4_c1_rnetol_d256_depth3_p20,seed052,52,377,37700,100,16,101.782073497955,110.78548314897972,100.65849387596978,False,max_epochs,1678.049488067627
rl4crn_rne_oscillator_trace_8rxn_stop_risksched085to09_lr1e4_entropy005_s4_c1_rnetol_d256_depth3_p20,seed052,52,378,37800,100,16,100.99842873932523,113.62388625780014,100.65849387596978,False,max_epochs,1682.214896440506
rl4crn_rne_oscillator_trace_8rxn_stop_risksched085to09_lr1e4_entropy005_s4_c1_rnetol_d256_depth3_p20,seed052,52,379,37900,100,16,101.04929847529962,114.23669131067581,100.65849387596978,False,max_epochs,1687.345093011856
rl4crn_rne_oscillator_trace_8rxn_stop_risksched085to09_lr1e4_entropy005_s4_c1_rnetol_d256_depth3_p20,seed052,52,380,38000,100,16,101.62854658269757,114.92795507733224,100.65849387596978,False,max_epochs,1692.0717890262604
rl4crn_rne_oscillator_trace_8rxn_stop_risksched085to09_lr1e4_entropy005_s4_c1_rnetol_d256_depth3_p20,seed052,52,381,38100,100,16,101.02556106310699,118.3903963856597,100.65849387596978,False,max_epochs,1697.1489734649658
rl4crn_rne_oscillator_trace_8rxn_stop_risksched085to09_lr1e4_entropy005_s4_c1_rnetol_d256_depth3_p20,seed052,52,382,38200,100,16,101.39311786072841,112.77988853845363,100.65849387596978,False,max_epochs,1701.997164964676
rl4crn_rne_oscillator_trace_8rxn_stop_risksched085to09_lr1e4_entropy005_s4_c1_rnetol_d256_depth3_p20,seed052,52,383,38300,100,16,101.02784852826694,112.5975024218446,100.65849387596978,False,max_epochs,1706.5507123470306
rl4crn_rne_oscillator_trace_8rxn_stop_risksched085to09_lr1e4_entropy005_s4_c1_rnetol_d256_depth3_p20,seed052,52,384,38400,100,16,100.56038380611271,111.46866427742603,100.56038380611271,False,max_epochs,1711.255405664444
rl4crn_rne_oscillator_trace_8rxn_stop_risksched085to09_lr1e4_entropy005_s4_c1_rnetol_d256_depth3_p20,seed052,52,385,38500,100,16,100.73967628533698,110.27724390530327,100.56038380611271,False,max_epochs,1715.6525163650513
rl4crn_rne_oscillator_trace_8rxn_stop_risksched085to09_lr1e4_entropy005_s4_c1_rnetol_d256_depth3_p20,seed052,52,386,38600,100,16,100.78862196659526,112.56655759209704,100.56038380611271,False,max_epochs,1718.1415059566498
rl4crn_rne_oscillator_trace_8rxn_stop_risksched085to09_lr1e4_entropy005_s4_c1_rnetol_d256_depth3_p20,seed052,52,387,38700,100,16,101.45314600061835,111.78942595263165,100.56038380611271,False,max_epochs,1722.735345363617
rl4crn_rne_oscillator_trace_8rxn_stop_risksched085to09_lr1e4_entropy005_s4_c1_rnetol_d256_depth3_p20,seed052,52,388,38800,100,16,100.55135090954839,115.02988171269081,100.55135090954839,False,max_epochs,1727.6474063396454
rl4crn_rne_oscillator_trace_8rxn_stop_risksched085to09_lr1e4_entropy005_s4_c1_rnetol_d256_depth3_p20,seed052,52,389,38900,100,16,100.83356230793595,113.00032192401518,100.55135090954839,False,max_epochs,1732.4389216899872
rl4crn_rne_oscillator_trace_8rxn_stop_risksched085to09_lr1e4_entropy005_s4_c1_rnetol_d256_depth3_p20,seed052,52,390,39000,100,16,100.50761522109772,111.51572553241864,100.50761522109772,False,max_epochs,1737.0638446807861
rl4crn_rne_oscillator_trace_8rxn_stop_risksched085to09_lr1e4_entropy005_s4_c1_rnetol_d256_depth3_p20,seed052,52,391,39100,100,16,101.42453717351219,112.61260440263268,100.50761522109772,False,max_epochs,1741.854793548584
rl4crn_rne_oscillator_trace_8rxn_stop_risksched085to09_lr1e4_entropy005_s4_c1_rnetol_d256_depth3_p20,seed052,52,392,39200,100,16,100.67494121379585,109.21181363877953,100.50761522109772,False,max_epochs,1745.6876864433289
rl4crn_rne_oscillator_trace_8rxn_stop_risksched085to09_lr1e4_entropy005_s4_c1_rnetol_d256_depth3_p20,seed052,52,393,39300,100,16,100.63461142170222,112.91211650253175,100.50761522109772,False,max_epochs,1748.6752648353577
rl4crn_rne_oscillator_trace_8rxn_stop_risksched085to09_lr1e4_entropy005_s4_c1_rnetol_d256_depth3_p20,seed052,52,394,39400,100,16,100.70901839996155,111.57635874412418,100.50761522109772,False,max_epochs,1752.943528175354
rl4crn_rne_oscillator_trace_8rxn_stop_risksched085to09_lr1e4_entropy005_s4_c1_rnetol_d256_depth3_p20,seed052,52,395,39500,100,16,100.96209642466287,111.38170472951356,100.50761522109772,False,max_epochs,1758.5019690990448
rl4crn_rne_oscillator_trace_8rxn_stop_risksched085to09_lr1e4_entropy005_s4_c1_rnetol_d256_depth3_p20,seed052,52,396,39600,100,16,100.82635174294708,113.8722261516481,100.50761522109772,False,max_epochs,1762.7207543849945
rl4crn_rne_oscillator_trace_8rxn_stop_risksched085to09_lr1e4_entropy005_s4_c1_rnetol_d256_depth3_p20,seed052,52,397,39700,100,16,100.61941957030123,111.90540265910548,100.50761522109772,False,max_epochs,1767.1913027763367
rl4crn_rne_oscillator_trace_8rxn_stop_risksched085to09_lr1e4_entropy005_s4_c1_rnetol_d256_depth3_p20,seed052,52,398,39800,100,16,100.88725826260375,110.32465448181074,100.50761522109772,False,max_epochs,1771.015840768814
rl4crn_rne_oscillator_trace_8rxn_stop_risksched085to09_lr1e4_entropy005_s4_c1_rnetol_d256_depth3_p20,seed052,52,399,39900,100,16,100.79505456674877,111.45405257541378,100.50761522109772,False,max_epochs,1774.1384482383728
rl4crn_rne_oscillator_trace_8rxn_stop_risksched085to09_lr1e4_entropy005_s4_c1_rnetol_d256_depth3_p20,seed052,52,400,40000,100,16,100.92254216518279,108.24014163558181,100.50761522109772,False,max_epochs,1778.8604354858398
rl4crn_rne_oscillator_trace_8rxn_stop_risksched085to09_lr1e4_entropy005_s4_c1_rnetol_d256_depth3_p20,seed052,52,401,40100,100,16,101.28208185069664,113.30956800028399,100.50761522109772,False,max_epochs,1783.6401619911194
rl4crn_rne_oscillator_trace_8rxn_stop_risksched085to09_lr1e4_entropy005_s4_c1_rnetol_d256_depth3_p20,seed052,52,402,40200,100,16,100.61973056258056,111.26167841916532,100.50761522109772,False,max_epochs,1788.3479628562927
rl4crn_rne_oscillator_trace_8rxn_stop_risksched085to09_lr1e4_entropy005_s4_c1_rnetol_d256_depth3_p20,seed052,52,403,40300,100,16,100.86617681189092,111.56460944763782,100.50761522109772,False,max_epochs,1793.1310703754425
rl4crn_rne_oscillator_trace_8rxn_stop_risksched085to09_lr1e4_entropy005_s4_c1_rnetol_d256_depth3_p20,seed052,52,404,40400,100,16,101.11563122847069,110.8399030386847,100.50761522109772,False,max_epochs,1797.5761620998383
rl4crn_rne_oscillator_trace_8rxn_stop_risksched085to09_lr1e4_entropy005_s4_c1_rnetol_d256_depth3_p20,seed052,52,405,40500,100,16,100.74813615942975,107.00370699716862,100.50761522109772,False,max_epochs,1799.8802518844604
rl4crn_rne_oscillator_trace_8rxn_stop_risksched085to09_lr1e4_entropy005_s4_c1_rnetol_d256_depth3_p20,seed052,52,406,40600,100,16,100.89147166697663,108.78188405532444,100.50761522109772,False,max_epochs,1804.4496471881866
rl4crn_rne_oscillator_trace_8rxn_stop_risksched085to09_lr1e4_entropy005_s4_c1_rnetol_d256_depth3_p20,seed052,52,407,40700,100,16,101.00267599524233,114.81104782957088,100.50761522109772,False,max_epochs,1809.6840426921844
rl4crn_rne_oscillator_trace_8rxn_stop_risksched085to09_lr1e4_entropy005_s4_c1_rnetol_d256_depth3_p20,seed052,52,408,40800,100,16,101.26437553287433,113.44068431371437,100.50761522109772,False,max_epochs,1814.421730518341
rl4crn_rne_oscillator_trace_8rxn_stop_risksched085to09_lr1e4_entropy005_s4_c1_rnetol_d256_depth3_p20,seed052,52,409,40900,100,16,100.96033740063203,113.4864031881265,100.50761522109772,False,max_epochs,1819.7239859104156
rl4crn_rne_oscillator_trace_8rxn_stop_risksched085to09_lr1e4_entropy005_s4_c1_rnetol_d256_depth3_p20,seed052,52,410,41000,100,16,100.53190618515747,107.42997572750876,100.50761522109772,False,max_epochs,1824.9390053749084
rl4crn_rne_oscillator_trace_8rxn_stop_risksched085to09_lr1e4_entropy005_s4_c1_rnetol_d256_depth3_p20,seed052,52,411,41100,100,16,100.69421606946753,111.82246934968643,100.50761522109772,False,max_epochs,1830.242978811264
rl4crn_rne_oscillator_trace_8rxn_stop_risksched085to09_lr1e4_entropy005_s4_c1_rnetol_d256_depth3_p20,seed052,52,412,41200,100,16,101.04085393963528,110.78268590389224,100.50761522109772,False,max_epochs,1834.950654745102
rl4crn_rne_oscillator_trace_8rxn_stop_risksched085to09_lr1e4_entropy005_s4_c1_rnetol_d256_depth3_p20,seed052,52,413,41300,100,16,100.76725067866043,110.78502602344687,100.50761522109772,False,max_epochs,1839.9249835014343
rl4crn_rne_oscillator_trace_8rxn_stop_risksched085to09_lr1e4_entropy005_s4_c1_rnetol_d256_depth3_p20,seed052,52,414,41400,100,16,100.67685160804149,108.08949834688909,100.50761522109772,False,max_epochs,1845.1112241744995
rl4crn_rne_oscillator_trace_8rxn_stop_risksched085to09_lr1e4_entropy005_s4_c1_rnetol_d256_depth3_p20,seed052,52,415,41500,100,16,101.54786568754054,110.27566185590993,100.50761522109772,False,max_epochs,1850.315618276596
rl4crn_rne_oscillator_trace_8rxn_stop_risksched085to09_lr1e4_entropy005_s4_c1_rnetol_d256_depth3_p20,seed052,52,416,41600,100,16,102.5102366559166,113.78767240894592,100.50761522109772,False,max_epochs,1855.3444077968597
rl4crn_rne_oscillator_trace_8rxn_stop_risksched085to09_lr1e4_entropy005_s4_c1_rnetol_d256_depth3_p20,seed052,52,417,41700,100,16,102.12489638684099,112.93191348191925,100.50761522109772,False,max_epochs,1860.4716641902924
rl4crn_rne_oscillator_trace_8rxn_stop_risksched085to09_lr1e4_entropy005_s4_c1_rnetol_d256_depth3_p20,seed052,52,418,41800,100,16,101.27068696354497,110.61282383249923,100.50761522109772,False,max_epochs,1865.4124364852905
rl4crn_rne_oscillator_trace_8rxn_stop_risksched085to09_lr1e4_entropy005_s4_c1_rnetol_d256_depth3_p20,seed052,52,419,41900,100,16,100.5936124381223,110.08082393499214,100.50761522109772,False,max_epochs,1870.8951621055603
rl4crn_rne_oscillator_trace_8rxn_stop_risksched085to09_lr1e4_entropy005_s4_c1_rnetol_d256_depth3_p20,seed052,52,420,42000,100,16,100.89191264217129,112.41031431323853,100.50761522109772,False,max_epochs,1875.841810464859
rl4crn_rne_oscillator_trace_8rxn_stop_risksched085to09_lr1e4_entropy005_s4_c1_rnetol_d256_depth3_p20,seed052,52,421,42100,100,16,101.42902060038868,111.98695367134818,100.50761522109772,False,max_epochs,1880.743059873581
rl4crn_rne_oscillator_trace_8rxn_stop_risksched085to09_lr1e4_entropy005_s4_c1_rnetol_d256_depth3_p20,seed052,52,422,42200,100,16,100.69136862734538,112.89904481647682,100.50761522109772,False,max_epochs,1885.4382739067078
rl4crn_rne_oscillator_trace_8rxn_stop_risksched085to09_lr1e4_entropy005_s4_c1_rnetol_d256_depth3_p20,seed052,52,423,42300,100,16,100.66481111362148,109.73074412411005,100.50761522109772,False,max_epochs,1890.3804290294647
rl4crn_rne_oscillator_trace_8rxn_stop_risksched085to09_lr1e4_entropy005_s4_c1_rnetol_d256_depth3_p20,seed052,52,424,42400,100,16,100.72483567589197,111.80654793027367,100.50761522109772,False,max_epochs,1894.884872674942
rl4crn_rne_oscillator_trace_8rxn_stop_risksched085to09_lr1e4_entropy005_s4_c1_rnetol_d256_depth3_p20,seed052,52,425,42500,100,16,100.61174589629775,110.61446844136796,100.50761522109772,False,max_epochs,1897.0005731582642
rl4crn_rne_oscillator_trace_8rxn_stop_risksched085to09_lr1e4_entropy005_s4_c1_rnetol_d256_depth3_p20,seed052,52,426,42600,100,16,100.62061215120494,112.31533163143554,100.50761522109772,False,max_epochs,1901.4911913871765
rl4crn_rne_oscillator_trace_8rxn_stop_risksched085to09_lr1e4_entropy005_s4_c1_rnetol_d256_depth3_p20,seed052,52,427,42700,100,16,100.94076301743279,111.18250685241765,100.50761522109772,False,max_epochs,1906.8068993091583
rl4crn_rne_oscillator_trace_8rxn_stop_risksched085to09_lr1e4_entropy005_s4_c1_rnetol_d256_depth3_p20,seed052,52,428,42800,100,16,100.7514384806155,110.09608406381287,100.50761522109772,False,max_epochs,1911.6487736701965
rl4crn_rne_oscillator_trace_8rxn_stop_risksched085to09_lr1e4_entropy005_s4_c1_rnetol_d256_depth3_p20,seed052,52,429,42900,100,16,100.66099818197964,110.94825399446682,100.50761522109772,False,max_epochs,1916.7180345058441
rl4crn_rne_oscillator_trace_8rxn_stop_risksched085to09_lr1e4_entropy005_s4_c1_rnetol_d256_depth3_p20,seed052,52,430,43000,100,16,100.5982644683266,109.23950045170355,100.50761522109772,False,max_epochs,1921.7573418617249
rl4crn_rne_oscillator_trace_8rxn_stop_risksched085to09_lr1e4_entropy005_s4_c1_rnetol_d256_depth3_p20,seed052,52,431,43100,100,16,100.7467575196437,110.71146254040654,100.50761522109772,False,max_epochs,1926.7179763317108
rl4crn_rne_oscillator_trace_8rxn_stop_risksched085to09_lr1e4_entropy005_s4_c1_rnetol_d256_depth3_p20,seed052,52,432,43200,100,16,100.83752687994098,110.74018672392978,100.50761522109772,False,max_epochs,1931.220330953598
rl4crn_rne_oscillator_trace_8rxn_stop_risksched085to09_lr1e4_entropy005_s4_c1_rnetol_d256_depth3_p20,seed052,52,433,43300,100,16,100.72627335977519,110.62383160411613,100.50761522109772,False,max_epochs,1935.6839277744293
rl4crn_rne_oscillator_trace_8rxn_stop_risksched085to09_lr1e4_entropy005_s4_c1_rnetol_d256_depth3_p20,seed052,52,434,43400,100,16,101.03477027198187,108.40900984679114,100.50761522109772,False,max_epochs,1940.3412222862244
rl4crn_rne_oscillator_trace_8rxn_stop_risksched085to09_lr1e4_entropy005_s4_c1_rnetol_d256_depth3_p20,seed052,52,435,43500,100,16,100.84187955661851,109.27662489626726,100.50761522109772,False,max_epochs,1944.740522146225
rl4crn_rne_oscillator_trace_8rxn_stop_risksched085to09_lr1e4_entropy005_s4_c1_rnetol_d256_depth3_p20,seed052,52,436,43600,100,16,100.88537559488287,107.43662049408412,100.50761522109772,False,max_epochs,1947.0126855373383
rl4crn_rne_oscillator_trace_8rxn_stop_risksched085to09_lr1e4_entropy005_s4_c1_rnetol_d256_depth3_p20,seed052,52,437,43700,100,16,100.60893482817738,109.12818754358267,100.50761522109772,False,max_epochs,1951.828833580017
rl4crn_rne_oscillator_trace_8rxn_stop_risksched085to09_lr1e4_entropy005_s4_c1_rnetol_d256_depth3_p20,seed052,52,438,43800,100,16,100.60902575333749,105.79692035883599,100.50761522109772,False,max_epochs,1956.6911315917969
rl4crn_rne_oscillator_trace_8rxn_stop_risksched085to09_lr1e4_entropy005_s4_c1_rnetol_d256_depth3_p20,seed052,52,439,43900,100,16,100.56302786821732,112.12284311447786,100.50761522109772,False,max_epochs,1961.976249217987
rl4crn_rne_oscillator_trace_8rxn_stop_risksched085to09_lr1e4_entropy005_s4_c1_rnetol_d256_depth3_p20,seed052,52,440,44000,100,16,100.78058936037982,109.2169578472141,100.50761522109772,False,max_epochs,1966.75341796875
rl4crn_rne_oscillator_trace_8rxn_stop_risksched085to09_lr1e4_entropy005_s4_c1_rnetol_d256_depth3_p20,seed052,52,441,44100,100,16,100.94918802623307,108.44049808664084,100.50761522109772,False,max_epochs,1971.332824230194
rl4crn_rne_oscillator_trace_8rxn_stop_risksched085to09_lr1e4_entropy005_s4_c1_rnetol_d256_depth3_p20,seed052,52,442,44200,100,16,100.63815579206626,109.53327089797239,100.50761522109772,False,max_epochs,1976.1800003051758
rl4crn_rne_oscillator_trace_8rxn_stop_risksched085to09_lr1e4_entropy005_s4_c1_rnetol_d256_depth3_p20,seed052,52,443,44300,100,16,100.62671935518482,106.30114961830935,100.50761522109772,False,max_epochs,1980.9186985492706
rl4crn_rne_oscillator_trace_8rxn_stop_risksched085to09_lr1e4_entropy005_s4_c1_rnetol_d256_depth3_p20,seed052,52,444,44400,100,16,100.86967381881817,112.30799052265954,100.50761522109772,False,max_epochs,1984.889713525772
rl4crn_rne_oscillator_trace_8rxn_stop_risksched085to09_lr1e4_entropy005_s4_c1_rnetol_d256_depth3_p20,seed052,52,445,44500,100,16,100.4306495459984,108.39812810691413,100.4306495459984,False,max_epochs,1987.6266622543335
rl4crn_rne_oscillator_trace_8rxn_stop_risksched085to09_lr1e4_entropy005_s4_c1_rnetol_d256_depth3_p20,seed052,52,446,44600,100,16,100.70264035893187,110.13375961461352,100.4306495459984,False,max_epochs,1992.235143661499
rl4crn_rne_oscillator_trace_8rxn_stop_risksched085to09_lr1e4_entropy005_s4_c1_rnetol_d256_depth3_p20,seed052,52,447,44700,100,16,100.58176181850735,106.9496720068309,100.4306495459984,False,max_epochs,1997.51389169693
rl4crn_rne_oscillator_trace_8rxn_stop_risksched085to09_lr1e4_entropy005_s4_c1_rnetol_d256_depth3_p20,seed052,52,448,44800,100,16,100.48874998286806,108.26146450602394,100.4306495459984,False,max_epochs,2002.1532263755798
rl4crn_rne_oscillator_trace_8rxn_stop_risksched085to09_lr1e4_entropy005_s4_c1_rnetol_d256_depth3_p20,seed052,52,449,44900,100,16,100.7099484503805,106.06026001034166,100.4306495459984,False,max_epochs,2006.758188009262
rl4crn_rne_oscillator_trace_8rxn_stop_risksched085to09_lr1e4_entropy005_s4_c1_rnetol_d256_depth3_p20,seed052,52,450,45000,100,16,100.35864687557968,108.75694720506146,100.35864687557968,False,max_epochs,2011.5053794384003
rl4crn_rne_oscillator_trace_8rxn_stop_risksched085to09_lr1e4_entropy005_s4_c1_rnetol_d256_depth3_p20,seed052,52,451,45100,100,16,100.4373128439911,109.1322892099252,100.35864687557968,False,max_epochs,2015.3673183918
rl4crn_rne_oscillator_trace_8rxn_stop_risksched085to09_lr1e4_entropy005_s4_c1_rnetol_d256_depth3_p20,seed052,52,452,45200,100,16,100.65167333940815,107.9400578379589,100.35864687557968,False,max_epochs,2017.836980342865
rl4crn_rne_oscillator_trace_8rxn_stop_risksched085to09_lr1e4_entropy005_s4_c1_rnetol_d256_depth3_p20,seed052,52,453,45300,100,16,100.4884014598617,107.04562916797964,100.35864687557968,False,max_epochs,2022.8903713226318
rl4crn_rne_oscillator_trace_8rxn_stop_risksched085to09_lr1e4_entropy005_s4_c1_rnetol_d256_depth3_p20,seed052,52,454,45400,100,16,100.56376632810107,105.26606210667777,100.35864687557968,False,max_epochs,2027.5922791957855
rl4crn_rne_oscillator_trace_8rxn_stop_risksched085to09_lr1e4_entropy005_s4_c1_rnetol_d256_depth3_p20,seed052,52,455,45500,100,16,100.42443665190456,106.5268820703178,100.35864687557968,False,max_epochs,2032.1836256980896
rl4crn_rne_oscillator_trace_8rxn_stop_risksched085to09_lr1e4_entropy005_s4_c1_rnetol_d256_depth3_p20,seed052,52,456,45600,100,16,100.37643589344054,106.44226501597193,100.35864687557968,False,max_epochs,2036.697246313095
rl4crn_rne_oscillator_trace_8rxn_stop_risksched085to09_lr1e4_entropy005_s4_c1_rnetol_d256_depth3_p20,seed052,52,457,45700,100,16,100.60229553978886,107.53046698688064,100.35864687557968,False,max_epochs,2039.002949476242
rl4crn_rne_oscillator_trace_8rxn_stop_risksched085to09_lr1e4_entropy005_s4_c1_rnetol_d256_depth3_p20,seed052,52,458,45800,100,16,100.70572935449695,107.45579471039505,100.35864687557968,False,max_epochs,2043.3694899082184
rl4crn_rne_oscillator_trace_8rxn_stop_risksched085to09_lr1e4_entropy005_s4_c1_rnetol_d256_depth3_p20,seed052,52,459,45900,100,16,100.49761209416287,109.78954996165635,100.35864687557968,False,max_epochs,2048.331752538681
rl4crn_rne_oscillator_trace_8rxn_stop_risksched085to09_lr1e4_entropy005_s4_c1_rnetol_d256_depth3_p20,seed052,52,460,46000,100,16,100.72725311711321,108.48243046680903,100.35864687557968,False,max_epochs,2053.404129266739
rl4crn_rne_oscillator_trace_8rxn_stop_risksched085to09_lr1e4_entropy005_s4_c1_rnetol_d256_depth3_p20,seed052,52,461,46100,100,16,100.43160398785065,105.70830474640778,100.35864687557968,False,max_epochs,2058.8376145362854
rl4crn_rne_oscillator_trace_8rxn_stop_risksched085to09_lr1e4_entropy005_s4_c1_rnetol_d256_depth3_p20,seed052,52,462,46200,100,16,100.69193260884484,105.96653154034347,100.35864687557968,False,max_epochs,2063.98365855217
rl4crn_rne_oscillator_trace_8rxn_stop_risksched085to09_lr1e4_entropy005_s4_c1_rnetol_d256_depth3_p20,seed052,52,463,46300,100,16,100.52859356492407,105.57255050658172,100.35864687557968,False,max_epochs,2068.8732681274414
rl4crn_rne_oscillator_trace_8rxn_stop_risksched085to09_lr1e4_entropy005_s4_c1_rnetol_d256_depth3_p20,seed052,52,464,46400,100,16,100.53520669652826,104.12058873037634,100.35864687557968,False,max_epochs,2074.0971760749817
rl4crn_rne_oscillator_trace_8rxn_stop_risksched085to09_lr1e4_entropy005_s4_c1_rnetol_d256_depth3_p20,seed052,52,465,46500,100,16,100.79920578241979,112.39876984813624,100.35864687557968,False,max_epochs,2079.7412538528442
rl4crn_rne_oscillator_trace_8rxn_stop_risksched085to09_lr1e4_entropy005_s4_c1_rnetol_d256_depth3_p20,seed052,52,466,46600,100,16,101.68313320815987,111.02962552399812,100.35864687557968,False,max_epochs,2084.690911054611
rl4crn_rne_oscillator_trace_8rxn_stop_risksched085to09_lr1e4_entropy005_s4_c1_rnetol_d256_depth3_p20,seed052,52,467,46700,100,16,100.99162375205738,106.44358866150519,100.35864687557968,False,max_epochs,2089.602903366089
rl4crn_rne_oscillator_trace_8rxn_stop_risksched085to09_lr1e4_entropy005_s4_c1_rnetol_d256_depth3_p20,seed052,52,468,46800,100,16,100.8387891950557,106.60292463795832,100.35864687557968,False,max_epochs,2094.86643743515
rl4crn_rne_oscillator_trace_8rxn_stop_risksched085to09_lr1e4_entropy005_s4_c1_rnetol_d256_depth3_p20,seed052,52,469,46900,100,16,100.52130598935555,105.21703472744441,100.35864687557968,False,max_epochs,2100.2946395874023
rl4crn_rne_oscillator_trace_8rxn_stop_risksched085to09_lr1e4_entropy005_s4_c1_rnetol_d256_depth3_p20,seed052,52,470,47000,100,16,100.66426213540046,105.28289015474324,100.35864687557968,False,max_epochs,2105.1506242752075
rl4crn_rne_oscillator_trace_8rxn_stop_risksched085to09_lr1e4_entropy005_s4_c1_rnetol_d256_depth3_p20,seed052,52,471,47100,100,16,100.5763687298416,105.78391762463801,100.35864687557968,False,max_epochs,2109.8419559001923
rl4crn_rne_oscillator_trace_8rxn_stop_risksched085to09_lr1e4_entropy005_s4_c1_rnetol_d256_depth3_p20,seed052,52,472,47200,100,16,100.73236521554799,106.91055918074352,100.35864687557968,False,max_epochs,2114.472779273987
rl4crn_rne_oscillator_trace_8rxn_stop_risksched085to09_lr1e4_entropy005_s4_c1_rnetol_d256_depth3_p20,seed052,52,473,47300,100,16,100.53129735428642,109.76466821893413,100.35864687557968,False,max_epochs,2119.0895805358887
rl4crn_rne_oscillator_trace_8rxn_stop_risksched085to09_lr1e4_entropy005_s4_c1_rnetol_d256_depth3_p20,seed052,52,474,47400,100,16,100.45116932541235,106.29435438385488,100.35864687557968,False,max_epochs,2121.1080391407013
rl4crn_rne_oscillator_trace_8rxn_stop_risksched085to09_lr1e4_entropy005_s4_c1_rnetol_d256_depth3_p20,seed052,52,475,47500,100,16,100.64513845394836,106.62564711562544,100.35864687557968,False,max_epochs,2125.7063250541687
rl4crn_rne_oscillator_trace_8rxn_stop_risksched085to09_lr1e4_entropy005_s4_c1_rnetol_d256_depth3_p20,seed052,52,476,47600,100,16,100.56184176811014,104.23898820433362,100.35864687557968,False,max_epochs,2130.9168815612793
rl4crn_rne_oscillator_trace_8rxn_stop_risksched085to09_lr1e4_entropy005_s4_c1_rnetol_d256_depth3_p20,seed052,52,477,47700,100,16,100.52215742688676,105.60383901640311,100.35864687557968,False,max_epochs,2136.3083715438843
rl4crn_rne_oscillator_trace_8rxn_stop_risksched085to09_lr1e4_entropy005_s4_c1_rnetol_d256_depth3_p20,seed052,52,478,47800,100,16,100.45018076287589,105.93259982702426,100.35864687557968,False,max_epochs,2141.154937982559
rl4crn_rne_oscillator_trace_8rxn_stop_risksched085to09_lr1e4_entropy005_s4_c1_rnetol_d256_depth3_p20,seed052,52,479,47900,100,16,100.70467531117023,107.2967542009379,100.35864687557968,False,max_epochs,2145.7134351730347
rl4crn_rne_oscillator_trace_8rxn_stop_risksched085to09_lr1e4_entropy005_s4_c1_rnetol_d256_depth3_p20,seed052,52,480,48000,100,16,101.14885388333636,112.41666995269614,100.35864687557968,False,max_epochs,2150.502520799637
rl4crn_rne_oscillator_trace_8rxn_stop_risksched085to09_lr1e4_entropy005_s4_c1_rnetol_d256_depth3_p20,seed052,52,481,48100,100,16,101.0143134016566,108.48912900483629,100.35864687557968,False,max_epochs,2155.4529774188995
rl4crn_rne_oscillator_trace_8rxn_stop_risksched085to09_lr1e4_entropy005_s4_c1_rnetol_d256_depth3_p20,seed052,52,482,48200,100,16,100.65229862436306,110.54910196592235,100.35864687557968,False,max_epochs,2159.819616317749
rl4crn_rne_oscillator_trace_8rxn_stop_risksched085to09_lr1e4_entropy005_s4_c1_rnetol_d256_depth3_p20,seed052,52,483,48300,100,16,100.53527435708534,106.91358713617865,100.35864687557968,False,max_epochs,2162.682857275009
rl4crn_rne_oscillator_trace_8rxn_stop_risksched085to09_lr1e4_entropy005_s4_c1_rnetol_d256_depth3_p20,seed052,52,484,48400,100,16,100.5695718741616,105.6158397212484,100.35864687557968,False,max_epochs,2166.284389257431
rl4crn_rne_oscillator_trace_8rxn_stop_risksched085to09_lr1e4_entropy005_s4_c1_rnetol_d256_depth3_p20,seed052,52,485,48500,100,16,100.5244492649539,105.70049085128623,100.35864687557968,False,max_epochs,2171.5080568790436
rl4crn_rne_oscillator_trace_8rxn_stop_risksched085to09_lr1e4_entropy005_s4_c1_rnetol_d256_depth3_p20,seed052,52,486,48600,100,16,100.83381955388191,107.1157458860605,100.35864687557968,False,max_epochs,2176.0147247314453
rl4crn_rne_oscillator_trace_8rxn_stop_risksched085to09_lr1e4_entropy005_s4_c1_rnetol_d256_depth3_p20,seed052,52,487,48700,100,16,100.6619419876618,107.73636919095986,100.35864687557968,False,max_epochs,2180.715790271759
rl4crn_rne_oscillator_trace_8rxn_stop_risksched085to09_lr1e4_entropy005_s4_c1_rnetol_d256_depth3_p20,seed052,52,488,48800,100,16,100.57504599381433,106.62805436828461,100.35864687557968,False,max_epochs,2185.553957462311
rl4crn_rne_oscillator_trace_8rxn_stop_risksched085to09_lr1e4_entropy005_s4_c1_rnetol_d256_depth3_p20,seed052,52,489,48900,100,16,100.47460758793673,107.58119763407055,100.35864687557968,False,max_epochs,2190.160399913788
rl4crn_rne_oscillator_trace_8rxn_stop_risksched085to09_lr1e4_entropy005_s4_c1_rnetol_d256_depth3_p20,seed052,52,490,49000,100,16,100.59432678876838,106.69506494182477,100.35864687557968,False,max_epochs,2194.5241017341614
rl4crn_rne_oscillator_trace_8rxn_stop_risksched085to09_lr1e4_entropy005_s4_c1_rnetol_d256_depth3_p20,seed052,52,491,49100,100,16,100.42672852982929,107.84117109344464,100.35864687557968,False,max_epochs,2196.7714381217957
rl4crn_rne_oscillator_trace_8rxn_stop_risksched085to09_lr1e4_entropy005_s4_c1_rnetol_d256_depth3_p20,seed052,52,492,49200,100,16,100.76631461038802,109.50459117010683,100.35864687557968,False,max_epochs,2201.5179147720337
rl4crn_rne_oscillator_trace_8rxn_stop_risksched085to09_lr1e4_entropy005_s4_c1_rnetol_d256_depth3_p20,seed052,52,493,49300,100,16,100.63084171907057,110.37693565635331,100.35864687557968,False,max_epochs,2206.8476548194885
rl4crn_rne_oscillator_trace_8rxn_stop_risksched085to09_lr1e4_entropy005_s4_c1_rnetol_d256_depth3_p20,seed052,52,494,49400,100,16,100.54335496606699,108.09354880636926,100.35864687557968,False,max_epochs,2211.421445131302
rl4crn_rne_oscillator_trace_8rxn_stop_risksched085to09_lr1e4_entropy005_s4_c1_rnetol_d256_depth3_p20,seed052,52,495,49500,100,16,100.42314403772106,106.30400066495552,100.35864687557968,False,max_epochs,2216.550662279129
rl4crn_rne_oscillator_trace_8rxn_stop_risksched085to09_lr1e4_entropy005_s4_c1_rnetol_d256_depth3_p20,seed052,52,496,49600,100,16,100.42344551049733,105.80523797366779,100.35864687557968,False,max_epochs,2221.643872499466
rl4crn_rne_oscillator_trace_8rxn_stop_risksched085to09_lr1e4_entropy005_s4_c1_rnetol_d256_depth3_p20,seed052,52,497,49700,100,16,102.07694814925784,107.50310964089303,100.35864687557968,False,max_epochs,2226.9920451641083
rl4crn_rne_oscillator_trace_8rxn_stop_risksched085to09_lr1e4_entropy005_s4_c1_rnetol_d256_depth3_p20,seed052,52,498,49800,100,16,101.32927949790269,111.98479244686172,100.35864687557968,False,max_epochs,2231.984115600586
rl4crn_rne_oscillator_trace_8rxn_stop_risksched085to09_lr1e4_entropy005_s4_c1_rnetol_d256_depth3_p20,seed052,52,499,49900,100,16,100.6114315249233,108.73077965116019,100.35864687557968,False,max_epochs,2236.421051979065
rl4crn_rne_oscillator_trace_8rxn_stop_risksched085to09_lr1e4_entropy005_s4_c1_rnetol_d256_depth3_p20,seed052,52,500,50000,100,16,101.234765301381,107.10462627310315,100.35864687557968,False,max_epochs,2241.126919746399
rl4crn_rne_oscillator_trace_8rxn_stop_risksched085to09_lr1e4_entropy005_s4_c1_rnetol_d256_depth3_p20,seed052,52,501,50100,100,16,100.42166745345897,107.62334205480366,100.35864687557968,False,max_epochs,2243.3649501800537
rl4crn_rne_oscillator_trace_8rxn_stop_risksched085to09_lr1e4_entropy005_s4_c1_rnetol_d256_depth3_p20,seed052,52,502,50200,100,16,100.45523436400191,104.53018274562697,100.35864687557968,False,max_epochs,2247.58016371727
rl4crn_rne_oscillator_trace_8rxn_stop_risksched085to09_lr1e4_entropy005_s4_c1_rnetol_d256_depth3_p20,seed052,52,503,50300,100,16,100.5101924827978,109.47552877328548,100.35864687557968,False,max_epochs,2252.3089406490326
rl4crn_rne_oscillator_trace_8rxn_stop_risksched085to09_lr1e4_entropy005_s4_c1_rnetol_d256_depth3_p20,seed052,52,504,50400,100,16,101.22603251284372,109.93949743833299,100.35864687557968,False,max_epochs,2256.8377306461334
rl4crn_rne_oscillator_trace_8rxn_stop_risksched085to09_lr1e4_entropy005_s4_c1_rnetol_d256_depth3_p20,seed052,52,505,50500,100,16,100.90331468800422,109.96425037875798,100.35864687557968,False,max_epochs,2261.524276971817
rl4crn_rne_oscillator_trace_8rxn_stop_risksched085to09_lr1e4_entropy005_s4_c1_rnetol_d256_depth3_p20,seed052,52,506,50600,100,16,101.17382637731038,108.9428892374799,100.35864687557968,False,max_epochs,2263.561710834503
rl4crn_rne_oscillator_trace_8rxn_stop_risksched085to09_lr1e4_entropy005_s4_c1_rnetol_d256_depth3_p20,seed052,52,507,50700,100,16,100.46016834678413,108.51170531426735,100.35864687557968,False,max_epochs,2268.1507318019867
rl4crn_rne_oscillator_trace_8rxn_stop_risksched085to09_lr1e4_entropy005_s4_c1_rnetol_d256_depth3_p20,seed052,52,508,50800,100,16,100.48300888441585,108.29229964829665,100.35864687557968,False,max_epochs,2273.0530614852905
rl4crn_rne_oscillator_trace_8rxn_stop_risksched085to09_lr1e4_entropy005_s4_c1_rnetol_d256_depth3_p20,seed052,52,509,50900,100,16,100.49711100066465,110.80197050385377,100.35864687557968,False,max_epochs,2278.6027064323425
rl4crn_rne_oscillator_trace_8rxn_stop_risksched085to09_lr1e4_entropy005_s4_c1_rnetol_d256_depth3_p20,seed052,52,510,51000,100,16,100.52531665236789,106.44920869498483,100.35864687557968,False,max_epochs,2283.272904396057
rl4crn_rne_oscillator_trace_8rxn_stop_risksched085to09_lr1e4_entropy005_s4_c1_rnetol_d256_depth3_p20,seed052,52,511,51100,100,16,100.51666486590636,106.01680743757552,100.35864687557968,False,max_epochs,2288.691058397293
rl4crn_rne_oscillator_trace_8rxn_stop_risksched085to09_lr1e4_entropy005_s4_c1_rnetol_d256_depth3_p20,seed052,52,512,51200,100,16,100.42559233500732,107.80636488440959,100.35864687557968,False,max_epochs,2293.57244348526
rl4crn_rne_oscillator_trace_8rxn_stop_risksched085to09_lr1e4_entropy005_s4_c1_rnetol_d256_depth3_p20,seed052,52,513,51300,100,16,100.35215557986508,108.48533614913163,100.35215557986508,False,max_epochs,2298.9650621414185
rl4crn_rne_oscillator_trace_8rxn_stop_risksched085to09_lr1e4_entropy005_s4_c1_rnetol_d256_depth3_p20,seed052,52,514,51400,100,16,100.65878030141442,105.87653893819864,100.35215557986508,False,max_epochs,2303.786661863327
rl4crn_rne_oscillator_trace_8rxn_stop_risksched085to09_lr1e4_entropy005_s4_c1_rnetol_d256_depth3_p20,seed052,52,515,51500,100,16,100.70384413012317,107.81547429221249,100.35215557986508,False,max_epochs,2309.0049431324005
rl4crn_rne_oscillator_trace_8rxn_stop_risksched085to09_lr1e4_entropy005_s4_c1_rnetol_d256_depth3_p20,seed052,52,516,51600,100,16,100.53572906364285,109.0009700043554,100.35215557986508,False,max_epochs,2314.2932381629944
rl4crn_rne_oscillator_trace_8rxn_stop_risksched085to09_lr1e4_entropy005_s4_c1_rnetol_d256_depth3_p20,seed052,52,517,51700,100,16,100.42577803780325,107.98399879172037,100.35215557986508,False,max_epochs,2319.65230345726
rl4crn_rne_oscillator_trace_8rxn_stop_risksched085to09_lr1e4_entropy005_s4_c1_rnetol_d256_depth3_p20,seed052,52,518,51800,100,16,100.6044256359409,105.8140605644799,100.35215557986508,False,max_epochs,2324.2989230155945
rl4crn_rne_oscillator_trace_8rxn_stop_risksched085to09_lr1e4_entropy005_s4_c1_rnetol_d256_depth3_p20,seed052,52,519,51900,100,16,100.451727796233,106.44169166929166,100.35215557986508,False,max_epochs,2329.342797279358
rl4crn_rne_oscillator_trace_8rxn_stop_risksched085to09_lr1e4_entropy005_s4_c1_rnetol_d256_depth3_p20,seed052,52,520,52000,100,16,100.32700011177668,105.19914292408899,100.32700011177668,False,max_epochs,2333.988955259323
rl4crn_rne_oscillator_trace_8rxn_stop_risksched085to09_lr1e4_entropy005_s4_c1_rnetol_d256_depth3_p20,seed052,52,521,52100,100,16,100.69709274693655,105.62483240249932,100.32700011177668,False,max_epochs,2338.6209275722504
rl4crn_rne_oscillator_trace_8rxn_stop_risksched085to09_lr1e4_entropy005_s4_c1_rnetol_d256_depth3_p20,seed052,52,522,52200,100,16,100.53887065293947,104.51001256976411,100.32700011177668,False,max_epochs,2343.0788435935974
rl4crn_rne_oscillator_trace_8rxn_stop_risksched085to09_lr1e4_entropy005_s4_c1_rnetol_d256_depth3_p20,seed052,52,523,52300,100,16,100.56533157132691,104.8733544977409,100.32700011177668,False,max_epochs,2345.4831895828247
rl4crn_rne_oscillator_trace_8rxn_stop_risksched085to09_lr1e4_entropy005_s4_c1_rnetol_d256_depth3_p20,seed052,52,524,52400,100,16,100.42806944232716,104.9368099027065,100.32700011177668,False,max_epochs,2350.2174973487854
rl4crn_rne_oscillator_trace_8rxn_stop_risksched085to09_lr1e4_entropy005_s4_c1_rnetol_d256_depth3_p20,seed052,52,525,52500,100,16,100.5923133833132,104.84190170334945,100.32700011177668,False,max_epochs,2355.373334169388
rl4crn_rne_oscillator_trace_8rxn_stop_risksched085to09_lr1e4_entropy005_s4_c1_rnetol_d256_depth3_p20,seed052,52,526,52600,100,16,100.52912365070154,104.2638055419113,100.32700011177668,False,max_epochs,2360.2631254196167
rl4crn_rne_oscillator_trace_8rxn_stop_risksched085to09_lr1e4_entropy005_s4_c1_rnetol_d256_depth3_p20,seed052,52,527,52700,100,16,100.48432656214855,106.22033702271403,100.32700011177668,False,max_epochs,2365.6785130500793
rl4crn_rne_oscillator_trace_8rxn_stop_risksched085to09_lr1e4_entropy005_s4_c1_rnetol_d256_depth3_p20,seed052,52,528,52800,100,16,100.50196609170814,104.38778371640518,100.32700011177668,False,max_epochs,2370.5053956508636
rl4crn_rne_oscillator_trace_8rxn_stop_risksched085to09_lr1e4_entropy005_s4_c1_rnetol_d256_depth3_p20,seed052,52,529,52900,100,16,100.33953796013998,105.16594859789245,100.32700011177668,False,max_epochs,2375.3751351833344
rl4crn_rne_oscillator_trace_8rxn_stop_risksched085to09_lr1e4_entropy005_s4_c1_rnetol_d256_depth3_p20,seed052,52,530,53000,100,16,100.48193395905058,107.05962926639714,100.32700011177668,False,max_epochs,2379.8266429901123
rl4crn_rne_oscillator_trace_8rxn_stop_risksched085to09_lr1e4_entropy005_s4_c1_rnetol_d256_depth3_p20,seed052,52,531,53100,100,16,100.51747155195812,104.3129203248009,100.32700011177668,False,max_epochs,2384.32607793808
rl4crn_rne_oscillator_trace_8rxn_stop_risksched085to09_lr1e4_entropy005_s4_c1_rnetol_d256_depth3_p20,seed052,52,532,53200,100,16,100.38160525888131,106.21938993959823,100.32700011177668,False,max_epochs,2388.0375623703003
rl4crn_rne_oscillator_trace_8rxn_stop_risksched085to09_lr1e4_entropy005_s4_c1_rnetol_d256_depth3_p20,seed052,52,533,53300,100,16,100.3583259312537,104.26402961362639,100.32700011177668,False,max_epochs,2390.4586124420166
rl4crn_rne_oscillator_trace_8rxn_stop_risksched085to09_lr1e4_entropy005_s4_c1_rnetol_d256_depth3_p20,seed052,52,534,53400,100,16,100.39783133436549,104.77618317111188,100.32700011177668,False,max_epochs,2395.375165462494
rl4crn_rne_oscillator_trace_8rxn_stop_risksched085to09_lr1e4_entropy005_s4_c1_rnetol_d256_depth3_p20,seed052,52,535,53500,100,16,100.40672618607175,104.27065494553301,100.32700011177668,False,max_epochs,2400.604608297348
rl4crn_rne_oscillator_trace_8rxn_stop_risksched085to09_lr1e4_entropy005_s4_c1_rnetol_d256_depth3_p20,seed052,52,536,53600,100,16,100.52301071980774,106.39410511476396,100.32700011177668,False,max_epochs,2405.223078250885
rl4crn_rne_oscillator_trace_8rxn_stop_risksched085to09_lr1e4_entropy005_s4_c1_rnetol_d256_depth3_p20,seed052,52,537,53700,100,16,100.51536051921897,104.94698457732918,100.32700011177668,False,max_epochs,2409.9067385196686
rl4crn_rne_oscillator_trace_8rxn_stop_risksched085to09_lr1e4_entropy005_s4_c1_rnetol_d256_depth3_p20,seed052,52,538,53800,100,16,100.4855306853142,104.53313771541968,100.32700011177668,False,max_epochs,2414.6653077602386
rl4crn_rne_oscillator_trace_8rxn_stop_risksched085to09_lr1e4_entropy005_s4_c1_rnetol_d256_depth3_p20,seed052,52,539,53900,100,16,100.49767812625926,103.66258776927262,100.32700011177668,False,max_epochs,2419.404422521591
rl4crn_rne_oscillator_trace_8rxn_stop_risksched085to09_lr1e4_entropy005_s4_c1_rnetol_d256_depth3_p20,seed052,52,540,54000,100,16,100.59291487513467,103.97280368574039,100.32700011177668,False,max_epochs,2423.2690436840057
rl4crn_rne_oscillator_trace_8rxn_stop_risksched085to09_lr1e4_entropy005_s4_c1_rnetol_d256_depth3_p20,seed052,52,541,54100,100,16,100.5460823696454,104.12898995288087,100.32700011177668,False,max_epochs,2426.0017795562744
rl4crn_rne_oscillator_trace_8rxn_stop_risksched085to09_lr1e4_entropy005_s4_c1_rnetol_d256_depth3_p20,seed052,52,542,54200,100,16,100.42606741141302,103.61331078622999,100.32700011177668,False,max_epochs,2430.7157402038574
rl4crn_rne_oscillator_trace_8rxn_stop_risksched085to09_lr1e4_entropy005_s4_c1_rnetol_d256_depth3_p20,seed052,52,543,54300,100,16,100.563453326196,106.76994955491662,100.32700011177668,False,max_epochs,2435.8752765655518
rl4crn_rne_oscillator_trace_8rxn_stop_risksched085to09_lr1e4_entropy005_s4_c1_rnetol_d256_depth3_p20,seed052,52,544,54400,100,16,100.79486322235572,107.44222152885759,100.32700011177668,False,max_epochs,2440.7451441287994
rl4crn_rne_oscillator_trace_8rxn_stop_risksched085to09_lr1e4_entropy005_s4_c1_rnetol_d256_depth3_p20,seed052,52,545,54500,100,16,100.39411577743573,108.12321009442023,100.32700011177668,False,max_epochs,2445.4307668209076
rl4crn_rne_oscillator_trace_8rxn_stop_risksched085to09_lr1e4_entropy005_s4_c1_rnetol_d256_depth3_p20,seed052,52,546,54600,100,16,100.52124114339908,107.90476859795704,100.32700011177668,False,max_epochs,2450.1013906002045
rl4crn_rne_oscillator_trace_8rxn_stop_risksched085to09_lr1e4_entropy005_s4_c1_rnetol_d256_depth3_p20,seed052,52,547,54700,100,16,100.64197590553418,107.0344338543558,100.32700011177668,False,max_epochs,2454.4546613693237
rl4crn_rne_oscillator_trace_8rxn_stop_risksched085to09_lr1e4_entropy005_s4_c1_rnetol_d256_depth3_p20,seed052,52,548,54800,100,16,100.62656876093305,105.48388954181507,100.32700011177668,False,max_epochs,2456.537693977356
rl4crn_rne_oscillator_trace_8rxn_stop_risksched085to09_lr1e4_entropy005_s4_c1_rnetol_d256_depth3_p20,seed052,52,549,54900,100,16,100.66997184601337,104.89207504429012,100.32700011177668,False,max_epochs,2461.274475336075
rl4crn_rne_oscillator_trace_8rxn_stop_risksched085to09_lr1e4_entropy005_s4_c1_rnetol_d256_depth3_p20,seed052,52,550,55000,100,16,100.5547052590301,105.12052510055167,100.32700011177668,False,max_epochs,2465.973488807678
rl4crn_rne_oscillator_trace_8rxn_stop_risksched085to09_lr1e4_entropy005_s4_c1_rnetol_d256_depth3_p20,seed052,52,551,55100,100,16,100.40482495758283,105.41944832545167,100.32700011177668,False,max_epochs,2471.032014131546
rl4crn_rne_oscillator_trace_8rxn_stop_risksched085to09_lr1e4_entropy005_s4_c1_rnetol_d256_depth3_p20,seed052,52,552,55200,100,16,100.41729385312809,107.39017775865278,100.32700011177668,False,max_epochs,2475.607059955597
rl4crn_rne_oscillator_trace_8rxn_stop_risksched085to09_lr1e4_entropy005_s4_c1_rnetol_d256_depth3_p20,seed052,52,553,55300,100,16,100.8235131040368,110.3315339973637,100.32700011177668,False,max_epochs,2477.8696739673615
rl4crn_rne_oscillator_trace_8rxn_stop_risksched085to09_lr1e4_entropy005_s4_c1_rnetol_d256_depth3_p20,seed052,52,554,55400,100,16,100.55004787355534,107.2962772103599,100.32700011177668,False,max_epochs,2482.1189851760864
rl4crn_rne_oscillator_trace_8rxn_stop_risksched085to09_lr1e4_entropy005_s4_c1_rnetol_d256_depth3_p20,seed052,52,555,55500,100,16,100.63843369637861,106.64316408775865,100.32700011177668,False,max_epochs,2487.440841436386
rl4crn_rne_oscillator_trace_8rxn_stop_risksched085to09_lr1e4_entropy005_s4_c1_rnetol_d256_depth3_p20,seed052,52,556,55600,100,16,100.92877948270444,107.36128140959065,100.32700011177668,False,max_epochs,2492.2430713176727
rl4crn_rne_oscillator_trace_8rxn_stop_risksched085to09_lr1e4_entropy005_s4_c1_rnetol_d256_depth3_p20,seed052,52,557,55700,100,16,100.69984750580583,105.9649523217974,100.32700011177668,False,max_epochs,2497.200436115265
rl4crn_rne_oscillator_trace_8rxn_stop_risksched085to09_lr1e4_entropy005_s4_c1_rnetol_d256_depth3_p20,seed052,52,558,55800,100,16,100.4565630206972,104.61448098304302,100.32700011177668,False,max_epochs,2502.020482301712
rl4crn_rne_oscillator_trace_8rxn_stop_risksched085to09_lr1e4_entropy005_s4_c1_rnetol_d256_depth3_p20,seed052,52,559,55900,100,16,100.3868675817782,104.64669747576191,100.32700011177668,False,max_epochs,2506.8985114097595
rl4crn_rne_oscillator_trace_8rxn_stop_risksched085to09_lr1e4_entropy005_s4_c1_rnetol_d256_depth3_p20,seed052,52,560,56000,100,16,100.52450220332851,104.97132611637984,100.32700011177668,False,max_epochs,2511.507175683975
rl4crn_rne_oscillator_trace_8rxn_stop_risksched085to09_lr1e4_entropy005_s4_c1_rnetol_d256_depth3_p20,seed052,52,561,56100,100,16,100.5360767767358,105.1925579602186,100.32700011177668,False,max_epochs,2513.6233966350555
rl4crn_rne_oscillator_trace_8rxn_stop_risksched085to09_lr1e4_entropy005_s4_c1_rnetol_d256_depth3_p20,seed052,52,562,56200,100,16,100.45022264361228,105.19869489322177,100.32700011177668,False,max_epochs,2518.1415145397186
rl4crn_rne_oscillator_trace_8rxn_stop_risksched085to09_lr1e4_entropy005_s4_c1_rnetol_d256_depth3_p20,seed052,52,563,56300,100,16,100.37728828408596,104.28404634215121,100.32700011177668,False,max_epochs,2523.408264398575
rl4crn_rne_oscillator_trace_8rxn_stop_risksched085to09_lr1e4_entropy005_s4_c1_rnetol_d256_depth3_p20,seed052,52,564,56400,100,16,100.53214095714566,106.45242589686467,100.32700011177668,False,max_epochs,2528.250588655472
rl4crn_rne_oscillator_trace_8rxn_stop_risksched085to09_lr1e4_entropy005_s4_c1_rnetol_d256_depth3_p20,seed052,52,565,56500,100,16,100.61760572306534,104.9983245325358,100.32700011177668,False,max_epochs,2533.298853158951
rl4crn_rne_oscillator_trace_8rxn_stop_risksched085to09_lr1e4_entropy005_s4_c1_rnetol_d256_depth3_p20,seed052,52,566,56600,100,16,100.65404326522892,106.06234384160209,100.32700011177668,False,max_epochs,2538.021778345108
rl4crn_rne_oscillator_trace_8rxn_stop_risksched085to09_lr1e4_entropy005_s4_c1_rnetol_d256_depth3_p20,seed052,52,567,56700,100,16,100.48123650703668,109.74504312310297,100.32700011177668,False,max_epochs,2543.1560912132263
rl4crn_rne_oscillator_trace_8rxn_stop_risksched085to09_lr1e4_entropy005_s4_c1_rnetol_d256_depth3_p20,seed052,52,568,56800,100,16,100.2997976041861,107.25185319666576,100.2997976041861,False,max_epochs,2547.976879119873
rl4crn_rne_oscillator_trace_8rxn_stop_risksched085to09_lr1e4_entropy005_s4_c1_rnetol_d256_depth3_p20,seed052,52,569,56900,100,16,100.51392182997864,104.55283072585601,100.2997976041861,False,max_epochs,2552.5561776161194
rl4crn_rne_oscillator_trace_8rxn_stop_risksched085to09_lr1e4_entropy005_s4_c1_rnetol_d256_depth3_p20,seed052,52,570,57000,100,16,100.5902304938252,104.94351542128794,100.2997976041861,False,max_epochs,2556.510353088379
rl4crn_rne_oscillator_trace_8rxn_stop_risksched085to09_lr1e4_entropy005_s4_c1_rnetol_d256_depth3_p20,seed052,52,571,57100,100,16,100.62529017188113,105.39600741996085,100.2997976041861,False,max_epochs,2559.6569998264313
rl4crn_rne_oscillator_trace_8rxn_stop_risksched085to09_lr1e4_entropy005_s4_c1_rnetol_d256_depth3_p20,seed052,52,572,57200,100,16,100.3939646306829,103.02908548401788,100.2997976041861,False,max_epochs,2564.1431217193604
rl4crn_rne_oscillator_trace_8rxn_stop_risksched085to09_lr1e4_entropy005_s4_c1_rnetol_d256_depth3_p20,seed052,52,573,57300,100,16,100.43383269781894,103.75679752685964,100.2997976041861,False,max_epochs,2569.0135037899017
rl4crn_rne_oscillator_trace_8rxn_stop_risksched085to09_lr1e4_entropy005_s4_c1_rnetol_d256_depth3_p20,seed052,52,574,57400,100,16,100.50024100593079,105.21625187497801,100.2997976041861,False,max_epochs,2573.99360871315
rl4crn_rne_oscillator_trace_8rxn_stop_risksched085to09_lr1e4_entropy005_s4_c1_rnetol_d256_depth3_p20,seed052,52,575,57500,100,16,100.60697425862392,105.23306293076902,100.2997976041861,False,max_epochs,2579.4045197963715
rl4crn_rne_oscillator_trace_8rxn_stop_risksched085to09_lr1e4_entropy005_s4_c1_rnetol_d256_depth3_p20,seed052,52,576,57600,100,16,100.34343392282705,103.45808229496492,100.2997976041861,False,max_epochs,2583.895042181015
rl4crn_rne_oscillator_trace_8rxn_stop_risksched085to09_lr1e4_entropy005_s4_c1_rnetol_d256_depth3_p20,seed052,52,577,57700,100,16,100.32552882850389,104.43880985298395,100.2997976041861,False,max_epochs,2588.3230559825897
rl4crn_rne_oscillator_trace_8rxn_stop_risksched085to09_lr1e4_entropy005_s4_c1_rnetol_d256_depth3_p20,seed052,52,578,57800,100,16,100.54836462218671,103.69117744118732,100.2997976041861,False,max_epochs,2591.087597846985
rl4crn_rne_oscillator_trace_8rxn_stop_risksched085to09_lr1e4_entropy005_s4_c1_rnetol_d256_depth3_p20,seed052,52,579,57900,100,16,100.52480008823852,104.32445076121013,100.2997976041861,False,max_epochs,2595.437350511551
rl4crn_rne_oscillator_trace_8rxn_stop_risksched085to09_lr1e4_entropy005_s4_c1_rnetol_d256_depth3_p20,seed052,52,580,58000,100,16,100.40299636324731,105.30759783057852,100.2997976041861,False,max_epochs,2600.1226921081543
rl4crn_rne_oscillator_trace_8rxn_stop_risksched085to09_lr1e4_entropy005_s4_c1_rnetol_d256_depth3_p20,seed052,52,581,58100,100,16,100.39777317631992,104.89699701283709,100.2997976041861,False,max_epochs,2605.2650668621063
rl4crn_rne_oscillator_trace_8rxn_stop_risksched085to09_lr1e4_entropy005_s4_c1_rnetol_d256_depth3_p20,seed052,52,582,58200,100,16,100.5449481932859,103.3693012130837,100.2997976041861,False,max_epochs,2610.540266275406
rl4crn_rne_oscillator_trace_8rxn_stop_risksched085to09_lr1e4_entropy005_s4_c1_rnetol_d256_depth3_p20,seed052,52,583,58300,100,16,100.51076112092022,104.89967777545628,100.2997976041861,False,max_epochs,2615.649491786957
rl4crn_rne_oscillator_trace_8rxn_stop_risksched085to09_lr1e4_entropy005_s4_c1_rnetol_d256_depth3_p20,seed052,52,584,58400,100,16,100.35218857335032,105.19125383664905,100.2997976041861,False,max_epochs,2620.735874414444
rl4crn_rne_oscillator_trace_8rxn_stop_risksched085to09_lr1e4_entropy005_s4_c1_rnetol_d256_depth3_p20,seed052,52,585,58500,100,16,100.39259763141595,103.17606496361242,100.2997976041861,False,max_epochs,2625.8001141548157
rl4crn_rne_oscillator_trace_8rxn_stop_risksched085to09_lr1e4_entropy005_s4_c1_rnetol_d256_depth3_p20,seed052,52,586,58600,100,16,100.44289981879271,104.31977149203301,100.2997976041861,False,max_epochs,2630.5578842163086
rl4crn_rne_oscillator_trace_8rxn_stop_risksched085to09_lr1e4_entropy005_s4_c1_rnetol_d256_depth3_p20,seed052,52,587,58700,100,16,100.28172987937441,103.56762336929032,100.28172987937441,False,max_epochs,2635.737268447876
rl4crn_rne_oscillator_trace_8rxn_stop_risksched085to09_lr1e4_entropy005_s4_c1_rnetol_d256_depth3_p20,seed052,52,588,58800,100,16,100.35963361199859,103.34987521921539,100.28172987937441,False,max_epochs,2640.514810562134
rl4crn_rne_oscillator_trace_8rxn_stop_risksched085to09_lr1e4_entropy005_s4_c1_rnetol_d256_depth3_p20,seed052,52,589,58900,100,16,100.43475803602144,105.64061211648887,100.28172987937441,False,max_epochs,2645.3239028453827
rl4crn_rne_oscillator_trace_8rxn_stop_risksched085to09_lr1e4_entropy005_s4_c1_rnetol_d256_depth3_p20,seed052,52,590,59000,100,16,100.31800815160585,103.42264561311208,100.28172987937441,False,max_epochs,2649.8825149536133
rl4crn_rne_oscillator_trace_8rxn_stop_risksched085to09_lr1e4_entropy005_s4_c1_rnetol_d256_depth3_p20,seed052,52,591,59100,100,16,100.56305328906737,106.62222797844352,100.28172987937441,False,max_epochs,2654.6427998542786
rl4crn_rne_oscillator_trace_8rxn_stop_risksched085to09_lr1e4_entropy005_s4_c1_rnetol_d256_depth3_p20,seed052,52,592,59200,100,16,100.27014610561028,107.03915463503495,100.27014610561028,False,max_epochs,2656.6650006771088
rl4crn_rne_oscillator_trace_8rxn_stop_risksched085to09_lr1e4_entropy005_s4_c1_rnetol_d256_depth3_p20,seed052,52,593,59300,100,16,100.39251466047979,104.76201925915137,100.27014610561028,False,max_epochs,2661.061637401581
rl4crn_rne_oscillator_trace_8rxn_stop_risksched085to09_lr1e4_entropy005_s4_c1_rnetol_d256_depth3_p20,seed052,52,594,59400,100,16,100.48709209693044,104.26159023904628,100.27014610561028,False,max_epochs,2665.737626314163
rl4crn_rne_oscillator_trace_8rxn_stop_risksched085to09_lr1e4_entropy005_s4_c1_rnetol_d256_depth3_p20,seed052,52,595,59500,100,16,100.36179305255762,105.06015604035488,100.27014610561028,False,max_epochs,2670.8223099708557
rl4crn_rne_oscillator_trace_8rxn_stop_risksched085to09_lr1e4_entropy005_s4_c1_rnetol_d256_depth3_p20,seed052,52,596,59600,100,16,100.29157881950319,105.09549721917269,100.27014610561028,False,max_epochs,2675.3660941123962
rl4crn_rne_oscillator_trace_8rxn_stop_risksched085to09_lr1e4_entropy005_s4_c1_rnetol_d256_depth3_p20,seed052,52,597,59700,100,16,100.36329517272033,104.63247281196405,100.27014610561028,False,max_epochs,2679.7358973026276
rl4crn_rne_oscillator_trace_8rxn_stop_risksched085to09_lr1e4_entropy005_s4_c1_rnetol_d256_depth3_p20,seed052,52,598,59800,100,16,100.50840399429435,105.57251479396955,100.27014610561028,False,max_epochs,2684.4775161743164
rl4crn_rne_oscillator_trace_8rxn_stop_risksched085to09_lr1e4_entropy005_s4_c1_rnetol_d256_depth3_p20,seed052,52,599,59900,100,16,100.36335521412867,103.85557469885663,100.27014610561028,False,max_epochs,2686.901505947113
rl4crn_rne_oscillator_trace_8rxn_stop_risksched085to09_lr1e4_entropy005_s4_c1_rnetol_d256_depth3_p20,seed052,52,600,60000,100,16,100.45945971415004,103.77849389892856,100.27014610561028,False,max_epochs,2690.9169116020203
rl4crn_rne_oscillator_trace_8rxn_stop_risksched085to09_lr1e4_entropy005_s4_c1_rnetol_d256_depth3_p20,seed052,52,601,60100,100,16,100.37914471771828,106.05616051000445,100.27014610561028,False,max_epochs,2695.899718284607
rl4crn_rne_oscillator_trace_8rxn_stop_risksched085to09_lr1e4_entropy005_s4_c1_rnetol_d256_depth3_p20,seed052,52,602,60200,100,16,100.38449177081408,110.47327215628071,100.27014610561028,False,max_epochs,2701.010180950165
rl4crn_rne_oscillator_trace_8rxn_stop_risksched085to09_lr1e4_entropy005_s4_c1_rnetol_d256_depth3_p20,seed052,52,603,60300,100,16,100.62876278055185,106.59266894843526,100.27014610561028,False,max_epochs,2706.412570953369
rl4crn_rne_oscillator_trace_8rxn_stop_risksched085to09_lr1e4_entropy005_s4_c1_rnetol_d256_depth3_p20,seed052,52,604,60400,100,16,100.48895584094586,104.87089154501287,100.27014610561028,False,max_epochs,2711.243616104126
rl4crn_rne_oscillator_trace_8rxn_stop_risksched085to09_lr1e4_entropy005_s4_c1_rnetol_d256_depth3_p20,seed052,52,605,60500,100,16,100.22986723213062,105.67698512366125,100.22986723213062,False,max_epochs,2716.2262949943542
rl4crn_rne_oscillator_trace_8rxn_stop_risksched085to09_lr1e4_entropy005_s4_c1_rnetol_d256_depth3_p20,seed052,52,606,60600,100,16,100.28015374500659,104.05978219750011,100.22986723213062,False,max_epochs,2721.052953720093
rl4crn_rne_oscillator_trace_8rxn_stop_risksched085to09_lr1e4_entropy005_s4_c1_rnetol_d256_depth3_p20,seed052,52,607,60700,100,16,100.30372475116194,104.61755110980168,100.22986723213062,False,max_epochs,2725.8241090774536
rl4crn_rne_oscillator_trace_8rxn_stop_risksched085to09_lr1e4_entropy005_s4_c1_rnetol_d256_depth3_p20,seed052,52,608,60800,100,16,100.38030437727987,103.84308799917929,100.22986723213062,False,max_epochs,2730.403413295746
rl4crn_rne_oscillator_trace_8rxn_stop_risksched085to09_lr1e4_entropy005_s4_c1_rnetol_d256_depth3_p20,seed052,52,609,60900,100,16,100.27980138356651,103.95589448628499,100.22986723213062,False,max_epochs,2732.5145473480225
rl4crn_rne_oscillator_trace_8rxn_stop_risksched085to09_lr1e4_entropy005_s4_c1_rnetol_d256_depth3_p20,seed052,52,610,61000,100,16,100.43990186507516,103.34368755969652,100.22986723213062,False,max_epochs,2737.0162284374237
rl4crn_rne_oscillator_trace_8rxn_stop_risksched085to09_lr1e4_entropy005_s4_c1_rnetol_d256_depth3_p20,seed052,52,611,61100,100,16,100.24677041428126,102.77845303368571,100.22986723213062,False,max_epochs,2742.1959693431854
rl4crn_rne_oscillator_trace_8rxn_stop_risksched085to09_lr1e4_entropy005_s4_c1_rnetol_d256_depth3_p20,seed052,52,612,61200,100,16,100.39627316046874,103.86217193919276,100.22986723213062,False,max_epochs,2746.891173362732
rl4crn_rne_oscillator_trace_8rxn_stop_risksched085to09_lr1e4_entropy005_s4_c1_rnetol_d256_depth3_p20,seed052,52,613,61300,100,16,100.4580537706385,104.49995893875108,100.22986723213062,False,max_epochs,2751.680999994278
rl4crn_rne_oscillator_trace_8rxn_stop_risksched085to09_lr1e4_entropy005_s4_c1_rnetol_d256_depth3_p20,seed052,52,614,61400,100,16,100.60714920453299,108.61080338970615,100.22986723213062,False,max_epochs,2756.1889407634735
rl4crn_rne_oscillator_trace_8rxn_stop_risksched085to09_lr1e4_entropy005_s4_c1_rnetol_d256_depth3_p20,seed052,52,615,61500,100,16,100.42418144076963,105.97372706475235,100.22986723213062,False,max_epochs,2759.921131372452
rl4crn_rne_oscillator_trace_8rxn_stop_risksched085to09_lr1e4_entropy005_s4_c1_rnetol_d256_depth3_p20,seed052,52,616,61600,100,16,100.58449317797799,105.48635909293196,100.22986723213062,False,max_epochs,2762.6361842155457
rl4crn_rne_oscillator_trace_8rxn_stop_risksched085to09_lr1e4_entropy005_s4_c1_rnetol_d256_depth3_p20,seed052,52,617,61700,100,16,100.5023563375787,104.37288116446085,100.22986723213062,False,max_epochs,2767.685515165329
rl4crn_rne_oscillator_trace_8rxn_stop_risksched085to09_lr1e4_entropy005_s4_c1_rnetol_d256_depth3_p20,seed052,52,618,61800,100,16,100.29587728812088,104.42222857870307,100.22986723213062,False,max_epochs,2772.778887987137
rl4crn_rne_oscillator_trace_8rxn_stop_risksched085to09_lr1e4_entropy005_s4_c1_rnetol_d256_depth3_p20,seed052,52,619,61900,100,16,100.46719400621151,105.64240951219278,100.22986723213062,False,max_epochs,2777.8949506282806
rl4crn_rne_oscillator_trace_8rxn_stop_risksched085to09_lr1e4_entropy005_s4_c1_rnetol_d256_depth3_p20,seed052,52,620,62000,100,16,100.26748324385916,104.11929848235191,100.22986723213062,False,max_epochs,2782.8116812705994
rl4crn_rne_oscillator_trace_8rxn_stop_risksched085to09_lr1e4_entropy005_s4_c1_rnetol_d256_depth3_p20,seed052,52,621,62100,100,16,100.58957879585488,104.4224315905947,100.22986723213062,False,max_epochs,2787.6938507556915
rl4crn_rne_oscillator_trace_8rxn_stop_risksched085to09_lr1e4_entropy005_s4_c1_rnetol_d256_depth3_p20,seed052,52,622,62200,100,16,100.34611751507225,107.55282664973582,100.22986723213062,False,max_epochs,2792.3012478351593
rl4crn_rne_oscillator_trace_8rxn_stop_risksched085to09_lr1e4_entropy005_s4_c1_rnetol_d256_depth3_p20,seed052,52,623,62300,100,16,100.48655474253027,103.89666845808424,100.22986723213062,False,max_epochs,2796.714537382126
rl4crn_rne_oscillator_trace_8rxn_stop_risksched085to09_lr1e4_entropy005_s4_c1_rnetol_d256_depth3_p20,seed052,52,624,62400,100,16,100.48345968231703,103.46403847594632,100.22986723213062,False,max_epochs,2798.9919369220734
rl4crn_rne_oscillator_trace_8rxn_stop_risksched085to09_lr1e4_entropy005_s4_c1_rnetol_d256_depth3_p20,seed052,52,625,62500,100,16,100.61113273375013,104.24074081074775,100.22986723213062,False,max_epochs,2803.652792453766
rl4crn_rne_oscillator_trace_8rxn_stop_risksched085to09_lr1e4_entropy005_s4_c1_rnetol_d256_depth3_p20,seed052,52,626,62600,100,16,100.4516433731596,103.24636424109178,100.22986723213062,False,max_epochs,2808.711263895035
rl4crn_rne_oscillator_trace_8rxn_stop_risksched085to09_lr1e4_entropy005_s4_c1_rnetol_d256_depth3_p20,seed052,52,627,62700,100,16,100.33402762533385,105.50826763913828,100.22986723213062,False,max_epochs,2813.852677345276
rl4crn_rne_oscillator_trace_8rxn_stop_risksched085to09_lr1e4_entropy005_s4_c1_rnetol_d256_depth3_p20,seed052,52,628,62800,100,16,100.45276585711414,105.30532648144249,100.22986723213062,False,max_epochs,2818.5575416088104
rl4crn_rne_oscillator_trace_8rxn_stop_risksched085to09_lr1e4_entropy005_s4_c1_rnetol_d256_depth3_p20,seed052,52,629,62900,100,16,100.407559189369,105.82812825833288,100.22986723213062,False,max_epochs,2824.065680503845
rl4crn_rne_oscillator_trace_8rxn_stop_risksched085to09_lr1e4_entropy005_s4_c1_rnetol_d256_depth3_p20,seed052,52,630,63000,100,16,100.38942624595691,106.17086808259522,100.22986723213062,False,max_epochs,2828.846984386444
rl4crn_rne_oscillator_trace_8rxn_stop_risksched085to09_lr1e4_entropy005_s4_c1_rnetol_d256_depth3_p20,seed052,52,631,63100,100,16,100.40049559148571,105.50877571078364,100.22986723213062,False,max_epochs,2833.783483982086
rl4crn_rne_oscillator_trace_8rxn_stop_risksched085to09_lr1e4_entropy005_s4_c1_rnetol_d256_depth3_p20,seed052,52,632,63200,100,16,100.48853885208342,103.9526137842526,100.22986723213062,False,max_epochs,2838.231865167618
rl4crn_rne_oscillator_trace_8rxn_stop_risksched085to09_lr1e4_entropy005_s4_c1_rnetol_d256_depth3_p20,seed052,52,633,63300,100,16,100.68044986472931,104.92154272879795,100.22986723213062,False,max_epochs,2842.8682725429535
rl4crn_rne_oscillator_trace_8rxn_stop_risksched085to09_lr1e4_entropy005_s4_c1_rnetol_d256_depth3_p20,seed052,52,634,63400,100,16,100.55174690617545,105.54501241359424,100.22986723213062,False,max_epochs,2844.916226863861
rl4crn_rne_oscillator_trace_8rxn_stop_risksched085to09_lr1e4_entropy005_s4_c1_rnetol_d256_depth3_p20,seed052,52,635,63500,100,16,100.97797933906492,105.4517800467213,100.22986723213062,False,max_epochs,2849.5676081180573
rl4crn_rne_oscillator_trace_8rxn_stop_risksched085to09_lr1e4_entropy005_s4_c1_rnetol_d256_depth3_p20,seed052,52,636,63600,100,16,100.35866151637516,107.3939989822364,100.22986723213062,False,max_epochs,2854.3177909851074
rl4crn_rne_oscillator_trace_8rxn_stop_risksched085to09_lr1e4_entropy005_s4_c1_rnetol_d256_depth3_p20,seed052,52,637,63700,100,16,100.29512267552361,104.40898774136238,100.22986723213062,False,max_epochs,2859.7235124111176
rl4crn_rne_oscillator_trace_8rxn_stop_risksched085to09_lr1e4_entropy005_s4_c1_rnetol_d256_depth3_p20,seed052,52,638,63800,100,16,100.51738653845062,104.52102032980122,100.22986723213062,False,max_epochs,2864.5504207611084
rl4crn_rne_oscillator_trace_8rxn_stop_risksched085to09_lr1e4_entropy005_s4_c1_rnetol_d256_depth3_p20,seed052,52,639,63900,100,16,100.88646798483451,106.59297575578093,100.22986723213062,False,max_epochs,2869.399970769882
rl4crn_rne_oscillator_trace_8rxn_stop_risksched085to09_lr1e4_entropy005_s4_c1_rnetol_d256_depth3_p20,seed052,52,640,64000,100,16,100.29679369678809,104.63512121776628,100.22986723213062,False,max_epochs,2874.324583053589
rl4crn_rne_oscillator_trace_8rxn_stop_risksched085to09_lr1e4_entropy005_s4_c1_rnetol_d256_depth3_p20,seed052,52,641,64100,100,16,100.4744868792895,104.32029112926385,100.22986723213062,False,max_epochs,2879.5123052597046
rl4crn_rne_oscillator_trace_8rxn_stop_risksched085to09_lr1e4_entropy005_s4_c1_rnetol_d256_depth3_p20,seed052,52,642,64200,100,16,100.50292579081072,106.92603642306645,100.22986723213062,False,max_epochs,2884.5141525268555
rl4crn_rne_oscillator_trace_8rxn_stop_risksched085to09_lr1e4_entropy005_s4_c1_rnetol_d256_depth3_p20,seed052,52,643,64300,100,16,100.21876356795961,105.64071244096894,100.21876356795961,False,max_epochs,2889.235538005829
rl4crn_rne_oscillator_trace_8rxn_stop_risksched085to09_lr1e4_entropy005_s4_c1_rnetol_d256_depth3_p20,seed052,52,644,64400,100,16,100.3790720083786,104.29218674296874,100.21876356795961,False,max_epochs,2893.8455398082733
rl4crn_rne_oscillator_trace_8rxn_stop_risksched085to09_lr1e4_entropy005_s4_c1_rnetol_d256_depth3_p20,seed052,52,645,64500,100,16,100.48342087607008,105.31319570266264,100.21876356795961,False,max_epochs,2898.243391275406
rl4crn_rne_oscillator_trace_8rxn_stop_risksched085to09_lr1e4_entropy005_s4_c1_rnetol_d256_depth3_p20,seed052,52,646,64600,100,16,100.45958854064362,107.0874368042056,100.21876356795961,False,max_epochs,2900.4296448230743
rl4crn_rne_oscillator_trace_8rxn_stop_risksched085to09_lr1e4_entropy005_s4_c1_rnetol_d256_depth3_p20,seed052,52,647,64700,100,16,100.57725610181528,105.60396215884077,100.21876356795961,False,max_epochs,2905.3898067474365
rl4crn_rne_oscillator_trace_8rxn_stop_risksched085to09_lr1e4_entropy005_s4_c1_rnetol_d256_depth3_p20,seed052,52,648,64800,100,16,100.36781812916767,106.32584738805431,100.21876356795961,False,max_epochs,2910.0664694309235
rl4crn_rne_oscillator_trace_8rxn_stop_risksched085to09_lr1e4_entropy005_s4_c1_rnetol_d256_depth3_p20,seed052,52,649,64900,100,16,100.33619774515114,104.22460257030363,100.21876356795961,False,max_epochs,2915.550087451935
rl4crn_rne_oscillator_trace_8rxn_stop_risksched085to09_lr1e4_entropy005_s4_c1_rnetol_d256_depth3_p20,seed052,52,650,65000,100,16,100.51757428307988,103.46247353335916,100.21876356795961,False,max_epochs,2920.1598274707794
rl4crn_rne_oscillator_trace_8rxn_stop_risksched085to09_lr1e4_entropy005_s4_c1_rnetol_d256_depth3_p20,seed052,52,651,65100,100,16,100.49092730880075,104.58383404721113,100.21876356795961,False,max_epochs,2924.6025035381317
rl4crn_rne_oscillator_trace_8rxn_stop_risksched085to09_lr1e4_entropy005_s4_c1_rnetol_d256_depth3_p20,seed052,52,652,65200,100,16,100.21718458426359,105.32874146660146,100.21718458426359,False,max_epochs,2929.115569829941
rl4crn_rne_oscillator_trace_8rxn_stop_risksched085to09_lr1e4_entropy005_s4_c1_rnetol_d256_depth3_p20,seed052,52,653,65300,100,16,100.24150125357407,106.30484179391513,100.21718458426359,False,max_epochs,2931.6219189167023
rl4crn_rne_oscillator_trace_8rxn_stop_risksched085to09_lr1e4_entropy005_s4_c1_rnetol_d256_depth3_p20,seed052,52,654,65400,100,16,100.23084966214444,107.81733995100126,100.21718458426359,False,max_epochs,2935.944748401642
rl4crn_rne_oscillator_trace_8rxn_stop_risksched085to09_lr1e4_entropy005_s4_c1_rnetol_d256_depth3_p20,seed052,52,655,65500,100,16,100.45008398748391,105.32727260982782,100.21718458426359,False,max_epochs,2940.8446867465973
rl4crn_rne_oscillator_trace_8rxn_stop_risksched085to09_lr1e4_entropy005_s4_c1_rnetol_d256_depth3_p20,seed052,52,656,65600,100,16,100.57061591766623,104.2520439442847,100.21718458426359,False,max_epochs,2945.664496898651
rl4crn_rne_oscillator_trace_8rxn_stop_risksched085to09_lr1e4_entropy005_s4_c1_rnetol_d256_depth3_p20,seed052,52,657,65700,100,16,100.2642944718974,104.8308868707756,100.21718458426359,False,max_epochs,2950.754036426544
rl4crn_rne_oscillator_trace_8rxn_stop_risksched085to09_lr1e4_entropy005_s4_c1_rnetol_d256_depth3_p20,seed052,52,658,65800,100,16,100.3753663648795,104.22651226664664,100.21718458426359,False,max_epochs,2955.269245147705
rl4crn_rne_oscillator_trace_8rxn_stop_risksched085to09_lr1e4_entropy005_s4_c1_rnetol_d256_depth3_p20,seed052,52,659,65900,100,16,100.36764425383399,103.50175054643317,100.21718458426359,False,max_epochs,2958.906257867813
rl4crn_rne_oscillator_trace_8rxn_stop_risksched085to09_lr1e4_entropy005_s4_c1_rnetol_d256_depth3_p20,seed052,52,660,66000,100,16,100.29479835422696,103.9865486302971,100.21718458426359,False,max_epochs,2961.7529458999634
rl4crn_rne_oscillator_trace_8rxn_stop_risksched085to09_lr1e4_entropy005_s4_c1_rnetol_d256_depth3_p20,seed052,52,661,66100,100,16,100.34604058369217,104.20748950563922,100.21718458426359,False,max_epochs,2967.044177532196
rl4crn_rne_oscillator_trace_8rxn_stop_risksched085to09_lr1e4_entropy005_s4_c1_rnetol_d256_depth3_p20,seed052,52,662,66200,100,16,100.19597659013816,103.94861969904485,100.19597659013816,False,max_epochs,2971.9273579120636
rl4crn_rne_oscillator_trace_8rxn_stop_risksched085to09_lr1e4_entropy005_s4_c1_rnetol_d256_depth3_p20,seed052,52,663,66300,100,16,100.27851597438622,104.2931119636755,100.19597659013816,False,max_epochs,2976.8389801979065
rl4crn_rne_oscillator_trace_8rxn_stop_risksched085to09_lr1e4_entropy005_s4_c1_rnetol_d256_depth3_p20,seed052,52,664,66400,100,16,100.23012106829928,103.89508201319416,100.19597659013816,False,max_epochs,2982.0031106472015
rl4crn_rne_oscillator_trace_8rxn_stop_risksched085to09_lr1e4_entropy005_s4_c1_rnetol_d256_depth3_p20,seed052,52,665,66500,100,16,100.35812125014532,103.0347512423308,100.19597659013816,False,max_epochs,2987.3416607379913
rl4crn_rne_oscillator_trace_8rxn_stop_risksched085to09_lr1e4_entropy005_s4_c1_rnetol_d256_depth3_p20,seed052,52,666,66600,100,16,100.24780548249419,103.21259136397109,100.19597659013816,False,max_epochs,2992.22536277771
rl4crn_rne_oscillator_trace_8rxn_stop_risksched085to09_lr1e4_entropy005_s4_c1_rnetol_d256_depth3_p20,seed052,52,667,66700,100,16,100.1785847536505,102.62401650370668,100.1785847536505,False,max_epochs,2997.0390343666077
rl4crn_rne_oscillator_trace_8rxn_stop_risksched085to09_lr1e4_entropy005_s4_c1_rnetol_d256_depth3_p20,seed052,52,668,66800,100,16,100.16132804218874,102.09559849653024,100.16132804218874,False,max_epochs,3001.628287792206
rl4crn_rne_oscillator_trace_8rxn_stop_risksched085to09_lr1e4_entropy005_s4_c1_rnetol_d256_depth3_p20,seed052,52,669,66900,100,16,100.34840569582418,102.51343407001272,100.16132804218874,False,max_epochs,3006.9610934257507
rl4crn_rne_oscillator_trace_8rxn_stop_risksched085to09_lr1e4_entropy005_s4_c1_rnetol_d256_depth3_p20,seed052,52,670,67000,100,16,100.26629137271163,102.16211510585788,100.16132804218874,False,max_epochs,3011.51002573967
rl4crn_rne_oscillator_trace_8rxn_stop_risksched085to09_lr1e4_entropy005_s4_c1_rnetol_d256_depth3_p20,seed052,52,671,67100,100,16,100.36196792911952,101.99206877399689,100.16132804218874,False,max_epochs,3016.1079115867615
rl4crn_rne_oscillator_trace_8rxn_stop_risksched085to09_lr1e4_entropy005_s4_c1_rnetol_d256_depth3_p20,seed052,52,672,67200,100,16,100.43555749466493,103.18894422387828,100.16132804218874,False,max_epochs,3020.7062487602234
rl4crn_rne_oscillator_trace_8rxn_stop_risksched085to09_lr1e4_entropy005_s4_c1_rnetol_d256_depth3_p20,seed052,52,673,67300,100,16,100.30477734987466,104.84480512949801,100.16132804218874,False,max_epochs,3022.990828037262
rl4crn_rne_oscillator_trace_8rxn_stop_risksched085to09_lr1e4_entropy005_s4_c1_rnetol_d256_depth3_p20,seed052,52,674,67400,100,16,100.37675937335433,102.90914856967069,100.16132804218874,False,max_epochs,3027.467645406723
rl4crn_rne_oscillator_trace_8rxn_stop_risksched085to09_lr1e4_entropy005_s4_c1_rnetol_d256_depth3_p20,seed052,52,675,67500,100,16,100.48166969369986,102.502141338131,100.16132804218874,False,max_epochs,3032.429005384445
rl4crn_rne_oscillator_trace_8rxn_stop_risksched085to09_lr1e4_entropy005_s4_c1_rnetol_d256_depth3_p20,seed052,52,676,67600,100,16,100.45254710190153,102.43330466812279,100.16132804218874,False,max_epochs,3037.2421140670776
rl4crn_rne_oscillator_trace_8rxn_stop_risksched085to09_lr1e4_entropy005_s4_c1_rnetol_d256_depth3_p20,seed052,52,677,67700,100,16,100.37876995476657,102.74757522384482,100.16132804218874,False,max_epochs,3042.68004322052
rl4crn_rne_oscillator_trace_8rxn_stop_risksched085to09_lr1e4_entropy005_s4_c1_rnetol_d256_depth3_p20,seed052,52,678,67800,100,16,100.3234063620093,102.37913408980688,100.16132804218874,False,max_epochs,3047.600077390671
rl4crn_rne_oscillator_trace_8rxn_stop_risksched085to09_lr1e4_entropy005_s4_c1_rnetol_d256_depth3_p20,seed052,52,679,67900,100,16,100.38135199756448,104.63403206617063,100.16132804218874,False,max_epochs,3052.554361343384
rl4crn_rne_oscillator_trace_8rxn_stop_risksched085to09_lr1e4_entropy005_s4_c1_rnetol_d256_depth3_p20,seed052,52,680,68000,100,16,100.44214589921248,102.62968260092995,100.16132804218874,False,max_epochs,3057.3955624103546
rl4crn_rne_oscillator_trace_8rxn_stop_risksched085to09_lr1e4_entropy005_s4_c1_rnetol_d256_depth3_p20,seed052,52,681,68100,100,16,100.4843703201748,103.30415276055471,100.16132804218874,False,max_epochs,3062.356127977371
rl4crn_rne_oscillator_trace_8rxn_stop_risksched085to09_lr1e4_entropy005_s4_c1_rnetol_d256_depth3_p20,seed052,52,682,68200,100,16,100.4097448703464,102.36822188497305,100.16132804218874,False,max_epochs,3066.9153096675873
rl4crn_rne_oscillator_trace_8rxn_stop_risksched085to09_lr1e4_entropy005_s4_c1_rnetol_d256_depth3_p20,seed052,52,683,68300,100,16,100.31869437872993,102.4995221825956,100.16132804218874,False,max_epochs,3069.407458305359
rl4crn_rne_oscillator_trace_8rxn_stop_risksched085to09_lr1e4_entropy005_s4_c1_rnetol_d256_depth3_p20,seed052,52,684,68400,100,16,100.33191263778288,102.82885381606827,100.16132804218874,False,max_epochs,3073.3212888240814
rl4crn_rne_oscillator_trace_8rxn_stop_risksched085to09_lr1e4_entropy005_s4_c1_rnetol_d256_depth3_p20,seed052,52,685,68500,100,16,100.25563378547437,102.92790758868392,100.16132804218874,False,max_epochs,3078.833835363388
rl4crn_rne_oscillator_trace_8rxn_stop_risksched085to09_lr1e4_entropy005_s4_c1_rnetol_d256_depth3_p20,seed052,52,686,68600,100,16,100.41214545335416,103.5400814705196,100.16132804218874,False,max_epochs,3083.6418969631195
rl4crn_rne_oscillator_trace_8rxn_stop_risksched085to09_lr1e4_entropy005_s4_c1_rnetol_d256_depth3_p20,seed052,52,687,68700,100,16,100.19331001492603,103.17310883191736,100.16132804218874,False,max_epochs,3088.4105825424194
rl4crn_rne_oscillator_trace_8rxn_stop_risksched085to09_lr1e4_entropy005_s4_c1_rnetol_d256_depth3_p20,seed052,52,688,68800,100,16,100.34810310651112,103.04302193942561,100.16132804218874,False,max_epochs,3093.1963753700256
rl4crn_rne_oscillator_trace_8rxn_stop_risksched085to09_lr1e4_entropy005_s4_c1_rnetol_d256_depth3_p20,seed052,52,689,68900,100,16,100.67845031045957,104.85887478847687,100.16132804218874,False,max_epochs,3098.2115993499756
rl4crn_rne_oscillator_trace_8rxn_stop_risksched085to09_lr1e4_entropy005_s4_c1_rnetol_d256_depth3_p20,seed052,52,690,69000,100,16,100.42313372967999,102.44633239794008,100.16132804218874,False,max_epochs,3102.7579028606415
rl4crn_rne_oscillator_trace_8rxn_stop_risksched085to09_lr1e4_entropy005_s4_c1_rnetol_d256_depth3_p20,seed052,52,691,69100,100,16,100.38417759017308,103.51617310652844,100.16132804218874,False,max_epochs,3107.0565700531006
rl4crn_rne_oscillator_trace_8rxn_stop_risksched085to09_lr1e4_entropy005_s4_c1_rnetol_d256_depth3_p20,seed052,52,692,69200,100,16,100.36033970898325,102.61021888410158,100.16132804218874,False,max_epochs,3109.537771463394
rl4crn_rne_oscillator_trace_8rxn_stop_risksched085to09_lr1e4_entropy005_s4_c1_rnetol_d256_depth3_p20,seed052,52,693,69300,100,16,100.43929739775419,102.76892013931965,100.16132804218874,False,max_epochs,3114.1639864444733
rl4crn_rne_oscillator_trace_8rxn_stop_risksched085to09_lr1e4_entropy005_s4_c1_rnetol_d256_depth3_p20,seed052,52,694,69400,100,16,100.20423449317387,103.76585120702518,100.16132804218874,False,max_epochs,3119.138689517975
rl4crn_rne_oscillator_trace_8rxn_stop_risksched085to09_lr1e4_entropy005_s4_c1_rnetol_d256_depth3_p20,seed052,52,695,69500,100,16,100.22266152470617,103.61528518282509,100.16132804218874,False,max_epochs,3124.2115681171417
rl4crn_rne_oscillator_trace_8rxn_stop_risksched085to09_lr1e4_entropy005_s4_c1_rnetol_d256_depth3_p20,seed052,52,696,69600,100,16,100.33083858309409,103.59008669923813,100.16132804218874,False,max_epochs,3129.3405063152313
rl4crn_rne_oscillator_trace_8rxn_stop_risksched085to09_lr1e4_entropy005_s4_c1_rnetol_d256_depth3_p20,seed052,52,697,69700,100,16,100.19750822294952,103.0006156989053,100.16132804218874,False,max_epochs,3134.461662530899
rl4crn_rne_oscillator_trace_8rxn_stop_risksched085to09_lr1e4_entropy005_s4_c1_rnetol_d256_depth3_p20,seed052,52,698,69800,100,16,100.25652789603716,102.57334838570816,100.16132804218874,False,max_epochs,3139.0790362358093
rl4crn_rne_oscillator_trace_8rxn_stop_risksched085to09_lr1e4_entropy005_s4_c1_rnetol_d256_depth3_p20,seed052,52,699,69900,100,16,100.34615639839608,103.15069395504963,100.16132804218874,False,max_epochs,3143.9242782592773
rl4crn_rne_oscillator_trace_8rxn_stop_risksched085to09_lr1e4_entropy005_s4_c1_rnetol_d256_depth3_p20,seed052,52,700,70000,100,16,100.41184774581235,103.4205195012402,100.16132804218874,False,max_epochs,3148.7725772857666
rl4crn_rne_oscillator_trace_8rxn_stop_risksched085to09_lr1e4_entropy005_s4_c1_rnetol_d256_depth3_p20,seed052,52,701,70100,100,16,100.33271624660964,103.14415450472893,100.16132804218874,False,max_epochs,3154.045838832855
rl4crn_rne_oscillator_trace_8rxn_stop_risksched085to09_lr1e4_entropy005_s4_c1_rnetol_d256_depth3_p20,seed052,52,702,70200,100,16,100.26274157210119,103.12369005521865,100.16132804218874,False,max_epochs,3158.549373149872
rl4crn_rne_oscillator_trace_8rxn_stop_risksched085to09_lr1e4_entropy005_s4_c1_rnetol_d256_depth3_p20,seed052,52,703,70300,100,16,100.77182837957302,105.19295863869624,100.16132804218874,False,max_epochs,3162.9358632564545
rl4crn_rne_oscillator_trace_8rxn_stop_risksched085to09_lr1e4_entropy005_s4_c1_rnetol_d256_depth3_p20,seed052,52,704,70400,100,16,100.63833205827997,111.43218784301953,100.16132804218874,False,max_epochs,3165.2418842315674
rl4crn_rne_oscillator_trace_8rxn_stop_risksched085to09_lr1e4_entropy005_s4_c1_rnetol_d256_depth3_p20,seed052,52,705,70500,100,16,100.3991948090412,102.6164055208624,100.16132804218874,False,max_epochs,3170.077977657318
rl4crn_rne_oscillator_trace_8rxn_stop_risksched085to09_lr1e4_entropy005_s4_c1_rnetol_d256_depth3_p20,seed052,52,706,70600,100,16,100.41265949435676,102.6392464908198,100.16132804218874,False,max_epochs,3174.6878249645233
rl4crn_rne_oscillator_trace_8rxn_stop_risksched085to09_lr1e4_entropy005_s4_c1_rnetol_d256_depth3_p20,seed052,52,707,70700,100,16,100.49874914277069,103.0803426883398,100.16132804218874,False,max_epochs,3179.448071241379
rl4crn_rne_oscillator_trace_8rxn_stop_risksched085to09_lr1e4_entropy005_s4_c1_rnetol_d256_depth3_p20,seed052,52,708,70800,100,16,100.30569180555285,103.2423215665324,100.16132804218874,False,max_epochs,3184.2121856212616
rl4crn_rne_oscillator_trace_8rxn_stop_risksched085to09_lr1e4_entropy005_s4_c1_rnetol_d256_depth3_p20,seed052,52,709,70900,100,16,100.38691780254807,104.0692610728841,100.16132804218874,False,max_epochs,3188.651968240738
rl4crn_rne_oscillator_trace_8rxn_stop_risksched085to09_lr1e4_entropy005_s4_c1_rnetol_d256_depth3_p20,seed052,52,710,71000,100,16,100.37740731429228,104.6579347593586,100.16132804218874,False,max_epochs,3190.620083808899
rl4crn_rne_oscillator_trace_8rxn_stop_risksched085to09_lr1e4_entropy005_s4_c1_rnetol_d256_depth3_p20,seed052,52,711,71100,100,16,100.36983730063578,103.94685495136767,100.16132804218874,False,max_epochs,3195.524910926819
rl4crn_rne_oscillator_trace_8rxn_stop_risksched085to09_lr1e4_entropy005_s4_c1_rnetol_d256_depth3_p20,seed052,52,712,71200,100,16,100.28899759112137,104.09204111220984,100.16132804218874,False,max_epochs,3200.4378101825714
rl4crn_rne_oscillator_trace_8rxn_stop_risksched085to09_lr1e4_entropy005_s4_c1_rnetol_d256_depth3_p20,seed052,52,713,71300,100,16,100.31694351848428,102.72861973510842,100.16132804218874,False,max_epochs,3205.741994380951
rl4crn_rne_oscillator_trace_8rxn_stop_risksched085to09_lr1e4_entropy005_s4_c1_rnetol_d256_depth3_p20,seed052,52,714,71400,100,16,100.47799181842169,103.43964467368622,100.16132804218874,False,max_epochs,3210.617921590805
rl4crn_rne_oscillator_trace_8rxn_stop_risksched085to09_lr1e4_entropy005_s4_c1_rnetol_d256_depth3_p20,seed052,52,715,71500,100,16,100.3817238111811,102.82864717978563,100.16132804218874,False,max_epochs,3214.9336590766907
rl4crn_rne_oscillator_trace_8rxn_stop_risksched085to09_lr1e4_entropy005_s4_c1_rnetol_d256_depth3_p20,seed052,52,716,71600,100,16,100.31844590673263,103.29903997411176,100.16132804218874,False,max_epochs,3219.6394946575165
rl4crn_rne_oscillator_trace_8rxn_stop_risksched085to09_lr1e4_entropy005_s4_c1_rnetol_d256_depth3_p20,seed052,52,717,71700,100,16,100.26698188530106,103.0931224998528,100.16132804218874,False,max_epochs,3221.950926542282
rl4crn_rne_oscillator_trace_8rxn_stop_risksched085to09_lr1e4_entropy005_s4_c1_rnetol_d256_depth3_p20,seed052,52,718,71800,100,16,100.3385027006229,102.79351974345099,100.16132804218874,False,max_epochs,3226.090487241745
rl4crn_rne_oscillator_trace_8rxn_stop_risksched085to09_lr1e4_entropy005_s4_c1_rnetol_d256_depth3_p20,seed052,52,719,71900,100,16,100.29352158781006,102.84278834447133,100.16132804218874,False,max_epochs,3230.963490962982
rl4crn_rne_oscillator_trace_8rxn_stop_risksched085to09_lr1e4_entropy005_s4_c1_rnetol_d256_depth3_p20,seed052,52,720,72000,100,16,100.24815883323046,103.78680373825745,100.16132804218874,False,max_epochs,3235.571558713913
rl4crn_rne_oscillator_trace_8rxn_stop_risksched085to09_lr1e4_entropy005_s4_c1_rnetol_d256_depth3_p20,seed052,52,721,72100,100,16,100.31615488442115,103.03451803757378,100.16132804218874,False,max_epochs,3240.56201338768
rl4crn_rne_oscillator_trace_8rxn_stop_risksched085to09_lr1e4_entropy005_s4_c1_rnetol_d256_depth3_p20,seed052,52,722,72200,100,16,100.27855230117552,103.01008100057857,100.16132804218874,False,max_epochs,3244.7020206451416
rl4crn_rne_oscillator_trace_8rxn_stop_risksched085to09_lr1e4_entropy005_s4_c1_rnetol_d256_depth3_p20,seed052,52,723,72300,100,16,100.18651553653584,103.17714903411876,100.16132804218874,False,max_epochs,3248.853415489197
rl4crn_rne_oscillator_trace_8rxn_stop_risksched085to09_lr1e4_entropy005_s4_c1_rnetol_d256_depth3_p20,seed052,52,724,72400,100,16,100.38409007392428,102.5632733553822,100.16132804218874,False,max_epochs,3251.8355345726013
rl4crn_rne_oscillator_trace_8rxn_stop_risksched085to09_lr1e4_entropy005_s4_c1_rnetol_d256_depth3_p20,seed052,52,725,72500,100,16,100.37513428273726,104.27150628927113,100.16132804218874,False,max_epochs,3255.992845058441
rl4crn_rne_oscillator_trace_8rxn_stop_risksched085to09_lr1e4_entropy005_s4_c1_rnetol_d256_depth3_p20,seed052,52,726,72600,100,16,100.48881812560879,103.77058024007184,100.16132804218874,False,max_epochs,3260.863350391388
rl4crn_rne_oscillator_trace_8rxn_stop_risksched085to09_lr1e4_entropy005_s4_c1_rnetol_d256_depth3_p20,seed052,52,727,72700,100,16,100.21817894845137,102.71944853470413,100.16132804218874,False,max_epochs,3265.6471552848816
rl4crn_rne_oscillator_trace_8rxn_stop_risksched085to09_lr1e4_entropy005_s4_c1_rnetol_d256_depth3_p20,seed052,52,728,72800,100,16,100.35232757662185,103.66269694858963,100.16132804218874,False,max_epochs,3270.399648666382
rl4crn_rne_oscillator_trace_8rxn_stop_risksched085to09_lr1e4_entropy005_s4_c1_rnetol_d256_depth3_p20,seed052,52,729,72900,100,16,100.21465351128832,102.65557834286906,100.16132804218874,False,max_epochs,3275.19833612442
rl4crn_rne_oscillator_trace_8rxn_stop_risksched085to09_lr1e4_entropy005_s4_c1_rnetol_d256_depth3_p20,seed052,52,730,73000,100,16,100.29817695704847,102.805679327421,100.16132804218874,False,max_epochs,3279.726029396057
rl4crn_rne_oscillator_trace_8rxn_stop_risksched085to09_lr1e4_entropy005_s4_c1_rnetol_d256_depth3_p20,seed052,52,731,73100,100,16,100.4698433789672,107.61540940588529,100.16132804218874,False,max_epochs,3281.76437664032
rl4crn_rne_oscillator_trace_8rxn_stop_risksched085to09_lr1e4_entropy005_s4_c1_rnetol_d256_depth3_p20,seed052,52,732,73200,100,16,100.3479890934803,102.96606079474064,100.16132804218874,False,max_epochs,3286.2832856178284
rl4crn_rne_oscillator_trace_8rxn_stop_risksched085to09_lr1e4_entropy005_s4_c1_rnetol_d256_depth3_p20,seed052,52,733,73300,100,16,100.31354800077209,103.84878125803648,100.16132804218874,False,max_epochs,3291.681252479553
rl4crn_rne_oscillator_trace_8rxn_stop_risksched085to09_lr1e4_entropy005_s4_c1_rnetol_d256_depth3_p20,seed052,52,734,73400,100,16,100.33524591895772,102.3003798786668,100.16132804218874,False,max_epochs,3296.4516677856445
rl4crn_rne_oscillator_trace_8rxn_stop_risksched085to09_lr1e4_entropy005_s4_c1_rnetol_d256_depth3_p20,seed052,52,735,73500,100,16,100.29136017956765,102.82238665351427,100.16132804218874,False,max_epochs,3301.2789068222046
rl4crn_rne_oscillator_trace_8rxn_stop_risksched085to09_lr1e4_entropy005_s4_c1_rnetol_d256_depth3_p20,seed052,52,736,73600,100,16,100.26773966053621,104.69604325904552,100.16132804218874,False,max_epochs,3305.9418523311615
rl4crn_rne_oscillator_trace_8rxn_stop_risksched085to09_lr1e4_entropy005_s4_c1_rnetol_d256_depth3_p20,seed052,52,737,73700,100,16,100.25936290982787,103.20977716909886,100.16132804218874,False,max_epochs,3310.697284221649
rl4crn_rne_oscillator_trace_8rxn_stop_risksched085to09_lr1e4_entropy005_s4_c1_rnetol_d256_depth3_p20,seed052,52,738,73800,100,16,100.45161899849424,104.29574988299993,100.16132804218874,False,max_epochs,3314.3202769756317
rl4crn_rne_oscillator_trace_8rxn_stop_risksched085to09_lr1e4_entropy005_s4_c1_rnetol_d256_depth3_p20,seed052,52,739,73900,100,16,100.66720192664928,107.07321848502094,100.16132804218874,False,max_epochs,3317.1916468143463
rl4crn_rne_oscillator_trace_8rxn_stop_risksched085to09_lr1e4_entropy005_s4_c1_rnetol_d256_depth3_p20,seed052,52,740,74000,100,16,100.36334922593704,107.44373670064495,100.16132804218874,False,max_epochs,3322.1870794296265
rl4crn_rne_oscillator_trace_8rxn_stop_risksched085to09_lr1e4_entropy005_s4_c1_rnetol_d256_depth3_p20,seed052,52,741,74100,100,16,101.44476748063406,107.80339319330324,100.16132804218874,False,max_epochs,3327.6073048114777
rl4crn_rne_oscillator_trace_8rxn_stop_risksched085to09_lr1e4_entropy005_s4_c1_rnetol_d256_depth3_p20,seed052,52,742,74200,100,16,100.69851663224732,107.61299294576793,100.16132804218874,False,max_epochs,3332.4776344299316
rl4crn_rne_oscillator_trace_8rxn_stop_risksched085to09_lr1e4_entropy005_s4_c1_rnetol_d256_depth3_p20,seed052,52,743,74300,100,16,100.64010903862686,105.36970008285098,100.16132804218874,False,max_epochs,3337.628207206726
rl4crn_rne_oscillator_trace_8rxn_stop_risksched085to09_lr1e4_entropy005_s4_c1_rnetol_d256_depth3_p20,seed052,52,744,74400,100,16,100.18437380013515,102.71015955720634,100.16132804218874,False,max_epochs,3342.4171550273895
rl4crn_rne_oscillator_trace_8rxn_stop_risksched085to09_lr1e4_entropy005_s4_c1_rnetol_d256_depth3_p20,seed052,52,745,74500,100,16,100.21342456803173,103.6657059407754,100.16132804218874,False,max_epochs,3348.020152568817
rl4crn_rne_oscillator_trace_8rxn_stop_risksched085to09_lr1e4_entropy005_s4_c1_rnetol_d256_depth3_p20,seed052,52,746,74600,100,16,100.43329053609325,103.22464392706675,100.16132804218874,False,max_epochs,3352.857012987137
rl4crn_rne_oscillator_trace_8rxn_stop_risksched085to09_lr1e4_entropy005_s4_c1_rnetol_d256_depth3_p20,seed052,52,747,74700,100,16,100.4089061574501,103.4383223479408,100.16132804218874,False,max_epochs,3357.953864336014
rl4crn_rne_oscillator_trace_8rxn_stop_risksched085to09_lr1e4_entropy005_s4_c1_rnetol_d256_depth3_p20,seed052,52,748,74800,100,16,100.29203133294828,103.30551864044116,100.16132804218874,False,max_epochs,3363.190192461014
rl4crn_rne_oscillator_trace_8rxn_stop_risksched085to09_lr1e4_entropy005_s4_c1_rnetol_d256_depth3_p20,seed052,52,749,74900,100,16,100.37000068796017,103.0045550490807,100.16132804218874,False,max_epochs,3368.4885609149933
rl4crn_rne_oscillator_trace_8rxn_stop_risksched085to09_lr1e4_entropy005_s4_c1_rnetol_d256_depth3_p20,seed052,52,750,75000,100,16,100.48339974258744,103.10352847010031,100.16132804218874,False,max_epochs,3373.3106739521027
rl4crn_rne_oscillator_trace_8rxn_stop_risksched085to09_lr1e4_entropy005_s4_c1_rnetol_d256_depth3_p20,seed052,52,751,75100,100,16,100.26899792655921,103.17731127957919,100.16132804218874,False,max_epochs,3378.481318950653
rl4crn_rne_oscillator_trace_8rxn_stop_risksched085to09_lr1e4_entropy005_s4_c1_rnetol_d256_depth3_p20,seed052,52,752,75200,100,16,100.18968019756295,102.61028144859357,100.16132804218874,False,max_epochs,3383.4323177337646
rl4crn_rne_oscillator_trace_8rxn_stop_risksched085to09_lr1e4_entropy005_s4_c1_rnetol_d256_depth3_p20,seed052,52,753,75300,100,16,100.2344588244761,103.04758123188657,100.16132804218874,False,max_epochs,3388.8894050121307
rl4crn_rne_oscillator_trace_8rxn_stop_risksched085to09_lr1e4_entropy005_s4_c1_rnetol_d256_depth3_p20,seed052,52,754,75400,100,16,100.3707212868455,103.8191610699316,100.16132804218874,False,max_epochs,3393.8370752334595
rl4crn_rne_oscillator_trace_8rxn_stop_risksched085to09_lr1e4_entropy005_s4_c1_rnetol_d256_depth3_p20,seed052,52,755,75500,100,16,100.31298610283314,103.18509659171491,100.16132804218874,False,max_epochs,3398.950180053711
rl4crn_rne_oscillator_trace_8rxn_stop_risksched085to09_lr1e4_entropy005_s4_c1_rnetol_d256_depth3_p20,seed052,52,756,75600,100,16,100.34168618462579,104.16591476063388,100.16132804218874,False,max_epochs,3403.8253750801086
rl4crn_rne_oscillator_trace_8rxn_stop_risksched085to09_lr1e4_entropy005_s4_c1_rnetol_d256_depth3_p20,seed052,52,757,75700,100,16,100.31406690330195,104.16226689179898,100.16132804218874,False,max_epochs,3409.192534685135
rl4crn_rne_oscillator_trace_8rxn_stop_risksched085to09_lr1e4_entropy005_s4_c1_rnetol_d256_depth3_p20,seed052,52,758,75800,100,16,100.39973820345907,103.83647276342204,100.16132804218874,False,max_epochs,3414.152594804764
rl4crn_rne_oscillator_trace_8rxn_stop_risksched085to09_lr1e4_entropy005_s4_c1_rnetol_d256_depth3_p20,seed052,52,759,75900,100,16,100.3363417697529,102.81192741011691,100.16132804218874,False,max_epochs,3418.7358870506287
rl4crn_rne_oscillator_trace_8rxn_stop_risksched085to09_lr1e4_entropy005_s4_c1_rnetol_d256_depth3_p20,seed052,52,760,76000,100,16,100.27201713515458,103.56745827849198,100.16132804218874,False,max_epochs,3423.3285944461823
rl4crn_rne_oscillator_trace_8rxn_stop_risksched085to09_lr1e4_entropy005_s4_c1_rnetol_d256_depth3_p20,seed052,52,761,76100,100,16,100.31680266579733,102.80692946544325,100.16132804218874,False,max_epochs,3427.4803647994995
rl4crn_rne_oscillator_trace_8rxn_stop_risksched085to09_lr1e4_entropy005_s4_c1_rnetol_d256_depth3_p20,seed052,52,762,76200,100,16,100.36333535815,103.56607030597283,100.16132804218874,False,max_epochs,3429.551765203476
rl4crn_rne_oscillator_trace_8rxn_stop_risksched085to09_lr1e4_entropy005_s4_c1_rnetol_d256_depth3_p20,seed052,52,763,76300,100,16,100.3263524503739,103.55531522206869,100.16132804218874,False,max_epochs,3434.635577917099
rl4crn_rne_oscillator_trace_8rxn_stop_risksched085to09_lr1e4_entropy005_s4_c1_rnetol_d256_depth3_p20,seed052,52,764,76400,100,16,100.16677608578668,103.61265463142135,100.16132804218874,False,max_epochs,3439.2160918712616
rl4crn_rne_oscillator_trace_8rxn_stop_risksched085to09_lr1e4_entropy005_s4_c1_rnetol_d256_depth3_p20,seed052,52,765,76500,100,16,100.28908442801209,104.08212501733944,100.16132804218874,False,max_epochs,3444.4976291656494
rl4crn_rne_oscillator_trace_8rxn_stop_risksched085to09_lr1e4_entropy005_s4_c1_rnetol_d256_depth3_p20,seed052,52,766,76600,100,16,100.26053564181679,103.70734127856797,100.16132804218874,False,max_epochs,3449.477777481079
rl4crn_rne_oscillator_trace_8rxn_stop_risksched085to09_lr1e4_entropy005_s4_c1_rnetol_d256_depth3_p20,seed052,52,767,76700,100,16,100.22277857868511,106.10238554537142,100.16132804218874,False,max_epochs,3454.1872766017914
rl4crn_rne_oscillator_trace_8rxn_stop_risksched085to09_lr1e4_entropy005_s4_c1_rnetol_d256_depth3_p20,seed052,52,768,76800,100,16,100.34722160501367,103.93013498141153,100.16132804218874,False,max_epochs,3458.8051335811615
rl4crn_rne_oscillator_trace_8rxn_stop_risksched085to09_lr1e4_entropy005_s4_c1_rnetol_d256_depth3_p20,seed052,52,769,76900,100,16,100.24656181866573,104.31609621669264,100.16132804218874,False,max_epochs,3463.337020635605
rl4crn_rne_oscillator_trace_8rxn_stop_risksched085to09_lr1e4_entropy005_s4_c1_rnetol_d256_depth3_p20,seed052,52,770,77000,100,16,100.30498192492497,103.50909321791679,100.16132804218874,False,max_epochs,3465.3689846992493
rl4crn_rne_oscillator_trace_8rxn_stop_risksched085to09_lr1e4_entropy005_s4_c1_rnetol_d256_depth3_p20,seed052,52,771,77100,100,16,100.22902710030021,103.01309575625415,100.16132804218874,False,max_epochs,3469.8730251789093
rl4crn_rne_oscillator_trace_8rxn_stop_risksched085to09_lr1e4_entropy005_s4_c1_rnetol_d256_depth3_p20,seed052,52,772,77200,100,16,100.31652998758621,103.03197732061821,100.16132804218874,False,max_epochs,3474.56232714653
rl4crn_rne_oscillator_trace_8rxn_stop_risksched085to09_lr1e4_entropy005_s4_c1_rnetol_d256_depth3_p20,seed052,52,773,77300,100,16,100.27940740056569,104.08855191209224,100.16132804218874,False,max_epochs,3479.2805726528168
rl4crn_rne_oscillator_trace_8rxn_stop_risksched085to09_lr1e4_entropy005_s4_c1_rnetol_d256_depth3_p20,seed052,52,774,77400,100,16,100.39780313979104,103.52978028006095,100.16132804218874,False,max_epochs,3483.993113040924
rl4crn_rne_oscillator_trace_8rxn_stop_risksched085to09_lr1e4_entropy005_s4_c1_rnetol_d256_depth3_p20,seed052,52,775,77500,100,16,100.39618517726467,103.72244937815466,100.16132804218874,False,max_epochs,3488.294329881668
rl4crn_rne_oscillator_trace_8rxn_stop_risksched085to09_lr1e4_entropy005_s4_c1_rnetol_d256_depth3_p20,seed052,52,776,77600,100,16,100.23433119440267,103.4799838282486,100.16132804218874,False,max_epochs,3492.7170655727386
rl4crn_rne_oscillator_trace_8rxn_stop_risksched085to09_lr1e4_entropy005_s4_c1_rnetol_d256_depth3_p20,seed052,52,777,77700,100,16,100.26686821420543,102.69244831400704,100.16132804218874,False,max_epochs,3495.425055503845
rl4crn_rne_oscillator_trace_8rxn_stop_risksched085to09_lr1e4_entropy005_s4_c1_rnetol_d256_depth3_p20,seed052,52,778,77800,100,16,100.25400933856776,103.61123768705299,100.16132804218874,False,max_epochs,3499.841991662979
rl4crn_rne_oscillator_trace_8rxn_stop_risksched085to09_lr1e4_entropy005_s4_c1_rnetol_d256_depth3_p20,seed052,52,779,77900,100,16,100.48025292744462,103.0093381371628,100.16132804218874,False,max_epochs,3504.3779911994934
rl4crn_rne_oscillator_trace_8rxn_stop_risksched085to09_lr1e4_entropy005_s4_c1_rnetol_d256_depth3_p20,seed052,52,780,78000,100,16,100.27989015263567,104.05586502319166,100.16132804218874,False,max_epochs,3509.2607259750366
rl4crn_rne_oscillator_trace_8rxn_stop_risksched085to09_lr1e4_entropy005_s4_c1_rnetol_d256_depth3_p20,seed052,52,781,78100,100,16,100.28461808458201,102.21876326694672,100.16132804218874,False,max_epochs,3513.9738829135895
rl4crn_rne_oscillator_trace_8rxn_stop_risksched085to09_lr1e4_entropy005_s4_c1_rnetol_d256_depth3_p20,seed052,52,782,78200,100,16,100.2747033018055,102.16241613753948,100.16132804218874,False,max_epochs,3518.360426902771
rl4crn_rne_oscillator_trace_8rxn_stop_risksched085to09_lr1e4_entropy005_s4_c1_rnetol_d256_depth3_p20,seed052,52,783,78300,100,16,100.23491467643545,102.09416932317305,100.16132804218874,False,max_epochs,3520.4015192985535
rl4crn_rne_oscillator_trace_8rxn_stop_risksched085to09_lr1e4_entropy005_s4_c1_rnetol_d256_depth3_p20,seed052,52,784,78400,100,16,100.27991325528492,102.40127773175624,100.16132804218874,False,max_epochs,3525.3176407814026
rl4crn_rne_oscillator_trace_8rxn_stop_risksched085to09_lr1e4_entropy005_s4_c1_rnetol_d256_depth3_p20,seed052,52,785,78500,100,16,100.24761974780121,102.31374337999102,100.16132804218874,False,max_epochs,3530.358261346817
rl4crn_rne_oscillator_trace_8rxn_stop_risksched085to09_lr1e4_entropy005_s4_c1_rnetol_d256_depth3_p20,seed052,52,786,78600,100,16,100.27406259572334,101.92960585313394,100.16132804218874,False,max_epochs,3535.4773576259613
rl4crn_rne_oscillator_trace_8rxn_stop_risksched085to09_lr1e4_entropy005_s4_c1_rnetol_d256_depth3_p20,seed052,52,787,78700,100,16,100.2536457819689,101.20094713985232,100.16132804218874,False,max_epochs,3540.040521621704
rl4crn_rne_oscillator_trace_8rxn_stop_risksched085to09_lr1e4_entropy005_s4_c1_rnetol_d256_depth3_p20,seed052,52,788,78800,100,16,100.24933060481905,102.42650026260915,100.16132804218874,False,max_epochs,3544.5382919311523
rl4crn_rne_oscillator_trace_8rxn_stop_risksched085to09_lr1e4_entropy005_s4_c1_rnetol_d256_depth3_p20,seed052,52,789,78900,100,16,100.18430210848457,101.97013340931666,100.16132804218874,False,max_epochs,3549.136518239975
rl4crn_rne_oscillator_trace_8rxn_stop_risksched085to09_lr1e4_entropy005_s4_c1_rnetol_d256_depth3_p20,seed052,52,790,79000,100,16,100.30832667184377,101.56862577021482,100.16132804218874,False,max_epochs,3551.200582265854
rl4crn_rne_oscillator_trace_8rxn_stop_risksched085to09_lr1e4_entropy005_s4_c1_rnetol_d256_depth3_p20,seed052,52,791,79100,100,16,100.35132177219803,101.97748935483675,100.16132804218874,False,max_epochs,3555.800061225891
rl4crn_rne_oscillator_trace_8rxn_stop_risksched085to09_lr1e4_entropy005_s4_c1_rnetol_d256_depth3_p20,seed052,52,792,79200,100,16,100.37497625373665,101.86234689127824,100.16132804218874,False,max_epochs,3560.6955790519714
rl4crn_rne_oscillator_trace_8rxn_stop_risksched085to09_lr1e4_entropy005_s4_c1_rnetol_d256_depth3_p20,seed052,52,793,79300,100,16,100.44973399035389,102.5705261287981,100.16132804218874,False,max_epochs,3565.7609899044037
rl4crn_rne_oscillator_trace_8rxn_stop_risksched085to09_lr1e4_entropy005_s4_c1_rnetol_d256_depth3_p20,seed052,52,794,79400,100,16,100.3074571656509,102.59510362638596,100.16132804218874,False,max_epochs,3570.386787176132
rl4crn_rne_oscillator_trace_8rxn_stop_risksched085to09_lr1e4_entropy005_s4_c1_rnetol_d256_depth3_p20,seed052,52,795,79500,100,16,100.2354516676375,101.81073175073166,100.16132804218874,False,max_epochs,3575.0704271793365
rl4crn_rne_oscillator_trace_8rxn_stop_risksched085to09_lr1e4_entropy005_s4_c1_rnetol_d256_depth3_p20,seed052,52,796,79600,100,16,100.18276143735689,101.24303365900894,100.16132804218874,False,max_epochs,3579.748165845871
rl4crn_rne_oscillator_trace_8rxn_stop_risksched085to09_lr1e4_entropy005_s4_c1_rnetol_d256_depth3_p20,seed052,52,797,79700,100,16,100.3317883741509,102.36645930044807,100.16132804218874,False,max_epochs,3584.43909740448
rl4crn_rne_oscillator_trace_8rxn_stop_risksched085to09_lr1e4_entropy005_s4_c1_rnetol_d256_depth3_p20,seed052,52,798,79800,100,16,100.27140207092594,102.39369628382798,100.16132804218874,False,max_epochs,3588.6516988277435
rl4crn_rne_oscillator_trace_8rxn_stop_risksched085to09_lr1e4_entropy005_s4_c1_rnetol_d256_depth3_p20,seed052,52,799,79900,100,16,100.31490604804617,102.5346076417625,100.16132804218874,False,max_epochs,3590.845792531967
rl4crn_rne_oscillator_trace_8rxn_stop_risksched085to09_lr1e4_entropy005_s4_c1_rnetol_d256_depth3_p20,seed052,52,800,80000,100,16,100.29666135809074,101.8600317958132,100.16132804218874,False,max_epochs,3595.7579703330994
rl4crn_rne_oscillator_trace_8rxn_stop_risksched085to09_lr1e4_entropy005_s4_c1_rnetol_d256_depth3_p20,seed052,52,801,80100,100,16,100.35732603657333,102.42667563599896,100.16132804218874,False,max_epochs,3601.1206469535828
