method,run_id,seed,epoch,candidate_evaluations,batch_size,n_cpus,epoch_best_loss,epoch_median_loss,saved_best_loss,success,stop_reason,elapsed_seconds
rl4crn_rne_oscillator_trace_8rxn_stop_risksched085to09_lr1e4_entropy005_s4_c1_rnetol_d256_depth3_p20,seed373,373,1,100,100,16,124.42895838959707,132.27218629034485,124.42895838959707,False,max_epochs,8.973856449127197
rl4crn_rne_oscillator_trace_8rxn_stop_risksched085to09_lr1e4_entropy005_s4_c1_rnetol_d256_depth3_p20,seed373,373,2,200,100,16,124.14898454851085,131.70219107789222,124.14898454851085,False,max_epochs,13.220807552337646
rl4crn_rne_oscillator_trace_8rxn_stop_risksched085to09_lr1e4_entropy005_s4_c1_rnetol_d256_depth3_p20,seed373,373,3,300,100,16,124.13530145691621,131.88695409542584,124.13530145691621,False,max_epochs,18.50162935256958
rl4crn_rne_oscillator_trace_8rxn_stop_risksched085to09_lr1e4_entropy005_s4_c1_rnetol_d256_depth3_p20,seed373,373,4,400,100,16,124.64785923365265,130.35999891932818,124.13530145691621,False,max_epochs,23.81860637664795
rl4crn_rne_oscillator_trace_8rxn_stop_risksched085to09_lr1e4_entropy005_s4_c1_rnetol_d256_depth3_p20,seed373,373,5,500,100,16,124.1217112823151,130.6918440239342,124.1217112823151,False,max_epochs,29.243642568588257
rl4crn_rne_oscillator_trace_8rxn_stop_risksched085to09_lr1e4_entropy005_s4_c1_rnetol_d256_depth3_p20,seed373,373,6,600,100,16,123.87906062608755,131.1038897993747,123.87906062608755,False,max_epochs,34.32628536224365
rl4crn_rne_oscillator_trace_8rxn_stop_risksched085to09_lr1e4_entropy005_s4_c1_rnetol_d256_depth3_p20,seed373,373,7,700,100,16,123.86904419285256,130.20321137292558,123.86904419285256,False,max_epochs,38.73798608779907
rl4crn_rne_oscillator_trace_8rxn_stop_risksched085to09_lr1e4_entropy005_s4_c1_rnetol_d256_depth3_p20,seed373,373,8,800,100,16,123.6987666700901,132.5916312620862,123.6987666700901,False,max_epochs,40.9859721660614
rl4crn_rne_oscillator_trace_8rxn_stop_risksched085to09_lr1e4_entropy005_s4_c1_rnetol_d256_depth3_p20,seed373,373,9,900,100,16,125.0,130.7580388802055,123.6987666700901,False,max_epochs,46.71874976158142
rl4crn_rne_oscillator_trace_8rxn_stop_risksched085to09_lr1e4_entropy005_s4_c1_rnetol_d256_depth3_p20,seed373,373,10,1000,100,16,123.4586726895483,129.82187944195817,123.4586726895483,False,max_epochs,52.233006715774536
rl4crn_rne_oscillator_trace_8rxn_stop_risksched085to09_lr1e4_entropy005_s4_c1_rnetol_d256_depth3_p20,seed373,373,11,1100,100,16,123.6088096848966,130.4099783462524,123.4586726895483,False,max_epochs,58.08912539482117
rl4crn_rne_oscillator_trace_8rxn_stop_risksched085to09_lr1e4_entropy005_s4_c1_rnetol_d256_depth3_p20,seed373,373,12,1200,100,16,124.84257085509046,131.31502478197228,123.4586726895483,False,max_epochs,63.39626598358154
rl4crn_rne_oscillator_trace_8rxn_stop_risksched085to09_lr1e4_entropy005_s4_c1_rnetol_d256_depth3_p20,seed373,373,13,1300,100,16,122.85706345035558,130.0241841276769,122.85706345035558,False,max_epochs,68.47841548919678
rl4crn_rne_oscillator_trace_8rxn_stop_risksched085to09_lr1e4_entropy005_s4_c1_rnetol_d256_depth3_p20,seed373,373,14,1400,100,16,125.0,131.07432199845056,122.85706345035558,False,max_epochs,73.61719298362732
rl4crn_rne_oscillator_trace_8rxn_stop_risksched085to09_lr1e4_entropy005_s4_c1_rnetol_d256_depth3_p20,seed373,373,15,1500,100,16,123.24861807356993,130.83741208825063,122.85706345035558,False,max_epochs,78.75101041793823
rl4crn_rne_oscillator_trace_8rxn_stop_risksched085to09_lr1e4_entropy005_s4_c1_rnetol_d256_depth3_p20,seed373,373,16,1600,100,16,124.56964562998553,130.15288494147728,122.85706345035558,False,max_epochs,81.08185362815857
rl4crn_rne_oscillator_trace_8rxn_stop_risksched085to09_lr1e4_entropy005_s4_c1_rnetol_d256_depth3_p20,seed373,373,17,1700,100,16,123.98310884556616,130.92869896048703,122.85706345035558,False,max_epochs,86.56032824516296
rl4crn_rne_oscillator_trace_8rxn_stop_risksched085to09_lr1e4_entropy005_s4_c1_rnetol_d256_depth3_p20,seed373,373,18,1800,100,16,124.57647440457308,130.8281778172498,122.85706345035558,False,max_epochs,91.83891487121582
rl4crn_rne_oscillator_trace_8rxn_stop_risksched085to09_lr1e4_entropy005_s4_c1_rnetol_d256_depth3_p20,seed373,373,19,1900,100,16,123.87635227281388,130.15629565394588,122.85706345035558,False,max_epochs,97.82460880279541
rl4crn_rne_oscillator_trace_8rxn_stop_risksched085to09_lr1e4_entropy005_s4_c1_rnetol_d256_depth3_p20,seed373,373,20,2000,100,16,124.63447857569594,131.07348964093364,122.85706345035558,False,max_epochs,102.86547780036926
rl4crn_rne_oscillator_trace_8rxn_stop_risksched085to09_lr1e4_entropy005_s4_c1_rnetol_d256_depth3_p20,seed373,373,21,2100,100,16,121.96343584092067,129.0,121.96343584092067,False,max_epochs,108.75126242637634
rl4crn_rne_oscillator_trace_8rxn_stop_risksched085to09_lr1e4_entropy005_s4_c1_rnetol_d256_depth3_p20,seed373,373,22,2200,100,16,123.98585740021583,130.65372400136886,121.96343584092067,False,max_epochs,114.31698369979858
rl4crn_rne_oscillator_trace_8rxn_stop_risksched085to09_lr1e4_entropy005_s4_c1_rnetol_d256_depth3_p20,seed373,373,23,2300,100,16,121.90980304490745,128.97760595870443,121.90980304490745,False,max_epochs,119.4257287979126
rl4crn_rne_oscillator_trace_8rxn_stop_risksched085to09_lr1e4_entropy005_s4_c1_rnetol_d256_depth3_p20,seed373,373,24,2400,100,16,123.6145718741376,128.01118921052932,121.90980304490745,False,max_epochs,124.73341822624207
rl4crn_rne_oscillator_trace_8rxn_stop_risksched085to09_lr1e4_entropy005_s4_c1_rnetol_d256_depth3_p20,seed373,373,25,2500,100,16,123.17613048328637,127.06513284255843,121.90980304490745,False,max_epochs,129.2322165966034
rl4crn_rne_oscillator_trace_8rxn_stop_risksched085to09_lr1e4_entropy005_s4_c1_rnetol_d256_depth3_p20,seed373,373,26,2600,100,16,122.6332131996806,128.71636124073572,121.90980304490745,False,max_epochs,131.60136938095093
rl4crn_rne_oscillator_trace_8rxn_stop_risksched085to09_lr1e4_entropy005_s4_c1_rnetol_d256_depth3_p20,seed373,373,27,2700,100,16,123.16481879491391,127.53104880017827,121.90980304490745,False,max_epochs,137.1156520843506
rl4crn_rne_oscillator_trace_8rxn_stop_risksched085to09_lr1e4_entropy005_s4_c1_rnetol_d256_depth3_p20,seed373,373,28,2800,100,16,121.70768278345548,127.40806606967845,121.70768278345548,False,max_epochs,142.61004209518433
rl4crn_rne_oscillator_trace_8rxn_stop_risksched085to09_lr1e4_entropy005_s4_c1_rnetol_d256_depth3_p20,seed373,373,29,2900,100,16,121.94721400381077,127.82977371044733,121.70768278345548,False,max_epochs,148.745698928833
rl4crn_rne_oscillator_trace_8rxn_stop_risksched085to09_lr1e4_entropy005_s4_c1_rnetol_d256_depth3_p20,seed373,373,30,3000,100,16,122.19303580456406,126.64200029837585,121.70768278345548,False,max_epochs,154.2779040336609
rl4crn_rne_oscillator_trace_8rxn_stop_risksched085to09_lr1e4_entropy005_s4_c1_rnetol_d256_depth3_p20,seed373,373,31,3100,100,16,121.91242487277029,126.73219316696424,121.70768278345548,False,max_epochs,160.21943640708923
rl4crn_rne_oscillator_trace_8rxn_stop_risksched085to09_lr1e4_entropy005_s4_c1_rnetol_d256_depth3_p20,seed373,373,32,3200,100,16,120.9796792328508,126.90999977946932,120.9796792328508,False,max_epochs,165.24367904663086
rl4crn_rne_oscillator_trace_8rxn_stop_risksched085to09_lr1e4_entropy005_s4_c1_rnetol_d256_depth3_p20,seed373,373,33,3300,100,16,122.95939873677177,126.69646907139023,120.9796792328508,False,max_epochs,171.32468461990356
rl4crn_rne_oscillator_trace_8rxn_stop_risksched085to09_lr1e4_entropy005_s4_c1_rnetol_d256_depth3_p20,seed373,373,34,3400,100,16,122.83762860149014,126.56132556606141,120.9796792328508,False,max_epochs,177.04949951171875
rl4crn_rne_oscillator_trace_8rxn_stop_risksched085to09_lr1e4_entropy005_s4_c1_rnetol_d256_depth3_p20,seed373,373,35,3500,100,16,120.89102736957939,126.22245880344364,120.89102736957939,False,max_epochs,183.263503074646
rl4crn_rne_oscillator_trace_8rxn_stop_risksched085to09_lr1e4_entropy005_s4_c1_rnetol_d256_depth3_p20,seed373,373,36,3600,100,16,121.66060024533438,126.10387160352197,120.89102736957939,False,max_epochs,189.00710725784302
rl4crn_rne_oscillator_trace_8rxn_stop_risksched085to09_lr1e4_entropy005_s4_c1_rnetol_d256_depth3_p20,seed373,373,37,3700,100,16,121.43937029302701,126.08920769841772,120.89102736957939,False,max_epochs,194.69980716705322
rl4crn_rne_oscillator_trace_8rxn_stop_risksched085to09_lr1e4_entropy005_s4_c1_rnetol_d256_depth3_p20,seed373,373,38,3800,100,16,121.6727749671529,125.72195435329039,120.89102736957939,False,max_epochs,200.38358759880066
rl4crn_rne_oscillator_trace_8rxn_stop_risksched085to09_lr1e4_entropy005_s4_c1_rnetol_d256_depth3_p20,seed373,373,39,3900,100,16,121.52538771833514,125.75985123586017,120.89102736957939,False,max_epochs,206.0927619934082
rl4crn_rne_oscillator_trace_8rxn_stop_risksched085to09_lr1e4_entropy005_s4_c1_rnetol_d256_depth3_p20,seed373,373,40,4000,100,16,121.1706247562475,125.52602909303391,120.89102736957939,False,max_epochs,211.7390856742859
rl4crn_rne_oscillator_trace_8rxn_stop_risksched085to09_lr1e4_entropy005_s4_c1_rnetol_d256_depth3_p20,seed373,373,41,4100,100,16,121.18818575521928,125.38897291425262,120.89102736957939,False,max_epochs,217.19471406936646
rl4crn_rne_oscillator_trace_8rxn_stop_risksched085to09_lr1e4_entropy005_s4_c1_rnetol_d256_depth3_p20,seed373,373,42,4200,100,16,120.85431790384267,125.49023790826604,120.85431790384267,False,max_epochs,222.53242897987366
rl4crn_rne_oscillator_trace_8rxn_stop_risksched085to09_lr1e4_entropy005_s4_c1_rnetol_d256_depth3_p20,seed373,373,43,4300,100,16,121.11041769545007,124.6793838564599,120.85431790384267,False,max_epochs,227.1236674785614
rl4crn_rne_oscillator_trace_8rxn_stop_risksched085to09_lr1e4_entropy005_s4_c1_rnetol_d256_depth3_p20,seed373,373,44,4400,100,16,120.87655514061042,126.60907888427485,120.85431790384267,False,max_epochs,229.61043119430542
rl4crn_rne_oscillator_trace_8rxn_stop_risksched085to09_lr1e4_entropy005_s4_c1_rnetol_d256_depth3_p20,seed373,373,45,4500,100,16,120.91001751734652,131.0094310754302,120.85431790384267,False,max_epochs,234.64066529273987
rl4crn_rne_oscillator_trace_8rxn_stop_risksched085to09_lr1e4_entropy005_s4_c1_rnetol_d256_depth3_p20,seed373,373,46,4600,100,16,120.61416360061158,131.52939613922723,120.61416360061158,False,max_epochs,240.39273262023926
rl4crn_rne_oscillator_trace_8rxn_stop_risksched085to09_lr1e4_entropy005_s4_c1_rnetol_d256_depth3_p20,seed373,373,47,4700,100,16,120.88902863620305,130.95265786840343,120.61416360061158,False,max_epochs,246.44121670722961
rl4crn_rne_oscillator_trace_8rxn_stop_risksched085to09_lr1e4_entropy005_s4_c1_rnetol_d256_depth3_p20,seed373,373,48,4800,100,16,120.51872764318638,130.6152805129667,120.51872764318638,False,max_epochs,252.01133227348328
rl4crn_rne_oscillator_trace_8rxn_stop_risksched085to09_lr1e4_entropy005_s4_c1_rnetol_d256_depth3_p20,seed373,373,49,4900,100,16,120.49602662968252,127.09610531029679,120.49602662968252,False,max_epochs,257.62273240089417
rl4crn_rne_oscillator_trace_8rxn_stop_risksched085to09_lr1e4_entropy005_s4_c1_rnetol_d256_depth3_p20,seed373,373,50,5000,100,16,120.4836394472606,131.57678689588448,120.4836394472606,False,max_epochs,263.0055558681488
rl4crn_rne_oscillator_trace_8rxn_stop_risksched085to09_lr1e4_entropy005_s4_c1_rnetol_d256_depth3_p20,seed373,373,51,5100,100,16,120.47021743184865,131.2691926487189,120.47021743184865,False,max_epochs,268.8785173892975
rl4crn_rne_oscillator_trace_8rxn_stop_risksched085to09_lr1e4_entropy005_s4_c1_rnetol_d256_depth3_p20,seed373,373,52,5200,100,16,120.45914124736463,132.58313953342036,120.45914124736463,False,max_epochs,274.5961811542511
rl4crn_rne_oscillator_trace_8rxn_stop_risksched085to09_lr1e4_entropy005_s4_c1_rnetol_d256_depth3_p20,seed373,373,53,5300,100,16,120.62801797262127,132.72833146662458,120.45914124736463,False,max_epochs,280.6108956336975
rl4crn_rne_oscillator_trace_8rxn_stop_risksched085to09_lr1e4_entropy005_s4_c1_rnetol_d256_depth3_p20,seed373,373,54,5400,100,16,120.61128892558524,132.91565282703357,120.45914124736463,False,max_epochs,285.93588876724243
rl4crn_rne_oscillator_trace_8rxn_stop_risksched085to09_lr1e4_entropy005_s4_c1_rnetol_d256_depth3_p20,seed373,373,55,5500,100,16,120.57712679182532,131.6738694282407,120.45914124736463,False,max_epochs,291.55999183654785
rl4crn_rne_oscillator_trace_8rxn_stop_risksched085to09_lr1e4_entropy005_s4_c1_rnetol_d256_depth3_p20,seed373,373,56,5600,100,16,120.60522000147584,129.07965002963425,120.45914124736463,False,max_epochs,297.0422661304474
rl4crn_rne_oscillator_trace_8rxn_stop_risksched085to09_lr1e4_entropy005_s4_c1_rnetol_d256_depth3_p20,seed373,373,57,5700,100,16,120.57135924224593,126.23705235319309,120.45914124736463,False,max_epochs,303.0761339664459
rl4crn_rne_oscillator_trace_8rxn_stop_risksched085to09_lr1e4_entropy005_s4_c1_rnetol_d256_depth3_p20,seed373,373,58,5800,100,16,120.42387820018821,124.16619526664883,120.42387820018821,False,max_epochs,308.7356834411621
rl4crn_rne_oscillator_trace_8rxn_stop_risksched085to09_lr1e4_entropy005_s4_c1_rnetol_d256_depth3_p20,seed373,373,59,5900,100,16,120.53410432451253,123.65440789462487,120.42387820018821,False,max_epochs,314.67849111557007
rl4crn_rne_oscillator_trace_8rxn_stop_risksched085to09_lr1e4_entropy005_s4_c1_rnetol_d256_depth3_p20,seed373,373,60,6000,100,16,120.24511521008293,123.4394122120056,120.24511521008293,False,max_epochs,319.9569501876831
rl4crn_rne_oscillator_trace_8rxn_stop_risksched085to09_lr1e4_entropy005_s4_c1_rnetol_d256_depth3_p20,seed373,373,61,6100,100,16,120.32903047735601,122.91020978752843,120.24511521008293,False,max_epochs,325.4443483352661
rl4crn_rne_oscillator_trace_8rxn_stop_risksched085to09_lr1e4_entropy005_s4_c1_rnetol_d256_depth3_p20,seed373,373,62,6200,100,16,120.54983370027973,123.86303649595712,120.24511521008293,False,max_epochs,331.1076183319092
rl4crn_rne_oscillator_trace_8rxn_stop_risksched085to09_lr1e4_entropy005_s4_c1_rnetol_d256_depth3_p20,seed373,373,63,6300,100,16,120.28991467110203,123.2933952436004,120.24511521008293,False,max_epochs,337.2205138206482
rl4crn_rne_oscillator_trace_8rxn_stop_risksched085to09_lr1e4_entropy005_s4_c1_rnetol_d256_depth3_p20,seed373,373,64,6400,100,16,120.22918563018791,123.41145567134845,120.22918563018791,False,max_epochs,342.8399796485901
rl4crn_rne_oscillator_trace_8rxn_stop_risksched085to09_lr1e4_entropy005_s4_c1_rnetol_d256_depth3_p20,seed373,373,65,6500,100,16,120.34468880803458,123.42832171122305,120.22918563018791,False,max_epochs,348.81313252449036
rl4crn_rne_oscillator_trace_8rxn_stop_risksched085to09_lr1e4_entropy005_s4_c1_rnetol_d256_depth3_p20,seed373,373,66,6600,100,16,120.48912471387003,123.21742201187985,120.22918563018791,False,max_epochs,353.8145184516907
rl4crn_rne_oscillator_trace_8rxn_stop_risksched085to09_lr1e4_entropy005_s4_c1_rnetol_d256_depth3_p20,seed373,373,67,6700,100,16,119.41788205148701,122.68245670257818,119.41788205148701,False,max_epochs,359.81555223464966
rl4crn_rne_oscillator_trace_8rxn_stop_risksched085to09_lr1e4_entropy005_s4_c1_rnetol_d256_depth3_p20,seed373,373,68,6800,100,16,120.42020262930224,125.40607623316697,119.41788205148701,False,max_epochs,365.4710211753845
rl4crn_rne_oscillator_trace_8rxn_stop_risksched085to09_lr1e4_entropy005_s4_c1_rnetol_d256_depth3_p20,seed373,373,69,6900,100,16,119.91893204149054,123.31074532446816,119.41788205148701,False,max_epochs,371.36545062065125
rl4crn_rne_oscillator_trace_8rxn_stop_risksched085to09_lr1e4_entropy005_s4_c1_rnetol_d256_depth3_p20,seed373,373,70,7000,100,16,120.47312897518907,124.26929834119892,119.41788205148701,False,max_epochs,376.9846088886261
rl4crn_rne_oscillator_trace_8rxn_stop_risksched085to09_lr1e4_entropy005_s4_c1_rnetol_d256_depth3_p20,seed373,373,71,7100,100,16,120.34656985436735,125.39947361398241,119.41788205148701,False,max_epochs,381.91691756248474
rl4crn_rne_oscillator_trace_8rxn_stop_risksched085to09_lr1e4_entropy005_s4_c1_rnetol_d256_depth3_p20,seed373,373,72,7200,100,16,120.13785549015395,123.71885979110496,119.41788205148701,False,max_epochs,386.99880862236023
rl4crn_rne_oscillator_trace_8rxn_stop_risksched085to09_lr1e4_entropy005_s4_c1_rnetol_d256_depth3_p20,seed373,373,73,7300,100,16,120.04957523018348,123.50780996328734,119.41788205148701,False,max_epochs,392.1641511917114
rl4crn_rne_oscillator_trace_8rxn_stop_risksched085to09_lr1e4_entropy005_s4_c1_rnetol_d256_depth3_p20,seed373,373,74,7400,100,16,119.35897476349454,126.9037265351241,119.35897476349454,False,max_epochs,396.5785713195801
rl4crn_rne_oscillator_trace_8rxn_stop_risksched085to09_lr1e4_entropy005_s4_c1_rnetol_d256_depth3_p20,seed373,373,75,7500,100,16,119.48745866385006,123.62427018119247,119.35897476349454,False,max_epochs,399.8753938674927
rl4crn_rne_oscillator_trace_8rxn_stop_risksched085to09_lr1e4_entropy005_s4_c1_rnetol_d256_depth3_p20,seed373,373,76,7600,100,16,120.1969395968252,122.60352403440278,119.35897476349454,False,max_epochs,405.34438729286194
rl4crn_rne_oscillator_trace_8rxn_stop_risksched085to09_lr1e4_entropy005_s4_c1_rnetol_d256_depth3_p20,seed373,373,77,7700,100,16,120.26165532001005,123.24668917177146,119.35897476349454,False,max_epochs,411.19573402404785
rl4crn_rne_oscillator_trace_8rxn_stop_risksched085to09_lr1e4_entropy005_s4_c1_rnetol_d256_depth3_p20,seed373,373,78,7800,100,16,119.25225592705752,125.24188508807782,119.25225592705752,False,max_epochs,416.18563079833984
rl4crn_rne_oscillator_trace_8rxn_stop_risksched085to09_lr1e4_entropy005_s4_c1_rnetol_d256_depth3_p20,seed373,373,79,7900,100,16,119.52870381492504,124.32009662925972,119.25225592705752,False,max_epochs,421.87722516059875
rl4crn_rne_oscillator_trace_8rxn_stop_risksched085to09_lr1e4_entropy005_s4_c1_rnetol_d256_depth3_p20,seed373,373,80,8000,100,16,116.71385933190167,124.21423972454699,116.71385933190167,False,max_epochs,427.09729409217834
rl4crn_rne_oscillator_trace_8rxn_stop_risksched085to09_lr1e4_entropy005_s4_c1_rnetol_d256_depth3_p20,seed373,373,81,8100,100,16,120.21001008962864,123.86226548840304,116.71385933190167,False,max_epochs,432.351304769516
rl4crn_rne_oscillator_trace_8rxn_stop_risksched085to09_lr1e4_entropy005_s4_c1_rnetol_d256_depth3_p20,seed373,373,82,8200,100,16,119.7780265002508,125.90398724177408,116.71385933190167,False,max_epochs,437.62749338150024
rl4crn_rne_oscillator_trace_8rxn_stop_risksched085to09_lr1e4_entropy005_s4_c1_rnetol_d256_depth3_p20,seed373,373,83,8300,100,16,119.7976375493297,123.65830166963144,116.71385933190167,False,max_epochs,440.07751989364624
rl4crn_rne_oscillator_trace_8rxn_stop_risksched085to09_lr1e4_entropy005_s4_c1_rnetol_d256_depth3_p20,seed373,373,84,8400,100,16,119.74894540262842,126.86631753527261,116.71385933190167,False,max_epochs,445.04908990859985
rl4crn_rne_oscillator_trace_8rxn_stop_risksched085to09_lr1e4_entropy005_s4_c1_rnetol_d256_depth3_p20,seed373,373,85,8500,100,16,119.70649421738291,126.40279058966183,116.71385933190167,False,max_epochs,450.453191280365
rl4crn_rne_oscillator_trace_8rxn_stop_risksched085to09_lr1e4_entropy005_s4_c1_rnetol_d256_depth3_p20,seed373,373,86,8600,100,16,118.80304484301489,126.46782275794149,116.71385933190167,False,max_epochs,456.33312702178955
rl4crn_rne_oscillator_trace_8rxn_stop_risksched085to09_lr1e4_entropy005_s4_c1_rnetol_d256_depth3_p20,seed373,373,87,8700,100,16,119.50294176801133,124.1431442835457,116.71385933190167,False,max_epochs,461.72519040107727
rl4crn_rne_oscillator_trace_8rxn_stop_risksched085to09_lr1e4_entropy005_s4_c1_rnetol_d256_depth3_p20,seed373,373,88,8800,100,16,120.20447008224542,125.33393566500749,116.71385933190167,False,max_epochs,466.8996584415436
rl4crn_rne_oscillator_trace_8rxn_stop_risksched085to09_lr1e4_entropy005_s4_c1_rnetol_d256_depth3_p20,seed373,373,89,8900,100,16,120.02548389206657,126.83258206920027,116.71385933190167,False,max_epochs,472.1841130256653
rl4crn_rne_oscillator_trace_8rxn_stop_risksched085to09_lr1e4_entropy005_s4_c1_rnetol_d256_depth3_p20,seed373,373,90,9000,100,16,120.2722306375085,125.95568444679274,116.71385933190167,False,max_epochs,474.5025269985199
rl4crn_rne_oscillator_trace_8rxn_stop_risksched085to09_lr1e4_entropy005_s4_c1_rnetol_d256_depth3_p20,seed373,373,91,9100,100,16,118.4670294076186,128.98660591945986,116.71385933190167,False,max_epochs,479.074031829834
rl4crn_rne_oscillator_trace_8rxn_stop_risksched085to09_lr1e4_entropy005_s4_c1_rnetol_d256_depth3_p20,seed373,373,92,9200,100,16,118.61456015206713,124.28245091160531,116.71385933190167,False,max_epochs,485.1400306224823
rl4crn_rne_oscillator_trace_8rxn_stop_risksched085to09_lr1e4_entropy005_s4_c1_rnetol_d256_depth3_p20,seed373,373,93,9300,100,16,119.9019598155738,127.15260864393917,116.71385933190167,False,max_epochs,490.6246213912964
rl4crn_rne_oscillator_trace_8rxn_stop_risksched085to09_lr1e4_entropy005_s4_c1_rnetol_d256_depth3_p20,seed373,373,94,9400,100,16,119.90992089057343,126.3821248384503,116.71385933190167,False,max_epochs,496.27813363075256
rl4crn_rne_oscillator_trace_8rxn_stop_risksched085to09_lr1e4_entropy005_s4_c1_rnetol_d256_depth3_p20,seed373,373,95,9500,100,16,119.251156807173,125.37343287050962,116.71385933190167,False,max_epochs,501.84272599220276
rl4crn_rne_oscillator_trace_8rxn_stop_risksched085to09_lr1e4_entropy005_s4_c1_rnetol_d256_depth3_p20,seed373,373,96,9600,100,16,120.26038341273018,124.65569408071742,116.71385933190167,False,max_epochs,506.6781704425812
rl4crn_rne_oscillator_trace_8rxn_stop_risksched085to09_lr1e4_entropy005_s4_c1_rnetol_d256_depth3_p20,seed373,373,97,9700,100,16,119.24257283008322,124.11238363836523,116.71385933190167,False,max_epochs,511.8378949165344
rl4crn_rne_oscillator_trace_8rxn_stop_risksched085to09_lr1e4_entropy005_s4_c1_rnetol_d256_depth3_p20,seed373,373,98,9800,100,16,119.68702469290362,124.05266070710205,116.71385933190167,False,max_epochs,514.3260052204132
rl4crn_rne_oscillator_trace_8rxn_stop_risksched085to09_lr1e4_entropy005_s4_c1_rnetol_d256_depth3_p20,seed373,373,99,9900,100,16,119.04791016208911,123.80046433638046,116.71385933190167,False,max_epochs,519.4950850009918
rl4crn_rne_oscillator_trace_8rxn_stop_risksched085to09_lr1e4_entropy005_s4_c1_rnetol_d256_depth3_p20,seed373,373,100,10000,100,16,119.21716379930243,124.12664509692614,116.71385933190167,False,max_epochs,525.5594985485077
rl4crn_rne_oscillator_trace_8rxn_stop_risksched085to09_lr1e4_entropy005_s4_c1_rnetol_d256_depth3_p20,seed373,373,101,10100,100,16,119.26798642749982,124.38420059757789,116.71385933190167,False,max_epochs,530.8951451778412
rl4crn_rne_oscillator_trace_8rxn_stop_risksched085to09_lr1e4_entropy005_s4_c1_rnetol_d256_depth3_p20,seed373,373,102,10200,100,16,118.36610989174996,122.77701269526261,116.71385933190167,False,max_epochs,536.147228717804
rl4crn_rne_oscillator_trace_8rxn_stop_risksched085to09_lr1e4_entropy005_s4_c1_rnetol_d256_depth3_p20,seed373,373,103,10300,100,16,118.30199647047584,122.83756148623726,116.71385933190167,False,max_epochs,540.8935654163361
rl4crn_rne_oscillator_trace_8rxn_stop_risksched085to09_lr1e4_entropy005_s4_c1_rnetol_d256_depth3_p20,seed373,373,104,10400,100,16,120.0747655314051,124.1328502361631,116.71385933190167,False,max_epochs,546.0878350734711
rl4crn_rne_oscillator_trace_8rxn_stop_risksched085to09_lr1e4_entropy005_s4_c1_rnetol_d256_depth3_p20,seed373,373,105,10500,100,16,118.94532699868115,123.93596573647812,116.71385933190167,False,max_epochs,551.3432404994965
rl4crn_rne_oscillator_trace_8rxn_stop_risksched085to09_lr1e4_entropy005_s4_c1_rnetol_d256_depth3_p20,seed373,373,106,10600,100,16,118.97563322813122,123.54884368712463,116.71385933190167,False,max_epochs,553.6759326457977
rl4crn_rne_oscillator_trace_8rxn_stop_risksched085to09_lr1e4_entropy005_s4_c1_rnetol_d256_depth3_p20,seed373,373,107,10700,100,16,120.278767478007,123.50880163973511,116.71385933190167,False,max_epochs,558.8578498363495
rl4crn_rne_oscillator_trace_8rxn_stop_risksched085to09_lr1e4_entropy005_s4_c1_rnetol_d256_depth3_p20,seed373,373,108,10800,100,16,117.84969483138376,122.47641841975695,116.71385933190167,False,max_epochs,564.1769740581512
rl4crn_rne_oscillator_trace_8rxn_stop_risksched085to09_lr1e4_entropy005_s4_c1_rnetol_d256_depth3_p20,seed373,373,109,10900,100,16,118.50885789634295,122.56921238961787,116.71385933190167,False,max_epochs,569.5323123931885
rl4crn_rne_oscillator_trace_8rxn_stop_risksched085to09_lr1e4_entropy005_s4_c1_rnetol_d256_depth3_p20,seed373,373,110,11000,100,16,118.54408470017562,123.42932493681121,116.71385933190167,False,max_epochs,574.5612425804138
rl4crn_rne_oscillator_trace_8rxn_stop_risksched085to09_lr1e4_entropy005_s4_c1_rnetol_d256_depth3_p20,seed373,373,111,11100,100,16,120.27248532942156,122.07390126683906,116.71385933190167,False,max_epochs,579.8271157741547
rl4crn_rne_oscillator_trace_8rxn_stop_risksched085to09_lr1e4_entropy005_s4_c1_rnetol_d256_depth3_p20,seed373,373,112,11200,100,16,119.86745847431186,122.52889338044388,116.71385933190167,False,max_epochs,583.0886707305908
rl4crn_rne_oscillator_trace_8rxn_stop_risksched085to09_lr1e4_entropy005_s4_c1_rnetol_d256_depth3_p20,seed373,373,113,11300,100,16,119.64520191943785,123.62606261477953,116.71385933190167,False,max_epochs,587.4035034179688
rl4crn_rne_oscillator_trace_8rxn_stop_risksched085to09_lr1e4_entropy005_s4_c1_rnetol_d256_depth3_p20,seed373,373,114,11400,100,16,117.68432548585551,123.18840517966032,116.71385933190167,False,max_epochs,592.7735395431519
rl4crn_rne_oscillator_trace_8rxn_stop_risksched085to09_lr1e4_entropy005_s4_c1_rnetol_d256_depth3_p20,seed373,373,115,11500,100,16,119.28251245921032,123.63265999344594,116.71385933190167,False,max_epochs,598.5345435142517
rl4crn_rne_oscillator_trace_8rxn_stop_risksched085to09_lr1e4_entropy005_s4_c1_rnetol_d256_depth3_p20,seed373,373,116,11600,100,16,117.38358805418127,122.93359242488322,116.71385933190167,False,max_epochs,603.9115087985992
rl4crn_rne_oscillator_trace_8rxn_stop_risksched085to09_lr1e4_entropy005_s4_c1_rnetol_d256_depth3_p20,seed373,373,117,11700,100,16,118.93442451337495,122.57436034148559,116.71385933190167,False,max_epochs,609.9264676570892
rl4crn_rne_oscillator_trace_8rxn_stop_risksched085to09_lr1e4_entropy005_s4_c1_rnetol_d256_depth3_p20,seed373,373,118,11800,100,16,118.84281172028358,123.05473488915169,116.71385933190167,False,max_epochs,615.4414975643158
rl4crn_rne_oscillator_trace_8rxn_stop_risksched085to09_lr1e4_entropy005_s4_c1_rnetol_d256_depth3_p20,seed373,373,119,11900,100,16,118.61869297386225,123.24922799448231,116.71385933190167,False,max_epochs,620.9820947647095
rl4crn_rne_oscillator_trace_8rxn_stop_risksched085to09_lr1e4_entropy005_s4_c1_rnetol_d256_depth3_p20,seed373,373,120,12000,100,16,119.3252881556296,122.82549565057457,116.71385933190167,False,max_epochs,626.3042087554932
rl4crn_rne_oscillator_trace_8rxn_stop_risksched085to09_lr1e4_entropy005_s4_c1_rnetol_d256_depth3_p20,seed373,373,121,12100,100,16,118.54083427331452,123.11014117456915,116.71385933190167,False,max_epochs,631.4485874176025
rl4crn_rne_oscillator_trace_8rxn_stop_risksched085to09_lr1e4_entropy005_s4_c1_rnetol_d256_depth3_p20,seed373,373,122,12200,100,16,119.52292719365533,123.33564352169354,116.71385933190167,False,max_epochs,633.7402143478394
rl4crn_rne_oscillator_trace_8rxn_stop_risksched085to09_lr1e4_entropy005_s4_c1_rnetol_d256_depth3_p20,seed373,373,123,12300,100,16,116.97722367985425,122.78856222105526,116.71385933190167,False,max_epochs,638.6229176521301
rl4crn_rne_oscillator_trace_8rxn_stop_risksched085to09_lr1e4_entropy005_s4_c1_rnetol_d256_depth3_p20,seed373,373,124,12400,100,16,118.35544440208636,123.32028742501355,116.71385933190167,False,max_epochs,644.230386018753
rl4crn_rne_oscillator_trace_8rxn_stop_risksched085to09_lr1e4_entropy005_s4_c1_rnetol_d256_depth3_p20,seed373,373,125,12500,100,16,119.51542524088576,123.61790228056337,116.71385933190167,False,max_epochs,649.6865046024323
rl4crn_rne_oscillator_trace_8rxn_stop_risksched085to09_lr1e4_entropy005_s4_c1_rnetol_d256_depth3_p20,seed373,373,126,12600,100,16,117.55075777615517,123.6683061467734,116.71385933190167,False,max_epochs,655.0670955181122
rl4crn_rne_oscillator_trace_8rxn_stop_risksched085to09_lr1e4_entropy005_s4_c1_rnetol_d256_depth3_p20,seed373,373,127,12700,100,16,118.16451350705732,122.99400537021381,116.71385933190167,False,max_epochs,660.4121661186218
rl4crn_rne_oscillator_trace_8rxn_stop_risksched085to09_lr1e4_entropy005_s4_c1_rnetol_d256_depth3_p20,seed373,373,128,12800,100,16,119.2689369194499,123.15401228100998,116.71385933190167,False,max_epochs,664.9837055206299
rl4crn_rne_oscillator_trace_8rxn_stop_risksched085to09_lr1e4_entropy005_s4_c1_rnetol_d256_depth3_p20,seed373,373,129,12900,100,16,119.58357667353805,123.19495003517677,116.71385933190167,False,max_epochs,667.3875725269318
rl4crn_rne_oscillator_trace_8rxn_stop_risksched085to09_lr1e4_entropy005_s4_c1_rnetol_d256_depth3_p20,seed373,373,130,13000,100,16,119.12851770564518,122.94095466370912,116.71385933190167,False,max_epochs,672.7383248806
rl4crn_rne_oscillator_trace_8rxn_stop_risksched085to09_lr1e4_entropy005_s4_c1_rnetol_d256_depth3_p20,seed373,373,131,13100,100,16,119.73762438433114,124.07691008972375,116.71385933190167,False,max_epochs,678.3423044681549
rl4crn_rne_oscillator_trace_8rxn_stop_risksched085to09_lr1e4_entropy005_s4_c1_rnetol_d256_depth3_p20,seed373,373,132,13200,100,16,117.91053844746715,122.87183032681239,116.71385933190167,False,max_epochs,684.0074181556702
rl4crn_rne_oscillator_trace_8rxn_stop_risksched085to09_lr1e4_entropy005_s4_c1_rnetol_d256_depth3_p20,seed373,373,133,13300,100,16,118.02669033198814,122.97757070202195,116.71385933190167,False,max_epochs,689.3290643692017
rl4crn_rne_oscillator_trace_8rxn_stop_risksched085to09_lr1e4_entropy005_s4_c1_rnetol_d256_depth3_p20,seed373,373,134,13400,100,16,118.79870273579549,122.24323723003799,116.71385933190167,False,max_epochs,693.8934857845306
rl4crn_rne_oscillator_trace_8rxn_stop_risksched085to09_lr1e4_entropy005_s4_c1_rnetol_d256_depth3_p20,seed373,373,135,13500,100,16,117.15767438172512,122.28495390803303,116.71385933190167,False,max_epochs,698.5777819156647
rl4crn_rne_oscillator_trace_8rxn_stop_risksched085to09_lr1e4_entropy005_s4_c1_rnetol_d256_depth3_p20,seed373,373,136,13600,100,16,118.43793162648262,123.01744360786515,116.71385933190167,False,max_epochs,700.9553775787354
rl4crn_rne_oscillator_trace_8rxn_stop_risksched085to09_lr1e4_entropy005_s4_c1_rnetol_d256_depth3_p20,seed373,373,137,13700,100,16,118.00813853984933,122.5259786075388,116.71385933190167,False,max_epochs,706.2670011520386
rl4crn_rne_oscillator_trace_8rxn_stop_risksched085to09_lr1e4_entropy005_s4_c1_rnetol_d256_depth3_p20,seed373,373,138,13800,100,16,118.97172860661377,123.95173471195444,116.71385933190167,False,max_epochs,711.6656365394592
rl4crn_rne_oscillator_trace_8rxn_stop_risksched085to09_lr1e4_entropy005_s4_c1_rnetol_d256_depth3_p20,seed373,373,139,13900,100,16,118.77261467296991,122.23179389767783,116.71385933190167,False,max_epochs,717.0729584693909
rl4crn_rne_oscillator_trace_8rxn_stop_risksched085to09_lr1e4_entropy005_s4_c1_rnetol_d256_depth3_p20,seed373,373,140,14000,100,16,118.74530434191189,122.62183036087066,116.71385933190167,False,max_epochs,722.6278491020203
rl4crn_rne_oscillator_trace_8rxn_stop_risksched085to09_lr1e4_entropy005_s4_c1_rnetol_d256_depth3_p20,seed373,373,141,14100,100,16,114.94172657429142,122.24486793857265,114.94172657429142,False,max_epochs,727.5137431621552
rl4crn_rne_oscillator_trace_8rxn_stop_risksched085to09_lr1e4_entropy005_s4_c1_rnetol_d256_depth3_p20,seed373,373,142,14200,100,16,118.930429353155,122.53559749078642,114.94172657429142,False,max_epochs,732.8227663040161
rl4crn_rne_oscillator_trace_8rxn_stop_risksched085to09_lr1e4_entropy005_s4_c1_rnetol_d256_depth3_p20,seed373,373,143,14300,100,16,119.19434060632332,122.57768429845167,114.94172657429142,False,max_epochs,737.5083742141724
rl4crn_rne_oscillator_trace_8rxn_stop_risksched085to09_lr1e4_entropy005_s4_c1_rnetol_d256_depth3_p20,seed373,373,144,14400,100,16,117.82186796009424,122.87667727740666,114.94172657429142,False,max_epochs,740.1713829040527
rl4crn_rne_oscillator_trace_8rxn_stop_risksched085to09_lr1e4_entropy005_s4_c1_rnetol_d256_depth3_p20,seed373,373,145,14500,100,16,118.59184854958427,123.33622638910455,114.94172657429142,False,max_epochs,745.806803226471
rl4crn_rne_oscillator_trace_8rxn_stop_risksched085to09_lr1e4_entropy005_s4_c1_rnetol_d256_depth3_p20,seed373,373,146,14600,100,16,118.28145746400753,123.82447013731195,114.94172657429142,False,max_epochs,751.3982665538788
rl4crn_rne_oscillator_trace_8rxn_stop_risksched085to09_lr1e4_entropy005_s4_c1_rnetol_d256_depth3_p20,seed373,373,147,14700,100,16,118.86058219750088,123.23057723854973,114.94172657429142,False,max_epochs,756.5531611442566
rl4crn_rne_oscillator_trace_8rxn_stop_risksched085to09_lr1e4_entropy005_s4_c1_rnetol_d256_depth3_p20,seed373,373,148,14800,100,16,118.65785786652454,123.2190661806766,114.94172657429142,False,max_epochs,761.800858259201
rl4crn_rne_oscillator_trace_8rxn_stop_risksched085to09_lr1e4_entropy005_s4_c1_rnetol_d256_depth3_p20,seed373,373,149,14900,100,16,118.82787517185932,123.17134161118865,114.94172657429142,False,max_epochs,766.8441317081451
rl4crn_rne_oscillator_trace_8rxn_stop_risksched085to09_lr1e4_entropy005_s4_c1_rnetol_d256_depth3_p20,seed373,373,150,15000,100,16,118.7983098020324,122.61904327096983,114.94172657429142,False,max_epochs,769.3050196170807
rl4crn_rne_oscillator_trace_8rxn_stop_risksched085to09_lr1e4_entropy005_s4_c1_rnetol_d256_depth3_p20,seed373,373,151,15100,100,16,117.66623905970441,123.70983115658521,114.94172657429142,False,max_epochs,774.4746570587158
rl4crn_rne_oscillator_trace_8rxn_stop_risksched085to09_lr1e4_entropy005_s4_c1_rnetol_d256_depth3_p20,seed373,373,152,15200,100,16,119.08856811641432,122.58276793606643,114.94172657429142,False,max_epochs,780.0195317268372
rl4crn_rne_oscillator_trace_8rxn_stop_risksched085to09_lr1e4_entropy005_s4_c1_rnetol_d256_depth3_p20,seed373,373,153,15300,100,16,117.4232215472602,122.0133705614019,114.94172657429142,False,max_epochs,785.417943239212
rl4crn_rne_oscillator_trace_8rxn_stop_risksched085to09_lr1e4_entropy005_s4_c1_rnetol_d256_depth3_p20,seed373,373,154,15400,100,16,118.8981937681888,123.13849160925835,114.94172657429142,False,max_epochs,790.6140339374542
rl4crn_rne_oscillator_trace_8rxn_stop_risksched085to09_lr1e4_entropy005_s4_c1_rnetol_d256_depth3_p20,seed373,373,155,15500,100,16,115.99801356284458,122.06438727101349,114.94172657429142,False,max_epochs,795.5165705680847
rl4crn_rne_oscillator_trace_8rxn_stop_risksched085to09_lr1e4_entropy005_s4_c1_rnetol_d256_depth3_p20,seed373,373,156,15600,100,16,115.5912731101071,121.82434010483489,114.94172657429142,False,max_epochs,797.6189897060394
rl4crn_rne_oscillator_trace_8rxn_stop_risksched085to09_lr1e4_entropy005_s4_c1_rnetol_d256_depth3_p20,seed373,373,157,15700,100,16,119.4932011109469,121.73375464838139,114.94172657429142,False,max_epochs,802.5304627418518
rl4crn_rne_oscillator_trace_8rxn_stop_risksched085to09_lr1e4_entropy005_s4_c1_rnetol_d256_depth3_p20,seed373,373,158,15800,100,16,118.44144710388619,121.40330038135559,114.94172657429142,False,max_epochs,807.9056787490845
rl4crn_rne_oscillator_trace_8rxn_stop_risksched085to09_lr1e4_entropy005_s4_c1_rnetol_d256_depth3_p20,seed373,373,159,15900,100,16,118.45279676032423,121.79346536361211,114.94172657429142,False,max_epochs,813.2982091903687
rl4crn_rne_oscillator_trace_8rxn_stop_risksched085to09_lr1e4_entropy005_s4_c1_rnetol_d256_depth3_p20,seed373,373,160,16000,100,16,118.72213914498579,121.5677352058495,114.94172657429142,False,max_epochs,818.7148764133453
rl4crn_rne_oscillator_trace_8rxn_stop_risksched085to09_lr1e4_entropy005_s4_c1_rnetol_d256_depth3_p20,seed373,373,161,16100,100,16,117.15827862225473,121.78527423948304,114.94172657429142,False,max_epochs,823.7494747638702
rl4crn_rne_oscillator_trace_8rxn_stop_risksched085to09_lr1e4_entropy005_s4_c1_rnetol_d256_depth3_p20,seed373,373,162,16200,100,16,116.68748849334676,122.02505324956479,114.94172657429142,False,max_epochs,826.2548568248749
rl4crn_rne_oscillator_trace_8rxn_stop_risksched085to09_lr1e4_entropy005_s4_c1_rnetol_d256_depth3_p20,seed373,373,163,16300,100,16,115.49530221635958,122.26964054896476,114.94172657429142,False,max_epochs,830.8221838474274
rl4crn_rne_oscillator_trace_8rxn_stop_risksched085to09_lr1e4_entropy005_s4_c1_rnetol_d256_depth3_p20,seed373,373,164,16400,100,16,116.71935831632038,122.20706334105077,114.94172657429142,False,max_epochs,836.4512667655945
rl4crn_rne_oscillator_trace_8rxn_stop_risksched085to09_lr1e4_entropy005_s4_c1_rnetol_d256_depth3_p20,seed373,373,165,16500,100,16,118.60815308977361,122.19975709342515,114.94172657429142,False,max_epochs,842.1676633358002
rl4crn_rne_oscillator_trace_8rxn_stop_risksched085to09_lr1e4_entropy005_s4_c1_rnetol_d256_depth3_p20,seed373,373,166,16600,100,16,114.31735205144516,122.18513639972446,114.31735205144516,False,max_epochs,847.0591261386871
rl4crn_rne_oscillator_trace_8rxn_stop_risksched085to09_lr1e4_entropy005_s4_c1_rnetol_d256_depth3_p20,seed373,373,167,16700,100,16,117.02622028942386,121.47258238025825,114.31735205144516,False,max_epochs,852.326996088028
rl4crn_rne_oscillator_trace_8rxn_stop_risksched085to09_lr1e4_entropy005_s4_c1_rnetol_d256_depth3_p20,seed373,373,168,16800,100,16,117.11493851905311,121.66740486397393,114.31735205144516,False,max_epochs,854.7382218837738
rl4crn_rne_oscillator_trace_8rxn_stop_risksched085to09_lr1e4_entropy005_s4_c1_rnetol_d256_depth3_p20,seed373,373,169,16900,100,16,118.66498535448613,121.65351660964424,114.31735205144516,False,max_epochs,859.5258340835571
rl4crn_rne_oscillator_trace_8rxn_stop_risksched085to09_lr1e4_entropy005_s4_c1_rnetol_d256_depth3_p20,seed373,373,170,17000,100,16,117.8618014206693,121.96700093411313,114.31735205144516,False,max_epochs,865.1330721378326
rl4crn_rne_oscillator_trace_8rxn_stop_risksched085to09_lr1e4_entropy005_s4_c1_rnetol_d256_depth3_p20,seed373,373,171,17100,100,16,117.80708416767176,121.67829743826556,114.31735205144516,False,max_epochs,870.7021405696869
rl4crn_rne_oscillator_trace_8rxn_stop_risksched085to09_lr1e4_entropy005_s4_c1_rnetol_d256_depth3_p20,seed373,373,172,17200,100,16,116.8190379434549,121.98934459769892,114.31735205144516,False,max_epochs,876.1645224094391
rl4crn_rne_oscillator_trace_8rxn_stop_risksched085to09_lr1e4_entropy005_s4_c1_rnetol_d256_depth3_p20,seed373,373,173,17300,100,16,118.85131660089138,121.69651967469416,114.31735205144516,False,max_epochs,881.562911272049
rl4crn_rne_oscillator_trace_8rxn_stop_risksched085to09_lr1e4_entropy005_s4_c1_rnetol_d256_depth3_p20,seed373,373,174,17400,100,16,117.65334614316797,121.7340321317098,114.31735205144516,False,max_epochs,886.8480739593506
rl4crn_rne_oscillator_trace_8rxn_stop_risksched085to09_lr1e4_entropy005_s4_c1_rnetol_d256_depth3_p20,seed373,373,175,17500,100,16,116.97418933494828,122.09802789061683,114.31735205144516,False,max_epochs,891.8436989784241
rl4crn_rne_oscillator_trace_8rxn_stop_risksched085to09_lr1e4_entropy005_s4_c1_rnetol_d256_depth3_p20,seed373,373,176,17600,100,16,118.58142652759489,121.78855350646054,114.31735205144516,False,max_epochs,894.2722573280334
rl4crn_rne_oscillator_trace_8rxn_stop_risksched085to09_lr1e4_entropy005_s4_c1_rnetol_d256_depth3_p20,seed373,373,177,17700,100,16,116.56539984334829,121.65982225624424,114.31735205144516,False,max_epochs,899.5677211284637
rl4crn_rne_oscillator_trace_8rxn_stop_risksched085to09_lr1e4_entropy005_s4_c1_rnetol_d256_depth3_p20,seed373,373,178,17800,100,16,116.60410056080633,121.67847147593693,114.31735205144516,False,max_epochs,905.3020963668823
rl4crn_rne_oscillator_trace_8rxn_stop_risksched085to09_lr1e4_entropy005_s4_c1_rnetol_d256_depth3_p20,seed373,373,179,17900,100,16,116.09215967435922,121.73681683003385,114.31735205144516,False,max_epochs,910.9451229572296
rl4crn_rne_oscillator_trace_8rxn_stop_risksched085to09_lr1e4_entropy005_s4_c1_rnetol_d256_depth3_p20,seed373,373,180,18000,100,16,117.83341669036045,122.14366996327506,114.31735205144516,False,max_epochs,916.6060779094696
rl4crn_rne_oscillator_trace_8rxn_stop_risksched085to09_lr1e4_entropy005_s4_c1_rnetol_d256_depth3_p20,seed373,373,181,18100,100,16,114.94495995014529,121.8252890303569,114.31735205144516,False,max_epochs,922.0949954986572
rl4crn_rne_oscillator_trace_8rxn_stop_risksched085to09_lr1e4_entropy005_s4_c1_rnetol_d256_depth3_p20,seed373,373,182,18200,100,16,117.39927254988561,121.97588789587874,114.31735205144516,False,max_epochs,927.6469292640686
rl4crn_rne_oscillator_trace_8rxn_stop_risksched085to09_lr1e4_entropy005_s4_c1_rnetol_d256_depth3_p20,seed373,373,183,18300,100,16,114.9851164004503,121.91589103521656,114.31735205144516,False,max_epochs,933.2213859558105
rl4crn_rne_oscillator_trace_8rxn_stop_risksched085to09_lr1e4_entropy005_s4_c1_rnetol_d256_depth3_p20,seed373,373,184,18400,100,16,117.73918863610093,122.14501741253719,114.31735205144516,False,max_epochs,939.3147327899933
rl4crn_rne_oscillator_trace_8rxn_stop_risksched085to09_lr1e4_entropy005_s4_c1_rnetol_d256_depth3_p20,seed373,373,185,18500,100,16,116.48016355101674,122.08717163189263,114.31735205144516,False,max_epochs,944.5256233215332
rl4crn_rne_oscillator_trace_8rxn_stop_risksched085to09_lr1e4_entropy005_s4_c1_rnetol_d256_depth3_p20,seed373,373,186,18600,100,16,117.4559043792676,122.52211172923975,114.31735205144516,False,max_epochs,949.599778175354
rl4crn_rne_oscillator_trace_8rxn_stop_risksched085to09_lr1e4_entropy005_s4_c1_rnetol_d256_depth3_p20,seed373,373,187,18700,100,16,116.75984907874181,122.55171109186092,114.31735205144516,False,max_epochs,954.5051152706146
rl4crn_rne_oscillator_trace_8rxn_stop_risksched085to09_lr1e4_entropy005_s4_c1_rnetol_d256_depth3_p20,seed373,373,188,18800,100,16,115.79713691067113,122.59914704957465,114.31735205144516,False,max_epochs,956.6538829803467
rl4crn_rne_oscillator_trace_8rxn_stop_risksched085to09_lr1e4_entropy005_s4_c1_rnetol_d256_depth3_p20,seed373,373,189,18900,100,16,117.0865192213086,122.53883365826937,114.31735205144516,False,max_epochs,961.8343451023102
rl4crn_rne_oscillator_trace_8rxn_stop_risksched085to09_lr1e4_entropy005_s4_c1_rnetol_d256_depth3_p20,seed373,373,190,19000,100,16,117.27153882754868,122.34864933263962,114.31735205144516,False,max_epochs,967.301771402359
rl4crn_rne_oscillator_trace_8rxn_stop_risksched085to09_lr1e4_entropy005_s4_c1_rnetol_d256_depth3_p20,seed373,373,191,19100,100,16,118.00414744620254,122.24528162803941,114.31735205144516,False,max_epochs,973.1340546607971
rl4crn_rne_oscillator_trace_8rxn_stop_risksched085to09_lr1e4_entropy005_s4_c1_rnetol_d256_depth3_p20,seed373,373,192,19200,100,16,117.02953081378674,122.0942394714942,114.31735205144516,False,max_epochs,978.7750725746155
rl4crn_rne_oscillator_trace_8rxn_stop_risksched085to09_lr1e4_entropy005_s4_c1_rnetol_d256_depth3_p20,seed373,373,193,19300,100,16,115.59394623647812,122.32010681157699,114.31735205144516,False,max_epochs,984.2432608604431
rl4crn_rne_oscillator_trace_8rxn_stop_risksched085to09_lr1e4_entropy005_s4_c1_rnetol_d256_depth3_p20,seed373,373,194,19400,100,16,116.84360790578673,122.06558917913861,114.31735205144516,False,max_epochs,990.0248382091522
rl4crn_rne_oscillator_trace_8rxn_stop_risksched085to09_lr1e4_entropy005_s4_c1_rnetol_d256_depth3_p20,seed373,373,195,19500,100,16,115.85904939592385,121.81299934726243,114.31735205144516,False,max_epochs,995.5894241333008
rl4crn_rne_oscillator_trace_8rxn_stop_risksched085to09_lr1e4_entropy005_s4_c1_rnetol_d256_depth3_p20,seed373,373,196,19600,100,16,117.65191887062943,121.63241832205972,114.31735205144516,False,max_epochs,1001.5743877887726
rl4crn_rne_oscillator_trace_8rxn_stop_risksched085to09_lr1e4_entropy005_s4_c1_rnetol_d256_depth3_p20,seed373,373,197,19700,100,16,113.45385064496423,122.03887839321496,113.45385064496423,False,max_epochs,1007.085985660553
rl4crn_rne_oscillator_trace_8rxn_stop_risksched085to09_lr1e4_entropy005_s4_c1_rnetol_d256_depth3_p20,seed373,373,198,19800,100,16,116.81926425448074,121.90052875548675,113.45385064496423,False,max_epochs,1012.4569919109344
rl4crn_rne_oscillator_trace_8rxn_stop_risksched085to09_lr1e4_entropy005_s4_c1_rnetol_d256_depth3_p20,seed373,373,199,19900,100,16,116.40557893373999,122.0486870115409,113.45385064496423,False,max_epochs,1017.9941534996033
rl4crn_rne_oscillator_trace_8rxn_stop_risksched085to09_lr1e4_entropy005_s4_c1_rnetol_d256_depth3_p20,seed373,373,200,20000,100,16,114.57253521379687,122.23550413233535,113.45385064496423,False,max_epochs,1023.0134010314941
rl4crn_rne_oscillator_trace_8rxn_stop_risksched085to09_lr1e4_entropy005_s4_c1_rnetol_d256_depth3_p20,seed373,373,201,20100,100,16,117.41789358171745,121.91785300129257,113.45385064496423,False,max_epochs,1028.0338270664215
rl4crn_rne_oscillator_trace_8rxn_stop_risksched085to09_lr1e4_entropy005_s4_c1_rnetol_d256_depth3_p20,seed373,373,202,20200,100,16,117.59644342325542,121.64096943073886,113.45385064496423,False,max_epochs,1030.4592628479004
rl4crn_rne_oscillator_trace_8rxn_stop_risksched085to09_lr1e4_entropy005_s4_c1_rnetol_d256_depth3_p20,seed373,373,203,20300,100,16,118.0047286715378,121.75330927537182,113.45385064496423,False,max_epochs,1035.512940645218
rl4crn_rne_oscillator_trace_8rxn_stop_risksched085to09_lr1e4_entropy005_s4_c1_rnetol_d256_depth3_p20,seed373,373,204,20400,100,16,116.2737831907894,121.954260208812,113.45385064496423,False,max_epochs,1041.136393070221
rl4crn_rne_oscillator_trace_8rxn_stop_risksched085to09_lr1e4_entropy005_s4_c1_rnetol_d256_depth3_p20,seed373,373,205,20500,100,16,116.31296773009078,122.51894717302918,113.45385064496423,False,max_epochs,1046.349621295929
rl4crn_rne_oscillator_trace_8rxn_stop_risksched085to09_lr1e4_entropy005_s4_c1_rnetol_d256_depth3_p20,seed373,373,206,20600,100,16,117.06808389318431,122.36779365221557,113.45385064496423,False,max_epochs,1051.0449569225311
rl4crn_rne_oscillator_trace_8rxn_stop_risksched085to09_lr1e4_entropy005_s4_c1_rnetol_d256_depth3_p20,seed373,373,207,20700,100,16,115.80905122820673,122.8227661486134,113.45385064496423,False,max_epochs,1053.414307832718
rl4crn_rne_oscillator_trace_8rxn_stop_risksched085to09_lr1e4_entropy005_s4_c1_rnetol_d256_depth3_p20,seed373,373,208,20800,100,16,116.5553690485308,122.3594527195664,113.45385064496423,False,max_epochs,1058.5211470127106
rl4crn_rne_oscillator_trace_8rxn_stop_risksched085to09_lr1e4_entropy005_s4_c1_rnetol_d256_depth3_p20,seed373,373,209,20900,100,16,117.15271475444148,122.28534545923387,113.45385064496423,False,max_epochs,1064.2474565505981
rl4crn_rne_oscillator_trace_8rxn_stop_risksched085to09_lr1e4_entropy005_s4_c1_rnetol_d256_depth3_p20,seed373,373,210,21000,100,16,117.92919456716893,122.53684448023967,113.45385064496423,False,max_epochs,1069.1909220218658
rl4crn_rne_oscillator_trace_8rxn_stop_risksched085to09_lr1e4_entropy005_s4_c1_rnetol_d256_depth3_p20,seed373,373,211,21100,100,16,117.59906726901231,122.15674771032815,113.45385064496423,False,max_epochs,1074.3185546398163
rl4crn_rne_oscillator_trace_8rxn_stop_risksched085to09_lr1e4_entropy005_s4_c1_rnetol_d256_depth3_p20,seed373,373,212,21200,100,16,116.73415194200925,121.68556118920412,113.45385064496423,False,max_epochs,1076.956571817398
rl4crn_rne_oscillator_trace_8rxn_stop_risksched085to09_lr1e4_entropy005_s4_c1_rnetol_d256_depth3_p20,seed373,373,213,21300,100,16,116.23796815828543,121.88040084762645,113.45385064496423,False,max_epochs,1081.8403964042664
rl4crn_rne_oscillator_trace_8rxn_stop_risksched085to09_lr1e4_entropy005_s4_c1_rnetol_d256_depth3_p20,seed373,373,214,21400,100,16,115.56215464009028,122.17465993574285,113.45385064496423,False,max_epochs,1087.0350954532623
rl4crn_rne_oscillator_trace_8rxn_stop_risksched085to09_lr1e4_entropy005_s4_c1_rnetol_d256_depth3_p20,seed373,373,215,21500,100,16,115.86845345967815,122.54686105844543,113.45385064496423,False,max_epochs,1092.9520816802979
rl4crn_rne_oscillator_trace_8rxn_stop_risksched085to09_lr1e4_entropy005_s4_c1_rnetol_d256_depth3_p20,seed373,373,216,21600,100,16,116.86434827534154,122.32386861909703,113.45385064496423,False,max_epochs,1098.5733280181885
rl4crn_rne_oscillator_trace_8rxn_stop_risksched085to09_lr1e4_entropy005_s4_c1_rnetol_d256_depth3_p20,seed373,373,217,21700,100,16,115.90098592857223,121.99666176736532,113.45385064496423,False,max_epochs,1104.5098457336426
rl4crn_rne_oscillator_trace_8rxn_stop_risksched085to09_lr1e4_entropy005_s4_c1_rnetol_d256_depth3_p20,seed373,373,218,21800,100,16,116.57120916363188,121.5817895480723,113.45385064496423,False,max_epochs,1109.6330797672272
rl4crn_rne_oscillator_trace_8rxn_stop_risksched085to09_lr1e4_entropy005_s4_c1_rnetol_d256_depth3_p20,seed373,373,219,21900,100,16,114.92682473609902,121.88301750744697,113.45385064496423,False,max_epochs,1114.3451850414276
rl4crn_rne_oscillator_trace_8rxn_stop_risksched085to09_lr1e4_entropy005_s4_c1_rnetol_d256_depth3_p20,seed373,373,220,22000,100,16,116.42342481350076,121.71961139617443,113.45385064496423,False,max_epochs,1119.5915410518646
rl4crn_rne_oscillator_trace_8rxn_stop_risksched085to09_lr1e4_entropy005_s4_c1_rnetol_d256_depth3_p20,seed373,373,221,22100,100,16,116.89612504940206,122.34757541545716,113.45385064496423,False,max_epochs,1122.0982484817505
rl4crn_rne_oscillator_trace_8rxn_stop_risksched085to09_lr1e4_entropy005_s4_c1_rnetol_d256_depth3_p20,seed373,373,222,22200,100,16,117.16329433072967,122.5483276507767,113.45385064496423,False,max_epochs,1127.0668132305145
rl4crn_rne_oscillator_trace_8rxn_stop_risksched085to09_lr1e4_entropy005_s4_c1_rnetol_d256_depth3_p20,seed373,373,223,22300,100,16,116.11209450140984,121.87412236612724,113.45385064496423,False,max_epochs,1132.2235419750214
rl4crn_rne_oscillator_trace_8rxn_stop_risksched085to09_lr1e4_entropy005_s4_c1_rnetol_d256_depth3_p20,seed373,373,224,22400,100,16,117.29652038785724,122.00984652463002,113.45385064496423,False,max_epochs,1137.8389649391174
rl4crn_rne_oscillator_trace_8rxn_stop_risksched085to09_lr1e4_entropy005_s4_c1_rnetol_d256_depth3_p20,seed373,373,225,22500,100,16,114.43640271119659,122.45138152979388,113.45385064496423,False,max_epochs,1142.6418902873993
rl4crn_rne_oscillator_trace_8rxn_stop_risksched085to09_lr1e4_entropy005_s4_c1_rnetol_d256_depth3_p20,seed373,373,226,22600,100,16,116.52844554349905,122.44829624863164,113.45385064496423,False,max_epochs,1147.4410455226898
rl4crn_rne_oscillator_trace_8rxn_stop_risksched085to09_lr1e4_entropy005_s4_c1_rnetol_d256_depth3_p20,seed373,373,227,22700,100,16,116.47733902293254,122.59334727773962,113.45385064496423,False,max_epochs,1149.694641828537
rl4crn_rne_oscillator_trace_8rxn_stop_risksched085to09_lr1e4_entropy005_s4_c1_rnetol_d256_depth3_p20,seed373,373,228,22800,100,16,115.64278202593289,122.39451956597868,113.45385064496423,False,max_epochs,1155.2166097164154
rl4crn_rne_oscillator_trace_8rxn_stop_risksched085to09_lr1e4_entropy005_s4_c1_rnetol_d256_depth3_p20,seed373,373,229,22900,100,16,115.2663075329289,121.76450793956121,113.45385064496423,False,max_epochs,1160.815401315689
rl4crn_rne_oscillator_trace_8rxn_stop_risksched085to09_lr1e4_entropy005_s4_c1_rnetol_d256_depth3_p20,seed373,373,230,23000,100,16,116.75548200355725,122.11582292630038,113.45385064496423,False,max_epochs,1166.446660041809
rl4crn_rne_oscillator_trace_8rxn_stop_risksched085to09_lr1e4_entropy005_s4_c1_rnetol_d256_depth3_p20,seed373,373,231,23100,100,16,116.99292608734767,121.70977313613929,113.45385064496423,False,max_epochs,1172.3084180355072
rl4crn_rne_oscillator_trace_8rxn_stop_risksched085to09_lr1e4_entropy005_s4_c1_rnetol_d256_depth3_p20,seed373,373,232,23200,100,16,115.255153260392,121.867924135455,113.45385064496423,False,max_epochs,1177.8705163002014
rl4crn_rne_oscillator_trace_8rxn_stop_risksched085to09_lr1e4_entropy005_s4_c1_rnetol_d256_depth3_p20,seed373,373,233,23300,100,16,116.70897082676245,122.48472321472218,113.45385064496423,False,max_epochs,1183.695342540741
rl4crn_rne_oscillator_trace_8rxn_stop_risksched085to09_lr1e4_entropy005_s4_c1_rnetol_d256_depth3_p20,seed373,373,234,23400,100,16,116.62543425794681,122.64621321030504,113.45385064496423,False,max_epochs,1189.5991129875183
rl4crn_rne_oscillator_trace_8rxn_stop_risksched085to09_lr1e4_entropy005_s4_c1_rnetol_d256_depth3_p20,seed373,373,235,23500,100,16,113.56615452412936,122.81345204769735,113.45385064496423,False,max_epochs,1195.2257781028748
rl4crn_rne_oscillator_trace_8rxn_stop_risksched085to09_lr1e4_entropy005_s4_c1_rnetol_d256_depth3_p20,seed373,373,236,23600,100,16,114.30682052531212,121.9882401859462,113.45385064496423,False,max_epochs,1201.104408979416
rl4crn_rne_oscillator_trace_8rxn_stop_risksched085to09_lr1e4_entropy005_s4_c1_rnetol_d256_depth3_p20,seed373,373,237,23700,100,16,116.26401408612475,121.98916503095984,113.45385064496423,False,max_epochs,1206.6155896186829
rl4crn_rne_oscillator_trace_8rxn_stop_risksched085to09_lr1e4_entropy005_s4_c1_rnetol_d256_depth3_p20,seed373,373,238,23800,100,16,115.56224532426675,122.48312095679717,113.45385064496423,False,max_epochs,1211.7476518154144
rl4crn_rne_oscillator_trace_8rxn_stop_risksched085to09_lr1e4_entropy005_s4_c1_rnetol_d256_depth3_p20,seed373,373,239,23900,100,16,117.51856593780397,121.95775989808259,113.45385064496423,False,max_epochs,1217.5396230220795
rl4crn_rne_oscillator_trace_8rxn_stop_risksched085to09_lr1e4_entropy005_s4_c1_rnetol_d256_depth3_p20,seed373,373,240,24000,100,16,116.00880795272865,121.95123908709864,113.45385064496423,False,max_epochs,1223.0442385673523
rl4crn_rne_oscillator_trace_8rxn_stop_risksched085to09_lr1e4_entropy005_s4_c1_rnetol_d256_depth3_p20,seed373,373,241,24100,100,16,116.34116269402523,122.14960790398605,113.45385064496423,False,max_epochs,1228.7395215034485
rl4crn_rne_oscillator_trace_8rxn_stop_risksched085to09_lr1e4_entropy005_s4_c1_rnetol_d256_depth3_p20,seed373,373,242,24200,100,16,115.53224942652054,121.82128059782016,113.45385064496423,False,max_epochs,1234.6030039787292
rl4crn_rne_oscillator_trace_8rxn_stop_risksched085to09_lr1e4_entropy005_s4_c1_rnetol_d256_depth3_p20,seed373,373,243,24300,100,16,114.51692017726701,121.5815169186508,113.45385064496423,False,max_epochs,1239.697743654251
rl4crn_rne_oscillator_trace_8rxn_stop_risksched085to09_lr1e4_entropy005_s4_c1_rnetol_d256_depth3_p20,seed373,373,244,24400,100,16,113.16750866674619,121.63174475641041,113.16750866674619,False,max_epochs,1244.593819618225
rl4crn_rne_oscillator_trace_8rxn_stop_risksched085to09_lr1e4_entropy005_s4_c1_rnetol_d256_depth3_p20,seed373,373,245,24500,100,16,115.05534327137843,121.8530726959314,113.16750866674619,False,max_epochs,1248.5564513206482
rl4crn_rne_oscillator_trace_8rxn_stop_risksched085to09_lr1e4_entropy005_s4_c1_rnetol_d256_depth3_p20,seed373,373,246,24600,100,16,114.05196431000002,122.0789138094726,113.16750866674619,False,max_epochs,1252.4426546096802
rl4crn_rne_oscillator_trace_8rxn_stop_risksched085to09_lr1e4_entropy005_s4_c1_rnetol_d256_depth3_p20,seed373,373,247,24700,100,16,115.93916844268186,122.2673836389654,113.16750866674619,False,max_epochs,1257.6471388339996
rl4crn_rne_oscillator_trace_8rxn_stop_risksched085to09_lr1e4_entropy005_s4_c1_rnetol_d256_depth3_p20,seed373,373,248,24800,100,16,115.38887123601812,121.92057147387149,113.16750866674619,False,max_epochs,1263.213058233261
rl4crn_rne_oscillator_trace_8rxn_stop_risksched085to09_lr1e4_entropy005_s4_c1_rnetol_d256_depth3_p20,seed373,373,249,24900,100,16,114.83750910014987,121.30991315615009,113.16750866674619,False,max_epochs,1268.5048205852509
rl4crn_rne_oscillator_trace_8rxn_stop_risksched085to09_lr1e4_entropy005_s4_c1_rnetol_d256_depth3_p20,seed373,373,250,25000,100,16,115.8626470658523,121.94959699025478,113.16750866674619,False,max_epochs,1273.0389156341553
rl4crn_rne_oscillator_trace_8rxn_stop_risksched085to09_lr1e4_entropy005_s4_c1_rnetol_d256_depth3_p20,seed373,373,251,25100,100,16,115.0786119607422,121.49880588506628,113.16750866674619,False,max_epochs,1278.3551676273346
rl4crn_rne_oscillator_trace_8rxn_stop_risksched085to09_lr1e4_entropy005_s4_c1_rnetol_d256_depth3_p20,seed373,373,252,25200,100,16,114.92959880497719,121.13136815463452,113.16750866674619,False,max_epochs,1280.7173674106598
rl4crn_rne_oscillator_trace_8rxn_stop_risksched085to09_lr1e4_entropy005_s4_c1_rnetol_d256_depth3_p20,seed373,373,253,25300,100,16,114.47831521696091,121.43384282352545,113.16750866674619,False,max_epochs,1286.0402255058289
rl4crn_rne_oscillator_trace_8rxn_stop_risksched085to09_lr1e4_entropy005_s4_c1_rnetol_d256_depth3_p20,seed373,373,254,25400,100,16,113.41252550252237,121.48923346564999,113.16750866674619,False,max_epochs,1291.4339916706085
rl4crn_rne_oscillator_trace_8rxn_stop_risksched085to09_lr1e4_entropy005_s4_c1_rnetol_d256_depth3_p20,seed373,373,255,25500,100,16,115.7816789586871,121.95424455585939,113.16750866674619,False,max_epochs,1296.2607505321503
rl4crn_rne_oscillator_trace_8rxn_stop_risksched085to09_lr1e4_entropy005_s4_c1_rnetol_d256_depth3_p20,seed373,373,256,25600,100,16,116.09153932328908,121.4792084113952,113.16750866674619,False,max_epochs,1301.1588151454926
rl4crn_rne_oscillator_trace_8rxn_stop_risksched085to09_lr1e4_entropy005_s4_c1_rnetol_d256_depth3_p20,seed373,373,257,25700,100,16,114.33881780002032,121.58454040441859,113.16750866674619,False,max_epochs,1305.9867181777954
rl4crn_rne_oscillator_trace_8rxn_stop_risksched085to09_lr1e4_entropy005_s4_c1_rnetol_d256_depth3_p20,seed373,373,258,25800,100,16,115.23580298678993,121.56947120375898,113.16750866674619,False,max_epochs,1308.7260580062866
rl4crn_rne_oscillator_trace_8rxn_stop_risksched085to09_lr1e4_entropy005_s4_c1_rnetol_d256_depth3_p20,seed373,373,259,25900,100,16,116.41709686757284,121.4944969069368,113.16750866674619,False,max_epochs,1313.8427789211273
rl4crn_rne_oscillator_trace_8rxn_stop_risksched085to09_lr1e4_entropy005_s4_c1_rnetol_d256_depth3_p20,seed373,373,260,26000,100,16,114.02420794027961,121.77320740074428,113.16750866674619,False,max_epochs,1319.2587554454803
rl4crn_rne_oscillator_trace_8rxn_stop_risksched085to09_lr1e4_entropy005_s4_c1_rnetol_d256_depth3_p20,seed373,373,261,26100,100,16,116.8014927856482,122.15988073236129,113.16750866674619,False,max_epochs,1324.5741658210754
rl4crn_rne_oscillator_trace_8rxn_stop_risksched085to09_lr1e4_entropy005_s4_c1_rnetol_d256_depth3_p20,seed373,373,262,26200,100,16,115.37697356461462,122.09090266049614,113.16750866674619,False,max_epochs,1329.565677165985
rl4crn_rne_oscillator_trace_8rxn_stop_risksched085to09_lr1e4_entropy005_s4_c1_rnetol_d256_depth3_p20,seed373,373,263,26300,100,16,115.72661671281182,121.96734404023934,113.16750866674619,False,max_epochs,1334.4666557312012
rl4crn_rne_oscillator_trace_8rxn_stop_risksched085to09_lr1e4_entropy005_s4_c1_rnetol_d256_depth3_p20,seed373,373,264,26400,100,16,114.59689740309092,121.66162897344424,113.16750866674619,False,max_epochs,1338.8627889156342
rl4crn_rne_oscillator_trace_8rxn_stop_risksched085to09_lr1e4_entropy005_s4_c1_rnetol_d256_depth3_p20,seed373,373,265,26500,100,16,114.60622370185361,121.76647566653753,113.16750866674619,False,max_epochs,1342.1917977333069
rl4crn_rne_oscillator_trace_8rxn_stop_risksched085to09_lr1e4_entropy005_s4_c1_rnetol_d256_depth3_p20,seed373,373,266,26600,100,16,113.04209164892825,121.56668336368418,113.04209164892825,False,max_epochs,1347.533899307251
rl4crn_rne_oscillator_trace_8rxn_stop_risksched085to09_lr1e4_entropy005_s4_c1_rnetol_d256_depth3_p20,seed373,373,267,26700,100,16,112.80216013179746,121.62056716267742,112.80216013179746,False,max_epochs,1352.9719800949097
rl4crn_rne_oscillator_trace_8rxn_stop_risksched085to09_lr1e4_entropy005_s4_c1_rnetol_d256_depth3_p20,seed373,373,268,26800,100,16,116.59367429577543,122.64186090084651,112.80216013179746,False,max_epochs,1358.802495956421
rl4crn_rne_oscillator_trace_8rxn_stop_risksched085to09_lr1e4_entropy005_s4_c1_rnetol_d256_depth3_p20,seed373,373,269,26900,100,16,114.20649034123582,122.00005462909488,112.80216013179746,False,max_epochs,1364.1446778774261
rl4crn_rne_oscillator_trace_8rxn_stop_risksched085to09_lr1e4_entropy005_s4_c1_rnetol_d256_depth3_p20,seed373,373,270,27000,100,16,116.74081711947458,122.4898298511271,112.80216013179746,False,max_epochs,1369.4513046741486
rl4crn_rne_oscillator_trace_8rxn_stop_risksched085to09_lr1e4_entropy005_s4_c1_rnetol_d256_depth3_p20,seed373,373,271,27100,100,16,115.20377847904986,122.27241680134519,112.80216013179746,False,max_epochs,1375.4406757354736
rl4crn_rne_oscillator_trace_8rxn_stop_risksched085to09_lr1e4_entropy005_s4_c1_rnetol_d256_depth3_p20,seed373,373,272,27200,100,16,115.1129402512431,121.71199861308152,112.80216013179746,False,max_epochs,1380.8587837219238
rl4crn_rne_oscillator_trace_8rxn_stop_risksched085to09_lr1e4_entropy005_s4_c1_rnetol_d256_depth3_p20,seed373,373,273,27300,100,16,115.02713253287754,121.54403150506158,112.80216013179746,False,max_epochs,1386.831123828888
rl4crn_rne_oscillator_trace_8rxn_stop_risksched085to09_lr1e4_entropy005_s4_c1_rnetol_d256_depth3_p20,seed373,373,274,27400,100,16,115.0462147169845,121.47201986385323,112.80216013179746,False,max_epochs,1392.3728494644165
rl4crn_rne_oscillator_trace_8rxn_stop_risksched085to09_lr1e4_entropy005_s4_c1_rnetol_d256_depth3_p20,seed373,373,275,27500,100,16,114.07701379773901,121.86251279563848,112.80216013179746,False,max_epochs,1397.7212738990784
rl4crn_rne_oscillator_trace_8rxn_stop_risksched085to09_lr1e4_entropy005_s4_c1_rnetol_d256_depth3_p20,seed373,373,276,27600,100,16,114.98213268200456,121.69092808013721,112.80216013179746,False,max_epochs,1403.2971336841583
rl4crn_rne_oscillator_trace_8rxn_stop_risksched085to09_lr1e4_entropy005_s4_c1_rnetol_d256_depth3_p20,seed373,373,277,27700,100,16,114.6015801649906,122.03948531801177,112.80216013179746,False,max_epochs,1408.9203932285309
rl4crn_rne_oscillator_trace_8rxn_stop_risksched085to09_lr1e4_entropy005_s4_c1_rnetol_d256_depth3_p20,seed373,373,278,27800,100,16,114.41295124809515,122.04947725895514,112.80216013179746,False,max_epochs,1414.172087430954
rl4crn_rne_oscillator_trace_8rxn_stop_risksched085to09_lr1e4_entropy005_s4_c1_rnetol_d256_depth3_p20,seed373,373,279,27900,100,16,115.20636022129999,122.37123718927953,112.80216013179746,False,max_epochs,1419.2781550884247
rl4crn_rne_oscillator_trace_8rxn_stop_risksched085to09_lr1e4_entropy005_s4_c1_rnetol_d256_depth3_p20,seed373,373,280,28000,100,16,115.86525900825008,121.94444806339061,112.80216013179746,False,max_epochs,1421.73259806633
rl4crn_rne_oscillator_trace_8rxn_stop_risksched085to09_lr1e4_entropy005_s4_c1_rnetol_d256_depth3_p20,seed373,373,281,28100,100,16,114.20726408295994,122.39405674028421,112.80216013179746,False,max_epochs,1426.794179201126
rl4crn_rne_oscillator_trace_8rxn_stop_risksched085to09_lr1e4_entropy005_s4_c1_rnetol_d256_depth3_p20,seed373,373,282,28200,100,16,113.7306986741001,122.05333780185404,112.80216013179746,False,max_epochs,1432.0083775520325
rl4crn_rne_oscillator_trace_8rxn_stop_risksched085to09_lr1e4_entropy005_s4_c1_rnetol_d256_depth3_p20,seed373,373,283,28300,100,16,115.10284304519804,121.80674075150452,112.80216013179746,False,max_epochs,1437.5125513076782
rl4crn_rne_oscillator_trace_8rxn_stop_risksched085to09_lr1e4_entropy005_s4_c1_rnetol_d256_depth3_p20,seed373,373,284,28400,100,16,112.21612686692258,122.29894955726283,112.21612686692258,False,max_epochs,1443.0394442081451
rl4crn_rne_oscillator_trace_8rxn_stop_risksched085to09_lr1e4_entropy005_s4_c1_rnetol_d256_depth3_p20,seed373,373,285,28500,100,16,115.96068416527862,122.74469734491872,112.21612686692258,False,max_epochs,1449.1579082012177
rl4crn_rne_oscillator_trace_8rxn_stop_risksched085to09_lr1e4_entropy005_s4_c1_rnetol_d256_depth3_p20,seed373,373,286,28600,100,16,113.23271256970439,122.47122479868719,112.21612686692258,False,max_epochs,1454.7452664375305
rl4crn_rne_oscillator_trace_8rxn_stop_risksched085to09_lr1e4_entropy005_s4_c1_rnetol_d256_depth3_p20,seed373,373,287,28700,100,16,116.07297328920183,121.96668712860932,112.21612686692258,False,max_epochs,1459.6807644367218
rl4crn_rne_oscillator_trace_8rxn_stop_risksched085to09_lr1e4_entropy005_s4_c1_rnetol_d256_depth3_p20,seed373,373,288,28800,100,16,115.13097100609413,121.92409162041963,112.21612686692258,False,max_epochs,1464.9780578613281
rl4crn_rne_oscillator_trace_8rxn_stop_risksched085to09_lr1e4_entropy005_s4_c1_rnetol_d256_depth3_p20,seed373,373,289,28900,100,16,115.33287277478242,121.47948060298337,112.21612686692258,False,max_epochs,1470.0191156864166
rl4crn_rne_oscillator_trace_8rxn_stop_risksched085to09_lr1e4_entropy005_s4_c1_rnetol_d256_depth3_p20,seed373,373,290,29000,100,16,114.98840911445001,121.66434909764392,112.21612686692258,False,max_epochs,1472.5228748321533
rl4crn_rne_oscillator_trace_8rxn_stop_risksched085to09_lr1e4_entropy005_s4_c1_rnetol_d256_depth3_p20,seed373,373,291,29100,100,16,115.42747159737826,122.34149188847441,112.21612686692258,False,max_epochs,1477.9365949630737
rl4crn_rne_oscillator_trace_8rxn_stop_risksched085to09_lr1e4_entropy005_s4_c1_rnetol_d256_depth3_p20,seed373,373,292,29200,100,16,113.08051020747584,122.10616977062526,112.21612686692258,False,max_epochs,1483.2487168312073
rl4crn_rne_oscillator_trace_8rxn_stop_risksched085to09_lr1e4_entropy005_s4_c1_rnetol_d256_depth3_p20,seed373,373,293,29300,100,16,114.03808625826316,121.41284694071487,112.21612686692258,False,max_epochs,1488.4477334022522
rl4crn_rne_oscillator_trace_8rxn_stop_risksched085to09_lr1e4_entropy005_s4_c1_rnetol_d256_depth3_p20,seed373,373,294,29400,100,16,112.8152127500233,122.31085404077987,112.21612686692258,False,max_epochs,1493.4995720386505
rl4crn_rne_oscillator_trace_8rxn_stop_risksched085to09_lr1e4_entropy005_s4_c1_rnetol_d256_depth3_p20,seed373,373,295,29500,100,16,114.40172202743284,122.27985126539815,112.21612686692258,False,max_epochs,1499.0751576423645
rl4crn_rne_oscillator_trace_8rxn_stop_risksched085to09_lr1e4_entropy005_s4_c1_rnetol_d256_depth3_p20,seed373,373,296,29600,100,16,112.95831431523106,122.31350467423661,112.21612686692258,False,max_epochs,1504.50039768219
rl4crn_rne_oscillator_trace_8rxn_stop_risksched085to09_lr1e4_entropy005_s4_c1_rnetol_d256_depth3_p20,seed373,373,297,29700,100,16,115.06404197796961,122.12251469559234,112.21612686692258,False,max_epochs,1509.7931406497955
rl4crn_rne_oscillator_trace_8rxn_stop_risksched085to09_lr1e4_entropy005_s4_c1_rnetol_d256_depth3_p20,seed373,373,298,29800,100,16,114.36092503633394,122.15733328060878,112.21612686692258,False,max_epochs,1513.5113065242767
rl4crn_rne_oscillator_trace_8rxn_stop_risksched085to09_lr1e4_entropy005_s4_c1_rnetol_d256_depth3_p20,seed373,373,299,29900,100,16,115.12367988288756,123.08950469648491,112.21612686692258,False,max_epochs,1517.263013601303
rl4crn_rne_oscillator_trace_8rxn_stop_risksched085to09_lr1e4_entropy005_s4_c1_rnetol_d256_depth3_p20,seed373,373,300,30000,100,16,115.9252783724694,121.69870681906235,112.21612686692258,False,max_epochs,1522.0150945186615
rl4crn_rne_oscillator_trace_8rxn_stop_risksched085to09_lr1e4_entropy005_s4_c1_rnetol_d256_depth3_p20,seed373,373,301,30100,100,16,112.86861958439614,123.1855234820674,112.21612686692258,False,max_epochs,1527.1982924938202
rl4crn_rne_oscillator_trace_8rxn_stop_risksched085to09_lr1e4_entropy005_s4_c1_rnetol_d256_depth3_p20,seed373,373,302,30200,100,16,113.41657046910778,122.79897635046214,112.21612686692258,False,max_epochs,1532.4772975444794
rl4crn_rne_oscillator_trace_8rxn_stop_risksched085to09_lr1e4_entropy005_s4_c1_rnetol_d256_depth3_p20,seed373,373,303,30300,100,16,113.61358593072846,122.64428676769462,112.21612686692258,False,max_epochs,1537.3730211257935
rl4crn_rne_oscillator_trace_8rxn_stop_risksched085to09_lr1e4_entropy005_s4_c1_rnetol_d256_depth3_p20,seed373,373,304,30400,100,16,116.00832131288048,124.3406700035676,112.21612686692258,False,max_epochs,1540.045744419098
rl4crn_rne_oscillator_trace_8rxn_stop_risksched085to09_lr1e4_entropy005_s4_c1_rnetol_d256_depth3_p20,seed373,373,305,30500,100,16,112.03160294554212,121.61132851026676,112.03160294554212,False,max_epochs,1544.9780983924866
rl4crn_rne_oscillator_trace_8rxn_stop_risksched085to09_lr1e4_entropy005_s4_c1_rnetol_d256_depth3_p20,seed373,373,306,30600,100,16,114.50680288116449,122.93507420976586,112.03160294554212,False,max_epochs,1550.4589385986328
rl4crn_rne_oscillator_trace_8rxn_stop_risksched085to09_lr1e4_entropy005_s4_c1_rnetol_d256_depth3_p20,seed373,373,307,30700,100,16,113.10372287925055,123.61229973874349,112.03160294554212,False,max_epochs,1556.198617219925
rl4crn_rne_oscillator_trace_8rxn_stop_risksched085to09_lr1e4_entropy005_s4_c1_rnetol_d256_depth3_p20,seed373,373,308,30800,100,16,113.70090425786358,122.0311730505154,112.03160294554212,False,max_epochs,1561.7311191558838
rl4crn_rne_oscillator_trace_8rxn_stop_risksched085to09_lr1e4_entropy005_s4_c1_rnetol_d256_depth3_p20,seed373,373,309,30900,100,16,114.29369807211253,122.51033775375686,112.03160294554212,False,max_epochs,1566.996918439865
rl4crn_rne_oscillator_trace_8rxn_stop_risksched085to09_lr1e4_entropy005_s4_c1_rnetol_d256_depth3_p20,seed373,373,310,31000,100,16,114.193667609594,121.98697203903146,112.03160294554212,False,max_epochs,1572.1135001182556
rl4crn_rne_oscillator_trace_8rxn_stop_risksched085to09_lr1e4_entropy005_s4_c1_rnetol_d256_depth3_p20,seed373,373,311,31100,100,16,114.9675998904214,122.6879787221156,112.03160294554212,False,max_epochs,1577.282220840454
rl4crn_rne_oscillator_trace_8rxn_stop_risksched085to09_lr1e4_entropy005_s4_c1_rnetol_d256_depth3_p20,seed373,373,312,31200,100,16,114.34843901074667,122.27058331869713,112.03160294554212,False,max_epochs,1579.4079995155334
rl4crn_rne_oscillator_trace_8rxn_stop_risksched085to09_lr1e4_entropy005_s4_c1_rnetol_d256_depth3_p20,seed373,373,313,31300,100,16,114.8619304324834,122.68687655483205,112.03160294554212,False,max_epochs,1584.1774044036865
rl4crn_rne_oscillator_trace_8rxn_stop_risksched085to09_lr1e4_entropy005_s4_c1_rnetol_d256_depth3_p20,seed373,373,314,31400,100,16,114.03248496692868,121.75761077227466,112.03160294554212,False,max_epochs,1589.9633333683014
rl4crn_rne_oscillator_trace_8rxn_stop_risksched085to09_lr1e4_entropy005_s4_c1_rnetol_d256_depth3_p20,seed373,373,315,31500,100,16,113.27764540252107,122.60224776692363,112.03160294554212,False,max_epochs,1595.9050800800323
rl4crn_rne_oscillator_trace_8rxn_stop_risksched085to09_lr1e4_entropy005_s4_c1_rnetol_d256_depth3_p20,seed373,373,316,31600,100,16,112.59540413018189,121.73015249933114,112.03160294554212,False,max_epochs,1601.4417433738708
rl4crn_rne_oscillator_trace_8rxn_stop_risksched085to09_lr1e4_entropy005_s4_c1_rnetol_d256_depth3_p20,seed373,373,317,31700,100,16,112.99109850872902,123.06396731030301,112.03160294554212,False,max_epochs,1607.0961616039276
rl4crn_rne_oscillator_trace_8rxn_stop_risksched085to09_lr1e4_entropy005_s4_c1_rnetol_d256_depth3_p20,seed373,373,318,31800,100,16,112.84104139791498,122.80674028884403,112.03160294554212,False,max_epochs,1612.3492245674133
rl4crn_rne_oscillator_trace_8rxn_stop_risksched085to09_lr1e4_entropy005_s4_c1_rnetol_d256_depth3_p20,seed373,373,319,31900,100,16,112.53572083222114,121.99231666523497,112.03160294554212,False,max_epochs,1617.849220275879
rl4crn_rne_oscillator_trace_8rxn_stop_risksched085to09_lr1e4_entropy005_s4_c1_rnetol_d256_depth3_p20,seed373,373,320,32000,100,16,113.26272568427078,124.52643593004612,112.03160294554212,False,max_epochs,1623.1230838298798
rl4crn_rne_oscillator_trace_8rxn_stop_risksched085to09_lr1e4_entropy005_s4_c1_rnetol_d256_depth3_p20,seed373,373,321,32100,100,16,114.97042052303753,122.87887503056048,112.03160294554212,False,max_epochs,1628.0580351352692
rl4crn_rne_oscillator_trace_8rxn_stop_risksched085to09_lr1e4_entropy005_s4_c1_rnetol_d256_depth3_p20,seed373,373,322,32200,100,16,111.76384204262456,121.85359484614301,111.76384204262456,False,max_epochs,1633.2478520870209
rl4crn_rne_oscillator_trace_8rxn_stop_risksched085to09_lr1e4_entropy005_s4_c1_rnetol_d256_depth3_p20,seed373,373,323,32300,100,16,112.05256410747414,121.67370634153964,111.76384204262456,False,max_epochs,1635.6300058364868
rl4crn_rne_oscillator_trace_8rxn_stop_risksched085to09_lr1e4_entropy005_s4_c1_rnetol_d256_depth3_p20,seed373,373,324,32400,100,16,112.51887192275544,122.06308214437576,111.76384204262456,False,max_epochs,1640.9650061130524
rl4crn_rne_oscillator_trace_8rxn_stop_risksched085to09_lr1e4_entropy005_s4_c1_rnetol_d256_depth3_p20,seed373,373,325,32500,100,16,112.02004385935481,124.03617686268382,111.76384204262456,False,max_epochs,1645.8381493091583
rl4crn_rne_oscillator_trace_8rxn_stop_risksched085to09_lr1e4_entropy005_s4_c1_rnetol_d256_depth3_p20,seed373,373,326,32600,100,16,114.02454553398361,122.91229652097014,111.76384204262456,False,max_epochs,1651.1414296627045
rl4crn_rne_oscillator_trace_8rxn_stop_risksched085to09_lr1e4_entropy005_s4_c1_rnetol_d256_depth3_p20,seed373,373,327,32700,100,16,114.61581323685816,121.91627675702739,111.76384204262456,False,max_epochs,1656.4572224617004
rl4crn_rne_oscillator_trace_8rxn_stop_risksched085to09_lr1e4_entropy005_s4_c1_rnetol_d256_depth3_p20,seed373,373,328,32800,100,16,112.80158730558149,122.25681855763948,111.76384204262456,False,max_epochs,1661.4687356948853
rl4crn_rne_oscillator_trace_8rxn_stop_risksched085to09_lr1e4_entropy005_s4_c1_rnetol_d256_depth3_p20,seed373,373,329,32900,100,16,113.40022314783334,122.37364377949368,111.76384204262456,False,max_epochs,1663.8017406463623
rl4crn_rne_oscillator_trace_8rxn_stop_risksched085to09_lr1e4_entropy005_s4_c1_rnetol_d256_depth3_p20,seed373,373,330,33000,100,16,112.47828831406625,123.53820842145599,111.76384204262456,False,max_epochs,1669.3212838172913
rl4crn_rne_oscillator_trace_8rxn_stop_risksched085to09_lr1e4_entropy005_s4_c1_rnetol_d256_depth3_p20,seed373,373,331,33100,100,16,113.34476855860237,122.92965640960998,111.76384204262456,False,max_epochs,1674.365517616272
rl4crn_rne_oscillator_trace_8rxn_stop_risksched085to09_lr1e4_entropy005_s4_c1_rnetol_d256_depth3_p20,seed373,373,332,33200,100,16,114.21267108029143,123.4010519768611,111.76384204262456,False,max_epochs,1679.1285500526428
rl4crn_rne_oscillator_trace_8rxn_stop_risksched085to09_lr1e4_entropy005_s4_c1_rnetol_d256_depth3_p20,seed373,373,333,33300,100,16,113.6126235380627,122.86000712063631,111.76384204262456,False,max_epochs,1684.159910917282
rl4crn_rne_oscillator_trace_8rxn_stop_risksched085to09_lr1e4_entropy005_s4_c1_rnetol_d256_depth3_p20,seed373,373,334,33400,100,16,110.75514793919304,123.39866771824973,110.75514793919304,False,max_epochs,1686.7651932239532
rl4crn_rne_oscillator_trace_8rxn_stop_risksched085to09_lr1e4_entropy005_s4_c1_rnetol_d256_depth3_p20,seed373,373,335,33500,100,16,113.08545094804614,122.60610077663942,110.75514793919304,False,max_epochs,1692.2237191200256
rl4crn_rne_oscillator_trace_8rxn_stop_risksched085to09_lr1e4_entropy005_s4_c1_rnetol_d256_depth3_p20,seed373,373,336,33600,100,16,113.83716932068945,122.86833519525268,110.75514793919304,False,max_epochs,1697.7291333675385
rl4crn_rne_oscillator_trace_8rxn_stop_risksched085to09_lr1e4_entropy005_s4_c1_rnetol_d256_depth3_p20,seed373,373,337,33700,100,16,113.02438532903646,123.19282640294044,110.75514793919304,False,max_epochs,1703.7090826034546
rl4crn_rne_oscillator_trace_8rxn_stop_risksched085to09_lr1e4_entropy005_s4_c1_rnetol_d256_depth3_p20,seed373,373,338,33800,100,16,113.86001138595215,122.95891013692057,110.75514793919304,False,max_epochs,1708.632297039032
rl4crn_rne_oscillator_trace_8rxn_stop_risksched085to09_lr1e4_entropy005_s4_c1_rnetol_d256_depth3_p20,seed373,373,339,33900,100,16,113.93993408484391,123.14950449444552,110.75514793919304,False,max_epochs,1713.9858021736145
rl4crn_rne_oscillator_trace_8rxn_stop_risksched085to09_lr1e4_entropy005_s4_c1_rnetol_d256_depth3_p20,seed373,373,340,34000,100,16,113.22083170056443,123.30237276169646,110.75514793919304,False,max_epochs,1719.6727018356323
rl4crn_rne_oscillator_trace_8rxn_stop_risksched085to09_lr1e4_entropy005_s4_c1_rnetol_d256_depth3_p20,seed373,373,341,34100,100,16,116.07748708948662,123.94540024698213,110.75514793919304,False,max_epochs,1725.3337910175323
rl4crn_rne_oscillator_trace_8rxn_stop_risksched085to09_lr1e4_entropy005_s4_c1_rnetol_d256_depth3_p20,seed373,373,342,34200,100,16,112.48921412874552,122.48464198305798,110.75514793919304,False,max_epochs,1730.3482427597046
rl4crn_rne_oscillator_trace_8rxn_stop_risksched085to09_lr1e4_entropy005_s4_c1_rnetol_d256_depth3_p20,seed373,373,343,34300,100,16,114.1929659699443,123.11482691289385,110.75514793919304,False,max_epochs,1735.3803553581238
rl4crn_rne_oscillator_trace_8rxn_stop_risksched085to09_lr1e4_entropy005_s4_c1_rnetol_d256_depth3_p20,seed373,373,344,34400,100,16,112.3926988410974,123.15198410609565,110.75514793919304,False,max_epochs,1738.6266894340515
rl4crn_rne_oscillator_trace_8rxn_stop_risksched085to09_lr1e4_entropy005_s4_c1_rnetol_d256_depth3_p20,seed373,373,345,34500,100,16,113.66053810304933,122.86568419337142,110.75514793919304,False,max_epochs,1742.7568111419678
rl4crn_rne_oscillator_trace_8rxn_stop_risksched085to09_lr1e4_entropy005_s4_c1_rnetol_d256_depth3_p20,seed373,373,346,34600,100,16,112.76632482480355,123.84098422418842,110.75514793919304,False,max_epochs,1747.8139355182648
rl4crn_rne_oscillator_trace_8rxn_stop_risksched085to09_lr1e4_entropy005_s4_c1_rnetol_d256_depth3_p20,seed373,373,347,34700,100,16,112.03634060215123,123.26623274299729,110.75514793919304,False,max_epochs,1753.184294462204
rl4crn_rne_oscillator_trace_8rxn_stop_risksched085to09_lr1e4_entropy005_s4_c1_rnetol_d256_depth3_p20,seed373,373,348,34800,100,16,115.61553648885672,123.25390099619676,110.75514793919304,False,max_epochs,1758.9740631580353
rl4crn_rne_oscillator_trace_8rxn_stop_risksched085to09_lr1e4_entropy005_s4_c1_rnetol_d256_depth3_p20,seed373,373,349,34900,100,16,111.93348472932912,123.68099796073572,110.75514793919304,False,max_epochs,1764.627417564392
rl4crn_rne_oscillator_trace_8rxn_stop_risksched085to09_lr1e4_entropy005_s4_c1_rnetol_d256_depth3_p20,seed373,373,350,35000,100,16,114.20320126228856,123.20508999967123,110.75514793919304,False,max_epochs,1769.764354467392
rl4crn_rne_oscillator_trace_8rxn_stop_risksched085to09_lr1e4_entropy005_s4_c1_rnetol_d256_depth3_p20,seed373,373,351,35100,100,16,113.45517427539886,124.81530842760097,110.75514793919304,False,max_epochs,1774.9781947135925
rl4crn_rne_oscillator_trace_8rxn_stop_risksched085to09_lr1e4_entropy005_s4_c1_rnetol_d256_depth3_p20,seed373,373,352,35200,100,16,114.14651574595223,123.9281899877569,110.75514793919304,False,max_epochs,1780.7416212558746
rl4crn_rne_oscillator_trace_8rxn_stop_risksched085to09_lr1e4_entropy005_s4_c1_rnetol_d256_depth3_p20,seed373,373,353,35300,100,16,115.8564345761344,123.74338347629407,110.75514793919304,False,max_epochs,1785.8429780006409
rl4crn_rne_oscillator_trace_8rxn_stop_risksched085to09_lr1e4_entropy005_s4_c1_rnetol_d256_depth3_p20,seed373,373,354,35400,100,16,112.09820288148606,122.37205384243808,110.75514793919304,False,max_epochs,1791.1249160766602
rl4crn_rne_oscillator_trace_8rxn_stop_risksched085to09_lr1e4_entropy005_s4_c1_rnetol_d256_depth3_p20,seed373,373,355,35500,100,16,113.47654995367897,122.55687143860202,110.75514793919304,False,max_epochs,1796.0952563285828
rl4crn_rne_oscillator_trace_8rxn_stop_risksched085to09_lr1e4_entropy005_s4_c1_rnetol_d256_depth3_p20,seed373,373,356,35600,100,16,111.91834394981014,122.24868270678117,110.75514793919304,False,max_epochs,1798.6535000801086
rl4crn_rne_oscillator_trace_8rxn_stop_risksched085to09_lr1e4_entropy005_s4_c1_rnetol_d256_depth3_p20,seed373,373,357,35700,100,16,112.25219423576094,124.26755511830231,110.75514793919304,False,max_epochs,1803.8804709911346
rl4crn_rne_oscillator_trace_8rxn_stop_risksched085to09_lr1e4_entropy005_s4_c1_rnetol_d256_depth3_p20,seed373,373,358,35800,100,16,113.21183961481456,122.86313531343592,110.75514793919304,False,max_epochs,1809.2543275356293
rl4crn_rne_oscillator_trace_8rxn_stop_risksched085to09_lr1e4_entropy005_s4_c1_rnetol_d256_depth3_p20,seed373,373,359,35900,100,16,114.11717286311058,123.46893437104552,110.75514793919304,False,max_epochs,1814.4879360198975
rl4crn_rne_oscillator_trace_8rxn_stop_risksched085to09_lr1e4_entropy005_s4_c1_rnetol_d256_depth3_p20,seed373,373,360,36000,100,16,113.81194132603828,122.50302743758425,110.75514793919304,False,max_epochs,1819.7200574874878
rl4crn_rne_oscillator_trace_8rxn_stop_risksched085to09_lr1e4_entropy005_s4_c1_rnetol_d256_depth3_p20,seed373,373,361,36100,100,16,113.40778712677513,122.5298464800385,110.75514793919304,False,max_epochs,1824.8081817626953
rl4crn_rne_oscillator_trace_8rxn_stop_risksched085to09_lr1e4_entropy005_s4_c1_rnetol_d256_depth3_p20,seed373,373,362,36200,100,16,114.71042524943937,123.37706338989301,110.75514793919304,False,max_epochs,1827.0646002292633
rl4crn_rne_oscillator_trace_8rxn_stop_risksched085to09_lr1e4_entropy005_s4_c1_rnetol_d256_depth3_p20,seed373,373,363,36300,100,16,111.43538070263472,122.80130045323844,110.75514793919304,False,max_epochs,1832.3770134449005
rl4crn_rne_oscillator_trace_8rxn_stop_risksched085to09_lr1e4_entropy005_s4_c1_rnetol_d256_depth3_p20,seed373,373,364,36400,100,16,113.54823187262981,121.92099587373777,110.75514793919304,False,max_epochs,1837.7787148952484
rl4crn_rne_oscillator_trace_8rxn_stop_risksched085to09_lr1e4_entropy005_s4_c1_rnetol_d256_depth3_p20,seed373,373,365,36500,100,16,112.89207072981968,121.54421956842198,110.75514793919304,False,max_epochs,1843.4414353370667
rl4crn_rne_oscillator_trace_8rxn_stop_risksched085to09_lr1e4_entropy005_s4_c1_rnetol_d256_depth3_p20,seed373,373,366,36600,100,16,114.25946052062415,122.72521456366333,110.75514793919304,False,max_epochs,1849.1152040958405
rl4crn_rne_oscillator_trace_8rxn_stop_risksched085to09_lr1e4_entropy005_s4_c1_rnetol_d256_depth3_p20,seed373,373,367,36700,100,16,111.32438399369373,122.55535530860945,110.75514793919304,False,max_epochs,1854.6560082435608
rl4crn_rne_oscillator_trace_8rxn_stop_risksched085to09_lr1e4_entropy005_s4_c1_rnetol_d256_depth3_p20,seed373,373,368,36800,100,16,113.6101737015852,123.68093725803972,110.75514793919304,False,max_epochs,1860.0798618793488
rl4crn_rne_oscillator_trace_8rxn_stop_risksched085to09_lr1e4_entropy005_s4_c1_rnetol_d256_depth3_p20,seed373,373,369,36900,100,16,112.32127739574854,123.4412939978022,110.75514793919304,False,max_epochs,1864.7807490825653
rl4crn_rne_oscillator_trace_8rxn_stop_risksched085to09_lr1e4_entropy005_s4_c1_rnetol_d256_depth3_p20,seed373,373,370,37000,100,16,114.2660417108022,123.1379421862559,110.75514793919304,False,max_epochs,1869.932941198349
rl4crn_rne_oscillator_trace_8rxn_stop_risksched085to09_lr1e4_entropy005_s4_c1_rnetol_d256_depth3_p20,seed373,373,371,37100,100,16,112.56558823604232,123.32586039176232,110.75514793919304,False,max_epochs,1872.1728014945984
rl4crn_rne_oscillator_trace_8rxn_stop_risksched085to09_lr1e4_entropy005_s4_c1_rnetol_d256_depth3_p20,seed373,373,372,37200,100,16,112.58738264427929,123.00321716361495,110.75514793919304,False,max_epochs,1877.2240858078003
rl4crn_rne_oscillator_trace_8rxn_stop_risksched085to09_lr1e4_entropy005_s4_c1_rnetol_d256_depth3_p20,seed373,373,373,37300,100,16,113.82649937061275,121.25057361202424,110.75514793919304,False,max_epochs,1882.6670327186584
rl4crn_rne_oscillator_trace_8rxn_stop_risksched085to09_lr1e4_entropy005_s4_c1_rnetol_d256_depth3_p20,seed373,373,374,37400,100,16,112.54418395277713,122.846938840706,110.75514793919304,False,max_epochs,1888.2012326717377
rl4crn_rne_oscillator_trace_8rxn_stop_risksched085to09_lr1e4_entropy005_s4_c1_rnetol_d256_depth3_p20,seed373,373,375,37500,100,16,113.97955200525446,122.80796092285578,110.75514793919304,False,max_epochs,1893.1781210899353
rl4crn_rne_oscillator_trace_8rxn_stop_risksched085to09_lr1e4_entropy005_s4_c1_rnetol_d256_depth3_p20,seed373,373,376,37600,100,16,112.20095705559547,123.89785142556562,110.75514793919304,False,max_epochs,1898.059020280838
rl4crn_rne_oscillator_trace_8rxn_stop_risksched085to09_lr1e4_entropy005_s4_c1_rnetol_d256_depth3_p20,seed373,373,377,37700,100,16,113.44580448196182,123.88769859428591,110.75514793919304,False,max_epochs,1902.8904123306274
rl4crn_rne_oscillator_trace_8rxn_stop_risksched085to09_lr1e4_entropy005_s4_c1_rnetol_d256_depth3_p20,seed373,373,378,37800,100,16,112.9190428349537,122.52335467979017,110.75514793919304,False,max_epochs,1906.283751964569
rl4crn_rne_oscillator_trace_8rxn_stop_risksched085to09_lr1e4_entropy005_s4_c1_rnetol_d256_depth3_p20,seed373,373,379,37900,100,16,113.87547156726454,122.62842583361588,110.75514793919304,False,max_epochs,1910.9689302444458
rl4crn_rne_oscillator_trace_8rxn_stop_risksched085to09_lr1e4_entropy005_s4_c1_rnetol_d256_depth3_p20,seed373,373,380,38000,100,16,114.52403267340917,122.27611932781366,110.75514793919304,False,max_epochs,1916.515288591385
rl4crn_rne_oscillator_trace_8rxn_stop_risksched085to09_lr1e4_entropy005_s4_c1_rnetol_d256_depth3_p20,seed373,373,381,38100,100,16,114.61685111443097,121.53362921787607,110.75514793919304,False,max_epochs,1921.9502847194672
rl4crn_rne_oscillator_trace_8rxn_stop_risksched085to09_lr1e4_entropy005_s4_c1_rnetol_d256_depth3_p20,seed373,373,382,38200,100,16,113.25060674859944,123.76403217217037,110.75514793919304,False,max_epochs,1926.4384870529175
rl4crn_rne_oscillator_trace_8rxn_stop_risksched085to09_lr1e4_entropy005_s4_c1_rnetol_d256_depth3_p20,seed373,373,383,38300,100,16,112.51874083986841,122.61877150687172,110.75514793919304,False,max_epochs,1931.5869743824005
rl4crn_rne_oscillator_trace_8rxn_stop_risksched085to09_lr1e4_entropy005_s4_c1_rnetol_d256_depth3_p20,seed373,373,384,38400,100,16,112.47369813604712,122.08100429847443,110.75514793919304,False,max_epochs,1933.9531779289246
rl4crn_rne_oscillator_trace_8rxn_stop_risksched085to09_lr1e4_entropy005_s4_c1_rnetol_d256_depth3_p20,seed373,373,385,38500,100,16,113.37607384848417,125.16340148176101,110.75514793919304,False,max_epochs,1939.0970973968506
rl4crn_rne_oscillator_trace_8rxn_stop_risksched085to09_lr1e4_entropy005_s4_c1_rnetol_d256_depth3_p20,seed373,373,386,38600,100,16,113.36097073694302,123.76848745107424,110.75514793919304,False,max_epochs,1944.8580725193024
rl4crn_rne_oscillator_trace_8rxn_stop_risksched085to09_lr1e4_entropy005_s4_c1_rnetol_d256_depth3_p20,seed373,373,387,38700,100,16,113.58688651820252,122.15334876623123,110.75514793919304,False,max_epochs,1950.3285028934479
rl4crn_rne_oscillator_trace_8rxn_stop_risksched085to09_lr1e4_entropy005_s4_c1_rnetol_d256_depth3_p20,seed373,373,388,38800,100,16,112.56598701723313,122.99241375020375,110.75514793919304,False,max_epochs,1956.2719054222107
rl4crn_rne_oscillator_trace_8rxn_stop_risksched085to09_lr1e4_entropy005_s4_c1_rnetol_d256_depth3_p20,seed373,373,389,38900,100,16,114.35774765074505,123.18161807487415,110.75514793919304,False,max_epochs,1961.579120874405
rl4crn_rne_oscillator_trace_8rxn_stop_risksched085to09_lr1e4_entropy005_s4_c1_rnetol_d256_depth3_p20,seed373,373,390,39000,100,16,113.95881453143062,122.778965558532,110.75514793919304,False,max_epochs,1967.2028512954712
rl4crn_rne_oscillator_trace_8rxn_stop_risksched085to09_lr1e4_entropy005_s4_c1_rnetol_d256_depth3_p20,seed373,373,391,39100,100,16,109.69527990241892,121.4631017068144,109.69527990241892,False,max_epochs,1972.169391155243
rl4crn_rne_oscillator_trace_8rxn_stop_risksched085to09_lr1e4_entropy005_s4_c1_rnetol_d256_depth3_p20,seed373,373,392,39200,100,16,111.72720682835111,120.7392243787883,109.69527990241892,False,max_epochs,1977.4776859283447
rl4crn_rne_oscillator_trace_8rxn_stop_risksched085to09_lr1e4_entropy005_s4_c1_rnetol_d256_depth3_p20,seed373,373,393,39300,100,16,113.32630327612678,122.48605913771236,109.69527990241892,False,max_epochs,1979.7273344993591
rl4crn_rne_oscillator_trace_8rxn_stop_risksched085to09_lr1e4_entropy005_s4_c1_rnetol_d256_depth3_p20,seed373,373,394,39400,100,16,112.747123987208,122.40603847424993,109.69527990241892,False,max_epochs,1985.1063888072968
rl4crn_rne_oscillator_trace_8rxn_stop_risksched085to09_lr1e4_entropy005_s4_c1_rnetol_d256_depth3_p20,seed373,373,395,39500,100,16,110.92834123417116,121.9636072820241,109.69527990241892,False,max_epochs,1989.9688544273376
rl4crn_rne_oscillator_trace_8rxn_stop_risksched085to09_lr1e4_entropy005_s4_c1_rnetol_d256_depth3_p20,seed373,373,396,39600,100,16,113.68780830632356,122.41587671180959,109.69527990241892,False,max_epochs,1995.4834089279175
rl4crn_rne_oscillator_trace_8rxn_stop_risksched085to09_lr1e4_entropy005_s4_c1_rnetol_d256_depth3_p20,seed373,373,397,39700,100,16,113.38877789372224,120.97830562576814,109.69527990241892,False,max_epochs,2000.7551362514496
rl4crn_rne_oscillator_trace_8rxn_stop_risksched085to09_lr1e4_entropy005_s4_c1_rnetol_d256_depth3_p20,seed373,373,398,39800,100,16,112.04737152541279,122.22062586417894,109.69527990241892,False,max_epochs,2006.1220304965973
rl4crn_rne_oscillator_trace_8rxn_stop_risksched085to09_lr1e4_entropy005_s4_c1_rnetol_d256_depth3_p20,seed373,373,399,39900,100,16,113.43331894603858,123.28073003267241,109.69527990241892,False,max_epochs,2010.7035686969757
rl4crn_rne_oscillator_trace_8rxn_stop_risksched085to09_lr1e4_entropy005_s4_c1_rnetol_d256_depth3_p20,seed373,373,400,40000,100,16,112.33006425824323,122.24680699616182,109.69527990241892,False,max_epochs,2013.411084651947
rl4crn_rne_oscillator_trace_8rxn_stop_risksched085to09_lr1e4_entropy005_s4_c1_rnetol_d256_depth3_p20,seed373,373,401,40100,100,16,112.85306033631475,123.56078652728756,109.69527990241892,False,max_epochs,2018.8524289131165
rl4crn_rne_oscillator_trace_8rxn_stop_risksched085to09_lr1e4_entropy005_s4_c1_rnetol_d256_depth3_p20,seed373,373,402,40200,100,16,111.49466390239819,122.31942250067104,109.69527990241892,False,max_epochs,2024.3671205043793
rl4crn_rne_oscillator_trace_8rxn_stop_risksched085to09_lr1e4_entropy005_s4_c1_rnetol_d256_depth3_p20,seed373,373,403,40300,100,16,112.94809859340437,121.61747672693734,109.69527990241892,False,max_epochs,2029.9023802280426
rl4crn_rne_oscillator_trace_8rxn_stop_risksched085to09_lr1e4_entropy005_s4_c1_rnetol_d256_depth3_p20,seed373,373,404,40400,100,16,112.22270243841594,121.12730988279507,109.69527990241892,False,max_epochs,2035.5673236846924
rl4crn_rne_oscillator_trace_8rxn_stop_risksched085to09_lr1e4_entropy005_s4_c1_rnetol_d256_depth3_p20,seed373,373,405,40500,100,16,111.66197627361736,122.17152829129387,109.69527990241892,False,max_epochs,2041.307445526123
rl4crn_rne_oscillator_trace_8rxn_stop_risksched085to09_lr1e4_entropy005_s4_c1_rnetol_d256_depth3_p20,seed373,373,406,40600,100,16,112.06360479670208,123.5481667867728,109.69527990241892,False,max_epochs,2047.1491208076477
rl4crn_rne_oscillator_trace_8rxn_stop_risksched085to09_lr1e4_entropy005_s4_c1_rnetol_d256_depth3_p20,seed373,373,407,40700,100,16,112.8187661303058,123.27335442490838,109.69527990241892,False,max_epochs,2052.4256398677826
rl4crn_rne_oscillator_trace_8rxn_stop_risksched085to09_lr1e4_entropy005_s4_c1_rnetol_d256_depth3_p20,seed373,373,408,40800,100,16,111.90657290004972,121.19525868959013,109.69527990241892,False,max_epochs,2058.2866575717926
rl4crn_rne_oscillator_trace_8rxn_stop_risksched085to09_lr1e4_entropy005_s4_c1_rnetol_d256_depth3_p20,seed373,373,409,40900,100,16,112.77916342512864,122.87960353852597,109.69527990241892,False,max_epochs,2063.746751308441
rl4crn_rne_oscillator_trace_8rxn_stop_risksched085to09_lr1e4_entropy005_s4_c1_rnetol_d256_depth3_p20,seed373,373,410,41000,100,16,113.40545161030371,122.32265839945134,109.69527990241892,False,max_epochs,2069.199227333069
rl4crn_rne_oscillator_trace_8rxn_stop_risksched085to09_lr1e4_entropy005_s4_c1_rnetol_d256_depth3_p20,seed373,373,411,41100,100,16,112.42662306965236,120.48279062094585,109.69527990241892,False,max_epochs,2074.4959387779236
rl4crn_rne_oscillator_trace_8rxn_stop_risksched085to09_lr1e4_entropy005_s4_c1_rnetol_d256_depth3_p20,seed373,373,412,41200,100,16,113.41313280822371,123.25901670297603,109.69527990241892,False,max_epochs,2079.486050605774
rl4crn_rne_oscillator_trace_8rxn_stop_risksched085to09_lr1e4_entropy005_s4_c1_rnetol_d256_depth3_p20,seed373,373,413,41300,100,16,111.67693271528206,122.39298458009912,109.69527990241892,False,max_epochs,2083.8797705173492
rl4crn_rne_oscillator_trace_8rxn_stop_risksched085to09_lr1e4_entropy005_s4_c1_rnetol_d256_depth3_p20,seed373,373,414,41400,100,16,112.2315102235415,122.82713729903574,109.69527990241892,False,max_epochs,2086.6112489700317
rl4crn_rne_oscillator_trace_8rxn_stop_risksched085to09_lr1e4_entropy005_s4_c1_rnetol_d256_depth3_p20,seed373,373,415,41500,100,16,113.380767309783,123.23875328622394,109.69527990241892,False,max_epochs,2092.017787694931
rl4crn_rne_oscillator_trace_8rxn_stop_risksched085to09_lr1e4_entropy005_s4_c1_rnetol_d256_depth3_p20,seed373,373,416,41600,100,16,113.19960882618122,123.04858894983931,109.69527990241892,False,max_epochs,2097.6347460746765
rl4crn_rne_oscillator_trace_8rxn_stop_risksched085to09_lr1e4_entropy005_s4_c1_rnetol_d256_depth3_p20,seed373,373,417,41700,100,16,112.59536476513713,121.86141520336483,109.69527990241892,False,max_epochs,2103.6873350143433
rl4crn_rne_oscillator_trace_8rxn_stop_risksched085to09_lr1e4_entropy005_s4_c1_rnetol_d256_depth3_p20,seed373,373,418,41800,100,16,104.99191536907713,124.20698767582061,104.99191536907713,False,max_epochs,2109.155274629593
rl4crn_rne_oscillator_trace_8rxn_stop_risksched085to09_lr1e4_entropy005_s4_c1_rnetol_d256_depth3_p20,seed373,373,419,41900,100,16,113.26379557549078,124.4230972574865,104.99191536907713,False,max_epochs,2114.0728089809418
rl4crn_rne_oscillator_trace_8rxn_stop_risksched085to09_lr1e4_entropy005_s4_c1_rnetol_d256_depth3_p20,seed373,373,420,42000,100,16,112.06522754508008,124.60038636830981,104.99191536907713,False,max_epochs,2119.1432597637177
rl4crn_rne_oscillator_trace_8rxn_stop_risksched085to09_lr1e4_entropy005_s4_c1_rnetol_d256_depth3_p20,seed373,373,421,42100,100,16,108.247048953147,123.24017396354398,104.99191536907713,False,max_epochs,2124.1754746437073
rl4crn_rne_oscillator_trace_8rxn_stop_risksched085to09_lr1e4_entropy005_s4_c1_rnetol_d256_depth3_p20,seed373,373,422,42200,100,16,112.48700083137896,125.60248297170114,104.99191536907713,False,max_epochs,2126.6766242980957
rl4crn_rne_oscillator_trace_8rxn_stop_risksched085to09_lr1e4_entropy005_s4_c1_rnetol_d256_depth3_p20,seed373,373,423,42300,100,16,114.34087854003882,125.87906612779975,104.99191536907713,False,max_epochs,2131.889499425888
rl4crn_rne_oscillator_trace_8rxn_stop_risksched085to09_lr1e4_entropy005_s4_c1_rnetol_d256_depth3_p20,seed373,373,424,42400,100,16,113.82891322661078,126.92543394594344,104.99191536907713,False,max_epochs,2137.5331988334656
rl4crn_rne_oscillator_trace_8rxn_stop_risksched085to09_lr1e4_entropy005_s4_c1_rnetol_d256_depth3_p20,seed373,373,425,42500,100,16,113.68377874874388,123.29991140171987,104.99191536907713,False,max_epochs,2143.3635432720184
rl4crn_rne_oscillator_trace_8rxn_stop_risksched085to09_lr1e4_entropy005_s4_c1_rnetol_d256_depth3_p20,seed373,373,426,42600,100,16,113.4935998386575,124.60805559719319,104.99191536907713,False,max_epochs,2148.4353890419006
rl4crn_rne_oscillator_trace_8rxn_stop_risksched085to09_lr1e4_entropy005_s4_c1_rnetol_d256_depth3_p20,seed373,373,427,42700,100,16,111.53445847226052,124.59478567941903,104.99191536907713,False,max_epochs,2154.4955501556396
rl4crn_rne_oscillator_trace_8rxn_stop_risksched085to09_lr1e4_entropy005_s4_c1_rnetol_d256_depth3_p20,seed373,373,428,42800,100,16,113.66854319109761,123.55846875543348,104.99191536907713,False,max_epochs,2159.9681577682495
rl4crn_rne_oscillator_trace_8rxn_stop_risksched085to09_lr1e4_entropy005_s4_c1_rnetol_d256_depth3_p20,seed373,373,429,42900,100,16,112.37151077573753,124.63654229910892,104.99191536907713,False,max_epochs,2166.0353140830994
rl4crn_rne_oscillator_trace_8rxn_stop_risksched085to09_lr1e4_entropy005_s4_c1_rnetol_d256_depth3_p20,seed373,373,430,43000,100,16,112.46634325600905,124.5397321444738,104.99191536907713,False,max_epochs,2171.480456352234
rl4crn_rne_oscillator_trace_8rxn_stop_risksched085to09_lr1e4_entropy005_s4_c1_rnetol_d256_depth3_p20,seed373,373,431,43100,100,16,117.13688469119569,125.62651753275487,104.99191536907713,False,max_epochs,2176.673535346985
rl4crn_rne_oscillator_trace_8rxn_stop_risksched085to09_lr1e4_entropy005_s4_c1_rnetol_d256_depth3_p20,seed373,373,432,43200,100,16,115.06997295869736,126.35865379638705,104.99191536907713,False,max_epochs,2181.7843251228333
rl4crn_rne_oscillator_trace_8rxn_stop_risksched085to09_lr1e4_entropy005_s4_c1_rnetol_d256_depth3_p20,seed373,373,433,43300,100,16,113.18027906086624,127.23429865790379,104.99191536907713,False,max_epochs,2187.0851736068726
rl4crn_rne_oscillator_trace_8rxn_stop_risksched085to09_lr1e4_entropy005_s4_c1_rnetol_d256_depth3_p20,seed373,373,434,43400,100,16,112.91525616602149,125.41322082706135,104.99191536907713,False,max_epochs,2190.346318244934
rl4crn_rne_oscillator_trace_8rxn_stop_risksched085to09_lr1e4_entropy005_s4_c1_rnetol_d256_depth3_p20,seed373,373,435,43500,100,16,112.03076358174305,127.43466420056131,104.99191536907713,False,max_epochs,2194.646978378296
rl4crn_rne_oscillator_trace_8rxn_stop_risksched085to09_lr1e4_entropy005_s4_c1_rnetol_d256_depth3_p20,seed373,373,436,43600,100,16,111.96751840134563,122.55242412080946,104.99191536907713,False,max_epochs,2200.022644996643
rl4crn_rne_oscillator_trace_8rxn_stop_risksched085to09_lr1e4_entropy005_s4_c1_rnetol_d256_depth3_p20,seed373,373,437,43700,100,16,114.43983141886793,126.77777768940207,104.99191536907713,False,max_epochs,2206.0935792922974
rl4crn_rne_oscillator_trace_8rxn_stop_risksched085to09_lr1e4_entropy005_s4_c1_rnetol_d256_depth3_p20,seed373,373,438,43800,100,16,113.34375356975687,126.39073934872224,104.99191536907713,False,max_epochs,2211.1444318294525
rl4crn_rne_oscillator_trace_8rxn_stop_risksched085to09_lr1e4_entropy005_s4_c1_rnetol_d256_depth3_p20,seed373,373,439,43900,100,16,112.5943190671088,123.50731019188822,104.99191536907713,False,max_epochs,2216.55983376503
rl4crn_rne_oscillator_trace_8rxn_stop_risksched085to09_lr1e4_entropy005_s4_c1_rnetol_d256_depth3_p20,seed373,373,440,44000,100,16,113.2576960779058,127.85251667996506,104.99191536907713,False,max_epochs,2221.7910425662994
rl4crn_rne_oscillator_trace_8rxn_stop_risksched085to09_lr1e4_entropy005_s4_c1_rnetol_d256_depth3_p20,seed373,373,441,44100,100,16,113.51435660272352,127.25680118992972,104.99191536907713,False,max_epochs,2227.077937602997
rl4crn_rne_oscillator_trace_8rxn_stop_risksched085to09_lr1e4_entropy005_s4_c1_rnetol_d256_depth3_p20,seed373,373,442,44200,100,16,105.71934503189857,123.5990759899146,104.99191536907713,False,max_epochs,2231.7151172161102
rl4crn_rne_oscillator_trace_8rxn_stop_risksched085to09_lr1e4_entropy005_s4_c1_rnetol_d256_depth3_p20,seed373,373,443,44300,100,16,114.09747976670506,126.2581325379611,104.99191536907713,False,max_epochs,2234.8596246242523
rl4crn_rne_oscillator_trace_8rxn_stop_risksched085to09_lr1e4_entropy005_s4_c1_rnetol_d256_depth3_p20,seed373,373,444,44400,100,16,112.71000450943093,121.45710845462176,104.99191536907713,False,max_epochs,2239.883449077606
rl4crn_rne_oscillator_trace_8rxn_stop_risksched085to09_lr1e4_entropy005_s4_c1_rnetol_d256_depth3_p20,seed373,373,445,44500,100,16,111.2707820471111,125.03877648646464,104.99191536907713,False,max_epochs,2244.8285069465637
rl4crn_rne_oscillator_trace_8rxn_stop_risksched085to09_lr1e4_entropy005_s4_c1_rnetol_d256_depth3_p20,seed373,373,446,44600,100,16,115.67511009549303,125.0142357745485,104.99191536907713,False,max_epochs,2250.312969684601
rl4crn_rne_oscillator_trace_8rxn_stop_risksched085to09_lr1e4_entropy005_s4_c1_rnetol_d256_depth3_p20,seed373,373,447,44700,100,16,114.14091287012509,122.18819264827034,104.99191536907713,False,max_epochs,2255.3616936206818
rl4crn_rne_oscillator_trace_8rxn_stop_risksched085to09_lr1e4_entropy005_s4_c1_rnetol_d256_depth3_p20,seed373,373,448,44800,100,16,113.2379442016445,126.71400236199912,104.99191536907713,False,max_epochs,2260.6199021339417
rl4crn_rne_oscillator_trace_8rxn_stop_risksched085to09_lr1e4_entropy005_s4_c1_rnetol_d256_depth3_p20,seed373,373,449,44900,100,16,113.38320524524548,126.7406140820554,104.99191536907713,False,max_epochs,2262.9339599609375
rl4crn_rne_oscillator_trace_8rxn_stop_risksched085to09_lr1e4_entropy005_s4_c1_rnetol_d256_depth3_p20,seed373,373,450,45000,100,16,112.39135590865706,126.70126972134662,104.99191536907713,False,max_epochs,2267.954567193985
rl4crn_rne_oscillator_trace_8rxn_stop_risksched085to09_lr1e4_entropy005_s4_c1_rnetol_d256_depth3_p20,seed373,373,451,45100,100,16,113.31624913728055,128.16342703520488,104.99191536907713,False,max_epochs,2273.0910263061523
rl4crn_rne_oscillator_trace_8rxn_stop_risksched085to09_lr1e4_entropy005_s4_c1_rnetol_d256_depth3_p20,seed373,373,452,45200,100,16,113.50333566818337,129.39272546311315,104.99191536907713,False,max_epochs,2278.838353395462
rl4crn_rne_oscillator_trace_8rxn_stop_risksched085to09_lr1e4_entropy005_s4_c1_rnetol_d256_depth3_p20,seed373,373,453,45300,100,16,113.385730252786,126.4546553507945,104.99191536907713,False,max_epochs,2284.2956545352936
rl4crn_rne_oscillator_trace_8rxn_stop_risksched085to09_lr1e4_entropy005_s4_c1_rnetol_d256_depth3_p20,seed373,373,454,45400,100,16,111.98538753467074,127.58121014814932,104.99191536907713,False,max_epochs,2289.8772797584534
rl4crn_rne_oscillator_trace_8rxn_stop_risksched085to09_lr1e4_entropy005_s4_c1_rnetol_d256_depth3_p20,seed373,373,455,45500,100,16,115.54411427643197,124.22075296864413,104.99191536907713,False,max_epochs,2295.128832578659
rl4crn_rne_oscillator_trace_8rxn_stop_risksched085to09_lr1e4_entropy005_s4_c1_rnetol_d256_depth3_p20,seed373,373,456,45600,100,16,113.59924282924756,124.03683687621262,104.99191536907713,False,max_epochs,2300.2940146923065
rl4crn_rne_oscillator_trace_8rxn_stop_risksched085to09_lr1e4_entropy005_s4_c1_rnetol_d256_depth3_p20,seed373,373,457,45700,100,16,114.95825027708275,127.4552309036269,104.99191536907713,False,max_epochs,2304.9327828884125
rl4crn_rne_oscillator_trace_8rxn_stop_risksched085to09_lr1e4_entropy005_s4_c1_rnetol_d256_depth3_p20,seed373,373,458,45800,100,16,113.0879161858415,124.91964342252373,104.99191536907713,False,max_epochs,2307.4338495731354
rl4crn_rne_oscillator_trace_8rxn_stop_risksched085to09_lr1e4_entropy005_s4_c1_rnetol_d256_depth3_p20,seed373,373,459,45900,100,16,113.49552355280807,123.07641793153482,104.99191536907713,False,max_epochs,2312.762506008148
rl4crn_rne_oscillator_trace_8rxn_stop_risksched085to09_lr1e4_entropy005_s4_c1_rnetol_d256_depth3_p20,seed373,373,460,46000,100,16,113.14874407890623,124.16125777608161,104.99191536907713,False,max_epochs,2318.4743316173553
rl4crn_rne_oscillator_trace_8rxn_stop_risksched085to09_lr1e4_entropy005_s4_c1_rnetol_d256_depth3_p20,seed373,373,461,46100,100,16,113.66013590171556,124.3427895803378,104.99191536907713,False,max_epochs,2324.2283911705017
rl4crn_rne_oscillator_trace_8rxn_stop_risksched085to09_lr1e4_entropy005_s4_c1_rnetol_d256_depth3_p20,seed373,373,462,46200,100,16,113.91001889311156,127.16531685427846,104.99191536907713,False,max_epochs,2329.6418635845184
rl4crn_rne_oscillator_trace_8rxn_stop_risksched085to09_lr1e4_entropy005_s4_c1_rnetol_d256_depth3_p20,seed373,373,463,46300,100,16,110.89830023076829,127.54804675222215,104.99191536907713,False,max_epochs,2335.2467708587646
rl4crn_rne_oscillator_trace_8rxn_stop_risksched085to09_lr1e4_entropy005_s4_c1_rnetol_d256_depth3_p20,seed373,373,464,46400,100,16,105.38461694418496,128.98707740310167,104.99191536907713,False,max_epochs,2340.971317768097
rl4crn_rne_oscillator_trace_8rxn_stop_risksched085to09_lr1e4_entropy005_s4_c1_rnetol_d256_depth3_p20,seed373,373,465,46500,100,16,113.20395365951134,125.78777623174366,104.99191536907713,False,max_epochs,2346.684070110321
rl4crn_rne_oscillator_trace_8rxn_stop_risksched085to09_lr1e4_entropy005_s4_c1_rnetol_d256_depth3_p20,seed373,373,466,46600,100,16,113.16158440264168,125.51057442540741,104.99191536907713,False,max_epochs,2352.262189388275
rl4crn_rne_oscillator_trace_8rxn_stop_risksched085to09_lr1e4_entropy005_s4_c1_rnetol_d256_depth3_p20,seed373,373,467,46700,100,16,115.00331466790848,126.46002153430692,104.99191536907713,False,max_epochs,2358.2513659000397
rl4crn_rne_oscillator_trace_8rxn_stop_risksched085to09_lr1e4_entropy005_s4_c1_rnetol_d256_depth3_p20,seed373,373,468,46800,100,16,114.55845912663725,125.92772632270498,104.99191536907713,False,max_epochs,2364.2809262275696
rl4crn_rne_oscillator_trace_8rxn_stop_risksched085to09_lr1e4_entropy005_s4_c1_rnetol_d256_depth3_p20,seed373,373,469,46900,100,16,109.67278449743692,126.00543415298011,104.99191536907713,False,max_epochs,2369.398942232132
rl4crn_rne_oscillator_trace_8rxn_stop_risksched085to09_lr1e4_entropy005_s4_c1_rnetol_d256_depth3_p20,seed373,373,470,47000,100,16,114.40851650905769,125.90422588850164,104.99191536907713,False,max_epochs,2375.0715761184692
rl4crn_rne_oscillator_trace_8rxn_stop_risksched085to09_lr1e4_entropy005_s4_c1_rnetol_d256_depth3_p20,seed373,373,471,47100,100,16,107.79408526145399,124.43637790978977,104.99191536907713,False,max_epochs,2380.8749861717224
rl4crn_rne_oscillator_trace_8rxn_stop_risksched085to09_lr1e4_entropy005_s4_c1_rnetol_d256_depth3_p20,seed373,373,472,47200,100,16,113.08362502437708,123.9923713981062,104.99191536907713,False,max_epochs,2386.8286809921265
rl4crn_rne_oscillator_trace_8rxn_stop_risksched085to09_lr1e4_entropy005_s4_c1_rnetol_d256_depth3_p20,seed373,373,473,47300,100,16,112.3934226961984,127.09895319898355,104.99191536907713,False,max_epochs,2392.52854514122
rl4crn_rne_oscillator_trace_8rxn_stop_risksched085to09_lr1e4_entropy005_s4_c1_rnetol_d256_depth3_p20,seed373,373,474,47400,100,16,114.72886200451104,123.45199071209298,104.99191536907713,False,max_epochs,2397.771043777466
rl4crn_rne_oscillator_trace_8rxn_stop_risksched085to09_lr1e4_entropy005_s4_c1_rnetol_d256_depth3_p20,seed373,373,475,47500,100,16,112.38509718434698,124.42376364204743,104.99191536907713,False,max_epochs,2403.003198623657
rl4crn_rne_oscillator_trace_8rxn_stop_risksched085to09_lr1e4_entropy005_s4_c1_rnetol_d256_depth3_p20,seed373,373,476,47600,100,16,96.22261240180565,122.27236267291028,96.22261240180565,False,max_epochs,2408.3581256866455
rl4crn_rne_oscillator_trace_8rxn_stop_risksched085to09_lr1e4_entropy005_s4_c1_rnetol_d256_depth3_p20,seed373,373,477,47700,100,16,107.24636398985008,126.06776915165554,96.22261240180565,False,max_epochs,2413.394517183304
rl4crn_rne_oscillator_trace_8rxn_stop_risksched085to09_lr1e4_entropy005_s4_c1_rnetol_d256_depth3_p20,seed373,373,478,47800,100,16,114.7771056259474,128.41304428993686,96.22261240180565,False,max_epochs,2415.9673359394073
rl4crn_rne_oscillator_trace_8rxn_stop_risksched085to09_lr1e4_entropy005_s4_c1_rnetol_d256_depth3_p20,seed373,373,479,47900,100,16,112.7603738093431,124.66506308812626,96.22261240180565,False,max_epochs,2421.1783900260925
rl4crn_rne_oscillator_trace_8rxn_stop_risksched085to09_lr1e4_entropy005_s4_c1_rnetol_d256_depth3_p20,seed373,373,480,48000,100,16,114.96393228829909,126.89734693557881,96.22261240180565,False,max_epochs,2426.891212940216
rl4crn_rne_oscillator_trace_8rxn_stop_risksched085to09_lr1e4_entropy005_s4_c1_rnetol_d256_depth3_p20,seed373,373,481,48100,100,16,112.83814148359802,125.81347673252932,96.22261240180565,False,max_epochs,2431.86865401268
rl4crn_rne_oscillator_trace_8rxn_stop_risksched085to09_lr1e4_entropy005_s4_c1_rnetol_d256_depth3_p20,seed373,373,482,48200,100,16,113.89866385357581,123.49490928142785,96.22261240180565,False,max_epochs,2437.5073409080505
rl4crn_rne_oscillator_trace_8rxn_stop_risksched085to09_lr1e4_entropy005_s4_c1_rnetol_d256_depth3_p20,seed373,373,483,48300,100,16,112.12295507681057,128.84521608053097,96.22261240180565,False,max_epochs,2443.1772406101227
rl4crn_rne_oscillator_trace_8rxn_stop_risksched085to09_lr1e4_entropy005_s4_c1_rnetol_d256_depth3_p20,seed373,373,484,48400,100,16,99.38965023907468,125.29471582282028,96.22261240180565,False,max_epochs,2449.1811616420746
rl4crn_rne_oscillator_trace_8rxn_stop_risksched085to09_lr1e4_entropy005_s4_c1_rnetol_d256_depth3_p20,seed373,373,485,48500,100,16,104.62446419741008,126.10226147027797,96.22261240180565,False,max_epochs,2454.92630982399
rl4crn_rne_oscillator_trace_8rxn_stop_risksched085to09_lr1e4_entropy005_s4_c1_rnetol_d256_depth3_p20,seed373,373,486,48600,100,16,111.9408774506771,128.54871004671915,96.22261240180565,False,max_epochs,2460.1378631591797
rl4crn_rne_oscillator_trace_8rxn_stop_risksched085to09_lr1e4_entropy005_s4_c1_rnetol_d256_depth3_p20,seed373,373,487,48700,100,16,113.27374190762205,128.71233258455183,96.22261240180565,False,max_epochs,2464.879646062851
rl4crn_rne_oscillator_trace_8rxn_stop_risksched085to09_lr1e4_entropy005_s4_c1_rnetol_d256_depth3_p20,seed373,373,488,48800,100,16,113.27863258674918,128.81343316092966,96.22261240180565,False,max_epochs,2470.224380016327
rl4crn_rne_oscillator_trace_8rxn_stop_risksched085to09_lr1e4_entropy005_s4_c1_rnetol_d256_depth3_p20,seed373,373,489,48900,100,16,113.89286170801444,126.07959665288894,96.22261240180565,False,max_epochs,2474.569331884384
rl4crn_rne_oscillator_trace_8rxn_stop_risksched085to09_lr1e4_entropy005_s4_c1_rnetol_d256_depth3_p20,seed373,373,490,49000,100,16,113.99854011538788,126.29948403028757,96.22261240180565,False,max_epochs,2477.5440199375153
rl4crn_rne_oscillator_trace_8rxn_stop_risksched085to09_lr1e4_entropy005_s4_c1_rnetol_d256_depth3_p20,seed373,373,491,49100,100,16,114.08676844451384,123.36976576416717,96.22261240180565,False,max_epochs,2483.197943687439
rl4crn_rne_oscillator_trace_8rxn_stop_risksched085to09_lr1e4_entropy005_s4_c1_rnetol_d256_depth3_p20,seed373,373,492,49200,100,16,101.74547898202201,124.7886420570008,96.22261240180565,False,max_epochs,2488.9361968040466
rl4crn_rne_oscillator_trace_8rxn_stop_risksched085to09_lr1e4_entropy005_s4_c1_rnetol_d256_depth3_p20,seed373,373,493,49300,100,16,114.5279575638824,128.1426466049403,96.22261240180565,False,max_epochs,2494.684019088745
rl4crn_rne_oscillator_trace_8rxn_stop_risksched085to09_lr1e4_entropy005_s4_c1_rnetol_d256_depth3_p20,seed373,373,494,49400,100,16,114.82384890864196,129.05933285686976,96.22261240180565,False,max_epochs,2500.123949766159
rl4crn_rne_oscillator_trace_8rxn_stop_risksched085to09_lr1e4_entropy005_s4_c1_rnetol_d256_depth3_p20,seed373,373,495,49500,100,16,115.87368513040805,129.150439025498,96.22261240180565,False,max_epochs,2505.332904100418
rl4crn_rne_oscillator_trace_8rxn_stop_risksched085to09_lr1e4_entropy005_s4_c1_rnetol_d256_depth3_p20,seed373,373,496,49600,100,16,113.31204266196349,131.11187944094212,96.22261240180565,False,max_epochs,2510.650247335434
rl4crn_rne_oscillator_trace_8rxn_stop_risksched085to09_lr1e4_entropy005_s4_c1_rnetol_d256_depth3_p20,seed373,373,497,49700,100,16,114.04065904902917,128.81277925159216,96.22261240180565,False,max_epochs,2515.513371706009
rl4crn_rne_oscillator_trace_8rxn_stop_risksched085to09_lr1e4_entropy005_s4_c1_rnetol_d256_depth3_p20,seed373,373,498,49800,100,16,114.41467853083371,129.13990110787455,96.22261240180565,False,max_epochs,2517.849717617035
rl4crn_rne_oscillator_trace_8rxn_stop_risksched085to09_lr1e4_entropy005_s4_c1_rnetol_d256_depth3_p20,seed373,373,499,49900,100,16,112.17569197173165,127.00917760597582,96.22261240180565,False,max_epochs,2522.8891830444336
rl4crn_rne_oscillator_trace_8rxn_stop_risksched085to09_lr1e4_entropy005_s4_c1_rnetol_d256_depth3_p20,seed373,373,500,50000,100,16,106.2397755207272,124.50101457942912,96.22261240180565,False,max_epochs,2528.1554701328278
rl4crn_rne_oscillator_trace_8rxn_stop_risksched085to09_lr1e4_entropy005_s4_c1_rnetol_d256_depth3_p20,seed373,373,501,50100,100,16,114.61876894840654,129.11177327516367,96.22261240180565,False,max_epochs,2533.7247519493103
rl4crn_rne_oscillator_trace_8rxn_stop_risksched085to09_lr1e4_entropy005_s4_c1_rnetol_d256_depth3_p20,seed373,373,502,50200,100,16,113.48409219729774,124.46555541654021,96.22261240180565,False,max_epochs,2539.444533109665
rl4crn_rne_oscillator_trace_8rxn_stop_risksched085to09_lr1e4_entropy005_s4_c1_rnetol_d256_depth3_p20,seed373,373,503,50300,100,16,108.76350774633477,125.94582009220423,96.22261240180565,False,max_epochs,2545.5319526195526
rl4crn_rne_oscillator_trace_8rxn_stop_risksched085to09_lr1e4_entropy005_s4_c1_rnetol_d256_depth3_p20,seed373,373,504,50400,100,16,113.76994781399279,126.54187369460459,96.22261240180565,False,max_epochs,2551.1145129203796
rl4crn_rne_oscillator_trace_8rxn_stop_risksched085to09_lr1e4_entropy005_s4_c1_rnetol_d256_depth3_p20,seed373,373,505,50500,100,16,112.52150516926022,129.50779791835413,96.22261240180565,False,max_epochs,2556.3988494873047
rl4crn_rne_oscillator_trace_8rxn_stop_risksched085to09_lr1e4_entropy005_s4_c1_rnetol_d256_depth3_p20,seed373,373,506,50600,100,16,112.15407202509769,127.93143807039394,96.22261240180565,False,max_epochs,2561.7867753505707
rl4crn_rne_oscillator_trace_8rxn_stop_risksched085to09_lr1e4_entropy005_s4_c1_rnetol_d256_depth3_p20,seed373,373,507,50700,100,16,111.93744893552092,127.91975765547423,96.22261240180565,False,max_epochs,2567.1204266548157
rl4crn_rne_oscillator_trace_8rxn_stop_risksched085to09_lr1e4_entropy005_s4_c1_rnetol_d256_depth3_p20,seed373,373,508,50800,100,16,112.70253131631341,128.12899163396395,96.22261240180565,False,max_epochs,2572.4229533672333
rl4crn_rne_oscillator_trace_8rxn_stop_risksched085to09_lr1e4_entropy005_s4_c1_rnetol_d256_depth3_p20,seed373,373,509,50900,100,16,111.784550069995,123.92246349639944,96.22261240180565,False,max_epochs,2577.6695318222046
rl4crn_rne_oscillator_trace_8rxn_stop_risksched085to09_lr1e4_entropy005_s4_c1_rnetol_d256_depth3_p20,seed373,373,510,51000,100,16,107.0540511759523,129.3610313825739,96.22261240180565,False,max_epochs,2581.5636563301086
rl4crn_rne_oscillator_trace_8rxn_stop_risksched085to09_lr1e4_entropy005_s4_c1_rnetol_d256_depth3_p20,seed373,373,511,51100,100,16,115.32534797702101,129.09282126809734,96.22261240180565,False,max_epochs,2585.345908641815
rl4crn_rne_oscillator_trace_8rxn_stop_risksched085to09_lr1e4_entropy005_s4_c1_rnetol_d256_depth3_p20,seed373,373,512,51200,100,16,112.61876019371655,128.63502609191636,96.22261240180565,False,max_epochs,2590.3737428188324
rl4crn_rne_oscillator_trace_8rxn_stop_risksched085to09_lr1e4_entropy005_s4_c1_rnetol_d256_depth3_p20,seed373,373,513,51300,100,16,113.72652692581892,128.27325347164827,96.22261240180565,False,max_epochs,2596.3430140018463
rl4crn_rne_oscillator_trace_8rxn_stop_risksched085to09_lr1e4_entropy005_s4_c1_rnetol_d256_depth3_p20,seed373,373,514,51400,100,16,100.30303667925786,128.3831116860963,96.22261240180565,False,max_epochs,2601.653840780258
rl4crn_rne_oscillator_trace_8rxn_stop_risksched085to09_lr1e4_entropy005_s4_c1_rnetol_d256_depth3_p20,seed373,373,515,51500,100,16,113.25888848182869,129.55625894567498,96.22261240180565,False,max_epochs,2607.6393864154816
rl4crn_rne_oscillator_trace_8rxn_stop_risksched085to09_lr1e4_entropy005_s4_c1_rnetol_d256_depth3_p20,seed373,373,516,51600,100,16,86.74252296629726,131.62244021872792,86.74252296629726,False,max_epochs,2613.0211255550385
rl4crn_rne_oscillator_trace_8rxn_stop_risksched085to09_lr1e4_entropy005_s4_c1_rnetol_d256_depth3_p20,seed373,373,517,51700,100,16,113.76640537874894,127.80368918675384,86.74252296629726,False,max_epochs,2618.390770673752
rl4crn_rne_oscillator_trace_8rxn_stop_risksched085to09_lr1e4_entropy005_s4_c1_rnetol_d256_depth3_p20,seed373,373,518,51800,100,16,112.40258189779853,126.7303460790587,86.74252296629726,False,max_epochs,2623.38857960701
rl4crn_rne_oscillator_trace_8rxn_stop_risksched085to09_lr1e4_entropy005_s4_c1_rnetol_d256_depth3_p20,seed373,373,519,51900,100,16,113.8605633454329,129.88896619594868,86.74252296629726,False,max_epochs,2628.7209844589233
rl4crn_rne_oscillator_trace_8rxn_stop_risksched085to09_lr1e4_entropy005_s4_c1_rnetol_d256_depth3_p20,seed373,373,520,52000,100,16,110.24727649964262,126.27304563197097,86.74252296629726,False,max_epochs,2632.378591299057
rl4crn_rne_oscillator_trace_8rxn_stop_risksched085to09_lr1e4_entropy005_s4_c1_rnetol_d256_depth3_p20,seed373,373,521,52100,100,16,113.1621275782569,127.70522091535918,86.74252296629726,False,max_epochs,2636.162516593933
rl4crn_rne_oscillator_trace_8rxn_stop_risksched085to09_lr1e4_entropy005_s4_c1_rnetol_d256_depth3_p20,seed373,373,522,52200,100,16,110.72083741562345,129.142628657127,86.74252296629726,False,max_epochs,2641.8308374881744
rl4crn_rne_oscillator_trace_8rxn_stop_risksched085to09_lr1e4_entropy005_s4_c1_rnetol_d256_depth3_p20,seed373,373,523,52300,100,16,113.11912949072499,131.81078683092926,86.74252296629726,False,max_epochs,2647.6527106761932
rl4crn_rne_oscillator_trace_8rxn_stop_risksched085to09_lr1e4_entropy005_s4_c1_rnetol_d256_depth3_p20,seed373,373,524,52400,100,16,110.66660062191528,124.05415158874307,86.74252296629726,False,max_epochs,2652.859517812729
rl4crn_rne_oscillator_trace_8rxn_stop_risksched085to09_lr1e4_entropy005_s4_c1_rnetol_d256_depth3_p20,seed373,373,525,52500,100,16,105.79495222967131,125.49982744214805,86.74252296629726,False,max_epochs,2658.4085676670074
rl4crn_rne_oscillator_trace_8rxn_stop_risksched085to09_lr1e4_entropy005_s4_c1_rnetol_d256_depth3_p20,seed373,373,526,52600,100,16,113.18237220729661,129.21612097540128,86.74252296629726,False,max_epochs,2663.9353613853455
rl4crn_rne_oscillator_trace_8rxn_stop_risksched085to09_lr1e4_entropy005_s4_c1_rnetol_d256_depth3_p20,seed373,373,527,52700,100,16,114.49718819659707,128.9030054322472,86.74252296629726,False,max_epochs,2669.7658081054688
rl4crn_rne_oscillator_trace_8rxn_stop_risksched085to09_lr1e4_entropy005_s4_c1_rnetol_d256_depth3_p20,seed373,373,528,52800,100,16,112.58134922800025,128.51373837245742,86.74252296629726,False,max_epochs,2675.5784862041473
rl4crn_rne_oscillator_trace_8rxn_stop_risksched085to09_lr1e4_entropy005_s4_c1_rnetol_d256_depth3_p20,seed373,373,529,52900,100,16,112.75497711671403,127.67735779367649,86.74252296629726,False,max_epochs,2680.6164832115173
rl4crn_rne_oscillator_trace_8rxn_stop_risksched085to09_lr1e4_entropy005_s4_c1_rnetol_d256_depth3_p20,seed373,373,530,53000,100,16,105.06535324405314,131.38150789593792,86.74252296629726,False,max_epochs,2685.751262664795
rl4crn_rne_oscillator_trace_8rxn_stop_risksched085to09_lr1e4_entropy005_s4_c1_rnetol_d256_depth3_p20,seed373,373,531,53100,100,16,113.50628050669114,131.81276956044204,86.74252296629726,False,max_epochs,2690.9650049209595
rl4crn_rne_oscillator_trace_8rxn_stop_risksched085to09_lr1e4_entropy005_s4_c1_rnetol_d256_depth3_p20,seed373,373,532,53200,100,16,106.58504513828427,128.4482232291429,86.74252296629726,False,max_epochs,2695.2527346611023
rl4crn_rne_oscillator_trace_8rxn_stop_risksched085to09_lr1e4_entropy005_s4_c1_rnetol_d256_depth3_p20,seed373,373,533,53300,100,16,115.7916129855877,133.9372705053392,86.74252296629726,False,max_epochs,2698.624974966049
rl4crn_rne_oscillator_trace_8rxn_stop_risksched085to09_lr1e4_entropy005_s4_c1_rnetol_d256_depth3_p20,seed373,373,534,53400,100,16,113.85815904409921,130.98330962702647,86.74252296629726,False,max_epochs,2703.9326553344727
rl4crn_rne_oscillator_trace_8rxn_stop_risksched085to09_lr1e4_entropy005_s4_c1_rnetol_d256_depth3_p20,seed373,373,535,53500,100,16,112.32137312758675,129.25382139713776,86.74252296629726,False,max_epochs,2709.6989693641663
rl4crn_rne_oscillator_trace_8rxn_stop_risksched085to09_lr1e4_entropy005_s4_c1_rnetol_d256_depth3_p20,seed373,373,536,53600,100,16,115.12721094713532,130.9505586253006,86.74252296629726,False,max_epochs,2714.6154005527496
rl4crn_rne_oscillator_trace_8rxn_stop_risksched085to09_lr1e4_entropy005_s4_c1_rnetol_d256_depth3_p20,seed373,373,537,53700,100,16,103.03644180901526,129.5342784153999,86.74252296629726,False,max_epochs,2720.2884635925293
rl4crn_rne_oscillator_trace_8rxn_stop_risksched085to09_lr1e4_entropy005_s4_c1_rnetol_d256_depth3_p20,seed373,373,538,53800,100,16,104.88985321892693,128.17371256068566,86.74252296629726,False,max_epochs,2725.505007505417
rl4crn_rne_oscillator_trace_8rxn_stop_risksched085to09_lr1e4_entropy005_s4_c1_rnetol_d256_depth3_p20,seed373,373,539,53900,100,16,113.86060758339609,128.14664103445608,86.74252296629726,False,max_epochs,2730.612562417984
rl4crn_rne_oscillator_trace_8rxn_stop_risksched085to09_lr1e4_entropy005_s4_c1_rnetol_d256_depth3_p20,seed373,373,540,54000,100,16,113.86522386076071,129.11182805996197,86.74252296629726,False,max_epochs,2735.5269813537598
rl4crn_rne_oscillator_trace_8rxn_stop_risksched085to09_lr1e4_entropy005_s4_c1_rnetol_d256_depth3_p20,seed373,373,541,54100,100,16,112.55559267342255,128.02463601129267,86.74252296629726,False,max_epochs,2737.8202452659607
rl4crn_rne_oscillator_trace_8rxn_stop_risksched085to09_lr1e4_entropy005_s4_c1_rnetol_d256_depth3_p20,seed373,373,542,54200,100,16,114.98273799846137,130.13311323136043,86.74252296629726,False,max_epochs,2742.958112716675
rl4crn_rne_oscillator_trace_8rxn_stop_risksched085to09_lr1e4_entropy005_s4_c1_rnetol_d256_depth3_p20,seed373,373,543,54300,100,16,112.39150931104383,128.35375232168403,86.74252296629726,False,max_epochs,2748.348424434662
rl4crn_rne_oscillator_trace_8rxn_stop_risksched085to09_lr1e4_entropy005_s4_c1_rnetol_d256_depth3_p20,seed373,373,544,54400,100,16,115.24080109551343,135.1305109619969,86.74252296629726,False,max_epochs,2753.8974401950836
rl4crn_rne_oscillator_trace_8rxn_stop_risksched085to09_lr1e4_entropy005_s4_c1_rnetol_d256_depth3_p20,seed373,373,545,54500,100,16,101.30886470745853,130.68849358407522,86.74252296629726,False,max_epochs,2759.1586339473724
rl4crn_rne_oscillator_trace_8rxn_stop_risksched085to09_lr1e4_entropy005_s4_c1_rnetol_d256_depth3_p20,seed373,373,546,54600,100,16,114.09693254329535,128.7415927518635,86.74252296629726,False,max_epochs,2764.3469326496124
rl4crn_rne_oscillator_trace_8rxn_stop_risksched085to09_lr1e4_entropy005_s4_c1_rnetol_d256_depth3_p20,seed373,373,547,54700,100,16,113.81663925225672,130.54494758885212,86.74252296629726,False,max_epochs,2769.6854972839355
rl4crn_rne_oscillator_trace_8rxn_stop_risksched085to09_lr1e4_entropy005_s4_c1_rnetol_d256_depth3_p20,seed373,373,548,54800,100,16,112.75808887742595,129.3756235141143,86.74252296629726,False,max_epochs,2774.0435767173767
rl4crn_rne_oscillator_trace_8rxn_stop_risksched085to09_lr1e4_entropy005_s4_c1_rnetol_d256_depth3_p20,seed373,373,549,54900,100,16,112.49056918178775,131.3483762301811,86.74252296629726,False,max_epochs,2776.4876420497894
rl4crn_rne_oscillator_trace_8rxn_stop_risksched085to09_lr1e4_entropy005_s4_c1_rnetol_d256_depth3_p20,seed373,373,550,55000,100,16,98.386341955567,126.15030392094701,86.74252296629726,False,max_epochs,2782.2243530750275
rl4crn_rne_oscillator_trace_8rxn_stop_risksched085to09_lr1e4_entropy005_s4_c1_rnetol_d256_depth3_p20,seed373,373,551,55100,100,16,115.04734177657005,129.90450367108468,86.74252296629726,False,max_epochs,2788.0287120342255
rl4crn_rne_oscillator_trace_8rxn_stop_risksched085to09_lr1e4_entropy005_s4_c1_rnetol_d256_depth3_p20,seed373,373,552,55200,100,16,112.40518866565971,127.54320063375678,86.74252296629726,False,max_epochs,2793.3483548164368
rl4crn_rne_oscillator_trace_8rxn_stop_risksched085to09_lr1e4_entropy005_s4_c1_rnetol_d256_depth3_p20,seed373,373,553,55300,100,16,114.18933944120295,128.55426287951425,86.74252296629726,False,max_epochs,2798.7628717422485
rl4crn_rne_oscillator_trace_8rxn_stop_risksched085to09_lr1e4_entropy005_s4_c1_rnetol_d256_depth3_p20,seed373,373,554,55400,100,16,114.79057535198034,129.70332224749197,86.74252296629726,False,max_epochs,2804.017664909363
rl4crn_rne_oscillator_trace_8rxn_stop_risksched085to09_lr1e4_entropy005_s4_c1_rnetol_d256_depth3_p20,seed373,373,555,55500,100,16,105.95353889805617,128.08351608054886,86.74252296629726,False,max_epochs,2808.6729781627655
rl4crn_rne_oscillator_trace_8rxn_stop_risksched085to09_lr1e4_entropy005_s4_c1_rnetol_d256_depth3_p20,seed373,373,556,55600,100,16,112.11165613021247,128.8701229309257,86.74252296629726,False,max_epochs,2813.8729298114777
rl4crn_rne_oscillator_trace_8rxn_stop_risksched085to09_lr1e4_entropy005_s4_c1_rnetol_d256_depth3_p20,seed373,373,557,55700,100,16,99.03635809990651,131.49485165639544,86.74252296629726,False,max_epochs,2816.9634494781494
rl4crn_rne_oscillator_trace_8rxn_stop_risksched085to09_lr1e4_entropy005_s4_c1_rnetol_d256_depth3_p20,seed373,373,558,55800,100,16,109.83350254313541,128.59957122299758,86.74252296629726,False,max_epochs,2821.605972766876
rl4crn_rne_oscillator_trace_8rxn_stop_risksched085to09_lr1e4_entropy005_s4_c1_rnetol_d256_depth3_p20,seed373,373,559,55900,100,16,112.58043233569681,130.17658757157898,86.74252296629726,False,max_epochs,2827.089222431183
rl4crn_rne_oscillator_trace_8rxn_stop_risksched085to09_lr1e4_entropy005_s4_c1_rnetol_d256_depth3_p20,seed373,373,560,56000,100,16,98.35183076124247,129.20084878241542,86.74252296629726,False,max_epochs,2832.5212709903717
rl4crn_rne_oscillator_trace_8rxn_stop_risksched085to09_lr1e4_entropy005_s4_c1_rnetol_d256_depth3_p20,seed373,373,561,56100,100,16,96.16331597255494,128.16751648817646,86.74252296629726,False,max_epochs,2837.3164007663727
rl4crn_rne_oscillator_trace_8rxn_stop_risksched085to09_lr1e4_entropy005_s4_c1_rnetol_d256_depth3_p20,seed373,373,562,56200,100,16,100.44649442158942,129.08635628049274,86.74252296629726,False,max_epochs,2842.1904747486115
rl4crn_rne_oscillator_trace_8rxn_stop_risksched085to09_lr1e4_entropy005_s4_c1_rnetol_d256_depth3_p20,seed373,373,563,56300,100,16,109.84062017641173,127.99311353539541,86.74252296629726,False,max_epochs,2844.827536582947
rl4crn_rne_oscillator_trace_8rxn_stop_risksched085to09_lr1e4_entropy005_s4_c1_rnetol_d256_depth3_p20,seed373,373,564,56400,100,16,97.73327575484258,128.8846270609217,86.74252296629726,False,max_epochs,2849.8284640312195
rl4crn_rne_oscillator_trace_8rxn_stop_risksched085to09_lr1e4_entropy005_s4_c1_rnetol_d256_depth3_p20,seed373,373,565,56500,100,16,110.69836757597893,131.08659501237702,86.74252296629726,False,max_epochs,2855.761004447937
rl4crn_rne_oscillator_trace_8rxn_stop_risksched085to09_lr1e4_entropy005_s4_c1_rnetol_d256_depth3_p20,seed373,373,566,56600,100,16,102.78534032770472,129.56729557374686,86.74252296629726,False,max_epochs,2861.194107532501
rl4crn_rne_oscillator_trace_8rxn_stop_risksched085to09_lr1e4_entropy005_s4_c1_rnetol_d256_depth3_p20,seed373,373,567,56700,100,16,97.84806628339696,130.22293353581833,86.74252296629726,False,max_epochs,2866.487329721451
rl4crn_rne_oscillator_trace_8rxn_stop_risksched085to09_lr1e4_entropy005_s4_c1_rnetol_d256_depth3_p20,seed373,373,568,56800,100,16,113.61136285953687,130.8006889366202,86.74252296629726,False,max_epochs,2871.7457118034363
rl4crn_rne_oscillator_trace_8rxn_stop_risksched085to09_lr1e4_entropy005_s4_c1_rnetol_d256_depth3_p20,seed373,373,569,56900,100,16,108.3931651546566,130.32776620844902,86.74252296629726,False,max_epochs,2877.9354350566864
rl4crn_rne_oscillator_trace_8rxn_stop_risksched085to09_lr1e4_entropy005_s4_c1_rnetol_d256_depth3_p20,seed373,373,570,57000,100,16,108.08163803351285,130.029891218633,86.74252296629726,False,max_epochs,2883.3656466007233
rl4crn_rne_oscillator_trace_8rxn_stop_risksched085to09_lr1e4_entropy005_s4_c1_rnetol_d256_depth3_p20,seed373,373,571,57100,100,16,107.5059899913772,128.75385114140812,86.74252296629726,False,max_epochs,2889.002403974533
rl4crn_rne_oscillator_trace_8rxn_stop_risksched085to09_lr1e4_entropy005_s4_c1_rnetol_d256_depth3_p20,seed373,373,572,57200,100,16,101.8753907796391,130.96162067840987,86.74252296629726,False,max_epochs,2894.9918217658997
rl4crn_rne_oscillator_trace_8rxn_stop_risksched085to09_lr1e4_entropy005_s4_c1_rnetol_d256_depth3_p20,seed373,373,573,57300,100,16,107.62840588569703,127.99140713426289,86.74252296629726,False,max_epochs,2900.592425107956
rl4crn_rne_oscillator_trace_8rxn_stop_risksched085to09_lr1e4_entropy005_s4_c1_rnetol_d256_depth3_p20,seed373,373,574,57400,100,16,114.55687551460721,133.56853319193348,86.74252296629726,False,max_epochs,2906.2126593589783
rl4crn_rne_oscillator_trace_8rxn_stop_risksched085to09_lr1e4_entropy005_s4_c1_rnetol_d256_depth3_p20,seed373,373,575,57500,100,16,101.75624041812549,130.9938515135383,86.74252296629726,False,max_epochs,2912.0050332546234
rl4crn_rne_oscillator_trace_8rxn_stop_risksched085to09_lr1e4_entropy005_s4_c1_rnetol_d256_depth3_p20,seed373,373,576,57600,100,16,94.52101211797404,131.7274906721959,86.74252296629726,False,max_epochs,2917.4197466373444
rl4crn_rne_oscillator_trace_8rxn_stop_risksched085to09_lr1e4_entropy005_s4_c1_rnetol_d256_depth3_p20,seed373,373,577,57700,100,16,106.56529065828516,132.2230324288819,86.74252296629726,False,max_epochs,2923.579701423645
rl4crn_rne_oscillator_trace_8rxn_stop_risksched085to09_lr1e4_entropy005_s4_c1_rnetol_d256_depth3_p20,seed373,373,578,57800,100,16,106.89567187111746,129.9034236917519,86.74252296629726,False,max_epochs,2929.103376150131
rl4crn_rne_oscillator_trace_8rxn_stop_risksched085to09_lr1e4_entropy005_s4_c1_rnetol_d256_depth3_p20,seed373,373,579,57900,100,16,94.79247598629826,131.31664272119528,86.74252296629726,False,max_epochs,2934.3683819770813
rl4crn_rne_oscillator_trace_8rxn_stop_risksched085to09_lr1e4_entropy005_s4_c1_rnetol_d256_depth3_p20,seed373,373,580,58000,100,16,118.05401582374348,133.24120263316286,86.74252296629726,False,max_epochs,2940.0015363693237
rl4crn_rne_oscillator_trace_8rxn_stop_risksched085to09_lr1e4_entropy005_s4_c1_rnetol_d256_depth3_p20,seed373,373,581,58100,100,16,109.21471385984403,131.02472028980802,86.74252296629726,False,max_epochs,2946.12463927269
rl4crn_rne_oscillator_trace_8rxn_stop_risksched085to09_lr1e4_entropy005_s4_c1_rnetol_d256_depth3_p20,seed373,373,582,58200,100,16,101.32102564782933,136.0832106403673,86.74252296629726,False,max_epochs,2951.5597639083862
rl4crn_rne_oscillator_trace_8rxn_stop_risksched085to09_lr1e4_entropy005_s4_c1_rnetol_d256_depth3_p20,seed373,373,583,58300,100,16,93.37013574773763,132.15171505731024,86.74252296629726,False,max_epochs,2957.2735669612885
rl4crn_rne_oscillator_trace_8rxn_stop_risksched085to09_lr1e4_entropy005_s4_c1_rnetol_d256_depth3_p20,seed373,373,584,58400,100,16,111.71954832021895,131.86265789920202,86.74252296629726,False,max_epochs,2962.5271050930023
rl4crn_rne_oscillator_trace_8rxn_stop_risksched085to09_lr1e4_entropy005_s4_c1_rnetol_d256_depth3_p20,seed373,373,585,58500,100,16,105.54154004543011,128.91326280997387,86.74252296629726,False,max_epochs,2967.4751946926117
rl4crn_rne_oscillator_trace_8rxn_stop_risksched085to09_lr1e4_entropy005_s4_c1_rnetol_d256_depth3_p20,seed373,373,586,58600,100,16,95.30522103413439,131.67613363400454,86.74252296629726,False,max_epochs,2972.598124027252
rl4crn_rne_oscillator_trace_8rxn_stop_risksched085to09_lr1e4_entropy005_s4_c1_rnetol_d256_depth3_p20,seed373,373,587,58700,100,16,116.47854142746328,131.98277292369153,86.74252296629726,False,max_epochs,2977.635102748871
rl4crn_rne_oscillator_trace_8rxn_stop_risksched085to09_lr1e4_entropy005_s4_c1_rnetol_d256_depth3_p20,seed373,373,588,58800,100,16,113.01937447482807,142.0088015092844,86.74252296629726,False,max_epochs,2980.6996109485626
rl4crn_rne_oscillator_trace_8rxn_stop_risksched085to09_lr1e4_entropy005_s4_c1_rnetol_d256_depth3_p20,seed373,373,589,58900,100,16,112.29430657195452,138.4464811704062,86.74252296629726,False,max_epochs,2985.5829272270203
rl4crn_rne_oscillator_trace_8rxn_stop_risksched085to09_lr1e4_entropy005_s4_c1_rnetol_d256_depth3_p20,seed373,373,590,59000,100,16,112.3205247288948,139.11251086770758,86.74252296629726,False,max_epochs,2991.0215413570404
rl4crn_rne_oscillator_trace_8rxn_stop_risksched085to09_lr1e4_entropy005_s4_c1_rnetol_d256_depth3_p20,seed373,373,591,59100,100,16,110.97377348667345,137.35229488085562,86.74252296629726,False,max_epochs,2995.8404779434204
rl4crn_rne_oscillator_trace_8rxn_stop_risksched085to09_lr1e4_entropy005_s4_c1_rnetol_d256_depth3_p20,seed373,373,592,59200,100,16,111.81116605936427,129.5733036166319,86.74252296629726,False,max_epochs,3001.542487859726
rl4crn_rne_oscillator_trace_8rxn_stop_risksched085to09_lr1e4_entropy005_s4_c1_rnetol_d256_depth3_p20,seed373,373,593,59300,100,16,98.71144076209869,132.4679940255191,86.74252296629726,False,max_epochs,3006.928577184677
rl4crn_rne_oscillator_trace_8rxn_stop_risksched085to09_lr1e4_entropy005_s4_c1_rnetol_d256_depth3_p20,seed373,373,594,59400,100,16,113.78332007250212,131.1496047371121,86.74252296629726,False,max_epochs,3011.7491466999054
rl4crn_rne_oscillator_trace_8rxn_stop_risksched085to09_lr1e4_entropy005_s4_c1_rnetol_d256_depth3_p20,seed373,373,595,59500,100,16,114.11274851747307,129.8411258619189,86.74252296629726,False,max_epochs,3016.9483931064606
rl4crn_rne_oscillator_trace_8rxn_stop_risksched085to09_lr1e4_entropy005_s4_c1_rnetol_d256_depth3_p20,seed373,373,596,59600,100,16,108.1039576332432,129.26750289183335,86.74252296629726,False,max_epochs,3019.7321441173553
rl4crn_rne_oscillator_trace_8rxn_stop_risksched085to09_lr1e4_entropy005_s4_c1_rnetol_d256_depth3_p20,seed373,373,597,59700,100,16,115.9840211985757,129.543951607571,86.74252296629726,False,max_epochs,3024.1889848709106
rl4crn_rne_oscillator_trace_8rxn_stop_risksched085to09_lr1e4_entropy005_s4_c1_rnetol_d256_depth3_p20,seed373,373,598,59800,100,16,113.37624175423434,129.28276996385216,86.74252296629726,False,max_epochs,3029.8821778297424
rl4crn_rne_oscillator_trace_8rxn_stop_risksched085to09_lr1e4_entropy005_s4_c1_rnetol_d256_depth3_p20,seed373,373,599,59900,100,16,115.5890569603776,134.9600953757029,86.74252296629726,False,max_epochs,3035.3167197704315
rl4crn_rne_oscillator_trace_8rxn_stop_risksched085to09_lr1e4_entropy005_s4_c1_rnetol_d256_depth3_p20,seed373,373,600,60000,100,16,106.892436194859,133.02834416153917,86.74252296629726,False,max_epochs,3040.75439286232
rl4crn_rne_oscillator_trace_8rxn_stop_risksched085to09_lr1e4_entropy005_s4_c1_rnetol_d256_depth3_p20,seed373,373,601,60100,100,16,91.01013055406128,133.9098425959898,86.74252296629726,False,max_epochs,3045.9731698036194
rl4crn_rne_oscillator_trace_8rxn_stop_risksched085to09_lr1e4_entropy005_s4_c1_rnetol_d256_depth3_p20,seed373,373,602,60200,100,16,112.84158157602275,133.12387533191117,86.74252296629726,False,max_epochs,3051.275915145874
rl4crn_rne_oscillator_trace_8rxn_stop_risksched085to09_lr1e4_entropy005_s4_c1_rnetol_d256_depth3_p20,seed373,373,603,60300,100,16,113.08562164550611,135.57873488706815,86.74252296629726,False,max_epochs,3055.7828421592712
rl4crn_rne_oscillator_trace_8rxn_stop_risksched085to09_lr1e4_entropy005_s4_c1_rnetol_d256_depth3_p20,seed373,373,604,60400,100,16,114.2582765675255,132.98331684699656,86.74252296629726,False,max_epochs,3058.153233766556
rl4crn_rne_oscillator_trace_8rxn_stop_risksched085to09_lr1e4_entropy005_s4_c1_rnetol_d256_depth3_p20,seed373,373,605,60500,100,16,86.71741500955648,135.68044966025366,86.71741500955648,False,max_epochs,3063.5426383018494
rl4crn_rne_oscillator_trace_8rxn_stop_risksched085to09_lr1e4_entropy005_s4_c1_rnetol_d256_depth3_p20,seed373,373,606,60600,100,16,106.20790867201144,131.177799508813,86.71741500955648,False,max_epochs,3069.3169178962708
rl4crn_rne_oscillator_trace_8rxn_stop_risksched085to09_lr1e4_entropy005_s4_c1_rnetol_d256_depth3_p20,seed373,373,607,60700,100,16,100.32184140521483,129.80811104222494,86.71741500955648,False,max_epochs,3074.7001955509186
rl4crn_rne_oscillator_trace_8rxn_stop_risksched085to09_lr1e4_entropy005_s4_c1_rnetol_d256_depth3_p20,seed373,373,608,60800,100,16,113.80542168976793,131.71797574627584,86.71741500955648,False,max_epochs,3080.7621653079987
rl4crn_rne_oscillator_trace_8rxn_stop_risksched085to09_lr1e4_entropy005_s4_c1_rnetol_d256_depth3_p20,seed373,373,609,60900,100,16,107.25902199779367,129.12206303347705,86.71741500955648,False,max_epochs,3085.7827532291412
rl4crn_rne_oscillator_trace_8rxn_stop_risksched085to09_lr1e4_entropy005_s4_c1_rnetol_d256_depth3_p20,seed373,373,610,61000,100,16,112.32075042469013,129.95941010860258,86.71741500955648,False,max_epochs,3091.5425384044647
rl4crn_rne_oscillator_trace_8rxn_stop_risksched085to09_lr1e4_entropy005_s4_c1_rnetol_d256_depth3_p20,seed373,373,611,61100,100,16,115.06496870829314,129.72269394301296,86.71741500955648,False,max_epochs,3096.945853948593
rl4crn_rne_oscillator_trace_8rxn_stop_risksched085to09_lr1e4_entropy005_s4_c1_rnetol_d256_depth3_p20,seed373,373,612,61200,100,16,114.62100342205017,129.1843442938606,86.71741500955648,False,max_epochs,3102.1895112991333
rl4crn_rne_oscillator_trace_8rxn_stop_risksched085to09_lr1e4_entropy005_s4_c1_rnetol_d256_depth3_p20,seed373,373,613,61300,100,16,115.12915928350822,128.9806798832621,86.71741500955648,False,max_epochs,3107.470246076584
rl4crn_rne_oscillator_trace_8rxn_stop_risksched085to09_lr1e4_entropy005_s4_c1_rnetol_d256_depth3_p20,seed373,373,614,61400,100,16,97.81087387045267,129.98324059440122,86.71741500955648,False,max_epochs,3112.474115371704
rl4crn_rne_oscillator_trace_8rxn_stop_risksched085to09_lr1e4_entropy005_s4_c1_rnetol_d256_depth3_p20,seed373,373,615,61500,100,16,111.47634475750083,128.65171340752426,86.71741500955648,False,max_epochs,3117.150110244751
rl4crn_rne_oscillator_trace_8rxn_stop_risksched085to09_lr1e4_entropy005_s4_c1_rnetol_d256_depth3_p20,seed373,373,616,61600,100,16,106.04241755300669,131.89109353755305,86.71741500955648,False,max_epochs,3119.467098236084
rl4crn_rne_oscillator_trace_8rxn_stop_risksched085to09_lr1e4_entropy005_s4_c1_rnetol_d256_depth3_p20,seed373,373,617,61700,100,16,86.9855527284422,133.7371197574185,86.71741500955648,False,max_epochs,3124.6332840919495
rl4crn_rne_oscillator_trace_8rxn_stop_risksched085to09_lr1e4_entropy005_s4_c1_rnetol_d256_depth3_p20,seed373,373,618,61800,100,16,112.12116276823176,132.0028711398899,86.71741500955648,False,max_epochs,3130.3667941093445
rl4crn_rne_oscillator_trace_8rxn_stop_risksched085to09_lr1e4_entropy005_s4_c1_rnetol_d256_depth3_p20,seed373,373,619,61900,100,16,110.99711162620665,129.493408077619,86.71741500955648,False,max_epochs,3135.7766993045807
rl4crn_rne_oscillator_trace_8rxn_stop_risksched085to09_lr1e4_entropy005_s4_c1_rnetol_d256_depth3_p20,seed373,373,620,62000,100,16,112.79282054865475,129.02057544914908,86.71741500955648,False,max_epochs,3141.169494152069
rl4crn_rne_oscillator_trace_8rxn_stop_risksched085to09_lr1e4_entropy005_s4_c1_rnetol_d256_depth3_p20,seed373,373,621,62100,100,16,113.64068002856833,130.62778198574318,86.71741500955648,False,max_epochs,3146.333152294159
rl4crn_rne_oscillator_trace_8rxn_stop_risksched085to09_lr1e4_entropy005_s4_c1_rnetol_d256_depth3_p20,seed373,373,622,62200,100,16,103.79385718461162,128.810078140952,86.71741500955648,False,max_epochs,3151.267851114273
rl4crn_rne_oscillator_trace_8rxn_stop_risksched085to09_lr1e4_entropy005_s4_c1_rnetol_d256_depth3_p20,seed373,373,623,62300,100,16,113.3200946063944,130.6789332120818,86.71741500955648,False,max_epochs,3156.0156378746033
rl4crn_rne_oscillator_trace_8rxn_stop_risksched085to09_lr1e4_entropy005_s4_c1_rnetol_d256_depth3_p20,seed373,373,624,62400,100,16,100.13901491050262,130.481940852851,86.71741500955648,False,max_epochs,3158.8154442310333
rl4crn_rne_oscillator_trace_8rxn_stop_risksched085to09_lr1e4_entropy005_s4_c1_rnetol_d256_depth3_p20,seed373,373,625,62500,100,16,107.39426576355554,131.6823463529208,86.71741500955648,False,max_epochs,3164.026031970978
rl4crn_rne_oscillator_trace_8rxn_stop_risksched085to09_lr1e4_entropy005_s4_c1_rnetol_d256_depth3_p20,seed373,373,626,62600,100,16,108.96391502933709,132.41893417326813,86.71741500955648,False,max_epochs,3169.7755229473114
rl4crn_rne_oscillator_trace_8rxn_stop_risksched085to09_lr1e4_entropy005_s4_c1_rnetol_d256_depth3_p20,seed373,373,627,62700,100,16,110.01353633724763,129.8949421803805,86.71741500955648,False,max_epochs,3175.447607278824
rl4crn_rne_oscillator_trace_8rxn_stop_risksched085to09_lr1e4_entropy005_s4_c1_rnetol_d256_depth3_p20,seed373,373,628,62800,100,16,113.38884177521004,126.77774929692356,86.71741500955648,False,max_epochs,3180.400554418564
rl4crn_rne_oscillator_trace_8rxn_stop_risksched085to09_lr1e4_entropy005_s4_c1_rnetol_d256_depth3_p20,seed373,373,629,62900,100,16,106.40776210990707,131.99294318054,86.71741500955648,False,max_epochs,3185.9676489830017
rl4crn_rne_oscillator_trace_8rxn_stop_risksched085to09_lr1e4_entropy005_s4_c1_rnetol_d256_depth3_p20,seed373,373,630,63000,100,16,116.38329196302745,128.56173683287062,86.71741500955648,False,max_epochs,3191.8684029579163
rl4crn_rne_oscillator_trace_8rxn_stop_risksched085to09_lr1e4_entropy005_s4_c1_rnetol_d256_depth3_p20,seed373,373,631,63100,100,16,107.8329445259614,132.67432133156422,86.71741500955648,False,max_epochs,3197.2839784622192
rl4crn_rne_oscillator_trace_8rxn_stop_risksched085to09_lr1e4_entropy005_s4_c1_rnetol_d256_depth3_p20,seed373,373,632,63200,100,16,114.1990683981106,127.03959401932754,86.71741500955648,False,max_epochs,3202.7024235725403
rl4crn_rne_oscillator_trace_8rxn_stop_risksched085to09_lr1e4_entropy005_s4_c1_rnetol_d256_depth3_p20,seed373,373,633,63300,100,16,98.5367384000134,127.6305492467072,86.71741500955648,False,max_epochs,3207.9987754821777
rl4crn_rne_oscillator_trace_8rxn_stop_risksched085to09_lr1e4_entropy005_s4_c1_rnetol_d256_depth3_p20,seed373,373,634,63400,100,16,110.57736891731794,132.7418208155393,86.71741500955648,False,max_epochs,3212.999244451523
rl4crn_rne_oscillator_trace_8rxn_stop_risksched085to09_lr1e4_entropy005_s4_c1_rnetol_d256_depth3_p20,seed373,373,635,63500,100,16,115.07677497021966,129.10843926855608,86.71741500955648,False,max_epochs,3218.091071128845
rl4crn_rne_oscillator_trace_8rxn_stop_risksched085to09_lr1e4_entropy005_s4_c1_rnetol_d256_depth3_p20,seed373,373,636,63600,100,16,114.57289756255844,128.04917322005355,86.71741500955648,False,max_epochs,3220.6385791301727
rl4crn_rne_oscillator_trace_8rxn_stop_risksched085to09_lr1e4_entropy005_s4_c1_rnetol_d256_depth3_p20,seed373,373,637,63700,100,16,89.67952938158781,130.04513237791093,86.71741500955648,False,max_epochs,3225.509842157364
rl4crn_rne_oscillator_trace_8rxn_stop_risksched085to09_lr1e4_entropy005_s4_c1_rnetol_d256_depth3_p20,seed373,373,638,63800,100,16,100.02738289251448,129.94845714465734,86.71741500955648,False,max_epochs,3231.3991055488586
rl4crn_rne_oscillator_trace_8rxn_stop_risksched085to09_lr1e4_entropy005_s4_c1_rnetol_d256_depth3_p20,seed373,373,639,63900,100,16,111.53110831566961,126.73199734486309,86.71741500955648,False,max_epochs,3236.821263074875
rl4crn_rne_oscillator_trace_8rxn_stop_risksched085to09_lr1e4_entropy005_s4_c1_rnetol_d256_depth3_p20,seed373,373,640,64000,100,16,112.2783671664273,128.51146801026417,86.71741500955648,False,max_epochs,3242.132666349411
rl4crn_rne_oscillator_trace_8rxn_stop_risksched085to09_lr1e4_entropy005_s4_c1_rnetol_d256_depth3_p20,seed373,373,641,64100,100,16,114.46206660962442,129.44929417814245,86.71741500955648,False,max_epochs,3247.6598093509674
rl4crn_rne_oscillator_trace_8rxn_stop_risksched085to09_lr1e4_entropy005_s4_c1_rnetol_d256_depth3_p20,seed373,373,642,64200,100,16,100.94391764314955,131.64112328844232,86.71741500955648,False,max_epochs,3252.923793554306
rl4crn_rne_oscillator_trace_8rxn_stop_risksched085to09_lr1e4_entropy005_s4_c1_rnetol_d256_depth3_p20,seed373,373,643,64300,100,16,101.05680637904598,126.92655081829344,86.71741500955648,False,max_epochs,3258.198405265808
rl4crn_rne_oscillator_trace_8rxn_stop_risksched085to09_lr1e4_entropy005_s4_c1_rnetol_d256_depth3_p20,seed373,373,644,64400,100,16,101.14970028142301,126.42387859447678,86.71741500955648,False,max_epochs,3263.067414522171
rl4crn_rne_oscillator_trace_8rxn_stop_risksched085to09_lr1e4_entropy005_s4_c1_rnetol_d256_depth3_p20,seed373,373,645,64500,100,16,99.42453206847011,128.61290828167452,86.71741500955648,False,max_epochs,3265.6519134044647
rl4crn_rne_oscillator_trace_8rxn_stop_risksched085to09_lr1e4_entropy005_s4_c1_rnetol_d256_depth3_p20,seed373,373,646,64600,100,16,99.7481324344229,129.10038531532177,86.71741500955648,False,max_epochs,3271.03276515007
rl4crn_rne_oscillator_trace_8rxn_stop_risksched085to09_lr1e4_entropy005_s4_c1_rnetol_d256_depth3_p20,seed373,373,647,64700,100,16,101.17775411043516,129.76947537527462,86.71741500955648,False,max_epochs,3276.137330055237
rl4crn_rne_oscillator_trace_8rxn_stop_risksched085to09_lr1e4_entropy005_s4_c1_rnetol_d256_depth3_p20,seed373,373,648,64800,100,16,104.79027114583299,128.55120538373674,86.71741500955648,False,max_epochs,3281.584625720978
rl4crn_rne_oscillator_trace_8rxn_stop_risksched085to09_lr1e4_entropy005_s4_c1_rnetol_d256_depth3_p20,seed373,373,649,64900,100,16,113.06106746715383,129.37666811512372,86.71741500955648,False,max_epochs,3287.0184392929077
rl4crn_rne_oscillator_trace_8rxn_stop_risksched085to09_lr1e4_entropy005_s4_c1_rnetol_d256_depth3_p20,seed373,373,650,65000,100,16,103.99202905073119,129.3425430765384,86.71741500955648,False,max_epochs,3292.6175780296326
rl4crn_rne_oscillator_trace_8rxn_stop_risksched085to09_lr1e4_entropy005_s4_c1_rnetol_d256_depth3_p20,seed373,373,651,65100,100,16,114.010638829668,129.176144991623,86.71741500955648,False,max_epochs,3297.76207780838
rl4crn_rne_oscillator_trace_8rxn_stop_risksched085to09_lr1e4_entropy005_s4_c1_rnetol_d256_depth3_p20,seed373,373,652,65200,100,16,107.85664466906952,129.17595484856764,86.71741500955648,False,max_epochs,3302.1454739570618
rl4crn_rne_oscillator_trace_8rxn_stop_risksched085to09_lr1e4_entropy005_s4_c1_rnetol_d256_depth3_p20,seed373,373,653,65300,100,16,89.5407092983129,128.7026141733562,86.71741500955648,False,max_epochs,3304.6510848999023
rl4crn_rne_oscillator_trace_8rxn_stop_risksched085to09_lr1e4_entropy005_s4_c1_rnetol_d256_depth3_p20,seed373,373,654,65400,100,16,97.04311688903194,129.50845256154685,86.71741500955648,False,max_epochs,3310.5884442329407
rl4crn_rne_oscillator_trace_8rxn_stop_risksched085to09_lr1e4_entropy005_s4_c1_rnetol_d256_depth3_p20,seed373,373,655,65500,100,16,95.01341443174715,129.5881771709743,86.71741500955648,False,max_epochs,3315.984304189682
rl4crn_rne_oscillator_trace_8rxn_stop_risksched085to09_lr1e4_entropy005_s4_c1_rnetol_d256_depth3_p20,seed373,373,656,65600,100,16,104.21688608724308,129.4176632030216,86.71741500955648,False,max_epochs,3321.926537513733
rl4crn_rne_oscillator_trace_8rxn_stop_risksched085to09_lr1e4_entropy005_s4_c1_rnetol_d256_depth3_p20,seed373,373,657,65700,100,16,111.70831047215296,129.31808720945878,86.71741500955648,False,max_epochs,3327.3073449134827
rl4crn_rne_oscillator_trace_8rxn_stop_risksched085to09_lr1e4_entropy005_s4_c1_rnetol_d256_depth3_p20,seed373,373,658,65800,100,16,113.72898691992,128.31134111118124,86.71741500955648,False,max_epochs,3332.738236427307
rl4crn_rne_oscillator_trace_8rxn_stop_risksched085to09_lr1e4_entropy005_s4_c1_rnetol_d256_depth3_p20,seed373,373,659,65900,100,16,105.10828314341487,128.92483073416133,86.71741500955648,False,max_epochs,3338.0469846725464
rl4crn_rne_oscillator_trace_8rxn_stop_risksched085to09_lr1e4_entropy005_s4_c1_rnetol_d256_depth3_p20,seed373,373,660,66000,100,16,112.84651392104662,129.2693858026883,86.71741500955648,False,max_epochs,3344.092500925064
rl4crn_rne_oscillator_trace_8rxn_stop_risksched085to09_lr1e4_entropy005_s4_c1_rnetol_d256_depth3_p20,seed373,373,661,66100,100,16,91.85215404672583,128.51045885398435,86.71741500955648,False,max_epochs,3349.563065290451
rl4crn_rne_oscillator_trace_8rxn_stop_risksched085to09_lr1e4_entropy005_s4_c1_rnetol_d256_depth3_p20,seed373,373,662,66200,100,16,96.39577264325072,128.78938193454104,86.71741500955648,False,max_epochs,3355.3916556835175
rl4crn_rne_oscillator_trace_8rxn_stop_risksched085to09_lr1e4_entropy005_s4_c1_rnetol_d256_depth3_p20,seed373,373,663,66300,100,16,99.05608304686761,128.6435663312688,86.71741500955648,False,max_epochs,3360.835294485092
rl4crn_rne_oscillator_trace_8rxn_stop_risksched085to09_lr1e4_entropy005_s4_c1_rnetol_d256_depth3_p20,seed373,373,664,66400,100,16,107.3737326643812,129.10294452416258,86.71741500955648,False,max_epochs,3365.6679656505585
rl4crn_rne_oscillator_trace_8rxn_stop_risksched085to09_lr1e4_entropy005_s4_c1_rnetol_d256_depth3_p20,seed373,373,665,66500,100,16,112.55386544505481,129.23088470766697,86.71741500955648,False,max_epochs,3370.555701971054
rl4crn_rne_oscillator_trace_8rxn_stop_risksched085to09_lr1e4_entropy005_s4_c1_rnetol_d256_depth3_p20,seed373,373,666,66600,100,16,106.29458839024505,128.7825921005525,86.71741500955648,False,max_epochs,3372.973023891449
rl4crn_rne_oscillator_trace_8rxn_stop_risksched085to09_lr1e4_entropy005_s4_c1_rnetol_d256_depth3_p20,seed373,373,667,66700,100,16,113.78271873239322,129.46833237114595,86.71741500955648,False,max_epochs,3378.0557913780212
rl4crn_rne_oscillator_trace_8rxn_stop_risksched085to09_lr1e4_entropy005_s4_c1_rnetol_d256_depth3_p20,seed373,373,668,66800,100,16,94.28630934811041,131.14068106490853,86.71741500955648,False,max_epochs,3383.5691492557526
rl4crn_rne_oscillator_trace_8rxn_stop_risksched085to09_lr1e4_entropy005_s4_c1_rnetol_d256_depth3_p20,seed373,373,669,66900,100,16,97.00568288596068,130.04239702257803,86.71741500955648,False,max_epochs,3389.182029247284
rl4crn_rne_oscillator_trace_8rxn_stop_risksched085to09_lr1e4_entropy005_s4_c1_rnetol_d256_depth3_p20,seed373,373,670,67000,100,16,96.52309570956479,128.77861827822312,86.71741500955648,False,max_epochs,3394.239495754242
rl4crn_rne_oscillator_trace_8rxn_stop_risksched085to09_lr1e4_entropy005_s4_c1_rnetol_d256_depth3_p20,seed373,373,671,67100,100,16,95.27737776152779,128.94526360432516,86.71741500955648,False,max_epochs,3399.1047220230103
rl4crn_rne_oscillator_trace_8rxn_stop_risksched085to09_lr1e4_entropy005_s4_c1_rnetol_d256_depth3_p20,seed373,373,672,67200,100,16,104.00719375476218,128.46167135213025,86.71741500955648,False,max_epochs,3403.2380497455597
rl4crn_rne_oscillator_trace_8rxn_stop_risksched085to09_lr1e4_entropy005_s4_c1_rnetol_d256_depth3_p20,seed373,373,673,67300,100,16,93.28889387320562,128.51851047822944,86.71741500955648,False,max_epochs,3407.0359597206116
rl4crn_rne_oscillator_trace_8rxn_stop_risksched085to09_lr1e4_entropy005_s4_c1_rnetol_d256_depth3_p20,seed373,373,674,67400,100,16,101.38382358786717,128.95839951887365,86.71741500955648,False,max_epochs,3412.272783279419
rl4crn_rne_oscillator_trace_8rxn_stop_risksched085to09_lr1e4_entropy005_s4_c1_rnetol_d256_depth3_p20,seed373,373,675,67500,100,16,89.4206231829867,128.8525758297936,86.71741500955648,False,max_epochs,3418.079684495926
rl4crn_rne_oscillator_trace_8rxn_stop_risksched085to09_lr1e4_entropy005_s4_c1_rnetol_d256_depth3_p20,seed373,373,676,67600,100,16,102.24709132115082,125.33758760831063,86.71741500955648,False,max_epochs,3423.778654575348
rl4crn_rne_oscillator_trace_8rxn_stop_risksched085to09_lr1e4_entropy005_s4_c1_rnetol_d256_depth3_p20,seed373,373,677,67700,100,16,98.42931921483893,126.59789695355198,86.71741500955648,False,max_epochs,3429.360390663147
rl4crn_rne_oscillator_trace_8rxn_stop_risksched085to09_lr1e4_entropy005_s4_c1_rnetol_d256_depth3_p20,seed373,373,678,67800,100,16,117.06499817148601,126.56435238376623,86.71741500955648,False,max_epochs,3434.4759619235992
rl4crn_rne_oscillator_trace_8rxn_stop_risksched085to09_lr1e4_entropy005_s4_c1_rnetol_d256_depth3_p20,seed373,373,679,67900,100,16,113.70323760312061,128.53105562310134,86.71741500955648,False,max_epochs,3440.186614513397
rl4crn_rne_oscillator_trace_8rxn_stop_risksched085to09_lr1e4_entropy005_s4_c1_rnetol_d256_depth3_p20,seed373,373,680,68000,100,16,97.75139342767875,125.84477206385208,86.71741500955648,False,max_epochs,3445.5230972766876
rl4crn_rne_oscillator_trace_8rxn_stop_risksched085to09_lr1e4_entropy005_s4_c1_rnetol_d256_depth3_p20,seed373,373,681,68100,100,16,100.28308231969703,128.77902135834552,86.71741500955648,False,max_epochs,3450.719546556473
rl4crn_rne_oscillator_trace_8rxn_stop_risksched085to09_lr1e4_entropy005_s4_c1_rnetol_d256_depth3_p20,seed373,373,682,68200,100,16,90.85625237015832,128.29448199609465,86.71741500955648,False,max_epochs,3456.0283856391907
rl4crn_rne_oscillator_trace_8rxn_stop_risksched085to09_lr1e4_entropy005_s4_c1_rnetol_d256_depth3_p20,seed373,373,683,68300,100,16,99.3327530474532,126.8555285438116,86.71741500955648,False,max_epochs,3460.9907426834106
rl4crn_rne_oscillator_trace_8rxn_stop_risksched085to09_lr1e4_entropy005_s4_c1_rnetol_d256_depth3_p20,seed373,373,684,68400,100,16,104.14695491145348,125.93954278307973,86.71741500955648,False,max_epochs,3463.147389650345
rl4crn_rne_oscillator_trace_8rxn_stop_risksched085to09_lr1e4_entropy005_s4_c1_rnetol_d256_depth3_p20,seed373,373,685,68500,100,16,89.70658545178567,128.4699499199034,86.71741500955648,False,max_epochs,3468.4501688480377
rl4crn_rne_oscillator_trace_8rxn_stop_risksched085to09_lr1e4_entropy005_s4_c1_rnetol_d256_depth3_p20,seed373,373,686,68600,100,16,92.7311539760976,125.13164949214713,86.71741500955648,False,max_epochs,3473.9155807495117
rl4crn_rne_oscillator_trace_8rxn_stop_risksched085to09_lr1e4_entropy005_s4_c1_rnetol_d256_depth3_p20,seed373,373,687,68700,100,16,99.52075039067714,128.48210793817378,86.71741500955648,False,max_epochs,3479.8350706100464
rl4crn_rne_oscillator_trace_8rxn_stop_risksched085to09_lr1e4_entropy005_s4_c1_rnetol_d256_depth3_p20,seed373,373,688,68800,100,16,96.34410025550832,128.44519339375444,86.71741500955648,False,max_epochs,3485.3013756275177
rl4crn_rne_oscillator_trace_8rxn_stop_risksched085to09_lr1e4_entropy005_s4_c1_rnetol_d256_depth3_p20,seed373,373,689,68900,100,16,100.84839018143225,128.86047392748833,86.71741500955648,False,max_epochs,3490.876853942871
rl4crn_rne_oscillator_trace_8rxn_stop_risksched085to09_lr1e4_entropy005_s4_c1_rnetol_d256_depth3_p20,seed373,373,690,69000,100,16,110.24791860156297,127.69428734351766,86.71741500955648,False,max_epochs,3495.8380596637726
rl4crn_rne_oscillator_trace_8rxn_stop_risksched085to09_lr1e4_entropy005_s4_c1_rnetol_d256_depth3_p20,seed373,373,691,69100,100,16,108.97868214834222,129.09470742495947,86.71741500955648,False,max_epochs,3501.0295724868774
rl4crn_rne_oscillator_trace_8rxn_stop_risksched085to09_lr1e4_entropy005_s4_c1_rnetol_d256_depth3_p20,seed373,373,692,69200,100,16,85.43251830069813,127.88462155517735,85.43251830069813,False,max_epochs,3506.4675302505493
rl4crn_rne_oscillator_trace_8rxn_stop_risksched085to09_lr1e4_entropy005_s4_c1_rnetol_d256_depth3_p20,seed373,373,693,69300,100,16,89.01892621425205,129.44517242790516,85.43251830069813,False,max_epochs,3508.6740510463715
rl4crn_rne_oscillator_trace_8rxn_stop_risksched085to09_lr1e4_entropy005_s4_c1_rnetol_d256_depth3_p20,seed373,373,694,69400,100,16,90.120891143537,132.23601674750205,85.43251830069813,False,max_epochs,3514.1293058395386
rl4crn_rne_oscillator_trace_8rxn_stop_risksched085to09_lr1e4_entropy005_s4_c1_rnetol_d256_depth3_p20,seed373,373,695,69500,100,16,105.39425156831125,129.71423606585984,85.43251830069813,False,max_epochs,3519.804286003113
rl4crn_rne_oscillator_trace_8rxn_stop_risksched085to09_lr1e4_entropy005_s4_c1_rnetol_d256_depth3_p20,seed373,373,696,69600,100,16,93.84279875593869,131.55640971031144,85.43251830069813,False,max_epochs,3524.764433860779
rl4crn_rne_oscillator_trace_8rxn_stop_risksched085to09_lr1e4_entropy005_s4_c1_rnetol_d256_depth3_p20,seed373,373,697,69700,100,16,103.80506820268975,130.4655631051947,85.43251830069813,False,max_epochs,3529.7748131752014
rl4crn_rne_oscillator_trace_8rxn_stop_risksched085to09_lr1e4_entropy005_s4_c1_rnetol_d256_depth3_p20,seed373,373,698,69800,100,16,94.6637081437053,129.44451521132495,85.43251830069813,False,max_epochs,3534.533591270447
rl4crn_rne_oscillator_trace_8rxn_stop_risksched085to09_lr1e4_entropy005_s4_c1_rnetol_d256_depth3_p20,seed373,373,699,69900,100,16,113.09158827756583,128.8468489345115,85.43251830069813,False,max_epochs,3537.0381183624268
rl4crn_rne_oscillator_trace_8rxn_stop_risksched085to09_lr1e4_entropy005_s4_c1_rnetol_d256_depth3_p20,seed373,373,700,70000,100,16,100.25263403677111,128.64940070430123,85.43251830069813,False,max_epochs,3542.787429332733
rl4crn_rne_oscillator_trace_8rxn_stop_risksched085to09_lr1e4_entropy005_s4_c1_rnetol_d256_depth3_p20,seed373,373,701,70100,100,16,92.577118533398,128.3996208911945,85.43251830069813,False,max_epochs,3548.2701272964478
rl4crn_rne_oscillator_trace_8rxn_stop_risksched085to09_lr1e4_entropy005_s4_c1_rnetol_d256_depth3_p20,seed373,373,702,70200,100,16,93.27627770040681,129.351498798504,85.43251830069813,False,max_epochs,3553.6394412517548
rl4crn_rne_oscillator_trace_8rxn_stop_risksched085to09_lr1e4_entropy005_s4_c1_rnetol_d256_depth3_p20,seed373,373,703,70300,100,16,85.97514864797179,129.56326927720238,85.43251830069813,False,max_epochs,3558.732754945755
rl4crn_rne_oscillator_trace_8rxn_stop_risksched085to09_lr1e4_entropy005_s4_c1_rnetol_d256_depth3_p20,seed373,373,704,70400,100,16,104.07160904895633,131.02537058953266,85.43251830069813,False,max_epochs,3564.791476249695
rl4crn_rne_oscillator_trace_8rxn_stop_risksched085to09_lr1e4_entropy005_s4_c1_rnetol_d256_depth3_p20,seed373,373,705,70500,100,16,105.5760673763082,129.2380909031661,85.43251830069813,False,max_epochs,3569.8979246616364
rl4crn_rne_oscillator_trace_8rxn_stop_risksched085to09_lr1e4_entropy005_s4_c1_rnetol_d256_depth3_p20,seed373,373,706,70600,100,16,107.8315077864675,129.39030342405943,85.43251830069813,False,max_epochs,3574.9543623924255
rl4crn_rne_oscillator_trace_8rxn_stop_risksched085to09_lr1e4_entropy005_s4_c1_rnetol_d256_depth3_p20,seed373,373,707,70700,100,16,100.30985336870933,126.35645031117116,85.43251830069813,False,max_epochs,3577.5089411735535
rl4crn_rne_oscillator_trace_8rxn_stop_risksched085to09_lr1e4_entropy005_s4_c1_rnetol_d256_depth3_p20,seed373,373,708,70800,100,16,100.93611193669359,124.9379461152684,85.43251830069813,False,max_epochs,3582.5904524326324
rl4crn_rne_oscillator_trace_8rxn_stop_risksched085to09_lr1e4_entropy005_s4_c1_rnetol_d256_depth3_p20,seed373,373,709,70900,100,16,99.88326637271801,128.4300967779821,85.43251830069813,False,max_epochs,3587.9321055412292
rl4crn_rne_oscillator_trace_8rxn_stop_risksched085to09_lr1e4_entropy005_s4_c1_rnetol_d256_depth3_p20,seed373,373,710,71000,100,16,107.76342377224208,127.74592080153735,85.43251830069813,False,max_epochs,3593.347162246704
rl4crn_rne_oscillator_trace_8rxn_stop_risksched085to09_lr1e4_entropy005_s4_c1_rnetol_d256_depth3_p20,seed373,373,711,71100,100,16,115.64555618852502,129.24550277438348,85.43251830069813,False,max_epochs,3598.668968439102
rl4crn_rne_oscillator_trace_8rxn_stop_risksched085to09_lr1e4_entropy005_s4_c1_rnetol_d256_depth3_p20,seed373,373,712,71200,100,16,110.41225806350394,129.35458976899173,85.43251830069813,False,max_epochs,3603.6980917453766
rl4crn_rne_oscillator_trace_8rxn_stop_risksched085to09_lr1e4_entropy005_s4_c1_rnetol_d256_depth3_p20,seed373,373,713,71300,100,16,94.29091910340236,128.76409344371376,85.43251830069813,False,max_epochs,3608.868574142456
rl4crn_rne_oscillator_trace_8rxn_stop_risksched085to09_lr1e4_entropy005_s4_c1_rnetol_d256_depth3_p20,seed373,373,714,71400,100,16,95.13335298251405,129.32351309301174,85.43251830069813,False,max_epochs,3611.2434430122375
rl4crn_rne_oscillator_trace_8rxn_stop_risksched085to09_lr1e4_entropy005_s4_c1_rnetol_d256_depth3_p20,seed373,373,715,71500,100,16,100.8589766483597,129.15103401605322,85.43251830069813,False,max_epochs,3616.4560079574585
rl4crn_rne_oscillator_trace_8rxn_stop_risksched085to09_lr1e4_entropy005_s4_c1_rnetol_d256_depth3_p20,seed373,373,716,71600,100,16,116.18904013393458,129.16410685069997,85.43251830069813,False,max_epochs,3621.652149915695
rl4crn_rne_oscillator_trace_8rxn_stop_risksched085to09_lr1e4_entropy005_s4_c1_rnetol_d256_depth3_p20,seed373,373,717,71700,100,16,111.27626006769853,129.02695541003482,85.43251830069813,False,max_epochs,3627.1813366413116
rl4crn_rne_oscillator_trace_8rxn_stop_risksched085to09_lr1e4_entropy005_s4_c1_rnetol_d256_depth3_p20,seed373,373,718,71800,100,16,106.4811444345144,128.75352990065798,85.43251830069813,False,max_epochs,3632.68860912323
rl4crn_rne_oscillator_trace_8rxn_stop_risksched085to09_lr1e4_entropy005_s4_c1_rnetol_d256_depth3_p20,seed373,373,719,71900,100,16,109.73152468366399,128.77906064303167,85.43251830069813,False,max_epochs,3638.1285016536713
rl4crn_rne_oscillator_trace_8rxn_stop_risksched085to09_lr1e4_entropy005_s4_c1_rnetol_d256_depth3_p20,seed373,373,720,72000,100,16,99.94523230294682,128.0128655768387,85.43251830069813,False,max_epochs,3643.3658876419067
rl4crn_rne_oscillator_trace_8rxn_stop_risksched085to09_lr1e4_entropy005_s4_c1_rnetol_d256_depth3_p20,seed373,373,721,72100,100,16,92.88887357564833,125.61253567169595,85.43251830069813,False,max_epochs,3645.767782688141
rl4crn_rne_oscillator_trace_8rxn_stop_risksched085to09_lr1e4_entropy005_s4_c1_rnetol_d256_depth3_p20,seed373,373,722,72200,100,16,94.6650314909763,130.930676719646,85.43251830069813,False,max_epochs,3650.247156381607
rl4crn_rne_oscillator_trace_8rxn_stop_risksched085to09_lr1e4_entropy005_s4_c1_rnetol_d256_depth3_p20,seed373,373,723,72300,100,16,102.45546717826552,128.9112102572134,85.43251830069813,False,max_epochs,3655.674416780472
rl4crn_rne_oscillator_trace_8rxn_stop_risksched085to09_lr1e4_entropy005_s4_c1_rnetol_d256_depth3_p20,seed373,373,724,72400,100,16,111.64736315351806,128.69946268020834,85.43251830069813,False,max_epochs,3661.408521413803
rl4crn_rne_oscillator_trace_8rxn_stop_risksched085to09_lr1e4_entropy005_s4_c1_rnetol_d256_depth3_p20,seed373,373,725,72500,100,16,93.42333101889271,125.87183051634169,85.43251830069813,False,max_epochs,3667.494320631027
rl4crn_rne_oscillator_trace_8rxn_stop_risksched085to09_lr1e4_entropy005_s4_c1_rnetol_d256_depth3_p20,seed373,373,726,72600,100,16,116.22257329053829,128.46094800119903,85.43251830069813,False,max_epochs,3673.0185561180115
rl4crn_rne_oscillator_trace_8rxn_stop_risksched085to09_lr1e4_entropy005_s4_c1_rnetol_d256_depth3_p20,seed373,373,727,72700,100,16,99.95588524634516,124.40589891637933,85.43251830069813,False,max_epochs,3678.0366990566254
rl4crn_rne_oscillator_trace_8rxn_stop_risksched085to09_lr1e4_entropy005_s4_c1_rnetol_d256_depth3_p20,seed373,373,728,72800,100,16,98.37123168503399,129.4427795092784,85.43251830069813,False,max_epochs,3682.8285019397736
rl4crn_rne_oscillator_trace_8rxn_stop_risksched085to09_lr1e4_entropy005_s4_c1_rnetol_d256_depth3_p20,seed373,373,729,72900,100,16,93.52629722072282,128.9963722438696,85.43251830069813,False,max_epochs,3687.362608194351
rl4crn_rne_oscillator_trace_8rxn_stop_risksched085to09_lr1e4_entropy005_s4_c1_rnetol_d256_depth3_p20,seed373,373,730,73000,100,16,111.7009849579446,128.45736460112892,85.43251830069813,False,max_epochs,3690.6485719680786
rl4crn_rne_oscillator_trace_8rxn_stop_risksched085to09_lr1e4_entropy005_s4_c1_rnetol_d256_depth3_p20,seed373,373,731,73100,100,16,95.30753474568672,128.85396179055033,85.43251830069813,False,max_epochs,3695.867928504944
rl4crn_rne_oscillator_trace_8rxn_stop_risksched085to09_lr1e4_entropy005_s4_c1_rnetol_d256_depth3_p20,seed373,373,732,73200,100,16,95.49120284330107,127.7469313992298,85.43251830069813,False,max_epochs,3701.5037405490875
rl4crn_rne_oscillator_trace_8rxn_stop_risksched085to09_lr1e4_entropy005_s4_c1_rnetol_d256_depth3_p20,seed373,373,733,73300,100,16,105.46866683510909,128.58387034494598,85.43251830069813,False,max_epochs,3706.8589510917664
rl4crn_rne_oscillator_trace_8rxn_stop_risksched085to09_lr1e4_entropy005_s4_c1_rnetol_d256_depth3_p20,seed373,373,734,73400,100,16,92.50659421630789,129.0370404131546,85.43251830069813,False,max_epochs,3711.7887094020844
rl4crn_rne_oscillator_trace_8rxn_stop_risksched085to09_lr1e4_entropy005_s4_c1_rnetol_d256_depth3_p20,seed373,373,735,73500,100,16,102.34550159107718,126.71103336579353,85.43251830069813,False,max_epochs,3716.5280842781067
rl4crn_rne_oscillator_trace_8rxn_stop_risksched085to09_lr1e4_entropy005_s4_c1_rnetol_d256_depth3_p20,seed373,373,736,73600,100,16,93.29608104096158,128.80287114767935,85.43251830069813,False,max_epochs,3720.83594250679
rl4crn_rne_oscillator_trace_8rxn_stop_risksched085to09_lr1e4_entropy005_s4_c1_rnetol_d256_depth3_p20,seed373,373,737,73700,100,16,111.6302396412377,130.1450572924325,85.43251830069813,False,max_epochs,3724.434089899063
rl4crn_rne_oscillator_trace_8rxn_stop_risksched085to09_lr1e4_entropy005_s4_c1_rnetol_d256_depth3_p20,seed373,373,738,73800,100,16,85.79007812534925,128.72836528976327,85.43251830069813,False,max_epochs,3729.6663959026337
rl4crn_rne_oscillator_trace_8rxn_stop_risksched085to09_lr1e4_entropy005_s4_c1_rnetol_d256_depth3_p20,seed373,373,739,73900,100,16,90.99556259757912,129.22863589119927,85.43251830069813,False,max_epochs,3735.415737390518
rl4crn_rne_oscillator_trace_8rxn_stop_risksched085to09_lr1e4_entropy005_s4_c1_rnetol_d256_depth3_p20,seed373,373,740,74000,100,16,93.45021896176692,128.82628403946447,85.43251830069813,False,max_epochs,3740.7559361457825
rl4crn_rne_oscillator_trace_8rxn_stop_risksched085to09_lr1e4_entropy005_s4_c1_rnetol_d256_depth3_p20,seed373,373,741,74100,100,16,110.42229705770127,126.9573229615176,85.43251830069813,False,max_epochs,3745.570738554001
rl4crn_rne_oscillator_trace_8rxn_stop_risksched085to09_lr1e4_entropy005_s4_c1_rnetol_d256_depth3_p20,seed373,373,742,74200,100,16,93.64683282693171,129.6961191577347,85.43251830069813,False,max_epochs,3750.785100221634
rl4crn_rne_oscillator_trace_8rxn_stop_risksched085to09_lr1e4_entropy005_s4_c1_rnetol_d256_depth3_p20,seed373,373,743,74300,100,16,109.84498522913847,130.07477553821832,85.43251830069813,False,max_epochs,3755.9079236984253
rl4crn_rne_oscillator_trace_8rxn_stop_risksched085to09_lr1e4_entropy005_s4_c1_rnetol_d256_depth3_p20,seed373,373,744,74400,100,16,110.33076309963323,129.19368418926743,85.43251830069813,False,max_epochs,3758.4413833618164
rl4crn_rne_oscillator_trace_8rxn_stop_risksched085to09_lr1e4_entropy005_s4_c1_rnetol_d256_depth3_p20,seed373,373,745,74500,100,16,94.99187608234412,128.798206445728,85.43251830069813,False,max_epochs,3763.370281457901
rl4crn_rne_oscillator_trace_8rxn_stop_risksched085to09_lr1e4_entropy005_s4_c1_rnetol_d256_depth3_p20,seed373,373,746,74600,100,16,96.73007162053517,130.46580461335168,85.43251830069813,False,max_epochs,3768.5697491168976
rl4crn_rne_oscillator_trace_8rxn_stop_risksched085to09_lr1e4_entropy005_s4_c1_rnetol_d256_depth3_p20,seed373,373,747,74700,100,16,101.70980169327734,129.4922039150618,85.43251830069813,False,max_epochs,3773.6795921325684
rl4crn_rne_oscillator_trace_8rxn_stop_risksched085to09_lr1e4_entropy005_s4_c1_rnetol_d256_depth3_p20,seed373,373,748,74800,100,16,111.21304801701353,129.06480540037728,85.43251830069813,False,max_epochs,3778.2743878364563
rl4crn_rne_oscillator_trace_8rxn_stop_risksched085to09_lr1e4_entropy005_s4_c1_rnetol_d256_depth3_p20,seed373,373,749,74900,100,16,95.25394489499018,129.62228044287207,85.43251830069813,False,max_epochs,3780.6930663585663
rl4crn_rne_oscillator_trace_8rxn_stop_risksched085to09_lr1e4_entropy005_s4_c1_rnetol_d256_depth3_p20,seed373,373,750,75000,100,16,91.96969373149359,130.25215967466744,85.43251830069813,False,max_epochs,3786.129956007004
rl4crn_rne_oscillator_trace_8rxn_stop_risksched085to09_lr1e4_entropy005_s4_c1_rnetol_d256_depth3_p20,seed373,373,751,75100,100,16,103.14349728488084,129.5765867137754,85.43251830069813,False,max_epochs,3791.6522192955017
rl4crn_rne_oscillator_trace_8rxn_stop_risksched085to09_lr1e4_entropy005_s4_c1_rnetol_d256_depth3_p20,seed373,373,752,75200,100,16,84.77641253106535,129.65250228508017,84.77641253106535,False,max_epochs,3797.445825576782
rl4crn_rne_oscillator_trace_8rxn_stop_risksched085to09_lr1e4_entropy005_s4_c1_rnetol_d256_depth3_p20,seed373,373,753,75300,100,16,88.41982887701852,129.59638868343066,84.77641253106535,False,max_epochs,3802.960224866867
rl4crn_rne_oscillator_trace_8rxn_stop_risksched085to09_lr1e4_entropy005_s4_c1_rnetol_d256_depth3_p20,seed373,373,754,75400,100,16,112.29647790474532,129.82597010174612,84.77641253106535,False,max_epochs,3807.846815109253
rl4crn_rne_oscillator_trace_8rxn_stop_risksched085to09_lr1e4_entropy005_s4_c1_rnetol_d256_depth3_p20,seed373,373,755,75500,100,16,89.21091584740462,129.51718263366405,84.77641253106535,False,max_epochs,3813.475106239319
rl4crn_rne_oscillator_trace_8rxn_stop_risksched085to09_lr1e4_entropy005_s4_c1_rnetol_d256_depth3_p20,seed373,373,756,75600,100,16,106.08732523152423,128.78345298488813,84.77641253106535,False,max_epochs,3818.762669324875
rl4crn_rne_oscillator_trace_8rxn_stop_risksched085to09_lr1e4_entropy005_s4_c1_rnetol_d256_depth3_p20,seed373,373,757,75700,100,16,107.20034702886056,129.16282486435796,84.77641253106535,False,max_epochs,3824.343451976776
rl4crn_rne_oscillator_trace_8rxn_stop_risksched085to09_lr1e4_entropy005_s4_c1_rnetol_d256_depth3_p20,seed373,373,758,75800,100,16,107.56566755308134,129.08197075687025,84.77641253106535,False,max_epochs,3829.345831155777
rl4crn_rne_oscillator_trace_8rxn_stop_risksched085to09_lr1e4_entropy005_s4_c1_rnetol_d256_depth3_p20,seed373,373,759,75900,100,16,92.9700223323408,129.5138732932129,84.77641253106535,False,max_epochs,3834.3588132858276
rl4crn_rne_oscillator_trace_8rxn_stop_risksched085to09_lr1e4_entropy005_s4_c1_rnetol_d256_depth3_p20,seed373,373,760,76000,100,16,92.11892839981529,129.1944683764254,84.77641253106535,False,max_epochs,3836.6653690338135
rl4crn_rne_oscillator_trace_8rxn_stop_risksched085to09_lr1e4_entropy005_s4_c1_rnetol_d256_depth3_p20,seed373,373,761,76100,100,16,85.81921168507475,128.9979477524093,84.77641253106535,False,max_epochs,3841.523373365402
rl4crn_rne_oscillator_trace_8rxn_stop_risksched085to09_lr1e4_entropy005_s4_c1_rnetol_d256_depth3_p20,seed373,373,762,76200,100,16,99.32180015701118,132.82453895262324,84.77641253106535,False,max_epochs,3847.163967370987
rl4crn_rne_oscillator_trace_8rxn_stop_risksched085to09_lr1e4_entropy005_s4_c1_rnetol_d256_depth3_p20,seed373,373,763,76300,100,16,98.32974798768352,129.68201294872762,84.77641253106535,False,max_epochs,3852.229062795639
rl4crn_rne_oscillator_trace_8rxn_stop_risksched085to09_lr1e4_entropy005_s4_c1_rnetol_d256_depth3_p20,seed373,373,764,76400,100,16,113.61734556551653,131.8240495667739,84.77641253106535,False,max_epochs,3857.359037876129
rl4crn_rne_oscillator_trace_8rxn_stop_risksched085to09_lr1e4_entropy005_s4_c1_rnetol_d256_depth3_p20,seed373,373,765,76500,100,16,108.90312571921024,129.73213802098144,84.77641253106535,False,max_epochs,3861.852001428604
rl4crn_rne_oscillator_trace_8rxn_stop_risksched085to09_lr1e4_entropy005_s4_c1_rnetol_d256_depth3_p20,seed373,373,766,76600,100,16,103.59086190558268,129.57291724290076,84.77641253106535,False,max_epochs,3864.772911310196
rl4crn_rne_oscillator_trace_8rxn_stop_risksched085to09_lr1e4_entropy005_s4_c1_rnetol_d256_depth3_p20,seed373,373,767,76700,100,16,100.86475342040964,129.42135593422609,84.77641253106535,False,max_epochs,3869.937360525131
rl4crn_rne_oscillator_trace_8rxn_stop_risksched085to09_lr1e4_entropy005_s4_c1_rnetol_d256_depth3_p20,seed373,373,768,76800,100,16,102.4551074039703,129.70327723660688,84.77641253106535,False,max_epochs,3875.2172842025757
rl4crn_rne_oscillator_trace_8rxn_stop_risksched085to09_lr1e4_entropy005_s4_c1_rnetol_d256_depth3_p20,seed373,373,769,76900,100,16,107.38612030321173,132.6419307129695,84.77641253106535,False,max_epochs,3881.266757965088
rl4crn_rne_oscillator_trace_8rxn_stop_risksched085to09_lr1e4_entropy005_s4_c1_rnetol_d256_depth3_p20,seed373,373,770,77000,100,16,89.63659774057471,129.65211236603164,84.77641253106535,False,max_epochs,3886.7931294441223
rl4crn_rne_oscillator_trace_8rxn_stop_risksched085to09_lr1e4_entropy005_s4_c1_rnetol_d256_depth3_p20,seed373,373,771,77100,100,16,89.08634443584182,131.44269893086735,84.77641253106535,False,max_epochs,3892.6508100032806
rl4crn_rne_oscillator_trace_8rxn_stop_risksched085to09_lr1e4_entropy005_s4_c1_rnetol_d256_depth3_p20,seed373,373,772,77200,100,16,76.0325650031996,130.63804637099935,76.0325650031996,False,max_epochs,3897.977450609207
rl4crn_rne_oscillator_trace_8rxn_stop_risksched085to09_lr1e4_entropy005_s4_c1_rnetol_d256_depth3_p20,seed373,373,773,77300,100,16,98.2374749723583,130.31778018625317,76.0325650031996,False,max_epochs,3903.2590198516846
rl4crn_rne_oscillator_trace_8rxn_stop_risksched085to09_lr1e4_entropy005_s4_c1_rnetol_d256_depth3_p20,seed373,373,774,77400,100,16,110.86623082924595,137.9732536136194,76.0325650031996,False,max_epochs,3909.0452060699463
rl4crn_rne_oscillator_trace_8rxn_stop_risksched085to09_lr1e4_entropy005_s4_c1_rnetol_d256_depth3_p20,seed373,373,775,77500,100,16,117.43525814283417,136.6492840886008,76.0325650031996,False,max_epochs,3913.9649267196655
rl4crn_rne_oscillator_trace_8rxn_stop_risksched085to09_lr1e4_entropy005_s4_c1_rnetol_d256_depth3_p20,seed373,373,776,77600,100,16,113.27550334907025,130.11838142645604,76.0325650031996,False,max_epochs,3919.394363641739
rl4crn_rne_oscillator_trace_8rxn_stop_risksched085to09_lr1e4_entropy005_s4_c1_rnetol_d256_depth3_p20,seed373,373,777,77700,100,16,106.44467247566445,131.85212717409325,76.0325650031996,False,max_epochs,3924.502079486847
rl4crn_rne_oscillator_trace_8rxn_stop_risksched085to09_lr1e4_entropy005_s4_c1_rnetol_d256_depth3_p20,seed373,373,778,77800,100,16,112.80560641223312,130.11981583939183,76.0325650031996,False,max_epochs,3927.0795209407806
rl4crn_rne_oscillator_trace_8rxn_stop_risksched085to09_lr1e4_entropy005_s4_c1_rnetol_d256_depth3_p20,seed373,373,779,77900,100,16,90.8230980789258,130.59143550583016,76.0325650031996,False,max_epochs,3932.3882851600647
rl4crn_rne_oscillator_trace_8rxn_stop_risksched085to09_lr1e4_entropy005_s4_c1_rnetol_d256_depth3_p20,seed373,373,780,78000,100,16,99.54210307832653,130.67870616997402,76.0325650031996,False,max_epochs,3937.1624689102173
rl4crn_rne_oscillator_trace_8rxn_stop_risksched085to09_lr1e4_entropy005_s4_c1_rnetol_d256_depth3_p20,seed373,373,781,78100,100,16,108.9606539075496,137.8558346755515,76.0325650031996,False,max_epochs,3942.3877992630005
rl4crn_rne_oscillator_trace_8rxn_stop_risksched085to09_lr1e4_entropy005_s4_c1_rnetol_d256_depth3_p20,seed373,373,782,78200,100,16,115.55508326283757,131.20076566590652,76.0325650031996,False,max_epochs,3947.664541244507
rl4crn_rne_oscillator_trace_8rxn_stop_risksched085to09_lr1e4_entropy005_s4_c1_rnetol_d256_depth3_p20,seed373,373,783,78300,100,16,112.86365051386625,128.68848898651282,76.0325650031996,False,max_epochs,3951.8145978450775
rl4crn_rne_oscillator_trace_8rxn_stop_risksched085to09_lr1e4_entropy005_s4_c1_rnetol_d256_depth3_p20,seed373,373,784,78400,100,16,106.71791215457527,129.03396869857644,76.0325650031996,False,max_epochs,3955.2058260440826
rl4crn_rne_oscillator_trace_8rxn_stop_risksched085to09_lr1e4_entropy005_s4_c1_rnetol_d256_depth3_p20,seed373,373,785,78500,100,16,101.88610908184053,129.58900310606924,76.0325650031996,False,max_epochs,3960.758525133133
rl4crn_rne_oscillator_trace_8rxn_stop_risksched085to09_lr1e4_entropy005_s4_c1_rnetol_d256_depth3_p20,seed373,373,786,78600,100,16,105.62547966833051,131.35682064361356,76.0325650031996,False,max_epochs,3965.6618795394897
rl4crn_rne_oscillator_trace_8rxn_stop_risksched085to09_lr1e4_entropy005_s4_c1_rnetol_d256_depth3_p20,seed373,373,787,78700,100,16,100.27526334842429,129.3507203637111,76.0325650031996,False,max_epochs,3971.4055762290955
rl4crn_rne_oscillator_trace_8rxn_stop_risksched085to09_lr1e4_entropy005_s4_c1_rnetol_d256_depth3_p20,seed373,373,788,78800,100,16,87.09454295780355,134.8213135839857,76.0325650031996,False,max_epochs,3977.1155574321747
rl4crn_rne_oscillator_trace_8rxn_stop_risksched085to09_lr1e4_entropy005_s4_c1_rnetol_d256_depth3_p20,seed373,373,789,78900,100,16,108.57018377541326,131.8396435426696,76.0325650031996,False,max_epochs,3983.0370507240295
rl4crn_rne_oscillator_trace_8rxn_stop_risksched085to09_lr1e4_entropy005_s4_c1_rnetol_d256_depth3_p20,seed373,373,790,79000,100,16,103.98304533990249,131.3016178554558,76.0325650031996,False,max_epochs,3988.403183221817
rl4crn_rne_oscillator_trace_8rxn_stop_risksched085to09_lr1e4_entropy005_s4_c1_rnetol_d256_depth3_p20,seed373,373,791,79100,100,16,86.88935220480225,131.37761210686944,76.0325650031996,False,max_epochs,3993.6678013801575
rl4crn_rne_oscillator_trace_8rxn_stop_risksched085to09_lr1e4_entropy005_s4_c1_rnetol_d256_depth3_p20,seed373,373,792,79200,100,16,102.08984987572424,129.48051678914553,76.0325650031996,False,max_epochs,3998.892703294754
rl4crn_rne_oscillator_trace_8rxn_stop_risksched085to09_lr1e4_entropy005_s4_c1_rnetol_d256_depth3_p20,seed373,373,793,79300,100,16,90.30651593904554,129.5749449208393,76.0325650031996,False,max_epochs,4004.465308189392
rl4crn_rne_oscillator_trace_8rxn_stop_risksched085to09_lr1e4_entropy005_s4_c1_rnetol_d256_depth3_p20,seed373,373,794,79400,100,16,84.10858744535362,129.13273845474112,76.0325650031996,False,max_epochs,4009.5524592399597
rl4crn_rne_oscillator_trace_8rxn_stop_risksched085to09_lr1e4_entropy005_s4_c1_rnetol_d256_depth3_p20,seed373,373,795,79500,100,16,64.12124129977323,130.44443262960272,64.12124129977323,False,max_epochs,4011.947857618332
rl4crn_rne_oscillator_trace_8rxn_stop_risksched085to09_lr1e4_entropy005_s4_c1_rnetol_d256_depth3_p20,seed373,373,796,79600,100,16,97.69391963426872,130.06223355683983,64.12124129977323,False,max_epochs,4017.034665584564
rl4crn_rne_oscillator_trace_8rxn_stop_risksched085to09_lr1e4_entropy005_s4_c1_rnetol_d256_depth3_p20,seed373,373,797,79700,100,16,109.24076555557987,129.54685441813905,64.12124129977323,False,max_epochs,4022.5694670677185
rl4crn_rne_oscillator_trace_8rxn_stop_risksched085to09_lr1e4_entropy005_s4_c1_rnetol_d256_depth3_p20,seed373,373,798,79800,100,16,105.43694091251116,129.0807269030743,64.12124129977323,False,max_epochs,4027.805454969406
rl4crn_rne_oscillator_trace_8rxn_stop_risksched085to09_lr1e4_entropy005_s4_c1_rnetol_d256_depth3_p20,seed373,373,799,79900,100,16,86.50528847736624,129.39426136774057,64.12124129977323,False,max_epochs,4033.777999639511
rl4crn_rne_oscillator_trace_8rxn_stop_risksched085to09_lr1e4_entropy005_s4_c1_rnetol_d256_depth3_p20,seed373,373,800,80000,100,16,101.11656676904602,129.2337323622727,64.12124129977323,False,max_epochs,4039.3208644390106
rl4crn_rne_oscillator_trace_8rxn_stop_risksched085to09_lr1e4_entropy005_s4_c1_rnetol_d256_depth3_p20,seed373,373,801,80100,100,16,77.31813331905099,129.36579655422477,64.12124129977323,False,max_epochs,4045.358646631241
