method,run_id,seed,epoch,candidate_evaluations,batch_size,n_cpus,epoch_best_loss,epoch_median_loss,saved_best_loss,success,stop_reason,elapsed_seconds
rl4crn_rne_oscillator_trace_8rxn_stop_risksched085to095_lr1e4_entropy01to005_s1_c1_rnetol_d256_depth3_p20,seed063,63,1,100,100,16,124.94884038793715,131.35762780677442,124.94884038793715,False,max_epochs,5.483454704284668
rl4crn_rne_oscillator_trace_8rxn_stop_risksched085to095_lr1e4_entropy01to005_s1_c1_rnetol_d256_depth3_p20,seed063,63,2,200,100,16,123.85701530724342,130.9725388163222,123.85701530724342,False,max_epochs,8.539661645889282
rl4crn_rne_oscillator_trace_8rxn_stop_risksched085to095_lr1e4_entropy01to005_s1_c1_rnetol_d256_depth3_p20,seed063,63,3,300,100,16,123.6156616756175,131.26989077415448,123.6156616756175,False,max_epochs,13.209821224212646
rl4crn_rne_oscillator_trace_8rxn_stop_risksched085to095_lr1e4_entropy01to005_s1_c1_rnetol_d256_depth3_p20,seed063,63,4,400,100,16,124.3880183593707,131.38405837148747,123.6156616756175,False,max_epochs,17.959514141082764
rl4crn_rne_oscillator_trace_8rxn_stop_risksched085to095_lr1e4_entropy01to005_s1_c1_rnetol_d256_depth3_p20,seed063,63,5,500,100,16,124.4420397400616,131.6289551119974,123.6156616756175,False,max_epochs,22.512115716934204
rl4crn_rne_oscillator_trace_8rxn_stop_risksched085to095_lr1e4_entropy01to005_s1_c1_rnetol_d256_depth3_p20,seed063,63,6,600,100,16,123.3203446981656,130.24160295254433,123.3203446981656,False,max_epochs,27.218975067138672
rl4crn_rne_oscillator_trace_8rxn_stop_risksched085to095_lr1e4_entropy01to005_s1_c1_rnetol_d256_depth3_p20,seed063,63,7,700,100,16,122.66849856388407,130.46478165730815,122.66849856388407,False,max_epochs,29.88032293319702
rl4crn_rne_oscillator_trace_8rxn_stop_risksched085to095_lr1e4_entropy01to005_s1_c1_rnetol_d256_depth3_p20,seed063,63,8,800,100,16,124.5437681155376,131.5654187940096,122.66849856388407,False,max_epochs,33.643126010894775
rl4crn_rne_oscillator_trace_8rxn_stop_risksched085to095_lr1e4_entropy01to005_s1_c1_rnetol_d256_depth3_p20,seed063,63,9,900,100,16,124.66723659295846,130.0179496268379,122.66849856388407,False,max_epochs,38.5250985622406
rl4crn_rne_oscillator_trace_8rxn_stop_risksched085to095_lr1e4_entropy01to005_s1_c1_rnetol_d256_depth3_p20,seed063,63,10,1000,100,16,124.467289523014,130.17597031984954,122.66849856388407,False,max_epochs,43.5468635559082
rl4crn_rne_oscillator_trace_8rxn_stop_risksched085to095_lr1e4_entropy01to005_s1_c1_rnetol_d256_depth3_p20,seed063,63,11,1100,100,16,124.12897597033806,130.4954863755131,122.66849856388407,False,max_epochs,48.34128713607788
rl4crn_rne_oscillator_trace_8rxn_stop_risksched085to095_lr1e4_entropy01to005_s1_c1_rnetol_d256_depth3_p20,seed063,63,12,1200,100,16,122.53236698631838,129.7137967206769,122.53236698631838,False,max_epochs,52.88742256164551
rl4crn_rne_oscillator_trace_8rxn_stop_risksched085to095_lr1e4_entropy01to005_s1_c1_rnetol_d256_depth3_p20,seed063,63,13,1300,100,16,123.89525512071404,129.82525538680773,122.53236698631838,False,max_epochs,56.556275367736816
rl4crn_rne_oscillator_trace_8rxn_stop_risksched085to095_lr1e4_entropy01to005_s1_c1_rnetol_d256_depth3_p20,seed063,63,14,1400,100,16,123.76903763136269,129.32051888938634,122.53236698631838,False,max_epochs,59.39490056037903
rl4crn_rne_oscillator_trace_8rxn_stop_risksched085to095_lr1e4_entropy01to005_s1_c1_rnetol_d256_depth3_p20,seed063,63,15,1500,100,16,123.62411805949705,129.94920976425374,122.53236698631838,False,max_epochs,64.40537738800049
rl4crn_rne_oscillator_trace_8rxn_stop_risksched085to095_lr1e4_entropy01to005_s1_c1_rnetol_d256_depth3_p20,seed063,63,16,1600,100,16,123.01066982013353,129.4003123521141,122.53236698631838,False,max_epochs,69.21908783912659
rl4crn_rne_oscillator_trace_8rxn_stop_risksched085to095_lr1e4_entropy01to005_s1_c1_rnetol_d256_depth3_p20,seed063,63,17,1700,100,16,124.60430579938694,130.00591836928018,122.53236698631838,False,max_epochs,74.4738712310791
rl4crn_rne_oscillator_trace_8rxn_stop_risksched085to095_lr1e4_entropy01to005_s1_c1_rnetol_d256_depth3_p20,seed063,63,18,1800,100,16,123.96003967501433,129.29016887096628,122.53236698631838,False,max_epochs,79.19125485420227
rl4crn_rne_oscillator_trace_8rxn_stop_risksched085to095_lr1e4_entropy01to005_s1_c1_rnetol_d256_depth3_p20,seed063,63,19,1900,100,16,123.56065579261572,130.41502564480746,122.53236698631838,False,max_epochs,84.53863191604614
rl4crn_rne_oscillator_trace_8rxn_stop_risksched085to095_lr1e4_entropy01to005_s1_c1_rnetol_d256_depth3_p20,seed063,63,20,2000,100,16,122.348687072991,129.91944764906432,122.348687072991,False,max_epochs,89.41095399856567
rl4crn_rne_oscillator_trace_8rxn_stop_risksched085to095_lr1e4_entropy01to005_s1_c1_rnetol_d256_depth3_p20,seed063,63,21,2100,100,16,122.50959395074753,128.76748010528178,122.348687072991,False,max_epochs,94.75345873832703
rl4crn_rne_oscillator_trace_8rxn_stop_risksched085to095_lr1e4_entropy01to005_s1_c1_rnetol_d256_depth3_p20,seed063,63,22,2200,100,16,123.25599943018766,128.60321282902026,122.348687072991,False,max_epochs,99.59614658355713
rl4crn_rne_oscillator_trace_8rxn_stop_risksched085to095_lr1e4_entropy01to005_s1_c1_rnetol_d256_depth3_p20,seed063,63,23,2300,100,16,123.4042859669233,129.70362845856022,122.348687072991,False,max_epochs,104.9321231842041
rl4crn_rne_oscillator_trace_8rxn_stop_risksched085to095_lr1e4_entropy01to005_s1_c1_rnetol_d256_depth3_p20,seed063,63,24,2400,100,16,123.41739930587526,127.93395691420926,122.348687072991,False,max_epochs,109.5267231464386
rl4crn_rne_oscillator_trace_8rxn_stop_risksched085to095_lr1e4_entropy01to005_s1_c1_rnetol_d256_depth3_p20,seed063,63,25,2500,100,16,122.57843490341412,127.6038336967164,122.348687072991,False,max_epochs,114.79883027076721
rl4crn_rne_oscillator_trace_8rxn_stop_risksched085to095_lr1e4_entropy01to005_s1_c1_rnetol_d256_depth3_p20,seed063,63,26,2600,100,16,121.33504258691033,127.80912802758994,121.33504258691033,False,max_epochs,119.34233736991882
rl4crn_rne_oscillator_trace_8rxn_stop_risksched085to095_lr1e4_entropy01to005_s1_c1_rnetol_d256_depth3_p20,seed063,63,27,2700,100,16,122.41660684667943,127.52524149630136,121.33504258691033,False,max_epochs,124.03969097137451
rl4crn_rne_oscillator_trace_8rxn_stop_risksched085to095_lr1e4_entropy01to005_s1_c1_rnetol_d256_depth3_p20,seed063,63,28,2800,100,16,122.46226734294338,128.72063403307908,121.33504258691033,False,max_epochs,126.92280197143555
rl4crn_rne_oscillator_trace_8rxn_stop_risksched085to095_lr1e4_entropy01to005_s1_c1_rnetol_d256_depth3_p20,seed063,63,29,2900,100,16,123.13647764000893,126.85597652035725,121.33504258691033,False,max_epochs,130.59297633171082
rl4crn_rne_oscillator_trace_8rxn_stop_risksched085to095_lr1e4_entropy01to005_s1_c1_rnetol_d256_depth3_p20,seed063,63,30,3000,100,16,121.5417582897291,128.43797179452116,121.33504258691033,False,max_epochs,135.28131794929504
rl4crn_rne_oscillator_trace_8rxn_stop_risksched085to095_lr1e4_entropy01to005_s1_c1_rnetol_d256_depth3_p20,seed063,63,31,3100,100,16,121.9215183389883,126.51100171241214,121.33504258691033,False,max_epochs,139.86733055114746
rl4crn_rne_oscillator_trace_8rxn_stop_risksched085to095_lr1e4_entropy01to005_s1_c1_rnetol_d256_depth3_p20,seed063,63,32,3200,100,16,121.04252866308498,129.41450287870396,121.04252866308498,False,max_epochs,144.60147047042847
rl4crn_rne_oscillator_trace_8rxn_stop_risksched085to095_lr1e4_entropy01to005_s1_c1_rnetol_d256_depth3_p20,seed063,63,33,3300,100,16,121.6185585161709,126.26992475479645,121.04252866308498,False,max_epochs,146.768981218338
rl4crn_rne_oscillator_trace_8rxn_stop_risksched085to095_lr1e4_entropy01to005_s1_c1_rnetol_d256_depth3_p20,seed063,63,34,3400,100,16,121.76908611435253,126.86692546235777,121.04252866308498,False,max_epochs,151.17717719078064
rl4crn_rne_oscillator_trace_8rxn_stop_risksched085to095_lr1e4_entropy01to005_s1_c1_rnetol_d256_depth3_p20,seed063,63,35,3500,100,16,121.28977851363604,129.10797918777018,121.04252866308498,False,max_epochs,155.92270398139954
rl4crn_rne_oscillator_trace_8rxn_stop_risksched085to095_lr1e4_entropy01to005_s1_c1_rnetol_d256_depth3_p20,seed063,63,36,3600,100,16,121.08653972166974,125.76259011436778,121.04252866308498,False,max_epochs,160.69487404823303
rl4crn_rne_oscillator_trace_8rxn_stop_risksched085to095_lr1e4_entropy01to005_s1_c1_rnetol_d256_depth3_p20,seed063,63,37,3700,100,16,120.9830739949484,126.89831018433094,120.9830739949484,False,max_epochs,165.28108930587769
rl4crn_rne_oscillator_trace_8rxn_stop_risksched085to095_lr1e4_entropy01to005_s1_c1_rnetol_d256_depth3_p20,seed063,63,38,3800,100,16,121.5733320027671,127.09246279386394,120.9830739949484,False,max_epochs,170.10326552391052
rl4crn_rne_oscillator_trace_8rxn_stop_risksched085to095_lr1e4_entropy01to005_s1_c1_rnetol_d256_depth3_p20,seed063,63,39,3900,100,16,121.51228982584769,126.91864810604434,120.9830739949484,False,max_epochs,174.0741422176361
rl4crn_rne_oscillator_trace_8rxn_stop_risksched085to095_lr1e4_entropy01to005_s1_c1_rnetol_d256_depth3_p20,seed063,63,40,4000,100,16,121.40449345431324,128.42235434175495,120.9830739949484,False,max_epochs,176.56724524497986
rl4crn_rne_oscillator_trace_8rxn_stop_risksched085to095_lr1e4_entropy01to005_s1_c1_rnetol_d256_depth3_p20,seed063,63,41,4100,100,16,120.9877782369402,128.42008616626276,120.9830739949484,False,max_epochs,181.70027470588684
rl4crn_rne_oscillator_trace_8rxn_stop_risksched085to095_lr1e4_entropy01to005_s1_c1_rnetol_d256_depth3_p20,seed063,63,42,4200,100,16,120.64230290720798,130.82513669865415,120.64230290720798,False,max_epochs,186.47569155693054
rl4crn_rne_oscillator_trace_8rxn_stop_risksched085to095_lr1e4_entropy01to005_s1_c1_rnetol_d256_depth3_p20,seed063,63,43,4300,100,16,120.34603770602142,131.43894638142305,120.34603770602142,False,max_epochs,191.4630832672119
rl4crn_rne_oscillator_trace_8rxn_stop_risksched085to095_lr1e4_entropy01to005_s1_c1_rnetol_d256_depth3_p20,seed063,63,44,4400,100,16,120.39511133336227,137.55519120265288,120.34603770602142,False,max_epochs,195.96490335464478
rl4crn_rne_oscillator_trace_8rxn_stop_risksched085to095_lr1e4_entropy01to005_s1_c1_rnetol_d256_depth3_p20,seed063,63,45,4500,100,16,120.41262222591766,139.35227717317827,120.34603770602142,False,max_epochs,200.84231996536255
rl4crn_rne_oscillator_trace_8rxn_stop_risksched085to095_lr1e4_entropy01to005_s1_c1_rnetol_d256_depth3_p20,seed063,63,46,4600,100,16,119.72443517211507,134.29334599612457,119.72443517211507,False,max_epochs,205.27460360527039
rl4crn_rne_oscillator_trace_8rxn_stop_risksched085to095_lr1e4_entropy01to005_s1_c1_rnetol_d256_depth3_p20,seed063,63,47,4700,100,16,119.9687255588811,143.44360864651355,119.72443517211507,False,max_epochs,207.5597689151764
rl4crn_rne_oscillator_trace_8rxn_stop_risksched085to095_lr1e4_entropy01to005_s1_c1_rnetol_d256_depth3_p20,seed063,63,48,4800,100,16,119.87066706393094,142.6891573193522,119.72443517211507,False,max_epochs,211.91326022148132
rl4crn_rne_oscillator_trace_8rxn_stop_risksched085to095_lr1e4_entropy01to005_s1_c1_rnetol_d256_depth3_p20,seed063,63,49,4900,100,16,120.88862676543208,135.8384755782582,119.72443517211507,False,max_epochs,216.86606216430664
rl4crn_rne_oscillator_trace_8rxn_stop_risksched085to095_lr1e4_entropy01to005_s1_c1_rnetol_d256_depth3_p20,seed063,63,50,5000,100,16,120.41385176662531,132.26504201064046,119.72443517211507,False,max_epochs,221.50038957595825
rl4crn_rne_oscillator_trace_8rxn_stop_risksched085to095_lr1e4_entropy01to005_s1_c1_rnetol_d256_depth3_p20,seed063,63,51,5100,100,16,120.65345025084457,135.0862461028894,119.72443517211507,False,max_epochs,226.28609657287598
rl4crn_rne_oscillator_trace_8rxn_stop_risksched085to095_lr1e4_entropy01to005_s1_c1_rnetol_d256_depth3_p20,seed063,63,52,5200,100,16,120.20537260647595,127.46460040874962,119.72443517211507,False,max_epochs,230.82526469230652
rl4crn_rne_oscillator_trace_8rxn_stop_risksched085to095_lr1e4_entropy01to005_s1_c1_rnetol_d256_depth3_p20,seed063,63,53,5300,100,16,120.69149625411498,127.03016156825831,119.72443517211507,False,max_epochs,234.83562779426575
rl4crn_rne_oscillator_trace_8rxn_stop_risksched085to095_lr1e4_entropy01to005_s1_c1_rnetol_d256_depth3_p20,seed063,63,54,5400,100,16,120.1939574068717,124.96156306201635,119.72443517211507,False,max_epochs,237.86350226402283
rl4crn_rne_oscillator_trace_8rxn_stop_risksched085to095_lr1e4_entropy01to005_s1_c1_rnetol_d256_depth3_p20,seed063,63,55,5500,100,16,120.47625670333548,131.97666275098624,119.72443517211507,False,max_epochs,242.34574055671692
rl4crn_rne_oscillator_trace_8rxn_stop_risksched085to095_lr1e4_entropy01to005_s1_c1_rnetol_d256_depth3_p20,seed063,63,56,5600,100,16,120.01865865368056,136.71602179653715,119.72443517211507,False,max_epochs,246.64160919189453
rl4crn_rne_oscillator_trace_8rxn_stop_risksched085to095_lr1e4_entropy01to005_s1_c1_rnetol_d256_depth3_p20,seed063,63,57,5700,100,16,120.55624989075754,134.01557971228723,119.72443517211507,False,max_epochs,251.46470522880554
rl4crn_rne_oscillator_trace_8rxn_stop_risksched085to095_lr1e4_entropy01to005_s1_c1_rnetol_d256_depth3_p20,seed063,63,58,5800,100,16,120.03953017160363,135.85637041392047,119.72443517211507,False,max_epochs,255.82214164733887
rl4crn_rne_oscillator_trace_8rxn_stop_risksched085to095_lr1e4_entropy01to005_s1_c1_rnetol_d256_depth3_p20,seed063,63,59,5900,100,16,119.89813393193907,143.20523722017276,119.72443517211507,False,max_epochs,258.4218363761902
rl4crn_rne_oscillator_trace_8rxn_stop_risksched085to095_lr1e4_entropy01to005_s1_c1_rnetol_d256_depth3_p20,seed063,63,60,6000,100,16,120.03485164714097,139.70811622695874,119.72443517211507,False,max_epochs,262.8751621246338
rl4crn_rne_oscillator_trace_8rxn_stop_risksched085to095_lr1e4_entropy01to005_s1_c1_rnetol_d256_depth3_p20,seed063,63,61,6100,100,16,117.85867393849833,132.38847434608095,117.85867393849833,False,max_epochs,267.73764729499817
rl4crn_rne_oscillator_trace_8rxn_stop_risksched085to095_lr1e4_entropy01to005_s1_c1_rnetol_d256_depth3_p20,seed063,63,62,6200,100,16,119.973093334716,142.18220186330174,117.85867393849833,False,max_epochs,272.51845717430115
rl4crn_rne_oscillator_trace_8rxn_stop_risksched085to095_lr1e4_entropy01to005_s1_c1_rnetol_d256_depth3_p20,seed063,63,63,6300,100,16,118.34215891947315,138.15037960896103,117.85867393849833,False,max_epochs,277.29313254356384
rl4crn_rne_oscillator_trace_8rxn_stop_risksched085to095_lr1e4_entropy01to005_s1_c1_rnetol_d256_depth3_p20,seed063,63,64,6400,100,16,119.97979590770022,130.98547802489315,117.85867393849833,False,max_epochs,281.72845005989075
rl4crn_rne_oscillator_trace_8rxn_stop_risksched085to095_lr1e4_entropy01to005_s1_c1_rnetol_d256_depth3_p20,seed063,63,65,6500,100,16,119.75706153456424,126.99985744901187,117.85867393849833,False,max_epochs,286.09314608573914
rl4crn_rne_oscillator_trace_8rxn_stop_risksched085to095_lr1e4_entropy01to005_s1_c1_rnetol_d256_depth3_p20,seed063,63,66,6600,100,16,119.45481122819777,125.13775072142136,117.85867393849833,False,max_epochs,288.46566104888916
rl4crn_rne_oscillator_trace_8rxn_stop_risksched085to095_lr1e4_entropy01to005_s1_c1_rnetol_d256_depth3_p20,seed063,63,67,6700,100,16,119.93792055984377,129.7063877443293,117.85867393849833,False,max_epochs,293.0328025817871
rl4crn_rne_oscillator_trace_8rxn_stop_risksched085to095_lr1e4_entropy01to005_s1_c1_rnetol_d256_depth3_p20,seed063,63,68,6800,100,16,119.54016487750118,124.70758003391464,117.85867393849833,False,max_epochs,297.53293466567993
rl4crn_rne_oscillator_trace_8rxn_stop_risksched085to095_lr1e4_entropy01to005_s1_c1_rnetol_d256_depth3_p20,seed063,63,69,6900,100,16,119.23686931063307,125.90199745664717,117.85867393849833,False,max_epochs,302.3223993778229
rl4crn_rne_oscillator_trace_8rxn_stop_risksched085to095_lr1e4_entropy01to005_s1_c1_rnetol_d256_depth3_p20,seed063,63,70,7000,100,16,119.13448723041003,126.68282440058249,117.85867393849833,False,max_epochs,306.9006781578064
rl4crn_rne_oscillator_trace_8rxn_stop_risksched085to095_lr1e4_entropy01to005_s1_c1_rnetol_d256_depth3_p20,seed063,63,71,7100,100,16,119.40781794084229,125.80291260523637,117.85867393849833,False,max_epochs,311.17330050468445
rl4crn_rne_oscillator_trace_8rxn_stop_risksched085to095_lr1e4_entropy01to005_s1_c1_rnetol_d256_depth3_p20,seed063,63,72,7200,100,16,119.3303035145598,125.77969266531908,117.85867393849833,False,max_epochs,313.459264755249
rl4crn_rne_oscillator_trace_8rxn_stop_risksched085to095_lr1e4_entropy01to005_s1_c1_rnetol_d256_depth3_p20,seed063,63,73,7300,100,16,119.2681504069823,125.61382609825233,117.85867393849833,False,max_epochs,318.75075507164
rl4crn_rne_oscillator_trace_8rxn_stop_risksched085to095_lr1e4_entropy01to005_s1_c1_rnetol_d256_depth3_p20,seed063,63,74,7400,100,16,119.26073955315992,131.73282497799653,117.85867393849833,False,max_epochs,323.07648754119873
rl4crn_rne_oscillator_trace_8rxn_stop_risksched085to095_lr1e4_entropy01to005_s1_c1_rnetol_d256_depth3_p20,seed063,63,75,7500,100,16,118.29456622293696,131.12544792555116,117.85867393849833,False,max_epochs,328.47348976135254
rl4crn_rne_oscillator_trace_8rxn_stop_risksched085to095_lr1e4_entropy01to005_s1_c1_rnetol_d256_depth3_p20,seed063,63,76,7600,100,16,116.56150103428995,131.24726983239094,116.56150103428995,False,max_epochs,332.657527923584
rl4crn_rne_oscillator_trace_8rxn_stop_risksched085to095_lr1e4_entropy01to005_s1_c1_rnetol_d256_depth3_p20,seed063,63,77,7700,100,16,116.83210867157702,126.45583261062939,116.56150103428995,False,max_epochs,337.1180248260498
rl4crn_rne_oscillator_trace_8rxn_stop_risksched085to095_lr1e4_entropy01to005_s1_c1_rnetol_d256_depth3_p20,seed063,63,78,7800,100,16,118.60731243778662,130.47909094993986,116.56150103428995,False,max_epochs,339.1524751186371
rl4crn_rne_oscillator_trace_8rxn_stop_risksched085to095_lr1e4_entropy01to005_s1_c1_rnetol_d256_depth3_p20,seed063,63,79,7900,100,16,118.04613362123388,130.02243478560436,116.56150103428995,False,max_epochs,344.01345443725586
rl4crn_rne_oscillator_trace_8rxn_stop_risksched085to095_lr1e4_entropy01to005_s1_c1_rnetol_d256_depth3_p20,seed063,63,80,8000,100,16,116.88267126145264,128.18878806390393,116.56150103428995,False,max_epochs,348.99015498161316
rl4crn_rne_oscillator_trace_8rxn_stop_risksched085to095_lr1e4_entropy01to005_s1_c1_rnetol_d256_depth3_p20,seed063,63,81,8100,100,16,118.43193030787926,128.66167375287938,116.56150103428995,False,max_epochs,354.04823660850525
rl4crn_rne_oscillator_trace_8rxn_stop_risksched085to095_lr1e4_entropy01to005_s1_c1_rnetol_d256_depth3_p20,seed063,63,82,8200,100,16,116.891481720475,123.9796078464654,116.56150103428995,False,max_epochs,358.88460183143616
rl4crn_rne_oscillator_trace_8rxn_stop_risksched085to095_lr1e4_entropy01to005_s1_c1_rnetol_d256_depth3_p20,seed063,63,83,8300,100,16,118.43176779784774,131.79513520268745,116.56150103428995,False,max_epochs,363.9421591758728
rl4crn_rne_oscillator_trace_8rxn_stop_risksched085to095_lr1e4_entropy01to005_s1_c1_rnetol_d256_depth3_p20,seed063,63,84,8400,100,16,117.8197448696578,127.65859771416419,116.56150103428995,False,max_epochs,368.5174252986908
rl4crn_rne_oscillator_trace_8rxn_stop_risksched085to095_lr1e4_entropy01to005_s1_c1_rnetol_d256_depth3_p20,seed063,63,85,8500,100,16,116.97523625166939,127.64301940199022,116.56150103428995,False,max_epochs,373.1897370815277
rl4crn_rne_oscillator_trace_8rxn_stop_risksched085to095_lr1e4_entropy01to005_s1_c1_rnetol_d256_depth3_p20,seed063,63,86,8600,100,16,117.97038081088877,123.98770290087914,116.56150103428995,False,max_epochs,377.21437311172485
rl4crn_rne_oscillator_trace_8rxn_stop_risksched085to095_lr1e4_entropy01to005_s1_c1_rnetol_d256_depth3_p20,seed063,63,87,8700,100,16,116.34461598633979,124.32614965127573,116.34461598633979,False,max_epochs,380.0346541404724
rl4crn_rne_oscillator_trace_8rxn_stop_risksched085to095_lr1e4_entropy01to005_s1_c1_rnetol_d256_depth3_p20,seed063,63,88,8800,100,16,112.57093480303865,124.3609209812094,112.57093480303865,False,max_epochs,384.7749273777008
rl4crn_rne_oscillator_trace_8rxn_stop_risksched085to095_lr1e4_entropy01to005_s1_c1_rnetol_d256_depth3_p20,seed063,63,89,8900,100,16,116.17369660890617,124.16285479668832,112.57093480303865,False,max_epochs,389.7065031528473
rl4crn_rne_oscillator_trace_8rxn_stop_risksched085to095_lr1e4_entropy01to005_s1_c1_rnetol_d256_depth3_p20,seed063,63,90,9000,100,16,114.85263269058274,127.36624282260865,112.57093480303865,False,max_epochs,394.5814416408539
rl4crn_rne_oscillator_trace_8rxn_stop_risksched085to095_lr1e4_entropy01to005_s1_c1_rnetol_d256_depth3_p20,seed063,63,91,9100,100,16,115.20846756972917,129.2177071544989,112.57093480303865,False,max_epochs,399.0440969467163
rl4crn_rne_oscillator_trace_8rxn_stop_risksched085to095_lr1e4_entropy01to005_s1_c1_rnetol_d256_depth3_p20,seed063,63,92,9200,100,16,114.28667165459063,125.8937630940668,112.57093480303865,False,max_epochs,403.9145517349243
rl4crn_rne_oscillator_trace_8rxn_stop_risksched085to095_lr1e4_entropy01to005_s1_c1_rnetol_d256_depth3_p20,seed063,63,93,9300,100,16,115.50281347258887,127.11087227819762,112.57093480303865,False,max_epochs,407.9430663585663
rl4crn_rne_oscillator_trace_8rxn_stop_risksched085to095_lr1e4_entropy01to005_s1_c1_rnetol_d256_depth3_p20,seed063,63,94,9400,100,16,114.72660175338358,127.897195474814,112.57093480303865,False,max_epochs,410.2847328186035
rl4crn_rne_oscillator_trace_8rxn_stop_risksched085to095_lr1e4_entropy01to005_s1_c1_rnetol_d256_depth3_p20,seed063,63,95,9500,100,16,114.63156653782347,130.97227136958224,112.57093480303865,False,max_epochs,415.35009002685547
rl4crn_rne_oscillator_trace_8rxn_stop_risksched085to095_lr1e4_entropy01to005_s1_c1_rnetol_d256_depth3_p20,seed063,63,96,9600,100,16,115.84356672657886,128.9921535042219,112.57093480303865,False,max_epochs,419.8763506412506
rl4crn_rne_oscillator_trace_8rxn_stop_risksched085to095_lr1e4_entropy01to005_s1_c1_rnetol_d256_depth3_p20,seed063,63,97,9700,100,16,115.00352309214209,126.8062887244356,112.57093480303865,False,max_epochs,425.30937242507935
rl4crn_rne_oscillator_trace_8rxn_stop_risksched085to095_lr1e4_entropy01to005_s1_c1_rnetol_d256_depth3_p20,seed063,63,98,9800,100,16,114.00630763781542,125.20907723886913,112.57093480303865,False,max_epochs,430.1184241771698
rl4crn_rne_oscillator_trace_8rxn_stop_risksched085to095_lr1e4_entropy01to005_s1_c1_rnetol_d256_depth3_p20,seed063,63,99,9900,100,16,113.86358186833291,123.69767257857063,112.57093480303865,False,max_epochs,435.585284948349
rl4crn_rne_oscillator_trace_8rxn_stop_risksched085to095_lr1e4_entropy01to005_s1_c1_rnetol_d256_depth3_p20,seed063,63,100,10000,100,16,114.84002822007294,121.57647978529982,112.57093480303865,False,max_epochs,440.45047426223755
rl4crn_rne_oscillator_trace_8rxn_stop_risksched085to095_lr1e4_entropy01to005_s1_c1_rnetol_d256_depth3_p20,seed063,63,101,10100,100,16,114.06635234522847,122.11679271641637,112.57093480303865,False,max_epochs,445.68475461006165
rl4crn_rne_oscillator_trace_8rxn_stop_risksched085to095_lr1e4_entropy01to005_s1_c1_rnetol_d256_depth3_p20,seed063,63,102,10200,100,16,112.60152368390875,123.51400762722365,112.57093480303865,False,max_epochs,450.8305730819702
rl4crn_rne_oscillator_trace_8rxn_stop_risksched085to095_lr1e4_entropy01to005_s1_c1_rnetol_d256_depth3_p20,seed063,63,103,10300,100,16,113.12985207862478,124.72604416432584,112.57093480303865,False,max_epochs,456.14242672920227
rl4crn_rne_oscillator_trace_8rxn_stop_risksched085to095_lr1e4_entropy01to005_s1_c1_rnetol_d256_depth3_p20,seed063,63,104,10400,100,16,112.7106168619074,122.72858983347172,112.57093480303865,False,max_epochs,461.0289807319641
rl4crn_rne_oscillator_trace_8rxn_stop_risksched085to095_lr1e4_entropy01to005_s1_c1_rnetol_d256_depth3_p20,seed063,63,105,10500,100,16,112.35557088150762,125.64496750561001,112.35557088150762,False,max_epochs,465.9556760787964
rl4crn_rne_oscillator_trace_8rxn_stop_risksched085to095_lr1e4_entropy01to005_s1_c1_rnetol_d256_depth3_p20,seed063,63,106,10600,100,16,113.47244770610011,130.32540833257517,112.35557088150762,False,max_epochs,470.81129336357117
rl4crn_rne_oscillator_trace_8rxn_stop_risksched085to095_lr1e4_entropy01to005_s1_c1_rnetol_d256_depth3_p20,seed063,63,107,10700,100,16,114.93322791568461,128.7085686936012,112.35557088150762,False,max_epochs,476.2319369316101
rl4crn_rne_oscillator_trace_8rxn_stop_risksched085to095_lr1e4_entropy01to005_s1_c1_rnetol_d256_depth3_p20,seed063,63,108,10800,100,16,113.62545838303764,127.21756585431835,112.35557088150762,False,max_epochs,481.23291540145874
rl4crn_rne_oscillator_trace_8rxn_stop_risksched085to095_lr1e4_entropy01to005_s1_c1_rnetol_d256_depth3_p20,seed063,63,109,10900,100,16,114.6031605225474,128.56558333656167,112.35557088150762,False,max_epochs,485.62556195259094
rl4crn_rne_oscillator_trace_8rxn_stop_risksched085to095_lr1e4_entropy01to005_s1_c1_rnetol_d256_depth3_p20,seed063,63,110,11000,100,16,114.23160913671431,123.93853250848684,112.35557088150762,False,max_epochs,490.52972316741943
rl4crn_rne_oscillator_trace_8rxn_stop_risksched085to095_lr1e4_entropy01to005_s1_c1_rnetol_d256_depth3_p20,seed063,63,111,11100,100,16,115.87291514065801,128.91624193549623,112.35557088150762,False,max_epochs,493.8092362880707
rl4crn_rne_oscillator_trace_8rxn_stop_risksched085to095_lr1e4_entropy01to005_s1_c1_rnetol_d256_depth3_p20,seed063,63,112,11200,100,16,114.78168870407232,127.10362346335066,112.35557088150762,False,max_epochs,496.965975522995
rl4crn_rne_oscillator_trace_8rxn_stop_risksched085to095_lr1e4_entropy01to005_s1_c1_rnetol_d256_depth3_p20,seed063,63,113,11300,100,16,115.51221904104109,129.33091000429118,112.35557088150762,False,max_epochs,501.8732080459595
rl4crn_rne_oscillator_trace_8rxn_stop_risksched085to095_lr1e4_entropy01to005_s1_c1_rnetol_d256_depth3_p20,seed063,63,114,11400,100,16,113.79423046292361,121.91969349720586,112.35557088150762,False,max_epochs,507.09890818595886
rl4crn_rne_oscillator_trace_8rxn_stop_risksched085to095_lr1e4_entropy01to005_s1_c1_rnetol_d256_depth3_p20,seed063,63,115,11500,100,16,114.86917919625465,126.41244332466655,112.35557088150762,False,max_epochs,512.2169966697693
rl4crn_rne_oscillator_trace_8rxn_stop_risksched085to095_lr1e4_entropy01to005_s1_c1_rnetol_d256_depth3_p20,seed063,63,116,11600,100,16,112.407366479362,124.7275106941137,112.35557088150762,False,max_epochs,517.2616086006165
rl4crn_rne_oscillator_trace_8rxn_stop_risksched085to095_lr1e4_entropy01to005_s1_c1_rnetol_d256_depth3_p20,seed063,63,117,11700,100,16,114.5462160429265,126.6761912359625,112.35557088150762,False,max_epochs,522.4345736503601
rl4crn_rne_oscillator_trace_8rxn_stop_risksched085to095_lr1e4_entropy01to005_s1_c1_rnetol_d256_depth3_p20,seed063,63,118,11800,100,16,111.9201238634025,126.11463201020631,111.9201238634025,False,max_epochs,527.501275062561
rl4crn_rne_oscillator_trace_8rxn_stop_risksched085to095_lr1e4_entropy01to005_s1_c1_rnetol_d256_depth3_p20,seed063,63,119,11900,100,16,113.18649522107204,120.70013944276607,111.9201238634025,False,max_epochs,532.3165829181671
rl4crn_rne_oscillator_trace_8rxn_stop_risksched085to095_lr1e4_entropy01to005_s1_c1_rnetol_d256_depth3_p20,seed063,63,120,12000,100,16,112.88388373431555,120.48989144629299,111.9201238634025,False,max_epochs,537.3616466522217
rl4crn_rne_oscillator_trace_8rxn_stop_risksched085to095_lr1e4_entropy01to005_s1_c1_rnetol_d256_depth3_p20,seed063,63,121,12100,100,16,113.43879232059965,120.27259174864531,111.9201238634025,False,max_epochs,542.0381164550781
rl4crn_rne_oscillator_trace_8rxn_stop_risksched085to095_lr1e4_entropy01to005_s1_c1_rnetol_d256_depth3_p20,seed063,63,122,12200,100,16,114.36699398211414,120.97990289484531,111.9201238634025,False,max_epochs,546.6849610805511
rl4crn_rne_oscillator_trace_8rxn_stop_risksched085to095_lr1e4_entropy01to005_s1_c1_rnetol_d256_depth3_p20,seed063,63,123,12300,100,16,112.46708989750563,120.31351188440982,111.9201238634025,False,max_epochs,551.0658693313599
rl4crn_rne_oscillator_trace_8rxn_stop_risksched085to095_lr1e4_entropy01to005_s1_c1_rnetol_d256_depth3_p20,seed063,63,124,12400,100,16,111.4569977906217,119.9856917836412,111.4569977906217,False,max_epochs,553.6237773895264
rl4crn_rne_oscillator_trace_8rxn_stop_risksched085to095_lr1e4_entropy01to005_s1_c1_rnetol_d256_depth3_p20,seed063,63,125,12500,100,16,113.82833917703088,124.4956462333698,111.4569977906217,False,max_epochs,558.2340974807739
rl4crn_rne_oscillator_trace_8rxn_stop_risksched085to095_lr1e4_entropy01to005_s1_c1_rnetol_d256_depth3_p20,seed063,63,126,12600,100,16,111.97517424674345,127.74912032061042,111.4569977906217,False,max_epochs,563.5595500469208
rl4crn_rne_oscillator_trace_8rxn_stop_risksched085to095_lr1e4_entropy01to005_s1_c1_rnetol_d256_depth3_p20,seed063,63,127,12700,100,16,113.55295803243814,133.73095643983282,111.4569977906217,False,max_epochs,568.2155694961548
rl4crn_rne_oscillator_trace_8rxn_stop_risksched085to095_lr1e4_entropy01to005_s1_c1_rnetol_d256_depth3_p20,seed063,63,128,12800,100,16,111.5099128165471,128.8648454930488,111.4569977906217,False,max_epochs,573.2010266780853
rl4crn_rne_oscillator_trace_8rxn_stop_risksched085to095_lr1e4_entropy01to005_s1_c1_rnetol_d256_depth3_p20,seed063,63,129,12900,100,16,112.76115656314533,128.92460758743238,111.4569977906217,False,max_epochs,577.859365940094
rl4crn_rne_oscillator_trace_8rxn_stop_risksched085to095_lr1e4_entropy01to005_s1_c1_rnetol_d256_depth3_p20,seed063,63,130,13000,100,16,111.57606342859846,123.18488010841409,111.4569977906217,False,max_epochs,582.4655137062073
rl4crn_rne_oscillator_trace_8rxn_stop_risksched085to095_lr1e4_entropy01to005_s1_c1_rnetol_d256_depth3_p20,seed063,63,131,13100,100,16,112.39611223878767,120.27324909376398,111.4569977906217,False,max_epochs,587.068886756897
rl4crn_rne_oscillator_trace_8rxn_stop_risksched085to095_lr1e4_entropy01to005_s1_c1_rnetol_d256_depth3_p20,seed063,63,132,13200,100,16,115.05897068557573,119.9243248805067,111.4569977906217,False,max_epochs,589.207967042923
rl4crn_rne_oscillator_trace_8rxn_stop_risksched085to095_lr1e4_entropy01to005_s1_c1_rnetol_d256_depth3_p20,seed063,63,133,13300,100,16,112.28939533157697,121.36715188578495,111.4569977906217,False,max_epochs,593.8752510547638
rl4crn_rne_oscillator_trace_8rxn_stop_risksched085to095_lr1e4_entropy01to005_s1_c1_rnetol_d256_depth3_p20,seed063,63,134,13400,100,16,113.13437965184158,124.1400469119678,111.4569977906217,False,max_epochs,598.6658778190613
rl4crn_rne_oscillator_trace_8rxn_stop_risksched085to095_lr1e4_entropy01to005_s1_c1_rnetol_d256_depth3_p20,seed063,63,135,13500,100,16,112.08376250901914,125.73315289651205,111.4569977906217,False,max_epochs,603.7024748325348
rl4crn_rne_oscillator_trace_8rxn_stop_risksched085to095_lr1e4_entropy01to005_s1_c1_rnetol_d256_depth3_p20,seed063,63,136,13600,100,16,112.80359262241518,122.98142881503134,111.4569977906217,False,max_epochs,608.6664831638336
rl4crn_rne_oscillator_trace_8rxn_stop_risksched085to095_lr1e4_entropy01to005_s1_c1_rnetol_d256_depth3_p20,seed063,63,137,13700,100,16,112.52145904605013,119.05042825466924,111.4569977906217,False,max_epochs,613.3510091304779
rl4crn_rne_oscillator_trace_8rxn_stop_risksched085to095_lr1e4_entropy01to005_s1_c1_rnetol_d256_depth3_p20,seed063,63,138,13800,100,16,113.15357026569738,119.18483650751156,111.4569977906217,False,max_epochs,617.7495160102844
rl4crn_rne_oscillator_trace_8rxn_stop_risksched085to095_lr1e4_entropy01to005_s1_c1_rnetol_d256_depth3_p20,seed063,63,139,13900,100,16,112.95549535676074,120.45405812223241,111.4569977906217,False,max_epochs,619.9759604930878
rl4crn_rne_oscillator_trace_8rxn_stop_risksched085to095_lr1e4_entropy01to005_s1_c1_rnetol_d256_depth3_p20,seed063,63,140,14000,100,16,111.64107058661354,123.15545133037412,111.4569977906217,False,max_epochs,624.3603830337524
rl4crn_rne_oscillator_trace_8rxn_stop_risksched085to095_lr1e4_entropy01to005_s1_c1_rnetol_d256_depth3_p20,seed063,63,141,14100,100,16,113.14836217110297,126.07549456536162,111.4569977906217,False,max_epochs,629.7712075710297
rl4crn_rne_oscillator_trace_8rxn_stop_risksched085to095_lr1e4_entropy01to005_s1_c1_rnetol_d256_depth3_p20,seed063,63,142,14200,100,16,112.53148785650754,121.85009453624231,111.4569977906217,False,max_epochs,634.5096890926361
rl4crn_rne_oscillator_trace_8rxn_stop_risksched085to095_lr1e4_entropy01to005_s1_c1_rnetol_d256_depth3_p20,seed063,63,143,14300,100,16,111.59155417815631,119.53648578516318,111.4569977906217,False,max_epochs,639.4297423362732
rl4crn_rne_oscillator_trace_8rxn_stop_risksched085to095_lr1e4_entropy01to005_s1_c1_rnetol_d256_depth3_p20,seed063,63,144,14400,100,16,111.9868688795262,119.2114496956342,111.4569977906217,False,max_epochs,644.3572070598602
rl4crn_rne_oscillator_trace_8rxn_stop_risksched085to095_lr1e4_entropy01to005_s1_c1_rnetol_d256_depth3_p20,seed063,63,145,14500,100,16,111.82922161515356,120.73441585737737,111.4569977906217,False,max_epochs,648.7884299755096
rl4crn_rne_oscillator_trace_8rxn_stop_risksched085to095_lr1e4_entropy01to005_s1_c1_rnetol_d256_depth3_p20,seed063,63,146,14600,100,16,111.72366099498664,119.37064595890452,111.4569977906217,False,max_epochs,653.3942704200745
rl4crn_rne_oscillator_trace_8rxn_stop_risksched085to095_lr1e4_entropy01to005_s1_c1_rnetol_d256_depth3_p20,seed063,63,147,14700,100,16,111.74793310359449,117.61462686185135,111.4569977906217,False,max_epochs,655.6819243431091
rl4crn_rne_oscillator_trace_8rxn_stop_risksched085to095_lr1e4_entropy01to005_s1_c1_rnetol_d256_depth3_p20,seed063,63,148,14800,100,16,112.17032770754012,120.63100435015576,111.4569977906217,False,max_epochs,659.8463108539581
rl4crn_rne_oscillator_trace_8rxn_stop_risksched085to095_lr1e4_entropy01to005_s1_c1_rnetol_d256_depth3_p20,seed063,63,149,14900,100,16,112.13616806601718,117.3667218590199,111.4569977906217,False,max_epochs,665.0842247009277
rl4crn_rne_oscillator_trace_8rxn_stop_risksched085to095_lr1e4_entropy01to005_s1_c1_rnetol_d256_depth3_p20,seed063,63,150,15000,100,16,112.593294429406,119.34628041827551,111.4569977906217,False,max_epochs,669.9785869121552
rl4crn_rne_oscillator_trace_8rxn_stop_risksched085to095_lr1e4_entropy01to005_s1_c1_rnetol_d256_depth3_p20,seed063,63,151,15100,100,16,111.51707831797395,119.06500190695576,111.4569977906217,False,max_epochs,675.312246799469
rl4crn_rne_oscillator_trace_8rxn_stop_risksched085to095_lr1e4_entropy01to005_s1_c1_rnetol_d256_depth3_p20,seed063,63,152,15200,100,16,111.5171980912071,119.87950065276246,111.4569977906217,False,max_epochs,680.2611849308014
rl4crn_rne_oscillator_trace_8rxn_stop_risksched085to095_lr1e4_entropy01to005_s1_c1_rnetol_d256_depth3_p20,seed063,63,153,15300,100,16,112.21423728166603,117.29660685933914,111.4569977906217,False,max_epochs,685.7365009784698
rl4crn_rne_oscillator_trace_8rxn_stop_risksched085to095_lr1e4_entropy01to005_s1_c1_rnetol_d256_depth3_p20,seed063,63,154,15400,100,16,112.3124437312171,117.9776908329073,111.4569977906217,False,max_epochs,690.5255017280579
rl4crn_rne_oscillator_trace_8rxn_stop_risksched085to095_lr1e4_entropy01to005_s1_c1_rnetol_d256_depth3_p20,seed063,63,155,15500,100,16,114.53069815316664,126.57257397524843,111.4569977906217,False,max_epochs,695.472062587738
rl4crn_rne_oscillator_trace_8rxn_stop_risksched085to095_lr1e4_entropy01to005_s1_c1_rnetol_d256_depth3_p20,seed063,63,156,15600,100,16,117.54014238336488,129.12682373485922,111.4569977906217,False,max_epochs,700.5174241065979
rl4crn_rne_oscillator_trace_8rxn_stop_risksched085to095_lr1e4_entropy01to005_s1_c1_rnetol_d256_depth3_p20,seed063,63,157,15700,100,16,112.24903541602441,128.46591708570827,111.4569977906217,False,max_epochs,705.8305010795593
rl4crn_rne_oscillator_trace_8rxn_stop_risksched085to095_lr1e4_entropy01to005_s1_c1_rnetol_d256_depth3_p20,seed063,63,158,15800,100,16,111.6957508598456,119.80331525825119,111.4569977906217,False,max_epochs,710.5819780826569
rl4crn_rne_oscillator_trace_8rxn_stop_risksched085to095_lr1e4_entropy01to005_s1_c1_rnetol_d256_depth3_p20,seed063,63,159,15900,100,16,111.046969069415,117.75564363837398,111.046969069415,False,max_epochs,715.8881611824036
rl4crn_rne_oscillator_trace_8rxn_stop_risksched085to095_lr1e4_entropy01to005_s1_c1_rnetol_d256_depth3_p20,seed063,63,160,16000,100,16,113.49396166061113,118.44147725584412,111.046969069415,False,max_epochs,720.7604820728302
rl4crn_rne_oscillator_trace_8rxn_stop_risksched085to095_lr1e4_entropy01to005_s1_c1_rnetol_d256_depth3_p20,seed063,63,161,16100,100,16,111.97307983968443,120.60272578115149,111.046969069415,False,max_epochs,725.0568115711212
rl4crn_rne_oscillator_trace_8rxn_stop_risksched085to095_lr1e4_entropy01to005_s1_c1_rnetol_d256_depth3_p20,seed063,63,162,16200,100,16,111.56061715956311,122.75901766030208,111.046969069415,False,max_epochs,729.8575532436371
rl4crn_rne_oscillator_trace_8rxn_stop_risksched085to095_lr1e4_entropy01to005_s1_c1_rnetol_d256_depth3_p20,seed063,63,163,16300,100,16,111.71491890200942,120.08746579650267,111.046969069415,False,max_epochs,733.049959897995
rl4crn_rne_oscillator_trace_8rxn_stop_risksched085to095_lr1e4_entropy01to005_s1_c1_rnetol_d256_depth3_p20,seed063,63,164,16400,100,16,111.75588980898534,117.35712560642052,111.046969069415,False,max_epochs,736.2602961063385
rl4crn_rne_oscillator_trace_8rxn_stop_risksched085to095_lr1e4_entropy01to005_s1_c1_rnetol_d256_depth3_p20,seed063,63,165,16500,100,16,111.29934440926743,117.42727236793331,111.046969069415,False,max_epochs,741.2020282745361
rl4crn_rne_oscillator_trace_8rxn_stop_risksched085to095_lr1e4_entropy01to005_s1_c1_rnetol_d256_depth3_p20,seed063,63,166,16600,100,16,112.15703973622766,118.17948110888199,111.046969069415,False,max_epochs,746.4698417186737
rl4crn_rne_oscillator_trace_8rxn_stop_risksched085to095_lr1e4_entropy01to005_s1_c1_rnetol_d256_depth3_p20,seed063,63,167,16700,100,16,111.63472338962119,119.60934470010865,111.046969069415,False,max_epochs,751.7708246707916
rl4crn_rne_oscillator_trace_8rxn_stop_risksched085to095_lr1e4_entropy01to005_s1_c1_rnetol_d256_depth3_p20,seed063,63,168,16800,100,16,111.74949471917249,118.29260338216613,111.046969069415,False,max_epochs,756.9365544319153
rl4crn_rne_oscillator_trace_8rxn_stop_risksched085to095_lr1e4_entropy01to005_s1_c1_rnetol_d256_depth3_p20,seed063,63,169,16900,100,16,111.62656502529633,118.90104729309414,111.046969069415,False,max_epochs,762.1896669864655
rl4crn_rne_oscillator_trace_8rxn_stop_risksched085to095_lr1e4_entropy01to005_s1_c1_rnetol_d256_depth3_p20,seed063,63,170,17000,100,16,112.27097600207611,117.36759457816174,111.046969069415,False,max_epochs,767.0686557292938
rl4crn_rne_oscillator_trace_8rxn_stop_risksched085to095_lr1e4_entropy01to005_s1_c1_rnetol_d256_depth3_p20,seed063,63,171,17100,100,16,111.66064992526708,119.41817670212319,111.046969069415,False,max_epochs,771.9315760135651
rl4crn_rne_oscillator_trace_8rxn_stop_risksched085to095_lr1e4_entropy01to005_s1_c1_rnetol_d256_depth3_p20,seed063,63,172,17200,100,16,111.47867552030252,117.20918934613397,111.046969069415,False,max_epochs,776.8275063037872
rl4crn_rne_oscillator_trace_8rxn_stop_risksched085to095_lr1e4_entropy01to005_s1_c1_rnetol_d256_depth3_p20,seed063,63,173,17300,100,16,111.76413880924981,118.17126100026198,111.046969069415,False,max_epochs,782.4901993274689
rl4crn_rne_oscillator_trace_8rxn_stop_risksched085to095_lr1e4_entropy01to005_s1_c1_rnetol_d256_depth3_p20,seed063,63,174,17400,100,16,112.39085963499471,116.20497000617793,111.046969069415,False,max_epochs,787.3323531150818
rl4crn_rne_oscillator_trace_8rxn_stop_risksched085to095_lr1e4_entropy01to005_s1_c1_rnetol_d256_depth3_p20,seed063,63,175,17500,100,16,111.73038812285365,117.47736271482874,111.046969069415,False,max_epochs,792.3252396583557
rl4crn_rne_oscillator_trace_8rxn_stop_risksched085to095_lr1e4_entropy01to005_s1_c1_rnetol_d256_depth3_p20,seed063,63,176,17600,100,16,111.94056882500087,117.24431335578711,111.046969069415,False,max_epochs,797.4073398113251
rl4crn_rne_oscillator_trace_8rxn_stop_risksched085to095_lr1e4_entropy01to005_s1_c1_rnetol_d256_depth3_p20,seed063,63,177,17700,100,16,111.88073333561258,117.9561142209516,111.046969069415,False,max_epochs,802.5215330123901
rl4crn_rne_oscillator_trace_8rxn_stop_risksched085to095_lr1e4_entropy01to005_s1_c1_rnetol_d256_depth3_p20,seed063,63,178,17800,100,16,111.37757456600798,117.23411052532839,111.046969069415,False,max_epochs,807.3330111503601
rl4crn_rne_oscillator_trace_8rxn_stop_risksched085to095_lr1e4_entropy01to005_s1_c1_rnetol_d256_depth3_p20,seed063,63,179,17900,100,16,112.06956062550556,119.11059351582992,111.046969069415,False,max_epochs,812.1804661750793
rl4crn_rne_oscillator_trace_8rxn_stop_risksched085to095_lr1e4_entropy01to005_s1_c1_rnetol_d256_depth3_p20,seed063,63,180,18000,100,16,111.18985915042965,117.37502138637836,111.046969069415,False,max_epochs,816.6761343479156
rl4crn_rne_oscillator_trace_8rxn_stop_risksched085to095_lr1e4_entropy01to005_s1_c1_rnetol_d256_depth3_p20,seed063,63,181,18100,100,16,111.31264113452728,117.83196708585079,111.046969069415,False,max_epochs,821.2624175548553
rl4crn_rne_oscillator_trace_8rxn_stop_risksched085to095_lr1e4_entropy01to005_s1_c1_rnetol_d256_depth3_p20,seed063,63,182,18200,100,16,111.48480318974853,117.59334635718204,111.046969069415,False,max_epochs,824.8369181156158
rl4crn_rne_oscillator_trace_8rxn_stop_risksched085to095_lr1e4_entropy01to005_s1_c1_rnetol_d256_depth3_p20,seed063,63,183,18300,100,16,111.03088049204496,118.2798765716455,111.03088049204496,False,max_epochs,828.1979289054871
rl4crn_rne_oscillator_trace_8rxn_stop_risksched085to095_lr1e4_entropy01to005_s1_c1_rnetol_d256_depth3_p20,seed063,63,184,18400,100,16,111.3039354261518,117.6677676159724,111.03088049204496,False,max_epochs,832.6919593811035
rl4crn_rne_oscillator_trace_8rxn_stop_risksched085to095_lr1e4_entropy01to005_s1_c1_rnetol_d256_depth3_p20,seed063,63,185,18500,100,16,112.22107688722843,116.2634155053214,111.03088049204496,False,max_epochs,837.6579201221466
rl4crn_rne_oscillator_trace_8rxn_stop_risksched085to095_lr1e4_entropy01to005_s1_c1_rnetol_d256_depth3_p20,seed063,63,186,18600,100,16,111.38312387363273,116.28611880948898,111.03088049204496,False,max_epochs,842.4270107746124
rl4crn_rne_oscillator_trace_8rxn_stop_risksched085to095_lr1e4_entropy01to005_s1_c1_rnetol_d256_depth3_p20,seed063,63,187,18700,100,16,112.02550563351127,117.99294682443586,111.03088049204496,False,max_epochs,846.8395187854767
rl4crn_rne_oscillator_trace_8rxn_stop_risksched085to095_lr1e4_entropy01to005_s1_c1_rnetol_d256_depth3_p20,seed063,63,188,18800,100,16,111.68689033446977,120.18763088767629,111.03088049204496,False,max_epochs,851.6117486953735
rl4crn_rne_oscillator_trace_8rxn_stop_risksched085to095_lr1e4_entropy01to005_s1_c1_rnetol_d256_depth3_p20,seed063,63,189,18900,100,16,111.69192137193797,116.786207841728,111.03088049204496,False,max_epochs,853.8400919437408
rl4crn_rne_oscillator_trace_8rxn_stop_risksched085to095_lr1e4_entropy01to005_s1_c1_rnetol_d256_depth3_p20,seed063,63,190,19000,100,16,111.52237322569505,117.6210636301982,111.03088049204496,False,max_epochs,858.3102571964264
rl4crn_rne_oscillator_trace_8rxn_stop_risksched085to095_lr1e4_entropy01to005_s1_c1_rnetol_d256_depth3_p20,seed063,63,191,19100,100,16,112.7680356484511,120.37050624600317,111.03088049204496,False,max_epochs,863.2241821289062
rl4crn_rne_oscillator_trace_8rxn_stop_risksched085to095_lr1e4_entropy01to005_s1_c1_rnetol_d256_depth3_p20,seed063,63,192,19200,100,16,112.74381180150078,121.6895003433238,111.03088049204496,False,max_epochs,868.2899973392487
rl4crn_rne_oscillator_trace_8rxn_stop_risksched085to095_lr1e4_entropy01to005_s1_c1_rnetol_d256_depth3_p20,seed063,63,193,19300,100,16,111.77260764432587,118.10193686790848,111.03088049204496,False,max_epochs,873.539475440979
rl4crn_rne_oscillator_trace_8rxn_stop_risksched085to095_lr1e4_entropy01to005_s1_c1_rnetol_d256_depth3_p20,seed063,63,194,19400,100,16,112.67067378235066,115.83855518177438,111.03088049204496,False,max_epochs,878.1913452148438
rl4crn_rne_oscillator_trace_8rxn_stop_risksched085to095_lr1e4_entropy01to005_s1_c1_rnetol_d256_depth3_p20,seed063,63,195,19500,100,16,113.22274697317566,116.38506453961583,111.03088049204496,False,max_epochs,882.9741361141205
rl4crn_rne_oscillator_trace_8rxn_stop_risksched085to095_lr1e4_entropy01to005_s1_c1_rnetol_d256_depth3_p20,seed063,63,196,19600,100,16,112.51921219890589,116.7122425473799,111.03088049204496,False,max_epochs,887.5542531013489
rl4crn_rne_oscillator_trace_8rxn_stop_risksched085to095_lr1e4_entropy01to005_s1_c1_rnetol_d256_depth3_p20,seed063,63,197,19700,100,16,111.23505215875996,117.29684118281213,111.03088049204496,False,max_epochs,892.2893192768097
rl4crn_rne_oscillator_trace_8rxn_stop_risksched085to095_lr1e4_entropy01to005_s1_c1_rnetol_d256_depth3_p20,seed063,63,198,19800,100,16,112.10443782812804,119.52367780337352,111.03088049204496,False,max_epochs,896.660772562027
rl4crn_rne_oscillator_trace_8rxn_stop_risksched085to095_lr1e4_entropy01to005_s1_c1_rnetol_d256_depth3_p20,seed063,63,199,19900,100,16,112.03354259830016,121.84943071513626,111.03088049204496,False,max_epochs,898.7052183151245
rl4crn_rne_oscillator_trace_8rxn_stop_risksched085to095_lr1e4_entropy01to005_s1_c1_rnetol_d256_depth3_p20,seed063,63,200,20000,100,16,113.4880678148291,121.23409555646901,111.03088049204496,False,max_epochs,903.5590591430664
rl4crn_rne_oscillator_trace_8rxn_stop_risksched085to095_lr1e4_entropy01to005_s1_c1_rnetol_d256_depth3_p20,seed063,63,201,20100,100,16,112.12701124790503,117.84291570180616,111.03088049204496,False,max_epochs,908.6394326686859
rl4crn_rne_oscillator_trace_8rxn_stop_risksched085to095_lr1e4_entropy01to005_s1_c1_rnetol_d256_depth3_p20,seed063,63,202,20200,100,16,111.71263343607563,115.80921788381968,111.03088049204496,False,max_epochs,913.3426606655121
rl4crn_rne_oscillator_trace_8rxn_stop_risksched085to095_lr1e4_entropy01to005_s1_c1_rnetol_d256_depth3_p20,seed063,63,203,20300,100,16,111.30116520493839,117.21328971221203,111.03088049204496,False,max_epochs,918.024124622345
rl4crn_rne_oscillator_trace_8rxn_stop_risksched085to095_lr1e4_entropy01to005_s1_c1_rnetol_d256_depth3_p20,seed063,63,204,20400,100,16,112.28745926007878,117.11455529132765,111.03088049204496,False,max_epochs,922.7356607913971
rl4crn_rne_oscillator_trace_8rxn_stop_risksched085to095_lr1e4_entropy01to005_s1_c1_rnetol_d256_depth3_p20,seed063,63,205,20500,100,16,112.00506656364587,116.94961934384341,111.03088049204496,False,max_epochs,926.3792474269867
rl4crn_rne_oscillator_trace_8rxn_stop_risksched085to095_lr1e4_entropy01to005_s1_c1_rnetol_d256_depth3_p20,seed063,63,206,20600,100,16,112.75864969405565,118.18849838940075,111.03088049204496,False,max_epochs,929.0254619121552
rl4crn_rne_oscillator_trace_8rxn_stop_risksched085to095_lr1e4_entropy01to005_s1_c1_rnetol_d256_depth3_p20,seed063,63,207,20700,100,16,111.59026601997512,119.06386465158045,111.03088049204496,False,max_epochs,934.3245770931244
rl4crn_rne_oscillator_trace_8rxn_stop_risksched085to095_lr1e4_entropy01to005_s1_c1_rnetol_d256_depth3_p20,seed063,63,208,20800,100,16,112.46016898949549,119.38295857311782,111.03088049204496,False,max_epochs,939.0297310352325
rl4crn_rne_oscillator_trace_8rxn_stop_risksched085to095_lr1e4_entropy01to005_s1_c1_rnetol_d256_depth3_p20,seed063,63,209,20900,100,16,111.76233777593006,118.2872460850335,111.03088049204496,False,max_epochs,944.2813625335693
rl4crn_rne_oscillator_trace_8rxn_stop_risksched085to095_lr1e4_entropy01to005_s1_c1_rnetol_d256_depth3_p20,seed063,63,210,21000,100,16,111.24654012482351,116.32447371291931,111.03088049204496,False,max_epochs,949.0279669761658
rl4crn_rne_oscillator_trace_8rxn_stop_risksched085to095_lr1e4_entropy01to005_s1_c1_rnetol_d256_depth3_p20,seed063,63,211,21100,100,16,111.52991634984781,116.25586273519181,111.03088049204496,False,max_epochs,954.33527135849
rl4crn_rne_oscillator_trace_8rxn_stop_risksched085to095_lr1e4_entropy01to005_s1_c1_rnetol_d256_depth3_p20,seed063,63,212,21200,100,16,111.75487596332694,116.33040216149003,111.03088049204496,False,max_epochs,959.3356559276581
rl4crn_rne_oscillator_trace_8rxn_stop_risksched085to095_lr1e4_entropy01to005_s1_c1_rnetol_d256_depth3_p20,seed063,63,213,21300,100,16,111.4784769850557,117.25052888043251,111.03088049204496,False,max_epochs,964.552684545517
rl4crn_rne_oscillator_trace_8rxn_stop_risksched085to095_lr1e4_entropy01to005_s1_c1_rnetol_d256_depth3_p20,seed063,63,214,21400,100,16,111.39319918141325,116.3616213313177,111.03088049204496,False,max_epochs,969.356413602829
rl4crn_rne_oscillator_trace_8rxn_stop_risksched085to095_lr1e4_entropy01to005_s1_c1_rnetol_d256_depth3_p20,seed063,63,215,21500,100,16,111.38615162045575,116.86906429682676,111.03088049204496,False,max_epochs,973.9334082603455
rl4crn_rne_oscillator_trace_8rxn_stop_risksched085to095_lr1e4_entropy01to005_s1_c1_rnetol_d256_depth3_p20,seed063,63,216,21600,100,16,111.78396124494469,116.62003033491226,111.03088049204496,False,max_epochs,978.7112836837769
rl4crn_rne_oscillator_trace_8rxn_stop_risksched085to095_lr1e4_entropy01to005_s1_c1_rnetol_d256_depth3_p20,seed063,63,217,21700,100,16,111.6049562544307,116.98306262961404,111.03088049204496,False,max_epochs,982.7281267642975
rl4crn_rne_oscillator_trace_8rxn_stop_risksched085to095_lr1e4_entropy01to005_s1_c1_rnetol_d256_depth3_p20,seed063,63,218,21800,100,16,111.82142475854691,117.11139337732715,111.03088049204496,False,max_epochs,985.3388531208038
rl4crn_rne_oscillator_trace_8rxn_stop_risksched085to095_lr1e4_entropy01to005_s1_c1_rnetol_d256_depth3_p20,seed063,63,219,21900,100,16,111.36044948458812,116.01078643838605,111.03088049204496,False,max_epochs,990.225367307663
rl4crn_rne_oscillator_trace_8rxn_stop_risksched085to095_lr1e4_entropy01to005_s1_c1_rnetol_d256_depth3_p20,seed063,63,220,22000,100,16,111.64945643855637,116.73595517740674,111.03088049204496,False,max_epochs,994.9307277202606
rl4crn_rne_oscillator_trace_8rxn_stop_risksched085to095_lr1e4_entropy01to005_s1_c1_rnetol_d256_depth3_p20,seed063,63,221,22100,100,16,111.93601043109305,117.81080461537857,111.03088049204496,False,max_epochs,999.1075520515442
rl4crn_rne_oscillator_trace_8rxn_stop_risksched085to095_lr1e4_entropy01to005_s1_c1_rnetol_d256_depth3_p20,seed063,63,222,22200,100,16,111.23943400736667,116.54452261552768,111.03088049204496,False,max_epochs,1003.6914584636688
rl4crn_rne_oscillator_trace_8rxn_stop_risksched085to095_lr1e4_entropy01to005_s1_c1_rnetol_d256_depth3_p20,seed063,63,223,22300,100,16,111.1866748953716,116.82712727791645,111.03088049204496,False,max_epochs,1006.1267886161804
rl4crn_rne_oscillator_trace_8rxn_stop_risksched085to095_lr1e4_entropy01to005_s1_c1_rnetol_d256_depth3_p20,seed063,63,224,22400,100,16,111.39602749142527,115.65780346625974,111.03088049204496,False,max_epochs,1010.1093378067017
rl4crn_rne_oscillator_trace_8rxn_stop_risksched085to095_lr1e4_entropy01to005_s1_c1_rnetol_d256_depth3_p20,seed063,63,225,22500,100,16,111.63395524126514,115.0539797510778,111.03088049204496,False,max_epochs,1014.8581340312958
rl4crn_rne_oscillator_trace_8rxn_stop_risksched085to095_lr1e4_entropy01to005_s1_c1_rnetol_d256_depth3_p20,seed063,63,226,22600,100,16,111.03412961515394,116.55715358899852,111.03088049204496,False,max_epochs,1019.5922856330872
rl4crn_rne_oscillator_trace_8rxn_stop_risksched085to095_lr1e4_entropy01to005_s1_c1_rnetol_d256_depth3_p20,seed063,63,227,22700,100,16,111.50505491341279,115.95430517988169,111.03088049204496,False,max_epochs,1024.2663521766663
rl4crn_rne_oscillator_trace_8rxn_stop_risksched085to095_lr1e4_entropy01to005_s1_c1_rnetol_d256_depth3_p20,seed063,63,228,22800,100,16,111.39431332750206,115.47034091109548,111.03088049204496,False,max_epochs,1029.1885941028595
rl4crn_rne_oscillator_trace_8rxn_stop_risksched085to095_lr1e4_entropy01to005_s1_c1_rnetol_d256_depth3_p20,seed063,63,229,22900,100,16,111.32800158020794,114.97208334987445,111.03088049204496,False,max_epochs,1034.6057424545288
rl4crn_rne_oscillator_trace_8rxn_stop_risksched085to095_lr1e4_entropy01to005_s1_c1_rnetol_d256_depth3_p20,seed063,63,230,23000,100,16,112.00511127622852,117.3084414532996,111.03088049204496,False,max_epochs,1039.5651535987854
rl4crn_rne_oscillator_trace_8rxn_stop_risksched085to095_lr1e4_entropy01to005_s1_c1_rnetol_d256_depth3_p20,seed063,63,231,23100,100,16,112.06653692911055,118.1626881714885,111.03088049204496,False,max_epochs,1044.5977320671082
rl4crn_rne_oscillator_trace_8rxn_stop_risksched085to095_lr1e4_entropy01to005_s1_c1_rnetol_d256_depth3_p20,seed063,63,232,23200,100,16,111.2448449124171,115.93574461440821,111.03088049204496,False,max_epochs,1049.738656759262
rl4crn_rne_oscillator_trace_8rxn_stop_risksched085to095_lr1e4_entropy01to005_s1_c1_rnetol_d256_depth3_p20,seed063,63,233,23300,100,16,111.90033338535552,114.99404307822581,111.03088049204496,False,max_epochs,1054.997253894806
rl4crn_rne_oscillator_trace_8rxn_stop_risksched085to095_lr1e4_entropy01to005_s1_c1_rnetol_d256_depth3_p20,seed063,63,234,23400,100,16,112.68084036321983,115.57537646009321,111.03088049204496,False,max_epochs,1060.0498995780945
rl4crn_rne_oscillator_trace_8rxn_stop_risksched085to095_lr1e4_entropy01to005_s1_c1_rnetol_d256_depth3_p20,seed063,63,235,23500,100,16,111.657845398757,115.03729027925839,111.03088049204496,False,max_epochs,1065.3771204948425
rl4crn_rne_oscillator_trace_8rxn_stop_risksched085to095_lr1e4_entropy01to005_s1_c1_rnetol_d256_depth3_p20,seed063,63,236,23600,100,16,111.22109970986962,115.77508685497995,111.03088049204496,False,max_epochs,1070.1110718250275
rl4crn_rne_oscillator_trace_8rxn_stop_risksched085to095_lr1e4_entropy01to005_s1_c1_rnetol_d256_depth3_p20,seed063,63,237,23700,100,16,112.51966778617752,119.89344083647185,111.03088049204496,False,max_epochs,1075.1141641139984
rl4crn_rne_oscillator_trace_8rxn_stop_risksched085to095_lr1e4_entropy01to005_s1_c1_rnetol_d256_depth3_p20,seed063,63,238,23800,100,16,112.9305776190625,122.20230332265248,111.03088049204496,False,max_epochs,1080.132649898529
rl4crn_rne_oscillator_trace_8rxn_stop_risksched085to095_lr1e4_entropy01to005_s1_c1_rnetol_d256_depth3_p20,seed063,63,239,23900,100,16,113.24594280614565,122.10516401717081,111.03088049204496,False,max_epochs,1085.4976315498352
rl4crn_rne_oscillator_trace_8rxn_stop_risksched085to095_lr1e4_entropy01to005_s1_c1_rnetol_d256_depth3_p20,seed063,63,240,24000,100,16,112.12557722782381,119.8133152865941,111.03088049204496,False,max_epochs,1090.2747814655304
rl4crn_rne_oscillator_trace_8rxn_stop_risksched085to095_lr1e4_entropy01to005_s1_c1_rnetol_d256_depth3_p20,seed063,63,241,24100,100,16,111.46987314001186,116.20067040169772,111.03088049204496,False,max_epochs,1094.8339958190918
rl4crn_rne_oscillator_trace_8rxn_stop_risksched085to095_lr1e4_entropy01to005_s1_c1_rnetol_d256_depth3_p20,seed063,63,242,24200,100,16,111.7769144372053,117.91707326346597,111.03088049204496,False,max_epochs,1099.6024079322815
rl4crn_rne_oscillator_trace_8rxn_stop_risksched085to095_lr1e4_entropy01to005_s1_c1_rnetol_d256_depth3_p20,seed063,63,243,24300,100,16,111.37750100389034,118.98243044380837,111.03088049204496,False,max_epochs,1103.7396779060364
rl4crn_rne_oscillator_trace_8rxn_stop_risksched085to095_lr1e4_entropy01to005_s1_c1_rnetol_d256_depth3_p20,seed063,63,244,24400,100,16,111.14799714352948,116.7665121507061,111.03088049204496,False,max_epochs,1106.184802055359
rl4crn_rne_oscillator_trace_8rxn_stop_risksched085to095_lr1e4_entropy01to005_s1_c1_rnetol_d256_depth3_p20,seed063,63,245,24500,100,16,111.424617646415,116.44325530298318,111.03088049204496,False,max_epochs,1111.3882355690002
rl4crn_rne_oscillator_trace_8rxn_stop_risksched085to095_lr1e4_entropy01to005_s1_c1_rnetol_d256_depth3_p20,seed063,63,246,24600,100,16,111.70517544278454,118.05096705638718,111.03088049204496,False,max_epochs,1116.136257648468
rl4crn_rne_oscillator_trace_8rxn_stop_risksched085to095_lr1e4_entropy01to005_s1_c1_rnetol_d256_depth3_p20,seed063,63,247,24700,100,16,111.56842550377851,119.40356273648521,111.03088049204496,False,max_epochs,1121.1901335716248
rl4crn_rne_oscillator_trace_8rxn_stop_risksched085to095_lr1e4_entropy01to005_s1_c1_rnetol_d256_depth3_p20,seed063,63,248,24800,100,16,111.10349239003835,116.29426808763246,111.03088049204496,False,max_epochs,1125.8213229179382
rl4crn_rne_oscillator_trace_8rxn_stop_risksched085to095_lr1e4_entropy01to005_s1_c1_rnetol_d256_depth3_p20,seed063,63,249,24900,100,16,111.89868570109935,117.18077411554843,111.03088049204496,False,max_epochs,1130.0715017318726
rl4crn_rne_oscillator_trace_8rxn_stop_risksched085to095_lr1e4_entropy01to005_s1_c1_rnetol_d256_depth3_p20,seed063,63,250,25000,100,16,111.10731608418844,117.45438570811513,111.03088049204496,False,max_epochs,1134.6258211135864
rl4crn_rne_oscillator_trace_8rxn_stop_risksched085to095_lr1e4_entropy01to005_s1_c1_rnetol_d256_depth3_p20,seed063,63,251,25100,100,16,111.40989958880671,115.77461873251181,111.03088049204496,False,max_epochs,1138.6149888038635
rl4crn_rne_oscillator_trace_8rxn_stop_risksched085to095_lr1e4_entropy01to005_s1_c1_rnetol_d256_depth3_p20,seed063,63,252,25200,100,16,111.37292878809305,118.57744682605718,111.03088049204496,False,max_epochs,1140.9656374454498
rl4crn_rne_oscillator_trace_8rxn_stop_risksched085to095_lr1e4_entropy01to005_s1_c1_rnetol_d256_depth3_p20,seed063,63,253,25300,100,16,111.50185895387455,117.91000420299724,111.03088049204496,False,max_epochs,1145.6884183883667
rl4crn_rne_oscillator_trace_8rxn_stop_risksched085to095_lr1e4_entropy01to005_s1_c1_rnetol_d256_depth3_p20,seed063,63,254,25400,100,16,111.39835950919095,117.39108124483897,111.03088049204496,False,max_epochs,1150.612182378769
rl4crn_rne_oscillator_trace_8rxn_stop_risksched085to095_lr1e4_entropy01to005_s1_c1_rnetol_d256_depth3_p20,seed063,63,255,25500,100,16,111.2452538959196,117.08620641894078,111.03088049204496,False,max_epochs,1155.977650642395
rl4crn_rne_oscillator_trace_8rxn_stop_risksched085to095_lr1e4_entropy01to005_s1_c1_rnetol_d256_depth3_p20,seed063,63,256,25600,100,16,111.46752509099379,117.69398576343542,111.03088049204496,False,max_epochs,1160.9168095588684
rl4crn_rne_oscillator_trace_8rxn_stop_risksched085to095_lr1e4_entropy01to005_s1_c1_rnetol_d256_depth3_p20,seed063,63,257,25700,100,16,111.26598483088142,116.22914448264947,111.03088049204496,False,max_epochs,1166.1761722564697
rl4crn_rne_oscillator_trace_8rxn_stop_risksched085to095_lr1e4_entropy01to005_s1_c1_rnetol_d256_depth3_p20,seed063,63,258,25800,100,16,111.32031396455808,116.30599957186121,111.03088049204496,False,max_epochs,1170.9322402477264
rl4crn_rne_oscillator_trace_8rxn_stop_risksched085to095_lr1e4_entropy01to005_s1_c1_rnetol_d256_depth3_p20,seed063,63,259,25900,100,16,111.18847532590077,115.95325188737266,111.03088049204496,False,max_epochs,1175.2949917316437
rl4crn_rne_oscillator_trace_8rxn_stop_risksched085to095_lr1e4_entropy01to005_s1_c1_rnetol_d256_depth3_p20,seed063,63,260,26000,100,16,111.02584395557588,115.44024426613808,111.02584395557588,False,max_epochs,1180.03959441185
rl4crn_rne_oscillator_trace_8rxn_stop_risksched085to095_lr1e4_entropy01to005_s1_c1_rnetol_d256_depth3_p20,seed063,63,261,26100,100,16,111.26607004466673,115.27651061085811,111.02584395557588,False,max_epochs,1183.1367299556732
rl4crn_rne_oscillator_trace_8rxn_stop_risksched085to095_lr1e4_entropy01to005_s1_c1_rnetol_d256_depth3_p20,seed063,63,262,26200,100,16,111.23891879165359,114.07263127493708,111.02584395557588,False,max_epochs,1186.5577507019043
rl4crn_rne_oscillator_trace_8rxn_stop_risksched085to095_lr1e4_entropy01to005_s1_c1_rnetol_d256_depth3_p20,seed063,63,263,26300,100,16,111.0545424703185,113.69733771742114,111.02584395557588,False,max_epochs,1191.4192907810211
rl4crn_rne_oscillator_trace_8rxn_stop_risksched085to095_lr1e4_entropy01to005_s1_c1_rnetol_d256_depth3_p20,seed063,63,264,26400,100,16,111.75864232298538,116.69207892396918,111.02584395557588,False,max_epochs,1196.3268270492554
rl4crn_rne_oscillator_trace_8rxn_stop_risksched085to095_lr1e4_entropy01to005_s1_c1_rnetol_d256_depth3_p20,seed063,63,265,26500,100,16,112.70609072086552,117.47151007897662,111.02584395557588,False,max_epochs,1201.6215534210205
rl4crn_rne_oscillator_trace_8rxn_stop_risksched085to095_lr1e4_entropy01to005_s1_c1_rnetol_d256_depth3_p20,seed063,63,266,26600,100,16,113.80238687768166,118.62771261622366,111.02584395557588,False,max_epochs,1206.662817955017
rl4crn_rne_oscillator_trace_8rxn_stop_risksched085to095_lr1e4_entropy01to005_s1_c1_rnetol_d256_depth3_p20,seed063,63,267,26700,100,16,115.04960963268965,121.01362848429343,111.02584395557588,False,max_epochs,1211.4283547401428
rl4crn_rne_oscillator_trace_8rxn_stop_risksched085to095_lr1e4_entropy01to005_s1_c1_rnetol_d256_depth3_p20,seed063,63,268,26800,100,16,114.09980426041231,120.597130032022,111.02584395557588,False,max_epochs,1216.5484566688538
rl4crn_rne_oscillator_trace_8rxn_stop_risksched085to095_lr1e4_entropy01to005_s1_c1_rnetol_d256_depth3_p20,seed063,63,269,26900,100,16,113.47936730677559,118.73029690021684,111.02584395557588,False,max_epochs,1221.5550544261932
rl4crn_rne_oscillator_trace_8rxn_stop_risksched085to095_lr1e4_entropy01to005_s1_c1_rnetol_d256_depth3_p20,seed063,63,270,27000,100,16,111.38779322703355,116.30836186908846,111.02584395557588,False,max_epochs,1226.2383017539978
rl4crn_rne_oscillator_trace_8rxn_stop_risksched085to095_lr1e4_entropy01to005_s1_c1_rnetol_d256_depth3_p20,seed063,63,271,27100,100,16,111.38490188140227,114.33722734161398,111.02584395557588,False,max_epochs,1230.6107771396637
rl4crn_rne_oscillator_trace_8rxn_stop_risksched085to095_lr1e4_entropy01to005_s1_c1_rnetol_d256_depth3_p20,seed063,63,272,27200,100,16,111.69967046020076,114.4733645598731,111.02584395557588,False,max_epochs,1234.95618891716
rl4crn_rne_oscillator_trace_8rxn_stop_risksched085to095_lr1e4_entropy01to005_s1_c1_rnetol_d256_depth3_p20,seed063,63,273,27300,100,16,111.82343703272117,114.71338757836757,111.02584395557588,False,max_epochs,1237.1719708442688
rl4crn_rne_oscillator_trace_8rxn_stop_risksched085to095_lr1e4_entropy01to005_s1_c1_rnetol_d256_depth3_p20,seed063,63,274,27400,100,16,111.4675903052214,114.62859092876191,111.02584395557588,False,max_epochs,1242.1392240524292
rl4crn_rne_oscillator_trace_8rxn_stop_risksched085to095_lr1e4_entropy01to005_s1_c1_rnetol_d256_depth3_p20,seed063,63,275,27500,100,16,111.36400426870036,116.41973223644058,111.02584395557588,False,max_epochs,1247.0270593166351
rl4crn_rne_oscillator_trace_8rxn_stop_risksched085to095_lr1e4_entropy01to005_s1_c1_rnetol_d256_depth3_p20,seed063,63,276,27600,100,16,111.26608362695116,117.1992724791196,111.02584395557588,False,max_epochs,1251.7057507038116
rl4crn_rne_oscillator_trace_8rxn_stop_risksched085to095_lr1e4_entropy01to005_s1_c1_rnetol_d256_depth3_p20,seed063,63,277,27700,100,16,111.00212558439131,117.39211776733666,111.00212558439131,False,max_epochs,1256.4141907691956
rl4crn_rne_oscillator_trace_8rxn_stop_risksched085to095_lr1e4_entropy01to005_s1_c1_rnetol_d256_depth3_p20,seed063,63,278,27800,100,16,111.85501648339567,115.67644147230644,111.00212558439131,False,max_epochs,1260.934088230133
rl4crn_rne_oscillator_trace_8rxn_stop_risksched085to095_lr1e4_entropy01to005_s1_c1_rnetol_d256_depth3_p20,seed063,63,279,27900,100,16,111.67984824186368,115.28175945503318,111.00212558439131,False,max_epochs,1265.0601477622986
rl4crn_rne_oscillator_trace_8rxn_stop_risksched085to095_lr1e4_entropy01to005_s1_c1_rnetol_d256_depth3_p20,seed063,63,280,28000,100,16,111.14602916027319,115.89953127106872,111.00212558439131,False,max_epochs,1267.4854233264923
rl4crn_rne_oscillator_trace_8rxn_stop_risksched085to095_lr1e4_entropy01to005_s1_c1_rnetol_d256_depth3_p20,seed063,63,281,28100,100,16,111.26808055159596,115.99286077725839,111.00212558439131,False,max_epochs,1272.3264310359955
rl4crn_rne_oscillator_trace_8rxn_stop_risksched085to095_lr1e4_entropy01to005_s1_c1_rnetol_d256_depth3_p20,seed063,63,282,28200,100,16,111.1773931779335,115.73424893665117,111.00212558439131,False,max_epochs,1277.252291917801
rl4crn_rne_oscillator_trace_8rxn_stop_risksched085to095_lr1e4_entropy01to005_s1_c1_rnetol_d256_depth3_p20,seed063,63,283,28300,100,16,111.25967052176871,117.12110723624453,111.00212558439131,False,max_epochs,1282.0589265823364
rl4crn_rne_oscillator_trace_8rxn_stop_risksched085to095_lr1e4_entropy01to005_s1_c1_rnetol_d256_depth3_p20,seed063,63,284,28400,100,16,111.72875558029298,116.04126625240929,111.00212558439131,False,max_epochs,1286.99658036232
rl4crn_rne_oscillator_trace_8rxn_stop_risksched085to095_lr1e4_entropy01to005_s1_c1_rnetol_d256_depth3_p20,seed063,63,285,28500,100,16,111.17945528673944,115.93897411066008,111.00212558439131,False,max_epochs,1291.5728478431702
rl4crn_rne_oscillator_trace_8rxn_stop_risksched085to095_lr1e4_entropy01to005_s1_c1_rnetol_d256_depth3_p20,seed063,63,286,28600,100,16,111.27357178523012,117.2200898815708,111.00212558439131,False,max_epochs,1295.911774635315
rl4crn_rne_oscillator_trace_8rxn_stop_risksched085to095_lr1e4_entropy01to005_s1_c1_rnetol_d256_depth3_p20,seed063,63,287,28700,100,16,111.50634738902022,115.62228694460379,111.00212558439131,False,max_epochs,1298.0301353931427
rl4crn_rne_oscillator_trace_8rxn_stop_risksched085to095_lr1e4_entropy01to005_s1_c1_rnetol_d256_depth3_p20,seed063,63,288,28800,100,16,111.01675707174635,116.44625571147263,111.00212558439131,False,max_epochs,1302.9789943695068
rl4crn_rne_oscillator_trace_8rxn_stop_risksched085to095_lr1e4_entropy01to005_s1_c1_rnetol_d256_depth3_p20,seed063,63,289,28900,100,16,106.42617091127744,115.46525157617762,106.42617091127744,False,max_epochs,1307.9908752441406
rl4crn_rne_oscillator_trace_8rxn_stop_risksched085to095_lr1e4_entropy01to005_s1_c1_rnetol_d256_depth3_p20,seed063,63,290,29000,100,16,111.23930040135508,117.968555695952,106.42617091127744,False,max_epochs,1312.9446003437042
rl4crn_rne_oscillator_trace_8rxn_stop_risksched085to095_lr1e4_entropy01to005_s1_c1_rnetol_d256_depth3_p20,seed063,63,291,29100,100,16,112.86696325215405,119.42224656076652,106.42617091127744,False,max_epochs,1318.145122051239
rl4crn_rne_oscillator_trace_8rxn_stop_risksched085to095_lr1e4_entropy01to005_s1_c1_rnetol_d256_depth3_p20,seed063,63,292,29200,100,16,112.96455231102367,120.9323426047998,106.42617091127744,False,max_epochs,1323.540111064911
rl4crn_rne_oscillator_trace_8rxn_stop_risksched085to095_lr1e4_entropy01to005_s1_c1_rnetol_d256_depth3_p20,seed063,63,293,29300,100,16,113.29475166166073,120.49267780458536,106.42617091127744,False,max_epochs,1328.622876405716
rl4crn_rne_oscillator_trace_8rxn_stop_risksched085to095_lr1e4_entropy01to005_s1_c1_rnetol_d256_depth3_p20,seed063,63,294,29400,100,16,113.06374104301233,119.17691663186807,106.42617091127744,False,max_epochs,1333.78275680542
rl4crn_rne_oscillator_trace_8rxn_stop_risksched085to095_lr1e4_entropy01to005_s1_c1_rnetol_d256_depth3_p20,seed063,63,295,29500,100,16,111.08475407954549,117.33585714695334,106.42617091127744,False,max_epochs,1338.5671005249023
rl4crn_rne_oscillator_trace_8rxn_stop_risksched085to095_lr1e4_entropy01to005_s1_c1_rnetol_d256_depth3_p20,seed063,63,296,29600,100,16,110.99353214473302,116.98005419636527,106.42617091127744,False,max_epochs,1343.672631263733
rl4crn_rne_oscillator_trace_8rxn_stop_risksched085to095_lr1e4_entropy01to005_s1_c1_rnetol_d256_depth3_p20,seed063,63,297,29700,100,16,111.2636959917432,115.61103144347435,106.42617091127744,False,max_epochs,1348.1164677143097
rl4crn_rne_oscillator_trace_8rxn_stop_risksched085to095_lr1e4_entropy01to005_s1_c1_rnetol_d256_depth3_p20,seed063,63,298,29800,100,16,111.13669964144874,116.46720575448401,106.42617091127744,False,max_epochs,1353.1828753948212
rl4crn_rne_oscillator_trace_8rxn_stop_risksched085to095_lr1e4_entropy01to005_s1_c1_rnetol_d256_depth3_p20,seed063,63,299,29900,100,16,111.3382754320077,116.1020017001434,106.42617091127744,False,max_epochs,1358.0551590919495
rl4crn_rne_oscillator_trace_8rxn_stop_risksched085to095_lr1e4_entropy01to005_s1_c1_rnetol_d256_depth3_p20,seed063,63,300,30000,100,16,111.65671966690809,120.32670051150232,106.42617091127744,False,max_epochs,1362.660880804062
rl4crn_rne_oscillator_trace_8rxn_stop_risksched085to095_lr1e4_entropy01to005_s1_c1_rnetol_d256_depth3_p20,seed063,63,301,30100,100,16,111.93394176144068,121.3979499901385,106.42617091127744,False,max_epochs,1367.3605387210846
rl4crn_rne_oscillator_trace_8rxn_stop_risksched085to095_lr1e4_entropy01to005_s1_c1_rnetol_d256_depth3_p20,seed063,63,302,30200,100,16,111.41755485278955,124.51233096650907,106.42617091127744,False,max_epochs,1370.4844348430634
rl4crn_rne_oscillator_trace_8rxn_stop_risksched085to095_lr1e4_entropy01to005_s1_c1_rnetol_d256_depth3_p20,seed063,63,303,30300,100,16,111.11225070684773,128.64448318722964,106.42617091127744,False,max_epochs,1374.0344142913818
rl4crn_rne_oscillator_trace_8rxn_stop_risksched085to095_lr1e4_entropy01to005_s1_c1_rnetol_d256_depth3_p20,seed063,63,304,30400,100,16,97.66825686106831,138.92666430663547,97.66825686106831,False,max_epochs,1379.0955021381378
rl4crn_rne_oscillator_trace_8rxn_stop_risksched085to095_lr1e4_entropy01to005_s1_c1_rnetol_d256_depth3_p20,seed063,63,305,30500,100,16,102.38624397136394,134.5349743032308,97.66825686106831,False,max_epochs,1383.8137164115906
rl4crn_rne_oscillator_trace_8rxn_stop_risksched085to095_lr1e4_entropy01to005_s1_c1_rnetol_d256_depth3_p20,seed063,63,306,30600,100,16,94.97841636521369,138.40759585862915,94.97841636521369,False,max_epochs,1388.3622093200684
rl4crn_rne_oscillator_trace_8rxn_stop_risksched085to095_lr1e4_entropy01to005_s1_c1_rnetol_d256_depth3_p20,seed063,63,307,30700,100,16,97.87900283995037,143.5716791632081,94.97841636521369,False,max_epochs,1392.8470270633698
rl4crn_rne_oscillator_trace_8rxn_stop_risksched085to095_lr1e4_entropy01to005_s1_c1_rnetol_d256_depth3_p20,seed063,63,308,30800,100,16,84.1449930515736,138.95126328363983,84.1449930515736,False,max_epochs,1397.3849716186523
rl4crn_rne_oscillator_trace_8rxn_stop_risksched085to095_lr1e4_entropy01to005_s1_c1_rnetol_d256_depth3_p20,seed063,63,309,30900,100,16,97.71865715115226,138.422646672958,84.1449930515736,False,max_epochs,1401.6874496936798
rl4crn_rne_oscillator_trace_8rxn_stop_risksched085to095_lr1e4_entropy01to005_s1_c1_rnetol_d256_depth3_p20,seed063,63,310,31000,100,16,74.08942691938526,135.95684382553068,74.08942691938526,False,max_epochs,1403.8110418319702
rl4crn_rne_oscillator_trace_8rxn_stop_risksched085to095_lr1e4_entropy01to005_s1_c1_rnetol_d256_depth3_p20,seed063,63,311,31100,100,16,74.6305782304419,135.64284948689976,74.08942691938526,False,max_epochs,1408.6801640987396
rl4crn_rne_oscillator_trace_8rxn_stop_risksched085to095_lr1e4_entropy01to005_s1_c1_rnetol_d256_depth3_p20,seed063,63,312,31200,100,16,72.9872496397062,136.9844596638611,72.9872496397062,False,max_epochs,1413.7749886512756
rl4crn_rne_oscillator_trace_8rxn_stop_risksched085to095_lr1e4_entropy01to005_s1_c1_rnetol_d256_depth3_p20,seed063,63,313,31300,100,16,67.36760447204028,139.20773574366098,67.36760447204028,False,max_epochs,1418.876196861267
rl4crn_rne_oscillator_trace_8rxn_stop_risksched085to095_lr1e4_entropy01to005_s1_c1_rnetol_d256_depth3_p20,seed063,63,314,31400,100,16,80.01748344172664,133.1257500539454,67.36760447204028,False,max_epochs,1423.5734090805054
rl4crn_rne_oscillator_trace_8rxn_stop_risksched085to095_lr1e4_entropy01to005_s1_c1_rnetol_d256_depth3_p20,seed063,63,315,31500,100,16,98.0663832388139,138.66909433197884,67.36760447204028,False,max_epochs,1428.4040768146515
rl4crn_rne_oscillator_trace_8rxn_stop_risksched085to095_lr1e4_entropy01to005_s1_c1_rnetol_d256_depth3_p20,seed063,63,316,31600,100,16,91.55209037173054,135.60370928571655,67.36760447204028,False,max_epochs,1433.2097511291504
rl4crn_rne_oscillator_trace_8rxn_stop_risksched085to095_lr1e4_entropy01to005_s1_c1_rnetol_d256_depth3_p20,seed063,63,317,31700,100,16,91.87431049480362,137.30681244593995,67.36760447204028,False,max_epochs,1437.629987001419
rl4crn_rne_oscillator_trace_8rxn_stop_risksched085to095_lr1e4_entropy01to005_s1_c1_rnetol_d256_depth3_p20,seed063,63,318,31800,100,16,94.27388981636003,133.0563122364814,67.36760447204028,False,max_epochs,1439.9848639965057
rl4crn_rne_oscillator_trace_8rxn_stop_risksched085to095_lr1e4_entropy01to005_s1_c1_rnetol_d256_depth3_p20,seed063,63,319,31900,100,16,79.46322776191542,132.91560583761853,67.36760447204028,False,max_epochs,1444.340086221695
rl4crn_rne_oscillator_trace_8rxn_stop_risksched085to095_lr1e4_entropy01to005_s1_c1_rnetol_d256_depth3_p20,seed063,63,320,32000,100,16,87.94846951030037,140.02487536101205,67.36760447204028,False,max_epochs,1449.5994203090668
rl4crn_rne_oscillator_trace_8rxn_stop_risksched085to095_lr1e4_entropy01to005_s1_c1_rnetol_d256_depth3_p20,seed063,63,321,32100,100,16,114.5619674917568,143.9334120614883,67.36760447204028,False,max_epochs,1454.410952091217
rl4crn_rne_oscillator_trace_8rxn_stop_risksched085to095_lr1e4_entropy01to005_s1_c1_rnetol_d256_depth3_p20,seed063,63,322,32200,100,16,100.78209045868765,142.45750126461732,67.36760447204028,False,max_epochs,1458.748722076416
rl4crn_rne_oscillator_trace_8rxn_stop_risksched085to095_lr1e4_entropy01to005_s1_c1_rnetol_d256_depth3_p20,seed063,63,323,32300,100,16,73.74994599636682,135.77541089718412,67.36760447204028,False,max_epochs,1463.548571586609
rl4crn_rne_oscillator_trace_8rxn_stop_risksched085to095_lr1e4_entropy01to005_s1_c1_rnetol_d256_depth3_p20,seed063,63,324,32400,100,16,79.58404533585816,137.09394116794405,67.36760447204028,False,max_epochs,1467.8096687793732
rl4crn_rne_oscillator_trace_8rxn_stop_risksched085to095_lr1e4_entropy01to005_s1_c1_rnetol_d256_depth3_p20,seed063,63,325,32500,100,16,75.0825082100877,131.99639484718162,67.36760447204028,False,max_epochs,1470.0392105579376
rl4crn_rne_oscillator_trace_8rxn_stop_risksched085to095_lr1e4_entropy01to005_s1_c1_rnetol_d256_depth3_p20,seed063,63,326,32600,100,16,77.90191629601621,139.49609295938396,67.36760447204028,False,max_epochs,1474.7257697582245
rl4crn_rne_oscillator_trace_8rxn_stop_risksched085to095_lr1e4_entropy01to005_s1_c1_rnetol_d256_depth3_p20,seed063,63,327,32700,100,16,77.90033630789073,134.98487614326302,67.36760447204028,False,max_epochs,1479.3551936149597
rl4crn_rne_oscillator_trace_8rxn_stop_risksched085to095_lr1e4_entropy01to005_s1_c1_rnetol_d256_depth3_p20,seed063,63,328,32800,100,16,83.00503489430825,140.713108554412,67.36760447204028,False,max_epochs,1484.1809341907501
rl4crn_rne_oscillator_trace_8rxn_stop_risksched085to095_lr1e4_entropy01to005_s1_c1_rnetol_d256_depth3_p20,seed063,63,329,32900,100,16,70.37812960774404,140.68145630337332,67.36760447204028,False,max_epochs,1488.4803097248077
rl4crn_rne_oscillator_trace_8rxn_stop_risksched085to095_lr1e4_entropy01to005_s1_c1_rnetol_d256_depth3_p20,seed063,63,330,33000,100,16,78.10912216321726,136.36369886732513,67.36760447204028,False,max_epochs,1490.5968780517578
rl4crn_rne_oscillator_trace_8rxn_stop_risksched085to095_lr1e4_entropy01to005_s1_c1_rnetol_d256_depth3_p20,seed063,63,331,33100,100,16,78.26599272717945,140.30873542008356,67.36760447204028,False,max_epochs,1495.279845237732
rl4crn_rne_oscillator_trace_8rxn_stop_risksched085to095_lr1e4_entropy01to005_s1_c1_rnetol_d256_depth3_p20,seed063,63,332,33200,100,16,71.52665585508154,138.97199025041442,67.36760447204028,False,max_epochs,1500.621993303299
rl4crn_rne_oscillator_trace_8rxn_stop_risksched085to095_lr1e4_entropy01to005_s1_c1_rnetol_d256_depth3_p20,seed063,63,333,33300,100,16,78.05599649595804,134.80179527600248,67.36760447204028,False,max_epochs,1505.488009929657
rl4crn_rne_oscillator_trace_8rxn_stop_risksched085to095_lr1e4_entropy01to005_s1_c1_rnetol_d256_depth3_p20,seed063,63,334,33400,100,16,75.17436549691382,139.0929430594252,67.36760447204028,False,max_epochs,1510.4070508480072
rl4crn_rne_oscillator_trace_8rxn_stop_risksched085to095_lr1e4_entropy01to005_s1_c1_rnetol_d256_depth3_p20,seed063,63,335,33500,100,16,103.07413688233373,140.2280300034888,67.36760447204028,False,max_epochs,1515.4460842609406
rl4crn_rne_oscillator_trace_8rxn_stop_risksched085to095_lr1e4_entropy01to005_s1_c1_rnetol_d256_depth3_p20,seed063,63,336,33600,100,16,70.86572945239995,137.80216687512643,67.36760447204028,False,max_epochs,1520.562353849411
rl4crn_rne_oscillator_trace_8rxn_stop_risksched085to095_lr1e4_entropy01to005_s1_c1_rnetol_d256_depth3_p20,seed063,63,337,33700,100,16,69.26053421710506,131.68393480884978,67.36760447204028,False,max_epochs,1525.2849900722504
rl4crn_rne_oscillator_trace_8rxn_stop_risksched085to095_lr1e4_entropy01to005_s1_c1_rnetol_d256_depth3_p20,seed063,63,338,33800,100,16,85.16790196530727,137.25953434539403,67.36760447204028,False,max_epochs,1529.97727227211
rl4crn_rne_oscillator_trace_8rxn_stop_risksched085to095_lr1e4_entropy01to005_s1_c1_rnetol_d256_depth3_p20,seed063,63,339,33900,100,16,93.77451186924925,144.58432148076648,67.36760447204028,False,max_epochs,1534.614398241043
rl4crn_rne_oscillator_trace_8rxn_stop_risksched085to095_lr1e4_entropy01to005_s1_c1_rnetol_d256_depth3_p20,seed063,63,340,34000,100,16,85.13432264513094,145.81835893847276,67.36760447204028,False,max_epochs,1536.9974460601807
rl4crn_rne_oscillator_trace_8rxn_stop_risksched085to095_lr1e4_entropy01to005_s1_c1_rnetol_d256_depth3_p20,seed063,63,341,34100,100,16,73.5877629840571,133.57879736654132,67.36760447204028,False,max_epochs,1541.4477319717407
rl4crn_rne_oscillator_trace_8rxn_stop_risksched085to095_lr1e4_entropy01to005_s1_c1_rnetol_d256_depth3_p20,seed063,63,342,34200,100,16,78.05982561636522,137.484295629631,67.36760447204028,False,max_epochs,1546.3742702007294
rl4crn_rne_oscillator_trace_8rxn_stop_risksched085to095_lr1e4_entropy01to005_s1_c1_rnetol_d256_depth3_p20,seed063,63,343,34300,100,16,80.12371403763768,140.97704564226103,67.36760447204028,False,max_epochs,1551.2093620300293
rl4crn_rne_oscillator_trace_8rxn_stop_risksched085to095_lr1e4_entropy01to005_s1_c1_rnetol_d256_depth3_p20,seed063,63,344,34400,100,16,88.84069242210931,138.38869315093297,67.36760447204028,False,max_epochs,1556.4948189258575
rl4crn_rne_oscillator_trace_8rxn_stop_risksched085to095_lr1e4_entropy01to005_s1_c1_rnetol_d256_depth3_p20,seed063,63,345,34500,100,16,78.6810529663135,128.39423466806153,67.36760447204028,False,max_epochs,1561.4090378284454
rl4crn_rne_oscillator_trace_8rxn_stop_risksched085to095_lr1e4_entropy01to005_s1_c1_rnetol_d256_depth3_p20,seed063,63,346,34600,100,16,68.15192560891983,134.20370576874802,67.36760447204028,False,max_epochs,1566.608563899994
rl4crn_rne_oscillator_trace_8rxn_stop_risksched085to095_lr1e4_entropy01to005_s1_c1_rnetol_d256_depth3_p20,seed063,63,347,34700,100,16,71.56644528977262,128.2523317427245,67.36760447204028,False,max_epochs,1571.887640953064
rl4crn_rne_oscillator_trace_8rxn_stop_risksched085to095_lr1e4_entropy01to005_s1_c1_rnetol_d256_depth3_p20,seed063,63,348,34800,100,16,69.22443481195842,136.0674706069484,67.36760447204028,False,max_epochs,1577.1229283809662
rl4crn_rne_oscillator_trace_8rxn_stop_risksched085to095_lr1e4_entropy01to005_s1_c1_rnetol_d256_depth3_p20,seed063,63,349,34900,100,16,62.885029355954615,124.44858740356136,62.885029355954615,False,max_epochs,1582.1042811870575
rl4crn_rne_oscillator_trace_8rxn_stop_risksched085to095_lr1e4_entropy01to005_s1_c1_rnetol_d256_depth3_p20,seed063,63,350,35000,100,16,67.77314391514341,133.378325554875,62.885029355954615,False,max_epochs,1587.0769548416138
rl4crn_rne_oscillator_trace_8rxn_stop_risksched085to095_lr1e4_entropy01to005_s1_c1_rnetol_d256_depth3_p20,seed063,63,351,35100,100,16,69.47243715301771,135.49917178947578,62.885029355954615,False,max_epochs,1592.188318490982
rl4crn_rne_oscillator_trace_8rxn_stop_risksched085to095_lr1e4_entropy01to005_s1_c1_rnetol_d256_depth3_p20,seed063,63,352,35200,100,16,73.84260426429518,138.57551282823596,62.885029355954615,False,max_epochs,1597.4242646694183
rl4crn_rne_oscillator_trace_8rxn_stop_risksched085to095_lr1e4_entropy01to005_s1_c1_rnetol_d256_depth3_p20,seed063,63,353,35300,100,16,78.68330761048865,123.74547401521588,62.885029355954615,False,max_epochs,1602.0572695732117
rl4crn_rne_oscillator_trace_8rxn_stop_risksched085to095_lr1e4_entropy01to005_s1_c1_rnetol_d256_depth3_p20,seed063,63,354,35400,100,16,78.77596081007286,139.22846734325165,62.885029355954615,False,max_epochs,1606.7795841693878
rl4crn_rne_oscillator_trace_8rxn_stop_risksched085to095_lr1e4_entropy01to005_s1_c1_rnetol_d256_depth3_p20,seed063,63,355,35500,100,16,82.98195492076293,142.4200735987178,62.885029355954615,False,max_epochs,1611.577656507492
rl4crn_rne_oscillator_trace_8rxn_stop_risksched085to095_lr1e4_entropy01to005_s1_c1_rnetol_d256_depth3_p20,seed063,63,356,35600,100,16,70.08195834499162,133.42262681722752,62.885029355954615,False,max_epochs,1616.340796470642
rl4crn_rne_oscillator_trace_8rxn_stop_risksched085to095_lr1e4_entropy01to005_s1_c1_rnetol_d256_depth3_p20,seed063,63,357,35700,100,16,72.51336722205991,147.9313966293176,62.885029355954615,False,max_epochs,1618.350953578949
rl4crn_rne_oscillator_trace_8rxn_stop_risksched085to095_lr1e4_entropy01to005_s1_c1_rnetol_d256_depth3_p20,seed063,63,358,35800,100,16,84.51878396087432,153.0570947010401,62.885029355954615,False,max_epochs,1622.8125977516174
rl4crn_rne_oscillator_trace_8rxn_stop_risksched085to095_lr1e4_entropy01to005_s1_c1_rnetol_d256_depth3_p20,seed063,63,359,35900,100,16,67.84326484975986,145.13183284953834,62.885029355954615,False,max_epochs,1627.8230922222137
rl4crn_rne_oscillator_trace_8rxn_stop_risksched085to095_lr1e4_entropy01to005_s1_c1_rnetol_d256_depth3_p20,seed063,63,360,36000,100,16,70.13915977651274,127.27999127253285,62.885029355954615,False,max_epochs,1633.2363488674164
rl4crn_rne_oscillator_trace_8rxn_stop_risksched085to095_lr1e4_entropy01to005_s1_c1_rnetol_d256_depth3_p20,seed063,63,361,36100,100,16,70.38387948911898,135.38964560250392,62.885029355954615,False,max_epochs,1637.9908890724182
rl4crn_rne_oscillator_trace_8rxn_stop_risksched085to095_lr1e4_entropy01to005_s1_c1_rnetol_d256_depth3_p20,seed063,63,362,36200,100,16,66.87795216306445,135.55563527159194,62.885029355954615,False,max_epochs,1643.1688737869263
rl4crn_rne_oscillator_trace_8rxn_stop_risksched085to095_lr1e4_entropy01to005_s1_c1_rnetol_d256_depth3_p20,seed063,63,363,36300,100,16,72.85386552608459,134.20626061191362,62.885029355954615,False,max_epochs,1648.0148949623108
rl4crn_rne_oscillator_trace_8rxn_stop_risksched085to095_lr1e4_entropy01to005_s1_c1_rnetol_d256_depth3_p20,seed063,63,364,36400,100,16,70.62887484850417,135.0103352095758,62.885029355954615,False,max_epochs,1653.3997075557709
rl4crn_rne_oscillator_trace_8rxn_stop_risksched085to095_lr1e4_entropy01to005_s1_c1_rnetol_d256_depth3_p20,seed063,63,365,36500,100,16,75.14607750514558,141.75264601956047,62.885029355954615,False,max_epochs,1657.9430961608887
rl4crn_rne_oscillator_trace_8rxn_stop_risksched085to095_lr1e4_entropy01to005_s1_c1_rnetol_d256_depth3_p20,seed063,63,366,36600,100,16,71.29304382687377,130.7704975672658,62.885029355954615,False,max_epochs,1662.5332615375519
rl4crn_rne_oscillator_trace_8rxn_stop_risksched085to095_lr1e4_entropy01to005_s1_c1_rnetol_d256_depth3_p20,seed063,63,367,36700,100,16,64.50836661653327,137.57798844457432,62.885029355954615,False,max_epochs,1667.3437662124634
rl4crn_rne_oscillator_trace_8rxn_stop_risksched085to095_lr1e4_entropy01to005_s1_c1_rnetol_d256_depth3_p20,seed063,63,368,36800,100,16,79.21556857357167,137.19414224921337,62.885029355954615,False,max_epochs,1669.556762456894
rl4crn_rne_oscillator_trace_8rxn_stop_risksched085to095_lr1e4_entropy01to005_s1_c1_rnetol_d256_depth3_p20,seed063,63,369,36900,100,16,72.11898480251568,132.00334318088701,62.885029355954615,False,max_epochs,1673.7878715991974
rl4crn_rne_oscillator_trace_8rxn_stop_risksched085to095_lr1e4_entropy01to005_s1_c1_rnetol_d256_depth3_p20,seed063,63,370,37000,100,16,66.15221456856912,133.90579873485927,62.885029355954615,False,max_epochs,1678.8104696273804
rl4crn_rne_oscillator_trace_8rxn_stop_risksched085to095_lr1e4_entropy01to005_s1_c1_rnetol_d256_depth3_p20,seed063,63,371,37100,100,16,70.75734029522496,126.30292485941911,62.885029355954615,False,max_epochs,1683.7670993804932
rl4crn_rne_oscillator_trace_8rxn_stop_risksched085to095_lr1e4_entropy01to005_s1_c1_rnetol_d256_depth3_p20,seed063,63,372,37200,100,16,65.27060766619194,124.74919445145747,62.885029355954615,False,max_epochs,1689.124338388443
rl4crn_rne_oscillator_trace_8rxn_stop_risksched085to095_lr1e4_entropy01to005_s1_c1_rnetol_d256_depth3_p20,seed063,63,373,37300,100,16,83.61277446928226,136.34000297283046,62.885029355954615,False,max_epochs,1694.0328562259674
rl4crn_rne_oscillator_trace_8rxn_stop_risksched085to095_lr1e4_entropy01to005_s1_c1_rnetol_d256_depth3_p20,seed063,63,374,37400,100,16,66.64401031188063,132.6915020199241,62.885029355954615,False,max_epochs,1698.9078378677368
rl4crn_rne_oscillator_trace_8rxn_stop_risksched085to095_lr1e4_entropy01to005_s1_c1_rnetol_d256_depth3_p20,seed063,63,375,37500,100,16,66.27869051636382,130.30825274253928,62.885029355954615,False,max_epochs,1704.0511569976807
rl4crn_rne_oscillator_trace_8rxn_stop_risksched085to095_lr1e4_entropy01to005_s1_c1_rnetol_d256_depth3_p20,seed063,63,376,37600,100,16,67.65274091475709,135.23804901430984,62.885029355954615,False,max_epochs,1709.2576522827148
rl4crn_rne_oscillator_trace_8rxn_stop_risksched085to095_lr1e4_entropy01to005_s1_c1_rnetol_d256_depth3_p20,seed063,63,377,37700,100,16,79.26634550847437,146.07004426343298,62.885029355954615,False,max_epochs,1714.1854124069214
rl4crn_rne_oscillator_trace_8rxn_stop_risksched085to095_lr1e4_entropy01to005_s1_c1_rnetol_d256_depth3_p20,seed063,63,378,37800,100,16,72.78674018079369,146.05980071300434,62.885029355954615,False,max_epochs,1718.8674540519714
rl4crn_rne_oscillator_trace_8rxn_stop_risksched085to095_lr1e4_entropy01to005_s1_c1_rnetol_d256_depth3_p20,seed063,63,379,37900,100,16,72.73064197546817,131.27544780632144,62.885029355954615,False,max_epochs,1723.5343177318573
rl4crn_rne_oscillator_trace_8rxn_stop_risksched085to095_lr1e4_entropy01to005_s1_c1_rnetol_d256_depth3_p20,seed063,63,380,38000,100,16,66.79375978408484,138.85259022486724,62.885029355954615,False,max_epochs,1725.6160025596619
rl4crn_rne_oscillator_trace_8rxn_stop_risksched085to095_lr1e4_entropy01to005_s1_c1_rnetol_d256_depth3_p20,seed063,63,381,38100,100,16,70.1946630799439,142.22730477680557,62.885029355954615,False,max_epochs,1729.920820236206
rl4crn_rne_oscillator_trace_8rxn_stop_risksched085to095_lr1e4_entropy01to005_s1_c1_rnetol_d256_depth3_p20,seed063,63,382,38200,100,16,75.97768085010354,126.53521859870237,62.885029355954615,False,max_epochs,1735.2081682682037
rl4crn_rne_oscillator_trace_8rxn_stop_risksched085to095_lr1e4_entropy01to005_s1_c1_rnetol_d256_depth3_p20,seed063,63,383,38300,100,16,74.61105510400921,117.1333101956451,62.885029355954615,False,max_epochs,1739.878214597702
rl4crn_rne_oscillator_trace_8rxn_stop_risksched085to095_lr1e4_entropy01to005_s1_c1_rnetol_d256_depth3_p20,seed063,63,384,38400,100,16,72.0835884544252,123.0096193677983,62.885029355954615,False,max_epochs,1745.1846678256989
rl4crn_rne_oscillator_trace_8rxn_stop_risksched085to095_lr1e4_entropy01to005_s1_c1_rnetol_d256_depth3_p20,seed063,63,385,38500,100,16,67.47356289066083,123.95720934148625,62.885029355954615,False,max_epochs,1750.1348428726196
rl4crn_rne_oscillator_trace_8rxn_stop_risksched085to095_lr1e4_entropy01to005_s1_c1_rnetol_d256_depth3_p20,seed063,63,386,38600,100,16,68.29106833471204,132.01747485600342,62.885029355954615,False,max_epochs,1754.9565689563751
rl4crn_rne_oscillator_trace_8rxn_stop_risksched085to095_lr1e4_entropy01to005_s1_c1_rnetol_d256_depth3_p20,seed063,63,387,38700,100,16,72.42482869729992,125.54723215264207,62.885029355954615,False,max_epochs,1759.6481902599335
rl4crn_rne_oscillator_trace_8rxn_stop_risksched085to095_lr1e4_entropy01to005_s1_c1_rnetol_d256_depth3_p20,seed063,63,388,38800,100,16,69.24489198756149,125.82556212132148,62.885029355954615,False,max_epochs,1764.5046105384827
rl4crn_rne_oscillator_trace_8rxn_stop_risksched085to095_lr1e4_entropy01to005_s1_c1_rnetol_d256_depth3_p20,seed063,63,389,38900,100,16,69.88361357048551,125.62536830924441,62.885029355954615,False,max_epochs,1767.9015588760376
rl4crn_rne_oscillator_trace_8rxn_stop_risksched085to095_lr1e4_entropy01to005_s1_c1_rnetol_d256_depth3_p20,seed063,63,390,39000,100,16,70.73395663102447,123.3848106369733,62.885029355954615,False,max_epochs,1771.0176029205322
rl4crn_rne_oscillator_trace_8rxn_stop_risksched085to095_lr1e4_entropy01to005_s1_c1_rnetol_d256_depth3_p20,seed063,63,391,39100,100,16,63.56605534991182,126.4138921881554,62.885029355954615,False,max_epochs,1775.8868696689606
rl4crn_rne_oscillator_trace_8rxn_stop_risksched085to095_lr1e4_entropy01to005_s1_c1_rnetol_d256_depth3_p20,seed063,63,392,39200,100,16,77.70708069863264,132.95625789155778,62.885029355954615,False,max_epochs,1781.1175301074982
rl4crn_rne_oscillator_trace_8rxn_stop_risksched085to095_lr1e4_entropy01to005_s1_c1_rnetol_d256_depth3_p20,seed063,63,393,39300,100,16,70.08149534943168,125.83656978006093,62.885029355954615,False,max_epochs,1785.7943720817566
rl4crn_rne_oscillator_trace_8rxn_stop_risksched085to095_lr1e4_entropy01to005_s1_c1_rnetol_d256_depth3_p20,seed063,63,394,39400,100,16,67.14247875686567,124.11508402777807,62.885029355954615,False,max_epochs,1791.0378403663635
rl4crn_rne_oscillator_trace_8rxn_stop_risksched085to095_lr1e4_entropy01to005_s1_c1_rnetol_d256_depth3_p20,seed063,63,395,39500,100,16,74.17489113377854,109.54452134069436,62.885029355954615,False,max_epochs,1795.9957821369171
rl4crn_rne_oscillator_trace_8rxn_stop_risksched085to095_lr1e4_entropy01to005_s1_c1_rnetol_d256_depth3_p20,seed063,63,396,39600,100,16,78.33642652411375,109.54827933407157,62.885029355954615,False,max_epochs,1801.1994202136993
rl4crn_rne_oscillator_trace_8rxn_stop_risksched085to095_lr1e4_entropy01to005_s1_c1_rnetol_d256_depth3_p20,seed063,63,397,39700,100,16,71.64021777464833,116.06648991238166,62.885029355954615,False,max_epochs,1806.167545080185
rl4crn_rne_oscillator_trace_8rxn_stop_risksched085to095_lr1e4_entropy01to005_s1_c1_rnetol_d256_depth3_p20,seed063,63,398,39800,100,16,64.0880418920711,125.31769429342381,62.885029355954615,False,max_epochs,1811.098032951355
rl4crn_rne_oscillator_trace_8rxn_stop_risksched085to095_lr1e4_entropy01to005_s1_c1_rnetol_d256_depth3_p20,seed063,63,399,39900,100,16,69.72619595344065,120.11325965043532,62.885029355954615,False,max_epochs,1816.1934173107147
rl4crn_rne_oscillator_trace_8rxn_stop_risksched085to095_lr1e4_entropy01to005_s1_c1_rnetol_d256_depth3_p20,seed063,63,400,40000,100,16,70.61490749933569,122.05172769550907,62.885029355954615,False,max_epochs,1820.9029612541199
rl4crn_rne_oscillator_trace_8rxn_stop_risksched085to095_lr1e4_entropy01to005_s1_c1_rnetol_d256_depth3_p20,seed063,63,401,40100,100,16,66.78747455897356,121.51353560444343,62.885029355954615,False,max_epochs,1825.5669913291931
rl4crn_rne_oscillator_trace_8rxn_stop_risksched085to095_lr1e4_entropy01to005_s1_c1_rnetol_d256_depth3_p20,seed063,63,402,40200,100,16,73.1592614432873,124.15665491014548,62.885029355954615,False,max_epochs,1829.9289116859436
rl4crn_rne_oscillator_trace_8rxn_stop_risksched085to095_lr1e4_entropy01to005_s1_c1_rnetol_d256_depth3_p20,seed063,63,403,40300,100,16,69.63754144884128,124.03830362078645,62.885029355954615,False,max_epochs,1832.2947790622711
rl4crn_rne_oscillator_trace_8rxn_stop_risksched085to095_lr1e4_entropy01to005_s1_c1_rnetol_d256_depth3_p20,seed063,63,404,40400,100,16,70.40022096425535,115.44209087797789,62.885029355954615,False,max_epochs,1837.1710834503174
rl4crn_rne_oscillator_trace_8rxn_stop_risksched085to095_lr1e4_entropy01to005_s1_c1_rnetol_d256_depth3_p20,seed063,63,405,40500,100,16,67.04630858382666,115.60428415222557,62.885029355954615,False,max_epochs,1842.1694507598877
rl4crn_rne_oscillator_trace_8rxn_stop_risksched085to095_lr1e4_entropy01to005_s1_c1_rnetol_d256_depth3_p20,seed063,63,406,40600,100,16,67.26626329004449,126.60364980422091,62.885029355954615,False,max_epochs,1846.9659261703491
rl4crn_rne_oscillator_trace_8rxn_stop_risksched085to095_lr1e4_entropy01to005_s1_c1_rnetol_d256_depth3_p20,seed063,63,407,40700,100,16,68.94368035929531,134.28950933792555,62.885029355954615,False,max_epochs,1851.8568263053894
rl4crn_rne_oscillator_trace_8rxn_stop_risksched085to095_lr1e4_entropy01to005_s1_c1_rnetol_d256_depth3_p20,seed063,63,408,40800,100,16,68.57752708837882,127.4520041418564,62.885029355954615,False,max_epochs,1857.2740750312805
rl4crn_rne_oscillator_trace_8rxn_stop_risksched085to095_lr1e4_entropy01to005_s1_c1_rnetol_d256_depth3_p20,seed063,63,409,40900,100,16,73.14875941930453,125.51402642144079,62.885029355954615,False,max_epochs,1862.2030701637268
rl4crn_rne_oscillator_trace_8rxn_stop_risksched085to095_lr1e4_entropy01to005_s1_c1_rnetol_d256_depth3_p20,seed063,63,410,41000,100,16,70.97239072195748,126.34933707279446,62.885029355954615,False,max_epochs,1867.4148435592651
rl4crn_rne_oscillator_trace_8rxn_stop_risksched085to095_lr1e4_entropy01to005_s1_c1_rnetol_d256_depth3_p20,seed063,63,411,41100,100,16,68.17131969761056,122.36902738313424,62.885029355954615,False,max_epochs,1872.590401649475
rl4crn_rne_oscillator_trace_8rxn_stop_risksched085to095_lr1e4_entropy01to005_s1_c1_rnetol_d256_depth3_p20,seed063,63,412,41200,100,16,67.97827523340261,127.39768777534681,62.885029355954615,False,max_epochs,1877.8974916934967
rl4crn_rne_oscillator_trace_8rxn_stop_risksched085to095_lr1e4_entropy01to005_s1_c1_rnetol_d256_depth3_p20,seed063,63,413,41300,100,16,72.5253016154493,131.78750653455012,62.885029355954615,False,max_epochs,1882.9123253822327
rl4crn_rne_oscillator_trace_8rxn_stop_risksched085to095_lr1e4_entropy01to005_s1_c1_rnetol_d256_depth3_p20,seed063,63,414,41400,100,16,64.34577453727253,119.25581508956233,62.885029355954615,False,max_epochs,1887.8494069576263
rl4crn_rne_oscillator_trace_8rxn_stop_risksched085to095_lr1e4_entropy01to005_s1_c1_rnetol_d256_depth3_p20,seed063,63,415,41500,100,16,68.15844732218349,114.54291067683093,62.885029355954615,False,max_epochs,1893.2298936843872
rl4crn_rne_oscillator_trace_8rxn_stop_risksched085to095_lr1e4_entropy01to005_s1_c1_rnetol_d256_depth3_p20,seed063,63,416,41600,100,16,65.60957461250275,103.90706784317959,62.885029355954615,False,max_epochs,1898.4709498882294
rl4crn_rne_oscillator_trace_8rxn_stop_risksched085to095_lr1e4_entropy01to005_s1_c1_rnetol_d256_depth3_p20,seed063,63,417,41700,100,16,69.10122672912583,107.98932528064157,62.885029355954615,False,max_epochs,1903.3344509601593
rl4crn_rne_oscillator_trace_8rxn_stop_risksched085to095_lr1e4_entropy01to005_s1_c1_rnetol_d256_depth3_p20,seed063,63,418,41800,100,16,69.95822469345464,104.68503159329083,62.885029355954615,False,max_epochs,1907.6100952625275
rl4crn_rne_oscillator_trace_8rxn_stop_risksched085to095_lr1e4_entropy01to005_s1_c1_rnetol_d256_depth3_p20,seed063,63,419,41900,100,16,68.98827043883654,106.96345095169902,62.885029355954615,False,max_epochs,1912.2154805660248
rl4crn_rne_oscillator_trace_8rxn_stop_risksched085to095_lr1e4_entropy01to005_s1_c1_rnetol_d256_depth3_p20,seed063,63,420,42000,100,16,78.86701630014313,127.69744155738533,62.885029355954615,False,max_epochs,1914.4901161193848
rl4crn_rne_oscillator_trace_8rxn_stop_risksched085to095_lr1e4_entropy01to005_s1_c1_rnetol_d256_depth3_p20,seed063,63,421,42100,100,16,66.52011177811981,117.6863846913835,62.885029355954615,False,max_epochs,1918.7687759399414
rl4crn_rne_oscillator_trace_8rxn_stop_risksched085to095_lr1e4_entropy01to005_s1_c1_rnetol_d256_depth3_p20,seed063,63,422,42200,100,16,67.44608867174699,107.33007613263116,62.885029355954615,False,max_epochs,1923.8082196712494
rl4crn_rne_oscillator_trace_8rxn_stop_risksched085to095_lr1e4_entropy01to005_s1_c1_rnetol_d256_depth3_p20,seed063,63,423,42300,100,16,67.19155358134083,111.89203440192097,62.885029355954615,False,max_epochs,1928.8035879135132
rl4crn_rne_oscillator_trace_8rxn_stop_risksched085to095_lr1e4_entropy01to005_s1_c1_rnetol_d256_depth3_p20,seed063,63,424,42400,100,16,67.73678219447667,106.17490776128672,62.885029355954615,False,max_epochs,1934.206923007965
rl4crn_rne_oscillator_trace_8rxn_stop_risksched085to095_lr1e4_entropy01to005_s1_c1_rnetol_d256_depth3_p20,seed063,63,425,42500,100,16,69.2380661388084,98.70585940061352,62.885029355954615,False,max_epochs,1939.140175819397
rl4crn_rne_oscillator_trace_8rxn_stop_risksched085to095_lr1e4_entropy01to005_s1_c1_rnetol_d256_depth3_p20,seed063,63,426,42600,100,16,69.92579156236712,114.09787318385392,62.885029355954615,False,max_epochs,1944.3089773654938
rl4crn_rne_oscillator_trace_8rxn_stop_risksched085to095_lr1e4_entropy01to005_s1_c1_rnetol_d256_depth3_p20,seed063,63,427,42700,100,16,67.75092000177305,94.11054198390944,62.885029355954615,False,max_epochs,1949.4607982635498
rl4crn_rne_oscillator_trace_8rxn_stop_risksched085to095_lr1e4_entropy01to005_s1_c1_rnetol_d256_depth3_p20,seed063,63,428,42800,100,16,64.87563769512325,115.6955587237635,62.885029355954615,False,max_epochs,1954.6081459522247
rl4crn_rne_oscillator_trace_8rxn_stop_risksched085to095_lr1e4_entropy01to005_s1_c1_rnetol_d256_depth3_p20,seed063,63,429,42900,100,16,67.31472057885489,96.77430165532414,62.885029355954615,False,max_epochs,1959.5633714199066
rl4crn_rne_oscillator_trace_8rxn_stop_risksched085to095_lr1e4_entropy01to005_s1_c1_rnetol_d256_depth3_p20,seed063,63,430,43000,100,16,71.15244143335225,120.41323971975672,62.885029355954615,False,max_epochs,1963.8929982185364
rl4crn_rne_oscillator_trace_8rxn_stop_risksched085to095_lr1e4_entropy01to005_s1_c1_rnetol_d256_depth3_p20,seed063,63,431,43100,100,16,65.48028069591412,107.03173869150064,62.885029355954615,False,max_epochs,1968.671882390976
rl4crn_rne_oscillator_trace_8rxn_stop_risksched085to095_lr1e4_entropy01to005_s1_c1_rnetol_d256_depth3_p20,seed063,63,432,43200,100,16,73.63054616238031,119.57832073473531,62.885029355954615,False,max_epochs,1973.1225440502167
rl4crn_rne_oscillator_trace_8rxn_stop_risksched085to095_lr1e4_entropy01to005_s1_c1_rnetol_d256_depth3_p20,seed063,63,433,43300,100,16,71.56854484865009,117.91236272835259,62.885029355954615,False,max_epochs,1975.3552343845367
rl4crn_rne_oscillator_trace_8rxn_stop_risksched085to095_lr1e4_entropy01to005_s1_c1_rnetol_d256_depth3_p20,seed063,63,434,43400,100,16,63.61104554588195,97.42768180812851,62.885029355954615,False,max_epochs,1979.962146282196
rl4crn_rne_oscillator_trace_8rxn_stop_risksched085to095_lr1e4_entropy01to005_s1_c1_rnetol_d256_depth3_p20,seed063,63,435,43500,100,16,66.92347989175526,103.86448995444145,62.885029355954615,False,max_epochs,1985.045630455017
rl4crn_rne_oscillator_trace_8rxn_stop_risksched085to095_lr1e4_entropy01to005_s1_c1_rnetol_d256_depth3_p20,seed063,63,436,43600,100,16,64.90505637580696,97.85156041888308,62.885029355954615,False,max_epochs,1990.3494193553925
rl4crn_rne_oscillator_trace_8rxn_stop_risksched085to095_lr1e4_entropy01to005_s1_c1_rnetol_d256_depth3_p20,seed063,63,437,43700,100,16,65.09538216682678,103.3802151968255,62.885029355954615,False,max_epochs,1995.2991166114807
rl4crn_rne_oscillator_trace_8rxn_stop_risksched085to095_lr1e4_entropy01to005_s1_c1_rnetol_d256_depth3_p20,seed063,63,438,43800,100,16,94.10838437490615,134.66781795393362,62.885029355954615,False,max_epochs,2000.1172814369202
rl4crn_rne_oscillator_trace_8rxn_stop_risksched085to095_lr1e4_entropy01to005_s1_c1_rnetol_d256_depth3_p20,seed063,63,439,43900,100,16,88.7868436719882,134.11264909383118,62.885029355954615,False,max_epochs,2004.8958187103271
rl4crn_rne_oscillator_trace_8rxn_stop_risksched085to095_lr1e4_entropy01to005_s1_c1_rnetol_d256_depth3_p20,seed063,63,440,44000,100,16,67.84731127789668,120.24891061418113,62.885029355954615,False,max_epochs,2010.2249548435211
rl4crn_rne_oscillator_trace_8rxn_stop_risksched085to095_lr1e4_entropy01to005_s1_c1_rnetol_d256_depth3_p20,seed063,63,441,44100,100,16,68.86122381719294,101.75508315121708,62.885029355954615,False,max_epochs,2014.8033275604248
rl4crn_rne_oscillator_trace_8rxn_stop_risksched085to095_lr1e4_entropy01to005_s1_c1_rnetol_d256_depth3_p20,seed063,63,442,44200,100,16,67.00007742022585,93.08366222065256,62.885029355954615,False,max_epochs,2019.347606420517
rl4crn_rne_oscillator_trace_8rxn_stop_risksched085to095_lr1e4_entropy01to005_s1_c1_rnetol_d256_depth3_p20,seed063,63,443,44300,100,16,66.58917784928916,102.49559976557825,62.885029355954615,False,max_epochs,2021.5443484783173
rl4crn_rne_oscillator_trace_8rxn_stop_risksched085to095_lr1e4_entropy01to005_s1_c1_rnetol_d256_depth3_p20,seed063,63,444,44400,100,16,64.14399014643277,109.11929206872847,62.885029355954615,False,max_epochs,2026.0992205142975
rl4crn_rne_oscillator_trace_8rxn_stop_risksched085to095_lr1e4_entropy01to005_s1_c1_rnetol_d256_depth3_p20,seed063,63,445,44500,100,16,77.03826820938563,130.8617835698086,62.885029355954615,False,max_epochs,2030.8136727809906
rl4crn_rne_oscillator_trace_8rxn_stop_risksched085to095_lr1e4_entropy01to005_s1_c1_rnetol_d256_depth3_p20,seed063,63,446,44600,100,16,69.2723175732541,124.48194113104756,62.885029355954615,False,max_epochs,2036.1720523834229
rl4crn_rne_oscillator_trace_8rxn_stop_risksched085to095_lr1e4_entropy01to005_s1_c1_rnetol_d256_depth3_p20,seed063,63,447,44700,100,16,69.07306820053905,102.05340704535311,62.885029355954615,False,max_epochs,2040.7604930400848
rl4crn_rne_oscillator_trace_8rxn_stop_risksched085to095_lr1e4_entropy01to005_s1_c1_rnetol_d256_depth3_p20,seed063,63,448,44800,100,16,64.86420280894644,109.50812241380916,62.885029355954615,False,max_epochs,2046.0249965190887
rl4crn_rne_oscillator_trace_8rxn_stop_risksched085to095_lr1e4_entropy01to005_s1_c1_rnetol_d256_depth3_p20,seed063,63,449,44900,100,16,65.84129766494482,122.69784505588137,62.885029355954615,False,max_epochs,2050.48286151886
rl4crn_rne_oscillator_trace_8rxn_stop_risksched085to095_lr1e4_entropy01to005_s1_c1_rnetol_d256_depth3_p20,seed063,63,450,45000,100,16,65.01578529708362,115.65372107587686,62.885029355954615,False,max_epochs,2054.9995448589325
rl4crn_rne_oscillator_trace_8rxn_stop_risksched085to095_lr1e4_entropy01to005_s1_c1_rnetol_d256_depth3_p20,seed063,63,451,45100,100,16,64.374991952854,109.47644066365231,62.885029355954615,False,max_epochs,2057.2461020946503
rl4crn_rne_oscillator_trace_8rxn_stop_risksched085to095_lr1e4_entropy01to005_s1_c1_rnetol_d256_depth3_p20,seed063,63,452,45200,100,16,63.98049741442732,103.1738355220233,62.885029355954615,False,max_epochs,2062.151321411133
rl4crn_rne_oscillator_trace_8rxn_stop_risksched085to095_lr1e4_entropy01to005_s1_c1_rnetol_d256_depth3_p20,seed063,63,453,45300,100,16,66.1439748404618,115.85386894256325,62.885029355954615,False,max_epochs,2066.956177711487
rl4crn_rne_oscillator_trace_8rxn_stop_risksched085to095_lr1e4_entropy01to005_s1_c1_rnetol_d256_depth3_p20,seed063,63,454,45400,100,16,67.40271294216238,96.58416313804308,62.885029355954615,False,max_epochs,2071.92533659935
rl4crn_rne_oscillator_trace_8rxn_stop_risksched085to095_lr1e4_entropy01to005_s1_c1_rnetol_d256_depth3_p20,seed063,63,455,45500,100,16,66.83559559701592,115.77824088010891,62.885029355954615,False,max_epochs,2077.1060724258423
rl4crn_rne_oscillator_trace_8rxn_stop_risksched085to095_lr1e4_entropy01to005_s1_c1_rnetol_d256_depth3_p20,seed063,63,456,45600,100,16,66.17847798222083,102.73261111573882,62.885029355954615,False,max_epochs,2082.6510648727417
rl4crn_rne_oscillator_trace_8rxn_stop_risksched085to095_lr1e4_entropy01to005_s1_c1_rnetol_d256_depth3_p20,seed063,63,457,45700,100,16,66.80640778851193,92.19061288815391,62.885029355954615,False,max_epochs,2087.381890773773
rl4crn_rne_oscillator_trace_8rxn_stop_risksched085to095_lr1e4_entropy01to005_s1_c1_rnetol_d256_depth3_p20,seed063,63,458,45800,100,16,65.89408193171415,95.30414674654932,62.885029355954615,False,max_epochs,2092.385296344757
rl4crn_rne_oscillator_trace_8rxn_stop_risksched085to095_lr1e4_entropy01to005_s1_c1_rnetol_d256_depth3_p20,seed063,63,459,45900,100,16,79.43402200158435,129.91732694847667,62.885029355954615,False,max_epochs,2097.1034557819366
rl4crn_rne_oscillator_trace_8rxn_stop_risksched085to095_lr1e4_entropy01to005_s1_c1_rnetol_d256_depth3_p20,seed063,63,460,46000,100,16,72.11851014826142,131.33832090274217,62.885029355954615,False,max_epochs,2101.9151277542114
rl4crn_rne_oscillator_trace_8rxn_stop_risksched085to095_lr1e4_entropy01to005_s1_c1_rnetol_d256_depth3_p20,seed063,63,461,46100,100,16,65.30845666692184,107.68380388231296,62.885029355954615,False,max_epochs,2106.534005880356
rl4crn_rne_oscillator_trace_8rxn_stop_risksched085to095_lr1e4_entropy01to005_s1_c1_rnetol_d256_depth3_p20,seed063,63,462,46200,100,16,65.93261150967733,99.20821586700039,62.885029355954615,False,max_epochs,2108.609977722168
rl4crn_rne_oscillator_trace_8rxn_stop_risksched085to095_lr1e4_entropy01to005_s1_c1_rnetol_d256_depth3_p20,seed063,63,463,46300,100,16,66.20364034078345,102.09948868488846,62.885029355954615,False,max_epochs,2113.0463070869446
rl4crn_rne_oscillator_trace_8rxn_stop_risksched085to095_lr1e4_entropy01to005_s1_c1_rnetol_d256_depth3_p20,seed063,63,464,46400,100,16,65.66674489236574,94.21470988633166,62.885029355954615,False,max_epochs,2118.2198779582977
rl4crn_rne_oscillator_trace_8rxn_stop_risksched085to095_lr1e4_entropy01to005_s1_c1_rnetol_d256_depth3_p20,seed063,63,465,46500,100,16,64.97432289623758,87.88619993494744,62.885029355954615,False,max_epochs,2122.843898534775
rl4crn_rne_oscillator_trace_8rxn_stop_risksched085to095_lr1e4_entropy01to005_s1_c1_rnetol_d256_depth3_p20,seed063,63,466,46600,100,16,71.09535163090104,113.4880636726771,62.885029355954615,False,max_epochs,2127.35674905777
rl4crn_rne_oscillator_trace_8rxn_stop_risksched085to095_lr1e4_entropy01to005_s1_c1_rnetol_d256_depth3_p20,seed063,63,467,46700,100,16,69.71842131842112,118.2338073200448,62.885029355954615,False,max_epochs,2132.0210337638855
rl4crn_rne_oscillator_trace_8rxn_stop_risksched085to095_lr1e4_entropy01to005_s1_c1_rnetol_d256_depth3_p20,seed063,63,468,46800,100,16,66.01932146054959,104.75376091600486,62.885029355954615,False,max_epochs,2134.2861630916595
rl4crn_rne_oscillator_trace_8rxn_stop_risksched085to095_lr1e4_entropy01to005_s1_c1_rnetol_d256_depth3_p20,seed063,63,469,46900,100,16,65.00463929427157,96.15594924840018,62.885029355954615,False,max_epochs,2138.5856263637543
rl4crn_rne_oscillator_trace_8rxn_stop_risksched085to095_lr1e4_entropy01to005_s1_c1_rnetol_d256_depth3_p20,seed063,63,470,47000,100,16,67.27070675446969,88.86732321450226,62.885029355954615,False,max_epochs,2143.322201013565
rl4crn_rne_oscillator_trace_8rxn_stop_risksched085to095_lr1e4_entropy01to005_s1_c1_rnetol_d256_depth3_p20,seed063,63,471,47100,100,16,66.97474358155077,91.26498839222873,62.885029355954615,False,max_epochs,2148.212921857834
rl4crn_rne_oscillator_trace_8rxn_stop_risksched085to095_lr1e4_entropy01to005_s1_c1_rnetol_d256_depth3_p20,seed063,63,472,47200,100,16,84.08476130304854,130.82449532508434,62.885029355954615,False,max_epochs,2153.4814925193787
rl4crn_rne_oscillator_trace_8rxn_stop_risksched085to095_lr1e4_entropy01to005_s1_c1_rnetol_d256_depth3_p20,seed063,63,473,47300,100,16,83.62204034901713,137.1653521812564,62.885029355954615,False,max_epochs,2158.4283878803253
rl4crn_rne_oscillator_trace_8rxn_stop_risksched085to095_lr1e4_entropy01to005_s1_c1_rnetol_d256_depth3_p20,seed063,63,474,47400,100,16,66.59461635787616,121.89521536456185,62.885029355954615,False,max_epochs,2163.0445370674133
rl4crn_rne_oscillator_trace_8rxn_stop_risksched085to095_lr1e4_entropy01to005_s1_c1_rnetol_d256_depth3_p20,seed063,63,475,47500,100,16,74.87851377134112,123.79570242339733,62.885029355954615,False,max_epochs,2167.770489215851
rl4crn_rne_oscillator_trace_8rxn_stop_risksched085to095_lr1e4_entropy01to005_s1_c1_rnetol_d256_depth3_p20,seed063,63,476,47600,100,16,82.60131967055479,140.47871185483442,62.885029355954615,False,max_epochs,2171.8769931793213
rl4crn_rne_oscillator_trace_8rxn_stop_risksched085to095_lr1e4_entropy01to005_s1_c1_rnetol_d256_depth3_p20,seed063,63,477,47700,100,16,73.03878680965725,129.80642340384796,62.885029355954615,False,max_epochs,2174.407680749893
rl4crn_rne_oscillator_trace_8rxn_stop_risksched085to095_lr1e4_entropy01to005_s1_c1_rnetol_d256_depth3_p20,seed063,63,478,47800,100,16,70.16779202693253,116.06083284936207,62.885029355954615,False,max_epochs,2179.292960882187
rl4crn_rne_oscillator_trace_8rxn_stop_risksched085to095_lr1e4_entropy01to005_s1_c1_rnetol_d256_depth3_p20,seed063,63,479,47900,100,16,69.78817735379165,126.56519832260932,62.885029355954615,False,max_epochs,2184.07848572731
rl4crn_rne_oscillator_trace_8rxn_stop_risksched085to095_lr1e4_entropy01to005_s1_c1_rnetol_d256_depth3_p20,seed063,63,480,48000,100,16,65.86752491292737,112.92796169489725,62.885029355954615,False,max_epochs,2189.5442943573
rl4crn_rne_oscillator_trace_8rxn_stop_risksched085to095_lr1e4_entropy01to005_s1_c1_rnetol_d256_depth3_p20,seed063,63,481,48100,100,16,65.19789608133678,103.62301492747662,62.885029355954615,False,max_epochs,2194.294213294983
rl4crn_rne_oscillator_trace_8rxn_stop_risksched085to095_lr1e4_entropy01to005_s1_c1_rnetol_d256_depth3_p20,seed063,63,482,48200,100,16,68.29744327646615,97.00746934609455,62.885029355954615,False,max_epochs,2199.3799946308136
rl4crn_rne_oscillator_trace_8rxn_stop_risksched085to095_lr1e4_entropy01to005_s1_c1_rnetol_d256_depth3_p20,seed063,63,483,48300,100,16,71.02954073734047,130.42641590940184,62.885029355954615,False,max_epochs,2204.3428156375885
rl4crn_rne_oscillator_trace_8rxn_stop_risksched085to095_lr1e4_entropy01to005_s1_c1_rnetol_d256_depth3_p20,seed063,63,484,48400,100,16,65.7544742216427,137.8906227969229,62.885029355954615,False,max_epochs,2209.6490392684937
rl4crn_rne_oscillator_trace_8rxn_stop_risksched085to095_lr1e4_entropy01to005_s1_c1_rnetol_d256_depth3_p20,seed063,63,485,48500,100,16,65.78594349927452,111.47079101843364,62.885029355954615,False,max_epochs,2214.5456404685974
rl4crn_rne_oscillator_trace_8rxn_stop_risksched085to095_lr1e4_entropy01to005_s1_c1_rnetol_d256_depth3_p20,seed063,63,486,48600,100,16,65.65678215206383,110.90957886523836,62.885029355954615,False,max_epochs,2219.5108649730682
rl4crn_rne_oscillator_trace_8rxn_stop_risksched085to095_lr1e4_entropy01to005_s1_c1_rnetol_d256_depth3_p20,seed063,63,487,48700,100,16,68.23773094305581,108.45012351075934,62.885029355954615,False,max_epochs,2224.1563155651093
rl4crn_rne_oscillator_trace_8rxn_stop_risksched085to095_lr1e4_entropy01to005_s1_c1_rnetol_d256_depth3_p20,seed063,63,488,48800,100,16,65.79089353891895,115.78549086550831,62.885029355954615,False,max_epochs,2228.8095409870148
rl4crn_rne_oscillator_trace_8rxn_stop_risksched085to095_lr1e4_entropy01to005_s1_c1_rnetol_d256_depth3_p20,seed063,63,489,48900,100,16,70.16626819508213,108.74620381985,62.885029355954615,False,max_epochs,2230.7915415763855
rl4crn_rne_oscillator_trace_8rxn_stop_risksched085to095_lr1e4_entropy01to005_s1_c1_rnetol_d256_depth3_p20,seed063,63,490,49000,100,16,65.85774546774499,122.53019469102003,62.885029355954615,False,max_epochs,2235.2624192237854
rl4crn_rne_oscillator_trace_8rxn_stop_risksched085to095_lr1e4_entropy01to005_s1_c1_rnetol_d256_depth3_p20,seed063,63,491,49100,100,16,67.71789699242208,106.52258908346454,62.885029355954615,False,max_epochs,2240.1611795425415
rl4crn_rne_oscillator_trace_8rxn_stop_risksched085to095_lr1e4_entropy01to005_s1_c1_rnetol_d256_depth3_p20,seed063,63,492,49200,100,16,64.75675788946936,89.80172290780584,62.885029355954615,False,max_epochs,2245.510496854782
rl4crn_rne_oscillator_trace_8rxn_stop_risksched085to095_lr1e4_entropy01to005_s1_c1_rnetol_d256_depth3_p20,seed063,63,493,49300,100,16,114.53851845412031,141.89574192828053,62.885029355954615,False,max_epochs,2250.322366476059
rl4crn_rne_oscillator_trace_8rxn_stop_risksched085to095_lr1e4_entropy01to005_s1_c1_rnetol_d256_depth3_p20,seed063,63,494,49400,100,16,114.55271003244495,138.24987913012188,62.885029355954615,False,max_epochs,2255.4910917282104
rl4crn_rne_oscillator_trace_8rxn_stop_risksched085to095_lr1e4_entropy01to005_s1_c1_rnetol_d256_depth3_p20,seed063,63,495,49500,100,16,124.19027284524803,139.51611212379487,62.885029355954615,False,max_epochs,2260.372817516327
rl4crn_rne_oscillator_trace_8rxn_stop_risksched085to095_lr1e4_entropy01to005_s1_c1_rnetol_d256_depth3_p20,seed063,63,496,49600,100,16,111.51094650660797,136.39873729745574,62.885029355954615,False,max_epochs,2265.7546536922455
rl4crn_rne_oscillator_trace_8rxn_stop_risksched085to095_lr1e4_entropy01to005_s1_c1_rnetol_d256_depth3_p20,seed063,63,497,49700,100,16,112.71635662215189,135.31355725422134,62.885029355954615,False,max_epochs,2270.4214930534363
rl4crn_rne_oscillator_trace_8rxn_stop_risksched085to095_lr1e4_entropy01to005_s1_c1_rnetol_d256_depth3_p20,seed063,63,498,49800,100,16,111.31374105472163,131.63627918449077,62.885029355954615,False,max_epochs,2275.2961411476135
rl4crn_rne_oscillator_trace_8rxn_stop_risksched085to095_lr1e4_entropy01to005_s1_c1_rnetol_d256_depth3_p20,seed063,63,499,49900,100,16,116.08532442495826,131.03438987088208,62.885029355954615,False,max_epochs,2280.1945385932922
rl4crn_rne_oscillator_trace_8rxn_stop_risksched085to095_lr1e4_entropy01to005_s1_c1_rnetol_d256_depth3_p20,seed063,63,500,50000,100,16,113.26047524028178,132.41478251889058,62.885029355954615,False,max_epochs,2285.6198835372925
rl4crn_rne_oscillator_trace_8rxn_stop_risksched085to095_lr1e4_entropy01to005_s1_c1_rnetol_d256_depth3_p20,seed063,63,501,50100,100,16,111.89560391067256,137.40414334585756,62.885029355954615,False,max_epochs,2290.234622001648
rl4crn_rne_oscillator_trace_8rxn_stop_risksched085to095_lr1e4_entropy01to005_s1_c1_rnetol_d256_depth3_p20,seed063,63,502,50200,100,16,111.11544760030344,143.27881454291202,62.885029355954615,False,max_epochs,2294.8162801265717
rl4crn_rne_oscillator_trace_8rxn_stop_risksched085to095_lr1e4_entropy01to005_s1_c1_rnetol_d256_depth3_p20,seed063,63,503,50300,100,16,64.03746533365411,139.57872627277007,62.885029355954615,False,max_epochs,2298.836245775223
rl4crn_rne_oscillator_trace_8rxn_stop_risksched085to095_lr1e4_entropy01to005_s1_c1_rnetol_d256_depth3_p20,seed063,63,504,50400,100,16,69.59027691289093,141.61470231596843,62.885029355954615,False,max_epochs,2301.654547929764
rl4crn_rne_oscillator_trace_8rxn_stop_risksched085to095_lr1e4_entropy01to005_s1_c1_rnetol_d256_depth3_p20,seed063,63,505,50500,100,16,74.09182808979321,134.2900632526001,62.885029355954615,False,max_epochs,2306.466833591461
rl4crn_rne_oscillator_trace_8rxn_stop_risksched085to095_lr1e4_entropy01to005_s1_c1_rnetol_d256_depth3_p20,seed063,63,506,50600,100,16,70.8916600192706,133.43348303435056,62.885029355954615,False,max_epochs,2311.4644656181335
rl4crn_rne_oscillator_trace_8rxn_stop_risksched085to095_lr1e4_entropy01to005_s1_c1_rnetol_d256_depth3_p20,seed063,63,507,50700,100,16,65.03454749128186,135.6283183660424,62.885029355954615,False,max_epochs,2316.346624851227
rl4crn_rne_oscillator_trace_8rxn_stop_risksched085to095_lr1e4_entropy01to005_s1_c1_rnetol_d256_depth3_p20,seed063,63,508,50800,100,16,82.42458959215273,129.18839491973068,62.885029355954615,False,max_epochs,2321.3205280303955
rl4crn_rne_oscillator_trace_8rxn_stop_risksched085to095_lr1e4_entropy01to005_s1_c1_rnetol_d256_depth3_p20,seed063,63,509,50900,100,16,80.1014615612397,135.57039564931497,62.885029355954615,False,max_epochs,2326.104568004608
rl4crn_rne_oscillator_trace_8rxn_stop_risksched085to095_lr1e4_entropy01to005_s1_c1_rnetol_d256_depth3_p20,seed063,63,510,51000,100,16,68.96706325178337,132.86936123786558,62.885029355954615,False,max_epochs,2330.5964317321777
rl4crn_rne_oscillator_trace_8rxn_stop_risksched085to095_lr1e4_entropy01to005_s1_c1_rnetol_d256_depth3_p20,seed063,63,511,51100,100,16,77.72088425963844,134.66929524338343,62.885029355954615,False,max_epochs,2335.342200279236
rl4crn_rne_oscillator_trace_8rxn_stop_risksched085to095_lr1e4_entropy01to005_s1_c1_rnetol_d256_depth3_p20,seed063,63,512,51200,100,16,61.774670667320706,128.77936658903775,61.774670667320706,False,max_epochs,2340.1561901569366
rl4crn_rne_oscillator_trace_8rxn_stop_risksched085to095_lr1e4_entropy01to005_s1_c1_rnetol_d256_depth3_p20,seed063,63,513,51300,100,16,68.87170111165028,130.3027210891837,61.774670667320706,False,max_epochs,2344.4746584892273
rl4crn_rne_oscillator_trace_8rxn_stop_risksched085to095_lr1e4_entropy01to005_s1_c1_rnetol_d256_depth3_p20,seed063,63,514,51400,100,16,70.6004503376683,136.2018977265672,61.774670667320706,False,max_epochs,2346.5669424533844
rl4crn_rne_oscillator_trace_8rxn_stop_risksched085to095_lr1e4_entropy01to005_s1_c1_rnetol_d256_depth3_p20,seed063,63,515,51500,100,16,64.52502868386647,133.66256848691663,61.774670667320706,False,max_epochs,2350.8953716754913
rl4crn_rne_oscillator_trace_8rxn_stop_risksched085to095_lr1e4_entropy01to005_s1_c1_rnetol_d256_depth3_p20,seed063,63,516,51600,100,16,69.84089795117212,129.73250378453878,61.774670667320706,False,max_epochs,2356.099344730377
rl4crn_rne_oscillator_trace_8rxn_stop_risksched085to095_lr1e4_entropy01to005_s1_c1_rnetol_d256_depth3_p20,seed063,63,517,51700,100,16,63.12347019577767,133.25419656468108,61.774670667320706,False,max_epochs,2360.8534190654755
rl4crn_rne_oscillator_trace_8rxn_stop_risksched085to095_lr1e4_entropy01to005_s1_c1_rnetol_d256_depth3_p20,seed063,63,518,51800,100,16,71.77005112137361,136.25143936975184,61.774670667320706,False,max_epochs,2365.9489743709564
rl4crn_rne_oscillator_trace_8rxn_stop_risksched085to095_lr1e4_entropy01to005_s1_c1_rnetol_d256_depth3_p20,seed063,63,519,51900,100,16,65.43123816567449,133.24847929454052,61.774670667320706,False,max_epochs,2371.055373430252
rl4crn_rne_oscillator_trace_8rxn_stop_risksched085to095_lr1e4_entropy01to005_s1_c1_rnetol_d256_depth3_p20,seed063,63,520,52000,100,16,67.56452691973685,118.34714826758133,61.774670667320706,False,max_epochs,2376.023782014847
rl4crn_rne_oscillator_trace_8rxn_stop_risksched085to095_lr1e4_entropy01to005_s1_c1_rnetol_d256_depth3_p20,seed063,63,521,52100,100,16,65.33281868321515,122.87583713385463,61.774670667320706,False,max_epochs,2380.7806372642517
rl4crn_rne_oscillator_trace_8rxn_stop_risksched085to095_lr1e4_entropy01to005_s1_c1_rnetol_d256_depth3_p20,seed063,63,522,52200,100,16,67.69461817051946,123.4264047405857,61.774670667320706,False,max_epochs,2385.5060229301453
rl4crn_rne_oscillator_trace_8rxn_stop_risksched085to095_lr1e4_entropy01to005_s1_c1_rnetol_d256_depth3_p20,seed063,63,523,52300,100,16,65.2953447683804,126.07808001431852,61.774670667320706,False,max_epochs,2390.542740345001
rl4crn_rne_oscillator_trace_8rxn_stop_risksched085to095_lr1e4_entropy01to005_s1_c1_rnetol_d256_depth3_p20,seed063,63,524,52400,100,16,66.82821022510251,125.5805684936771,61.774670667320706,False,max_epochs,2395.484288930893
rl4crn_rne_oscillator_trace_8rxn_stop_risksched085to095_lr1e4_entropy01to005_s1_c1_rnetol_d256_depth3_p20,seed063,63,525,52500,100,16,63.68125567942706,111.88019709519492,61.774670667320706,False,max_epochs,2400.0326068401337
rl4crn_rne_oscillator_trace_8rxn_stop_risksched085to095_lr1e4_entropy01to005_s1_c1_rnetol_d256_depth3_p20,seed063,63,526,52600,100,16,64.36107074703688,131.15165807862323,61.774670667320706,False,max_epochs,2404.428356409073
rl4crn_rne_oscillator_trace_8rxn_stop_risksched085to095_lr1e4_entropy01to005_s1_c1_rnetol_d256_depth3_p20,seed063,63,527,52700,100,16,63.878712309269716,133.74520862265052,61.774670667320706,False,max_epochs,2408.7499706745148
rl4crn_rne_oscillator_trace_8rxn_stop_risksched085to095_lr1e4_entropy01to005_s1_c1_rnetol_d256_depth3_p20,seed063,63,528,52800,100,16,65.49500101750738,118.84715218034299,61.774670667320706,False,max_epochs,2411.0886223316193
rl4crn_rne_oscillator_trace_8rxn_stop_risksched085to095_lr1e4_entropy01to005_s1_c1_rnetol_d256_depth3_p20,seed063,63,529,52900,100,16,65.85705349225975,116.2311741525703,61.774670667320706,False,max_epochs,2415.5445952415466
rl4crn_rne_oscillator_trace_8rxn_stop_risksched085to095_lr1e4_entropy01to005_s1_c1_rnetol_d256_depth3_p20,seed063,63,530,53000,100,16,64.23448612048263,120.00688828771273,61.774670667320706,False,max_epochs,2420.5368847846985
rl4crn_rne_oscillator_trace_8rxn_stop_risksched085to095_lr1e4_entropy01to005_s1_c1_rnetol_d256_depth3_p20,seed063,63,531,53100,100,16,65.83001176332246,133.39325069671253,61.774670667320706,False,max_epochs,2425.4531683921814
rl4crn_rne_oscillator_trace_8rxn_stop_risksched085to095_lr1e4_entropy01to005_s1_c1_rnetol_d256_depth3_p20,seed063,63,532,53200,100,16,73.52585577468872,138.22708142622292,61.774670667320706,False,max_epochs,2430.7386169433594
rl4crn_rne_oscillator_trace_8rxn_stop_risksched085to095_lr1e4_entropy01to005_s1_c1_rnetol_d256_depth3_p20,seed063,63,533,53300,100,16,66.27580348182425,131.82015066748073,61.774670667320706,False,max_epochs,2435.3542506694794
rl4crn_rne_oscillator_trace_8rxn_stop_risksched085to095_lr1e4_entropy01to005_s1_c1_rnetol_d256_depth3_p20,seed063,63,534,53400,100,16,67.05686708283704,115.91314277938689,61.774670667320706,False,max_epochs,2439.767826795578
rl4crn_rne_oscillator_trace_8rxn_stop_risksched085to095_lr1e4_entropy01to005_s1_c1_rnetol_d256_depth3_p20,seed063,63,535,53500,100,16,63.78200521881822,123.48580508112138,61.774670667320706,False,max_epochs,2444.4329323768616
rl4crn_rne_oscillator_trace_8rxn_stop_risksched085to095_lr1e4_entropy01to005_s1_c1_rnetol_d256_depth3_p20,seed063,63,536,53600,100,16,61.37365904212936,123.2816598222866,61.37365904212936,False,max_epochs,2446.7195451259613
rl4crn_rne_oscillator_trace_8rxn_stop_risksched085to095_lr1e4_entropy01to005_s1_c1_rnetol_d256_depth3_p20,seed063,63,537,53700,100,16,66.88989585891423,127.29794958066506,61.37365904212936,False,max_epochs,2451.0075631141663
rl4crn_rne_oscillator_trace_8rxn_stop_risksched085to095_lr1e4_entropy01to005_s1_c1_rnetol_d256_depth3_p20,seed063,63,538,53800,100,16,61.967864665174005,123.85180694890252,61.37365904212936,False,max_epochs,2455.680785179138
rl4crn_rne_oscillator_trace_8rxn_stop_risksched085to095_lr1e4_entropy01to005_s1_c1_rnetol_d256_depth3_p20,seed063,63,539,53900,100,16,63.08048625097677,120.36152673527448,61.37365904212936,False,max_epochs,2460.2887811660767
rl4crn_rne_oscillator_trace_8rxn_stop_risksched085to095_lr1e4_entropy01to005_s1_c1_rnetol_d256_depth3_p20,seed063,63,540,54000,100,16,66.59992234668456,122.31401518285566,61.37365904212936,False,max_epochs,2464.957317352295
rl4crn_rne_oscillator_trace_8rxn_stop_risksched085to095_lr1e4_entropy01to005_s1_c1_rnetol_d256_depth3_p20,seed063,63,541,54100,100,16,80.97013994529166,129.12202453265002,61.37365904212936,False,max_epochs,2467.6774768829346
rl4crn_rne_oscillator_trace_8rxn_stop_risksched085to095_lr1e4_entropy01to005_s1_c1_rnetol_d256_depth3_p20,seed063,63,542,54200,100,16,70.24578703681591,110.22340820610643,61.37365904212936,False,max_epochs,2471.397924423218
rl4crn_rne_oscillator_trace_8rxn_stop_risksched085to095_lr1e4_entropy01to005_s1_c1_rnetol_d256_depth3_p20,seed063,63,543,54300,100,16,67.31678940446129,131.95827172103333,61.37365904212936,False,max_epochs,2476.2834782600403
rl4crn_rne_oscillator_trace_8rxn_stop_risksched085to095_lr1e4_entropy01to005_s1_c1_rnetol_d256_depth3_p20,seed063,63,544,54400,100,16,67.47808627453423,139.7976297109201,61.37365904212936,False,max_epochs,2481.586334705353
rl4crn_rne_oscillator_trace_8rxn_stop_risksched085to095_lr1e4_entropy01to005_s1_c1_rnetol_d256_depth3_p20,seed063,63,545,54500,100,16,75.9362251079015,142.91422637865867,61.37365904212936,False,max_epochs,2486.3703751564026
rl4crn_rne_oscillator_trace_8rxn_stop_risksched085to095_lr1e4_entropy01to005_s1_c1_rnetol_d256_depth3_p20,seed063,63,546,54600,100,16,66.46322405008064,127.60813695297969,61.37365904212936,False,max_epochs,2491.2191004753113
rl4crn_rne_oscillator_trace_8rxn_stop_risksched085to095_lr1e4_entropy01to005_s1_c1_rnetol_d256_depth3_p20,seed063,63,547,54700,100,16,64.4237140643393,119.1398401636161,61.37365904212936,False,max_epochs,2496.224492788315
rl4crn_rne_oscillator_trace_8rxn_stop_risksched085to095_lr1e4_entropy01to005_s1_c1_rnetol_d256_depth3_p20,seed063,63,548,54800,100,16,64.9459258071877,145.3302977160415,61.37365904212936,False,max_epochs,2501.375953912735
rl4crn_rne_oscillator_trace_8rxn_stop_risksched085to095_lr1e4_entropy01to005_s1_c1_rnetol_d256_depth3_p20,seed063,63,549,54900,100,16,66.34841381465517,144.87309673858914,61.37365904212936,False,max_epochs,2505.8921089172363
rl4crn_rne_oscillator_trace_8rxn_stop_risksched085to095_lr1e4_entropy01to005_s1_c1_rnetol_d256_depth3_p20,seed063,63,550,55000,100,16,68.11130748237595,105.0028768802989,61.37365904212936,False,max_epochs,2510.369290828705
rl4crn_rne_oscillator_trace_8rxn_stop_risksched085to095_lr1e4_entropy01to005_s1_c1_rnetol_d256_depth3_p20,seed063,63,551,55100,100,16,67.02957518317855,122.13806609419716,61.37365904212936,False,max_epochs,2512.7013907432556
rl4crn_rne_oscillator_trace_8rxn_stop_risksched085to095_lr1e4_entropy01to005_s1_c1_rnetol_d256_depth3_p20,seed063,63,552,55200,100,16,64.6909307102723,134.86613238449706,61.37365904212936,False,max_epochs,2517.332090616226
rl4crn_rne_oscillator_trace_8rxn_stop_risksched085to095_lr1e4_entropy01to005_s1_c1_rnetol_d256_depth3_p20,seed063,63,553,55300,100,16,63.57274129381729,117.39821698488812,61.37365904212936,False,max_epochs,2521.9960861206055
rl4crn_rne_oscillator_trace_8rxn_stop_risksched085to095_lr1e4_entropy01to005_s1_c1_rnetol_d256_depth3_p20,seed063,63,554,55400,100,16,64.50975097862961,122.12858600479404,61.37365904212936,False,max_epochs,2526.9909312725067
rl4crn_rne_oscillator_trace_8rxn_stop_risksched085to095_lr1e4_entropy01to005_s1_c1_rnetol_d256_depth3_p20,seed063,63,555,55500,100,16,63.22974927840932,132.588922677899,61.37365904212936,False,max_epochs,2531.6801545619965
rl4crn_rne_oscillator_trace_8rxn_stop_risksched085to095_lr1e4_entropy01to005_s1_c1_rnetol_d256_depth3_p20,seed063,63,556,55600,100,16,64.16409375499022,106.7932187252338,61.37365904212936,False,max_epochs,2537.2467317581177
rl4crn_rne_oscillator_trace_8rxn_stop_risksched085to095_lr1e4_entropy01to005_s1_c1_rnetol_d256_depth3_p20,seed063,63,557,55700,100,16,64.58400396003533,109.02243531574415,61.37365904212936,False,max_epochs,2542.0782420635223
rl4crn_rne_oscillator_trace_8rxn_stop_risksched085to095_lr1e4_entropy01to005_s1_c1_rnetol_d256_depth3_p20,seed063,63,558,55800,100,16,65.2731546367301,102.88544561621195,61.37365904212936,False,max_epochs,2546.4218170642853
rl4crn_rne_oscillator_trace_8rxn_stop_risksched085to095_lr1e4_entropy01to005_s1_c1_rnetol_d256_depth3_p20,seed063,63,559,55900,100,16,69.21805646266492,107.48014354424993,61.37365904212936,False,max_epochs,2551.1598732471466
rl4crn_rne_oscillator_trace_8rxn_stop_risksched085to095_lr1e4_entropy01to005_s1_c1_rnetol_d256_depth3_p20,seed063,63,560,56000,100,16,61.45148299316545,102.55933281376949,61.37365904212936,False,max_epochs,2554.280616760254
rl4crn_rne_oscillator_trace_8rxn_stop_risksched085to095_lr1e4_entropy01to005_s1_c1_rnetol_d256_depth3_p20,seed063,63,561,56100,100,16,67.2119836750443,115.49465023424099,61.37365904212936,False,max_epochs,2557.649097919464
rl4crn_rne_oscillator_trace_8rxn_stop_risksched085to095_lr1e4_entropy01to005_s1_c1_rnetol_d256_depth3_p20,seed063,63,562,56200,100,16,63.86584641922913,111.74697957490213,61.37365904212936,False,max_epochs,2562.5079157352448
rl4crn_rne_oscillator_trace_8rxn_stop_risksched085to095_lr1e4_entropy01to005_s1_c1_rnetol_d256_depth3_p20,seed063,63,563,56300,100,16,65.00194629390532,108.99574024272053,61.37365904212936,False,max_epochs,2567.7129600048065
rl4crn_rne_oscillator_trace_8rxn_stop_risksched085to095_lr1e4_entropy01to005_s1_c1_rnetol_d256_depth3_p20,seed063,63,564,56400,100,16,64.33028369881134,120.40635320613949,61.37365904212936,False,max_epochs,2572.976423025131
rl4crn_rne_oscillator_trace_8rxn_stop_risksched085to095_lr1e4_entropy01to005_s1_c1_rnetol_d256_depth3_p20,seed063,63,565,56500,100,16,62.277943383973636,135.1647754427732,61.37365904212936,False,max_epochs,2578.154907464981
rl4crn_rne_oscillator_trace_8rxn_stop_risksched085to095_lr1e4_entropy01to005_s1_c1_rnetol_d256_depth3_p20,seed063,63,566,56600,100,16,62.29539112927884,99.3825500806326,61.37365904212936,False,max_epochs,2582.9766228199005
rl4crn_rne_oscillator_trace_8rxn_stop_risksched085to095_lr1e4_entropy01to005_s1_c1_rnetol_d256_depth3_p20,seed063,63,567,56700,100,16,61.014676005285565,103.25621942082952,61.014676005285565,False,max_epochs,2588.0277955532074
rl4crn_rne_oscillator_trace_8rxn_stop_risksched085to095_lr1e4_entropy01to005_s1_c1_rnetol_d256_depth3_p20,seed063,63,568,56800,100,16,64.69201710093294,117.0530782343354,61.014676005285565,False,max_epochs,2593.4844217300415
rl4crn_rne_oscillator_trace_8rxn_stop_risksched085to095_lr1e4_entropy01to005_s1_c1_rnetol_d256_depth3_p20,seed063,63,569,56900,100,16,65.19461123143698,133.81324695338412,61.014676005285565,False,max_epochs,2598.301722049713
rl4crn_rne_oscillator_trace_8rxn_stop_risksched085to095_lr1e4_entropy01to005_s1_c1_rnetol_d256_depth3_p20,seed063,63,570,57000,100,16,85.2309257666437,154.37136887989953,61.014676005285565,False,max_epochs,2603.4602184295654
rl4crn_rne_oscillator_trace_8rxn_stop_risksched085to095_lr1e4_entropy01to005_s1_c1_rnetol_d256_depth3_p20,seed063,63,571,57100,100,16,70.65176371616187,152.27569565228424,61.014676005285565,False,max_epochs,2608.0909945964813
rl4crn_rne_oscillator_trace_8rxn_stop_risksched085to095_lr1e4_entropy01to005_s1_c1_rnetol_d256_depth3_p20,seed063,63,572,57200,100,16,62.400319919647345,116.98842017615175,61.014676005285565,False,max_epochs,2613.438801050186
rl4crn_rne_oscillator_trace_8rxn_stop_risksched085to095_lr1e4_entropy01to005_s1_c1_rnetol_d256_depth3_p20,seed063,63,573,57300,100,16,63.269505453094176,134.26010739260505,61.014676005285565,False,max_epochs,2618.645079135895
rl4crn_rne_oscillator_trace_8rxn_stop_risksched085to095_lr1e4_entropy01to005_s1_c1_rnetol_d256_depth3_p20,seed063,63,574,57400,100,16,63.87045359681597,142.33253861491653,61.014676005285565,False,max_epochs,2623.74401307106
rl4crn_rne_oscillator_trace_8rxn_stop_risksched085to095_lr1e4_entropy01to005_s1_c1_rnetol_d256_depth3_p20,seed063,63,575,57500,100,16,68.38000401140116,140.46838126894602,61.014676005285565,False,max_epochs,2628.70672249794
rl4crn_rne_oscillator_trace_8rxn_stop_risksched085to095_lr1e4_entropy01to005_s1_c1_rnetol_d256_depth3_p20,seed063,63,576,57600,100,16,63.42334961834699,106.26364989776968,61.014676005285565,False,max_epochs,2634.360962867737
rl4crn_rne_oscillator_trace_8rxn_stop_risksched085to095_lr1e4_entropy01to005_s1_c1_rnetol_d256_depth3_p20,seed063,63,577,57700,100,16,61.9641295087877,94.73645083443361,61.014676005285565,False,max_epochs,2639.361807346344
rl4crn_rne_oscillator_trace_8rxn_stop_risksched085to095_lr1e4_entropy01to005_s1_c1_rnetol_d256_depth3_p20,seed063,63,578,57800,100,16,61.806531504171005,101.8178756677135,61.014676005285565,False,max_epochs,2644.382826089859
rl4crn_rne_oscillator_trace_8rxn_stop_risksched085to095_lr1e4_entropy01to005_s1_c1_rnetol_d256_depth3_p20,seed063,63,579,57900,100,16,70.28064367172617,135.09114472001906,61.014676005285565,False,max_epochs,2649.445026397705
rl4crn_rne_oscillator_trace_8rxn_stop_risksched085to095_lr1e4_entropy01to005_s1_c1_rnetol_d256_depth3_p20,seed063,63,580,58000,100,16,70.54567304675244,136.5344318159402,61.014676005285565,False,max_epochs,2654.806797027588
rl4crn_rne_oscillator_trace_8rxn_stop_risksched085to095_lr1e4_entropy01to005_s1_c1_rnetol_d256_depth3_p20,seed063,63,581,58100,100,16,63.703886955389464,116.7081873216271,61.014676005285565,False,max_epochs,2659.5549008846283
rl4crn_rne_oscillator_trace_8rxn_stop_risksched085to095_lr1e4_entropy01to005_s1_c1_rnetol_d256_depth3_p20,seed063,63,582,58200,100,16,66.17499854868542,140.03790887833907,61.014676005285565,False,max_epochs,2664.696367740631
rl4crn_rne_oscillator_trace_8rxn_stop_risksched085to095_lr1e4_entropy01to005_s1_c1_rnetol_d256_depth3_p20,seed063,63,583,58300,100,16,67.07073620467992,135.70135280331868,61.014676005285565,False,max_epochs,2669.4524686336517
rl4crn_rne_oscillator_trace_8rxn_stop_risksched085to095_lr1e4_entropy01to005_s1_c1_rnetol_d256_depth3_p20,seed063,63,584,58400,100,16,61.36883027689338,117.92710181559376,61.014676005285565,False,max_epochs,2674.289525270462
rl4crn_rne_oscillator_trace_8rxn_stop_risksched085to095_lr1e4_entropy01to005_s1_c1_rnetol_d256_depth3_p20,seed063,63,585,58500,100,16,61.693064695246875,107.77725506630699,61.014676005285565,False,max_epochs,2678.7018258571625
rl4crn_rne_oscillator_trace_8rxn_stop_risksched085to095_lr1e4_entropy01to005_s1_c1_rnetol_d256_depth3_p20,seed063,63,586,58600,100,16,60.90674804678712,133.70877680074335,60.90674804678712,False,max_epochs,2680.8146839141846
rl4crn_rne_oscillator_trace_8rxn_stop_risksched085to095_lr1e4_entropy01to005_s1_c1_rnetol_d256_depth3_p20,seed063,63,587,58700,100,16,64.48503804163003,136.1863524441647,60.90674804678712,False,max_epochs,2685.392003297806
rl4crn_rne_oscillator_trace_8rxn_stop_risksched085to095_lr1e4_entropy01to005_s1_c1_rnetol_d256_depth3_p20,seed063,63,588,58800,100,16,64.7738799989749,122.15744308269515,60.90674804678712,False,max_epochs,2690.4113490581512
rl4crn_rne_oscillator_trace_8rxn_stop_risksched085to095_lr1e4_entropy01to005_s1_c1_rnetol_d256_depth3_p20,seed063,63,589,58900,100,16,66.61370878967146,112.82402476267264,60.90674804678712,False,max_epochs,2694.90256023407
rl4crn_rne_oscillator_trace_8rxn_stop_risksched085to095_lr1e4_entropy01to005_s1_c1_rnetol_d256_depth3_p20,seed063,63,590,59000,100,16,68.85026412335631,114.62013426558707,60.90674804678712,False,max_epochs,2699.4395468235016
rl4crn_rne_oscillator_trace_8rxn_stop_risksched085to095_lr1e4_entropy01to005_s1_c1_rnetol_d256_depth3_p20,seed063,63,591,59100,100,16,66.14765169854229,126.1625073831926,60.90674804678712,False,max_epochs,2704.1097133159637
rl4crn_rne_oscillator_trace_8rxn_stop_risksched085to095_lr1e4_entropy01to005_s1_c1_rnetol_d256_depth3_p20,seed063,63,592,59200,100,16,73.14767985400228,132.1069304392393,60.90674804678712,False,max_epochs,2708.6616730690002
rl4crn_rne_oscillator_trace_8rxn_stop_risksched085to095_lr1e4_entropy01to005_s1_c1_rnetol_d256_depth3_p20,seed063,63,593,59300,100,16,65.26981790414023,112.41728037200141,60.90674804678712,False,max_epochs,2710.714666366577
rl4crn_rne_oscillator_trace_8rxn_stop_risksched085to095_lr1e4_entropy01to005_s1_c1_rnetol_d256_depth3_p20,seed063,63,594,59400,100,16,65.36574616445428,123.77791667583361,60.90674804678712,False,max_epochs,2715.218024253845
rl4crn_rne_oscillator_trace_8rxn_stop_risksched085to095_lr1e4_entropy01to005_s1_c1_rnetol_d256_depth3_p20,seed063,63,595,59500,100,16,62.096778299294016,115.10232197855669,60.90674804678712,False,max_epochs,2720.290365934372
rl4crn_rne_oscillator_trace_8rxn_stop_risksched085to095_lr1e4_entropy01to005_s1_c1_rnetol_d256_depth3_p20,seed063,63,596,59600,100,16,63.174241156846016,125.5454783759829,60.90674804678712,False,max_epochs,2725.5309882164
rl4crn_rne_oscillator_trace_8rxn_stop_risksched085to095_lr1e4_entropy01to005_s1_c1_rnetol_d256_depth3_p20,seed063,63,597,59700,100,16,63.706986744451456,123.69893347893303,60.90674804678712,False,max_epochs,2730.3390140533447
rl4crn_rne_oscillator_trace_8rxn_stop_risksched085to095_lr1e4_entropy01to005_s1_c1_rnetol_d256_depth3_p20,seed063,63,598,59800,100,16,62.22087189718093,107.9577247634465,60.90674804678712,False,max_epochs,2734.560340166092
rl4crn_rne_oscillator_trace_8rxn_stop_risksched085to095_lr1e4_entropy01to005_s1_c1_rnetol_d256_depth3_p20,seed063,63,599,59900,100,16,64.99998512128026,138.5940934803961,60.90674804678712,False,max_epochs,2739.35604262352
rl4crn_rne_oscillator_trace_8rxn_stop_risksched085to095_lr1e4_entropy01to005_s1_c1_rnetol_d256_depth3_p20,seed063,63,600,60000,100,16,65.3983514206854,139.77982125136595,60.90674804678712,False,max_epochs,2743.4460020065308
rl4crn_rne_oscillator_trace_8rxn_stop_risksched085to095_lr1e4_entropy01to005_s1_c1_rnetol_d256_depth3_p20,seed063,63,601,60100,100,16,64.36738009043675,103.60611957419643,60.90674804678712,False,max_epochs,2745.847108364105
rl4crn_rne_oscillator_trace_8rxn_stop_risksched085to095_lr1e4_entropy01to005_s1_c1_rnetol_d256_depth3_p20,seed063,63,602,60200,100,16,67.17910760647489,121.68530876240635,60.90674804678712,False,max_epochs,2750.766367673874
rl4crn_rne_oscillator_trace_8rxn_stop_risksched085to095_lr1e4_entropy01to005_s1_c1_rnetol_d256_depth3_p20,seed063,63,603,60300,100,16,68.1195389254642,146.89158739369768,60.90674804678712,False,max_epochs,2755.86470246315
rl4crn_rne_oscillator_trace_8rxn_stop_risksched085to095_lr1e4_entropy01to005_s1_c1_rnetol_d256_depth3_p20,seed063,63,604,60400,100,16,65.98173753401899,142.78814267491433,60.90674804678712,False,max_epochs,2761.2467064857483
rl4crn_rne_oscillator_trace_8rxn_stop_risksched085to095_lr1e4_entropy01to005_s1_c1_rnetol_d256_depth3_p20,seed063,63,605,60500,100,16,62.9772018874199,107.78306281219791,60.90674804678712,False,max_epochs,2766.0247514247894
rl4crn_rne_oscillator_trace_8rxn_stop_risksched085to095_lr1e4_entropy01to005_s1_c1_rnetol_d256_depth3_p20,seed063,63,606,60600,100,16,66.27115218351182,115.47539631918006,60.90674804678712,False,max_epochs,2770.927906036377
rl4crn_rne_oscillator_trace_8rxn_stop_risksched085to095_lr1e4_entropy01to005_s1_c1_rnetol_d256_depth3_p20,seed063,63,607,60700,100,16,62.84824876570784,118.14144685482952,60.90674804678712,False,max_epochs,2775.92600774765
rl4crn_rne_oscillator_trace_8rxn_stop_risksched085to095_lr1e4_entropy01to005_s1_c1_rnetol_d256_depth3_p20,seed063,63,608,60800,100,16,62.88949837998638,102.8799007787425,60.90674804678712,False,max_epochs,2781.5359897613525
rl4crn_rne_oscillator_trace_8rxn_stop_risksched085to095_lr1e4_entropy01to005_s1_c1_rnetol_d256_depth3_p20,seed063,63,609,60900,100,16,61.134036153905484,115.5023687429721,60.90674804678712,False,max_epochs,2786.4410123825073
rl4crn_rne_oscillator_trace_8rxn_stop_risksched085to095_lr1e4_entropy01to005_s1_c1_rnetol_d256_depth3_p20,seed063,63,610,61000,100,16,62.70509844090503,96.12773436426623,60.90674804678712,False,max_epochs,2791.3066301345825
rl4crn_rne_oscillator_trace_8rxn_stop_risksched085to095_lr1e4_entropy01to005_s1_c1_rnetol_d256_depth3_p20,seed063,63,611,61100,100,16,62.0919704213699,100.89214957946811,60.90674804678712,False,max_epochs,2796.261753797531
rl4crn_rne_oscillator_trace_8rxn_stop_risksched085to095_lr1e4_entropy01to005_s1_c1_rnetol_d256_depth3_p20,seed063,63,612,61200,100,16,63.02905703536459,118.83059987904386,60.90674804678712,False,max_epochs,2801.5003180503845
rl4crn_rne_oscillator_trace_8rxn_stop_risksched085to095_lr1e4_entropy01to005_s1_c1_rnetol_d256_depth3_p20,seed063,63,613,61300,100,16,63.65487421568715,137.57257686096114,60.90674804678712,False,max_epochs,2806.4998083114624
rl4crn_rne_oscillator_trace_8rxn_stop_risksched085to095_lr1e4_entropy01to005_s1_c1_rnetol_d256_depth3_p20,seed063,63,614,61400,100,16,64.1657710490608,124.17730394454088,60.90674804678712,False,max_epochs,2811.207022666931
rl4crn_rne_oscillator_trace_8rxn_stop_risksched085to095_lr1e4_entropy01to005_s1_c1_rnetol_d256_depth3_p20,seed063,63,615,61500,100,16,61.475065135153386,114.09309176018786,60.90674804678712,False,max_epochs,2816.2520201206207
rl4crn_rne_oscillator_trace_8rxn_stop_risksched085to095_lr1e4_entropy01to005_s1_c1_rnetol_d256_depth3_p20,seed063,63,616,61600,100,16,65.04922370856532,114.01273785381349,60.90674804678712,False,max_epochs,2820.8683321475983
rl4crn_rne_oscillator_trace_8rxn_stop_risksched085to095_lr1e4_entropy01to005_s1_c1_rnetol_d256_depth3_p20,seed063,63,617,61700,100,16,63.01351122594991,105.14951672699931,60.90674804678712,False,max_epochs,2825.6690657138824
rl4crn_rne_oscillator_trace_8rxn_stop_risksched085to095_lr1e4_entropy01to005_s1_c1_rnetol_d256_depth3_p20,seed063,63,618,61800,100,16,62.01130832789302,109.29436450043622,60.90674804678712,False,max_epochs,2828.3994369506836
rl4crn_rne_oscillator_trace_8rxn_stop_risksched085to095_lr1e4_entropy01to005_s1_c1_rnetol_d256_depth3_p20,seed063,63,619,61900,100,16,62.55898735614101,102.4850467266204,60.90674804678712,False,max_epochs,2832.2154071331024
rl4crn_rne_oscillator_trace_8rxn_stop_risksched085to095_lr1e4_entropy01to005_s1_c1_rnetol_d256_depth3_p20,seed063,63,620,62000,100,16,64.9475870812286,94.74459706629543,60.90674804678712,False,max_epochs,2837.0701208114624
rl4crn_rne_oscillator_trace_8rxn_stop_risksched085to095_lr1e4_entropy01to005_s1_c1_rnetol_d256_depth3_p20,seed063,63,621,62100,100,16,61.51855962283434,116.9612622067317,60.90674804678712,False,max_epochs,2842.390133857727
rl4crn_rne_oscillator_trace_8rxn_stop_risksched085to095_lr1e4_entropy01to005_s1_c1_rnetol_d256_depth3_p20,seed063,63,622,62200,100,16,62.54811704887003,112.84570327396304,60.90674804678712,False,max_epochs,2847.4967515468597
rl4crn_rne_oscillator_trace_8rxn_stop_risksched085to095_lr1e4_entropy01to005_s1_c1_rnetol_d256_depth3_p20,seed063,63,623,62300,100,16,61.97190568088332,96.37461490108346,60.90674804678712,False,max_epochs,2852.1043832302094
rl4crn_rne_oscillator_trace_8rxn_stop_risksched085to095_lr1e4_entropy01to005_s1_c1_rnetol_d256_depth3_p20,seed063,63,624,62400,100,16,63.777641885391645,94.87236352648412,60.90674804678712,False,max_epochs,2857.4344646930695
rl4crn_rne_oscillator_trace_8rxn_stop_risksched085to095_lr1e4_entropy01to005_s1_c1_rnetol_d256_depth3_p20,seed063,63,625,62500,100,16,61.24343063832482,119.2082812162885,60.90674804678712,False,max_epochs,2862.2209198474884
rl4crn_rne_oscillator_trace_8rxn_stop_risksched085to095_lr1e4_entropy01to005_s1_c1_rnetol_d256_depth3_p20,seed063,63,626,62600,100,16,62.1894087273227,111.20939406144329,60.90674804678712,False,max_epochs,2867.0172278881073
rl4crn_rne_oscillator_trace_8rxn_stop_risksched085to095_lr1e4_entropy01to005_s1_c1_rnetol_d256_depth3_p20,seed063,63,627,62700,100,16,61.020125274429894,95.2353171326821,60.90674804678712,False,max_epochs,2871.9276371002197
rl4crn_rne_oscillator_trace_8rxn_stop_risksched085to095_lr1e4_entropy01to005_s1_c1_rnetol_d256_depth3_p20,seed063,63,628,62800,100,16,63.71300044010707,130.0993225155948,60.90674804678712,False,max_epochs,2876.7397077083588
rl4crn_rne_oscillator_trace_8rxn_stop_risksched085to095_lr1e4_entropy01to005_s1_c1_rnetol_d256_depth3_p20,seed063,63,629,62900,100,16,64.00739373720096,127.42243463151962,60.90674804678712,False,max_epochs,2881.2260372638702
rl4crn_rne_oscillator_trace_8rxn_stop_risksched085to095_lr1e4_entropy01to005_s1_c1_rnetol_d256_depth3_p20,seed063,63,630,63000,100,16,61.626440507165576,98.95015773509759,60.90674804678712,False,max_epochs,2883.273197889328
rl4crn_rne_oscillator_trace_8rxn_stop_risksched085to095_lr1e4_entropy01to005_s1_c1_rnetol_d256_depth3_p20,seed063,63,631,63100,100,16,61.409004925951365,139.50228506085412,60.90674804678712,False,max_epochs,2887.8999660015106
rl4crn_rne_oscillator_trace_8rxn_stop_risksched085to095_lr1e4_entropy01to005_s1_c1_rnetol_d256_depth3_p20,seed063,63,632,63200,100,16,61.815848036562485,127.95899718475889,60.90674804678712,False,max_epochs,2892.6881272792816
rl4crn_rne_oscillator_trace_8rxn_stop_risksched085to095_lr1e4_entropy01to005_s1_c1_rnetol_d256_depth3_p20,seed063,63,633,63300,100,16,63.75010468587686,104.42313522046133,60.90674804678712,False,max_epochs,2897.843359231949
rl4crn_rne_oscillator_trace_8rxn_stop_risksched085to095_lr1e4_entropy01to005_s1_c1_rnetol_d256_depth3_p20,seed063,63,634,63400,100,16,63.62560415063265,100.67090701882917,60.90674804678712,False,max_epochs,2902.6635909080505
rl4crn_rne_oscillator_trace_8rxn_stop_risksched085to095_lr1e4_entropy01to005_s1_c1_rnetol_d256_depth3_p20,seed063,63,635,63500,100,16,62.18852967297131,85.2979609242639,60.90674804678712,False,max_epochs,2907.7254769802094
rl4crn_rne_oscillator_trace_8rxn_stop_risksched085to095_lr1e4_entropy01to005_s1_c1_rnetol_d256_depth3_p20,seed063,63,636,63600,100,16,63.364993650180764,86.00200374660272,60.90674804678712,False,max_epochs,2912.7996442317963
rl4crn_rne_oscillator_trace_8rxn_stop_risksched085to095_lr1e4_entropy01to005_s1_c1_rnetol_d256_depth3_p20,seed063,63,637,63700,100,16,66.85434143711254,116.79017873952606,60.90674804678712,False,max_epochs,2917.7444796562195
rl4crn_rne_oscillator_trace_8rxn_stop_risksched085to095_lr1e4_entropy01to005_s1_c1_rnetol_d256_depth3_p20,seed063,63,638,63800,100,16,63.09247825794034,114.13133941391092,60.90674804678712,False,max_epochs,2923.229104757309
rl4crn_rne_oscillator_trace_8rxn_stop_risksched085to095_lr1e4_entropy01to005_s1_c1_rnetol_d256_depth3_p20,seed063,63,639,63900,100,16,61.38629598254051,103.53065688025498,60.90674804678712,False,max_epochs,2927.9263787269592
rl4crn_rne_oscillator_trace_8rxn_stop_risksched085to095_lr1e4_entropy01to005_s1_c1_rnetol_d256_depth3_p20,seed063,63,640,64000,100,16,62.24846889218073,119.65903690939109,60.90674804678712,False,max_epochs,2932.786195039749
rl4crn_rne_oscillator_trace_8rxn_stop_risksched085to095_lr1e4_entropy01to005_s1_c1_rnetol_d256_depth3_p20,seed063,63,641,64100,100,16,66.59063124898697,99.20763400220767,60.90674804678712,False,max_epochs,2937.772505044937
rl4crn_rne_oscillator_trace_8rxn_stop_risksched085to095_lr1e4_entropy01to005_s1_c1_rnetol_d256_depth3_p20,seed063,63,642,64200,100,16,64.43871549117964,91.59651485099705,60.90674804678712,False,max_epochs,2943.1351687908173
rl4crn_rne_oscillator_trace_8rxn_stop_risksched085to095_lr1e4_entropy01to005_s1_c1_rnetol_d256_depth3_p20,seed063,63,643,64300,100,16,63.50997500704352,92.66534785723591,60.90674804678712,False,max_epochs,2948.0018739700317
rl4crn_rne_oscillator_trace_8rxn_stop_risksched085to095_lr1e4_entropy01to005_s1_c1_rnetol_d256_depth3_p20,seed063,63,644,64400,100,16,61.412677482110134,113.36120801951529,60.90674804678712,False,max_epochs,2952.781129837036
rl4crn_rne_oscillator_trace_8rxn_stop_risksched085to095_lr1e4_entropy01to005_s1_c1_rnetol_d256_depth3_p20,seed063,63,645,64500,100,16,63.89332319845171,128.5292952296387,60.90674804678712,False,max_epochs,2958.0505814552307
rl4crn_rne_oscillator_trace_8rxn_stop_risksched085to095_lr1e4_entropy01to005_s1_c1_rnetol_d256_depth3_p20,seed063,63,646,64600,100,16,61.57038770963358,103.69687220321818,60.90674804678712,False,max_epochs,2963.3636050224304
rl4crn_rne_oscillator_trace_8rxn_stop_risksched085to095_lr1e4_entropy01to005_s1_c1_rnetol_d256_depth3_p20,seed063,63,647,64700,100,16,63.730686539256055,115.42521722026471,60.90674804678712,False,max_epochs,2968.0559453964233
rl4crn_rne_oscillator_trace_8rxn_stop_risksched085to095_lr1e4_entropy01to005_s1_c1_rnetol_d256_depth3_p20,seed063,63,648,64800,100,16,71.98175395925166,142.78156055501842,60.90674804678712,False,max_epochs,2972.869588136673
rl4crn_rne_oscillator_trace_8rxn_stop_risksched085to095_lr1e4_entropy01to005_s1_c1_rnetol_d256_depth3_p20,seed063,63,649,64900,100,16,73.91914774576288,139.34123701458765,60.90674804678712,False,max_epochs,2977.6083040237427
rl4crn_rne_oscillator_trace_8rxn_stop_risksched085to095_lr1e4_entropy01to005_s1_c1_rnetol_d256_depth3_p20,seed063,63,650,65000,100,16,66.81338689067434,104.34960121857807,60.90674804678712,False,max_epochs,2982.1591114997864
rl4crn_rne_oscillator_trace_8rxn_stop_risksched085to095_lr1e4_entropy01to005_s1_c1_rnetol_d256_depth3_p20,seed063,63,651,65100,100,16,61.23166710022356,112.23130863479602,60.90674804678712,False,max_epochs,2984.4053239822388
rl4crn_rne_oscillator_trace_8rxn_stop_risksched085to095_lr1e4_entropy01to005_s1_c1_rnetol_d256_depth3_p20,seed063,63,652,65200,100,16,71.85504289979436,141.3757801538579,60.90674804678712,False,max_epochs,2988.667197227478
rl4crn_rne_oscillator_trace_8rxn_stop_risksched085to095_lr1e4_entropy01to005_s1_c1_rnetol_d256_depth3_p20,seed063,63,653,65300,100,16,60.297469596835455,135.8433218365541,60.297469596835455,False,max_epochs,2993.668561697006
rl4crn_rne_oscillator_trace_8rxn_stop_risksched085to095_lr1e4_entropy01to005_s1_c1_rnetol_d256_depth3_p20,seed063,63,654,65400,100,16,61.298556627962064,116.53807941935298,60.297469596835455,False,max_epochs,2998.900115251541
rl4crn_rne_oscillator_trace_8rxn_stop_risksched085to095_lr1e4_entropy01to005_s1_c1_rnetol_d256_depth3_p20,seed063,63,655,65500,100,16,65.856615592683,126.45184074268842,60.297469596835455,False,max_epochs,3003.8564064502716
rl4crn_rne_oscillator_trace_8rxn_stop_risksched085to095_lr1e4_entropy01to005_s1_c1_rnetol_d256_depth3_p20,seed063,63,656,65600,100,16,67.55472355750992,121.97614550080544,60.297469596835455,False,max_epochs,3008.800614833832
rl4crn_rne_oscillator_trace_8rxn_stop_risksched085to095_lr1e4_entropy01to005_s1_c1_rnetol_d256_depth3_p20,seed063,63,657,65700,100,16,60.930931096635774,132.31729418414778,60.297469596835455,False,max_epochs,3013.795622587204
rl4crn_rne_oscillator_trace_8rxn_stop_risksched085to095_lr1e4_entropy01to005_s1_c1_rnetol_d256_depth3_p20,seed063,63,658,65800,100,16,68.02881579043185,116.58520070972966,60.297469596835455,False,max_epochs,3019.172152519226
rl4crn_rne_oscillator_trace_8rxn_stop_risksched085to095_lr1e4_entropy01to005_s1_c1_rnetol_d256_depth3_p20,seed063,63,659,65900,100,16,65.97667483859918,121.50101319626746,60.297469596835455,False,max_epochs,3024.0271322727203
rl4crn_rne_oscillator_trace_8rxn_stop_risksched085to095_lr1e4_entropy01to005_s1_c1_rnetol_d256_depth3_p20,seed063,63,660,66000,100,16,67.62270809090778,133.56062481744345,60.297469596835455,False,max_epochs,3028.9113640785217
rl4crn_rne_oscillator_trace_8rxn_stop_risksched085to095_lr1e4_entropy01to005_s1_c1_rnetol_d256_depth3_p20,seed063,63,661,66100,100,16,64.55671499310813,139.98512221196182,60.297469596835455,False,max_epochs,3033.8842763900757
rl4crn_rne_oscillator_trace_8rxn_stop_risksched085to095_lr1e4_entropy01to005_s1_c1_rnetol_d256_depth3_p20,seed063,63,662,66200,100,16,63.41876997180986,127.0732559964227,60.297469596835455,False,max_epochs,3039.232026576996
rl4crn_rne_oscillator_trace_8rxn_stop_risksched085to095_lr1e4_entropy01to005_s1_c1_rnetol_d256_depth3_p20,seed063,63,663,66300,100,16,64.80880209751275,130.74820660559,60.297469596835455,False,max_epochs,3044.150633573532
rl4crn_rne_oscillator_trace_8rxn_stop_risksched085to095_lr1e4_entropy01to005_s1_c1_rnetol_d256_depth3_p20,seed063,63,664,66400,100,16,63.34132799957623,137.2194040182955,60.297469596835455,False,max_epochs,3048.6011703014374
rl4crn_rne_oscillator_trace_8rxn_stop_risksched085to095_lr1e4_entropy01to005_s1_c1_rnetol_d256_depth3_p20,seed063,63,665,66500,100,16,62.122483591754346,126.01004364960993,60.297469596835455,False,max_epochs,3053.3186769485474
rl4crn_rne_oscillator_trace_8rxn_stop_risksched085to095_lr1e4_entropy01to005_s1_c1_rnetol_d256_depth3_p20,seed063,63,666,66600,100,16,64.07348562036692,112.85421323967596,60.297469596835455,False,max_epochs,3055.572072505951
rl4crn_rne_oscillator_trace_8rxn_stop_risksched085to095_lr1e4_entropy01to005_s1_c1_rnetol_d256_depth3_p20,seed063,63,667,66700,100,16,66.13023680546758,116.87514979454454,60.297469596835455,False,max_epochs,3059.941204547882
rl4crn_rne_oscillator_trace_8rxn_stop_risksched085to095_lr1e4_entropy01to005_s1_c1_rnetol_d256_depth3_p20,seed063,63,668,66800,100,16,61.77569737571658,110.29059775879347,60.297469596835455,False,max_epochs,3065.1903121471405
rl4crn_rne_oscillator_trace_8rxn_stop_risksched085to095_lr1e4_entropy01to005_s1_c1_rnetol_d256_depth3_p20,seed063,63,669,66900,100,16,68.51555825899585,140.5380334204442,60.297469596835455,False,max_epochs,3070.0447878837585
rl4crn_rne_oscillator_trace_8rxn_stop_risksched085to095_lr1e4_entropy01to005_s1_c1_rnetol_d256_depth3_p20,seed063,63,670,67000,100,16,65.24630927916012,142.30421375243913,60.297469596835455,False,max_epochs,3075.38951921463
rl4crn_rne_oscillator_trace_8rxn_stop_risksched085to095_lr1e4_entropy01to005_s1_c1_rnetol_d256_depth3_p20,seed063,63,671,67100,100,16,61.83104908968119,113.20222701884741,60.297469596835455,False,max_epochs,3080.252186059952
rl4crn_rne_oscillator_trace_8rxn_stop_risksched085to095_lr1e4_entropy01to005_s1_c1_rnetol_d256_depth3_p20,seed063,63,672,67200,100,16,64.41700702696988,121.52452822904597,60.297469596835455,False,max_epochs,3084.9535162448883
rl4crn_rne_oscillator_trace_8rxn_stop_risksched085to095_lr1e4_entropy01to005_s1_c1_rnetol_d256_depth3_p20,seed063,63,673,67300,100,16,66.42797709828035,151.9744838736947,60.297469596835455,False,max_epochs,3089.7637946605682
rl4crn_rne_oscillator_trace_8rxn_stop_risksched085to095_lr1e4_entropy01to005_s1_c1_rnetol_d256_depth3_p20,seed063,63,674,67400,100,16,69.02560378918272,144.16522536271344,60.297469596835455,False,max_epochs,3094.401878118515
rl4crn_rne_oscillator_trace_8rxn_stop_risksched085to095_lr1e4_entropy01to005_s1_c1_rnetol_d256_depth3_p20,seed063,63,675,67500,100,16,62.88257023773903,97.61470109045513,60.297469596835455,False,max_epochs,3096.499163389206
rl4crn_rne_oscillator_trace_8rxn_stop_risksched085to095_lr1e4_entropy01to005_s1_c1_rnetol_d256_depth3_p20,seed063,63,676,67600,100,16,64.9803212736572,135.13303272564843,60.297469596835455,False,max_epochs,3100.8793120384216
rl4crn_rne_oscillator_trace_8rxn_stop_risksched085to095_lr1e4_entropy01to005_s1_c1_rnetol_d256_depth3_p20,seed063,63,677,67700,100,16,65.4450999405002,141.21705423383605,60.297469596835455,False,max_epochs,3105.6406795978546
rl4crn_rne_oscillator_trace_8rxn_stop_risksched085to095_lr1e4_entropy01to005_s1_c1_rnetol_d256_depth3_p20,seed063,63,678,67800,100,16,69.92120701324947,128.64589372441282,60.297469596835455,False,max_epochs,3110.6707515716553
rl4crn_rne_oscillator_trace_8rxn_stop_risksched085to095_lr1e4_entropy01to005_s1_c1_rnetol_d256_depth3_p20,seed063,63,679,67900,100,16,67.88096984842934,114.29397839765832,60.297469596835455,False,max_epochs,3115.604118347168
rl4crn_rne_oscillator_trace_8rxn_stop_risksched085to095_lr1e4_entropy01to005_s1_c1_rnetol_d256_depth3_p20,seed063,63,680,68000,100,16,64.31717877165597,122.55584177191406,60.297469596835455,False,max_epochs,3120.722957134247
rl4crn_rne_oscillator_trace_8rxn_stop_risksched085to095_lr1e4_entropy01to005_s1_c1_rnetol_d256_depth3_p20,seed063,63,681,68100,100,16,62.2096811590797,107.7693888668347,60.297469596835455,False,max_epochs,3125.6240537166595
rl4crn_rne_oscillator_trace_8rxn_stop_risksched085to095_lr1e4_entropy01to005_s1_c1_rnetol_d256_depth3_p20,seed063,63,682,68200,100,16,65.4909982617701,132.6641414106755,60.297469596835455,False,max_epochs,3131.033252477646
rl4crn_rne_oscillator_trace_8rxn_stop_risksched085to095_lr1e4_entropy01to005_s1_c1_rnetol_d256_depth3_p20,seed063,63,683,68300,100,16,62.47534889799974,146.8097148890798,60.297469596835455,False,max_epochs,3136.0570924282074
rl4crn_rne_oscillator_trace_8rxn_stop_risksched085to095_lr1e4_entropy01to005_s1_c1_rnetol_d256_depth3_p20,seed063,63,684,68400,100,16,76.2207557670053,137.84193845930972,60.297469596835455,False,max_epochs,3141.000864505768
rl4crn_rne_oscillator_trace_8rxn_stop_risksched085to095_lr1e4_entropy01to005_s1_c1_rnetol_d256_depth3_p20,seed063,63,685,68500,100,16,60.85780651374861,105.84611863035474,60.297469596835455,False,max_epochs,3145.8965928554535
rl4crn_rne_oscillator_trace_8rxn_stop_risksched085to095_lr1e4_entropy01to005_s1_c1_rnetol_d256_depth3_p20,seed063,63,686,68600,100,16,62.70480680106054,149.5665595900017,60.297469596835455,False,max_epochs,3151.353006362915
rl4crn_rne_oscillator_trace_8rxn_stop_risksched085to095_lr1e4_entropy01to005_s1_c1_rnetol_d256_depth3_p20,seed063,63,687,68700,100,16,80.03158978136935,155.70906491558537,60.297469596835455,False,max_epochs,3156.3732018470764
rl4crn_rne_oscillator_trace_8rxn_stop_risksched085to095_lr1e4_entropy01to005_s1_c1_rnetol_d256_depth3_p20,seed063,63,688,68800,100,16,66.51944792542683,146.6234710954726,60.297469596835455,False,max_epochs,3161.380094766617
rl4crn_rne_oscillator_trace_8rxn_stop_risksched085to095_lr1e4_entropy01to005_s1_c1_rnetol_d256_depth3_p20,seed063,63,689,68900,100,16,67.7122664791802,118.14895030127583,60.297469596835455,False,max_epochs,3166.3754274845123
rl4crn_rne_oscillator_trace_8rxn_stop_risksched085to095_lr1e4_entropy01to005_s1_c1_rnetol_d256_depth3_p20,seed063,63,690,69000,100,16,74.77431807035192,136.92886757699029,60.297469596835455,False,max_epochs,3171.7956957817078
rl4crn_rne_oscillator_trace_8rxn_stop_risksched085to095_lr1e4_entropy01to005_s1_c1_rnetol_d256_depth3_p20,seed063,63,691,69100,100,16,88.82628942419382,142.89811155866255,60.297469596835455,False,max_epochs,3176.7618153095245
rl4crn_rne_oscillator_trace_8rxn_stop_risksched085to095_lr1e4_entropy01to005_s1_c1_rnetol_d256_depth3_p20,seed063,63,692,69200,100,16,59.90162507770393,139.2110695928643,59.90162507770393,False,max_epochs,3181.8826835155487
rl4crn_rne_oscillator_trace_8rxn_stop_risksched085to095_lr1e4_entropy01to005_s1_c1_rnetol_d256_depth3_p20,seed063,63,693,69300,100,16,64.58446414125218,104.11289827215793,59.90162507770393,False,max_epochs,3186.6702044010162
rl4crn_rne_oscillator_trace_8rxn_stop_risksched085to095_lr1e4_entropy01to005_s1_c1_rnetol_d256_depth3_p20,seed063,63,694,69400,100,16,67.78850371903032,128.4739328440188,59.90162507770393,False,max_epochs,3191.994592666626
rl4crn_rne_oscillator_trace_8rxn_stop_risksched085to095_lr1e4_entropy01to005_s1_c1_rnetol_d256_depth3_p20,seed063,63,695,69500,100,16,64.76453243771145,144.0742120595923,59.90162507770393,False,max_epochs,3196.649906396866
rl4crn_rne_oscillator_trace_8rxn_stop_risksched085to095_lr1e4_entropy01to005_s1_c1_rnetol_d256_depth3_p20,seed063,63,696,69600,100,16,66.64820604982584,118.17228523510971,59.90162507770393,False,max_epochs,3201.669191122055
rl4crn_rne_oscillator_trace_8rxn_stop_risksched085to095_lr1e4_entropy01to005_s1_c1_rnetol_d256_depth3_p20,seed063,63,697,69700,100,16,61.43049404875086,105.80790178482212,59.90162507770393,False,max_epochs,3206.8347148895264
rl4crn_rne_oscillator_trace_8rxn_stop_risksched085to095_lr1e4_entropy01to005_s1_c1_rnetol_d256_depth3_p20,seed063,63,698,69800,100,16,60.19137763805069,120.54682733650719,59.90162507770393,False,max_epochs,3211.8256776332855
rl4crn_rne_oscillator_trace_8rxn_stop_risksched085to095_lr1e4_entropy01to005_s1_c1_rnetol_d256_depth3_p20,seed063,63,699,69900,100,16,63.00919186114257,124.3904782087285,59.90162507770393,False,max_epochs,3216.7743513584137
rl4crn_rne_oscillator_trace_8rxn_stop_risksched085to095_lr1e4_entropy01to005_s1_c1_rnetol_d256_depth3_p20,seed063,63,700,70000,100,16,67.87718791248712,116.21234252385,59.90162507770393,False,max_epochs,3221.7120933532715
rl4crn_rne_oscillator_trace_8rxn_stop_risksched085to095_lr1e4_entropy01to005_s1_c1_rnetol_d256_depth3_p20,seed063,63,701,70100,100,16,61.55623824177926,100.94241635455889,59.90162507770393,False,max_epochs,3226.4086208343506
rl4crn_rne_oscillator_trace_8rxn_stop_risksched085to095_lr1e4_entropy01to005_s1_c1_rnetol_d256_depth3_p20,seed063,63,702,70200,100,16,64.53409899882433,121.11951898186784,59.90162507770393,False,max_epochs,3231.4925231933594
rl4crn_rne_oscillator_trace_8rxn_stop_risksched085to095_lr1e4_entropy01to005_s1_c1_rnetol_d256_depth3_p20,seed063,63,703,70300,100,16,62.14774633258656,144.0876258675446,59.90162507770393,False,max_epochs,3236.0667309761047
rl4crn_rne_oscillator_trace_8rxn_stop_risksched085to095_lr1e4_entropy01to005_s1_c1_rnetol_d256_depth3_p20,seed063,63,704,70400,100,16,66.49224083632062,140.57735810988382,59.90162507770393,False,max_epochs,3240.898875951767
rl4crn_rne_oscillator_trace_8rxn_stop_risksched085to095_lr1e4_entropy01to005_s1_c1_rnetol_d256_depth3_p20,seed063,63,705,70500,100,16,62.83391515847627,107.39667002393202,59.90162507770393,False,max_epochs,3245.3855702877045
rl4crn_rne_oscillator_trace_8rxn_stop_risksched085to095_lr1e4_entropy01to005_s1_c1_rnetol_d256_depth3_p20,seed063,63,706,70600,100,16,65.50696878595804,138.56183968145285,59.90162507770393,False,max_epochs,3249.855629682541
rl4crn_rne_oscillator_trace_8rxn_stop_risksched085to095_lr1e4_entropy01to005_s1_c1_rnetol_d256_depth3_p20,seed063,63,707,70700,100,16,75.4009258029672,151.4791609133257,59.90162507770393,False,max_epochs,3253.277153491974
rl4crn_rne_oscillator_trace_8rxn_stop_risksched085to095_lr1e4_entropy01to005_s1_c1_rnetol_d256_depth3_p20,seed063,63,708,70800,100,16,70.5289236340515,121.64888011110249,59.90162507770393,False,max_epochs,3256.3018176555634
rl4crn_rne_oscillator_trace_8rxn_stop_risksched085to095_lr1e4_entropy01to005_s1_c1_rnetol_d256_depth3_p20,seed063,63,709,70900,100,16,65.06535851436796,103.17772067047011,59.90162507770393,False,max_epochs,3260.8252511024475
rl4crn_rne_oscillator_trace_8rxn_stop_risksched085to095_lr1e4_entropy01to005_s1_c1_rnetol_d256_depth3_p20,seed063,63,710,71000,100,16,64.96843251733335,118.61903397064296,59.90162507770393,False,max_epochs,3265.723342895508
rl4crn_rne_oscillator_trace_8rxn_stop_risksched085to095_lr1e4_entropy01to005_s1_c1_rnetol_d256_depth3_p20,seed063,63,711,71100,100,16,63.70098422697502,104.65361327662197,59.90162507770393,False,max_epochs,3270.695909500122
rl4crn_rne_oscillator_trace_8rxn_stop_risksched085to095_lr1e4_entropy01to005_s1_c1_rnetol_d256_depth3_p20,seed063,63,712,71200,100,16,61.63476811384318,100.08912411211176,59.90162507770393,False,max_epochs,3275.581696987152
rl4crn_rne_oscillator_trace_8rxn_stop_risksched085to095_lr1e4_entropy01to005_s1_c1_rnetol_d256_depth3_p20,seed063,63,713,71300,100,16,63.41393476407758,102.9237834484795,59.90162507770393,False,max_epochs,3280.3256375789642
rl4crn_rne_oscillator_trace_8rxn_stop_risksched085to095_lr1e4_entropy01to005_s1_c1_rnetol_d256_depth3_p20,seed063,63,714,71400,100,16,63.06858161309782,121.36800839258485,59.90162507770393,False,max_epochs,3285.664129972458
rl4crn_rne_oscillator_trace_8rxn_stop_risksched085to095_lr1e4_entropy01to005_s1_c1_rnetol_d256_depth3_p20,seed063,63,715,71500,100,16,61.69459745779263,118.79788229610197,59.90162507770393,False,max_epochs,3290.434632539749
rl4crn_rne_oscillator_trace_8rxn_stop_risksched085to095_lr1e4_entropy01to005_s1_c1_rnetol_d256_depth3_p20,seed063,63,716,71600,100,16,61.34289286408452,106.90918841877837,59.90162507770393,False,max_epochs,3294.722984313965
rl4crn_rne_oscillator_trace_8rxn_stop_risksched085to095_lr1e4_entropy01to005_s1_c1_rnetol_d256_depth3_p20,seed063,63,717,71700,100,16,60.31277548111677,106.16143776425494,59.90162507770393,False,max_epochs,3299.0269451141357
rl4crn_rne_oscillator_trace_8rxn_stop_risksched085to095_lr1e4_entropy01to005_s1_c1_rnetol_d256_depth3_p20,seed063,63,718,71800,100,16,68.40407814656335,110.77683301288052,59.90162507770393,False,max_epochs,3301.5595684051514
rl4crn_rne_oscillator_trace_8rxn_stop_risksched085to095_lr1e4_entropy01to005_s1_c1_rnetol_d256_depth3_p20,seed063,63,719,71900,100,16,63.18911856535283,99.22841210751038,59.90162507770393,False,max_epochs,3305.137391805649
rl4crn_rne_oscillator_trace_8rxn_stop_risksched085to095_lr1e4_entropy01to005_s1_c1_rnetol_d256_depth3_p20,seed063,63,720,72000,100,16,60.71660772852069,124.89902754144295,59.90162507770393,False,max_epochs,3310.082046985626
rl4crn_rne_oscillator_trace_8rxn_stop_risksched085to095_lr1e4_entropy01to005_s1_c1_rnetol_d256_depth3_p20,seed063,63,721,72100,100,16,60.707770588175464,140.65732026648146,59.90162507770393,False,max_epochs,3314.950134038925
rl4crn_rne_oscillator_trace_8rxn_stop_risksched085to095_lr1e4_entropy01to005_s1_c1_rnetol_d256_depth3_p20,seed063,63,722,72200,100,16,63.69132382120984,104.61868936814122,59.90162507770393,False,max_epochs,3320.02600812912
rl4crn_rne_oscillator_trace_8rxn_stop_risksched085to095_lr1e4_entropy01to005_s1_c1_rnetol_d256_depth3_p20,seed063,63,723,72300,100,16,62.86086888553215,119.07631880032537,59.90162507770393,False,max_epochs,3325.0455436706543
rl4crn_rne_oscillator_trace_8rxn_stop_risksched085to095_lr1e4_entropy01to005_s1_c1_rnetol_d256_depth3_p20,seed063,63,724,72400,100,16,67.15302733498763,133.59442424683147,59.90162507770393,False,max_epochs,3329.15398478508
rl4crn_rne_oscillator_trace_8rxn_stop_risksched085to095_lr1e4_entropy01to005_s1_c1_rnetol_d256_depth3_p20,seed063,63,725,72500,100,16,60.39289918495276,92.55455590729491,59.90162507770393,False,max_epochs,3333.6479597091675
rl4crn_rne_oscillator_trace_8rxn_stop_risksched085to095_lr1e4_entropy01to005_s1_c1_rnetol_d256_depth3_p20,seed063,63,726,72600,100,16,60.4042960984585,123.70827452296288,59.90162507770393,False,max_epochs,3336.904317378998
rl4crn_rne_oscillator_trace_8rxn_stop_risksched085to095_lr1e4_entropy01to005_s1_c1_rnetol_d256_depth3_p20,seed063,63,727,72700,100,16,60.34612432577173,113.27222428548848,59.90162507770393,False,max_epochs,3340.382553577423
rl4crn_rne_oscillator_trace_8rxn_stop_risksched085to095_lr1e4_entropy01to005_s1_c1_rnetol_d256_depth3_p20,seed063,63,728,72800,100,16,62.913813464593915,96.9703532946914,59.90162507770393,False,max_epochs,3345.106303215027
rl4crn_rne_oscillator_trace_8rxn_stop_risksched085to095_lr1e4_entropy01to005_s1_c1_rnetol_d256_depth3_p20,seed063,63,729,72900,100,16,60.463350390644514,93.39706578331703,59.90162507770393,False,max_epochs,3350.0993378162384
rl4crn_rne_oscillator_trace_8rxn_stop_risksched085to095_lr1e4_entropy01to005_s1_c1_rnetol_d256_depth3_p20,seed063,63,730,73000,100,16,69.46518652746248,137.76388170818046,59.90162507770393,False,max_epochs,3355.4056663513184
rl4crn_rne_oscillator_trace_8rxn_stop_risksched085to095_lr1e4_entropy01to005_s1_c1_rnetol_d256_depth3_p20,seed063,63,731,73100,100,16,64.71514525288266,134.53588697225123,59.90162507770393,False,max_epochs,3360.2288949489594
rl4crn_rne_oscillator_trace_8rxn_stop_risksched085to095_lr1e4_entropy01to005_s1_c1_rnetol_d256_depth3_p20,seed063,63,732,73200,100,16,61.671813074122255,91.65721268632362,59.90162507770393,False,max_epochs,3365.148869752884
rl4crn_rne_oscillator_trace_8rxn_stop_risksched085to095_lr1e4_entropy01to005_s1_c1_rnetol_d256_depth3_p20,seed063,63,733,73300,100,16,63.53264014577822,111.698128287706,59.90162507770393,False,max_epochs,3370.141120672226
rl4crn_rne_oscillator_trace_8rxn_stop_risksched085to095_lr1e4_entropy01to005_s1_c1_rnetol_d256_depth3_p20,seed063,63,734,73400,100,16,62.91769475971154,99.0524540846568,59.90162507770393,False,max_epochs,3375.6145164966583
rl4crn_rne_oscillator_trace_8rxn_stop_risksched085to095_lr1e4_entropy01to005_s1_c1_rnetol_d256_depth3_p20,seed063,63,735,73500,100,16,63.27260309680161,105.76414470465585,59.90162507770393,False,max_epochs,3380.5892157554626
rl4crn_rne_oscillator_trace_8rxn_stop_risksched085to095_lr1e4_entropy01to005_s1_c1_rnetol_d256_depth3_p20,seed063,63,736,73600,100,16,61.52106414288981,94.73110521421933,59.90162507770393,False,max_epochs,3385.4194412231445
rl4crn_rne_oscillator_trace_8rxn_stop_risksched085to095_lr1e4_entropy01to005_s1_c1_rnetol_d256_depth3_p20,seed063,63,737,73700,100,16,60.249665074330196,105.16388613368086,59.90162507770393,False,max_epochs,3390.5974395275116
rl4crn_rne_oscillator_trace_8rxn_stop_risksched085to095_lr1e4_entropy01to005_s1_c1_rnetol_d256_depth3_p20,seed063,63,738,73800,100,16,59.9391273463964,110.5015093396559,59.90162507770393,False,max_epochs,3395.7119846343994
rl4crn_rne_oscillator_trace_8rxn_stop_risksched085to095_lr1e4_entropy01to005_s1_c1_rnetol_d256_depth3_p20,seed063,63,739,73900,100,16,61.43686260440147,87.2795830169793,59.90162507770393,False,max_epochs,3400.7659723758698
rl4crn_rne_oscillator_trace_8rxn_stop_risksched085to095_lr1e4_entropy01to005_s1_c1_rnetol_d256_depth3_p20,seed063,63,740,74000,100,16,60.27130010526352,91.37391783866944,59.90162507770393,False,max_epochs,3405.2295427322388
rl4crn_rne_oscillator_trace_8rxn_stop_risksched085to095_lr1e4_entropy01to005_s1_c1_rnetol_d256_depth3_p20,seed063,63,741,74100,100,16,63.16284190776709,106.82732084152337,59.90162507770393,False,max_epochs,3410.1694843769073
rl4crn_rne_oscillator_trace_8rxn_stop_risksched085to095_lr1e4_entropy01to005_s1_c1_rnetol_d256_depth3_p20,seed063,63,742,74200,100,16,62.98037046944577,94.97083611694245,59.90162507770393,False,max_epochs,3414.8678019046783
rl4crn_rne_oscillator_trace_8rxn_stop_risksched085to095_lr1e4_entropy01to005_s1_c1_rnetol_d256_depth3_p20,seed063,63,743,74300,100,16,62.7592345355914,84.85934659456112,59.90162507770393,False,max_epochs,3419.669652700424
rl4crn_rne_oscillator_trace_8rxn_stop_risksched085to095_lr1e4_entropy01to005_s1_c1_rnetol_d256_depth3_p20,seed063,63,744,74400,100,16,65.32754501053142,85.68199362052304,59.90162507770393,False,max_epochs,3423.9899396896362
rl4crn_rne_oscillator_trace_8rxn_stop_risksched085to095_lr1e4_entropy01to005_s1_c1_rnetol_d256_depth3_p20,seed063,63,745,74500,100,16,60.591829594996916,85.89920328127533,59.90162507770393,False,max_epochs,3427.3009815216064
rl4crn_rne_oscillator_trace_8rxn_stop_risksched085to095_lr1e4_entropy01to005_s1_c1_rnetol_d256_depth3_p20,seed063,63,746,74600,100,16,60.92829301433863,108.34762118190571,59.90162507770393,False,max_epochs,3431.2381002902985
rl4crn_rne_oscillator_trace_8rxn_stop_risksched085to095_lr1e4_entropy01to005_s1_c1_rnetol_d256_depth3_p20,seed063,63,747,74700,100,16,71.61874782874737,144.50855711304342,59.90162507770393,False,max_epochs,3435.9104878902435
rl4crn_rne_oscillator_trace_8rxn_stop_risksched085to095_lr1e4_entropy01to005_s1_c1_rnetol_d256_depth3_p20,seed063,63,748,74800,100,16,73.12508016238284,147.62937024409126,59.90162507770393,False,max_epochs,3440.5750505924225
rl4crn_rne_oscillator_trace_8rxn_stop_risksched085to095_lr1e4_entropy01to005_s1_c1_rnetol_d256_depth3_p20,seed063,63,749,74900,100,16,61.54189615178667,116.06341244832774,59.90162507770393,False,max_epochs,3445.5125851631165
rl4crn_rne_oscillator_trace_8rxn_stop_risksched085to095_lr1e4_entropy01to005_s1_c1_rnetol_d256_depth3_p20,seed063,63,750,75000,100,16,60.86653089900625,101.76494764613665,59.90162507770393,False,max_epochs,3450.552398920059
rl4crn_rne_oscillator_trace_8rxn_stop_risksched085to095_lr1e4_entropy01to005_s1_c1_rnetol_d256_depth3_p20,seed063,63,751,75100,100,16,64.00480875189068,117.46311901372334,59.90162507770393,False,max_epochs,3455.5138232707977
rl4crn_rne_oscillator_trace_8rxn_stop_risksched085to095_lr1e4_entropy01to005_s1_c1_rnetol_d256_depth3_p20,seed063,63,752,75200,100,16,65.03579140007287,86.06749215244945,59.90162507770393,False,max_epochs,3459.969015598297
rl4crn_rne_oscillator_trace_8rxn_stop_risksched085to095_lr1e4_entropy01to005_s1_c1_rnetol_d256_depth3_p20,seed063,63,753,75300,100,16,63.87614184007461,117.36953191801484,59.90162507770393,False,max_epochs,3464.6825153827667
rl4crn_rne_oscillator_trace_8rxn_stop_risksched085to095_lr1e4_entropy01to005_s1_c1_rnetol_d256_depth3_p20,seed063,63,754,75400,100,16,63.06082008949378,127.38687446195169,59.90162507770393,False,max_epochs,3467.2127842903137
rl4crn_rne_oscillator_trace_8rxn_stop_risksched085to095_lr1e4_entropy01to005_s1_c1_rnetol_d256_depth3_p20,seed063,63,755,75500,100,16,61.52443673351783,103.70123225696675,59.90162507770393,False,max_epochs,3471.281452894211
rl4crn_rne_oscillator_trace_8rxn_stop_risksched085to095_lr1e4_entropy01to005_s1_c1_rnetol_d256_depth3_p20,seed063,63,756,75600,100,16,64.13843338123459,131.43852743843684,59.90162507770393,False,max_epochs,3476.162248134613
rl4crn_rne_oscillator_trace_8rxn_stop_risksched085to095_lr1e4_entropy01to005_s1_c1_rnetol_d256_depth3_p20,seed063,63,757,75700,100,16,63.88924022236314,138.26695101172942,59.90162507770393,False,max_epochs,3480.5611519813538
rl4crn_rne_oscillator_trace_8rxn_stop_risksched085to095_lr1e4_entropy01to005_s1_c1_rnetol_d256_depth3_p20,seed063,63,758,75800,100,16,65.4831517932829,104.71158749374818,59.90162507770393,False,max_epochs,3485.710762500763
rl4crn_rne_oscillator_trace_8rxn_stop_risksched085to095_lr1e4_entropy01to005_s1_c1_rnetol_d256_depth3_p20,seed063,63,759,75900,100,16,61.89854198333357,138.04424106782454,59.90162507770393,False,max_epochs,3490.387357711792
rl4crn_rne_oscillator_trace_8rxn_stop_risksched085to095_lr1e4_entropy01to005_s1_c1_rnetol_d256_depth3_p20,seed063,63,760,76000,100,16,70.66667072746706,147.18720254516035,59.90162507770393,False,max_epochs,3494.944263458252
rl4crn_rne_oscillator_trace_8rxn_stop_risksched085to095_lr1e4_entropy01to005_s1_c1_rnetol_d256_depth3_p20,seed063,63,761,76100,100,16,66.34987074380629,138.107742162838,59.90162507770393,False,max_epochs,3499.6570348739624
rl4crn_rne_oscillator_trace_8rxn_stop_risksched085to095_lr1e4_entropy01to005_s1_c1_rnetol_d256_depth3_p20,seed063,63,762,76200,100,16,62.518927429351294,97.47409189350037,59.90162507770393,False,max_epochs,3504.127905368805
rl4crn_rne_oscillator_trace_8rxn_stop_risksched085to095_lr1e4_entropy01to005_s1_c1_rnetol_d256_depth3_p20,seed063,63,763,76300,100,16,64.20145705676295,123.62048077776082,59.90162507770393,False,max_epochs,3506.2340025901794
rl4crn_rne_oscillator_trace_8rxn_stop_risksched085to095_lr1e4_entropy01to005_s1_c1_rnetol_d256_depth3_p20,seed063,63,764,76400,100,16,63.0594114952891,117.79154326048993,59.90162507770393,False,max_epochs,3511.1021897792816
rl4crn_rne_oscillator_trace_8rxn_stop_risksched085to095_lr1e4_entropy01to005_s1_c1_rnetol_d256_depth3_p20,seed063,63,765,76500,100,16,69.34056845965655,121.71371331375934,59.90162507770393,False,max_epochs,3515.821380853653
rl4crn_rne_oscillator_trace_8rxn_stop_risksched085to095_lr1e4_entropy01to005_s1_c1_rnetol_d256_depth3_p20,seed063,63,766,76600,100,16,61.7369444334623,132.88354733656632,59.90162507770393,False,max_epochs,3520.8820567131042
rl4crn_rne_oscillator_trace_8rxn_stop_risksched085to095_lr1e4_entropy01to005_s1_c1_rnetol_d256_depth3_p20,seed063,63,767,76700,100,16,62.77873712202732,91.5063334416613,59.90162507770393,False,max_epochs,3525.6131858825684
rl4crn_rne_oscillator_trace_8rxn_stop_risksched085to095_lr1e4_entropy01to005_s1_c1_rnetol_d256_depth3_p20,seed063,63,768,76800,100,16,61.86629279832977,108.5034226783979,59.90162507770393,False,max_epochs,3530.3031344413757
rl4crn_rne_oscillator_trace_8rxn_stop_risksched085to095_lr1e4_entropy01to005_s1_c1_rnetol_d256_depth3_p20,seed063,63,769,76900,100,16,61.36904813071318,105.63586061198598,59.90162507770393,False,max_epochs,3534.9987938404083
rl4crn_rne_oscillator_trace_8rxn_stop_risksched085to095_lr1e4_entropy01to005_s1_c1_rnetol_d256_depth3_p20,seed063,63,770,77000,100,16,61.212919275200285,107.09392588941397,59.90162507770393,False,max_epochs,3539.3426773548126
rl4crn_rne_oscillator_trace_8rxn_stop_risksched085to095_lr1e4_entropy01to005_s1_c1_rnetol_d256_depth3_p20,seed063,63,771,77100,100,16,63.4268382146385,105.9821097484697,59.90162507770393,False,max_epochs,3541.624552965164
rl4crn_rne_oscillator_trace_8rxn_stop_risksched085to095_lr1e4_entropy01to005_s1_c1_rnetol_d256_depth3_p20,seed063,63,772,77200,100,16,62.99919233759631,90.34427303989222,59.90162507770393,False,max_epochs,3546.343075275421
rl4crn_rne_oscillator_trace_8rxn_stop_risksched085to095_lr1e4_entropy01to005_s1_c1_rnetol_d256_depth3_p20,seed063,63,773,77300,100,16,60.66493935202085,92.4881271726816,59.90162507770393,False,max_epochs,3551.3946621418
rl4crn_rne_oscillator_trace_8rxn_stop_risksched085to095_lr1e4_entropy01to005_s1_c1_rnetol_d256_depth3_p20,seed063,63,774,77400,100,16,62.5943869706942,123.2658377748197,59.90162507770393,False,max_epochs,3556.6538350582123
rl4crn_rne_oscillator_trace_8rxn_stop_risksched085to095_lr1e4_entropy01to005_s1_c1_rnetol_d256_depth3_p20,seed063,63,775,77500,100,16,62.41954219109427,111.35853189242351,59.90162507770393,False,max_epochs,3561.524257183075
rl4crn_rne_oscillator_trace_8rxn_stop_risksched085to095_lr1e4_entropy01to005_s1_c1_rnetol_d256_depth3_p20,seed063,63,776,77600,100,16,60.55113150452436,101.91299373198939,59.90162507770393,False,max_epochs,3566.5476496219635
rl4crn_rne_oscillator_trace_8rxn_stop_risksched085to095_lr1e4_entropy01to005_s1_c1_rnetol_d256_depth3_p20,seed063,63,777,77700,100,16,61.329804166511735,105.84963069882583,59.90162507770393,False,max_epochs,3571.5306906700134
rl4crn_rne_oscillator_trace_8rxn_stop_risksched085to095_lr1e4_entropy01to005_s1_c1_rnetol_d256_depth3_p20,seed063,63,778,77800,100,16,60.38431826636829,89.71078819512522,59.90162507770393,False,max_epochs,3576.9510362148285
rl4crn_rne_oscillator_trace_8rxn_stop_risksched085to095_lr1e4_entropy01to005_s1_c1_rnetol_d256_depth3_p20,seed063,63,779,77900,100,16,61.09345481178315,86.2320890870204,59.90162507770393,False,max_epochs,3581.7824246883392
rl4crn_rne_oscillator_trace_8rxn_stop_risksched085to095_lr1e4_entropy01to005_s1_c1_rnetol_d256_depth3_p20,seed063,63,780,78000,100,16,63.41951266614134,86.72031375666259,59.90162507770393,False,max_epochs,3586.5723276138306
rl4crn_rne_oscillator_trace_8rxn_stop_risksched085to095_lr1e4_entropy01to005_s1_c1_rnetol_d256_depth3_p20,seed063,63,781,78100,100,16,61.33599301116812,90.131734419047,59.90162507770393,False,max_epochs,3591.388838291168
rl4crn_rne_oscillator_trace_8rxn_stop_risksched085to095_lr1e4_entropy01to005_s1_c1_rnetol_d256_depth3_p20,seed063,63,782,78200,100,16,61.19305090824581,108.6156339085597,59.90162507770393,False,max_epochs,3596.0899806022644
rl4crn_rne_oscillator_trace_8rxn_stop_risksched085to095_lr1e4_entropy01to005_s1_c1_rnetol_d256_depth3_p20,seed063,63,783,78300,100,16,61.0415685409902,93.77755474233345,59.90162507770393,False,max_epochs,3598.2046661376953
rl4crn_rne_oscillator_trace_8rxn_stop_risksched085to095_lr1e4_entropy01to005_s1_c1_rnetol_d256_depth3_p20,seed063,63,784,78400,100,16,60.65824942490763,114.3248500357351,59.90162507770393,False,max_epochs,3602.608416557312
rl4crn_rne_oscillator_trace_8rxn_stop_risksched085to095_lr1e4_entropy01to005_s1_c1_rnetol_d256_depth3_p20,seed063,63,785,78500,100,16,60.59736265849792,80.50217910076279,59.90162507770393,False,max_epochs,3607.523389339447
rl4crn_rne_oscillator_trace_8rxn_stop_risksched085to095_lr1e4_entropy01to005_s1_c1_rnetol_d256_depth3_p20,seed063,63,786,78600,100,16,60.96664516617876,89.04525734357932,59.90162507770393,False,max_epochs,3612.7158229351044
rl4crn_rne_oscillator_trace_8rxn_stop_risksched085to095_lr1e4_entropy01to005_s1_c1_rnetol_d256_depth3_p20,seed063,63,787,78700,100,16,69.79766353936512,136.01243930646493,59.90162507770393,False,max_epochs,3617.394708633423
rl4crn_rne_oscillator_trace_8rxn_stop_risksched085to095_lr1e4_entropy01to005_s1_c1_rnetol_d256_depth3_p20,seed063,63,788,78800,100,16,67.07366941425177,134.19406050540297,59.90162507770393,False,max_epochs,3622.3590128421783
rl4crn_rne_oscillator_trace_8rxn_stop_risksched085to095_lr1e4_entropy01to005_s1_c1_rnetol_d256_depth3_p20,seed063,63,789,78900,100,16,60.5425274583833,86.20913675982601,59.90162507770393,False,max_epochs,3627.343829870224
rl4crn_rne_oscillator_trace_8rxn_stop_risksched085to095_lr1e4_entropy01to005_s1_c1_rnetol_d256_depth3_p20,seed063,63,790,79000,100,16,81.51403648976496,143.01637398400052,59.90162507770393,False,max_epochs,3632.7635922431946
rl4crn_rne_oscillator_trace_8rxn_stop_risksched085to095_lr1e4_entropy01to005_s1_c1_rnetol_d256_depth3_p20,seed063,63,791,79100,100,16,94.35838458063935,160.4386896474462,59.90162507770393,False,max_epochs,3637.5318291187286
rl4crn_rne_oscillator_trace_8rxn_stop_risksched085to095_lr1e4_entropy01to005_s1_c1_rnetol_d256_depth3_p20,seed063,63,792,79200,100,16,78.96878924457576,152.57662556616987,59.90162507770393,False,max_epochs,3642.893623113632
rl4crn_rne_oscillator_trace_8rxn_stop_risksched085to095_lr1e4_entropy01to005_s1_c1_rnetol_d256_depth3_p20,seed063,63,793,79300,100,16,61.09062281877944,87.55841718434394,59.90162507770393,False,max_epochs,3647.773633003235
rl4crn_rne_oscillator_trace_8rxn_stop_risksched085to095_lr1e4_entropy01to005_s1_c1_rnetol_d256_depth3_p20,seed063,63,794,79400,100,16,60.66151752207457,84.06346930903345,59.90162507770393,False,max_epochs,3652.6954402923584
rl4crn_rne_oscillator_trace_8rxn_stop_risksched085to095_lr1e4_entropy01to005_s1_c1_rnetol_d256_depth3_p20,seed063,63,795,79500,100,16,62.65727665503615,95.81156396533547,59.90162507770393,False,max_epochs,3657.6971442699432
rl4crn_rne_oscillator_trace_8rxn_stop_risksched085to095_lr1e4_entropy01to005_s1_c1_rnetol_d256_depth3_p20,seed063,63,796,79600,100,16,64.77994455958306,125.64252323761222,59.90162507770393,False,max_epochs,3662.574415922165
rl4crn_rne_oscillator_trace_8rxn_stop_risksched085to095_lr1e4_entropy01to005_s1_c1_rnetol_d256_depth3_p20,seed063,63,797,79700,100,16,66.75317698307924,117.86853701368574,59.90162507770393,False,max_epochs,3667.1881778240204
rl4crn_rne_oscillator_trace_8rxn_stop_risksched085to095_lr1e4_entropy01to005_s1_c1_rnetol_d256_depth3_p20,seed063,63,798,79800,100,16,60.730041715577805,87.29143891362311,59.90162507770393,False,max_epochs,3671.5509445667267
rl4crn_rne_oscillator_trace_8rxn_stop_risksched085to095_lr1e4_entropy01to005_s1_c1_rnetol_d256_depth3_p20,seed063,63,799,79900,100,16,60.77388883892183,137.72806688390403,59.90162507770393,False,max_epochs,3673.969758272171
rl4crn_rne_oscillator_trace_8rxn_stop_risksched085to095_lr1e4_entropy01to005_s1_c1_rnetol_d256_depth3_p20,seed063,63,800,80000,100,16,76.78549110080397,142.19866377377622,59.90162507770393,False,max_epochs,3678.5287108421326
rl4crn_rne_oscillator_trace_8rxn_stop_risksched085to095_lr1e4_entropy01to005_s1_c1_rnetol_d256_depth3_p20,seed063,63,801,80100,100,16,61.37886300177061,102.86318141551573,59.90162507770393,False,max_epochs,3683.595341205597
