method,run_id,seed,epoch,candidate_evaluations,batch_size,n_cpus,epoch_best_loss,epoch_median_loss,saved_best_loss,success,stop_reason,elapsed_seconds
rl4crn_rne_oscillator_trace_8rxn_stop_risksched085to095_lr1e4_entropy01to005_s1_c1_rnetol_d256_depth3_p20,seed009,9,1,100,100,16,123.73979629792599,129.80509577075074,123.73979629792599,False,max_epochs,10.89237093925476
rl4crn_rne_oscillator_trace_8rxn_stop_risksched085to095_lr1e4_entropy01to005_s1_c1_rnetol_d256_depth3_p20,seed009,9,2,200,100,16,123.1196590933267,131.02572276607634,123.1196590933267,False,max_epochs,14.014065980911255
rl4crn_rne_oscillator_trace_8rxn_stop_risksched085to095_lr1e4_entropy01to005_s1_c1_rnetol_d256_depth3_p20,seed009,9,3,300,100,16,122.01379344196894,132.0671815594809,122.01379344196894,False,max_epochs,16.438239574432373
rl4crn_rne_oscillator_trace_8rxn_stop_risksched085to095_lr1e4_entropy01to005_s1_c1_rnetol_d256_depth3_p20,seed009,9,4,400,100,16,123.5718752870119,129.53601398825083,122.01379344196894,False,max_epochs,21.039003610610962
rl4crn_rne_oscillator_trace_8rxn_stop_risksched085to095_lr1e4_entropy01to005_s1_c1_rnetol_d256_depth3_p20,seed009,9,5,500,100,16,123.97022382629449,131.81319031891599,122.01379344196894,False,max_epochs,26.35319709777832
rl4crn_rne_oscillator_trace_8rxn_stop_risksched085to095_lr1e4_entropy01to005_s1_c1_rnetol_d256_depth3_p20,seed009,9,6,600,100,16,123.15676038341596,130.03782814861037,122.01379344196894,False,max_epochs,31.31989622116089
rl4crn_rne_oscillator_trace_8rxn_stop_risksched085to095_lr1e4_entropy01to005_s1_c1_rnetol_d256_depth3_p20,seed009,9,7,700,100,16,124.44296690008943,130.4228929833912,122.01379344196894,False,max_epochs,36.430845737457275
rl4crn_rne_oscillator_trace_8rxn_stop_risksched085to095_lr1e4_entropy01to005_s1_c1_rnetol_d256_depth3_p20,seed009,9,8,800,100,16,124.05251993172952,130.2487204070329,122.01379344196894,False,max_epochs,41.24859619140625
rl4crn_rne_oscillator_trace_8rxn_stop_risksched085to095_lr1e4_entropy01to005_s1_c1_rnetol_d256_depth3_p20,seed009,9,9,900,100,16,124.56952538577852,129.8882054093133,122.01379344196894,False,max_epochs,46.528465270996094
rl4crn_rne_oscillator_trace_8rxn_stop_risksched085to095_lr1e4_entropy01to005_s1_c1_rnetol_d256_depth3_p20,seed009,9,10,1000,100,16,123.48706126264545,131.88838456797453,122.01379344196894,False,max_epochs,51.12246894836426
rl4crn_rne_oscillator_trace_8rxn_stop_risksched085to095_lr1e4_entropy01to005_s1_c1_rnetol_d256_depth3_p20,seed009,9,11,1100,100,16,125.0,130.35858940754144,122.01379344196894,False,max_epochs,56.50623035430908
rl4crn_rne_oscillator_trace_8rxn_stop_risksched085to095_lr1e4_entropy01to005_s1_c1_rnetol_d256_depth3_p20,seed009,9,12,1200,100,16,124.12414447448924,130.67517506293498,122.01379344196894,False,max_epochs,61.07903718948364
rl4crn_rne_oscillator_trace_8rxn_stop_risksched085to095_lr1e4_entropy01to005_s1_c1_rnetol_d256_depth3_p20,seed009,9,13,1300,100,16,124.3318952555066,129.739941940227,122.01379344196894,False,max_epochs,65.7357804775238
rl4crn_rne_oscillator_trace_8rxn_stop_risksched085to095_lr1e4_entropy01to005_s1_c1_rnetol_d256_depth3_p20,seed009,9,14,1400,100,16,125.0,131.50080405501495,122.01379344196894,False,max_epochs,70.19868779182434
rl4crn_rne_oscillator_trace_8rxn_stop_risksched085to095_lr1e4_entropy01to005_s1_c1_rnetol_d256_depth3_p20,seed009,9,15,1500,100,16,124.5447552733462,129.57867936642836,122.01379344196894,False,max_epochs,72.3248679637909
rl4crn_rne_oscillator_trace_8rxn_stop_risksched085to095_lr1e4_entropy01to005_s1_c1_rnetol_d256_depth3_p20,seed009,9,16,1600,100,16,123.71749789067015,129.7722445756993,122.01379344196894,False,max_epochs,76.85612773895264
rl4crn_rne_oscillator_trace_8rxn_stop_risksched085to095_lr1e4_entropy01to005_s1_c1_rnetol_d256_depth3_p20,seed009,9,17,1700,100,16,122.4218462645771,130.72723069170894,122.01379344196894,False,max_epochs,81.40522170066833
rl4crn_rne_oscillator_trace_8rxn_stop_risksched085to095_lr1e4_entropy01to005_s1_c1_rnetol_d256_depth3_p20,seed009,9,18,1800,100,16,123.1579987604706,128.5644773773618,122.01379344196894,False,max_epochs,86.01655268669128
rl4crn_rne_oscillator_trace_8rxn_stop_risksched085to095_lr1e4_entropy01to005_s1_c1_rnetol_d256_depth3_p20,seed009,9,19,1900,100,16,122.33092329983296,128.53635302086843,122.01379344196894,False,max_epochs,90.52635717391968
rl4crn_rne_oscillator_trace_8rxn_stop_risksched085to095_lr1e4_entropy01to005_s1_c1_rnetol_d256_depth3_p20,seed009,9,20,2000,100,16,122.40839461128664,129.90887258549847,122.01379344196894,False,max_epochs,95.02810502052307
rl4crn_rne_oscillator_trace_8rxn_stop_risksched085to095_lr1e4_entropy01to005_s1_c1_rnetol_d256_depth3_p20,seed009,9,21,2100,100,16,122.11827269044382,129.14600731544746,122.01379344196894,False,max_epochs,97.30280780792236
rl4crn_rne_oscillator_trace_8rxn_stop_risksched085to095_lr1e4_entropy01to005_s1_c1_rnetol_d256_depth3_p20,seed009,9,22,2200,100,16,121.98668890821611,127.5283851558311,121.98668890821611,False,max_epochs,101.95018744468689
rl4crn_rne_oscillator_trace_8rxn_stop_risksched085to095_lr1e4_entropy01to005_s1_c1_rnetol_d256_depth3_p20,seed009,9,23,2300,100,16,121.40130719975355,134.04949386674537,121.40130719975355,False,max_epochs,106.89924812316895
rl4crn_rne_oscillator_trace_8rxn_stop_risksched085to095_lr1e4_entropy01to005_s1_c1_rnetol_d256_depth3_p20,seed009,9,24,2400,100,16,121.07665714071186,128.75742852048705,121.07665714071186,False,max_epochs,111.71822381019592
rl4crn_rne_oscillator_trace_8rxn_stop_risksched085to095_lr1e4_entropy01to005_s1_c1_rnetol_d256_depth3_p20,seed009,9,25,2500,100,16,121.11172912794396,131.99644431792706,121.07665714071186,False,max_epochs,116.15992856025696
rl4crn_rne_oscillator_trace_8rxn_stop_risksched085to095_lr1e4_entropy01to005_s1_c1_rnetol_d256_depth3_p20,seed009,9,26,2600,100,16,122.05114800250536,135.14404671145235,121.07665714071186,False,max_epochs,120.85265636444092
rl4crn_rne_oscillator_trace_8rxn_stop_risksched085to095_lr1e4_entropy01to005_s1_c1_rnetol_d256_depth3_p20,seed009,9,27,2700,100,16,121.33540434140806,133.90488163629817,121.07665714071186,False,max_epochs,122.90652990341187
rl4crn_rne_oscillator_trace_8rxn_stop_risksched085to095_lr1e4_entropy01to005_s1_c1_rnetol_d256_depth3_p20,seed009,9,28,2800,100,16,121.43552573723711,133.03596822230088,121.07665714071186,False,max_epochs,127.50485634803772
rl4crn_rne_oscillator_trace_8rxn_stop_risksched085to095_lr1e4_entropy01to005_s1_c1_rnetol_d256_depth3_p20,seed009,9,29,2900,100,16,121.22058292618021,130.4834442899992,121.07665714071186,False,max_epochs,132.24525427818298
rl4crn_rne_oscillator_trace_8rxn_stop_risksched085to095_lr1e4_entropy01to005_s1_c1_rnetol_d256_depth3_p20,seed009,9,30,3000,100,16,121.29870312143471,130.94958889613088,121.07665714071186,False,max_epochs,137.47109174728394
rl4crn_rne_oscillator_trace_8rxn_stop_risksched085to095_lr1e4_entropy01to005_s1_c1_rnetol_d256_depth3_p20,seed009,9,31,3100,100,16,121.27417520631133,130.69341793267355,121.07665714071186,False,max_epochs,142.44406032562256
rl4crn_rne_oscillator_trace_8rxn_stop_risksched085to095_lr1e4_entropy01to005_s1_c1_rnetol_d256_depth3_p20,seed009,9,32,3200,100,16,120.94241736595995,129.77969937850474,120.94241736595995,False,max_epochs,147.46787810325623
rl4crn_rne_oscillator_trace_8rxn_stop_risksched085to095_lr1e4_entropy01to005_s1_c1_rnetol_d256_depth3_p20,seed009,9,33,3300,100,16,121.68350447667123,132.16322887040192,120.94241736595995,False,max_epochs,152.3062629699707
rl4crn_rne_oscillator_trace_8rxn_stop_risksched085to095_lr1e4_entropy01to005_s1_c1_rnetol_d256_depth3_p20,seed009,9,34,3400,100,16,121.0168141880847,132.22644534813116,120.94241736595995,False,max_epochs,157.6113681793213
rl4crn_rne_oscillator_trace_8rxn_stop_risksched085to095_lr1e4_entropy01to005_s1_c1_rnetol_d256_depth3_p20,seed009,9,35,3500,100,16,120.28550924266807,134.13279507088214,120.28550924266807,False,max_epochs,162.5119445323944
rl4crn_rne_oscillator_trace_8rxn_stop_risksched085to095_lr1e4_entropy01to005_s1_c1_rnetol_d256_depth3_p20,seed009,9,36,3600,100,16,121.48358620188513,133.99373245635547,120.28550924266807,False,max_epochs,167.55016469955444
rl4crn_rne_oscillator_trace_8rxn_stop_risksched085to095_lr1e4_entropy01to005_s1_c1_rnetol_d256_depth3_p20,seed009,9,37,3700,100,16,121.11547107733367,141.0997074012201,120.28550924266807,False,max_epochs,172.4454629421234
rl4crn_rne_oscillator_trace_8rxn_stop_risksched085to095_lr1e4_entropy01to005_s1_c1_rnetol_d256_depth3_p20,seed009,9,38,3800,100,16,121.08456206118314,138.57000341046168,120.28550924266807,False,max_epochs,177.47492837905884
rl4crn_rne_oscillator_trace_8rxn_stop_risksched085to095_lr1e4_entropy01to005_s1_c1_rnetol_d256_depth3_p20,seed009,9,39,3900,100,16,120.75241430835442,136.73960428999095,120.28550924266807,False,max_epochs,181.91008186340332
rl4crn_rne_oscillator_trace_8rxn_stop_risksched085to095_lr1e4_entropy01to005_s1_c1_rnetol_d256_depth3_p20,seed009,9,40,4000,100,16,121.37821480959313,137.4529706846816,120.28550924266807,False,max_epochs,186.51619958877563
rl4crn_rne_oscillator_trace_8rxn_stop_risksched085to095_lr1e4_entropy01to005_s1_c1_rnetol_d256_depth3_p20,seed009,9,41,4100,100,16,120.72511134192858,133.98777823369613,120.28550924266807,False,max_epochs,189.2652132511139
rl4crn_rne_oscillator_trace_8rxn_stop_risksched085to095_lr1e4_entropy01to005_s1_c1_rnetol_d256_depth3_p20,seed009,9,42,4200,100,16,121.00341652625981,141.37484163206094,120.28550924266807,False,max_epochs,193.3046169281006
rl4crn_rne_oscillator_trace_8rxn_stop_risksched085to095_lr1e4_entropy01to005_s1_c1_rnetol_d256_depth3_p20,seed009,9,43,4300,100,16,121.59741060169124,140.47877226258757,120.28550924266807,False,max_epochs,198.16862750053406
rl4crn_rne_oscillator_trace_8rxn_stop_risksched085to095_lr1e4_entropy01to005_s1_c1_rnetol_d256_depth3_p20,seed009,9,44,4400,100,16,121.10479362300556,131.5636889874492,120.28550924266807,False,max_epochs,203.3878617286682
rl4crn_rne_oscillator_trace_8rxn_stop_risksched085to095_lr1e4_entropy01to005_s1_c1_rnetol_d256_depth3_p20,seed009,9,45,4500,100,16,121.00618720990721,130.81870390586573,120.28550924266807,False,max_epochs,207.94054794311523
rl4crn_rne_oscillator_trace_8rxn_stop_risksched085to095_lr1e4_entropy01to005_s1_c1_rnetol_d256_depth3_p20,seed009,9,46,4600,100,16,120.91245375159846,129.12982923822395,120.28550924266807,False,max_epochs,213.08652639389038
rl4crn_rne_oscillator_trace_8rxn_stop_risksched085to095_lr1e4_entropy01to005_s1_c1_rnetol_d256_depth3_p20,seed009,9,47,4700,100,16,120.71157212048547,128.82442611488017,120.28550924266807,False,max_epochs,218.09633541107178
rl4crn_rne_oscillator_trace_8rxn_stop_risksched085to095_lr1e4_entropy01to005_s1_c1_rnetol_d256_depth3_p20,seed009,9,48,4800,100,16,121.24059012125775,134.54134540939435,120.28550924266807,False,max_epochs,222.38807368278503
rl4crn_rne_oscillator_trace_8rxn_stop_risksched085to095_lr1e4_entropy01to005_s1_c1_rnetol_d256_depth3_p20,seed009,9,49,4900,100,16,121.13759003709245,138.73049426086874,120.28550924266807,False,max_epochs,226.99342036247253
rl4crn_rne_oscillator_trace_8rxn_stop_risksched085to095_lr1e4_entropy01to005_s1_c1_rnetol_d256_depth3_p20,seed009,9,50,5000,100,16,120.8405806069229,135.66486376787614,120.28550924266807,False,max_epochs,229.9606101512909
rl4crn_rne_oscillator_trace_8rxn_stop_risksched085to095_lr1e4_entropy01to005_s1_c1_rnetol_d256_depth3_p20,seed009,9,51,5100,100,16,120.60709504521672,137.28040416741788,120.28550924266807,False,max_epochs,233.30511212348938
rl4crn_rne_oscillator_trace_8rxn_stop_risksched085to095_lr1e4_entropy01to005_s1_c1_rnetol_d256_depth3_p20,seed009,9,52,5200,100,16,121.08449414896292,138.72003380199556,120.28550924266807,False,max_epochs,238.3314459323883
rl4crn_rne_oscillator_trace_8rxn_stop_risksched085to095_lr1e4_entropy01to005_s1_c1_rnetol_d256_depth3_p20,seed009,9,53,5300,100,16,120.6820380164509,134.66921282224038,120.28550924266807,False,max_epochs,243.2680389881134
rl4crn_rne_oscillator_trace_8rxn_stop_risksched085to095_lr1e4_entropy01to005_s1_c1_rnetol_d256_depth3_p20,seed009,9,54,5400,100,16,121.07640834297766,130.184057340055,120.28550924266807,False,max_epochs,248.61771178245544
rl4crn_rne_oscillator_trace_8rxn_stop_risksched085to095_lr1e4_entropy01to005_s1_c1_rnetol_d256_depth3_p20,seed009,9,55,5500,100,16,120.34000706728203,133.84542043540068,120.28550924266807,False,max_epochs,253.23487734794617
rl4crn_rne_oscillator_trace_8rxn_stop_risksched085to095_lr1e4_entropy01to005_s1_c1_rnetol_d256_depth3_p20,seed009,9,56,5600,100,16,120.43484607548628,130.16822148595446,120.28550924266807,False,max_epochs,258.8030014038086
rl4crn_rne_oscillator_trace_8rxn_stop_risksched085to095_lr1e4_entropy01to005_s1_c1_rnetol_d256_depth3_p20,seed009,9,57,5700,100,16,121.1185170842483,133.58022224520283,120.28550924266807,False,max_epochs,263.3181531429291
rl4crn_rne_oscillator_trace_8rxn_stop_risksched085to095_lr1e4_entropy01to005_s1_c1_rnetol_d256_depth3_p20,seed009,9,58,5800,100,16,120.9827383503793,135.8539744750105,120.28550924266807,False,max_epochs,268.3563766479492
rl4crn_rne_oscillator_trace_8rxn_stop_risksched085to095_lr1e4_entropy01to005_s1_c1_rnetol_d256_depth3_p20,seed009,9,59,5900,100,16,120.96460555461198,137.86668577841837,120.28550924266807,False,max_epochs,272.9346914291382
rl4crn_rne_oscillator_trace_8rxn_stop_risksched085to095_lr1e4_entropy01to005_s1_c1_rnetol_d256_depth3_p20,seed009,9,60,6000,100,16,120.94101266224854,135.84891870521935,120.28550924266807,False,max_epochs,277.584246635437
rl4crn_rne_oscillator_trace_8rxn_stop_risksched085to095_lr1e4_entropy01to005_s1_c1_rnetol_d256_depth3_p20,seed009,9,61,6100,100,16,120.44679233365585,132.00289210822757,120.28550924266807,False,max_epochs,279.6669342517853
rl4crn_rne_oscillator_trace_8rxn_stop_risksched085to095_lr1e4_entropy01to005_s1_c1_rnetol_d256_depth3_p20,seed009,9,62,6200,100,16,120.39069179643272,128.04775472502064,120.28550924266807,False,max_epochs,284.3966896533966
rl4crn_rne_oscillator_trace_8rxn_stop_risksched085to095_lr1e4_entropy01to005_s1_c1_rnetol_d256_depth3_p20,seed009,9,63,6300,100,16,121.03551652537524,130.8017546168369,120.28550924266807,False,max_epochs,289.09264850616455
rl4crn_rne_oscillator_trace_8rxn_stop_risksched085to095_lr1e4_entropy01to005_s1_c1_rnetol_d256_depth3_p20,seed009,9,64,6400,100,16,120.7614000892332,131.23396061191096,120.28550924266807,False,max_epochs,294.4810109138489
rl4crn_rne_oscillator_trace_8rxn_stop_risksched085to095_lr1e4_entropy01to005_s1_c1_rnetol_d256_depth3_p20,seed009,9,65,6500,100,16,120.80322381176661,128.69685550893877,120.28550924266807,False,max_epochs,299.14256286621094
rl4crn_rne_oscillator_trace_8rxn_stop_risksched085to095_lr1e4_entropy01to005_s1_c1_rnetol_d256_depth3_p20,seed009,9,66,6600,100,16,120.98280623576677,124.6017666307181,120.28550924266807,False,max_epochs,304.50557494163513
rl4crn_rne_oscillator_trace_8rxn_stop_risksched085to095_lr1e4_entropy01to005_s1_c1_rnetol_d256_depth3_p20,seed009,9,67,6700,100,16,121.02170666860263,127.27760267727861,120.28550924266807,False,max_epochs,309.3315010070801
rl4crn_rne_oscillator_trace_8rxn_stop_risksched085to095_lr1e4_entropy01to005_s1_c1_rnetol_d256_depth3_p20,seed009,9,68,6800,100,16,118.96113871317142,124.97718277413975,118.96113871317142,False,max_epochs,314.2774324417114
rl4crn_rne_oscillator_trace_8rxn_stop_risksched085to095_lr1e4_entropy01to005_s1_c1_rnetol_d256_depth3_p20,seed009,9,69,6900,100,16,120.84811063861493,128.1548534241926,118.96113871317142,False,max_epochs,318.95444989204407
rl4crn_rne_oscillator_trace_8rxn_stop_risksched085to095_lr1e4_entropy01to005_s1_c1_rnetol_d256_depth3_p20,seed009,9,70,7000,100,16,120.6366265839871,138.9036241098256,118.96113871317142,False,max_epochs,323.8216142654419
rl4crn_rne_oscillator_trace_8rxn_stop_risksched085to095_lr1e4_entropy01to005_s1_c1_rnetol_d256_depth3_p20,seed009,9,71,7100,100,16,120.90142836733821,136.11649485692868,118.96113871317142,False,max_epochs,328.29221272468567
rl4crn_rne_oscillator_trace_8rxn_stop_risksched085to095_lr1e4_entropy01to005_s1_c1_rnetol_d256_depth3_p20,seed009,9,72,7200,100,16,121.2183261263165,138.03824739080923,118.96113871317142,False,max_epochs,330.3824315071106
rl4crn_rne_oscillator_trace_8rxn_stop_risksched085to095_lr1e4_entropy01to005_s1_c1_rnetol_d256_depth3_p20,seed009,9,73,7300,100,16,120.80300815809743,135.42672206276578,118.96113871317142,False,max_epochs,334.68673276901245
rl4crn_rne_oscillator_trace_8rxn_stop_risksched085to095_lr1e4_entropy01to005_s1_c1_rnetol_d256_depth3_p20,seed009,9,74,7400,100,16,120.83471023113093,128.44019484062034,118.96113871317142,False,max_epochs,339.54217982292175
rl4crn_rne_oscillator_trace_8rxn_stop_risksched085to095_lr1e4_entropy01to005_s1_c1_rnetol_d256_depth3_p20,seed009,9,75,7500,100,16,120.23750313369537,126.18894224500548,118.96113871317142,False,max_epochs,344.15460991859436
rl4crn_rne_oscillator_trace_8rxn_stop_risksched085to095_lr1e4_entropy01to005_s1_c1_rnetol_d256_depth3_p20,seed009,9,76,7600,100,16,120.49545642781007,127.65885599970444,118.96113871317142,False,max_epochs,348.70471262931824
rl4crn_rne_oscillator_trace_8rxn_stop_risksched085to095_lr1e4_entropy01to005_s1_c1_rnetol_d256_depth3_p20,seed009,9,77,7700,100,16,120.83529008418711,125.39509797108909,118.96113871317142,False,max_epochs,353.21731781959534
rl4crn_rne_oscillator_trace_8rxn_stop_risksched085to095_lr1e4_entropy01to005_s1_c1_rnetol_d256_depth3_p20,seed009,9,78,7800,100,16,120.51416956882139,126.71771160648115,118.96113871317142,False,max_epochs,355.3597180843353
rl4crn_rne_oscillator_trace_8rxn_stop_risksched085to095_lr1e4_entropy01to005_s1_c1_rnetol_d256_depth3_p20,seed009,9,79,7900,100,16,118.72750818457361,124.59638498046971,118.72750818457361,False,max_epochs,360.05478143692017
rl4crn_rne_oscillator_trace_8rxn_stop_risksched085to095_lr1e4_entropy01to005_s1_c1_rnetol_d256_depth3_p20,seed009,9,80,8000,100,16,120.72624356931108,129.92789467745,118.72750818457361,False,max_epochs,364.91630244255066
rl4crn_rne_oscillator_trace_8rxn_stop_risksched085to095_lr1e4_entropy01to005_s1_c1_rnetol_d256_depth3_p20,seed009,9,81,8100,100,16,120.47035548803827,134.13897681678483,118.72750818457361,False,max_epochs,369.2513737678528
rl4crn_rne_oscillator_trace_8rxn_stop_risksched085to095_lr1e4_entropy01to005_s1_c1_rnetol_d256_depth3_p20,seed009,9,82,8200,100,16,120.23290116724134,132.78729596585546,118.72750818457361,False,max_epochs,373.90343594551086
rl4crn_rne_oscillator_trace_8rxn_stop_risksched085to095_lr1e4_entropy01to005_s1_c1_rnetol_d256_depth3_p20,seed009,9,83,8300,100,16,120.71114780333022,134.71803378983083,118.72750818457361,False,max_epochs,377.4648652076721
rl4crn_rne_oscillator_trace_8rxn_stop_risksched085to095_lr1e4_entropy01to005_s1_c1_rnetol_d256_depth3_p20,seed009,9,84,8400,100,16,120.71134108048562,129.9272536071982,118.72750818457361,False,max_epochs,380.6557514667511
rl4crn_rne_oscillator_trace_8rxn_stop_risksched085to095_lr1e4_entropy01to005_s1_c1_rnetol_d256_depth3_p20,seed009,9,85,8500,100,16,120.47893448999524,128.77203108041851,118.72750818457361,False,max_epochs,385.4447543621063
rl4crn_rne_oscillator_trace_8rxn_stop_risksched085to095_lr1e4_entropy01to005_s1_c1_rnetol_d256_depth3_p20,seed009,9,86,8600,100,16,120.15374524848976,125.31079576319826,118.72750818457361,False,max_epochs,390.61514806747437
rl4crn_rne_oscillator_trace_8rxn_stop_risksched085to095_lr1e4_entropy01to005_s1_c1_rnetol_d256_depth3_p20,seed009,9,87,8700,100,16,117.33683264311459,124.10261578635756,117.33683264311459,False,max_epochs,395.1836919784546
rl4crn_rne_oscillator_trace_8rxn_stop_risksched085to095_lr1e4_entropy01to005_s1_c1_rnetol_d256_depth3_p20,seed009,9,88,8800,100,16,120.0459099854901,128.78664850514238,117.33683264311459,False,max_epochs,400.5012333393097
rl4crn_rne_oscillator_trace_8rxn_stop_risksched085to095_lr1e4_entropy01to005_s1_c1_rnetol_d256_depth3_p20,seed009,9,89,8900,100,16,120.10040676776141,123.80784122607052,117.33683264311459,False,max_epochs,405.3214900493622
rl4crn_rne_oscillator_trace_8rxn_stop_risksched085to095_lr1e4_entropy01to005_s1_c1_rnetol_d256_depth3_p20,seed009,9,90,9000,100,16,118.67104052245537,125.37966270380855,117.33683264311459,False,max_epochs,410.672483921051
rl4crn_rne_oscillator_trace_8rxn_stop_risksched085to095_lr1e4_entropy01to005_s1_c1_rnetol_d256_depth3_p20,seed009,9,91,9100,100,16,120.88025243787891,126.11838928313367,117.33683264311459,False,max_epochs,415.3131265640259
rl4crn_rne_oscillator_trace_8rxn_stop_risksched085to095_lr1e4_entropy01to005_s1_c1_rnetol_d256_depth3_p20,seed009,9,92,9200,100,16,120.25514280096745,125.82380745625537,117.33683264311459,False,max_epochs,420.64291191101074
rl4crn_rne_oscillator_trace_8rxn_stop_risksched085to095_lr1e4_entropy01to005_s1_c1_rnetol_d256_depth3_p20,seed009,9,93,9300,100,16,115.88157290637173,129.45487467452796,115.88157290637173,False,max_epochs,425.565771818161
rl4crn_rne_oscillator_trace_8rxn_stop_risksched085to095_lr1e4_entropy01to005_s1_c1_rnetol_d256_depth3_p20,seed009,9,94,9400,100,16,118.22976311934477,125.47697112006682,115.88157290637173,False,max_epochs,430.42171144485474
rl4crn_rne_oscillator_trace_8rxn_stop_risksched085to095_lr1e4_entropy01to005_s1_c1_rnetol_d256_depth3_p20,seed009,9,95,9500,100,16,117.50717057827589,126.72202118792146,115.88157290637173,False,max_epochs,434.8976049423218
rl4crn_rne_oscillator_trace_8rxn_stop_risksched085to095_lr1e4_entropy01to005_s1_c1_rnetol_d256_depth3_p20,seed009,9,96,9600,100,16,117.94490516683048,127.5794957561478,115.88157290637173,False,max_epochs,439.6156039237976
rl4crn_rne_oscillator_trace_8rxn_stop_risksched085to095_lr1e4_entropy01to005_s1_c1_rnetol_d256_depth3_p20,seed009,9,97,9700,100,16,118.7263630367133,128.14591729657556,115.88157290637173,False,max_epochs,441.709454536438
rl4crn_rne_oscillator_trace_8rxn_stop_risksched085to095_lr1e4_entropy01to005_s1_c1_rnetol_d256_depth3_p20,seed009,9,98,9800,100,16,115.68879732117244,129.8273206468706,115.68879732117244,False,max_epochs,446.22975516319275
rl4crn_rne_oscillator_trace_8rxn_stop_risksched085to095_lr1e4_entropy01to005_s1_c1_rnetol_d256_depth3_p20,seed009,9,99,9900,100,16,119.95478403083041,129.1414563582414,115.68879732117244,False,max_epochs,450.8456709384918
rl4crn_rne_oscillator_trace_8rxn_stop_risksched085to095_lr1e4_entropy01to005_s1_c1_rnetol_d256_depth3_p20,seed009,9,100,10000,100,16,118.47714459684964,125.23414544130297,115.68879732117244,False,max_epochs,455.8312249183655
rl4crn_rne_oscillator_trace_8rxn_stop_risksched085to095_lr1e4_entropy01to005_s1_c1_rnetol_d256_depth3_p20,seed009,9,101,10100,100,16,117.50426168488556,125.18780983921849,115.68879732117244,False,max_epochs,460.6694459915161
rl4crn_rne_oscillator_trace_8rxn_stop_risksched085to095_lr1e4_entropy01to005_s1_c1_rnetol_d256_depth3_p20,seed009,9,102,10200,100,16,118.85054289228918,123.98197098681953,115.68879732117244,False,max_epochs,465.2119417190552
rl4crn_rne_oscillator_trace_8rxn_stop_risksched085to095_lr1e4_entropy01to005_s1_c1_rnetol_d256_depth3_p20,seed009,9,103,10300,100,16,120.34814407670589,124.63300686914263,115.68879732117244,False,max_epochs,469.7752981185913
rl4crn_rne_oscillator_trace_8rxn_stop_risksched085to095_lr1e4_entropy01to005_s1_c1_rnetol_d256_depth3_p20,seed009,9,104,10400,100,16,120.18560880402319,124.28942377474789,115.68879732117244,False,max_epochs,471.8963432312012
rl4crn_rne_oscillator_trace_8rxn_stop_risksched085to095_lr1e4_entropy01to005_s1_c1_rnetol_d256_depth3_p20,seed009,9,105,10500,100,16,118.13747450258634,123.65962314852587,115.68879732117244,False,max_epochs,476.32054924964905
rl4crn_rne_oscillator_trace_8rxn_stop_risksched085to095_lr1e4_entropy01to005_s1_c1_rnetol_d256_depth3_p20,seed009,9,106,10600,100,16,120.4351566653842,124.24428514482247,115.68879732117244,False,max_epochs,481.42605090141296
rl4crn_rne_oscillator_trace_8rxn_stop_risksched085to095_lr1e4_entropy01to005_s1_c1_rnetol_d256_depth3_p20,seed009,9,107,10700,100,16,119.02334007356914,124.08068379107729,115.68879732117244,False,max_epochs,486.42250752449036
rl4crn_rne_oscillator_trace_8rxn_stop_risksched085to095_lr1e4_entropy01to005_s1_c1_rnetol_d256_depth3_p20,seed009,9,108,10800,100,16,115.73945406060619,125.21368232357423,115.68879732117244,False,max_epochs,491.89316630363464
rl4crn_rne_oscillator_trace_8rxn_stop_risksched085to095_lr1e4_entropy01to005_s1_c1_rnetol_d256_depth3_p20,seed009,9,109,10900,100,16,119.5892155806576,124.8601158219881,115.68879732117244,False,max_epochs,496.59460711479187
rl4crn_rne_oscillator_trace_8rxn_stop_risksched085to095_lr1e4_entropy01to005_s1_c1_rnetol_d256_depth3_p20,seed009,9,110,11000,100,16,118.37896316428404,123.43231129513926,115.68879732117244,False,max_epochs,501.6788375377655
rl4crn_rne_oscillator_trace_8rxn_stop_risksched085to095_lr1e4_entropy01to005_s1_c1_rnetol_d256_depth3_p20,seed009,9,111,11100,100,16,118.7777898746902,124.65855414548324,115.68879732117244,False,max_epochs,506.53500747680664
rl4crn_rne_oscillator_trace_8rxn_stop_risksched085to095_lr1e4_entropy01to005_s1_c1_rnetol_d256_depth3_p20,seed009,9,112,11200,100,16,117.57643044000953,122.86879694097242,115.68879732117244,False,max_epochs,511.2245216369629
rl4crn_rne_oscillator_trace_8rxn_stop_risksched085to095_lr1e4_entropy01to005_s1_c1_rnetol_d256_depth3_p20,seed009,9,113,11300,100,16,119.46229882297747,122.93987956452241,115.68879732117244,False,max_epochs,515.9311316013336
rl4crn_rne_oscillator_trace_8rxn_stop_risksched085to095_lr1e4_entropy01to005_s1_c1_rnetol_d256_depth3_p20,seed009,9,114,11400,100,16,118.49886817939236,124.01383689329728,115.68879732117244,False,max_epochs,520.2493216991425
rl4crn_rne_oscillator_trace_8rxn_stop_risksched085to095_lr1e4_entropy01to005_s1_c1_rnetol_d256_depth3_p20,seed009,9,115,11500,100,16,116.83409927629612,123.11148029302454,115.68879732117244,False,max_epochs,522.6213738918304
rl4crn_rne_oscillator_trace_8rxn_stop_risksched085to095_lr1e4_entropy01to005_s1_c1_rnetol_d256_depth3_p20,seed009,9,116,11600,100,16,119.82223502768834,124.05960655506024,115.68879732117244,False,max_epochs,527.6425890922546
rl4crn_rne_oscillator_trace_8rxn_stop_risksched085to095_lr1e4_entropy01to005_s1_c1_rnetol_d256_depth3_p20,seed009,9,117,11700,100,16,119.43506485730889,124.21291185203957,115.68879732117244,False,max_epochs,532.6558411121368
rl4crn_rne_oscillator_trace_8rxn_stop_risksched085to095_lr1e4_entropy01to005_s1_c1_rnetol_d256_depth3_p20,seed009,9,118,11800,100,16,116.1560809875969,123.6709404244011,115.68879732117244,False,max_epochs,537.845499753952
rl4crn_rne_oscillator_trace_8rxn_stop_risksched085to095_lr1e4_entropy01to005_s1_c1_rnetol_d256_depth3_p20,seed009,9,119,11900,100,16,118.64067184804118,122.24341264047482,115.68879732117244,False,max_epochs,542.2217154502869
rl4crn_rne_oscillator_trace_8rxn_stop_risksched085to095_lr1e4_entropy01to005_s1_c1_rnetol_d256_depth3_p20,seed009,9,120,12000,100,16,117.69296302612574,123.8970578669978,115.68879732117244,False,max_epochs,546.8129317760468
rl4crn_rne_oscillator_trace_8rxn_stop_risksched085to095_lr1e4_entropy01to005_s1_c1_rnetol_d256_depth3_p20,seed009,9,121,12100,100,16,116.6781252721459,124.17086883983019,115.68879732117244,False,max_epochs,551.5059490203857
rl4crn_rne_oscillator_trace_8rxn_stop_risksched085to095_lr1e4_entropy01to005_s1_c1_rnetol_d256_depth3_p20,seed009,9,122,12200,100,16,116.3048868948645,125.67326082713966,115.68879732117244,False,max_epochs,553.5861387252808
rl4crn_rne_oscillator_trace_8rxn_stop_risksched085to095_lr1e4_entropy01to005_s1_c1_rnetol_d256_depth3_p20,seed009,9,123,12300,100,16,116.79695769232961,127.64249159968963,115.68879732117244,False,max_epochs,557.8890690803528
rl4crn_rne_oscillator_trace_8rxn_stop_risksched085to095_lr1e4_entropy01to005_s1_c1_rnetol_d256_depth3_p20,seed009,9,124,12400,100,16,118.84106043740083,126.10489655654197,115.68879732117244,False,max_epochs,562.696615934372
rl4crn_rne_oscillator_trace_8rxn_stop_risksched085to095_lr1e4_entropy01to005_s1_c1_rnetol_d256_depth3_p20,seed009,9,125,12500,100,16,118.4477975222944,124.7564585341454,115.68879732117244,False,max_epochs,567.3842408657074
rl4crn_rne_oscillator_trace_8rxn_stop_risksched085to095_lr1e4_entropy01to005_s1_c1_rnetol_d256_depth3_p20,seed009,9,126,12600,100,16,117.19149999225098,124.19841369056925,115.68879732117244,False,max_epochs,572.1332426071167
rl4crn_rne_oscillator_trace_8rxn_stop_risksched085to095_lr1e4_entropy01to005_s1_c1_rnetol_d256_depth3_p20,seed009,9,127,12700,100,16,118.16149301494708,124.199133768371,115.68879732117244,False,max_epochs,576.4057199954987
rl4crn_rne_oscillator_trace_8rxn_stop_risksched085to095_lr1e4_entropy01to005_s1_c1_rnetol_d256_depth3_p20,seed009,9,128,12800,100,16,118.81556186628751,125.22835562453594,115.68879732117244,False,max_epochs,578.5327363014221
rl4crn_rne_oscillator_trace_8rxn_stop_risksched085to095_lr1e4_entropy01to005_s1_c1_rnetol_d256_depth3_p20,seed009,9,129,12900,100,16,117.77050652998388,125.79065547652311,115.68879732117244,False,max_epochs,583.1323311328888
rl4crn_rne_oscillator_trace_8rxn_stop_risksched085to095_lr1e4_entropy01to005_s1_c1_rnetol_d256_depth3_p20,seed009,9,130,13000,100,16,117.35041614750517,125.83742134354608,115.68879732117244,False,max_epochs,588.125812292099
rl4crn_rne_oscillator_trace_8rxn_stop_risksched085to095_lr1e4_entropy01to005_s1_c1_rnetol_d256_depth3_p20,seed009,9,131,13100,100,16,116.30144137655742,126.43585554333703,115.68879732117244,False,max_epochs,592.7237584590912
rl4crn_rne_oscillator_trace_8rxn_stop_risksched085to095_lr1e4_entropy01to005_s1_c1_rnetol_d256_depth3_p20,seed009,9,132,13200,100,16,119.12769442673033,126.8198270769315,115.68879732117244,False,max_epochs,597.1535642147064
rl4crn_rne_oscillator_trace_8rxn_stop_risksched085to095_lr1e4_entropy01to005_s1_c1_rnetol_d256_depth3_p20,seed009,9,133,13300,100,16,115.92734108692161,126.63423669080896,115.68879732117244,False,max_epochs,601.8826985359192
rl4crn_rne_oscillator_trace_8rxn_stop_risksched085to095_lr1e4_entropy01to005_s1_c1_rnetol_d256_depth3_p20,seed009,9,134,13400,100,16,119.32903925305038,124.48057424122521,115.68879732117244,False,max_epochs,606.5440218448639
rl4crn_rne_oscillator_trace_8rxn_stop_risksched085to095_lr1e4_entropy01to005_s1_c1_rnetol_d256_depth3_p20,seed009,9,135,13500,100,16,117.62523463163626,123.83677258998466,115.68879732117244,False,max_epochs,608.7454657554626
rl4crn_rne_oscillator_trace_8rxn_stop_risksched085to095_lr1e4_entropy01to005_s1_c1_rnetol_d256_depth3_p20,seed009,9,136,13600,100,16,118.77656570137424,123.68531272933298,115.68879732117244,False,max_epochs,613.2392952442169
rl4crn_rne_oscillator_trace_8rxn_stop_risksched085to095_lr1e4_entropy01to005_s1_c1_rnetol_d256_depth3_p20,seed009,9,137,13700,100,16,117.25334841328367,124.45893047937699,115.68879732117244,False,max_epochs,617.9812321662903
rl4crn_rne_oscillator_trace_8rxn_stop_risksched085to095_lr1e4_entropy01to005_s1_c1_rnetol_d256_depth3_p20,seed009,9,138,13800,100,16,117.97513960794126,123.40270824922828,115.68879732117244,False,max_epochs,622.8743472099304
rl4crn_rne_oscillator_trace_8rxn_stop_risksched085to095_lr1e4_entropy01to005_s1_c1_rnetol_d256_depth3_p20,seed009,9,139,13900,100,16,118.10075497329636,124.460687500424,115.68879732117244,False,max_epochs,627.664311170578
rl4crn_rne_oscillator_trace_8rxn_stop_risksched085to095_lr1e4_entropy01to005_s1_c1_rnetol_d256_depth3_p20,seed009,9,140,14000,100,16,111.99749598525256,124.0942826987401,111.99749598525256,False,max_epochs,632.4692621231079
rl4crn_rne_oscillator_trace_8rxn_stop_risksched085to095_lr1e4_entropy01to005_s1_c1_rnetol_d256_depth3_p20,seed009,9,141,14100,100,16,115.14782876936798,123.31303673949319,111.99749598525256,False,max_epochs,637.088385105133
rl4crn_rne_oscillator_trace_8rxn_stop_risksched085to095_lr1e4_entropy01to005_s1_c1_rnetol_d256_depth3_p20,seed009,9,142,14200,100,16,117.83961975285598,124.51211261158329,111.99749598525256,False,max_epochs,641.7411825656891
rl4crn_rne_oscillator_trace_8rxn_stop_risksched085to095_lr1e4_entropy01to005_s1_c1_rnetol_d256_depth3_p20,seed009,9,143,14300,100,16,114.99973277422554,126.66710811435749,111.99749598525256,False,max_epochs,643.7781109809875
rl4crn_rne_oscillator_trace_8rxn_stop_risksched085to095_lr1e4_entropy01to005_s1_c1_rnetol_d256_depth3_p20,seed009,9,144,14400,100,16,118.0592855202447,125.34842297488206,111.99749598525256,False,max_epochs,648.2414274215698
rl4crn_rne_oscillator_trace_8rxn_stop_risksched085to095_lr1e4_entropy01to005_s1_c1_rnetol_d256_depth3_p20,seed009,9,145,14500,100,16,114.00954459317599,124.83212066009845,111.99749598525256,False,max_epochs,653.1013014316559
rl4crn_rne_oscillator_trace_8rxn_stop_risksched085to095_lr1e4_entropy01to005_s1_c1_rnetol_d256_depth3_p20,seed009,9,146,14600,100,16,114.72252911830599,123.04434964109102,111.99749598525256,False,max_epochs,658.5237438678741
rl4crn_rne_oscillator_trace_8rxn_stop_risksched085to095_lr1e4_entropy01to005_s1_c1_rnetol_d256_depth3_p20,seed009,9,147,14700,100,16,115.1378652854581,123.25979053594715,111.99749598525256,False,max_epochs,663.2604894638062
rl4crn_rne_oscillator_trace_8rxn_stop_risksched085to095_lr1e4_entropy01to005_s1_c1_rnetol_d256_depth3_p20,seed009,9,148,14800,100,16,116.10643150246314,123.79004633988384,111.99749598525256,False,max_epochs,667.9835977554321
rl4crn_rne_oscillator_trace_8rxn_stop_risksched085to095_lr1e4_entropy01to005_s1_c1_rnetol_d256_depth3_p20,seed009,9,149,14900,100,16,115.41769294516023,122.22034511466191,111.99749598525256,False,max_epochs,672.6037690639496
rl4crn_rne_oscillator_trace_8rxn_stop_risksched085to095_lr1e4_entropy01to005_s1_c1_rnetol_d256_depth3_p20,seed009,9,150,15000,100,16,113.04551767200181,123.29080802993714,111.99749598525256,False,max_epochs,677.2935752868652
rl4crn_rne_oscillator_trace_8rxn_stop_risksched085to095_lr1e4_entropy01to005_s1_c1_rnetol_d256_depth3_p20,seed009,9,151,15100,100,16,116.00492609143879,123.81479779750299,111.99749598525256,False,max_epochs,681.4421591758728
rl4crn_rne_oscillator_trace_8rxn_stop_risksched085to095_lr1e4_entropy01to005_s1_c1_rnetol_d256_depth3_p20,seed009,9,152,15200,100,16,114.98334204653743,123.79102169443416,111.99749598525256,False,max_epochs,683.9040222167969
rl4crn_rne_oscillator_trace_8rxn_stop_risksched085to095_lr1e4_entropy01to005_s1_c1_rnetol_d256_depth3_p20,seed009,9,153,15300,100,16,112.48180182798099,121.80385016844758,111.99749598525256,False,max_epochs,688.5820407867432
rl4crn_rne_oscillator_trace_8rxn_stop_risksched085to095_lr1e4_entropy01to005_s1_c1_rnetol_d256_depth3_p20,seed009,9,154,15400,100,16,114.86406615483139,121.98976576370191,111.99749598525256,False,max_epochs,693.9130833148956
rl4crn_rne_oscillator_trace_8rxn_stop_risksched085to095_lr1e4_entropy01to005_s1_c1_rnetol_d256_depth3_p20,seed009,9,155,15500,100,16,115.83146724472797,123.1033955624403,111.99749598525256,False,max_epochs,698.5850112438202
rl4crn_rne_oscillator_trace_8rxn_stop_risksched085to095_lr1e4_entropy01to005_s1_c1_rnetol_d256_depth3_p20,seed009,9,156,15600,100,16,114.66854676224908,124.9019458427559,111.99749598525256,False,max_epochs,702.9779143333435
rl4crn_rne_oscillator_trace_8rxn_stop_risksched085to095_lr1e4_entropy01to005_s1_c1_rnetol_d256_depth3_p20,seed009,9,157,15700,100,16,115.33891042498367,123.17352344989922,111.99749598525256,False,max_epochs,707.7470145225525
rl4crn_rne_oscillator_trace_8rxn_stop_risksched085to095_lr1e4_entropy01to005_s1_c1_rnetol_d256_depth3_p20,seed009,9,158,15800,100,16,114.54854434313688,122.21771194361331,111.99749598525256,False,max_epochs,711.9288442134857
rl4crn_rne_oscillator_trace_8rxn_stop_risksched085to095_lr1e4_entropy01to005_s1_c1_rnetol_d256_depth3_p20,seed009,9,159,15900,100,16,113.4284403324882,122.54118467771511,111.99749598525256,False,max_epochs,714.1716730594635
rl4crn_rne_oscillator_trace_8rxn_stop_risksched085to095_lr1e4_entropy01to005_s1_c1_rnetol_d256_depth3_p20,seed009,9,160,16000,100,16,114.95808419283249,124.04742464179694,111.99749598525256,False,max_epochs,719.23890209198
rl4crn_rne_oscillator_trace_8rxn_stop_risksched085to095_lr1e4_entropy01to005_s1_c1_rnetol_d256_depth3_p20,seed009,9,161,16100,100,16,113.26405548493088,124.45706217311445,111.99749598525256,False,max_epochs,724.0866892337799
rl4crn_rne_oscillator_trace_8rxn_stop_risksched085to095_lr1e4_entropy01to005_s1_c1_rnetol_d256_depth3_p20,seed009,9,162,16200,100,16,113.20864362383286,122.99527782515398,111.99749598525256,False,max_epochs,729.4946255683899
rl4crn_rne_oscillator_trace_8rxn_stop_risksched085to095_lr1e4_entropy01to005_s1_c1_rnetol_d256_depth3_p20,seed009,9,163,16300,100,16,115.92526172896683,121.77411768406775,111.99749598525256,False,max_epochs,734.4876472949982
rl4crn_rne_oscillator_trace_8rxn_stop_risksched085to095_lr1e4_entropy01to005_s1_c1_rnetol_d256_depth3_p20,seed009,9,164,16400,100,16,114.07608985593207,121.49955384369377,111.99749598525256,False,max_epochs,739.4929258823395
rl4crn_rne_oscillator_trace_8rxn_stop_risksched085to095_lr1e4_entropy01to005_s1_c1_rnetol_d256_depth3_p20,seed009,9,165,16500,100,16,115.16653763202247,122.57018776658953,111.99749598525256,False,max_epochs,744.3307681083679
rl4crn_rne_oscillator_trace_8rxn_stop_risksched085to095_lr1e4_entropy01to005_s1_c1_rnetol_d256_depth3_p20,seed009,9,166,16600,100,16,116.75410671180516,125.13338487843438,111.99749598525256,False,max_epochs,749.2602467536926
rl4crn_rne_oscillator_trace_8rxn_stop_risksched085to095_lr1e4_entropy01to005_s1_c1_rnetol_d256_depth3_p20,seed009,9,167,16700,100,16,117.29399392487497,127.53034212235615,111.99749598525256,False,max_epochs,753.6528377532959
rl4crn_rne_oscillator_trace_8rxn_stop_risksched085to095_lr1e4_entropy01to005_s1_c1_rnetol_d256_depth3_p20,seed009,9,168,16800,100,16,118.17236769411048,127.77925908415392,111.99749598525256,False,max_epochs,758.1452193260193
rl4crn_rne_oscillator_trace_8rxn_stop_risksched085to095_lr1e4_entropy01to005_s1_c1_rnetol_d256_depth3_p20,seed009,9,169,16900,100,16,114.61746580679018,125.29224437878283,111.99749598525256,False,max_epochs,760.445348739624
rl4crn_rne_oscillator_trace_8rxn_stop_risksched085to095_lr1e4_entropy01to005_s1_c1_rnetol_d256_depth3_p20,seed009,9,170,17000,100,16,114.50131254328217,123.570325720444,111.99749598525256,False,max_epochs,764.9950299263
rl4crn_rne_oscillator_trace_8rxn_stop_risksched085to095_lr1e4_entropy01to005_s1_c1_rnetol_d256_depth3_p20,seed009,9,171,17100,100,16,115.78408413097445,121.28174920711768,111.99749598525256,False,max_epochs,769.7056188583374
rl4crn_rne_oscillator_trace_8rxn_stop_risksched085to095_lr1e4_entropy01to005_s1_c1_rnetol_d256_depth3_p20,seed009,9,172,17200,100,16,116.74314624076659,121.06852153994186,111.99749598525256,False,max_epochs,775.1547400951385
rl4crn_rne_oscillator_trace_8rxn_stop_risksched085to095_lr1e4_entropy01to005_s1_c1_rnetol_d256_depth3_p20,seed009,9,173,17300,100,16,115.41432559629786,121.6003213606613,111.99749598525256,False,max_epochs,779.827805519104
rl4crn_rne_oscillator_trace_8rxn_stop_risksched085to095_lr1e4_entropy01to005_s1_c1_rnetol_d256_depth3_p20,seed009,9,174,17400,100,16,116.47323679925579,121.81185931052423,111.99749598525256,False,max_epochs,784.7796545028687
rl4crn_rne_oscillator_trace_8rxn_stop_risksched085to095_lr1e4_entropy01to005_s1_c1_rnetol_d256_depth3_p20,seed009,9,175,17500,100,16,114.6523772351498,122.85191654401461,111.99749598525256,False,max_epochs,789.6926715373993
rl4crn_rne_oscillator_trace_8rxn_stop_risksched085to095_lr1e4_entropy01to005_s1_c1_rnetol_d256_depth3_p20,seed009,9,176,17600,100,16,115.65892261049831,123.83117620480199,111.99749598525256,False,max_epochs,794.99249958992
rl4crn_rne_oscillator_trace_8rxn_stop_risksched085to095_lr1e4_entropy01to005_s1_c1_rnetol_d256_depth3_p20,seed009,9,177,17700,100,16,113.08465325946771,122.90037910297663,111.99749598525256,False,max_epochs,799.9352126121521
rl4crn_rne_oscillator_trace_8rxn_stop_risksched085to095_lr1e4_entropy01to005_s1_c1_rnetol_d256_depth3_p20,seed009,9,178,17800,100,16,114.63081792180601,122.6739415786665,111.99749598525256,False,max_epochs,804.6485035419464
rl4crn_rne_oscillator_trace_8rxn_stop_risksched085to095_lr1e4_entropy01to005_s1_c1_rnetol_d256_depth3_p20,seed009,9,179,17900,100,16,113.78973606422684,121.84953582473739,111.99749598525256,False,max_epochs,809.0539693832397
rl4crn_rne_oscillator_trace_8rxn_stop_risksched085to095_lr1e4_entropy01to005_s1_c1_rnetol_d256_depth3_p20,seed009,9,180,18000,100,16,114.20537372161648,121.98214003732672,111.99749598525256,False,max_epochs,813.5492308139801
rl4crn_rne_oscillator_trace_8rxn_stop_risksched085to095_lr1e4_entropy01to005_s1_c1_rnetol_d256_depth3_p20,seed009,9,181,18100,100,16,113.81560992721455,122.30431114262204,111.99749598525256,False,max_epochs,815.5730783939362
rl4crn_rne_oscillator_trace_8rxn_stop_risksched085to095_lr1e4_entropy01to005_s1_c1_rnetol_d256_depth3_p20,seed009,9,182,18200,100,16,115.15017427346858,123.84588986523542,111.99749598525256,False,max_epochs,819.9671130180359
rl4crn_rne_oscillator_trace_8rxn_stop_risksched085to095_lr1e4_entropy01to005_s1_c1_rnetol_d256_depth3_p20,seed009,9,183,18300,100,16,112.93596320978578,123.20657616888657,111.99749598525256,False,max_epochs,824.8145334720612
rl4crn_rne_oscillator_trace_8rxn_stop_risksched085to095_lr1e4_entropy01to005_s1_c1_rnetol_d256_depth3_p20,seed009,9,184,18400,100,16,111.81092766134886,122.1541501750298,111.81092766134886,False,max_epochs,829.9078686237335
rl4crn_rne_oscillator_trace_8rxn_stop_risksched085to095_lr1e4_entropy01to005_s1_c1_rnetol_d256_depth3_p20,seed009,9,185,18500,100,16,116.91382458153284,120.9493215189259,111.81092766134886,False,max_epochs,834.4357521533966
rl4crn_rne_oscillator_trace_8rxn_stop_risksched085to095_lr1e4_entropy01to005_s1_c1_rnetol_d256_depth3_p20,seed009,9,186,18600,100,16,117.14136089248447,121.4024154692371,111.81092766134886,False,max_epochs,839.0834865570068
rl4crn_rne_oscillator_trace_8rxn_stop_risksched085to095_lr1e4_entropy01to005_s1_c1_rnetol_d256_depth3_p20,seed009,9,187,18700,100,16,114.80949435538334,121.23370027558502,111.81092766134886,False,max_epochs,841.5532510280609
rl4crn_rne_oscillator_trace_8rxn_stop_risksched085to095_lr1e4_entropy01to005_s1_c1_rnetol_d256_depth3_p20,seed009,9,188,18800,100,16,115.11985610486819,121.44464233004166,111.81092766134886,False,max_epochs,845.6656663417816
rl4crn_rne_oscillator_trace_8rxn_stop_risksched085to095_lr1e4_entropy01to005_s1_c1_rnetol_d256_depth3_p20,seed009,9,189,18900,100,16,114.12619552973507,124.44225030862322,111.81092766134886,False,max_epochs,850.6333682537079
rl4crn_rne_oscillator_trace_8rxn_stop_risksched085to095_lr1e4_entropy01to005_s1_c1_rnetol_d256_depth3_p20,seed009,9,190,19000,100,16,114.85962984386101,126.49288485419659,111.81092766134886,False,max_epochs,855.9456007480621
rl4crn_rne_oscillator_trace_8rxn_stop_risksched085to095_lr1e4_entropy01to005_s1_c1_rnetol_d256_depth3_p20,seed009,9,191,19100,100,16,114.53052802761638,126.45290374100588,111.81092766134886,False,max_epochs,860.7859947681427
rl4crn_rne_oscillator_trace_8rxn_stop_risksched085to095_lr1e4_entropy01to005_s1_c1_rnetol_d256_depth3_p20,seed009,9,192,19200,100,16,115.73600994055242,126.5575950795321,111.81092766134886,False,max_epochs,865.5055713653564
rl4crn_rne_oscillator_trace_8rxn_stop_risksched085to095_lr1e4_entropy01to005_s1_c1_rnetol_d256_depth3_p20,seed009,9,193,19300,100,16,113.83756199862106,125.7259871170155,111.81092766134886,False,max_epochs,870.256858587265
rl4crn_rne_oscillator_trace_8rxn_stop_risksched085to095_lr1e4_entropy01to005_s1_c1_rnetol_d256_depth3_p20,seed009,9,194,19400,100,16,113.3346904287416,122.6959890458001,111.81092766134886,False,max_epochs,874.7666676044464
rl4crn_rne_oscillator_trace_8rxn_stop_risksched085to095_lr1e4_entropy01to005_s1_c1_rnetol_d256_depth3_p20,seed009,9,195,19500,100,16,115.91220257750126,122.46124675898164,111.81092766134886,False,max_epochs,879.4836845397949
rl4crn_rne_oscillator_trace_8rxn_stop_risksched085to095_lr1e4_entropy01to005_s1_c1_rnetol_d256_depth3_p20,seed009,9,196,19600,100,16,116.51395809783858,121.4549421107567,111.81092766134886,False,max_epochs,881.8155002593994
rl4crn_rne_oscillator_trace_8rxn_stop_risksched085to095_lr1e4_entropy01to005_s1_c1_rnetol_d256_depth3_p20,seed009,9,197,19700,100,16,115.53468905733202,121.73835668262765,111.81092766134886,False,max_epochs,886.285572052002
rl4crn_rne_oscillator_trace_8rxn_stop_risksched085to095_lr1e4_entropy01to005_s1_c1_rnetol_d256_depth3_p20,seed009,9,198,19800,100,16,113.60592717829823,122.00895056078036,111.81092766134886,False,max_epochs,891.1907422542572
rl4crn_rne_oscillator_trace_8rxn_stop_risksched085to095_lr1e4_entropy01to005_s1_c1_rnetol_d256_depth3_p20,seed009,9,199,19900,100,16,113.14694398705183,122.07370959539847,111.81092766134886,False,max_epochs,896.0183255672455
rl4crn_rne_oscillator_trace_8rxn_stop_risksched085to095_lr1e4_entropy01to005_s1_c1_rnetol_d256_depth3_p20,seed009,9,200,20000,100,16,114.25323688216295,122.29968553210466,111.81092766134886,False,max_epochs,900.7518653869629
rl4crn_rne_oscillator_trace_8rxn_stop_risksched085to095_lr1e4_entropy01to005_s1_c1_rnetol_d256_depth3_p20,seed009,9,201,20100,100,16,113.74788089332718,122.85889864982481,111.81092766134886,False,max_epochs,905.4811816215515
rl4crn_rne_oscillator_trace_8rxn_stop_risksched085to095_lr1e4_entropy01to005_s1_c1_rnetol_d256_depth3_p20,seed009,9,202,20200,100,16,115.88365945786538,124.39754076287055,111.81092766134886,False,max_epochs,910.078697681427
rl4crn_rne_oscillator_trace_8rxn_stop_risksched085to095_lr1e4_entropy01to005_s1_c1_rnetol_d256_depth3_p20,seed009,9,203,20300,100,16,114.25395299348986,123.11358031744629,111.81092766134886,False,max_epochs,912.0992519855499
rl4crn_rne_oscillator_trace_8rxn_stop_risksched085to095_lr1e4_entropy01to005_s1_c1_rnetol_d256_depth3_p20,seed009,9,204,20400,100,16,117.42360025485561,124.53885711456658,111.81092766134886,False,max_epochs,916.6341404914856
rl4crn_rne_oscillator_trace_8rxn_stop_risksched085to095_lr1e4_entropy01to005_s1_c1_rnetol_d256_depth3_p20,seed009,9,205,20500,100,16,114.53783165827582,123.33891631058071,111.81092766134886,False,max_epochs,921.6222565174103
rl4crn_rne_oscillator_trace_8rxn_stop_risksched085to095_lr1e4_entropy01to005_s1_c1_rnetol_d256_depth3_p20,seed009,9,206,20600,100,16,115.40353522744023,122.2841762636281,111.81092766134886,False,max_epochs,926.5724332332611
rl4crn_rne_oscillator_trace_8rxn_stop_risksched085to095_lr1e4_entropy01to005_s1_c1_rnetol_d256_depth3_p20,seed009,9,207,20700,100,16,112.93076241378083,121.49206934281209,111.81092766134886,False,max_epochs,931.1841416358948
rl4crn_rne_oscillator_trace_8rxn_stop_risksched085to095_lr1e4_entropy01to005_s1_c1_rnetol_d256_depth3_p20,seed009,9,208,20800,100,16,114.51342565657318,122.02066710514745,111.81092766134886,False,max_epochs,936.2059724330902
rl4crn_rne_oscillator_trace_8rxn_stop_risksched085to095_lr1e4_entropy01to005_s1_c1_rnetol_d256_depth3_p20,seed009,9,209,20900,100,16,114.88870694873403,122.53755642722051,111.81092766134886,False,max_epochs,940.7964282035828
rl4crn_rne_oscillator_trace_8rxn_stop_risksched085to095_lr1e4_entropy01to005_s1_c1_rnetol_d256_depth3_p20,seed009,9,210,21000,100,16,114.50793185825701,123.7216878740907,111.81092766134886,False,max_epochs,944.805370092392
rl4crn_rne_oscillator_trace_8rxn_stop_risksched085to095_lr1e4_entropy01to005_s1_c1_rnetol_d256_depth3_p20,seed009,9,211,21100,100,16,113.7962136286647,124.79978554989282,111.81092766134886,False,max_epochs,947.1876704692841
rl4crn_rne_oscillator_trace_8rxn_stop_risksched085to095_lr1e4_entropy01to005_s1_c1_rnetol_d256_depth3_p20,seed009,9,212,21200,100,16,114.83120248862632,124.68640408193231,111.81092766134886,False,max_epochs,952.3363473415375
rl4crn_rne_oscillator_trace_8rxn_stop_risksched085to095_lr1e4_entropy01to005_s1_c1_rnetol_d256_depth3_p20,seed009,9,213,21300,100,16,115.84202604925372,123.1878662540129,111.81092766134886,False,max_epochs,956.9859993457794
rl4crn_rne_oscillator_trace_8rxn_stop_risksched085to095_lr1e4_entropy01to005_s1_c1_rnetol_d256_depth3_p20,seed009,9,214,21400,100,16,112.95231319751821,121.12279747704501,111.81092766134886,False,max_epochs,962.3707959651947
rl4crn_rne_oscillator_trace_8rxn_stop_risksched085to095_lr1e4_entropy01to005_s1_c1_rnetol_d256_depth3_p20,seed009,9,215,21500,100,16,114.01995751716206,121.1238944145029,111.81092766134886,False,max_epochs,967.0904660224915
rl4crn_rne_oscillator_trace_8rxn_stop_risksched085to095_lr1e4_entropy01to005_s1_c1_rnetol_d256_depth3_p20,seed009,9,216,21600,100,16,115.87598573180595,121.50157794068383,111.81092766134886,False,max_epochs,971.9416892528534
rl4crn_rne_oscillator_trace_8rxn_stop_risksched085to095_lr1e4_entropy01to005_s1_c1_rnetol_d256_depth3_p20,seed009,9,217,21700,100,16,112.37476889031171,121.28756567785393,111.81092766134886,False,max_epochs,976.7334866523743
rl4crn_rne_oscillator_trace_8rxn_stop_risksched085to095_lr1e4_entropy01to005_s1_c1_rnetol_d256_depth3_p20,seed009,9,218,21800,100,16,114.07901399481338,122.4702564018633,111.81092766134886,False,max_epochs,981.1175312995911
rl4crn_rne_oscillator_trace_8rxn_stop_risksched085to095_lr1e4_entropy01to005_s1_c1_rnetol_d256_depth3_p20,seed009,9,219,21900,100,16,112.01087923758182,124.04929054622377,111.81092766134886,False,max_epochs,985.6775708198547
rl4crn_rne_oscillator_trace_8rxn_stop_risksched085to095_lr1e4_entropy01to005_s1_c1_rnetol_d256_depth3_p20,seed009,9,220,22000,100,16,114.18321103212668,123.75535757307632,111.81092766134886,False,max_epochs,987.9623374938965
rl4crn_rne_oscillator_trace_8rxn_stop_risksched085to095_lr1e4_entropy01to005_s1_c1_rnetol_d256_depth3_p20,seed009,9,221,22100,100,16,116.17310243609211,124.98900221033983,111.81092766134886,False,max_epochs,992.5696520805359
rl4crn_rne_oscillator_trace_8rxn_stop_risksched085to095_lr1e4_entropy01to005_s1_c1_rnetol_d256_depth3_p20,seed009,9,222,22200,100,16,112.93620947991883,125.13833574769323,111.81092766134886,False,max_epochs,997.0051248073578
rl4crn_rne_oscillator_trace_8rxn_stop_risksched085to095_lr1e4_entropy01to005_s1_c1_rnetol_d256_depth3_p20,seed009,9,223,22300,100,16,113.88802424146124,122.35587559130929,111.81092766134886,False,max_epochs,1001.6986284255981
rl4crn_rne_oscillator_trace_8rxn_stop_risksched085to095_lr1e4_entropy01to005_s1_c1_rnetol_d256_depth3_p20,seed009,9,224,22400,100,16,113.44976415145555,121.49623097680845,111.81092766134886,False,max_epochs,1006.3947148323059
rl4crn_rne_oscillator_trace_8rxn_stop_risksched085to095_lr1e4_entropy01to005_s1_c1_rnetol_d256_depth3_p20,seed009,9,225,22500,100,16,113.92252098241158,120.64790049122479,111.81092766134886,False,max_epochs,1008.4658532142639
rl4crn_rne_oscillator_trace_8rxn_stop_risksched085to095_lr1e4_entropy01to005_s1_c1_rnetol_d256_depth3_p20,seed009,9,226,22600,100,16,113.5945694717408,120.95418062986073,111.81092766134886,False,max_epochs,1012.8862736225128
rl4crn_rne_oscillator_trace_8rxn_stop_risksched085to095_lr1e4_entropy01to005_s1_c1_rnetol_d256_depth3_p20,seed009,9,227,22700,100,16,114.85215441167888,120.88999641599759,111.81092766134886,False,max_epochs,1017.963695526123
rl4crn_rne_oscillator_trace_8rxn_stop_risksched085to095_lr1e4_entropy01to005_s1_c1_rnetol_d256_depth3_p20,seed009,9,228,22800,100,16,115.15080587552819,123.60771042663399,111.81092766134886,False,max_epochs,1022.9441521167755
rl4crn_rne_oscillator_trace_8rxn_stop_risksched085to095_lr1e4_entropy01to005_s1_c1_rnetol_d256_depth3_p20,seed009,9,229,22900,100,16,113.90196805652806,123.94945453489868,111.81092766134886,False,max_epochs,1027.9930713176727
rl4crn_rne_oscillator_trace_8rxn_stop_risksched085to095_lr1e4_entropy01to005_s1_c1_rnetol_d256_depth3_p20,seed009,9,230,23000,100,16,113.91400033260848,123.72219806802707,111.81092766134886,False,max_epochs,1033.3553066253662
rl4crn_rne_oscillator_trace_8rxn_stop_risksched085to095_lr1e4_entropy01to005_s1_c1_rnetol_d256_depth3_p20,seed009,9,231,23100,100,16,112.67589563117403,123.47125348796204,111.81092766134886,False,max_epochs,1038.1286180019379
rl4crn_rne_oscillator_trace_8rxn_stop_risksched085to095_lr1e4_entropy01to005_s1_c1_rnetol_d256_depth3_p20,seed009,9,232,23200,100,16,112.89696552650179,121.36489381701574,111.81092766134886,False,max_epochs,1043.3042488098145
rl4crn_rne_oscillator_trace_8rxn_stop_risksched085to095_lr1e4_entropy01to005_s1_c1_rnetol_d256_depth3_p20,seed009,9,233,23300,100,16,114.11757063118509,120.96086113874154,111.81092766134886,False,max_epochs,1048.0211193561554
rl4crn_rne_oscillator_trace_8rxn_stop_risksched085to095_lr1e4_entropy01to005_s1_c1_rnetol_d256_depth3_p20,seed009,9,234,23400,100,16,113.48851987186157,120.93368495654803,111.81092766134886,False,max_epochs,1052.5842807292938
rl4crn_rne_oscillator_trace_8rxn_stop_risksched085to095_lr1e4_entropy01to005_s1_c1_rnetol_d256_depth3_p20,seed009,9,235,23500,100,16,112.74594064806027,120.75361817530106,111.81092766134886,False,max_epochs,1057.1740238666534
rl4crn_rne_oscillator_trace_8rxn_stop_risksched085to095_lr1e4_entropy01to005_s1_c1_rnetol_d256_depth3_p20,seed009,9,236,23600,100,16,114.71525380387914,120.72615979157135,111.81092766134886,False,max_epochs,1060.9228525161743
rl4crn_rne_oscillator_trace_8rxn_stop_risksched085to095_lr1e4_entropy01to005_s1_c1_rnetol_d256_depth3_p20,seed009,9,237,23700,100,16,112.65087670075653,121.1026751102125,111.81092766134886,False,max_epochs,1063.8607218265533
rl4crn_rne_oscillator_trace_8rxn_stop_risksched085to095_lr1e4_entropy01to005_s1_c1_rnetol_d256_depth3_p20,seed009,9,238,23800,100,16,113.83285363597433,123.72542947294596,111.81092766134886,False,max_epochs,1068.8225021362305
rl4crn_rne_oscillator_trace_8rxn_stop_risksched085to095_lr1e4_entropy01to005_s1_c1_rnetol_d256_depth3_p20,seed009,9,239,23900,100,16,114.37965761451193,124.19800663956372,111.81092766134886,False,max_epochs,1073.6413838863373
rl4crn_rne_oscillator_trace_8rxn_stop_risksched085to095_lr1e4_entropy01to005_s1_c1_rnetol_d256_depth3_p20,seed009,9,240,24000,100,16,112.9964197895,123.74359262231786,111.81092766134886,False,max_epochs,1078.1249339580536
rl4crn_rne_oscillator_trace_8rxn_stop_risksched085to095_lr1e4_entropy01to005_s1_c1_rnetol_d256_depth3_p20,seed009,9,241,24100,100,16,111.72404899528222,121.67164870832141,111.72404899528222,False,max_epochs,1082.887081861496
rl4crn_rne_oscillator_trace_8rxn_stop_risksched085to095_lr1e4_entropy01to005_s1_c1_rnetol_d256_depth3_p20,seed009,9,242,24200,100,16,113.97849809495791,120.13359848491109,111.72404899528222,False,max_epochs,1086.9108340740204
rl4crn_rne_oscillator_trace_8rxn_stop_risksched085to095_lr1e4_entropy01to005_s1_c1_rnetol_d256_depth3_p20,seed009,9,243,24300,100,16,112.65677988321737,120.05584186651163,111.72404899528222,False,max_epochs,1089.1925745010376
rl4crn_rne_oscillator_trace_8rxn_stop_risksched085to095_lr1e4_entropy01to005_s1_c1_rnetol_d256_depth3_p20,seed009,9,244,24400,100,16,114.06458425494182,119.61079812238793,111.72404899528222,False,max_epochs,1094.1546230316162
rl4crn_rne_oscillator_trace_8rxn_stop_risksched085to095_lr1e4_entropy01to005_s1_c1_rnetol_d256_depth3_p20,seed009,9,245,24500,100,16,113.34500018536518,120.12080084452907,111.72404899528222,False,max_epochs,1099.2269186973572
rl4crn_rne_oscillator_trace_8rxn_stop_risksched085to095_lr1e4_entropy01to005_s1_c1_rnetol_d256_depth3_p20,seed009,9,246,24600,100,16,113.90539487224937,120.86689039110371,111.72404899528222,False,max_epochs,1104.4651968479156
rl4crn_rne_oscillator_trace_8rxn_stop_risksched085to095_lr1e4_entropy01to005_s1_c1_rnetol_d256_depth3_p20,seed009,9,247,24700,100,16,112.9736352416089,122.69166056941611,111.72404899528222,False,max_epochs,1109.3925740718842
rl4crn_rne_oscillator_trace_8rxn_stop_risksched085to095_lr1e4_entropy01to005_s1_c1_rnetol_d256_depth3_p20,seed009,9,248,24800,100,16,112.96089913897389,123.89048743374278,111.72404899528222,False,max_epochs,1114.1229765415192
rl4crn_rne_oscillator_trace_8rxn_stop_risksched085to095_lr1e4_entropy01to005_s1_c1_rnetol_d256_depth3_p20,seed009,9,249,24900,100,16,112.17856193183253,123.35047555411927,111.72404899528222,False,max_epochs,1118.6107652187347
rl4crn_rne_oscillator_trace_8rxn_stop_risksched085to095_lr1e4_entropy01to005_s1_c1_rnetol_d256_depth3_p20,seed009,9,250,25000,100,16,112.07445938970051,124.02780588198362,111.72404899528222,False,max_epochs,1123.1687488555908
rl4crn_rne_oscillator_trace_8rxn_stop_risksched085to095_lr1e4_entropy01to005_s1_c1_rnetol_d256_depth3_p20,seed009,9,251,25100,100,16,111.97707829860755,122.77489699603134,111.72404899528222,False,max_epochs,1125.335261106491
rl4crn_rne_oscillator_trace_8rxn_stop_risksched085to095_lr1e4_entropy01to005_s1_c1_rnetol_d256_depth3_p20,seed009,9,252,25200,100,16,112.2532154801514,121.47659499616208,111.72404899528222,False,max_epochs,1130.089581489563
rl4crn_rne_oscillator_trace_8rxn_stop_risksched085to095_lr1e4_entropy01to005_s1_c1_rnetol_d256_depth3_p20,seed009,9,253,25300,100,16,112.78863263323186,120.84595830263271,111.72404899528222,False,max_epochs,1134.768040895462
rl4crn_rne_oscillator_trace_8rxn_stop_risksched085to095_lr1e4_entropy01to005_s1_c1_rnetol_d256_depth3_p20,seed009,9,254,25400,100,16,112.25377011722561,121.10267154181547,111.72404899528222,False,max_epochs,1139.8196699619293
rl4crn_rne_oscillator_trace_8rxn_stop_risksched085to095_lr1e4_entropy01to005_s1_c1_rnetol_d256_depth3_p20,seed009,9,255,25500,100,16,112.19116051181068,121.84717204285059,111.72404899528222,False,max_epochs,1144.5350873470306
rl4crn_rne_oscillator_trace_8rxn_stop_risksched085to095_lr1e4_entropy01to005_s1_c1_rnetol_d256_depth3_p20,seed009,9,256,25600,100,16,112.54050625089211,122.008762757453,111.72404899528222,False,max_epochs,1149.9369337558746
rl4crn_rne_oscillator_trace_8rxn_stop_risksched085to095_lr1e4_entropy01to005_s1_c1_rnetol_d256_depth3_p20,seed009,9,257,25700,100,16,112.65583189427836,122.08324321427975,111.72404899528222,False,max_epochs,1154.67280626297
rl4crn_rne_oscillator_trace_8rxn_stop_risksched085to095_lr1e4_entropy01to005_s1_c1_rnetol_d256_depth3_p20,seed009,9,258,25800,100,16,111.89667782594262,122.54686372400194,111.72404899528222,False,max_epochs,1159.3529033660889
rl4crn_rne_oscillator_trace_8rxn_stop_risksched085to095_lr1e4_entropy01to005_s1_c1_rnetol_d256_depth3_p20,seed009,9,259,25900,100,16,113.27250138701204,123.47122320791996,111.72404899528222,False,max_epochs,1163.9640946388245
rl4crn_rne_oscillator_trace_8rxn_stop_risksched085to095_lr1e4_entropy01to005_s1_c1_rnetol_d256_depth3_p20,seed009,9,260,26000,100,16,111.94737792719867,123.57506257480642,111.72404899528222,False,max_epochs,1168.4814972877502
rl4crn_rne_oscillator_trace_8rxn_stop_risksched085to095_lr1e4_entropy01to005_s1_c1_rnetol_d256_depth3_p20,seed009,9,261,26100,100,16,112.81182674706511,123.93596907495075,111.72404899528222,False,max_epochs,1170.8868701457977
rl4crn_rne_oscillator_trace_8rxn_stop_risksched085to095_lr1e4_entropy01to005_s1_c1_rnetol_d256_depth3_p20,seed009,9,262,26200,100,16,111.74100857487257,121.54023690372068,111.72404899528222,False,max_epochs,1175.3440253734589
rl4crn_rne_oscillator_trace_8rxn_stop_risksched085to095_lr1e4_entropy01to005_s1_c1_rnetol_d256_depth3_p20,seed009,9,263,26300,100,16,112.86068637840857,120.68459566724763,111.72404899528222,False,max_epochs,1180.1753432750702
rl4crn_rne_oscillator_trace_8rxn_stop_risksched085to095_lr1e4_entropy01to005_s1_c1_rnetol_d256_depth3_p20,seed009,9,264,26400,100,16,111.88185293384646,121.16837369047053,111.72404899528222,False,max_epochs,1185.0707428455353
rl4crn_rne_oscillator_trace_8rxn_stop_risksched085to095_lr1e4_entropy01to005_s1_c1_rnetol_d256_depth3_p20,seed009,9,265,26500,100,16,113.46441556931492,120.75462776723961,111.72404899528222,False,max_epochs,1189.8510699272156
rl4crn_rne_oscillator_trace_8rxn_stop_risksched085to095_lr1e4_entropy01to005_s1_c1_rnetol_d256_depth3_p20,seed009,9,266,26600,100,16,112.01243397018831,120.56682693817672,111.72404899528222,False,max_epochs,1194.4471917152405
rl4crn_rne_oscillator_trace_8rxn_stop_risksched085to095_lr1e4_entropy01to005_s1_c1_rnetol_d256_depth3_p20,seed009,9,267,26700,100,16,114.62395047095939,120.71770762466122,111.72404899528222,False,max_epochs,1199.189335346222
rl4crn_rne_oscillator_trace_8rxn_stop_risksched085to095_lr1e4_entropy01to005_s1_c1_rnetol_d256_depth3_p20,seed009,9,268,26800,100,16,112.7231555976384,123.02317182268257,111.72404899528222,False,max_epochs,1201.2533166408539
rl4crn_rne_oscillator_trace_8rxn_stop_risksched085to095_lr1e4_entropy01to005_s1_c1_rnetol_d256_depth3_p20,seed009,9,269,26900,100,16,112.06115195735795,122.98957182953535,111.72404899528222,False,max_epochs,1205.7162773609161
rl4crn_rne_oscillator_trace_8rxn_stop_risksched085to095_lr1e4_entropy01to005_s1_c1_rnetol_d256_depth3_p20,seed009,9,270,27000,100,16,114.54423651496982,125.39548055041178,111.72404899528222,False,max_epochs,1210.8041009902954
rl4crn_rne_oscillator_trace_8rxn_stop_risksched085to095_lr1e4_entropy01to005_s1_c1_rnetol_d256_depth3_p20,seed009,9,271,27100,100,16,112.20775697006111,125.72318515304745,111.72404899528222,False,max_epochs,1215.564924955368
rl4crn_rne_oscillator_trace_8rxn_stop_risksched085to095_lr1e4_entropy01to005_s1_c1_rnetol_d256_depth3_p20,seed009,9,272,27200,100,16,112.65938823609153,124.4300558553885,111.72404899528222,False,max_epochs,1220.9305431842804
rl4crn_rne_oscillator_trace_8rxn_stop_risksched085to095_lr1e4_entropy01to005_s1_c1_rnetol_d256_depth3_p20,seed009,9,273,27300,100,16,112.41548237458863,121.86108438570139,111.72404899528222,False,max_epochs,1225.8868565559387
rl4crn_rne_oscillator_trace_8rxn_stop_risksched085to095_lr1e4_entropy01to005_s1_c1_rnetol_d256_depth3_p20,seed009,9,274,27400,100,16,113.23895844901422,121.35424803734158,111.72404899528222,False,max_epochs,1230.7771708965302
rl4crn_rne_oscillator_trace_8rxn_stop_risksched085to095_lr1e4_entropy01to005_s1_c1_rnetol_d256_depth3_p20,seed009,9,275,27500,100,16,113.6329215633212,120.27091834013103,111.72404899528222,False,max_epochs,1235.8163332939148
rl4crn_rne_oscillator_trace_8rxn_stop_risksched085to095_lr1e4_entropy01to005_s1_c1_rnetol_d256_depth3_p20,seed009,9,276,27600,100,16,113.28315532814969,120.1241847329091,111.72404899528222,False,max_epochs,1240.6238639354706
rl4crn_rne_oscillator_trace_8rxn_stop_risksched085to095_lr1e4_entropy01to005_s1_c1_rnetol_d256_depth3_p20,seed009,9,277,27700,100,16,112.8251962076757,120.92235247410073,111.72404899528222,False,max_epochs,1245.2053573131561
rl4crn_rne_oscillator_trace_8rxn_stop_risksched085to095_lr1e4_entropy01to005_s1_c1_rnetol_d256_depth3_p20,seed009,9,278,27800,100,16,112.17609604234474,123.89768722904384,111.72404899528222,False,max_epochs,1249.7096951007843
rl4crn_rne_oscillator_trace_8rxn_stop_risksched085to095_lr1e4_entropy01to005_s1_c1_rnetol_d256_depth3_p20,seed009,9,279,27900,100,16,112.37054471598805,122.97667352801581,111.72404899528222,False,max_epochs,1252.0165820121765
rl4crn_rne_oscillator_trace_8rxn_stop_risksched085to095_lr1e4_entropy01to005_s1_c1_rnetol_d256_depth3_p20,seed009,9,280,28000,100,16,113.60768762499217,123.56254890252848,111.72404899528222,False,max_epochs,1256.3844599723816
rl4crn_rne_oscillator_trace_8rxn_stop_risksched085to095_lr1e4_entropy01to005_s1_c1_rnetol_d256_depth3_p20,seed009,9,281,28100,100,16,112.36259105084152,122.72909030194695,111.72404899528222,False,max_epochs,1261.20916223526
rl4crn_rne_oscillator_trace_8rxn_stop_risksched085to095_lr1e4_entropy01to005_s1_c1_rnetol_d256_depth3_p20,seed009,9,282,28200,100,16,111.3991513975132,121.42398944177151,111.3991513975132,False,max_epochs,1265.7600238323212
rl4crn_rne_oscillator_trace_8rxn_stop_risksched085to095_lr1e4_entropy01to005_s1_c1_rnetol_d256_depth3_p20,seed009,9,283,28300,100,16,111.85541113045542,121.51341318805035,111.3991513975132,False,max_epochs,1270.4877345561981
rl4crn_rne_oscillator_trace_8rxn_stop_risksched085to095_lr1e4_entropy01to005_s1_c1_rnetol_d256_depth3_p20,seed009,9,284,28400,100,16,112.24244019754863,121.34416966943019,111.3991513975132,False,max_epochs,1272.592205286026
rl4crn_rne_oscillator_trace_8rxn_stop_risksched085to095_lr1e4_entropy01to005_s1_c1_rnetol_d256_depth3_p20,seed009,9,285,28500,100,16,111.92806697215156,121.55974270832876,111.3991513975132,False,max_epochs,1276.887794971466
rl4crn_rne_oscillator_trace_8rxn_stop_risksched085to095_lr1e4_entropy01to005_s1_c1_rnetol_d256_depth3_p20,seed009,9,286,28600,100,16,112.1899906929258,122.58231869263585,111.3991513975132,False,max_epochs,1281.8678646087646
rl4crn_rne_oscillator_trace_8rxn_stop_risksched085to095_lr1e4_entropy01to005_s1_c1_rnetol_d256_depth3_p20,seed009,9,287,28700,100,16,113.07941345435383,123.26584822871001,111.3991513975132,False,max_epochs,1287.3941657543182
rl4crn_rne_oscillator_trace_8rxn_stop_risksched085to095_lr1e4_entropy01to005_s1_c1_rnetol_d256_depth3_p20,seed009,9,288,28800,100,16,112.22445854477176,123.45402864946769,111.3991513975132,False,max_epochs,1292.4546511173248
rl4crn_rne_oscillator_trace_8rxn_stop_risksched085to095_lr1e4_entropy01to005_s1_c1_rnetol_d256_depth3_p20,seed009,9,289,28900,100,16,112.0172262850048,124.13157815684666,111.3991513975132,False,max_epochs,1297.578980922699
rl4crn_rne_oscillator_trace_8rxn_stop_risksched085to095_lr1e4_entropy01to005_s1_c1_rnetol_d256_depth3_p20,seed009,9,290,29000,100,16,112.62400436831823,121.82654162239238,111.3991513975132,False,max_epochs,1302.7355675697327
rl4crn_rne_oscillator_trace_8rxn_stop_risksched085to095_lr1e4_entropy01to005_s1_c1_rnetol_d256_depth3_p20,seed009,9,291,29100,100,16,112.54977098861765,119.85755281256917,111.3991513975132,False,max_epochs,1308.0044989585876
rl4crn_rne_oscillator_trace_8rxn_stop_risksched085to095_lr1e4_entropy01to005_s1_c1_rnetol_d256_depth3_p20,seed009,9,292,29200,100,16,111.85243759309166,119.24872834247842,111.3991513975132,False,max_epochs,1313.019261598587
rl4crn_rne_oscillator_trace_8rxn_stop_risksched085to095_lr1e4_entropy01to005_s1_c1_rnetol_d256_depth3_p20,seed009,9,293,29300,100,16,112.05589845160222,119.98875665320335,111.3991513975132,False,max_epochs,1317.7237598896027
rl4crn_rne_oscillator_trace_8rxn_stop_risksched085to095_lr1e4_entropy01to005_s1_c1_rnetol_d256_depth3_p20,seed009,9,294,29400,100,16,111.97502754538851,119.5675421951039,111.3991513975132,False,max_epochs,1322.6310288906097
rl4crn_rne_oscillator_trace_8rxn_stop_risksched085to095_lr1e4_entropy01to005_s1_c1_rnetol_d256_depth3_p20,seed009,9,295,29500,100,16,111.51169646724067,120.27720331932788,111.3991513975132,False,max_epochs,1327.4859974384308
rl4crn_rne_oscillator_trace_8rxn_stop_risksched085to095_lr1e4_entropy01to005_s1_c1_rnetol_d256_depth3_p20,seed009,9,296,29600,100,16,113.5737627069642,120.98843197525755,111.3991513975132,False,max_epochs,1331.635766029358
rl4crn_rne_oscillator_trace_8rxn_stop_risksched085to095_lr1e4_entropy01to005_s1_c1_rnetol_d256_depth3_p20,seed009,9,297,29700,100,16,112.94893511328841,122.34908153005067,111.3991513975132,False,max_epochs,1333.5512375831604
rl4crn_rne_oscillator_trace_8rxn_stop_risksched085to095_lr1e4_entropy01to005_s1_c1_rnetol_d256_depth3_p20,seed009,9,298,29800,100,16,111.96460425736869,123.73361719896934,111.3991513975132,False,max_epochs,1337.807663679123
rl4crn_rne_oscillator_trace_8rxn_stop_risksched085to095_lr1e4_entropy01to005_s1_c1_rnetol_d256_depth3_p20,seed009,9,299,29900,100,16,111.98345037146098,123.41357251778342,111.3991513975132,False,max_epochs,1342.4726696014404
rl4crn_rne_oscillator_trace_8rxn_stop_risksched085to095_lr1e4_entropy01to005_s1_c1_rnetol_d256_depth3_p20,seed009,9,300,30000,100,16,112.70930329443676,124.77547706653942,111.3991513975132,False,max_epochs,1347.1345648765564
rl4crn_rne_oscillator_trace_8rxn_stop_risksched085to095_lr1e4_entropy01to005_s1_c1_rnetol_d256_depth3_p20,seed009,9,301,30100,100,16,112.3674080152534,123.60734075908836,111.3991513975132,False,max_epochs,1351.4281992912292
rl4crn_rne_oscillator_trace_8rxn_stop_risksched085to095_lr1e4_entropy01to005_s1_c1_rnetol_d256_depth3_p20,seed009,9,302,30200,100,16,112.77748158707658,120.98530171738659,111.3991513975132,False,max_epochs,1353.7596409320831
rl4crn_rne_oscillator_trace_8rxn_stop_risksched085to095_lr1e4_entropy01to005_s1_c1_rnetol_d256_depth3_p20,seed009,9,303,30300,100,16,113.35511923626835,121.01437675580198,111.3991513975132,False,max_epochs,1358.0730946063995
rl4crn_rne_oscillator_trace_8rxn_stop_risksched085to095_lr1e4_entropy01to005_s1_c1_rnetol_d256_depth3_p20,seed009,9,304,30400,100,16,113.72454016571393,120.84155613498697,111.3991513975132,False,max_epochs,1363.051281452179
rl4crn_rne_oscillator_trace_8rxn_stop_risksched085to095_lr1e4_entropy01to005_s1_c1_rnetol_d256_depth3_p20,seed009,9,305,30500,100,16,112.2107111887926,121.66932922625354,111.3991513975132,False,max_epochs,1367.4624891281128
rl4crn_rne_oscillator_trace_8rxn_stop_risksched085to095_lr1e4_entropy01to005_s1_c1_rnetol_d256_depth3_p20,seed009,9,306,30600,100,16,111.08349712216678,123.17520513411844,111.08349712216678,False,max_epochs,1372.1875216960907
rl4crn_rne_oscillator_trace_8rxn_stop_risksched085to095_lr1e4_entropy01to005_s1_c1_rnetol_d256_depth3_p20,seed009,9,307,30700,100,16,112.02045988286056,123.71983027550831,111.08349712216678,False,max_epochs,1374.2640929222107
rl4crn_rne_oscillator_trace_8rxn_stop_risksched085to095_lr1e4_entropy01to005_s1_c1_rnetol_d256_depth3_p20,seed009,9,308,30800,100,16,112.15792094704192,124.17451235006432,111.08349712216678,False,max_epochs,1378.581838607788
rl4crn_rne_oscillator_trace_8rxn_stop_risksched085to095_lr1e4_entropy01to005_s1_c1_rnetol_d256_depth3_p20,seed009,9,309,30900,100,16,112.97105120832684,122.16943977886004,111.08349712216678,False,max_epochs,1383.5772957801819
rl4crn_rne_oscillator_trace_8rxn_stop_risksched085to095_lr1e4_entropy01to005_s1_c1_rnetol_d256_depth3_p20,seed009,9,310,31000,100,16,111.2953090722888,121.09927015811033,111.08349712216678,False,max_epochs,1388.5871267318726
rl4crn_rne_oscillator_trace_8rxn_stop_risksched085to095_lr1e4_entropy01to005_s1_c1_rnetol_d256_depth3_p20,seed009,9,311,31100,100,16,113.00840155078932,120.09662383348021,111.08349712216678,False,max_epochs,1393.8362517356873
rl4crn_rne_oscillator_trace_8rxn_stop_risksched085to095_lr1e4_entropy01to005_s1_c1_rnetol_d256_depth3_p20,seed009,9,312,31200,100,16,114.06017006872153,119.65935830712195,111.08349712216678,False,max_epochs,1398.565547466278
rl4crn_rne_oscillator_trace_8rxn_stop_risksched085to095_lr1e4_entropy01to005_s1_c1_rnetol_d256_depth3_p20,seed009,9,313,31300,100,16,112.4661158239954,120.20204923390489,111.08349712216678,False,max_epochs,1403.039349079132
rl4crn_rne_oscillator_trace_8rxn_stop_risksched085to095_lr1e4_entropy01to005_s1_c1_rnetol_d256_depth3_p20,seed009,9,314,31400,100,16,112.9457743053874,119.46060816987375,111.08349712216678,False,max_epochs,1407.7082498073578
rl4crn_rne_oscillator_trace_8rxn_stop_risksched085to095_lr1e4_entropy01to005_s1_c1_rnetol_d256_depth3_p20,seed009,9,315,31500,100,16,112.47661813218255,121.31119233600224,111.08349712216678,False,max_epochs,1409.7873067855835
rl4crn_rne_oscillator_trace_8rxn_stop_risksched085to095_lr1e4_entropy01to005_s1_c1_rnetol_d256_depth3_p20,seed009,9,316,31600,100,16,114.80963267909962,122.44207990691856,111.08349712216678,False,max_epochs,1414.3050475120544
rl4crn_rne_oscillator_trace_8rxn_stop_risksched085to095_lr1e4_entropy01to005_s1_c1_rnetol_d256_depth3_p20,seed009,9,317,31700,100,16,112.1635065489318,122.92757806217591,111.08349712216678,False,max_epochs,1419.3986122608185
rl4crn_rne_oscillator_trace_8rxn_stop_risksched085to095_lr1e4_entropy01to005_s1_c1_rnetol_d256_depth3_p20,seed009,9,318,31800,100,16,112.37943016908835,125.20936735317024,111.08349712216678,False,max_epochs,1424.1972482204437
rl4crn_rne_oscillator_trace_8rxn_stop_risksched085to095_lr1e4_entropy01to005_s1_c1_rnetol_d256_depth3_p20,seed009,9,319,31900,100,16,112.32949135786126,125.19539218137024,111.08349712216678,False,max_epochs,1428.8223493099213
rl4crn_rne_oscillator_trace_8rxn_stop_risksched085to095_lr1e4_entropy01to005_s1_c1_rnetol_d256_depth3_p20,seed009,9,320,32000,100,16,113.97852421352982,124.69122123736054,111.08349712216678,False,max_epochs,1433.3791198730469
rl4crn_rne_oscillator_trace_8rxn_stop_risksched085to095_lr1e4_entropy01to005_s1_c1_rnetol_d256_depth3_p20,seed009,9,321,32100,100,16,111.9528046442335,122.71994970814316,111.08349712216678,False,max_epochs,1437.0397639274597
rl4crn_rne_oscillator_trace_8rxn_stop_risksched085to095_lr1e4_entropy01to005_s1_c1_rnetol_d256_depth3_p20,seed009,9,322,32200,100,16,113.52502868248034,123.0307834154778,111.08349712216678,False,max_epochs,1439.7857043743134
rl4crn_rne_oscillator_trace_8rxn_stop_risksched085to095_lr1e4_entropy01to005_s1_c1_rnetol_d256_depth3_p20,seed009,9,323,32300,100,16,113.21418238157322,120.77140619497672,111.08349712216678,False,max_epochs,1444.9203090667725
rl4crn_rne_oscillator_trace_8rxn_stop_risksched085to095_lr1e4_entropy01to005_s1_c1_rnetol_d256_depth3_p20,seed009,9,324,32400,100,16,112.24408320295915,120.34478782795583,111.08349712216678,False,max_epochs,1449.7375190258026
rl4crn_rne_oscillator_trace_8rxn_stop_risksched085to095_lr1e4_entropy01to005_s1_c1_rnetol_d256_depth3_p20,seed009,9,325,32500,100,16,112.29160317033127,120.73539457882872,111.08349712216678,False,max_epochs,1454.651995420456
rl4crn_rne_oscillator_trace_8rxn_stop_risksched085to095_lr1e4_entropy01to005_s1_c1_rnetol_d256_depth3_p20,seed009,9,326,32600,100,16,113.56709951008573,120.99030437786169,111.08349712216678,False,max_epochs,1459.2264385223389
rl4crn_rne_oscillator_trace_8rxn_stop_risksched085to095_lr1e4_entropy01to005_s1_c1_rnetol_d256_depth3_p20,seed009,9,327,32700,100,16,113.36716235583192,122.07437767479377,111.08349712216678,False,max_epochs,1463.6788094043732
rl4crn_rne_oscillator_trace_8rxn_stop_risksched085to095_lr1e4_entropy01to005_s1_c1_rnetol_d256_depth3_p20,seed009,9,328,32800,100,16,111.83122145674047,121.52599002801975,111.08349712216678,False,max_epochs,1465.9071662425995
rl4crn_rne_oscillator_trace_8rxn_stop_risksched085to095_lr1e4_entropy01to005_s1_c1_rnetol_d256_depth3_p20,seed009,9,329,32900,100,16,112.60687939032518,124.91930402138152,111.08349712216678,False,max_epochs,1470.6272110939026
rl4crn_rne_oscillator_trace_8rxn_stop_risksched085to095_lr1e4_entropy01to005_s1_c1_rnetol_d256_depth3_p20,seed009,9,330,33000,100,16,112.69819785700606,123.21515061213711,111.08349712216678,False,max_epochs,1475.4725279808044
rl4crn_rne_oscillator_trace_8rxn_stop_risksched085to095_lr1e4_entropy01to005_s1_c1_rnetol_d256_depth3_p20,seed009,9,331,33100,100,16,111.9627432429809,121.77687574474632,111.08349712216678,False,max_epochs,1480.5499093532562
rl4crn_rne_oscillator_trace_8rxn_stop_risksched085to095_lr1e4_entropy01to005_s1_c1_rnetol_d256_depth3_p20,seed009,9,332,33200,100,16,111.94127193928588,121.14654885221012,111.08349712216678,False,max_epochs,1485.457203388214
rl4crn_rne_oscillator_trace_8rxn_stop_risksched085to095_lr1e4_entropy01to005_s1_c1_rnetol_d256_depth3_p20,seed009,9,333,33300,100,16,112.30551723020021,120.00884279349245,111.08349712216678,False,max_epochs,1490.321748495102
rl4crn_rne_oscillator_trace_8rxn_stop_risksched085to095_lr1e4_entropy01to005_s1_c1_rnetol_d256_depth3_p20,seed009,9,334,33400,100,16,112.82122673626306,120.81346324309767,111.08349712216678,False,max_epochs,1495.3611834049225
rl4crn_rne_oscillator_trace_8rxn_stop_risksched085to095_lr1e4_entropy01to005_s1_c1_rnetol_d256_depth3_p20,seed009,9,335,33500,100,16,112.46005539574728,119.85192585779862,111.08349712216678,False,max_epochs,1499.8589000701904
rl4crn_rne_oscillator_trace_8rxn_stop_risksched085to095_lr1e4_entropy01to005_s1_c1_rnetol_d256_depth3_p20,seed009,9,336,33600,100,16,111.87288132891626,120.53797826854338,111.08349712216678,False,max_epochs,1504.5947427749634
rl4crn_rne_oscillator_trace_8rxn_stop_risksched085to095_lr1e4_entropy01to005_s1_c1_rnetol_d256_depth3_p20,seed009,9,337,33700,100,16,112.15792269997011,123.34894056536567,111.08349712216678,False,max_epochs,1507.6898312568665
rl4crn_rne_oscillator_trace_8rxn_stop_risksched085to095_lr1e4_entropy01to005_s1_c1_rnetol_d256_depth3_p20,seed009,9,338,33800,100,16,111.43061795048496,125.22596307582054,111.08349712216678,False,max_epochs,1511.051872253418
rl4crn_rne_oscillator_trace_8rxn_stop_risksched085to095_lr1e4_entropy01to005_s1_c1_rnetol_d256_depth3_p20,seed009,9,339,33900,100,16,115.16339120960434,124.88566356429826,111.08349712216678,False,max_epochs,1516.4982447624207
rl4crn_rne_oscillator_trace_8rxn_stop_risksched085to095_lr1e4_entropy01to005_s1_c1_rnetol_d256_depth3_p20,seed009,9,340,34000,100,16,114.33767461078472,123.98589863563483,111.08349712216678,False,max_epochs,1521.2335669994354
rl4crn_rne_oscillator_trace_8rxn_stop_risksched085to095_lr1e4_entropy01to005_s1_c1_rnetol_d256_depth3_p20,seed009,9,341,34100,100,16,111.60260177616676,122.05342184788091,111.08349712216678,False,max_epochs,1526.2518799304962
rl4crn_rne_oscillator_trace_8rxn_stop_risksched085to095_lr1e4_entropy01to005_s1_c1_rnetol_d256_depth3_p20,seed009,9,342,34200,100,16,112.23134102728268,121.43950685630631,111.08349712216678,False,max_epochs,1531.269702911377
rl4crn_rne_oscillator_trace_8rxn_stop_risksched085to095_lr1e4_entropy01to005_s1_c1_rnetol_d256_depth3_p20,seed009,9,343,34300,100,16,112.79202871147889,122.07053419192033,111.08349712216678,False,max_epochs,1535.7110028266907
rl4crn_rne_oscillator_trace_8rxn_stop_risksched085to095_lr1e4_entropy01to005_s1_c1_rnetol_d256_depth3_p20,seed009,9,344,34400,100,16,112.61785319413512,123.84999875087496,111.08349712216678,False,max_epochs,1540.5321807861328
rl4crn_rne_oscillator_trace_8rxn_stop_risksched085to095_lr1e4_entropy01to005_s1_c1_rnetol_d256_depth3_p20,seed009,9,345,34500,100,16,112.58890316258254,124.34021152673743,111.08349712216678,False,max_epochs,1542.781436920166
rl4crn_rne_oscillator_trace_8rxn_stop_risksched085to095_lr1e4_entropy01to005_s1_c1_rnetol_d256_depth3_p20,seed009,9,346,34600,100,16,112.48717493226998,122.34621532529357,111.08349712216678,False,max_epochs,1547.0841417312622
rl4crn_rne_oscillator_trace_8rxn_stop_risksched085to095_lr1e4_entropy01to005_s1_c1_rnetol_d256_depth3_p20,seed009,9,347,34700,100,16,112.71189924280358,120.59441887283788,111.08349712216678,False,max_epochs,1552.1314413547516
rl4crn_rne_oscillator_trace_8rxn_stop_risksched085to095_lr1e4_entropy01to005_s1_c1_rnetol_d256_depth3_p20,seed009,9,348,34800,100,16,112.34526696507874,120.82829560124053,111.08349712216678,False,max_epochs,1557.1858003139496
rl4crn_rne_oscillator_trace_8rxn_stop_risksched085to095_lr1e4_entropy01to005_s1_c1_rnetol_d256_depth3_p20,seed009,9,349,34900,100,16,113.18435089444509,120.73529765826788,111.08349712216678,False,max_epochs,1562.413234949112
rl4crn_rne_oscillator_trace_8rxn_stop_risksched085to095_lr1e4_entropy01to005_s1_c1_rnetol_d256_depth3_p20,seed009,9,350,35000,100,16,112.15759507527612,122.75506617541741,111.08349712216678,False,max_epochs,1567.2659997940063
rl4crn_rne_oscillator_trace_8rxn_stop_risksched085to095_lr1e4_entropy01to005_s1_c1_rnetol_d256_depth3_p20,seed009,9,351,35100,100,16,112.51113214388114,124.42790533350978,111.08349712216678,False,max_epochs,1572.3932328224182
rl4crn_rne_oscillator_trace_8rxn_stop_risksched085to095_lr1e4_entropy01to005_s1_c1_rnetol_d256_depth3_p20,seed009,9,352,35200,100,16,112.04358768797071,125.52114942409284,111.08349712216678,False,max_epochs,1577.302625656128
rl4crn_rne_oscillator_trace_8rxn_stop_risksched085to095_lr1e4_entropy01to005_s1_c1_rnetol_d256_depth3_p20,seed009,9,353,35300,100,16,112.34540332297269,125.91512752563092,111.08349712216678,False,max_epochs,1582.6125156879425
rl4crn_rne_oscillator_trace_8rxn_stop_risksched085to095_lr1e4_entropy01to005_s1_c1_rnetol_d256_depth3_p20,seed009,9,354,35400,100,16,111.52279027467003,123.75504238877107,111.08349712216678,False,max_epochs,1587.448284626007
rl4crn_rne_oscillator_trace_8rxn_stop_risksched085to095_lr1e4_entropy01to005_s1_c1_rnetol_d256_depth3_p20,seed009,9,355,35500,100,16,111.5082561908235,122.3751054331,111.08349712216678,False,max_epochs,1592.057054758072
rl4crn_rne_oscillator_trace_8rxn_stop_risksched085to095_lr1e4_entropy01to005_s1_c1_rnetol_d256_depth3_p20,seed009,9,356,35600,100,16,112.12699129771343,120.02789761104648,111.08349712216678,False,max_epochs,1596.807055234909
rl4crn_rne_oscillator_trace_8rxn_stop_risksched085to095_lr1e4_entropy01to005_s1_c1_rnetol_d256_depth3_p20,seed009,9,357,35700,100,16,112.39765446122402,119.02464977903784,111.08349712216678,False,max_epochs,1600.7015240192413
rl4crn_rne_oscillator_trace_8rxn_stop_risksched085to095_lr1e4_entropy01to005_s1_c1_rnetol_d256_depth3_p20,seed009,9,358,35800,100,16,112.64546167231339,120.2014869994159,111.08349712216678,False,max_epochs,1603.5608167648315
rl4crn_rne_oscillator_trace_8rxn_stop_risksched085to095_lr1e4_entropy01to005_s1_c1_rnetol_d256_depth3_p20,seed009,9,359,35900,100,16,111.45356844744666,119.42886131906977,111.08349712216678,False,max_epochs,1608.4803919792175
rl4crn_rne_oscillator_trace_8rxn_stop_risksched085to095_lr1e4_entropy01to005_s1_c1_rnetol_d256_depth3_p20,seed009,9,360,36000,100,16,111.55391608052621,119.95910694945195,111.08349712216678,False,max_epochs,1613.0486180782318
rl4crn_rne_oscillator_trace_8rxn_stop_risksched085to095_lr1e4_entropy01to005_s1_c1_rnetol_d256_depth3_p20,seed009,9,361,36100,100,16,111.86046151579153,121.24190847720568,111.08349712216678,False,max_epochs,1617.8351860046387
rl4crn_rne_oscillator_trace_8rxn_stop_risksched085to095_lr1e4_entropy01to005_s1_c1_rnetol_d256_depth3_p20,seed009,9,362,36200,100,16,112.1717641286568,122.10743051401202,111.08349712216678,False,max_epochs,1622.637216091156
rl4crn_rne_oscillator_trace_8rxn_stop_risksched085to095_lr1e4_entropy01to005_s1_c1_rnetol_d256_depth3_p20,seed009,9,363,36300,100,16,113.52523362707554,124.47960938104374,111.08349712216678,False,max_epochs,1627.3564779758453
rl4crn_rne_oscillator_trace_8rxn_stop_risksched085to095_lr1e4_entropy01to005_s1_c1_rnetol_d256_depth3_p20,seed009,9,364,36400,100,16,112.72532575986965,123.48893683559405,111.08349712216678,False,max_epochs,1631.5388424396515
rl4crn_rne_oscillator_trace_8rxn_stop_risksched085to095_lr1e4_entropy01to005_s1_c1_rnetol_d256_depth3_p20,seed009,9,365,36500,100,16,111.85872982188795,121.85056443655299,111.08349712216678,False,max_epochs,1634.2280473709106
rl4crn_rne_oscillator_trace_8rxn_stop_risksched085to095_lr1e4_entropy01to005_s1_c1_rnetol_d256_depth3_p20,seed009,9,366,36600,100,16,112.70827208638832,121.78835718043173,111.08349712216678,False,max_epochs,1638.746658563614
rl4crn_rne_oscillator_trace_8rxn_stop_risksched085to095_lr1e4_entropy01to005_s1_c1_rnetol_d256_depth3_p20,seed009,9,367,36700,100,16,113.56076922894036,120.78140302398302,111.08349712216678,False,max_epochs,1643.9495251178741
rl4crn_rne_oscillator_trace_8rxn_stop_risksched085to095_lr1e4_entropy01to005_s1_c1_rnetol_d256_depth3_p20,seed009,9,368,36800,100,16,112.03899809486883,119.87235051320417,111.08349712216678,False,max_epochs,1648.943904876709
rl4crn_rne_oscillator_trace_8rxn_stop_risksched085to095_lr1e4_entropy01to005_s1_c1_rnetol_d256_depth3_p20,seed009,9,369,36900,100,16,112.22017270776094,121.8323153479229,111.08349712216678,False,max_epochs,1653.5476932525635
rl4crn_rne_oscillator_trace_8rxn_stop_risksched085to095_lr1e4_entropy01to005_s1_c1_rnetol_d256_depth3_p20,seed009,9,370,37000,100,16,111.92159005390586,121.66762372463035,111.08349712216678,False,max_epochs,1658.0868134498596
rl4crn_rne_oscillator_trace_8rxn_stop_risksched085to095_lr1e4_entropy01to005_s1_c1_rnetol_d256_depth3_p20,seed009,9,371,37100,100,16,112.06335720218311,122.91984925664141,111.08349712216678,False,max_epochs,1662.577794790268
rl4crn_rne_oscillator_trace_8rxn_stop_risksched085to095_lr1e4_entropy01to005_s1_c1_rnetol_d256_depth3_p20,seed009,9,372,37200,100,16,113.11406377327405,123.90876682636764,111.08349712216678,False,max_epochs,1665.5378267765045
rl4crn_rne_oscillator_trace_8rxn_stop_risksched085to095_lr1e4_entropy01to005_s1_c1_rnetol_d256_depth3_p20,seed009,9,373,37300,100,16,111.36777071871923,124.24008900466467,111.08349712216678,False,max_epochs,1669.350947856903
rl4crn_rne_oscillator_trace_8rxn_stop_risksched085to095_lr1e4_entropy01to005_s1_c1_rnetol_d256_depth3_p20,seed009,9,374,37400,100,16,112.43421869057852,121.06900353237106,111.08349712216678,False,max_epochs,1674.0744609832764
rl4crn_rne_oscillator_trace_8rxn_stop_risksched085to095_lr1e4_entropy01to005_s1_c1_rnetol_d256_depth3_p20,seed009,9,375,37500,100,16,112.62588757662675,119.98845015409347,111.08349712216678,False,max_epochs,1678.8942596912384
rl4crn_rne_oscillator_trace_8rxn_stop_risksched085to095_lr1e4_entropy01to005_s1_c1_rnetol_d256_depth3_p20,seed009,9,376,37600,100,16,112.03022962932377,118.25445037735204,111.08349712216678,False,max_epochs,1683.9184625148773
rl4crn_rne_oscillator_trace_8rxn_stop_risksched085to095_lr1e4_entropy01to005_s1_c1_rnetol_d256_depth3_p20,seed009,9,377,37700,100,16,111.95392134693759,119.46695018639673,111.08349712216678,False,max_epochs,1689.2792627811432
rl4crn_rne_oscillator_trace_8rxn_stop_risksched085to095_lr1e4_entropy01to005_s1_c1_rnetol_d256_depth3_p20,seed009,9,378,37800,100,16,111.6984202471463,120.59946481164133,111.08349712216678,False,max_epochs,1693.8055987358093
rl4crn_rne_oscillator_trace_8rxn_stop_risksched085to095_lr1e4_entropy01to005_s1_c1_rnetol_d256_depth3_p20,seed009,9,379,37900,100,16,111.48094350827797,121.65056347224143,111.08349712216678,False,max_epochs,1698.515630722046
rl4crn_rne_oscillator_trace_8rxn_stop_risksched085to095_lr1e4_entropy01to005_s1_c1_rnetol_d256_depth3_p20,seed009,9,380,38000,100,16,111.409748479806,122.66565241309581,111.08349712216678,False,max_epochs,1703.146874666214
rl4crn_rne_oscillator_trace_8rxn_stop_risksched085to095_lr1e4_entropy01to005_s1_c1_rnetol_d256_depth3_p20,seed009,9,381,38100,100,16,112.70747560668448,123.36660582673758,111.08349712216678,False,max_epochs,1705.2858490943909
rl4crn_rne_oscillator_trace_8rxn_stop_risksched085to095_lr1e4_entropy01to005_s1_c1_rnetol_d256_depth3_p20,seed009,9,382,38200,100,16,112.15485537617083,120.71809632960168,111.08349712216678,False,max_epochs,1709.7709381580353
rl4crn_rne_oscillator_trace_8rxn_stop_risksched085to095_lr1e4_entropy01to005_s1_c1_rnetol_d256_depth3_p20,seed009,9,383,38300,100,16,112.04048387135177,120.54938971345925,111.08349712216678,False,max_epochs,1715.106692314148
rl4crn_rne_oscillator_trace_8rxn_stop_risksched085to095_lr1e4_entropy01to005_s1_c1_rnetol_d256_depth3_p20,seed009,9,384,38400,100,16,112.58144378596675,120.5157027994603,111.08349712216678,False,max_epochs,1719.763820886612
rl4crn_rne_oscillator_trace_8rxn_stop_risksched085to095_lr1e4_entropy01to005_s1_c1_rnetol_d256_depth3_p20,seed009,9,385,38500,100,16,112.0694852344274,121.17947381504169,111.08349712216678,False,max_epochs,1724.6376314163208
rl4crn_rne_oscillator_trace_8rxn_stop_risksched085to095_lr1e4_entropy01to005_s1_c1_rnetol_d256_depth3_p20,seed009,9,386,38600,100,16,112.71802144140206,122.42182638009211,111.08349712216678,False,max_epochs,1729.2990326881409
rl4crn_rne_oscillator_trace_8rxn_stop_risksched085to095_lr1e4_entropy01to005_s1_c1_rnetol_d256_depth3_p20,seed009,9,387,38700,100,16,111.73562467009629,120.72267392185407,111.08349712216678,False,max_epochs,1734.1697733402252
rl4crn_rne_oscillator_trace_8rxn_stop_risksched085to095_lr1e4_entropy01to005_s1_c1_rnetol_d256_depth3_p20,seed009,9,388,38800,100,16,111.88420474827936,121.60305514614524,111.08349712216678,False,max_epochs,1738.524074792862
rl4crn_rne_oscillator_trace_8rxn_stop_risksched085to095_lr1e4_entropy01to005_s1_c1_rnetol_d256_depth3_p20,seed009,9,389,38900,100,16,111.82585900442656,122.88632645815446,111.08349712216678,False,max_epochs,1740.7080545425415
rl4crn_rne_oscillator_trace_8rxn_stop_risksched085to095_lr1e4_entropy01to005_s1_c1_rnetol_d256_depth3_p20,seed009,9,390,39000,100,16,112.90661344946187,123.48158595868097,111.08349712216678,False,max_epochs,1745.4744534492493
rl4crn_rne_oscillator_trace_8rxn_stop_risksched085to095_lr1e4_entropy01to005_s1_c1_rnetol_d256_depth3_p20,seed009,9,391,39100,100,16,112.37108587327103,121.72802781931634,111.08349712216678,False,max_epochs,1750.4973080158234
rl4crn_rne_oscillator_trace_8rxn_stop_risksched085to095_lr1e4_entropy01to005_s1_c1_rnetol_d256_depth3_p20,seed009,9,392,39200,100,16,112.14525656355532,121.16190377853212,111.08349712216678,False,max_epochs,1755.5409297943115
rl4crn_rne_oscillator_trace_8rxn_stop_risksched085to095_lr1e4_entropy01to005_s1_c1_rnetol_d256_depth3_p20,seed009,9,393,39300,100,16,112.47137624578156,119.91070571766514,111.08349712216678,False,max_epochs,1760.9615077972412
rl4crn_rne_oscillator_trace_8rxn_stop_risksched085to095_lr1e4_entropy01to005_s1_c1_rnetol_d256_depth3_p20,seed009,9,394,39400,100,16,112.22414611175202,119.94530711068936,111.08349712216678,False,max_epochs,1765.979737520218
rl4crn_rne_oscillator_trace_8rxn_stop_risksched085to095_lr1e4_entropy01to005_s1_c1_rnetol_d256_depth3_p20,seed009,9,395,39500,100,16,111.5864664208009,120.39745086545068,111.08349712216678,False,max_epochs,1770.994830608368
rl4crn_rne_oscillator_trace_8rxn_stop_risksched085to095_lr1e4_entropy01to005_s1_c1_rnetol_d256_depth3_p20,seed009,9,396,39600,100,16,111.32324154895086,121.78785853431484,111.08349712216678,False,max_epochs,1776.040317773819
rl4crn_rne_oscillator_trace_8rxn_stop_risksched085to095_lr1e4_entropy01to005_s1_c1_rnetol_d256_depth3_p20,seed009,9,397,39700,100,16,111.38075437536669,123.63156278166548,111.08349712216678,False,max_epochs,1781.3396482467651
rl4crn_rne_oscillator_trace_8rxn_stop_risksched085to095_lr1e4_entropy01to005_s1_c1_rnetol_d256_depth3_p20,seed009,9,398,39800,100,16,112.7250866109311,123.98066790870797,111.08349712216678,False,max_epochs,1786.4888768196106
rl4crn_rne_oscillator_trace_8rxn_stop_risksched085to095_lr1e4_entropy01to005_s1_c1_rnetol_d256_depth3_p20,seed009,9,399,39900,100,16,111.57158730527668,122.42984838773475,111.08349712216678,False,max_epochs,1791.7767941951752
rl4crn_rne_oscillator_trace_8rxn_stop_risksched085to095_lr1e4_entropy01to005_s1_c1_rnetol_d256_depth3_p20,seed009,9,400,40000,100,16,112.78029524867368,120.1829408011607,111.08349712216678,False,max_epochs,1796.597617149353
rl4crn_rne_oscillator_trace_8rxn_stop_risksched085to095_lr1e4_entropy01to005_s1_c1_rnetol_d256_depth3_p20,seed009,9,401,40100,100,16,111.79739749595801,119.58541616207074,111.08349712216678,False,max_epochs,1801.9503011703491
rl4crn_rne_oscillator_trace_8rxn_stop_risksched085to095_lr1e4_entropy01to005_s1_c1_rnetol_d256_depth3_p20,seed009,9,402,40200,100,16,111.88605441654342,120.0051831847355,111.08349712216678,False,max_epochs,1806.4473450183868
rl4crn_rne_oscillator_trace_8rxn_stop_risksched085to095_lr1e4_entropy01to005_s1_c1_rnetol_d256_depth3_p20,seed009,9,403,40300,100,16,112.69218206261166,121.2751141160453,111.08349712216678,False,max_epochs,1811.219064950943
rl4crn_rne_oscillator_trace_8rxn_stop_risksched085to095_lr1e4_entropy01to005_s1_c1_rnetol_d256_depth3_p20,seed009,9,404,40400,100,16,112.21915830634983,123.17853030612633,111.08349712216678,False,max_epochs,1815.8739767074585
rl4crn_rne_oscillator_trace_8rxn_stop_risksched085to095_lr1e4_entropy01to005_s1_c1_rnetol_d256_depth3_p20,seed009,9,405,40500,100,16,112.3558938020805,122.99009403824726,111.08349712216678,False,max_epochs,1820.301016330719
rl4crn_rne_oscillator_trace_8rxn_stop_risksched085to095_lr1e4_entropy01to005_s1_c1_rnetol_d256_depth3_p20,seed009,9,406,40600,100,16,112.40881641026479,122.30206550394976,111.08349712216678,False,max_epochs,1822.5311183929443
rl4crn_rne_oscillator_trace_8rxn_stop_risksched085to095_lr1e4_entropy01to005_s1_c1_rnetol_d256_depth3_p20,seed009,9,407,40700,100,16,113.53971155654686,122.34450734086397,111.08349712216678,False,max_epochs,1827.1273503303528
rl4crn_rne_oscillator_trace_8rxn_stop_risksched085to095_lr1e4_entropy01to005_s1_c1_rnetol_d256_depth3_p20,seed009,9,408,40800,100,16,111.3007995358505,122.44202863225217,111.08349712216678,False,max_epochs,1832.3271486759186
rl4crn_rne_oscillator_trace_8rxn_stop_risksched085to095_lr1e4_entropy01to005_s1_c1_rnetol_d256_depth3_p20,seed009,9,409,40900,100,16,113.13019665126298,120.9795922108321,111.08349712216678,False,max_epochs,1837.6261975765228
rl4crn_rne_oscillator_trace_8rxn_stop_risksched085to095_lr1e4_entropy01to005_s1_c1_rnetol_d256_depth3_p20,seed009,9,410,41000,100,16,111.33854326863998,120.39886219776366,111.08349712216678,False,max_epochs,1842.2492208480835
rl4crn_rne_oscillator_trace_8rxn_stop_risksched085to095_lr1e4_entropy01to005_s1_c1_rnetol_d256_depth3_p20,seed009,9,411,41100,100,16,111.70038331547632,120.84676767305693,111.08349712216678,False,max_epochs,1846.626867055893
rl4crn_rne_oscillator_trace_8rxn_stop_risksched085to095_lr1e4_entropy01to005_s1_c1_rnetol_d256_depth3_p20,seed009,9,412,41200,100,16,111.7275940100921,120.41651364759707,111.08349712216678,False,max_epochs,1851.4641320705414
rl4crn_rne_oscillator_trace_8rxn_stop_risksched085to095_lr1e4_entropy01to005_s1_c1_rnetol_d256_depth3_p20,seed009,9,413,41300,100,16,112.49102142076859,121.50301099589521,111.08349712216678,False,max_epochs,1853.5173873901367
rl4crn_rne_oscillator_trace_8rxn_stop_risksched085to095_lr1e4_entropy01to005_s1_c1_rnetol_d256_depth3_p20,seed009,9,414,41400,100,16,111.75118615075142,124.02672093093533,111.08349712216678,False,max_epochs,1857.904863834381
rl4crn_rne_oscillator_trace_8rxn_stop_risksched085to095_lr1e4_entropy01to005_s1_c1_rnetol_d256_depth3_p20,seed009,9,415,41500,100,16,111.50635522767746,122.23744915851607,111.08349712216678,False,max_epochs,1862.4557061195374
rl4crn_rne_oscillator_trace_8rxn_stop_risksched085to095_lr1e4_entropy01to005_s1_c1_rnetol_d256_depth3_p20,seed009,9,416,41600,100,16,112.19369172740554,120.83664541496299,111.08349712216678,False,max_epochs,1867.1618378162384
rl4crn_rne_oscillator_trace_8rxn_stop_risksched085to095_lr1e4_entropy01to005_s1_c1_rnetol_d256_depth3_p20,seed009,9,417,41700,100,16,111.74895432988563,122.88296345727514,111.08349712216678,False,max_epochs,1871.9231882095337
rl4crn_rne_oscillator_trace_8rxn_stop_risksched085to095_lr1e4_entropy01to005_s1_c1_rnetol_d256_depth3_p20,seed009,9,418,41800,100,16,111.6053701735484,121.47582919898808,111.08349712216678,False,max_epochs,1875.8861384391785
rl4crn_rne_oscillator_trace_8rxn_stop_risksched085to095_lr1e4_entropy01to005_s1_c1_rnetol_d256_depth3_p20,seed009,9,419,41900,100,16,111.6704719279492,121.72654447868487,111.08349712216678,False,max_epochs,1878.7006034851074
rl4crn_rne_oscillator_trace_8rxn_stop_risksched085to095_lr1e4_entropy01to005_s1_c1_rnetol_d256_depth3_p20,seed009,9,420,42000,100,16,112.34673238120044,121.42271194747318,111.08349712216678,False,max_epochs,1883.56006026268
rl4crn_rne_oscillator_trace_8rxn_stop_risksched085to095_lr1e4_entropy01to005_s1_c1_rnetol_d256_depth3_p20,seed009,9,421,42100,100,16,112.61160786253812,121.65662237305716,111.08349712216678,False,max_epochs,1888.8671736717224
rl4crn_rne_oscillator_trace_8rxn_stop_risksched085to095_lr1e4_entropy01to005_s1_c1_rnetol_d256_depth3_p20,seed009,9,422,42200,100,16,112.52220877065301,121.67941615302432,111.08349712216678,False,max_epochs,1893.8096373081207
rl4crn_rne_oscillator_trace_8rxn_stop_risksched085to095_lr1e4_entropy01to005_s1_c1_rnetol_d256_depth3_p20,seed009,9,423,42300,100,16,112.10855041085368,121.31425516461883,111.08349712216678,False,max_epochs,1898.602950811386
rl4crn_rne_oscillator_trace_8rxn_stop_risksched085to095_lr1e4_entropy01to005_s1_c1_rnetol_d256_depth3_p20,seed009,9,424,42400,100,16,111.15995932263095,122.27829274839331,111.08349712216678,False,max_epochs,1903.3459730148315
rl4crn_rne_oscillator_trace_8rxn_stop_risksched085to095_lr1e4_entropy01to005_s1_c1_rnetol_d256_depth3_p20,seed009,9,425,42500,100,16,112.06830098960309,121.5591475861,111.08349712216678,False,max_epochs,1908.0957615375519
rl4crn_rne_oscillator_trace_8rxn_stop_risksched085to095_lr1e4_entropy01to005_s1_c1_rnetol_d256_depth3_p20,seed009,9,426,42600,100,16,112.15739097717902,120.20515586925087,111.08349712216678,False,max_epochs,1912.5681982040405
rl4crn_rne_oscillator_trace_8rxn_stop_risksched085to095_lr1e4_entropy01to005_s1_c1_rnetol_d256_depth3_p20,seed009,9,427,42700,100,16,111.48342806872387,122.23989614187522,111.08349712216678,False,max_epochs,1914.877251625061
rl4crn_rne_oscillator_trace_8rxn_stop_risksched085to095_lr1e4_entropy01to005_s1_c1_rnetol_d256_depth3_p20,seed009,9,428,42800,100,16,112.09505183336194,123.80116458274237,111.08349712216678,False,max_epochs,1919.3183960914612
rl4crn_rne_oscillator_trace_8rxn_stop_risksched085to095_lr1e4_entropy01to005_s1_c1_rnetol_d256_depth3_p20,seed009,9,429,42900,100,16,111.51175877607355,124.4618166462403,111.08349712216678,False,max_epochs,1924.414370059967
rl4crn_rne_oscillator_trace_8rxn_stop_risksched085to095_lr1e4_entropy01to005_s1_c1_rnetol_d256_depth3_p20,seed009,9,430,43000,100,16,111.81255881744234,122.4663569586732,111.08349712216678,False,max_epochs,1929.3550786972046
rl4crn_rne_oscillator_trace_8rxn_stop_risksched085to095_lr1e4_entropy01to005_s1_c1_rnetol_d256_depth3_p20,seed009,9,431,43100,100,16,111.47345773301352,122.70895890713007,111.08349712216678,False,max_epochs,1934.2238957881927
rl4crn_rne_oscillator_trace_8rxn_stop_risksched085to095_lr1e4_entropy01to005_s1_c1_rnetol_d256_depth3_p20,seed009,9,432,43200,100,16,111.99532178736985,122.18531136717345,111.08349712216678,False,max_epochs,1939.0134558677673
rl4crn_rne_oscillator_trace_8rxn_stop_risksched085to095_lr1e4_entropy01to005_s1_c1_rnetol_d256_depth3_p20,seed009,9,433,43300,100,16,111.4730863632345,124.02250178551154,111.08349712216678,False,max_epochs,1944.2602441310883
rl4crn_rne_oscillator_trace_8rxn_stop_risksched085to095_lr1e4_entropy01to005_s1_c1_rnetol_d256_depth3_p20,seed009,9,434,43400,100,16,111.5442273742169,124.13169547964871,111.08349712216678,False,max_epochs,1948.5844094753265
rl4crn_rne_oscillator_trace_8rxn_stop_risksched085to095_lr1e4_entropy01to005_s1_c1_rnetol_d256_depth3_p20,seed009,9,435,43500,100,16,113.30567319213056,125.42492591865411,111.08349712216678,False,max_epochs,1952.6800220012665
rl4crn_rne_oscillator_trace_8rxn_stop_risksched085to095_lr1e4_entropy01to005_s1_c1_rnetol_d256_depth3_p20,seed009,9,436,43600,100,16,111.76588870343723,125.41800767241557,111.08349712216678,False,max_epochs,1955.0906596183777
rl4crn_rne_oscillator_trace_8rxn_stop_risksched085to095_lr1e4_entropy01to005_s1_c1_rnetol_d256_depth3_p20,seed009,9,437,43700,100,16,112.66276635445865,122.3436806200905,111.08349712216678,False,max_epochs,1959.7619771957397
rl4crn_rne_oscillator_trace_8rxn_stop_risksched085to095_lr1e4_entropy01to005_s1_c1_rnetol_d256_depth3_p20,seed009,9,438,43800,100,16,112.78121792500218,122.38615031033235,111.08349712216678,False,max_epochs,1964.5965828895569
rl4crn_rne_oscillator_trace_8rxn_stop_risksched085to095_lr1e4_entropy01to005_s1_c1_rnetol_d256_depth3_p20,seed009,9,439,43900,100,16,111.88573992322672,121.49569257502752,111.08349712216678,False,max_epochs,1969.8763370513916
rl4crn_rne_oscillator_trace_8rxn_stop_risksched085to095_lr1e4_entropy01to005_s1_c1_rnetol_d256_depth3_p20,seed009,9,440,44000,100,16,111.5728846305901,122.5154051398152,111.08349712216678,False,max_epochs,1974.9465935230255
rl4crn_rne_oscillator_trace_8rxn_stop_risksched085to095_lr1e4_entropy01to005_s1_c1_rnetol_d256_depth3_p20,seed009,9,441,44100,100,16,112.44579924649388,123.97365341207552,111.08349712216678,False,max_epochs,1980.2127892971039
rl4crn_rne_oscillator_trace_8rxn_stop_risksched085to095_lr1e4_entropy01to005_s1_c1_rnetol_d256_depth3_p20,seed009,9,442,44200,100,16,111.28696587073453,125.19792011305549,111.08349712216678,False,max_epochs,1985.2354664802551
rl4crn_rne_oscillator_trace_8rxn_stop_risksched085to095_lr1e4_entropy01to005_s1_c1_rnetol_d256_depth3_p20,seed009,9,443,44300,100,16,111.70216526826297,123.96190955303535,111.08349712216678,False,max_epochs,1990.2545380592346
rl4crn_rne_oscillator_trace_8rxn_stop_risksched085to095_lr1e4_entropy01to005_s1_c1_rnetol_d256_depth3_p20,seed009,9,444,44400,100,16,111.68810796923269,122.29548700182507,111.08349712216678,False,max_epochs,1995.3118991851807
rl4crn_rne_oscillator_trace_8rxn_stop_risksched085to095_lr1e4_entropy01to005_s1_c1_rnetol_d256_depth3_p20,seed009,9,445,44500,100,16,112.20793787154753,120.79258210671176,111.08349712216678,False,max_epochs,2000.7432482242584
rl4crn_rne_oscillator_trace_8rxn_stop_risksched085to095_lr1e4_entropy01to005_s1_c1_rnetol_d256_depth3_p20,seed009,9,446,44600,100,16,111.50371716497426,121.07389950174698,111.08349712216678,False,max_epochs,2005.7361242771149
rl4crn_rne_oscillator_trace_8rxn_stop_risksched085to095_lr1e4_entropy01to005_s1_c1_rnetol_d256_depth3_p20,seed009,9,447,44700,100,16,111.76488583037518,121.21598120799577,111.08349712216678,False,max_epochs,2010.9864618778229
rl4crn_rne_oscillator_trace_8rxn_stop_risksched085to095_lr1e4_entropy01to005_s1_c1_rnetol_d256_depth3_p20,seed009,9,448,44800,100,16,111.58419757332614,123.33381132365693,111.08349712216678,False,max_epochs,2015.9155864715576
rl4crn_rne_oscillator_trace_8rxn_stop_risksched085to095_lr1e4_entropy01to005_s1_c1_rnetol_d256_depth3_p20,seed009,9,449,44900,100,16,111.85877481786343,123.63329590560056,111.08349712216678,False,max_epochs,2021.1140003204346
rl4crn_rne_oscillator_trace_8rxn_stop_risksched085to095_lr1e4_entropy01to005_s1_c1_rnetol_d256_depth3_p20,seed009,9,450,45000,100,16,113.61952619275083,122.2972692752831,111.08349712216678,False,max_epochs,2026.0414354801178
rl4crn_rne_oscillator_trace_8rxn_stop_risksched085to095_lr1e4_entropy01to005_s1_c1_rnetol_d256_depth3_p20,seed009,9,451,45100,100,16,112.52624158152366,121.75108070263805,111.08349712216678,False,max_epochs,2030.2691509723663
rl4crn_rne_oscillator_trace_8rxn_stop_risksched085to095_lr1e4_entropy01to005_s1_c1_rnetol_d256_depth3_p20,seed009,9,452,45200,100,16,111.81021008143962,121.92168853980091,111.08349712216678,False,max_epochs,2035.1488041877747
rl4crn_rne_oscillator_trace_8rxn_stop_risksched085to095_lr1e4_entropy01to005_s1_c1_rnetol_d256_depth3_p20,seed009,9,453,45300,100,16,111.55747805955845,122.56638864749083,111.08349712216678,False,max_epochs,2039.6251802444458
rl4crn_rne_oscillator_trace_8rxn_stop_risksched085to095_lr1e4_entropy01to005_s1_c1_rnetol_d256_depth3_p20,seed009,9,454,45400,100,16,111.81578720071965,122.5564989934471,111.08349712216678,False,max_epochs,2041.7376477718353
rl4crn_rne_oscillator_trace_8rxn_stop_risksched085to095_lr1e4_entropy01to005_s1_c1_rnetol_d256_depth3_p20,seed009,9,455,45500,100,16,112.21466315724274,122.9695180861417,111.08349712216678,False,max_epochs,2046.8535959720612
rl4crn_rne_oscillator_trace_8rxn_stop_risksched085to095_lr1e4_entropy01to005_s1_c1_rnetol_d256_depth3_p20,seed009,9,456,45600,100,16,111.76179953878433,121.20739417405461,111.08349712216678,False,max_epochs,2051.4329969882965
rl4crn_rne_oscillator_trace_8rxn_stop_risksched085to095_lr1e4_entropy01to005_s1_c1_rnetol_d256_depth3_p20,seed009,9,457,45700,100,16,111.97982821385264,120.30893766102378,111.08349712216678,False,max_epochs,2056.7395997047424
rl4crn_rne_oscillator_trace_8rxn_stop_risksched085to095_lr1e4_entropy01to005_s1_c1_rnetol_d256_depth3_p20,seed009,9,458,45800,100,16,111.97688585647008,120.48685089851782,111.08349712216678,False,max_epochs,2061.8906466960907
rl4crn_rne_oscillator_trace_8rxn_stop_risksched085to095_lr1e4_entropy01to005_s1_c1_rnetol_d256_depth3_p20,seed009,9,459,45900,100,16,111.68577188092806,120.29275737388704,111.08349712216678,False,max_epochs,2066.830131292343
rl4crn_rne_oscillator_trace_8rxn_stop_risksched085to095_lr1e4_entropy01to005_s1_c1_rnetol_d256_depth3_p20,seed009,9,460,46000,100,16,112.34388880909042,122.82587227942383,111.08349712216678,False,max_epochs,2072.1413242816925
rl4crn_rne_oscillator_trace_8rxn_stop_risksched085to095_lr1e4_entropy01to005_s1_c1_rnetol_d256_depth3_p20,seed009,9,461,46100,100,16,115.23761841802555,124.41706572730004,111.08349712216678,False,max_epochs,2077.47368144989
rl4crn_rne_oscillator_trace_8rxn_stop_risksched085to095_lr1e4_entropy01to005_s1_c1_rnetol_d256_depth3_p20,seed009,9,462,46200,100,16,112.93803821575986,125.86639244025608,111.08349712216678,False,max_epochs,2082.366844892502
rl4crn_rne_oscillator_trace_8rxn_stop_risksched085to095_lr1e4_entropy01to005_s1_c1_rnetol_d256_depth3_p20,seed009,9,463,46300,100,16,112.07862117766554,124.43365903093294,111.08349712216678,False,max_epochs,2087.5947992801666
rl4crn_rne_oscillator_trace_8rxn_stop_risksched085to095_lr1e4_entropy01to005_s1_c1_rnetol_d256_depth3_p20,seed009,9,464,46400,100,16,112.88798750119048,123.20130975009494,111.08349712216678,False,max_epochs,2092.7535049915314
rl4crn_rne_oscillator_trace_8rxn_stop_risksched085to095_lr1e4_entropy01to005_s1_c1_rnetol_d256_depth3_p20,seed009,9,465,46500,100,16,112.02069241967666,120.2178114067866,111.08349712216678,False,max_epochs,2097.3677818775177
rl4crn_rne_oscillator_trace_8rxn_stop_risksched085to095_lr1e4_entropy01to005_s1_c1_rnetol_d256_depth3_p20,seed009,9,466,46600,100,16,111.4769779024559,119.6818634510446,111.08349712216678,False,max_epochs,2102.6974561214447
rl4crn_rne_oscillator_trace_8rxn_stop_risksched085to095_lr1e4_entropy01to005_s1_c1_rnetol_d256_depth3_p20,seed009,9,467,46700,100,16,111.30053326840763,119.88719921063402,111.08349712216678,False,max_epochs,2107.7737667560577
rl4crn_rne_oscillator_trace_8rxn_stop_risksched085to095_lr1e4_entropy01to005_s1_c1_rnetol_d256_depth3_p20,seed009,9,468,46800,100,16,112.79574582305764,120.34948570490445,111.08349712216678,False,max_epochs,2112.831290245056
rl4crn_rne_oscillator_trace_8rxn_stop_risksched085to095_lr1e4_entropy01to005_s1_c1_rnetol_d256_depth3_p20,seed009,9,469,46900,100,16,111.48001172315438,122.59520937226452,111.08349712216678,False,max_epochs,2118.3501641750336
rl4crn_rne_oscillator_trace_8rxn_stop_risksched085to095_lr1e4_entropy01to005_s1_c1_rnetol_d256_depth3_p20,seed009,9,470,47000,100,16,111.82205055277124,120.78735288618893,111.08349712216678,False,max_epochs,2123.2304458618164
rl4crn_rne_oscillator_trace_8rxn_stop_risksched085to095_lr1e4_entropy01to005_s1_c1_rnetol_d256_depth3_p20,seed009,9,471,47100,100,16,111.83832876791321,121.8421807952767,111.08349712216678,False,max_epochs,2127.917824745178
rl4crn_rne_oscillator_trace_8rxn_stop_risksched085to095_lr1e4_entropy01to005_s1_c1_rnetol_d256_depth3_p20,seed009,9,472,47200,100,16,111.06291429430834,121.33012629527725,111.06291429430834,False,max_epochs,2132.830140352249
rl4crn_rne_oscillator_trace_8rxn_stop_risksched085to095_lr1e4_entropy01to005_s1_c1_rnetol_d256_depth3_p20,seed009,9,473,47300,100,16,111.25855899790318,123.92201156209892,111.06291429430834,False,max_epochs,2137.3555402755737
rl4crn_rne_oscillator_trace_8rxn_stop_risksched085to095_lr1e4_entropy01to005_s1_c1_rnetol_d256_depth3_p20,seed009,9,474,47400,100,16,111.83636788163578,123.25990021232934,111.06291429430834,False,max_epochs,2141.990240573883
rl4crn_rne_oscillator_trace_8rxn_stop_risksched085to095_lr1e4_entropy01to005_s1_c1_rnetol_d256_depth3_p20,seed009,9,475,47500,100,16,111.87696868791538,123.73593522766616,111.06291429430834,False,max_epochs,2144.144125699997
rl4crn_rne_oscillator_trace_8rxn_stop_risksched085to095_lr1e4_entropy01to005_s1_c1_rnetol_d256_depth3_p20,seed009,9,476,47600,100,16,111.80400205835632,122.29838582223681,111.06291429430834,False,max_epochs,2148.619779586792
rl4crn_rne_oscillator_trace_8rxn_stop_risksched085to095_lr1e4_entropy01to005_s1_c1_rnetol_d256_depth3_p20,seed009,9,477,47700,100,16,112.59506257601572,121.51488536940096,111.06291429430834,False,max_epochs,2154.0900111198425
rl4crn_rne_oscillator_trace_8rxn_stop_risksched085to095_lr1e4_entropy01to005_s1_c1_rnetol_d256_depth3_p20,seed009,9,478,47800,100,16,112.13154614979837,120.50529812051595,111.06291429430834,False,max_epochs,2158.9241182804108
rl4crn_rne_oscillator_trace_8rxn_stop_risksched085to095_lr1e4_entropy01to005_s1_c1_rnetol_d256_depth3_p20,seed009,9,479,47900,100,16,113.08450735999382,120.34347878268471,111.06291429430834,False,max_epochs,2164.028969526291
rl4crn_rne_oscillator_trace_8rxn_stop_risksched085to095_lr1e4_entropy01to005_s1_c1_rnetol_d256_depth3_p20,seed009,9,480,48000,100,16,112.45262891836876,120.24358981733937,111.06291429430834,False,max_epochs,2168.997225999832
rl4crn_rne_oscillator_trace_8rxn_stop_risksched085to095_lr1e4_entropy01to005_s1_c1_rnetol_d256_depth3_p20,seed009,9,481,48100,100,16,112.31298313150786,120.57647746279673,111.06291429430834,False,max_epochs,2174.4421331882477
rl4crn_rne_oscillator_trace_8rxn_stop_risksched085to095_lr1e4_entropy01to005_s1_c1_rnetol_d256_depth3_p20,seed009,9,482,48200,100,16,112.33643174714994,123.40716226284623,111.06291429430834,False,max_epochs,2179.00639295578
rl4crn_rne_oscillator_trace_8rxn_stop_risksched085to095_lr1e4_entropy01to005_s1_c1_rnetol_d256_depth3_p20,seed009,9,483,48300,100,16,114.05489953968349,123.45045937970636,111.06291429430834,False,max_epochs,2183.533506631851
rl4crn_rne_oscillator_trace_8rxn_stop_risksched085to095_lr1e4_entropy01to005_s1_c1_rnetol_d256_depth3_p20,seed009,9,484,48400,100,16,112.14491934959342,121.05475280650458,111.06291429430834,False,max_epochs,2188.2049305438995
rl4crn_rne_oscillator_trace_8rxn_stop_risksched085to095_lr1e4_entropy01to005_s1_c1_rnetol_d256_depth3_p20,seed009,9,485,48500,100,16,111.3931963240214,121.2793200565725,111.06291429430834,False,max_epochs,2192.573087453842
rl4crn_rne_oscillator_trace_8rxn_stop_risksched085to095_lr1e4_entropy01to005_s1_c1_rnetol_d256_depth3_p20,seed009,9,486,48600,100,16,112.41308260781524,119.74944325714524,111.06291429430834,False,max_epochs,2195.1253051757812
rl4crn_rne_oscillator_trace_8rxn_stop_risksched085to095_lr1e4_entropy01to005_s1_c1_rnetol_d256_depth3_p20,seed009,9,487,48700,100,16,112.38542355407448,120.7938890507437,111.06291429430834,False,max_epochs,2199.4368863105774
rl4crn_rne_oscillator_trace_8rxn_stop_risksched085to095_lr1e4_entropy01to005_s1_c1_rnetol_d256_depth3_p20,seed009,9,488,48800,100,16,112.1892006185031,122.06303382362069,111.06291429430834,False,max_epochs,2204.166173219681
rl4crn_rne_oscillator_trace_8rxn_stop_risksched085to095_lr1e4_entropy01to005_s1_c1_rnetol_d256_depth3_p20,seed009,9,489,48900,100,16,112.73917575270639,122.96824457271727,111.06291429430834,False,max_epochs,2209.2748453617096
rl4crn_rne_oscillator_trace_8rxn_stop_risksched085to095_lr1e4_entropy01to005_s1_c1_rnetol_d256_depth3_p20,seed009,9,490,49000,100,16,112.13348762265592,120.97890529711583,111.06291429430834,False,max_epochs,2213.950582742691
rl4crn_rne_oscillator_trace_8rxn_stop_risksched085to095_lr1e4_entropy01to005_s1_c1_rnetol_d256_depth3_p20,seed009,9,491,49100,100,16,111.1048089200824,120.8400897189288,111.06291429430834,False,max_epochs,2218.8267924785614
rl4crn_rne_oscillator_trace_8rxn_stop_risksched085to095_lr1e4_entropy01to005_s1_c1_rnetol_d256_depth3_p20,seed009,9,492,49200,100,16,110.97294406257191,119.93569306432113,110.97294406257191,False,max_epochs,2223.3183879852295
rl4crn_rne_oscillator_trace_8rxn_stop_risksched085to095_lr1e4_entropy01to005_s1_c1_rnetol_d256_depth3_p20,seed009,9,493,49300,100,16,112.45227716800028,119.67382472554387,110.97294406257191,False,max_epochs,2225.52006483078
rl4crn_rne_oscillator_trace_8rxn_stop_risksched085to095_lr1e4_entropy01to005_s1_c1_rnetol_d256_depth3_p20,seed009,9,494,49400,100,16,111.65952986372918,120.44673670637775,110.97294406257191,False,max_epochs,2229.9690227508545
rl4crn_rne_oscillator_trace_8rxn_stop_risksched085to095_lr1e4_entropy01to005_s1_c1_rnetol_d256_depth3_p20,seed009,9,495,49500,100,16,112.79700927114187,122.31253093883367,110.97294406257191,False,max_epochs,2234.992956638336
rl4crn_rne_oscillator_trace_8rxn_stop_risksched085to095_lr1e4_entropy01to005_s1_c1_rnetol_d256_depth3_p20,seed009,9,496,49600,100,16,111.71678480732135,123.84206274481227,110.97294406257191,False,max_epochs,2239.90069437027
rl4crn_rne_oscillator_trace_8rxn_stop_risksched085to095_lr1e4_entropy01to005_s1_c1_rnetol_d256_depth3_p20,seed009,9,497,49700,100,16,111.81380839610628,126.43597734839693,110.97294406257191,False,max_epochs,2244.407282590866
rl4crn_rne_oscillator_trace_8rxn_stop_risksched085to095_lr1e4_entropy01to005_s1_c1_rnetol_d256_depth3_p20,seed009,9,498,49800,100,16,109.97606566669208,126.03351443303465,109.97606566669208,False,max_epochs,2249.079852104187
rl4crn_rne_oscillator_trace_8rxn_stop_risksched085to095_lr1e4_entropy01to005_s1_c1_rnetol_d256_depth3_p20,seed009,9,499,49900,100,16,111.83095826982901,124.30591834574885,109.97606566669208,False,max_epochs,2251.237016439438
rl4crn_rne_oscillator_trace_8rxn_stop_risksched085to095_lr1e4_entropy01to005_s1_c1_rnetol_d256_depth3_p20,seed009,9,500,50000,100,16,111.45232112235092,123.23569785180956,109.97606566669208,False,max_epochs,2255.5905179977417
rl4crn_rne_oscillator_trace_8rxn_stop_risksched085to095_lr1e4_entropy01to005_s1_c1_rnetol_d256_depth3_p20,seed009,9,501,50100,100,16,112.341652974723,123.18681637997753,109.97606566669208,False,max_epochs,2260.701084136963
rl4crn_rne_oscillator_trace_8rxn_stop_risksched085to095_lr1e4_entropy01to005_s1_c1_rnetol_d256_depth3_p20,seed009,9,502,50200,100,16,111.24142257672199,122.95693674110795,109.97606566669208,False,max_epochs,2265.8058230876923
rl4crn_rne_oscillator_trace_8rxn_stop_risksched085to095_lr1e4_entropy01to005_s1_c1_rnetol_d256_depth3_p20,seed009,9,503,50300,100,16,111.59651344097372,123.11088272364955,109.97606566669208,False,max_epochs,2271.2791299819946
rl4crn_rne_oscillator_trace_8rxn_stop_risksched085to095_lr1e4_entropy01to005_s1_c1_rnetol_d256_depth3_p20,seed009,9,504,50400,100,16,111.71504779391685,124.37166472173263,109.97606566669208,False,max_epochs,2276.160992860794
rl4crn_rne_oscillator_trace_8rxn_stop_risksched085to095_lr1e4_entropy01to005_s1_c1_rnetol_d256_depth3_p20,seed009,9,505,50500,100,16,111.94095285438532,124.34788606175516,109.97606566669208,False,max_epochs,2281.2074604034424
rl4crn_rne_oscillator_trace_8rxn_stop_risksched085to095_lr1e4_entropy01to005_s1_c1_rnetol_d256_depth3_p20,seed009,9,506,50600,100,16,112.14904501376601,124.16750093467729,109.97606566669208,False,max_epochs,2286.075625181198
rl4crn_rne_oscillator_trace_8rxn_stop_risksched085to095_lr1e4_entropy01to005_s1_c1_rnetol_d256_depth3_p20,seed009,9,507,50700,100,16,112.89840389631146,124.90264482907364,109.97606566669208,False,max_epochs,2290.8941564559937
rl4crn_rne_oscillator_trace_8rxn_stop_risksched085to095_lr1e4_entropy01to005_s1_c1_rnetol_d256_depth3_p20,seed009,9,508,50800,100,16,111.3187186755242,124.18071200136139,109.97606566669208,False,max_epochs,2295.6245505809784
rl4crn_rne_oscillator_trace_8rxn_stop_risksched085to095_lr1e4_entropy01to005_s1_c1_rnetol_d256_depth3_p20,seed009,9,509,50900,100,16,111.19917954563466,123.75531597547108,109.97606566669208,False,max_epochs,2300.342351913452
rl4crn_rne_oscillator_trace_8rxn_stop_risksched085to095_lr1e4_entropy01to005_s1_c1_rnetol_d256_depth3_p20,seed009,9,510,51000,100,16,112.35493256731945,123.23699896832133,109.97606566669208,False,max_epochs,2303.1215465068817
rl4crn_rne_oscillator_trace_8rxn_stop_risksched085to095_lr1e4_entropy01to005_s1_c1_rnetol_d256_depth3_p20,seed009,9,511,51100,100,16,111.09461043822988,122.22725900214726,109.97606566669208,False,max_epochs,2306.9027428627014
rl4crn_rne_oscillator_trace_8rxn_stop_risksched085to095_lr1e4_entropy01to005_s1_c1_rnetol_d256_depth3_p20,seed009,9,512,51200,100,16,111.5617169555695,120.66979193286195,109.97606566669208,False,max_epochs,2311.7787005901337
rl4crn_rne_oscillator_trace_8rxn_stop_risksched085to095_lr1e4_entropy01to005_s1_c1_rnetol_d256_depth3_p20,seed009,9,513,51300,100,16,111.56402719997041,123.10400793713362,109.97606566669208,False,max_epochs,2316.183925628662
rl4crn_rne_oscillator_trace_8rxn_stop_risksched085to095_lr1e4_entropy01to005_s1_c1_rnetol_d256_depth3_p20,seed009,9,514,51400,100,16,111.71302957614941,123.3376462191733,109.97606566669208,False,max_epochs,2321.013346672058
rl4crn_rne_oscillator_trace_8rxn_stop_risksched085to095_lr1e4_entropy01to005_s1_c1_rnetol_d256_depth3_p20,seed009,9,515,51500,100,16,112.63829825676846,123.28703367664431,109.97606566669208,False,max_epochs,2323.52773976326
rl4crn_rne_oscillator_trace_8rxn_stop_risksched085to095_lr1e4_entropy01to005_s1_c1_rnetol_d256_depth3_p20,seed009,9,516,51600,100,16,112.24827398854025,124.18379911075161,109.97606566669208,False,max_epochs,2327.438861131668
rl4crn_rne_oscillator_trace_8rxn_stop_risksched085to095_lr1e4_entropy01to005_s1_c1_rnetol_d256_depth3_p20,seed009,9,517,51700,100,16,112.57507787670717,125.3435815197,109.97606566669208,False,max_epochs,2332.2876555919647
rl4crn_rne_oscillator_trace_8rxn_stop_risksched085to095_lr1e4_entropy01to005_s1_c1_rnetol_d256_depth3_p20,seed009,9,518,51800,100,16,112.85175175137674,122.97636858958015,109.97606566669208,False,max_epochs,2337.64825797081
rl4crn_rne_oscillator_trace_8rxn_stop_risksched085to095_lr1e4_entropy01to005_s1_c1_rnetol_d256_depth3_p20,seed009,9,519,51900,100,16,112.47322210705711,123.40909736578658,109.97606566669208,False,max_epochs,2342.9737873077393
rl4crn_rne_oscillator_trace_8rxn_stop_risksched085to095_lr1e4_entropy01to005_s1_c1_rnetol_d256_depth3_p20,seed009,9,520,52000,100,16,112.52255297292936,122.26248386470277,109.97606566669208,False,max_epochs,2347.906270503998
rl4crn_rne_oscillator_trace_8rxn_stop_risksched085to095_lr1e4_entropy01to005_s1_c1_rnetol_d256_depth3_p20,seed009,9,521,52100,100,16,111.7959763523805,121.08232671076135,109.97606566669208,False,max_epochs,2353.1455340385437
rl4crn_rne_oscillator_trace_8rxn_stop_risksched085to095_lr1e4_entropy01to005_s1_c1_rnetol_d256_depth3_p20,seed009,9,522,52200,100,16,111.61104516084212,123.21001637477653,109.97606566669208,False,max_epochs,2357.7760117053986
rl4crn_rne_oscillator_trace_8rxn_stop_risksched085to095_lr1e4_entropy01to005_s1_c1_rnetol_d256_depth3_p20,seed009,9,523,52300,100,16,112.63803115243648,123.97795292000268,109.97606566669208,False,max_epochs,2362.6304161548615
rl4crn_rne_oscillator_trace_8rxn_stop_risksched085to095_lr1e4_entropy01to005_s1_c1_rnetol_d256_depth3_p20,seed009,9,524,52400,100,16,112.90674731798572,126.23509941623975,109.97606566669208,False,max_epochs,2367.218922138214
rl4crn_rne_oscillator_trace_8rxn_stop_risksched085to095_lr1e4_entropy01to005_s1_c1_rnetol_d256_depth3_p20,seed009,9,525,52500,100,16,112.94631710896574,125.10175011897368,109.97606566669208,False,max_epochs,2372.050444126129
rl4crn_rne_oscillator_trace_8rxn_stop_risksched085to095_lr1e4_entropy01to005_s1_c1_rnetol_d256_depth3_p20,seed009,9,526,52600,100,16,112.42629004357983,124.93318161737763,109.97606566669208,False,max_epochs,2376.4614770412445
rl4crn_rne_oscillator_trace_8rxn_stop_risksched085to095_lr1e4_entropy01to005_s1_c1_rnetol_d256_depth3_p20,seed009,9,527,52700,100,16,111.23279734422496,123.80989985449546,109.97606566669208,False,max_epochs,2378.6645288467407
rl4crn_rne_oscillator_trace_8rxn_stop_risksched085to095_lr1e4_entropy01to005_s1_c1_rnetol_d256_depth3_p20,seed009,9,528,52800,100,16,112.50844742000761,122.44052221569055,109.97606566669208,False,max_epochs,2383.4661762714386
rl4crn_rne_oscillator_trace_8rxn_stop_risksched085to095_lr1e4_entropy01to005_s1_c1_rnetol_d256_depth3_p20,seed009,9,529,52900,100,16,111.00185382393893,122.94066659852535,109.97606566669208,False,max_epochs,2388.4189236164093
rl4crn_rne_oscillator_trace_8rxn_stop_risksched085to095_lr1e4_entropy01to005_s1_c1_rnetol_d256_depth3_p20,seed009,9,530,53000,100,16,111.239043788187,121.88108661333493,109.97606566669208,False,max_epochs,2393.4551537036896
rl4crn_rne_oscillator_trace_8rxn_stop_risksched085to095_lr1e4_entropy01to005_s1_c1_rnetol_d256_depth3_p20,seed009,9,531,53100,100,16,113.48265262150359,125.1445908166316,109.97606566669208,False,max_epochs,2398.75479888916
rl4crn_rne_oscillator_trace_8rxn_stop_risksched085to095_lr1e4_entropy01to005_s1_c1_rnetol_d256_depth3_p20,seed009,9,532,53200,100,16,111.64068891893382,125.32348423104429,109.97606566669208,False,max_epochs,2403.82537317276
rl4crn_rne_oscillator_trace_8rxn_stop_risksched085to095_lr1e4_entropy01to005_s1_c1_rnetol_d256_depth3_p20,seed009,9,533,53300,100,16,113.22106207662287,124.9468545970964,109.97606566669208,False,max_epochs,2409.224100828171
rl4crn_rne_oscillator_trace_8rxn_stop_risksched085to095_lr1e4_entropy01to005_s1_c1_rnetol_d256_depth3_p20,seed009,9,534,53400,100,16,112.72004555207047,124.68081437522997,109.97606566669208,False,max_epochs,2414.0671870708466
rl4crn_rne_oscillator_trace_8rxn_stop_risksched085to095_lr1e4_entropy01to005_s1_c1_rnetol_d256_depth3_p20,seed009,9,535,53500,100,16,112.3835858385513,122.06926530505197,109.97606566669208,False,max_epochs,2419.0854635238647
rl4crn_rne_oscillator_trace_8rxn_stop_risksched085to095_lr1e4_entropy01to005_s1_c1_rnetol_d256_depth3_p20,seed009,9,536,53600,100,16,111.91213960444064,121.33605365235529,109.97606566669208,False,max_epochs,2424.1487889289856
rl4crn_rne_oscillator_trace_8rxn_stop_risksched085to095_lr1e4_entropy01to005_s1_c1_rnetol_d256_depth3_p20,seed009,9,537,53700,100,16,112.00163883748722,120.11296803532147,109.97606566669208,False,max_epochs,2428.4834382534027
rl4crn_rne_oscillator_trace_8rxn_stop_risksched085to095_lr1e4_entropy01to005_s1_c1_rnetol_d256_depth3_p20,seed009,9,538,53800,100,16,111.27539077897741,123.99830344722498,109.97606566669208,False,max_epochs,2433.151444196701
rl4crn_rne_oscillator_trace_8rxn_stop_risksched085to095_lr1e4_entropy01to005_s1_c1_rnetol_d256_depth3_p20,seed009,9,539,53900,100,16,112.40331993463104,122.02500677197756,109.97606566669208,False,max_epochs,2435.2625889778137
rl4crn_rne_oscillator_trace_8rxn_stop_risksched085to095_lr1e4_entropy01to005_s1_c1_rnetol_d256_depth3_p20,seed009,9,540,54000,100,16,113.23220683267722,122.99170579931979,109.97606566669208,False,max_epochs,2439.6382241249084
rl4crn_rne_oscillator_trace_8rxn_stop_risksched085to095_lr1e4_entropy01to005_s1_c1_rnetol_d256_depth3_p20,seed009,9,541,54100,100,16,112.35180994636205,121.73004431958424,109.97606566669208,False,max_epochs,2444.310724258423
rl4crn_rne_oscillator_trace_8rxn_stop_risksched085to095_lr1e4_entropy01to005_s1_c1_rnetol_d256_depth3_p20,seed009,9,542,54200,100,16,111.91381732975377,120.41495974727982,109.97606566669208,False,max_epochs,2448.808838367462
rl4crn_rne_oscillator_trace_8rxn_stop_risksched085to095_lr1e4_entropy01to005_s1_c1_rnetol_d256_depth3_p20,seed009,9,543,54300,100,16,111.80829073518822,120.78480370549303,109.97606566669208,False,max_epochs,2453.060526371002
rl4crn_rne_oscillator_trace_8rxn_stop_risksched085to095_lr1e4_entropy01to005_s1_c1_rnetol_d256_depth3_p20,seed009,9,544,54400,100,16,111.65623632517601,120.6724745381905,109.97606566669208,False,max_epochs,2456.4628760814667
rl4crn_rne_oscillator_trace_8rxn_stop_risksched085to095_lr1e4_entropy01to005_s1_c1_rnetol_d256_depth3_p20,seed009,9,545,54500,100,16,111.62580183318254,122.86536441101916,109.97606566669208,False,max_epochs,2460.393317937851
rl4crn_rne_oscillator_trace_8rxn_stop_risksched085to095_lr1e4_entropy01to005_s1_c1_rnetol_d256_depth3_p20,seed009,9,546,54600,100,16,111.60442237652838,125.11004176220756,109.97606566669208,False,max_epochs,2464.916685819626
rl4crn_rne_oscillator_trace_8rxn_stop_risksched085to095_lr1e4_entropy01to005_s1_c1_rnetol_d256_depth3_p20,seed009,9,547,54700,100,16,115.53742693873629,126.1376125303198,109.97606566669208,False,max_epochs,2470.0181741714478
rl4crn_rne_oscillator_trace_8rxn_stop_risksched085to095_lr1e4_entropy01to005_s1_c1_rnetol_d256_depth3_p20,seed009,9,548,54800,100,16,112.09887584439298,126.4705618483381,109.97606566669208,False,max_epochs,2474.9504766464233
rl4crn_rne_oscillator_trace_8rxn_stop_risksched085to095_lr1e4_entropy01to005_s1_c1_rnetol_d256_depth3_p20,seed009,9,549,54900,100,16,111.93312223997333,123.18730814253945,109.97606566669208,False,max_epochs,2480.1836767196655
rl4crn_rne_oscillator_trace_8rxn_stop_risksched085to095_lr1e4_entropy01to005_s1_c1_rnetol_d256_depth3_p20,seed009,9,550,55000,100,16,111.39825137344835,124.07506005819698,109.97606566669208,False,max_epochs,2484.9389526844025
rl4crn_rne_oscillator_trace_8rxn_stop_risksched085to095_lr1e4_entropy01to005_s1_c1_rnetol_d256_depth3_p20,seed009,9,551,55100,100,16,90.47628937704648,121.46000926963683,90.47628937704648,False,max_epochs,2489.497640132904
rl4crn_rne_oscillator_trace_8rxn_stop_risksched085to095_lr1e4_entropy01to005_s1_c1_rnetol_d256_depth3_p20,seed009,9,552,55200,100,16,111.94672963285014,120.24404704112743,90.47628937704648,False,max_epochs,2494.2106535434723
rl4crn_rne_oscillator_trace_8rxn_stop_risksched085to095_lr1e4_entropy01to005_s1_c1_rnetol_d256_depth3_p20,seed009,9,553,55300,100,16,112.00977434253267,120.95938259152719,90.47628937704648,False,max_epochs,2496.269860982895
rl4crn_rne_oscillator_trace_8rxn_stop_risksched085to095_lr1e4_entropy01to005_s1_c1_rnetol_d256_depth3_p20,seed009,9,554,55400,100,16,111.58853880525612,121.08359774832863,90.47628937704648,False,max_epochs,2500.772694826126
rl4crn_rne_oscillator_trace_8rxn_stop_risksched085to095_lr1e4_entropy01to005_s1_c1_rnetol_d256_depth3_p20,seed009,9,555,55500,100,16,111.90713882104308,123.90997092325617,90.47628937704648,False,max_epochs,2505.9384503364563
rl4crn_rne_oscillator_trace_8rxn_stop_risksched085to095_lr1e4_entropy01to005_s1_c1_rnetol_d256_depth3_p20,seed009,9,556,55600,100,16,113.40247822255492,124.2892905663926,90.47628937704648,False,max_epochs,2511.0929050445557
rl4crn_rne_oscillator_trace_8rxn_stop_risksched085to095_lr1e4_entropy01to005_s1_c1_rnetol_d256_depth3_p20,seed009,9,557,55700,100,16,112.47339914078233,125.5771211839502,90.47628937704648,False,max_epochs,2516.3319597244263
rl4crn_rne_oscillator_trace_8rxn_stop_risksched085to095_lr1e4_entropy01to005_s1_c1_rnetol_d256_depth3_p20,seed009,9,558,55800,100,16,112.85880536675367,123.54559822951705,90.47628937704648,False,max_epochs,2521.154856443405
rl4crn_rne_oscillator_trace_8rxn_stop_risksched085to095_lr1e4_entropy01to005_s1_c1_rnetol_d256_depth3_p20,seed009,9,559,55900,100,16,112.37104949189558,122.87295620579958,90.47628937704648,False,max_epochs,2526.410952091217
rl4crn_rne_oscillator_trace_8rxn_stop_risksched085to095_lr1e4_entropy01to005_s1_c1_rnetol_d256_depth3_p20,seed009,9,560,56000,100,16,112.114414422121,121.37171531170065,90.47628937704648,False,max_epochs,2531.4368274211884
rl4crn_rne_oscillator_trace_8rxn_stop_risksched085to095_lr1e4_entropy01to005_s1_c1_rnetol_d256_depth3_p20,seed009,9,561,56100,100,16,112.72624363428329,123.33160392733038,90.47628937704648,False,max_epochs,2536.744680404663
rl4crn_rne_oscillator_trace_8rxn_stop_risksched085to095_lr1e4_entropy01to005_s1_c1_rnetol_d256_depth3_p20,seed009,9,562,56200,100,16,113.13384949318586,123.8151531251827,90.47628937704648,False,max_epochs,2541.520644903183
rl4crn_rne_oscillator_trace_8rxn_stop_risksched085to095_lr1e4_entropy01to005_s1_c1_rnetol_d256_depth3_p20,seed009,9,563,56300,100,16,111.37504795531294,123.73759268724638,90.47628937704648,False,max_epochs,2546.237815618515
rl4crn_rne_oscillator_trace_8rxn_stop_risksched085to095_lr1e4_entropy01to005_s1_c1_rnetol_d256_depth3_p20,seed009,9,564,56400,100,16,111.49062488226376,123.11706090160091,90.47628937704648,False,max_epochs,2550.9234087467194
rl4crn_rne_oscillator_trace_8rxn_stop_risksched085to095_lr1e4_entropy01to005_s1_c1_rnetol_d256_depth3_p20,seed009,9,565,56500,100,16,111.41296047450591,123.27051393075556,90.47628937704648,False,max_epochs,2555.378254175186
rl4crn_rne_oscillator_trace_8rxn_stop_risksched085to095_lr1e4_entropy01to005_s1_c1_rnetol_d256_depth3_p20,seed009,9,566,56600,100,16,112.48775336431991,124.87897485277483,90.47628937704648,False,max_epochs,2557.655683517456
rl4crn_rne_oscillator_trace_8rxn_stop_risksched085to095_lr1e4_entropy01to005_s1_c1_rnetol_d256_depth3_p20,seed009,9,567,56700,100,16,98.68077328758262,125.22986029986481,90.47628937704648,False,max_epochs,2562.5653483867645
rl4crn_rne_oscillator_trace_8rxn_stop_risksched085to095_lr1e4_entropy01to005_s1_c1_rnetol_d256_depth3_p20,seed009,9,568,56800,100,16,112.33060340631118,126.65607046390264,90.47628937704648,False,max_epochs,2567.2694640159607
rl4crn_rne_oscillator_trace_8rxn_stop_risksched085to095_lr1e4_entropy01to005_s1_c1_rnetol_d256_depth3_p20,seed009,9,569,56900,100,16,114.1619464076862,129.10393406425823,90.47628937704648,False,max_epochs,2572.424473285675
rl4crn_rne_oscillator_trace_8rxn_stop_risksched085to095_lr1e4_entropy01to005_s1_c1_rnetol_d256_depth3_p20,seed009,9,570,57000,100,16,100.02214321383232,129.24813615874976,90.47628937704648,False,max_epochs,2577.213978290558
rl4crn_rne_oscillator_trace_8rxn_stop_risksched085to095_lr1e4_entropy01to005_s1_c1_rnetol_d256_depth3_p20,seed009,9,571,57100,100,16,97.58522284833566,132.30710735144146,90.47628937704648,False,max_epochs,2581.7816150188446
rl4crn_rne_oscillator_trace_8rxn_stop_risksched085to095_lr1e4_entropy01to005_s1_c1_rnetol_d256_depth3_p20,seed009,9,572,57200,100,16,97.89375168538758,138.66000368509583,90.47628937704648,False,max_epochs,2586.5736513137817
rl4crn_rne_oscillator_trace_8rxn_stop_risksched085to095_lr1e4_entropy01to005_s1_c1_rnetol_d256_depth3_p20,seed009,9,573,57300,100,16,114.27584286263279,141.81088354323276,90.47628937704648,False,max_epochs,2589.051300764084
rl4crn_rne_oscillator_trace_8rxn_stop_risksched085to095_lr1e4_entropy01to005_s1_c1_rnetol_d256_depth3_p20,seed009,9,574,57400,100,16,115.65568095057866,141.45527360349368,90.47628937704648,False,max_epochs,2593.245445728302
rl4crn_rne_oscillator_trace_8rxn_stop_risksched085to095_lr1e4_entropy01to005_s1_c1_rnetol_d256_depth3_p20,seed009,9,575,57500,100,16,112.3054866504331,142.0237027916209,90.47628937704648,False,max_epochs,2598.3778886795044
rl4crn_rne_oscillator_trace_8rxn_stop_risksched085to095_lr1e4_entropy01to005_s1_c1_rnetol_d256_depth3_p20,seed009,9,576,57600,100,16,113.98442106778023,150.3333924474784,90.47628937704648,False,max_epochs,2602.9018409252167
rl4crn_rne_oscillator_trace_8rxn_stop_risksched085to095_lr1e4_entropy01to005_s1_c1_rnetol_d256_depth3_p20,seed009,9,577,57700,100,16,110.5848606357639,146.56498931933473,90.47628937704648,False,max_epochs,2607.6899468898773
rl4crn_rne_oscillator_trace_8rxn_stop_risksched085to095_lr1e4_entropy01to005_s1_c1_rnetol_d256_depth3_p20,seed009,9,578,57800,100,16,103.52770848158285,147.16303869306847,90.47628937704648,False,max_epochs,2612.4345355033875
rl4crn_rne_oscillator_trace_8rxn_stop_risksched085to095_lr1e4_entropy01to005_s1_c1_rnetol_d256_depth3_p20,seed009,9,579,57900,100,16,104.79777046980199,152.3100787734029,90.47628937704648,False,max_epochs,2617.658373594284
rl4crn_rne_oscillator_trace_8rxn_stop_risksched085to095_lr1e4_entropy01to005_s1_c1_rnetol_d256_depth3_p20,seed009,9,580,58000,100,16,104.73385280036736,146.9116929548703,90.47628937704648,False,max_epochs,2622.1668066978455
rl4crn_rne_oscillator_trace_8rxn_stop_risksched085to095_lr1e4_entropy01to005_s1_c1_rnetol_d256_depth3_p20,seed009,9,581,58100,100,16,113.8792206737458,151.02338009888823,90.47628937704648,False,max_epochs,2626.841054201126
rl4crn_rne_oscillator_trace_8rxn_stop_risksched085to095_lr1e4_entropy01to005_s1_c1_rnetol_d256_depth3_p20,seed009,9,582,58200,100,16,108.70686757942488,149.5396782163283,90.47628937704648,False,max_epochs,2630.924289703369
rl4crn_rne_oscillator_trace_8rxn_stop_risksched085to095_lr1e4_entropy01to005_s1_c1_rnetol_d256_depth3_p20,seed009,9,583,58300,100,16,103.71615561978716,140.65846947790044,90.47628937704648,False,max_epochs,2633.7673745155334
rl4crn_rne_oscillator_trace_8rxn_stop_risksched085to095_lr1e4_entropy01to005_s1_c1_rnetol_d256_depth3_p20,seed009,9,584,58400,100,16,113.8530365194991,142.14555361564305,90.47628937704648,False,max_epochs,2638.4046592712402
rl4crn_rne_oscillator_trace_8rxn_stop_risksched085to095_lr1e4_entropy01to005_s1_c1_rnetol_d256_depth3_p20,seed009,9,585,58500,100,16,60.38638595243141,140.4820886071846,60.38638595243141,False,max_epochs,2643.6724162101746
rl4crn_rne_oscillator_trace_8rxn_stop_risksched085to095_lr1e4_entropy01to005_s1_c1_rnetol_d256_depth3_p20,seed009,9,586,58600,100,16,88.85825631769642,137.25320156495619,60.38638595243141,False,max_epochs,2648.4519448280334
rl4crn_rne_oscillator_trace_8rxn_stop_risksched085to095_lr1e4_entropy01to005_s1_c1_rnetol_d256_depth3_p20,seed009,9,587,58700,100,16,113.37553165969281,138.7157371821321,60.38638595243141,False,max_epochs,2653.294534444809
rl4crn_rne_oscillator_trace_8rxn_stop_risksched085to095_lr1e4_entropy01to005_s1_c1_rnetol_d256_depth3_p20,seed009,9,588,58800,100,16,111.86006613848207,133.4055403218906,60.38638595243141,False,max_epochs,2658.116881132126
rl4crn_rne_oscillator_trace_8rxn_stop_risksched085to095_lr1e4_entropy01to005_s1_c1_rnetol_d256_depth3_p20,seed009,9,589,58900,100,16,112.27721616556458,132.63150414268642,60.38638595243141,False,max_epochs,2662.803384542465
rl4crn_rne_oscillator_trace_8rxn_stop_risksched085to095_lr1e4_entropy01to005_s1_c1_rnetol_d256_depth3_p20,seed009,9,590,59000,100,16,111.55381265494917,126.88263094565988,60.38638595243141,False,max_epochs,2667.4010198116302
rl4crn_rne_oscillator_trace_8rxn_stop_risksched085to095_lr1e4_entropy01to005_s1_c1_rnetol_d256_depth3_p20,seed009,9,591,59100,100,16,107.84444177418254,124.34889889793953,60.38638595243141,False,max_epochs,2669.644847393036
rl4crn_rne_oscillator_trace_8rxn_stop_risksched085to095_lr1e4_entropy01to005_s1_c1_rnetol_d256_depth3_p20,seed009,9,592,59200,100,16,102.84650346531106,126.7209271044841,60.38638595243141,False,max_epochs,2674.006976366043
rl4crn_rne_oscillator_trace_8rxn_stop_risksched085to095_lr1e4_entropy01to005_s1_c1_rnetol_d256_depth3_p20,seed009,9,593,59300,100,16,112.87673766068473,130.6455289798772,60.38638595243141,False,max_epochs,2679.4075627326965
rl4crn_rne_oscillator_trace_8rxn_stop_risksched085to095_lr1e4_entropy01to005_s1_c1_rnetol_d256_depth3_p20,seed009,9,594,59400,100,16,113.92337517656915,124.89350681465427,60.38638595243141,False,max_epochs,2684.2868814468384
rl4crn_rne_oscillator_trace_8rxn_stop_risksched085to095_lr1e4_entropy01to005_s1_c1_rnetol_d256_depth3_p20,seed009,9,595,59500,100,16,111.69274841535781,125.5626421944508,60.38638595243141,False,max_epochs,2689.356838941574
rl4crn_rne_oscillator_trace_8rxn_stop_risksched085to095_lr1e4_entropy01to005_s1_c1_rnetol_d256_depth3_p20,seed009,9,596,59600,100,16,112.79025956367224,126.65388401201804,60.38638595243141,False,max_epochs,2694.3685274124146
rl4crn_rne_oscillator_trace_8rxn_stop_risksched085to095_lr1e4_entropy01to005_s1_c1_rnetol_d256_depth3_p20,seed009,9,597,59700,100,16,111.48693484397506,126.90731719661613,60.38638595243141,False,max_epochs,2699.483136177063
rl4crn_rne_oscillator_trace_8rxn_stop_risksched085to095_lr1e4_entropy01to005_s1_c1_rnetol_d256_depth3_p20,seed009,9,598,59800,100,16,113.93887051434831,127.70868884788024,60.38638595243141,False,max_epochs,2704.6115040779114
rl4crn_rne_oscillator_trace_8rxn_stop_risksched085to095_lr1e4_entropy01to005_s1_c1_rnetol_d256_depth3_p20,seed009,9,599,59900,100,16,91.51136675773691,128.01911369833923,60.38638595243141,False,max_epochs,2709.7600219249725
rl4crn_rne_oscillator_trace_8rxn_stop_risksched085to095_lr1e4_entropy01to005_s1_c1_rnetol_d256_depth3_p20,seed009,9,600,60000,100,16,100.72277726636965,127.05876944605866,60.38638595243141,False,max_epochs,2714.756545305252
rl4crn_rne_oscillator_trace_8rxn_stop_risksched085to095_lr1e4_entropy01to005_s1_c1_rnetol_d256_depth3_p20,seed009,9,601,60100,100,16,114.2790575524367,128.70261806246626,60.38638595243141,False,max_epochs,2720.286239385605
rl4crn_rne_oscillator_trace_8rxn_stop_risksched085to095_lr1e4_entropy01to005_s1_c1_rnetol_d256_depth3_p20,seed009,9,602,60200,100,16,102.95553829970376,124.76457280981705,60.38638595243141,False,max_epochs,2725.066372871399
rl4crn_rne_oscillator_trace_8rxn_stop_risksched085to095_lr1e4_entropy01to005_s1_c1_rnetol_d256_depth3_p20,seed009,9,603,60300,100,16,109.34979887544483,125.0528075375226,60.38638595243141,False,max_epochs,2729.656173467636
rl4crn_rne_oscillator_trace_8rxn_stop_risksched085to095_lr1e4_entropy01to005_s1_c1_rnetol_d256_depth3_p20,seed009,9,604,60400,100,16,112.22029193174443,131.90236097917435,60.38638595243141,False,max_epochs,2734.4134891033173
rl4crn_rne_oscillator_trace_8rxn_stop_risksched085to095_lr1e4_entropy01to005_s1_c1_rnetol_d256_depth3_p20,seed009,9,605,60500,100,16,109.1777986108487,131.13670492996974,60.38638595243141,False,max_epochs,2738.926032066345
rl4crn_rne_oscillator_trace_8rxn_stop_risksched085to095_lr1e4_entropy01to005_s1_c1_rnetol_d256_depth3_p20,seed009,9,606,60600,100,16,113.18530997686403,129.6343896618194,60.38638595243141,False,max_epochs,2741.0288231372833
rl4crn_rne_oscillator_trace_8rxn_stop_risksched085to095_lr1e4_entropy01to005_s1_c1_rnetol_d256_depth3_p20,seed009,9,607,60700,100,16,112.44831626881891,129.85977855426887,60.38638595243141,False,max_epochs,2745.8567667007446
rl4crn_rne_oscillator_trace_8rxn_stop_risksched085to095_lr1e4_entropy01to005_s1_c1_rnetol_d256_depth3_p20,seed009,9,608,60800,100,16,111.43756394492478,133.76724903527725,60.38638595243141,False,max_epochs,2750.7875418663025
rl4crn_rne_oscillator_trace_8rxn_stop_risksched085to095_lr1e4_entropy01to005_s1_c1_rnetol_d256_depth3_p20,seed009,9,609,60900,100,16,110.46010942756403,127.61789390128955,60.38638595243141,False,max_epochs,2755.954767227173
rl4crn_rne_oscillator_trace_8rxn_stop_risksched085to095_lr1e4_entropy01to005_s1_c1_rnetol_d256_depth3_p20,seed009,9,610,61000,100,16,114.63301356189119,129.69659483736342,60.38638595243141,False,max_epochs,2760.8725407123566
rl4crn_rne_oscillator_trace_8rxn_stop_risksched085to095_lr1e4_entropy01to005_s1_c1_rnetol_d256_depth3_p20,seed009,9,611,61100,100,16,108.91375675511443,127.1045803135699,60.38638595243141,False,max_epochs,2765.386202096939
rl4crn_rne_oscillator_trace_8rxn_stop_risksched085to095_lr1e4_entropy01to005_s1_c1_rnetol_d256_depth3_p20,seed009,9,612,61200,100,16,115.56768573235878,140.9217657412761,60.38638595243141,False,max_epochs,2770.15704536438
rl4crn_rne_oscillator_trace_8rxn_stop_risksched085to095_lr1e4_entropy01to005_s1_c1_rnetol_d256_depth3_p20,seed009,9,613,61300,100,16,115.72989917021562,132.19230469633396,60.38638595243141,False,max_epochs,2774.5113475322723
rl4crn_rne_oscillator_trace_8rxn_stop_risksched085to095_lr1e4_entropy01to005_s1_c1_rnetol_d256_depth3_p20,seed009,9,614,61400,100,16,113.96142081565912,138.11690955106315,60.38638595243141,False,max_epochs,2776.786570072174
rl4crn_rne_oscillator_trace_8rxn_stop_risksched085to095_lr1e4_entropy01to005_s1_c1_rnetol_d256_depth3_p20,seed009,9,615,61500,100,16,86.68652899452121,134.92491767839041,60.38638595243141,False,max_epochs,2781.665191411972
rl4crn_rne_oscillator_trace_8rxn_stop_risksched085to095_lr1e4_entropy01to005_s1_c1_rnetol_d256_depth3_p20,seed009,9,616,61600,100,16,114.2902343813895,138.60094102974213,60.38638595243141,False,max_epochs,2786.3592088222504
rl4crn_rne_oscillator_trace_8rxn_stop_risksched085to095_lr1e4_entropy01to005_s1_c1_rnetol_d256_depth3_p20,seed009,9,617,61700,100,16,102.02055801699505,133.17925523587542,60.38638595243141,False,max_epochs,2790.768205165863
rl4crn_rne_oscillator_trace_8rxn_stop_risksched085to095_lr1e4_entropy01to005_s1_c1_rnetol_d256_depth3_p20,seed009,9,618,61800,100,16,111.80706996811169,141.60844712787528,60.38638595243141,False,max_epochs,2795.3848819732666
rl4crn_rne_oscillator_trace_8rxn_stop_risksched085to095_lr1e4_entropy01to005_s1_c1_rnetol_d256_depth3_p20,seed009,9,619,61900,100,16,76.43672715674731,139.21410696902385,60.38638595243141,False,max_epochs,2797.5738689899445
rl4crn_rne_oscillator_trace_8rxn_stop_risksched085to095_lr1e4_entropy01to005_s1_c1_rnetol_d256_depth3_p20,seed009,9,620,62000,100,16,96.70077695392325,137.54433101781302,60.38638595243141,False,max_epochs,2801.9441146850586
rl4crn_rne_oscillator_trace_8rxn_stop_risksched085to095_lr1e4_entropy01to005_s1_c1_rnetol_d256_depth3_p20,seed009,9,621,62100,100,16,85.90756014938796,133.2196087905062,60.38638595243141,False,max_epochs,2806.9734280109406
rl4crn_rne_oscillator_trace_8rxn_stop_risksched085to095_lr1e4_entropy01to005_s1_c1_rnetol_d256_depth3_p20,seed009,9,622,62200,100,16,108.99785198719351,129.6175049794382,60.38638595243141,False,max_epochs,2811.867553472519
rl4crn_rne_oscillator_trace_8rxn_stop_risksched085to095_lr1e4_entropy01to005_s1_c1_rnetol_d256_depth3_p20,seed009,9,623,62300,100,16,111.74920920665443,128.0886814035934,60.38638595243141,False,max_epochs,2817.089433193207
rl4crn_rne_oscillator_trace_8rxn_stop_risksched085to095_lr1e4_entropy01to005_s1_c1_rnetol_d256_depth3_p20,seed009,9,624,62400,100,16,114.45215641178852,135.8512369640971,60.38638595243141,False,max_epochs,2822.2988538742065
rl4crn_rne_oscillator_trace_8rxn_stop_risksched085to095_lr1e4_entropy01to005_s1_c1_rnetol_d256_depth3_p20,seed009,9,625,62500,100,16,111.0337652567264,129.0561584870502,60.38638595243141,False,max_epochs,2827.7513284683228
rl4crn_rne_oscillator_trace_8rxn_stop_risksched085to095_lr1e4_entropy01to005_s1_c1_rnetol_d256_depth3_p20,seed009,9,626,62600,100,16,112.30742455556722,128.93983086975672,60.38638595243141,False,max_epochs,2832.549647808075
rl4crn_rne_oscillator_trace_8rxn_stop_risksched085to095_lr1e4_entropy01to005_s1_c1_rnetol_d256_depth3_p20,seed009,9,627,62700,100,16,64.51290713337116,138.07512892424702,60.38638595243141,False,max_epochs,2837.589439868927
rl4crn_rne_oscillator_trace_8rxn_stop_risksched085to095_lr1e4_entropy01to005_s1_c1_rnetol_d256_depth3_p20,seed009,9,628,62800,100,16,107.99645108659168,129.5993609960497,60.38638595243141,False,max_epochs,2842.3711495399475
rl4crn_rne_oscillator_trace_8rxn_stop_risksched085to095_lr1e4_entropy01to005_s1_c1_rnetol_d256_depth3_p20,seed009,9,629,62900,100,16,105.32262142038027,130.05908407981076,60.38638595243141,False,max_epochs,2847.3243341445923
rl4crn_rne_oscillator_trace_8rxn_stop_risksched085to095_lr1e4_entropy01to005_s1_c1_rnetol_d256_depth3_p20,seed009,9,630,63000,100,16,109.97589649485488,136.85432976031535,60.38638595243141,False,max_epochs,2851.9399738311768
rl4crn_rne_oscillator_trace_8rxn_stop_risksched085to095_lr1e4_entropy01to005_s1_c1_rnetol_d256_depth3_p20,seed009,9,631,63100,100,16,88.82629055730138,145.94144289294454,60.38638595243141,False,max_epochs,2853.96830534935
rl4crn_rne_oscillator_trace_8rxn_stop_risksched085to095_lr1e4_entropy01to005_s1_c1_rnetol_d256_depth3_p20,seed009,9,632,63200,100,16,114.784243329094,142.45748608704076,60.38638595243141,False,max_epochs,2858.5389099121094
rl4crn_rne_oscillator_trace_8rxn_stop_risksched085to095_lr1e4_entropy01to005_s1_c1_rnetol_d256_depth3_p20,seed009,9,633,63300,100,16,106.53409625079831,141.74970088677298,60.38638595243141,False,max_epochs,2863.431533098221
rl4crn_rne_oscillator_trace_8rxn_stop_risksched085to095_lr1e4_entropy01to005_s1_c1_rnetol_d256_depth3_p20,seed009,9,634,63400,100,16,89.49429876391928,142.393864631557,60.38638595243141,False,max_epochs,2868.596328020096
rl4crn_rne_oscillator_trace_8rxn_stop_risksched085to095_lr1e4_entropy01to005_s1_c1_rnetol_d256_depth3_p20,seed009,9,635,63500,100,16,57.187676825608136,133.96991587889718,57.187676825608136,False,max_epochs,2873.7395758628845
rl4crn_rne_oscillator_trace_8rxn_stop_risksched085to095_lr1e4_entropy01to005_s1_c1_rnetol_d256_depth3_p20,seed009,9,636,63600,100,16,113.83055403111233,136.48806640119645,57.187676825608136,False,max_epochs,2878.393032312393
rl4crn_rne_oscillator_trace_8rxn_stop_risksched085to095_lr1e4_entropy01to005_s1_c1_rnetol_d256_depth3_p20,seed009,9,637,63700,100,16,88.0072175162577,137.67579409168778,57.187676825608136,False,max_epochs,2883.0145783424377
rl4crn_rne_oscillator_trace_8rxn_stop_risksched085to095_lr1e4_entropy01to005_s1_c1_rnetol_d256_depth3_p20,seed009,9,638,63800,100,16,112.56714465052457,142.20270246729962,57.187676825608136,False,max_epochs,2887.8274915218353
rl4crn_rne_oscillator_trace_8rxn_stop_risksched085to095_lr1e4_entropy01to005_s1_c1_rnetol_d256_depth3_p20,seed009,9,639,63900,100,16,95.38932158344174,142.20810790563718,57.187676825608136,False,max_epochs,2890.0910317897797
rl4crn_rne_oscillator_trace_8rxn_stop_risksched085to095_lr1e4_entropy01to005_s1_c1_rnetol_d256_depth3_p20,seed009,9,640,64000,100,16,99.23863206345919,135.31228914871957,57.187676825608136,False,max_epochs,2894.4281418323517
rl4crn_rne_oscillator_trace_8rxn_stop_risksched085to095_lr1e4_entropy01to005_s1_c1_rnetol_d256_depth3_p20,seed009,9,641,64100,100,16,112.5499971485373,142.16477604692804,57.187676825608136,False,max_epochs,2899.5678923130035
rl4crn_rne_oscillator_trace_8rxn_stop_risksched085to095_lr1e4_entropy01to005_s1_c1_rnetol_d256_depth3_p20,seed009,9,642,64200,100,16,113.51677733915106,135.70799676219173,57.187676825608136,False,max_epochs,2904.468689918518
rl4crn_rne_oscillator_trace_8rxn_stop_risksched085to095_lr1e4_entropy01to005_s1_c1_rnetol_d256_depth3_p20,seed009,9,643,64300,100,16,98.1545544582659,143.03927586611837,57.187676825608136,False,max_epochs,2909.8444011211395
rl4crn_rne_oscillator_trace_8rxn_stop_risksched085to095_lr1e4_entropy01to005_s1_c1_rnetol_d256_depth3_p20,seed009,9,644,64400,100,16,112.58253837777262,139.8227678014618,57.187676825608136,False,max_epochs,2914.6091825962067
rl4crn_rne_oscillator_trace_8rxn_stop_risksched085to095_lr1e4_entropy01to005_s1_c1_rnetol_d256_depth3_p20,seed009,9,645,64500,100,16,106.47681674587741,145.72269711721685,57.187676825608136,False,max_epochs,2919.2404239177704
rl4crn_rne_oscillator_trace_8rxn_stop_risksched085to095_lr1e4_entropy01to005_s1_c1_rnetol_d256_depth3_p20,seed009,9,646,64600,100,16,112.4895527018698,144.55831777156922,57.187676825608136,False,max_epochs,2923.9384484291077
rl4crn_rne_oscillator_trace_8rxn_stop_risksched085to095_lr1e4_entropy01to005_s1_c1_rnetol_d256_depth3_p20,seed009,9,647,64700,100,16,105.27784371207564,134.97571069920986,57.187676825608136,False,max_epochs,2928.5403208732605
rl4crn_rne_oscillator_trace_8rxn_stop_risksched085to095_lr1e4_entropy01to005_s1_c1_rnetol_d256_depth3_p20,seed009,9,648,64800,100,16,107.40274421512711,140.92482719745107,57.187676825608136,False,max_epochs,2930.575054883957
rl4crn_rne_oscillator_trace_8rxn_stop_risksched085to095_lr1e4_entropy01to005_s1_c1_rnetol_d256_depth3_p20,seed009,9,649,64900,100,16,111.76041611748104,138.71292253320692,57.187676825608136,False,max_epochs,2935.1739604473114
rl4crn_rne_oscillator_trace_8rxn_stop_risksched085to095_lr1e4_entropy01to005_s1_c1_rnetol_d256_depth3_p20,seed009,9,650,65000,100,16,85.71333911000745,138.772009288545,57.187676825608136,False,max_epochs,2940.1451601982117
rl4crn_rne_oscillator_trace_8rxn_stop_risksched085to095_lr1e4_entropy01to005_s1_c1_rnetol_d256_depth3_p20,seed009,9,651,65100,100,16,109.35062750486382,133.5541702086614,57.187676825608136,False,max_epochs,2945.0817968845367
rl4crn_rne_oscillator_trace_8rxn_stop_risksched085to095_lr1e4_entropy01to005_s1_c1_rnetol_d256_depth3_p20,seed009,9,652,65200,100,16,108.51333276537419,142.66744986181834,57.187676825608136,False,max_epochs,2950.249340772629
rl4crn_rne_oscillator_trace_8rxn_stop_risksched085to095_lr1e4_entropy01to005_s1_c1_rnetol_d256_depth3_p20,seed009,9,653,65300,100,16,101.81208869568417,140.67461094645222,57.187676825608136,False,max_epochs,2955.323784828186
rl4crn_rne_oscillator_trace_8rxn_stop_risksched085to095_lr1e4_entropy01to005_s1_c1_rnetol_d256_depth3_p20,seed009,9,654,65400,100,16,93.52428634427974,139.324279711724,57.187676825608136,False,max_epochs,2960.2149341106415
rl4crn_rne_oscillator_trace_8rxn_stop_risksched085to095_lr1e4_entropy01to005_s1_c1_rnetol_d256_depth3_p20,seed009,9,655,65500,100,16,111.13172203735856,143.70581130973235,57.187676825608136,False,max_epochs,2964.862871170044
rl4crn_rne_oscillator_trace_8rxn_stop_risksched085to095_lr1e4_entropy01to005_s1_c1_rnetol_d256_depth3_p20,seed009,9,656,65600,100,16,101.35091579481352,140.93983608519,57.187676825608136,False,max_epochs,2969.520946741104
rl4crn_rne_oscillator_trace_8rxn_stop_risksched085to095_lr1e4_entropy01to005_s1_c1_rnetol_d256_depth3_p20,seed009,9,657,65700,100,16,103.25320579315026,147.94607653908815,57.187676825608136,False,max_epochs,2972.9433422088623
rl4crn_rne_oscillator_trace_8rxn_stop_risksched085to095_lr1e4_entropy01to005_s1_c1_rnetol_d256_depth3_p20,seed009,9,658,65800,100,16,88.82384955005317,148.8156884607572,57.187676825608136,False,max_epochs,2975.92755651474
rl4crn_rne_oscillator_trace_8rxn_stop_risksched085to095_lr1e4_entropy01to005_s1_c1_rnetol_d256_depth3_p20,seed009,9,659,65900,100,16,112.26514453772174,144.87270535358803,57.187676825608136,False,max_epochs,2980.9797024726868
rl4crn_rne_oscillator_trace_8rxn_stop_risksched085to095_lr1e4_entropy01to005_s1_c1_rnetol_d256_depth3_p20,seed009,9,660,66000,100,16,113.32369637977045,143.4039354048428,57.187676825608136,False,max_epochs,2986.1095929145813
rl4crn_rne_oscillator_trace_8rxn_stop_risksched085to095_lr1e4_entropy01to005_s1_c1_rnetol_d256_depth3_p20,seed009,9,661,66100,100,16,110.16851692026485,140.59350991227615,57.187676825608136,False,max_epochs,2990.447588443756
rl4crn_rne_oscillator_trace_8rxn_stop_risksched085to095_lr1e4_entropy01to005_s1_c1_rnetol_d256_depth3_p20,seed009,9,662,66200,100,16,111.30474251867481,150.8929310104914,57.187676825608136,False,max_epochs,2995.1469910144806
rl4crn_rne_oscillator_trace_8rxn_stop_risksched085to095_lr1e4_entropy01to005_s1_c1_rnetol_d256_depth3_p20,seed009,9,663,66300,100,16,113.07045825422801,148.50294953562536,57.187676825608136,False,max_epochs,2999.1077632904053
rl4crn_rne_oscillator_trace_8rxn_stop_risksched085to095_lr1e4_entropy01to005_s1_c1_rnetol_d256_depth3_p20,seed009,9,664,66400,100,16,110.10075159576192,145.74470910275926,57.187676825608136,False,max_epochs,3001.6250653266907
rl4crn_rne_oscillator_trace_8rxn_stop_risksched085to095_lr1e4_entropy01to005_s1_c1_rnetol_d256_depth3_p20,seed009,9,665,66500,100,16,115.4661601442813,148.2274399869528,57.187676825608136,False,max_epochs,3006.540620803833
rl4crn_rne_oscillator_trace_8rxn_stop_risksched085to095_lr1e4_entropy01to005_s1_c1_rnetol_d256_depth3_p20,seed009,9,666,66600,100,16,111.4844595428464,138.4231217789926,57.187676825608136,False,max_epochs,3011.776451587677
rl4crn_rne_oscillator_trace_8rxn_stop_risksched085to095_lr1e4_entropy01to005_s1_c1_rnetol_d256_depth3_p20,seed009,9,667,66700,100,16,113.67485760196232,146.15224034341594,57.187676825608136,False,max_epochs,3016.976954936981
rl4crn_rne_oscillator_trace_8rxn_stop_risksched085to095_lr1e4_entropy01to005_s1_c1_rnetol_d256_depth3_p20,seed009,9,668,66800,100,16,94.37110078307813,134.52450596908255,57.187676825608136,False,max_epochs,3021.6485080718994
rl4crn_rne_oscillator_trace_8rxn_stop_risksched085to095_lr1e4_entropy01to005_s1_c1_rnetol_d256_depth3_p20,seed009,9,669,66900,100,16,101.18378451651122,135.5756815583522,57.187676825608136,False,max_epochs,3026.2985022068024
rl4crn_rne_oscillator_trace_8rxn_stop_risksched085to095_lr1e4_entropy01to005_s1_c1_rnetol_d256_depth3_p20,seed009,9,670,67000,100,16,114.0865635995461,137.7242800284187,57.187676825608136,False,max_epochs,3030.963349342346
rl4crn_rne_oscillator_trace_8rxn_stop_risksched085to095_lr1e4_entropy01to005_s1_c1_rnetol_d256_depth3_p20,seed009,9,671,67100,100,16,104.76515707425679,130.05432864485505,57.187676825608136,False,max_epochs,3034.5718455314636
rl4crn_rne_oscillator_trace_8rxn_stop_risksched085to095_lr1e4_entropy01to005_s1_c1_rnetol_d256_depth3_p20,seed009,9,672,67200,100,16,115.14798114392673,140.7256060705323,57.187676825608136,False,max_epochs,3037.4398584365845
rl4crn_rne_oscillator_trace_8rxn_stop_risksched085to095_lr1e4_entropy01to005_s1_c1_rnetol_d256_depth3_p20,seed009,9,673,67300,100,16,113.69682135843152,137.46934631231488,57.187676825608136,False,max_epochs,3042.3199911117554
rl4crn_rne_oscillator_trace_8rxn_stop_risksched085to095_lr1e4_entropy01to005_s1_c1_rnetol_d256_depth3_p20,seed009,9,674,67400,100,16,92.59317512312124,136.10489364160912,57.187676825608136,False,max_epochs,3047.3800835609436
rl4crn_rne_oscillator_trace_8rxn_stop_risksched085to095_lr1e4_entropy01to005_s1_c1_rnetol_d256_depth3_p20,seed009,9,675,67500,100,16,114.90166133296634,137.93367073633476,57.187676825608136,False,max_epochs,3052.7766466140747
rl4crn_rne_oscillator_trace_8rxn_stop_risksched085to095_lr1e4_entropy01to005_s1_c1_rnetol_d256_depth3_p20,seed009,9,676,67600,100,16,86.77647484961733,132.28596954584157,57.187676825608136,False,max_epochs,3057.7915172576904
rl4crn_rne_oscillator_trace_8rxn_stop_risksched085to095_lr1e4_entropy01to005_s1_c1_rnetol_d256_depth3_p20,seed009,9,677,67700,100,16,113.29594472036968,127.71667410332158,57.187676825608136,False,max_epochs,3062.775017976761
rl4crn_rne_oscillator_trace_8rxn_stop_risksched085to095_lr1e4_entropy01to005_s1_c1_rnetol_d256_depth3_p20,seed009,9,678,67800,100,16,104.7690808599596,128.4838168539253,57.187676825608136,False,max_epochs,3067.743479013443
rl4crn_rne_oscillator_trace_8rxn_stop_risksched085to095_lr1e4_entropy01to005_s1_c1_rnetol_d256_depth3_p20,seed009,9,679,67900,100,16,105.61573067819036,129.10181265338736,57.187676825608136,False,max_epochs,3073.0448274612427
rl4crn_rne_oscillator_trace_8rxn_stop_risksched085to095_lr1e4_entropy01to005_s1_c1_rnetol_d256_depth3_p20,seed009,9,680,68000,100,16,102.5671364113211,127.48264319173009,57.187676825608136,False,max_epochs,3077.857091188431
rl4crn_rne_oscillator_trace_8rxn_stop_risksched085to095_lr1e4_entropy01to005_s1_c1_rnetol_d256_depth3_p20,seed009,9,681,68100,100,16,112.79795776956179,131.14838032185037,57.187676825608136,False,max_epochs,3082.5644874572754
rl4crn_rne_oscillator_trace_8rxn_stop_risksched085to095_lr1e4_entropy01to005_s1_c1_rnetol_d256_depth3_p20,seed009,9,682,68200,100,16,111.92452832138748,135.9019610743689,57.187676825608136,False,max_epochs,3087.343379497528
rl4crn_rne_oscillator_trace_8rxn_stop_risksched085to095_lr1e4_entropy01to005_s1_c1_rnetol_d256_depth3_p20,seed009,9,683,68300,100,16,111.51316586811289,128.00707081372747,57.187676825608136,False,max_epochs,3089.5823204517365
rl4crn_rne_oscillator_trace_8rxn_stop_risksched085to095_lr1e4_entropy01to005_s1_c1_rnetol_d256_depth3_p20,seed009,9,684,68400,100,16,89.91504530457632,130.13289998592242,57.187676825608136,False,max_epochs,3093.8080933094025
rl4crn_rne_oscillator_trace_8rxn_stop_risksched085to095_lr1e4_entropy01to005_s1_c1_rnetol_d256_depth3_p20,seed009,9,685,68500,100,16,100.08091391121289,131.3688352833214,57.187676825608136,False,max_epochs,3098.584455013275
rl4crn_rne_oscillator_trace_8rxn_stop_risksched085to095_lr1e4_entropy01to005_s1_c1_rnetol_d256_depth3_p20,seed009,9,686,68600,100,16,96.77339277341518,145.2818465719348,57.187676825608136,False,max_epochs,3103.4050517082214
rl4crn_rne_oscillator_trace_8rxn_stop_risksched085to095_lr1e4_entropy01to005_s1_c1_rnetol_d256_depth3_p20,seed009,9,687,68700,100,16,104.27579085365788,139.66742391489697,57.187676825608136,False,max_epochs,3107.9769599437714
rl4crn_rne_oscillator_trace_8rxn_stop_risksched085to095_lr1e4_entropy01to005_s1_c1_rnetol_d256_depth3_p20,seed009,9,688,68800,100,16,114.68200530537877,146.50412246312203,57.187676825608136,False,max_epochs,3112.6688022613525
rl4crn_rne_oscillator_trace_8rxn_stop_risksched085to095_lr1e4_entropy01to005_s1_c1_rnetol_d256_depth3_p20,seed009,9,689,68900,100,16,82.55150216049344,139.11311214751305,57.187676825608136,False,max_epochs,3114.7797462940216
rl4crn_rne_oscillator_trace_8rxn_stop_risksched085to095_lr1e4_entropy01to005_s1_c1_rnetol_d256_depth3_p20,seed009,9,690,69000,100,16,112.39424158673916,146.17618050332385,57.187676825608136,False,max_epochs,3119.451621055603
rl4crn_rne_oscillator_trace_8rxn_stop_risksched085to095_lr1e4_entropy01to005_s1_c1_rnetol_d256_depth3_p20,seed009,9,691,69100,100,16,109.81363290654117,143.52633067726828,57.187676825608136,False,max_epochs,3124.3282537460327
rl4crn_rne_oscillator_trace_8rxn_stop_risksched085to095_lr1e4_entropy01to005_s1_c1_rnetol_d256_depth3_p20,seed009,9,692,69200,100,16,115.70825786934418,150.49350441575757,57.187676825608136,False,max_epochs,3129.674443244934
rl4crn_rne_oscillator_trace_8rxn_stop_risksched085to095_lr1e4_entropy01to005_s1_c1_rnetol_d256_depth3_p20,seed009,9,693,69300,100,16,114.45461211713905,140.3060515282919,57.187676825608136,False,max_epochs,3134.7495455741882
rl4crn_rne_oscillator_trace_8rxn_stop_risksched085to095_lr1e4_entropy01to005_s1_c1_rnetol_d256_depth3_p20,seed009,9,694,69400,100,16,112.3548822306168,143.01854268325022,57.187676825608136,False,max_epochs,3139.7267904281616
rl4crn_rne_oscillator_trace_8rxn_stop_risksched085to095_lr1e4_entropy01to005_s1_c1_rnetol_d256_depth3_p20,seed009,9,695,69500,100,16,73.41697647450717,135.47466748229306,57.187676825608136,False,max_epochs,3144.8531799316406
rl4crn_rne_oscillator_trace_8rxn_stop_risksched085to095_lr1e4_entropy01to005_s1_c1_rnetol_d256_depth3_p20,seed009,9,696,69600,100,16,99.30552724347217,133.9936208374402,57.187676825608136,False,max_epochs,3150.3814187049866
rl4crn_rne_oscillator_trace_8rxn_stop_risksched085to095_lr1e4_entropy01to005_s1_c1_rnetol_d256_depth3_p20,seed009,9,697,69700,100,16,111.44234581019809,135.9937047360582,57.187676825608136,False,max_epochs,3155.2529287338257
rl4crn_rne_oscillator_trace_8rxn_stop_risksched085to095_lr1e4_entropy01to005_s1_c1_rnetol_d256_depth3_p20,seed009,9,698,69800,100,16,111.42997407206363,151.45990302267484,57.187676825608136,False,max_epochs,3160.201050043106
rl4crn_rne_oscillator_trace_8rxn_stop_risksched085to095_lr1e4_entropy01to005_s1_c1_rnetol_d256_depth3_p20,seed009,9,699,69900,100,16,113.89605627340949,141.16950531349565,57.187676825608136,False,max_epochs,3165.034276485443
rl4crn_rne_oscillator_trace_8rxn_stop_risksched085to095_lr1e4_entropy01to005_s1_c1_rnetol_d256_depth3_p20,seed009,9,700,70000,100,16,105.58489824730952,147.14202605557637,57.187676825608136,False,max_epochs,3170.35577583313
rl4crn_rne_oscillator_trace_8rxn_stop_risksched085to095_lr1e4_entropy01to005_s1_c1_rnetol_d256_depth3_p20,seed009,9,701,70100,100,16,116.55463839924582,139.87353956228725,57.187676825608136,False,max_epochs,3175.3872570991516
rl4crn_rne_oscillator_trace_8rxn_stop_risksched085to095_lr1e4_entropy01to005_s1_c1_rnetol_d256_depth3_p20,seed009,9,702,70200,100,16,117.01315010001744,141.44929696638155,57.187676825608136,False,max_epochs,3180.1408903598785
rl4crn_rne_oscillator_trace_8rxn_stop_risksched085to095_lr1e4_entropy01to005_s1_c1_rnetol_d256_depth3_p20,seed009,9,703,70300,100,16,76.34085266136326,143.5005231505668,57.187676825608136,False,max_epochs,3185.142237663269
rl4crn_rne_oscillator_trace_8rxn_stop_risksched085to095_lr1e4_entropy01to005_s1_c1_rnetol_d256_depth3_p20,seed009,9,704,70400,100,16,102.36731422959957,138.46132697045368,57.187676825608136,False,max_epochs,3189.710102558136
rl4crn_rne_oscillator_trace_8rxn_stop_risksched085to095_lr1e4_entropy01to005_s1_c1_rnetol_d256_depth3_p20,seed009,9,705,70500,100,16,104.5531488227332,131.36121199845815,57.187676825608136,False,max_epochs,3194.3127002716064
rl4crn_rne_oscillator_trace_8rxn_stop_risksched085to095_lr1e4_entropy01to005_s1_c1_rnetol_d256_depth3_p20,seed009,9,706,70600,100,16,114.58365836994017,145.80354164050587,57.187676825608136,False,max_epochs,3196.597336292267
rl4crn_rne_oscillator_trace_8rxn_stop_risksched085to095_lr1e4_entropy01to005_s1_c1_rnetol_d256_depth3_p20,seed009,9,707,70700,100,16,104.26449630487507,132.74169361144817,57.187676825608136,False,max_epochs,3200.8421425819397
rl4crn_rne_oscillator_trace_8rxn_stop_risksched085to095_lr1e4_entropy01to005_s1_c1_rnetol_d256_depth3_p20,seed009,9,708,70800,100,16,100.43959750707927,138.9341782498201,57.187676825608136,False,max_epochs,3205.7724421024323
rl4crn_rne_oscillator_trace_8rxn_stop_risksched085to095_lr1e4_entropy01to005_s1_c1_rnetol_d256_depth3_p20,seed009,9,709,70900,100,16,114.50393951175835,139.23786721989603,57.187676825608136,False,max_epochs,3210.604683637619
rl4crn_rne_oscillator_trace_8rxn_stop_risksched085to095_lr1e4_entropy01to005_s1_c1_rnetol_d256_depth3_p20,seed009,9,710,71000,100,16,93.60599854866071,140.2420034972757,57.187676825608136,False,max_epochs,3216.05197930336
rl4crn_rne_oscillator_trace_8rxn_stop_risksched085to095_lr1e4_entropy01to005_s1_c1_rnetol_d256_depth3_p20,seed009,9,711,71100,100,16,113.18845510637969,144.18995904772575,57.187676825608136,False,max_epochs,3221.069584608078
rl4crn_rne_oscillator_trace_8rxn_stop_risksched085to095_lr1e4_entropy01to005_s1_c1_rnetol_d256_depth3_p20,seed009,9,712,71200,100,16,111.749160096159,137.3796678877376,57.187676825608136,False,max_epochs,3226.2030766010284
rl4crn_rne_oscillator_trace_8rxn_stop_risksched085to095_lr1e4_entropy01to005_s1_c1_rnetol_d256_depth3_p20,seed009,9,713,71300,100,16,113.00048907087033,136.45367777484233,57.187676825608136,False,max_epochs,3230.993727684021
rl4crn_rne_oscillator_trace_8rxn_stop_risksched085to095_lr1e4_entropy01to005_s1_c1_rnetol_d256_depth3_p20,seed009,9,714,71400,100,16,96.05608713324081,133.22341387293636,57.187676825608136,False,max_epochs,3235.66557097435
rl4crn_rne_oscillator_trace_8rxn_stop_risksched085to095_lr1e4_entropy01to005_s1_c1_rnetol_d256_depth3_p20,seed009,9,715,71500,100,16,112.88036008612082,135.0117743069041,57.187676825608136,False,max_epochs,3240.458157300949
rl4crn_rne_oscillator_trace_8rxn_stop_risksched085to095_lr1e4_entropy01to005_s1_c1_rnetol_d256_depth3_p20,seed009,9,716,71600,100,16,114.41260442601573,132.92209875219427,57.187676825608136,False,max_epochs,3244.138784646988
rl4crn_rne_oscillator_trace_8rxn_stop_risksched085to095_lr1e4_entropy01to005_s1_c1_rnetol_d256_depth3_p20,seed009,9,717,71700,100,16,93.83279887376847,127.37373931442627,57.187676825608136,False,max_epochs,3246.982312440872
rl4crn_rne_oscillator_trace_8rxn_stop_risksched085to095_lr1e4_entropy01to005_s1_c1_rnetol_d256_depth3_p20,seed009,9,718,71800,100,16,94.6224628572915,136.29882147841516,57.187676825608136,False,max_epochs,3252.0497007369995
rl4crn_rne_oscillator_trace_8rxn_stop_risksched085to095_lr1e4_entropy01to005_s1_c1_rnetol_d256_depth3_p20,seed009,9,719,71900,100,16,115.71417310881792,128.0914135493984,57.187676825608136,False,max_epochs,3256.9567108154297
rl4crn_rne_oscillator_trace_8rxn_stop_risksched085to095_lr1e4_entropy01to005_s1_c1_rnetol_d256_depth3_p20,seed009,9,720,72000,100,16,84.83179525254808,126.91368776149498,57.187676825608136,False,max_epochs,3262.456295967102
rl4crn_rne_oscillator_trace_8rxn_stop_risksched085to095_lr1e4_entropy01to005_s1_c1_rnetol_d256_depth3_p20,seed009,9,721,72100,100,16,111.77708820946596,125.45346587392619,57.187676825608136,False,max_epochs,3267.2115755081177
rl4crn_rne_oscillator_trace_8rxn_stop_risksched085to095_lr1e4_entropy01to005_s1_c1_rnetol_d256_depth3_p20,seed009,9,722,72200,100,16,112.10306471294399,126.16096908487002,57.187676825608136,False,max_epochs,3271.840295791626
rl4crn_rne_oscillator_trace_8rxn_stop_risksched085to095_lr1e4_entropy01to005_s1_c1_rnetol_d256_depth3_p20,seed009,9,723,72300,100,16,105.00136525610492,125.94157491577289,57.187676825608136,False,max_epochs,3276.629776954651
rl4crn_rne_oscillator_trace_8rxn_stop_risksched085to095_lr1e4_entropy01to005_s1_c1_rnetol_d256_depth3_p20,seed009,9,724,72400,100,16,115.67721556007919,128.9298546616046,57.187676825608136,False,max_epochs,3281.3640921115875
rl4crn_rne_oscillator_trace_8rxn_stop_risksched085to095_lr1e4_entropy01to005_s1_c1_rnetol_d256_depth3_p20,seed009,9,725,72500,100,16,80.31543708490494,127.70701591805792,57.187676825608136,False,max_epochs,3285.6990492343903
rl4crn_rne_oscillator_trace_8rxn_stop_risksched085to095_lr1e4_entropy01to005_s1_c1_rnetol_d256_depth3_p20,seed009,9,726,72600,100,16,111.59828063081281,128.52575362848415,57.187676825608136,False,max_epochs,3287.9274609088898
rl4crn_rne_oscillator_trace_8rxn_stop_risksched085to095_lr1e4_entropy01to005_s1_c1_rnetol_d256_depth3_p20,seed009,9,727,72700,100,16,76.83466812123191,126.03826229100915,57.187676825608136,False,max_epochs,3292.6656572818756
rl4crn_rne_oscillator_trace_8rxn_stop_risksched085to095_lr1e4_entropy01to005_s1_c1_rnetol_d256_depth3_p20,seed009,9,728,72800,100,16,107.67835951104983,129.2531584245131,57.187676825608136,False,max_epochs,3297.469638824463
rl4crn_rne_oscillator_trace_8rxn_stop_risksched085to095_lr1e4_entropy01to005_s1_c1_rnetol_d256_depth3_p20,seed009,9,729,72900,100,16,111.57111455651791,128.18478765191145,57.187676825608136,False,max_epochs,3302.6281304359436
rl4crn_rne_oscillator_trace_8rxn_stop_risksched085to095_lr1e4_entropy01to005_s1_c1_rnetol_d256_depth3_p20,seed009,9,730,73000,100,16,94.79566814540726,130.60748833102355,57.187676825608136,False,max_epochs,3307.5015301704407
rl4crn_rne_oscillator_trace_8rxn_stop_risksched085to095_lr1e4_entropy01to005_s1_c1_rnetol_d256_depth3_p20,seed009,9,731,73100,100,16,113.7210041256687,136.5080771966737,57.187676825608136,False,max_epochs,3312.3626470565796
rl4crn_rne_oscillator_trace_8rxn_stop_risksched085to095_lr1e4_entropy01to005_s1_c1_rnetol_d256_depth3_p20,seed009,9,732,73200,100,16,113.91811160967082,130.15678472115843,57.187676825608136,False,max_epochs,3316.9102075099945
rl4crn_rne_oscillator_trace_8rxn_stop_risksched085to095_lr1e4_entropy01to005_s1_c1_rnetol_d256_depth3_p20,seed009,9,733,73300,100,16,111.62407557214132,133.81024460551538,57.187676825608136,False,max_epochs,3321.667491197586
rl4crn_rne_oscillator_trace_8rxn_stop_risksched085to095_lr1e4_entropy01to005_s1_c1_rnetol_d256_depth3_p20,seed009,9,734,73400,100,16,114.44238004625245,130.45495904324602,57.187676825608136,False,max_epochs,3323.859359264374
rl4crn_rne_oscillator_trace_8rxn_stop_risksched085to095_lr1e4_entropy01to005_s1_c1_rnetol_d256_depth3_p20,seed009,9,735,73500,100,16,106.65324143861092,128.59995705007478,57.187676825608136,False,max_epochs,3328.271956920624
rl4crn_rne_oscillator_trace_8rxn_stop_risksched085to095_lr1e4_entropy01to005_s1_c1_rnetol_d256_depth3_p20,seed009,9,736,73600,100,16,107.0477725772326,130.6754274990968,57.187676825608136,False,max_epochs,3333.1647424697876
rl4crn_rne_oscillator_trace_8rxn_stop_risksched085to095_lr1e4_entropy01to005_s1_c1_rnetol_d256_depth3_p20,seed009,9,737,73700,100,16,96.81751011172831,133.56319239896453,57.187676825608136,False,max_epochs,3337.9945940971375
rl4crn_rne_oscillator_trace_8rxn_stop_risksched085to095_lr1e4_entropy01to005_s1_c1_rnetol_d256_depth3_p20,seed009,9,738,73800,100,16,110.3125715707745,143.78726836877252,57.187676825608136,False,max_epochs,3342.6442794799805
rl4crn_rne_oscillator_trace_8rxn_stop_risksched085to095_lr1e4_entropy01to005_s1_c1_rnetol_d256_depth3_p20,seed009,9,739,73900,100,16,95.79409468937922,134.93855800377116,57.187676825608136,False,max_epochs,3347.4555389881134
rl4crn_rne_oscillator_trace_8rxn_stop_risksched085to095_lr1e4_entropy01to005_s1_c1_rnetol_d256_depth3_p20,seed009,9,740,74000,100,16,109.68001492453287,144.67665422259228,57.187676825608136,False,max_epochs,3349.44481921196
rl4crn_rne_oscillator_trace_8rxn_stop_risksched085to095_lr1e4_entropy01to005_s1_c1_rnetol_d256_depth3_p20,seed009,9,741,74100,100,16,111.32995000177885,145.24442987240252,57.187676825608136,False,max_epochs,3353.958603620529
rl4crn_rne_oscillator_trace_8rxn_stop_risksched085to095_lr1e4_entropy01to005_s1_c1_rnetol_d256_depth3_p20,seed009,9,742,74200,100,16,114.11274829499737,130.12256603554718,57.187676825608136,False,max_epochs,3358.7945005893707
rl4crn_rne_oscillator_trace_8rxn_stop_risksched085to095_lr1e4_entropy01to005_s1_c1_rnetol_d256_depth3_p20,seed009,9,743,74300,100,16,113.48199826374031,135.17342613857755,57.187676825608136,False,max_epochs,3363.4248929023743
rl4crn_rne_oscillator_trace_8rxn_stop_risksched085to095_lr1e4_entropy01to005_s1_c1_rnetol_d256_depth3_p20,seed009,9,744,74400,100,16,110.42163604482923,133.18771658256344,57.187676825608136,False,max_epochs,3368.1031589508057
rl4crn_rne_oscillator_trace_8rxn_stop_risksched085to095_lr1e4_entropy01to005_s1_c1_rnetol_d256_depth3_p20,seed009,9,745,74500,100,16,99.0098069354872,135.98728803020302,57.187676825608136,False,max_epochs,3372.5837712287903
rl4crn_rne_oscillator_trace_8rxn_stop_risksched085to095_lr1e4_entropy01to005_s1_c1_rnetol_d256_depth3_p20,seed009,9,746,74600,100,16,110.39080965022055,142.91530685393337,57.187676825608136,False,max_epochs,3375.032944202423
rl4crn_rne_oscillator_trace_8rxn_stop_risksched085to095_lr1e4_entropy01to005_s1_c1_rnetol_d256_depth3_p20,seed009,9,747,74700,100,16,117.0957404351697,143.86061305930144,57.187676825608136,False,max_epochs,3379.445681333542
rl4crn_rne_oscillator_trace_8rxn_stop_risksched085to095_lr1e4_entropy01to005_s1_c1_rnetol_d256_depth3_p20,seed009,9,748,74800,100,16,105.98795164189772,133.91616317472892,57.187676825608136,False,max_epochs,3384.1214361190796
rl4crn_rne_oscillator_trace_8rxn_stop_risksched085to095_lr1e4_entropy01to005_s1_c1_rnetol_d256_depth3_p20,seed009,9,749,74900,100,16,75.18615435623833,136.4717181333097,57.187676825608136,False,max_epochs,3388.9186131954193
rl4crn_rne_oscillator_trace_8rxn_stop_risksched085to095_lr1e4_entropy01to005_s1_c1_rnetol_d256_depth3_p20,seed009,9,750,75000,100,16,114.30530981365007,138.05260428018633,57.187676825608136,False,max_epochs,3393.36722612381
rl4crn_rne_oscillator_trace_8rxn_stop_risksched085to095_lr1e4_entropy01to005_s1_c1_rnetol_d256_depth3_p20,seed009,9,751,75100,100,16,111.15348408087081,144.15480026110464,57.187676825608136,False,max_epochs,3395.781925678253
rl4crn_rne_oscillator_trace_8rxn_stop_risksched085to095_lr1e4_entropy01to005_s1_c1_rnetol_d256_depth3_p20,seed009,9,752,75200,100,16,111.90700442152708,138.8475065975075,57.187676825608136,False,max_epochs,3400.561206817627
rl4crn_rne_oscillator_trace_8rxn_stop_risksched085to095_lr1e4_entropy01to005_s1_c1_rnetol_d256_depth3_p20,seed009,9,753,75300,100,16,93.32405507916637,128.97513703931006,57.187676825608136,False,max_epochs,3405.411067008972
rl4crn_rne_oscillator_trace_8rxn_stop_risksched085to095_lr1e4_entropy01to005_s1_c1_rnetol_d256_depth3_p20,seed009,9,754,75400,100,16,113.65577124841727,137.28162735461888,57.187676825608136,False,max_epochs,3410.9261960983276
rl4crn_rne_oscillator_trace_8rxn_stop_risksched085to095_lr1e4_entropy01to005_s1_c1_rnetol_d256_depth3_p20,seed009,9,755,75500,100,16,93.84270281209294,135.98489034438575,57.187676825608136,False,max_epochs,3415.840742588043
rl4crn_rne_oscillator_trace_8rxn_stop_risksched085to095_lr1e4_entropy01to005_s1_c1_rnetol_d256_depth3_p20,seed009,9,756,75600,100,16,114.93223455688563,131.13637080471383,57.187676825608136,False,max_epochs,3421.059265613556
rl4crn_rne_oscillator_trace_8rxn_stop_risksched085to095_lr1e4_entropy01to005_s1_c1_rnetol_d256_depth3_p20,seed009,9,757,75700,100,16,106.15755476270223,142.4363497878062,57.187676825608136,False,max_epochs,3425.9161784648895
rl4crn_rne_oscillator_trace_8rxn_stop_risksched085to095_lr1e4_entropy01to005_s1_c1_rnetol_d256_depth3_p20,seed009,9,758,75800,100,16,95.32675517588608,129.15923717664705,57.187676825608136,False,max_epochs,3430.593576192856
rl4crn_rne_oscillator_trace_8rxn_stop_risksched085to095_lr1e4_entropy01to005_s1_c1_rnetol_d256_depth3_p20,seed009,9,759,75900,100,16,110.72917251250351,139.34574472701058,57.187676825608136,False,max_epochs,3435.3392899036407
rl4crn_rne_oscillator_trace_8rxn_stop_risksched085to095_lr1e4_entropy01to005_s1_c1_rnetol_d256_depth3_p20,seed009,9,760,76000,100,16,104.84368492481346,135.6574433508875,57.187676825608136,False,max_epochs,3439.713576555252
rl4crn_rne_oscillator_trace_8rxn_stop_risksched085to095_lr1e4_entropy01to005_s1_c1_rnetol_d256_depth3_p20,seed009,9,761,76100,100,16,73.46536579736076,138.05176529994674,57.187676825608136,False,max_epochs,3441.765887737274
rl4crn_rne_oscillator_trace_8rxn_stop_risksched085to095_lr1e4_entropy01to005_s1_c1_rnetol_d256_depth3_p20,seed009,9,762,76200,100,16,107.03292984565394,130.49395445756886,57.187676825608136,False,max_epochs,3446.6955704689026
rl4crn_rne_oscillator_trace_8rxn_stop_risksched085to095_lr1e4_entropy01to005_s1_c1_rnetol_d256_depth3_p20,seed009,9,763,76300,100,16,112.05406891990641,138.93523684924924,57.187676825608136,False,max_epochs,3451.779751777649
rl4crn_rne_oscillator_trace_8rxn_stop_risksched085to095_lr1e4_entropy01to005_s1_c1_rnetol_d256_depth3_p20,seed009,9,764,76400,100,16,113.74379070622696,131.17977279692963,57.187676825608136,False,max_epochs,3456.7063133716583
rl4crn_rne_oscillator_trace_8rxn_stop_risksched085to095_lr1e4_entropy01to005_s1_c1_rnetol_d256_depth3_p20,seed009,9,765,76500,100,16,84.36346720715099,137.73178388127798,57.187676825608136,False,max_epochs,3461.748495578766
rl4crn_rne_oscillator_trace_8rxn_stop_risksched085to095_lr1e4_entropy01to005_s1_c1_rnetol_d256_depth3_p20,seed009,9,766,76600,100,16,112.03396483232345,149.62366464933467,57.187676825608136,False,max_epochs,3467.1679725646973
rl4crn_rne_oscillator_trace_8rxn_stop_risksched085to095_lr1e4_entropy01to005_s1_c1_rnetol_d256_depth3_p20,seed009,9,767,76700,100,16,112.09095066286429,144.0526752243088,57.187676825608136,False,max_epochs,3472.162989139557
rl4crn_rne_oscillator_trace_8rxn_stop_risksched085to095_lr1e4_entropy01to005_s1_c1_rnetol_d256_depth3_p20,seed009,9,768,76800,100,16,106.66446840644728,149.05826887981982,57.187676825608136,False,max_epochs,3477.7795758247375
rl4crn_rne_oscillator_trace_8rxn_stop_risksched085to095_lr1e4_entropy01to005_s1_c1_rnetol_d256_depth3_p20,seed009,9,769,76900,100,16,75.00096379718424,147.34221917269588,57.187676825608136,False,max_epochs,3482.585627555847
rl4crn_rne_oscillator_trace_8rxn_stop_risksched085to095_lr1e4_entropy01to005_s1_c1_rnetol_d256_depth3_p20,seed009,9,770,77000,100,16,117.9133221567356,141.93023188404533,57.187676825608136,False,max_epochs,3487.2372970581055
rl4crn_rne_oscillator_trace_8rxn_stop_risksched085to095_lr1e4_entropy01to005_s1_c1_rnetol_d256_depth3_p20,seed009,9,771,77100,100,16,102.08432320561847,148.9207206664657,57.187676825608136,False,max_epochs,3491.8006279468536
rl4crn_rne_oscillator_trace_8rxn_stop_risksched085to095_lr1e4_entropy01to005_s1_c1_rnetol_d256_depth3_p20,seed009,9,772,77200,100,16,105.52429887342298,142.10901180836643,57.187676825608136,False,max_epochs,3496.0278639793396
rl4crn_rne_oscillator_trace_8rxn_stop_risksched085to095_lr1e4_entropy01to005_s1_c1_rnetol_d256_depth3_p20,seed009,9,773,77300,100,16,114.76766524340535,146.33102832069034,57.187676825608136,False,max_epochs,3498.1737112998962
rl4crn_rne_oscillator_trace_8rxn_stop_risksched085to095_lr1e4_entropy01to005_s1_c1_rnetol_d256_depth3_p20,seed009,9,774,77400,100,16,112.01401815022655,135.97008195814232,57.187676825608136,False,max_epochs,3502.7890832424164
rl4crn_rne_oscillator_trace_8rxn_stop_risksched085to095_lr1e4_entropy01to005_s1_c1_rnetol_d256_depth3_p20,seed009,9,775,77500,100,16,106.47464834967963,139.25348836806668,57.187676825608136,False,max_epochs,3507.7073073387146
rl4crn_rne_oscillator_trace_8rxn_stop_risksched085to095_lr1e4_entropy01to005_s1_c1_rnetol_d256_depth3_p20,seed009,9,776,77600,100,16,89.5446287225159,137.63361379570506,57.187676825608136,False,max_epochs,3512.375557899475
rl4crn_rne_oscillator_trace_8rxn_stop_risksched085to095_lr1e4_entropy01to005_s1_c1_rnetol_d256_depth3_p20,seed009,9,777,77700,100,16,112.04228091256277,144.9648004501858,57.187676825608136,False,max_epochs,3517.082738161087
rl4crn_rne_oscillator_trace_8rxn_stop_risksched085to095_lr1e4_entropy01to005_s1_c1_rnetol_d256_depth3_p20,seed009,9,778,77800,100,16,112.54107922161906,148.49844648410215,57.187676825608136,False,max_epochs,3521.500102043152
rl4crn_rne_oscillator_trace_8rxn_stop_risksched085to095_lr1e4_entropy01to005_s1_c1_rnetol_d256_depth3_p20,seed009,9,779,77900,100,16,112.45301347502361,139.77492367861743,57.187676825608136,False,max_epochs,3523.799562931061
rl4crn_rne_oscillator_trace_8rxn_stop_risksched085to095_lr1e4_entropy01to005_s1_c1_rnetol_d256_depth3_p20,seed009,9,780,78000,100,16,111.91306220872237,137.8212663100649,57.187676825608136,False,max_epochs,3528.253330230713
rl4crn_rne_oscillator_trace_8rxn_stop_risksched085to095_lr1e4_entropy01to005_s1_c1_rnetol_d256_depth3_p20,seed009,9,781,78100,100,16,112.29302617888585,133.58048797394446,57.187676825608136,False,max_epochs,3533.271410703659
rl4crn_rne_oscillator_trace_8rxn_stop_risksched085to095_lr1e4_entropy01to005_s1_c1_rnetol_d256_depth3_p20,seed009,9,782,78200,100,16,111.93389512193473,141.66242106425074,57.187676825608136,False,max_epochs,3538.33890914917
rl4crn_rne_oscillator_trace_8rxn_stop_risksched085to095_lr1e4_entropy01to005_s1_c1_rnetol_d256_depth3_p20,seed009,9,783,78300,100,16,38.56662685924257,138.06341146277055,38.56662685924257,False,max_epochs,3543.2061145305634
rl4crn_rne_oscillator_trace_8rxn_stop_risksched085to095_lr1e4_entropy01to005_s1_c1_rnetol_d256_depth3_p20,seed009,9,784,78400,100,16,110.03741069971866,136.4181955491759,38.56662685924257,False,max_epochs,3547.5510547161102
rl4crn_rne_oscillator_trace_8rxn_stop_risksched085to095_lr1e4_entropy01to005_s1_c1_rnetol_d256_depth3_p20,seed009,9,785,78500,100,16,109.24281086262073,143.18400077721427,38.56662685924257,False,max_epochs,3552.0530598163605
rl4crn_rne_oscillator_trace_8rxn_stop_risksched085to095_lr1e4_entropy01to005_s1_c1_rnetol_d256_depth3_p20,seed009,9,786,78600,100,16,86.65827378591737,143.44896011312147,38.56662685924257,False,max_epochs,3554.0858659744263
rl4crn_rne_oscillator_trace_8rxn_stop_risksched085to095_lr1e4_entropy01to005_s1_c1_rnetol_d256_depth3_p20,seed009,9,787,78700,100,16,111.02736404190667,146.80504575690549,38.56662685924257,False,max_epochs,3558.727682828903
rl4crn_rne_oscillator_trace_8rxn_stop_risksched085to095_lr1e4_entropy01to005_s1_c1_rnetol_d256_depth3_p20,seed009,9,788,78800,100,16,112.92523827887494,139.74061045590577,38.56662685924257,False,max_epochs,3563.8134241104126
rl4crn_rne_oscillator_trace_8rxn_stop_risksched085to095_lr1e4_entropy01to005_s1_c1_rnetol_d256_depth3_p20,seed009,9,789,78900,100,16,108.26837467454773,142.99338776312652,38.56662685924257,False,max_epochs,3568.6837389469147
rl4crn_rne_oscillator_trace_8rxn_stop_risksched085to095_lr1e4_entropy01to005_s1_c1_rnetol_d256_depth3_p20,seed009,9,790,79000,100,16,112.67663762547345,143.54789766684752,38.56662685924257,False,max_epochs,3573.1527156829834
rl4crn_rne_oscillator_trace_8rxn_stop_risksched085to095_lr1e4_entropy01to005_s1_c1_rnetol_d256_depth3_p20,seed009,9,791,79100,100,16,104.65454742167465,143.11561396659297,38.56662685924257,False,max_epochs,3577.7930312156677
rl4crn_rne_oscillator_trace_8rxn_stop_risksched085to095_lr1e4_entropy01to005_s1_c1_rnetol_d256_depth3_p20,seed009,9,792,79200,100,16,113.52090971794058,138.47601908119208,38.56662685924257,False,max_epochs,3582.1091430187225
rl4crn_rne_oscillator_trace_8rxn_stop_risksched085to095_lr1e4_entropy01to005_s1_c1_rnetol_d256_depth3_p20,seed009,9,793,79300,100,16,91.52278735456348,133.00690737387885,38.56662685924257,False,max_epochs,3584.6567244529724
rl4crn_rne_oscillator_trace_8rxn_stop_risksched085to095_lr1e4_entropy01to005_s1_c1_rnetol_d256_depth3_p20,seed009,9,794,79400,100,16,93.68555982220656,143.49125433316286,38.56662685924257,False,max_epochs,3588.8412549495697
rl4crn_rne_oscillator_trace_8rxn_stop_risksched085to095_lr1e4_entropy01to005_s1_c1_rnetol_d256_depth3_p20,seed009,9,795,79500,100,16,80.46923997117815,144.1632844106777,38.56662685924257,False,max_epochs,3593.6135442256927
rl4crn_rne_oscillator_trace_8rxn_stop_risksched085to095_lr1e4_entropy01to005_s1_c1_rnetol_d256_depth3_p20,seed009,9,796,79600,100,16,89.47327261144493,142.54273986302752,38.56662685924257,False,max_epochs,3598.326475381851
rl4crn_rne_oscillator_trace_8rxn_stop_risksched085to095_lr1e4_entropy01to005_s1_c1_rnetol_d256_depth3_p20,seed009,9,797,79700,100,16,116.96698767547699,144.5875782178628,38.56662685924257,False,max_epochs,3602.272114276886
rl4crn_rne_oscillator_trace_8rxn_stop_risksched085to095_lr1e4_entropy01to005_s1_c1_rnetol_d256_depth3_p20,seed009,9,798,79800,100,16,90.11090536684326,138.61417554984791,38.56662685924257,False,max_epochs,3606.365082502365
rl4crn_rne_oscillator_trace_8rxn_stop_risksched085to095_lr1e4_entropy01to005_s1_c1_rnetol_d256_depth3_p20,seed009,9,799,79900,100,16,45.93247055818139,134.30394995726786,38.56662685924257,False,max_epochs,3610.1165273189545
rl4crn_rne_oscillator_trace_8rxn_stop_risksched085to095_lr1e4_entropy01to005_s1_c1_rnetol_d256_depth3_p20,seed009,9,800,80000,100,16,95.14585283704305,134.31527306596774,38.56662685924257,False,max_epochs,3614.01864862442
rl4crn_rne_oscillator_trace_8rxn_stop_risksched085to095_lr1e4_entropy01to005_s1_c1_rnetol_d256_depth3_p20,seed009,9,801,80100,100,16,99.0176188945575,141.08427753063035,38.56662685924257,False,max_epochs,3618.544277191162
