method,run_id,seed,epoch,candidate_evaluations,batch_size,n_cpus,epoch_best_loss,epoch_median_loss,saved_best_loss,success,stop_reason,elapsed_seconds
rl4crn_rne_oscillator_trace_8rxn_stop_risksched085to09_lr1e4_entropy005_s4_c1_rnetol_d256_depth3_p20,seed185,185,1,100,100,16,123.5032255121933,131.14173555542368,123.5032255121933,False,max_epochs,8.498791933059692
rl4crn_rne_oscillator_trace_8rxn_stop_risksched085to09_lr1e4_entropy005_s4_c1_rnetol_d256_depth3_p20,seed185,185,2,200,100,16,124.4054009479512,130.33237431314888,123.5032255121933,False,max_epochs,12.54196834564209
rl4crn_rne_oscillator_trace_8rxn_stop_risksched085to09_lr1e4_entropy005_s4_c1_rnetol_d256_depth3_p20,seed185,185,3,300,100,16,124.84086154108145,130.33070975029386,123.5032255121933,False,max_epochs,17.256000518798828
rl4crn_rne_oscillator_trace_8rxn_stop_risksched085to09_lr1e4_entropy005_s4_c1_rnetol_d256_depth3_p20,seed185,185,4,400,100,16,124.28464667626498,129.87484915517578,123.5032255121933,False,max_epochs,21.92595934867859
rl4crn_rne_oscillator_trace_8rxn_stop_risksched085to09_lr1e4_entropy005_s4_c1_rnetol_d256_depth3_p20,seed185,185,5,500,100,16,123.17947458249773,129.95079144120825,123.17947458249773,False,max_epochs,27.134435415267944
rl4crn_rne_oscillator_trace_8rxn_stop_risksched085to09_lr1e4_entropy005_s4_c1_rnetol_d256_depth3_p20,seed185,185,6,600,100,16,122.55758805601366,130.48347761146167,122.55758805601366,False,max_epochs,31.83552885055542
rl4crn_rne_oscillator_trace_8rxn_stop_risksched085to09_lr1e4_entropy005_s4_c1_rnetol_d256_depth3_p20,seed185,185,7,700,100,16,124.4996789260499,132.24354529739384,122.55758805601366,False,max_epochs,37.31925320625305
rl4crn_rne_oscillator_trace_8rxn_stop_risksched085to09_lr1e4_entropy005_s4_c1_rnetol_d256_depth3_p20,seed185,185,8,800,100,16,123.81469584606906,130.20904228919977,122.55758805601366,False,max_epochs,42.10790205001831
rl4crn_rne_oscillator_trace_8rxn_stop_risksched085to09_lr1e4_entropy005_s4_c1_rnetol_d256_depth3_p20,seed185,185,9,900,100,16,124.8026383540777,130.11446575370357,122.55758805601366,False,max_epochs,46.64248061180115
rl4crn_rne_oscillator_trace_8rxn_stop_risksched085to09_lr1e4_entropy005_s4_c1_rnetol_d256_depth3_p20,seed185,185,10,1000,100,16,124.07552149183809,130.8594978250524,122.55758805601366,False,max_epochs,51.110109090805054
rl4crn_rne_oscillator_trace_8rxn_stop_risksched085to09_lr1e4_entropy005_s4_c1_rnetol_d256_depth3_p20,seed185,185,11,1100,100,16,123.4858343334348,130.3327111144951,122.55758805601366,False,max_epochs,53.334877014160156
rl4crn_rne_oscillator_trace_8rxn_stop_risksched085to09_lr1e4_entropy005_s4_c1_rnetol_d256_depth3_p20,seed185,185,12,1200,100,16,122.47373442317928,130.16906500442553,122.47373442317928,False,max_epochs,57.74698734283447
rl4crn_rne_oscillator_trace_8rxn_stop_risksched085to09_lr1e4_entropy005_s4_c1_rnetol_d256_depth3_p20,seed185,185,13,1300,100,16,123.2380065157559,129.5127387425488,122.47373442317928,False,max_epochs,62.45640826225281
rl4crn_rne_oscillator_trace_8rxn_stop_risksched085to09_lr1e4_entropy005_s4_c1_rnetol_d256_depth3_p20,seed185,185,14,1400,100,16,124.17075830924439,129.91880749249395,122.47373442317928,False,max_epochs,66.9100067615509
rl4crn_rne_oscillator_trace_8rxn_stop_risksched085to09_lr1e4_entropy005_s4_c1_rnetol_d256_depth3_p20,seed185,185,15,1500,100,16,124.32153175356888,129.99498112021956,122.47373442317928,False,max_epochs,71.56410360336304
rl4crn_rne_oscillator_trace_8rxn_stop_risksched085to09_lr1e4_entropy005_s4_c1_rnetol_d256_depth3_p20,seed185,185,16,1600,100,16,123.2697328000948,128.62509554422118,122.47373442317928,False,max_epochs,73.60605931282043
rl4crn_rne_oscillator_trace_8rxn_stop_risksched085to09_lr1e4_entropy005_s4_c1_rnetol_d256_depth3_p20,seed185,185,17,1700,100,16,123.1135827557723,129.22476188302386,122.47373442317928,False,max_epochs,77.7420608997345
rl4crn_rne_oscillator_trace_8rxn_stop_risksched085to09_lr1e4_entropy005_s4_c1_rnetol_d256_depth3_p20,seed185,185,18,1800,100,16,123.33160077102495,128.8504223429933,122.47373442317928,False,max_epochs,82.85916900634766
rl4crn_rne_oscillator_trace_8rxn_stop_risksched085to09_lr1e4_entropy005_s4_c1_rnetol_d256_depth3_p20,seed185,185,19,1900,100,16,123.94159239300635,128.6805483722828,122.47373442317928,False,max_epochs,87.81373333930969
rl4crn_rne_oscillator_trace_8rxn_stop_risksched085to09_lr1e4_entropy005_s4_c1_rnetol_d256_depth3_p20,seed185,185,20,2000,100,16,123.99515187824422,128.856335769648,122.47373442317928,False,max_epochs,92.70826029777527
rl4crn_rne_oscillator_trace_8rxn_stop_risksched085to09_lr1e4_entropy005_s4_c1_rnetol_d256_depth3_p20,seed185,185,21,2100,100,16,123.74714732334327,129.40213593361284,122.47373442317928,False,max_epochs,97.56886696815491
rl4crn_rne_oscillator_trace_8rxn_stop_risksched085to09_lr1e4_entropy005_s4_c1_rnetol_d256_depth3_p20,seed185,185,22,2200,100,16,123.55560601830535,128.63171034290664,122.47373442317928,False,max_epochs,102.17605519294739
rl4crn_rne_oscillator_trace_8rxn_stop_risksched085to09_lr1e4_entropy005_s4_c1_rnetol_d256_depth3_p20,seed185,185,23,2300,100,16,122.44391906510265,129.44987964176846,122.44391906510265,False,max_epochs,106.82110452651978
rl4crn_rne_oscillator_trace_8rxn_stop_risksched085to09_lr1e4_entropy005_s4_c1_rnetol_d256_depth3_p20,seed185,185,24,2400,100,16,122.20442238219934,129.83287389267508,122.20442238219934,False,max_epochs,108.90897369384766
rl4crn_rne_oscillator_trace_8rxn_stop_risksched085to09_lr1e4_entropy005_s4_c1_rnetol_d256_depth3_p20,seed185,185,25,2500,100,16,121.55829642825185,131.00918127158104,121.55829642825185,False,max_epochs,113.09688997268677
rl4crn_rne_oscillator_trace_8rxn_stop_risksched085to09_lr1e4_entropy005_s4_c1_rnetol_d256_depth3_p20,seed185,185,26,2600,100,16,121.75978633478792,130.02222168186375,121.55829642825185,False,max_epochs,117.78369951248169
rl4crn_rne_oscillator_trace_8rxn_stop_risksched085to09_lr1e4_entropy005_s4_c1_rnetol_d256_depth3_p20,seed185,185,27,2700,100,16,122.32985793124176,131.49939634889915,121.55829642825185,False,max_epochs,122.40804076194763
rl4crn_rne_oscillator_trace_8rxn_stop_risksched085to09_lr1e4_entropy005_s4_c1_rnetol_d256_depth3_p20,seed185,185,28,2800,100,16,121.04563441263409,131.48627809653587,121.04563441263409,False,max_epochs,126.8114845752716
rl4crn_rne_oscillator_trace_8rxn_stop_risksched085to09_lr1e4_entropy005_s4_c1_rnetol_d256_depth3_p20,seed185,185,29,2900,100,16,121.62089575080076,130.71900899440152,121.04563441263409,False,max_epochs,128.90569686889648
rl4crn_rne_oscillator_trace_8rxn_stop_risksched085to09_lr1e4_entropy005_s4_c1_rnetol_d256_depth3_p20,seed185,185,30,3000,100,16,121.00199296657644,129.02857748896997,121.00199296657644,False,max_epochs,133.4745819568634
rl4crn_rne_oscillator_trace_8rxn_stop_risksched085to09_lr1e4_entropy005_s4_c1_rnetol_d256_depth3_p20,seed185,185,31,3100,100,16,121.04474916054289,126.75199210711746,121.00199296657644,False,max_epochs,138.3975636959076
rl4crn_rne_oscillator_trace_8rxn_stop_risksched085to09_lr1e4_entropy005_s4_c1_rnetol_d256_depth3_p20,seed185,185,32,3200,100,16,120.90516999206247,126.71557468641294,120.90516999206247,False,max_epochs,143.2250919342041
rl4crn_rne_oscillator_trace_8rxn_stop_risksched085to09_lr1e4_entropy005_s4_c1_rnetol_d256_depth3_p20,seed185,185,33,3300,100,16,121.4106970308405,126.85190391911794,120.90516999206247,False,max_epochs,147.87842679023743
rl4crn_rne_oscillator_trace_8rxn_stop_risksched085to09_lr1e4_entropy005_s4_c1_rnetol_d256_depth3_p20,seed185,185,34,3400,100,16,120.87102385593779,128.27956784732385,120.87102385593779,False,max_epochs,152.25117444992065
rl4crn_rne_oscillator_trace_8rxn_stop_risksched085to09_lr1e4_entropy005_s4_c1_rnetol_d256_depth3_p20,seed185,185,35,3500,100,16,120.85070336005187,126.50889704164578,120.85070336005187,False,max_epochs,154.55890893936157
rl4crn_rne_oscillator_trace_8rxn_stop_risksched085to09_lr1e4_entropy005_s4_c1_rnetol_d256_depth3_p20,seed185,185,36,3600,100,16,121.00589952286985,127.09364194704791,120.85070336005187,False,max_epochs,159.058002948761
rl4crn_rne_oscillator_trace_8rxn_stop_risksched085to09_lr1e4_entropy005_s4_c1_rnetol_d256_depth3_p20,seed185,185,37,3700,100,16,120.6536484179156,126.12210679705763,120.6536484179156,False,max_epochs,163.98951745033264
rl4crn_rne_oscillator_trace_8rxn_stop_risksched085to09_lr1e4_entropy005_s4_c1_rnetol_d256_depth3_p20,seed185,185,38,3800,100,16,121.00958673049865,125.51566587783543,120.6536484179156,False,max_epochs,169.11803913116455
rl4crn_rne_oscillator_trace_8rxn_stop_risksched085to09_lr1e4_entropy005_s4_c1_rnetol_d256_depth3_p20,seed185,185,39,3900,100,16,120.95699005704876,125.26569942493043,120.6536484179156,False,max_epochs,173.82617497444153
rl4crn_rne_oscillator_trace_8rxn_stop_risksched085to09_lr1e4_entropy005_s4_c1_rnetol_d256_depth3_p20,seed185,185,40,4000,100,16,120.75607964397177,126.01354822173255,120.6536484179156,False,max_epochs,178.5036427974701
rl4crn_rne_oscillator_trace_8rxn_stop_risksched085to09_lr1e4_entropy005_s4_c1_rnetol_d256_depth3_p20,seed185,185,41,4100,100,16,120.84421811760865,127.09459352991729,120.6536484179156,False,max_epochs,183.09763860702515
rl4crn_rne_oscillator_trace_8rxn_stop_risksched085to09_lr1e4_entropy005_s4_c1_rnetol_d256_depth3_p20,seed185,185,42,4200,100,16,120.54185800832593,127.79093404458395,120.54185800832593,False,max_epochs,185.30079531669617
rl4crn_rne_oscillator_trace_8rxn_stop_risksched085to09_lr1e4_entropy005_s4_c1_rnetol_d256_depth3_p20,seed185,185,43,4300,100,16,120.99276137519036,126.50151549139255,120.54185800832593,False,max_epochs,189.91012120246887
rl4crn_rne_oscillator_trace_8rxn_stop_risksched085to09_lr1e4_entropy005_s4_c1_rnetol_d256_depth3_p20,seed185,185,44,4400,100,16,120.98657022950114,126.1623896048091,120.54185800832593,False,max_epochs,194.7409942150116
rl4crn_rne_oscillator_trace_8rxn_stop_risksched085to09_lr1e4_entropy005_s4_c1_rnetol_d256_depth3_p20,seed185,185,45,4500,100,16,121.05186753504277,126.80816849656878,120.54185800832593,False,max_epochs,199.05608081817627
rl4crn_rne_oscillator_trace_8rxn_stop_risksched085to09_lr1e4_entropy005_s4_c1_rnetol_d256_depth3_p20,seed185,185,46,4600,100,16,120.66763465943993,125.77026346374328,120.54185800832593,False,max_epochs,203.60291624069214
rl4crn_rne_oscillator_trace_8rxn_stop_risksched085to09_lr1e4_entropy005_s4_c1_rnetol_d256_depth3_p20,seed185,185,47,4700,100,16,121.09153320428165,126.34063957002542,120.54185800832593,False,max_epochs,206.90005564689636
rl4crn_rne_oscillator_trace_8rxn_stop_risksched085to09_lr1e4_entropy005_s4_c1_rnetol_d256_depth3_p20,seed185,185,48,4800,100,16,120.90929018598246,125.03279909930943,120.54185800832593,False,max_epochs,210.18034625053406
rl4crn_rne_oscillator_trace_8rxn_stop_risksched085to09_lr1e4_entropy005_s4_c1_rnetol_d256_depth3_p20,seed185,185,49,4900,100,16,120.92309091160257,125.87114892657871,120.54185800832593,False,max_epochs,214.5173900127411
rl4crn_rne_oscillator_trace_8rxn_stop_risksched085to09_lr1e4_entropy005_s4_c1_rnetol_d256_depth3_p20,seed185,185,50,5000,100,16,120.6974913389512,125.5473426561989,120.54185800832593,False,max_epochs,218.95097851753235
rl4crn_rne_oscillator_trace_8rxn_stop_risksched085to09_lr1e4_entropy005_s4_c1_rnetol_d256_depth3_p20,seed185,185,51,5100,100,16,120.75806114120219,125.64516147833936,120.54185800832593,False,max_epochs,223.6829948425293
rl4crn_rne_oscillator_trace_8rxn_stop_risksched085to09_lr1e4_entropy005_s4_c1_rnetol_d256_depth3_p20,seed185,185,52,5200,100,16,120.90711417619305,126.99413415115477,120.54185800832593,False,max_epochs,227.123149394989
rl4crn_rne_oscillator_trace_8rxn_stop_risksched085to09_lr1e4_entropy005_s4_c1_rnetol_d256_depth3_p20,seed185,185,53,5300,100,16,121.06563173478315,127.22051189161816,120.54185800832593,False,max_epochs,230.30325770378113
rl4crn_rne_oscillator_trace_8rxn_stop_risksched085to09_lr1e4_entropy005_s4_c1_rnetol_d256_depth3_p20,seed185,185,54,5400,100,16,120.54854084726531,125.43522603893334,120.54185800832593,False,max_epochs,235.22910571098328
rl4crn_rne_oscillator_trace_8rxn_stop_risksched085to09_lr1e4_entropy005_s4_c1_rnetol_d256_depth3_p20,seed185,185,55,5500,100,16,120.75022781297204,125.70321180650703,120.54185800832593,False,max_epochs,240.10560989379883
rl4crn_rne_oscillator_trace_8rxn_stop_risksched085to09_lr1e4_entropy005_s4_c1_rnetol_d256_depth3_p20,seed185,185,56,5600,100,16,120.78156576127681,125.29694975696133,120.54185800832593,False,max_epochs,244.71257519721985
rl4crn_rne_oscillator_trace_8rxn_stop_risksched085to09_lr1e4_entropy005_s4_c1_rnetol_d256_depth3_p20,seed185,185,57,5700,100,16,120.48911612828017,125.8080413897552,120.48911612828017,False,max_epochs,249.45763969421387
rl4crn_rne_oscillator_trace_8rxn_stop_risksched085to09_lr1e4_entropy005_s4_c1_rnetol_d256_depth3_p20,seed185,185,58,5800,100,16,120.52428820405947,125.72998633806986,120.48911612828017,False,max_epochs,254.15345120429993
rl4crn_rne_oscillator_trace_8rxn_stop_risksched085to09_lr1e4_entropy005_s4_c1_rnetol_d256_depth3_p20,seed185,185,59,5900,100,16,120.56052876348345,125.15939283762197,120.48911612828017,False,max_epochs,258.4949507713318
rl4crn_rne_oscillator_trace_8rxn_stop_risksched085to09_lr1e4_entropy005_s4_c1_rnetol_d256_depth3_p20,seed185,185,60,6000,100,16,120.54580134557725,125.3689146234305,120.48911612828017,False,max_epochs,260.7620403766632
rl4crn_rne_oscillator_trace_8rxn_stop_risksched085to09_lr1e4_entropy005_s4_c1_rnetol_d256_depth3_p20,seed185,185,61,6100,100,16,120.4795434330536,124.37246103206854,120.4795434330536,False,max_epochs,265.69888973236084
rl4crn_rne_oscillator_trace_8rxn_stop_risksched085to09_lr1e4_entropy005_s4_c1_rnetol_d256_depth3_p20,seed185,185,62,6200,100,16,120.70270240529179,125.02875891065946,120.4795434330536,False,max_epochs,270.67027497291565
rl4crn_rne_oscillator_trace_8rxn_stop_risksched085to09_lr1e4_entropy005_s4_c1_rnetol_d256_depth3_p20,seed185,185,63,6300,100,16,120.30706059223922,124.01217896714479,120.30706059223922,False,max_epochs,275.77763772010803
rl4crn_rne_oscillator_trace_8rxn_stop_risksched085to09_lr1e4_entropy005_s4_c1_rnetol_d256_depth3_p20,seed185,185,64,6400,100,16,120.43409625092643,125.05394702466648,120.30706059223922,False,max_epochs,280.47948479652405
rl4crn_rne_oscillator_trace_8rxn_stop_risksched085to09_lr1e4_entropy005_s4_c1_rnetol_d256_depth3_p20,seed185,185,65,6500,100,16,120.3968445325675,125.17163036062426,120.30706059223922,False,max_epochs,285.87312269210815
rl4crn_rne_oscillator_trace_8rxn_stop_risksched085to09_lr1e4_entropy005_s4_c1_rnetol_d256_depth3_p20,seed185,185,66,6600,100,16,120.521802196364,125.15724753803669,120.30706059223922,False,max_epochs,290.78088903427124
rl4crn_rne_oscillator_trace_8rxn_stop_risksched085to09_lr1e4_entropy005_s4_c1_rnetol_d256_depth3_p20,seed185,185,67,6700,100,16,120.31621836024819,123.81824237088753,120.30706059223922,False,max_epochs,296.0001759529114
rl4crn_rne_oscillator_trace_8rxn_stop_risksched085to09_lr1e4_entropy005_s4_c1_rnetol_d256_depth3_p20,seed185,185,68,6800,100,16,120.5887016045509,124.43373889094346,120.30706059223922,False,max_epochs,301.0268294811249
rl4crn_rne_oscillator_trace_8rxn_stop_risksched085to09_lr1e4_entropy005_s4_c1_rnetol_d256_depth3_p20,seed185,185,69,6900,100,16,120.30738521031088,123.5057810424623,120.30706059223922,False,max_epochs,306.2279899120331
rl4crn_rne_oscillator_trace_8rxn_stop_risksched085to09_lr1e4_entropy005_s4_c1_rnetol_d256_depth3_p20,seed185,185,70,7000,100,16,120.81687504873213,123.95961576884272,120.30706059223922,False,max_epochs,311.15724992752075
rl4crn_rne_oscillator_trace_8rxn_stop_risksched085to09_lr1e4_entropy005_s4_c1_rnetol_d256_depth3_p20,seed185,185,71,7100,100,16,120.600098822314,124.28995231012559,120.30706059223922,False,max_epochs,316.3289966583252
rl4crn_rne_oscillator_trace_8rxn_stop_risksched085to09_lr1e4_entropy005_s4_c1_rnetol_d256_depth3_p20,seed185,185,72,7200,100,16,120.40683071370111,123.52282682938885,120.30706059223922,False,max_epochs,321.22007966041565
rl4crn_rne_oscillator_trace_8rxn_stop_risksched085to09_lr1e4_entropy005_s4_c1_rnetol_d256_depth3_p20,seed185,185,73,7300,100,16,120.16065715624698,122.36149281287098,120.16065715624698,False,max_epochs,325.76279640197754
rl4crn_rne_oscillator_trace_8rxn_stop_risksched085to09_lr1e4_entropy005_s4_c1_rnetol_d256_depth3_p20,seed185,185,74,7400,100,16,120.56573995871729,123.61568165246497,120.16065715624698,False,max_epochs,330.4550430774689
rl4crn_rne_oscillator_trace_8rxn_stop_risksched085to09_lr1e4_entropy005_s4_c1_rnetol_d256_depth3_p20,seed185,185,75,7500,100,16,120.3967897490742,122.36554665291428,120.16065715624698,False,max_epochs,334.751567363739
rl4crn_rne_oscillator_trace_8rxn_stop_risksched085to09_lr1e4_entropy005_s4_c1_rnetol_d256_depth3_p20,seed185,185,76,7600,100,16,120.30763136436411,123.6092460784763,120.16065715624698,False,max_epochs,336.8816170692444
rl4crn_rne_oscillator_trace_8rxn_stop_risksched085to09_lr1e4_entropy005_s4_c1_rnetol_d256_depth3_p20,seed185,185,77,7700,100,16,119.9562211757551,123.7378619682866,119.9562211757551,False,max_epochs,341.7429440021515
rl4crn_rne_oscillator_trace_8rxn_stop_risksched085to09_lr1e4_entropy005_s4_c1_rnetol_d256_depth3_p20,seed185,185,78,7800,100,16,120.05949364634101,122.20598627507239,119.9562211757551,False,max_epochs,346.2778162956238
rl4crn_rne_oscillator_trace_8rxn_stop_risksched085to09_lr1e4_entropy005_s4_c1_rnetol_d256_depth3_p20,seed185,185,79,7900,100,16,120.12797282269054,123.25661447522242,119.9562211757551,False,max_epochs,351.6187949180603
rl4crn_rne_oscillator_trace_8rxn_stop_risksched085to09_lr1e4_entropy005_s4_c1_rnetol_d256_depth3_p20,seed185,185,80,8000,100,16,119.8598336825692,125.00968527026508,119.8598336825692,False,max_epochs,356.27844643592834
rl4crn_rne_oscillator_trace_8rxn_stop_risksched085to09_lr1e4_entropy005_s4_c1_rnetol_d256_depth3_p20,seed185,185,81,8100,100,16,119.95163884694665,126.82209164089969,119.8598336825692,False,max_epochs,361.1755757331848
rl4crn_rne_oscillator_trace_8rxn_stop_risksched085to09_lr1e4_entropy005_s4_c1_rnetol_d256_depth3_p20,seed185,185,82,8200,100,16,119.87576768139627,126.89791006671905,119.8598336825692,False,max_epochs,365.6172001361847
rl4crn_rne_oscillator_trace_8rxn_stop_risksched085to09_lr1e4_entropy005_s4_c1_rnetol_d256_depth3_p20,seed185,185,83,8300,100,16,120.02566722356369,127.5677020508862,119.8598336825692,False,max_epochs,370.1330120563507
rl4crn_rne_oscillator_trace_8rxn_stop_risksched085to09_lr1e4_entropy005_s4_c1_rnetol_d256_depth3_p20,seed185,185,84,8400,100,16,120.00030071900385,126.28593218905823,119.8598336825692,False,max_epochs,372.26929664611816
rl4crn_rne_oscillator_trace_8rxn_stop_risksched085to09_lr1e4_entropy005_s4_c1_rnetol_d256_depth3_p20,seed185,185,85,8500,100,16,120.00495540208784,125.55210844813394,119.8598336825692,False,max_epochs,377.017644405365
rl4crn_rne_oscillator_trace_8rxn_stop_risksched085to09_lr1e4_entropy005_s4_c1_rnetol_d256_depth3_p20,seed185,185,86,8600,100,16,120.03948648609932,125.99111544215724,119.8598336825692,False,max_epochs,382.13471579551697
rl4crn_rne_oscillator_trace_8rxn_stop_risksched085to09_lr1e4_entropy005_s4_c1_rnetol_d256_depth3_p20,seed185,185,87,8700,100,16,120.17711593855779,127.72257455707472,119.8598336825692,False,max_epochs,387.20639276504517
rl4crn_rne_oscillator_trace_8rxn_stop_risksched085to09_lr1e4_entropy005_s4_c1_rnetol_d256_depth3_p20,seed185,185,88,8800,100,16,120.08432140054956,128.03165094698457,119.8598336825692,False,max_epochs,391.8136763572693
rl4crn_rne_oscillator_trace_8rxn_stop_risksched085to09_lr1e4_entropy005_s4_c1_rnetol_d256_depth3_p20,seed185,185,89,8900,100,16,119.80054213281454,129.10080927087387,119.80054213281454,False,max_epochs,396.70619440078735
rl4crn_rne_oscillator_trace_8rxn_stop_risksched085to09_lr1e4_entropy005_s4_c1_rnetol_d256_depth3_p20,seed185,185,90,9000,100,16,119.64761188027394,124.39203060118692,119.64761188027394,False,max_epochs,401.25698232650757
rl4crn_rne_oscillator_trace_8rxn_stop_risksched085to09_lr1e4_entropy005_s4_c1_rnetol_d256_depth3_p20,seed185,185,91,9100,100,16,119.80548145879314,123.43903541743319,119.64761188027394,False,max_epochs,405.1892261505127
rl4crn_rne_oscillator_trace_8rxn_stop_risksched085to09_lr1e4_entropy005_s4_c1_rnetol_d256_depth3_p20,seed185,185,92,9200,100,16,119.81648853577735,123.99626210255562,119.64761188027394,False,max_epochs,407.8480336666107
rl4crn_rne_oscillator_trace_8rxn_stop_risksched085to09_lr1e4_entropy005_s4_c1_rnetol_d256_depth3_p20,seed185,185,93,9300,100,16,119.84891632210905,122.07321324104228,119.64761188027394,False,max_epochs,412.5959348678589
rl4crn_rne_oscillator_trace_8rxn_stop_risksched085to09_lr1e4_entropy005_s4_c1_rnetol_d256_depth3_p20,seed185,185,94,9400,100,16,120.0091766642184,123.33571728454987,119.64761188027394,False,max_epochs,417.20575737953186
rl4crn_rne_oscillator_trace_8rxn_stop_risksched085to09_lr1e4_entropy005_s4_c1_rnetol_d256_depth3_p20,seed185,185,95,9500,100,16,119.83526446661189,122.41297375433457,119.64761188027394,False,max_epochs,422.1622428894043
rl4crn_rne_oscillator_trace_8rxn_stop_risksched085to09_lr1e4_entropy005_s4_c1_rnetol_d256_depth3_p20,seed185,185,96,9600,100,16,119.5782284993872,124.55164098724825,119.5782284993872,False,max_epochs,426.76418924331665
rl4crn_rne_oscillator_trace_8rxn_stop_risksched085to09_lr1e4_entropy005_s4_c1_rnetol_d256_depth3_p20,seed185,185,97,9700,100,16,119.60530382027355,126.65581276352093,119.5782284993872,False,max_epochs,431.31546664237976
rl4crn_rne_oscillator_trace_8rxn_stop_risksched085to09_lr1e4_entropy005_s4_c1_rnetol_d256_depth3_p20,seed185,185,98,9800,100,16,120.16956392606724,133.69958359029206,119.5782284993872,False,max_epochs,433.3453414440155
rl4crn_rne_oscillator_trace_8rxn_stop_risksched085to09_lr1e4_entropy005_s4_c1_rnetol_d256_depth3_p20,seed185,185,99,9900,100,16,118.6457087273643,134.9060670021276,118.6457087273643,False,max_epochs,437.86693024635315
rl4crn_rne_oscillator_trace_8rxn_stop_risksched085to09_lr1e4_entropy005_s4_c1_rnetol_d256_depth3_p20,seed185,185,100,10000,100,16,119.99817335685151,136.41241936055636,118.6457087273643,False,max_epochs,442.74654960632324
rl4crn_rne_oscillator_trace_8rxn_stop_risksched085to09_lr1e4_entropy005_s4_c1_rnetol_d256_depth3_p20,seed185,185,101,10100,100,16,119.7696440570345,133.75628684565788,118.6457087273643,False,max_epochs,447.73394417762756
rl4crn_rne_oscillator_trace_8rxn_stop_risksched085to09_lr1e4_entropy005_s4_c1_rnetol_d256_depth3_p20,seed185,185,102,10200,100,16,119.4649932512057,132.77376436738916,118.6457087273643,False,max_epochs,452.4759781360626
rl4crn_rne_oscillator_trace_8rxn_stop_risksched085to09_lr1e4_entropy005_s4_c1_rnetol_d256_depth3_p20,seed185,185,103,10300,100,16,119.52151153127917,129.91704583503952,118.6457087273643,False,max_epochs,457.0456817150116
rl4crn_rne_oscillator_trace_8rxn_stop_risksched085to09_lr1e4_entropy005_s4_c1_rnetol_d256_depth3_p20,seed185,185,104,10400,100,16,119.38132046088869,130.48365335917447,118.6457087273643,False,max_epochs,461.2533051967621
rl4crn_rne_oscillator_trace_8rxn_stop_risksched085to09_lr1e4_entropy005_s4_c1_rnetol_d256_depth3_p20,seed185,185,105,10500,100,16,119.21111895165602,133.4773698847494,118.6457087273643,False,max_epochs,463.53547954559326
rl4crn_rne_oscillator_trace_8rxn_stop_risksched085to09_lr1e4_entropy005_s4_c1_rnetol_d256_depth3_p20,seed185,185,106,10600,100,16,119.33519921179578,130.61576381481166,118.6457087273643,False,max_epochs,468.04353284835815
rl4crn_rne_oscillator_trace_8rxn_stop_risksched085to09_lr1e4_entropy005_s4_c1_rnetol_d256_depth3_p20,seed185,185,107,10700,100,16,119.48946175956203,133.52301281214193,118.6457087273643,False,max_epochs,472.3151435852051
rl4crn_rne_oscillator_trace_8rxn_stop_risksched085to09_lr1e4_entropy005_s4_c1_rnetol_d256_depth3_p20,seed185,185,108,10800,100,16,119.48097458636542,126.28825616227475,118.6457087273643,False,max_epochs,476.9931182861328
rl4crn_rne_oscillator_trace_8rxn_stop_risksched085to09_lr1e4_entropy005_s4_c1_rnetol_d256_depth3_p20,seed185,185,109,10900,100,16,119.6685506810061,126.45996283914161,118.6457087273643,False,max_epochs,482.0386805534363
rl4crn_rne_oscillator_trace_8rxn_stop_risksched085to09_lr1e4_entropy005_s4_c1_rnetol_d256_depth3_p20,seed185,185,110,11000,100,16,119.73268733595755,125.65594034521217,118.6457087273643,False,max_epochs,487.24714612960815
rl4crn_rne_oscillator_trace_8rxn_stop_risksched085to09_lr1e4_entropy005_s4_c1_rnetol_d256_depth3_p20,seed185,185,111,11100,100,16,116.65747400687322,126.3281758236333,116.65747400687322,False,max_epochs,491.8818471431732
rl4crn_rne_oscillator_trace_8rxn_stop_risksched085to09_lr1e4_entropy005_s4_c1_rnetol_d256_depth3_p20,seed185,185,112,11200,100,16,118.39865800199465,129.2847451203146,116.65747400687322,False,max_epochs,496.33697509765625
rl4crn_rne_oscillator_trace_8rxn_stop_risksched085to09_lr1e4_entropy005_s4_c1_rnetol_d256_depth3_p20,seed185,185,113,11300,100,16,117.2757088400505,131.11337113901828,116.65747400687322,False,max_epochs,500.5861020088196
rl4crn_rne_oscillator_trace_8rxn_stop_risksched085to09_lr1e4_entropy005_s4_c1_rnetol_d256_depth3_p20,seed185,185,114,11400,100,16,113.05740435769783,129.2494921213563,113.05740435769783,False,max_epochs,502.8247826099396
rl4crn_rne_oscillator_trace_8rxn_stop_risksched085to09_lr1e4_entropy005_s4_c1_rnetol_d256_depth3_p20,seed185,185,115,11500,100,16,114.19506059788931,127.11074731328792,113.05740435769783,False,max_epochs,507.1849880218506
rl4crn_rne_oscillator_trace_8rxn_stop_risksched085to09_lr1e4_entropy005_s4_c1_rnetol_d256_depth3_p20,seed185,185,116,11600,100,16,113.62965444135943,130.57348131212353,113.05740435769783,False,max_epochs,512.5657751560211
rl4crn_rne_oscillator_trace_8rxn_stop_risksched085to09_lr1e4_entropy005_s4_c1_rnetol_d256_depth3_p20,seed185,185,117,11700,100,16,112.09503741487984,127.2508993702009,112.09503741487984,False,max_epochs,516.9793972969055
rl4crn_rne_oscillator_trace_8rxn_stop_risksched085to09_lr1e4_entropy005_s4_c1_rnetol_d256_depth3_p20,seed185,185,118,11800,100,16,114.8347576984363,129.60849762115686,112.09503741487984,False,max_epochs,521.831036567688
rl4crn_rne_oscillator_trace_8rxn_stop_risksched085to09_lr1e4_entropy005_s4_c1_rnetol_d256_depth3_p20,seed185,185,119,11900,100,16,113.03510292496999,125.97832642977556,112.09503741487984,False,max_epochs,527.0102274417877
rl4crn_rne_oscillator_trace_8rxn_stop_risksched085to09_lr1e4_entropy005_s4_c1_rnetol_d256_depth3_p20,seed185,185,120,12000,100,16,112.64509810987059,132.18839752460488,112.09503741487984,False,max_epochs,532.0099649429321
rl4crn_rne_oscillator_trace_8rxn_stop_risksched085to09_lr1e4_entropy005_s4_c1_rnetol_d256_depth3_p20,seed185,185,121,12100,100,16,111.85345397560143,128.9718811012811,111.85345397560143,False,max_epochs,537.2492246627808
rl4crn_rne_oscillator_trace_8rxn_stop_risksched085to09_lr1e4_entropy005_s4_c1_rnetol_d256_depth3_p20,seed185,185,122,12200,100,16,112.11011489766842,130.34616014840032,111.85345397560143,False,max_epochs,542.1384139060974
rl4crn_rne_oscillator_trace_8rxn_stop_risksched085to09_lr1e4_entropy005_s4_c1_rnetol_d256_depth3_p20,seed185,185,123,12300,100,16,111.06396711347612,129.0965256472792,111.06396711347612,False,max_epochs,546.9679718017578
rl4crn_rne_oscillator_trace_8rxn_stop_risksched085to09_lr1e4_entropy005_s4_c1_rnetol_d256_depth3_p20,seed185,185,124,12400,100,16,111.27296996609864,128.59817280332453,111.06396711347612,False,max_epochs,552.3828556537628
rl4crn_rne_oscillator_trace_8rxn_stop_risksched085to09_lr1e4_entropy005_s4_c1_rnetol_d256_depth3_p20,seed185,185,125,12500,100,16,111.25489690590126,123.1210746189802,111.06396711347612,False,max_epochs,557.2621946334839
rl4crn_rne_oscillator_trace_8rxn_stop_risksched085to09_lr1e4_entropy005_s4_c1_rnetol_d256_depth3_p20,seed185,185,126,12600,100,16,111.46334242647816,121.31453698539332,111.06396711347612,False,max_epochs,562.4412457942963
rl4crn_rne_oscillator_trace_8rxn_stop_risksched085to09_lr1e4_entropy005_s4_c1_rnetol_d256_depth3_p20,seed185,185,127,12700,100,16,111.19021554294895,118.3600230315633,111.06396711347612,False,max_epochs,567.2191369533539
rl4crn_rne_oscillator_trace_8rxn_stop_risksched085to09_lr1e4_entropy005_s4_c1_rnetol_d256_depth3_p20,seed185,185,128,12800,100,16,111.7850064739188,125.24821321965626,111.06396711347612,False,max_epochs,571.9776630401611
rl4crn_rne_oscillator_trace_8rxn_stop_risksched085to09_lr1e4_entropy005_s4_c1_rnetol_d256_depth3_p20,seed185,185,129,12900,100,16,111.38398630343818,122.02184545523781,111.06396711347612,False,max_epochs,576.5365922451019
rl4crn_rne_oscillator_trace_8rxn_stop_risksched085to09_lr1e4_entropy005_s4_c1_rnetol_d256_depth3_p20,seed185,185,130,13000,100,16,111.80285449048651,123.14112833488565,111.06396711347612,False,max_epochs,578.6588017940521
rl4crn_rne_oscillator_trace_8rxn_stop_risksched085to09_lr1e4_entropy005_s4_c1_rnetol_d256_depth3_p20,seed185,185,131,13100,100,16,111.4667705132747,128.0109954425484,111.06396711347612,False,max_epochs,583.008214712143
rl4crn_rne_oscillator_trace_8rxn_stop_risksched085to09_lr1e4_entropy005_s4_c1_rnetol_d256_depth3_p20,seed185,185,132,13200,100,16,111.38461131941015,122.56285388366958,111.06396711347612,False,max_epochs,588.0434470176697
rl4crn_rne_oscillator_trace_8rxn_stop_risksched085to09_lr1e4_entropy005_s4_c1_rnetol_d256_depth3_p20,seed185,185,133,13300,100,16,112.01141687513218,128.0054735225006,111.06396711347612,False,max_epochs,592.8651993274689
rl4crn_rne_oscillator_trace_8rxn_stop_risksched085to09_lr1e4_entropy005_s4_c1_rnetol_d256_depth3_p20,seed185,185,134,13400,100,16,111.17113112663066,121.83485187808023,111.06396711347612,False,max_epochs,597.8333969116211
rl4crn_rne_oscillator_trace_8rxn_stop_risksched085to09_lr1e4_entropy005_s4_c1_rnetol_d256_depth3_p20,seed185,185,135,13500,100,16,111.10504466273261,123.01615643514708,111.06396711347612,False,max_epochs,602.400016784668
rl4crn_rne_oscillator_trace_8rxn_stop_risksched085to09_lr1e4_entropy005_s4_c1_rnetol_d256_depth3_p20,seed185,185,136,13600,100,16,111.42934945993946,121.09316862870318,111.06396711347612,False,max_epochs,606.9616477489471
rl4crn_rne_oscillator_trace_8rxn_stop_risksched085to09_lr1e4_entropy005_s4_c1_rnetol_d256_depth3_p20,seed185,185,137,13700,100,16,111.39847655785705,120.55179415072408,111.06396711347612,False,max_epochs,611.8262596130371
rl4crn_rne_oscillator_trace_8rxn_stop_risksched085to09_lr1e4_entropy005_s4_c1_rnetol_d256_depth3_p20,seed185,185,138,13800,100,16,111.30996247550016,123.60389218330758,111.06396711347612,False,max_epochs,613.8699595928192
rl4crn_rne_oscillator_trace_8rxn_stop_risksched085to09_lr1e4_entropy005_s4_c1_rnetol_d256_depth3_p20,seed185,185,139,13900,100,16,111.79073878392009,124.09350473467744,111.06396711347612,False,max_epochs,618.2761204242706
rl4crn_rne_oscillator_trace_8rxn_stop_risksched085to09_lr1e4_entropy005_s4_c1_rnetol_d256_depth3_p20,seed185,185,140,14000,100,16,111.58817717494787,122.32180254552836,111.06396711347612,False,max_epochs,622.9856061935425
rl4crn_rne_oscillator_trace_8rxn_stop_risksched085to09_lr1e4_entropy005_s4_c1_rnetol_d256_depth3_p20,seed185,185,141,14100,100,16,111.38638044163032,121.17273300943796,111.06396711347612,False,max_epochs,627.9501397609711
rl4crn_rne_oscillator_trace_8rxn_stop_risksched085to09_lr1e4_entropy005_s4_c1_rnetol_d256_depth3_p20,seed185,185,142,14200,100,16,111.00815281450137,122.92805055294237,111.00815281450137,False,max_epochs,633.2090742588043
rl4crn_rne_oscillator_trace_8rxn_stop_risksched085to09_lr1e4_entropy005_s4_c1_rnetol_d256_depth3_p20,seed185,185,143,14300,100,16,111.25280192309805,121.79913541149875,111.00815281450137,False,max_epochs,637.7522125244141
rl4crn_rne_oscillator_trace_8rxn_stop_risksched085to09_lr1e4_entropy005_s4_c1_rnetol_d256_depth3_p20,seed185,185,144,14400,100,16,111.12114899473741,117.7898744189063,111.00815281450137,False,max_epochs,642.336483001709
rl4crn_rne_oscillator_trace_8rxn_stop_risksched085to09_lr1e4_entropy005_s4_c1_rnetol_d256_depth3_p20,seed185,185,145,14500,100,16,111.41136525602026,117.7969392472296,111.00815281450137,False,max_epochs,646.9641005992889
rl4crn_rne_oscillator_trace_8rxn_stop_risksched085to09_lr1e4_entropy005_s4_c1_rnetol_d256_depth3_p20,seed185,185,146,14600,100,16,111.112405922076,119.1645623887506,111.00815281450137,False,max_epochs,649.0119271278381
rl4crn_rne_oscillator_trace_8rxn_stop_risksched085to09_lr1e4_entropy005_s4_c1_rnetol_d256_depth3_p20,seed185,185,147,14700,100,16,111.3418101289851,120.5714317289287,111.00815281450137,False,max_epochs,653.4417757987976
rl4crn_rne_oscillator_trace_8rxn_stop_risksched085to09_lr1e4_entropy005_s4_c1_rnetol_d256_depth3_p20,seed185,185,148,14800,100,16,111.37766645212251,123.0130354818671,111.00815281450137,False,max_epochs,658.1522169113159
rl4crn_rne_oscillator_trace_8rxn_stop_risksched085to09_lr1e4_entropy005_s4_c1_rnetol_d256_depth3_p20,seed185,185,149,14900,100,16,111.47945390228465,121.83279352360435,111.00815281450137,False,max_epochs,663.0857162475586
rl4crn_rne_oscillator_trace_8rxn_stop_risksched085to09_lr1e4_entropy005_s4_c1_rnetol_d256_depth3_p20,seed185,185,150,15000,100,16,111.38425168791994,119.6317667465182,111.00815281450137,False,max_epochs,667.6188774108887
rl4crn_rne_oscillator_trace_8rxn_stop_risksched085to09_lr1e4_entropy005_s4_c1_rnetol_d256_depth3_p20,seed185,185,151,15100,100,16,111.46321187208812,118.28404221032739,111.00815281450137,False,max_epochs,672.0086076259613
rl4crn_rne_oscillator_trace_8rxn_stop_risksched085to09_lr1e4_entropy005_s4_c1_rnetol_d256_depth3_p20,seed185,185,152,15200,100,16,111.17485667315536,119.28887726891332,111.00815281450137,False,max_epochs,676.1916496753693
rl4crn_rne_oscillator_trace_8rxn_stop_risksched085to09_lr1e4_entropy005_s4_c1_rnetol_d256_depth3_p20,seed185,185,153,15300,100,16,111.26465910320064,124.39172093783316,111.00815281450137,False,max_epochs,678.6661868095398
rl4crn_rne_oscillator_trace_8rxn_stop_risksched085to09_lr1e4_entropy005_s4_c1_rnetol_d256_depth3_p20,seed185,185,154,15400,100,16,111.59972161386972,120.80158408157412,111.00815281450137,False,max_epochs,683.0185036659241
rl4crn_rne_oscillator_trace_8rxn_stop_risksched085to09_lr1e4_entropy005_s4_c1_rnetol_d256_depth3_p20,seed185,185,155,15500,100,16,111.04588722457989,118.32612624239493,111.00815281450137,False,max_epochs,687.9536421298981
rl4crn_rne_oscillator_trace_8rxn_stop_risksched085to09_lr1e4_entropy005_s4_c1_rnetol_d256_depth3_p20,seed185,185,156,15600,100,16,111.0217547556028,118.06401418016296,111.00815281450137,False,max_epochs,693.0352129936218
rl4crn_rne_oscillator_trace_8rxn_stop_risksched085to09_lr1e4_entropy005_s4_c1_rnetol_d256_depth3_p20,seed185,185,157,15700,100,16,111.40195113382332,118.4549416352757,111.00815281450137,False,max_epochs,698.353681564331
rl4crn_rne_oscillator_trace_8rxn_stop_risksched085to09_lr1e4_entropy005_s4_c1_rnetol_d256_depth3_p20,seed185,185,158,15800,100,16,111.14529218572086,120.38528834923306,111.00815281450137,False,max_epochs,703.1450161933899
rl4crn_rne_oscillator_trace_8rxn_stop_risksched085to09_lr1e4_entropy005_s4_c1_rnetol_d256_depth3_p20,seed185,185,159,15900,100,16,111.3181978406702,123.90691634986456,111.00815281450137,False,max_epochs,708.3407998085022
rl4crn_rne_oscillator_trace_8rxn_stop_risksched085to09_lr1e4_entropy005_s4_c1_rnetol_d256_depth3_p20,seed185,185,160,16000,100,16,111.61266148873584,117.58315639853714,111.00815281450137,False,max_epochs,713.1739273071289
rl4crn_rne_oscillator_trace_8rxn_stop_risksched085to09_lr1e4_entropy005_s4_c1_rnetol_d256_depth3_p20,seed185,185,161,16100,100,16,111.29800149042956,120.110668889919,111.00815281450137,False,max_epochs,718.4125587940216
rl4crn_rne_oscillator_trace_8rxn_stop_risksched085to09_lr1e4_entropy005_s4_c1_rnetol_d256_depth3_p20,seed185,185,162,16200,100,16,111.11104729747336,120.50877975258913,111.00815281450137,False,max_epochs,722.9110016822815
rl4crn_rne_oscillator_trace_8rxn_stop_risksched085to09_lr1e4_entropy005_s4_c1_rnetol_d256_depth3_p20,seed185,185,163,16300,100,16,111.09295909920667,117.88764934433111,111.00815281450137,False,max_epochs,728.2191271781921
rl4crn_rne_oscillator_trace_8rxn_stop_risksched085to09_lr1e4_entropy005_s4_c1_rnetol_d256_depth3_p20,seed185,185,164,16400,100,16,111.0332747951675,121.54421672615285,111.00815281450137,False,max_epochs,732.7605187892914
rl4crn_rne_oscillator_trace_8rxn_stop_risksched085to09_lr1e4_entropy005_s4_c1_rnetol_d256_depth3_p20,seed185,185,165,16500,100,16,111.48271251015328,119.58620413860314,111.00815281450137,False,max_epochs,737.3549673557281
rl4crn_rne_oscillator_trace_8rxn_stop_risksched085to09_lr1e4_entropy005_s4_c1_rnetol_d256_depth3_p20,seed185,185,166,16600,100,16,111.39896084023665,119.85374039030611,111.00815281450137,False,max_epochs,741.9705743789673
rl4crn_rne_oscillator_trace_8rxn_stop_risksched085to09_lr1e4_entropy005_s4_c1_rnetol_d256_depth3_p20,seed185,185,167,16700,100,16,111.24676918513703,123.81818190944966,111.00815281450137,False,max_epochs,744.0993688106537
rl4crn_rne_oscillator_trace_8rxn_stop_risksched085to09_lr1e4_entropy005_s4_c1_rnetol_d256_depth3_p20,seed185,185,168,16800,100,16,111.17521790977678,121.0789076327992,111.00815281450137,False,max_epochs,748.6062602996826
rl4crn_rne_oscillator_trace_8rxn_stop_risksched085to09_lr1e4_entropy005_s4_c1_rnetol_d256_depth3_p20,seed185,185,169,16900,100,16,111.53101738570784,120.13585640833946,111.00815281450137,False,max_epochs,753.3356227874756
rl4crn_rne_oscillator_trace_8rxn_stop_risksched085to09_lr1e4_entropy005_s4_c1_rnetol_d256_depth3_p20,seed185,185,170,17000,100,16,111.09003265172308,118.0875876682106,111.00815281450137,False,max_epochs,758.4824631214142
rl4crn_rne_oscillator_trace_8rxn_stop_risksched085to09_lr1e4_entropy005_s4_c1_rnetol_d256_depth3_p20,seed185,185,171,17100,100,16,111.32379461280621,117.93071733338851,111.00815281450137,False,max_epochs,763.3930554389954
rl4crn_rne_oscillator_trace_8rxn_stop_risksched085to09_lr1e4_entropy005_s4_c1_rnetol_d256_depth3_p20,seed185,185,172,17200,100,16,111.29145658677963,115.20959176944976,111.00815281450137,False,max_epochs,768.1675922870636
rl4crn_rne_oscillator_trace_8rxn_stop_risksched085to09_lr1e4_entropy005_s4_c1_rnetol_d256_depth3_p20,seed185,185,173,17300,100,16,111.27172205025566,117.77875033727096,111.00815281450137,False,max_epochs,772.7382485866547
rl4crn_rne_oscillator_trace_8rxn_stop_risksched085to09_lr1e4_entropy005_s4_c1_rnetol_d256_depth3_p20,seed185,185,174,17400,100,16,111.12820193669027,123.73548260234486,111.00815281450137,False,max_epochs,775.7863070964813
rl4crn_rne_oscillator_trace_8rxn_stop_risksched085to09_lr1e4_entropy005_s4_c1_rnetol_d256_depth3_p20,seed185,185,175,17500,100,16,110.95205519278386,117.02404176126173,110.95205519278386,False,max_epochs,779.1030831336975
rl4crn_rne_oscillator_trace_8rxn_stop_risksched085to09_lr1e4_entropy005_s4_c1_rnetol_d256_depth3_p20,seed185,185,176,17600,100,16,111.15167919278323,117.26616569653186,110.95205519278386,False,max_epochs,784.3279221057892
rl4crn_rne_oscillator_trace_8rxn_stop_risksched085to09_lr1e4_entropy005_s4_c1_rnetol_d256_depth3_p20,seed185,185,177,17700,100,16,110.97780922095296,118.45910379278558,110.95205519278386,False,max_epochs,789.23295378685
rl4crn_rne_oscillator_trace_8rxn_stop_risksched085to09_lr1e4_entropy005_s4_c1_rnetol_d256_depth3_p20,seed185,185,178,17800,100,16,111.1401225730472,116.93047586436839,110.95205519278386,False,max_epochs,794.3084585666656
rl4crn_rne_oscillator_trace_8rxn_stop_risksched085to09_lr1e4_entropy005_s4_c1_rnetol_d256_depth3_p20,seed185,185,179,17900,100,16,111.16857779918284,115.80232254447131,110.95205519278386,False,max_epochs,799.2244701385498
rl4crn_rne_oscillator_trace_8rxn_stop_risksched085to09_lr1e4_entropy005_s4_c1_rnetol_d256_depth3_p20,seed185,185,180,18000,100,16,111.37526104493995,114.23953317617926,110.95205519278386,False,max_epochs,804.1691482067108
rl4crn_rne_oscillator_trace_8rxn_stop_risksched085to09_lr1e4_entropy005_s4_c1_rnetol_d256_depth3_p20,seed185,185,181,18100,100,16,111.03105580032774,116.706129983803,110.95205519278386,False,max_epochs,808.9592733383179
rl4crn_rne_oscillator_trace_8rxn_stop_risksched085to09_lr1e4_entropy005_s4_c1_rnetol_d256_depth3_p20,seed185,185,182,18200,100,16,111.26935652402685,118.68260083440259,110.95205519278386,False,max_epochs,813.3460347652435
rl4crn_rne_oscillator_trace_8rxn_stop_risksched085to09_lr1e4_entropy005_s4_c1_rnetol_d256_depth3_p20,seed185,185,183,18300,100,16,111.0544325883924,116.13451817257307,110.95205519278386,False,max_epochs,817.9317471981049
rl4crn_rne_oscillator_trace_8rxn_stop_risksched085to09_lr1e4_entropy005_s4_c1_rnetol_d256_depth3_p20,seed185,185,184,18400,100,16,110.98682687617597,118.09517776413995,110.95205519278386,False,max_epochs,820.0861666202545
rl4crn_rne_oscillator_trace_8rxn_stop_risksched085to09_lr1e4_entropy005_s4_c1_rnetol_d256_depth3_p20,seed185,185,185,18500,100,16,111.23319765038379,119.47486507118708,110.95205519278386,False,max_epochs,824.6522748470306
rl4crn_rne_oscillator_trace_8rxn_stop_risksched085to09_lr1e4_entropy005_s4_c1_rnetol_d256_depth3_p20,seed185,185,186,18600,100,16,111.59333190269912,118.04187414703767,110.95205519278386,False,max_epochs,829.9925918579102
rl4crn_rne_oscillator_trace_8rxn_stop_risksched085to09_lr1e4_entropy005_s4_c1_rnetol_d256_depth3_p20,seed185,185,187,18700,100,16,111.14638901477093,118.09354703261724,110.95205519278386,False,max_epochs,834.8676800727844
rl4crn_rne_oscillator_trace_8rxn_stop_risksched085to09_lr1e4_entropy005_s4_c1_rnetol_d256_depth3_p20,seed185,185,188,18800,100,16,111.23378053412299,118.01947515277783,110.95205519278386,False,max_epochs,839.8144240379333
rl4crn_rne_oscillator_trace_8rxn_stop_risksched085to09_lr1e4_entropy005_s4_c1_rnetol_d256_depth3_p20,seed185,185,189,18900,100,16,111.0027951696376,124.02654407341858,110.95205519278386,False,max_epochs,844.7718741893768
rl4crn_rne_oscillator_trace_8rxn_stop_risksched085to09_lr1e4_entropy005_s4_c1_rnetol_d256_depth3_p20,seed185,185,190,19000,100,16,111.05177901341757,115.99664837958983,110.95205519278386,False,max_epochs,849.7792572975159
rl4crn_rne_oscillator_trace_8rxn_stop_risksched085to09_lr1e4_entropy005_s4_c1_rnetol_d256_depth3_p20,seed185,185,191,19100,100,16,111.28005939423693,120.18636630616102,110.95205519278386,False,max_epochs,854.5789403915405
rl4crn_rne_oscillator_trace_8rxn_stop_risksched085to09_lr1e4_entropy005_s4_c1_rnetol_d256_depth3_p20,seed185,185,192,19200,100,16,111.08697250644673,118.4856293385793,110.95205519278386,False,max_epochs,859.1447277069092
rl4crn_rne_oscillator_trace_8rxn_stop_risksched085to09_lr1e4_entropy005_s4_c1_rnetol_d256_depth3_p20,seed185,185,193,19300,100,16,111.07444870799627,115.9399842962686,110.95205519278386,False,max_epochs,863.7890386581421
rl4crn_rne_oscillator_trace_8rxn_stop_risksched085to09_lr1e4_entropy005_s4_c1_rnetol_d256_depth3_p20,seed185,185,194,19400,100,16,111.16758776226455,114.6169943865462,110.95205519278386,False,max_epochs,866.2052416801453
rl4crn_rne_oscillator_trace_8rxn_stop_risksched085to09_lr1e4_entropy005_s4_c1_rnetol_d256_depth3_p20,seed185,185,195,19500,100,16,111.28860716079828,116.54791288255265,110.95205519278386,False,max_epochs,870.5193753242493
rl4crn_rne_oscillator_trace_8rxn_stop_risksched085to09_lr1e4_entropy005_s4_c1_rnetol_d256_depth3_p20,seed185,185,196,19600,100,16,110.99881663538281,118.90058316402849,110.95205519278386,False,max_epochs,875.4153478145599
rl4crn_rne_oscillator_trace_8rxn_stop_risksched085to09_lr1e4_entropy005_s4_c1_rnetol_d256_depth3_p20,seed185,185,197,19700,100,16,110.98082108525352,117.49493956842137,110.95205519278386,False,max_epochs,879.902028799057
rl4crn_rne_oscillator_trace_8rxn_stop_risksched085to09_lr1e4_entropy005_s4_c1_rnetol_d256_depth3_p20,seed185,185,198,19800,100,16,111.09442799501505,120.31362006118621,110.95205519278386,False,max_epochs,884.5717878341675
rl4crn_rne_oscillator_trace_8rxn_stop_risksched085to09_lr1e4_entropy005_s4_c1_rnetol_d256_depth3_p20,seed185,185,199,19900,100,16,111.04906593283151,117.52414278705714,110.95205519278386,False,max_epochs,888.9371652603149
rl4crn_rne_oscillator_trace_8rxn_stop_risksched085to09_lr1e4_entropy005_s4_c1_rnetol_d256_depth3_p20,seed185,185,200,20000,100,16,111.03888309969823,113.95992720833164,110.95205519278386,False,max_epochs,890.9583673477173
rl4crn_rne_oscillator_trace_8rxn_stop_risksched085to09_lr1e4_entropy005_s4_c1_rnetol_d256_depth3_p20,seed185,185,201,20100,100,16,110.91633761216464,114.41331297529015,110.91633761216464,False,max_epochs,895.4213576316833
rl4crn_rne_oscillator_trace_8rxn_stop_risksched085to09_lr1e4_entropy005_s4_c1_rnetol_d256_depth3_p20,seed185,185,202,20200,100,16,111.15760744992637,115.27900424505809,110.91633761216464,False,max_epochs,900.1122269630432
rl4crn_rne_oscillator_trace_8rxn_stop_risksched085to09_lr1e4_entropy005_s4_c1_rnetol_d256_depth3_p20,seed185,185,203,20300,100,16,111.22686536688155,122.52197791608378,110.91633761216464,False,max_epochs,904.8950247764587
rl4crn_rne_oscillator_trace_8rxn_stop_risksched085to09_lr1e4_entropy005_s4_c1_rnetol_d256_depth3_p20,seed185,185,204,20400,100,16,111.02504891283662,114.81700942799127,110.91633761216464,False,max_epochs,909.1525981426239
rl4crn_rne_oscillator_trace_8rxn_stop_risksched085to09_lr1e4_entropy005_s4_c1_rnetol_d256_depth3_p20,seed185,185,205,20500,100,16,111.07365746437804,118.72492623062686,110.91633761216464,False,max_epochs,913.8159809112549
rl4crn_rne_oscillator_trace_8rxn_stop_risksched085to09_lr1e4_entropy005_s4_c1_rnetol_d256_depth3_p20,seed185,185,206,20600,100,16,111.09587343089252,117.72897537263057,110.91633761216464,False,max_epochs,917.0648968219757
rl4crn_rne_oscillator_trace_8rxn_stop_risksched085to09_lr1e4_entropy005_s4_c1_rnetol_d256_depth3_p20,seed185,185,207,20700,100,16,111.42000542123887,119.8196654819163,110.91633761216464,False,max_epochs,920.3405826091766
rl4crn_rne_oscillator_trace_8rxn_stop_risksched085to09_lr1e4_entropy005_s4_c1_rnetol_d256_depth3_p20,seed185,185,208,20800,100,16,111.18486048593451,119.89658690532568,110.91633761216464,False,max_epochs,925.1791319847107
rl4crn_rne_oscillator_trace_8rxn_stop_risksched085to09_lr1e4_entropy005_s4_c1_rnetol_d256_depth3_p20,seed185,185,209,20900,100,16,110.99874176185348,116.68800584803435,110.91633761216464,False,max_epochs,930.0006263256073
rl4crn_rne_oscillator_trace_8rxn_stop_risksched085to09_lr1e4_entropy005_s4_c1_rnetol_d256_depth3_p20,seed185,185,210,21000,100,16,111.22190270097842,115.0250038107153,110.91633761216464,False,max_epochs,934.8025298118591
rl4crn_rne_oscillator_trace_8rxn_stop_risksched085to09_lr1e4_entropy005_s4_c1_rnetol_d256_depth3_p20,seed185,185,211,21100,100,16,111.07948235869712,115.84767782763457,110.91633761216464,False,max_epochs,939.3331487178802
rl4crn_rne_oscillator_trace_8rxn_stop_risksched085to09_lr1e4_entropy005_s4_c1_rnetol_d256_depth3_p20,seed185,185,212,21200,100,16,111.18826400583733,119.29344102215148,110.91633761216464,False,max_epochs,943.7234439849854
rl4crn_rne_oscillator_trace_8rxn_stop_risksched085to09_lr1e4_entropy005_s4_c1_rnetol_d256_depth3_p20,seed185,185,213,21300,100,16,110.9902009165286,119.42492693545114,110.91633761216464,False,max_epochs,945.7930555343628
rl4crn_rne_oscillator_trace_8rxn_stop_risksched085to09_lr1e4_entropy005_s4_c1_rnetol_d256_depth3_p20,seed185,185,214,21400,100,16,111.0175260213022,119.62559347237533,110.91633761216464,False,max_epochs,950.7172360420227
rl4crn_rne_oscillator_trace_8rxn_stop_risksched085to09_lr1e4_entropy005_s4_c1_rnetol_d256_depth3_p20,seed185,185,215,21500,100,16,111.12830295579253,118.43755310283007,110.91633761216464,False,max_epochs,955.411926984787
rl4crn_rne_oscillator_trace_8rxn_stop_risksched085to09_lr1e4_entropy005_s4_c1_rnetol_d256_depth3_p20,seed185,185,216,21600,100,16,110.92837554932363,116.84443373586318,110.91633761216464,False,max_epochs,960.1633565425873
rl4crn_rne_oscillator_trace_8rxn_stop_risksched085to09_lr1e4_entropy005_s4_c1_rnetol_d256_depth3_p20,seed185,185,217,21700,100,16,111.28305703538464,115.5357914425787,110.91633761216464,False,max_epochs,965.0760498046875
rl4crn_rne_oscillator_trace_8rxn_stop_risksched085to09_lr1e4_entropy005_s4_c1_rnetol_d256_depth3_p20,seed185,185,218,21800,100,16,111.27999713494941,119.25296255289234,110.91633761216464,False,max_epochs,969.7106354236603
rl4crn_rne_oscillator_trace_8rxn_stop_risksched085to09_lr1e4_entropy005_s4_c1_rnetol_d256_depth3_p20,seed185,185,219,21900,100,16,111.15643999814444,115.89393090258432,110.91633761216464,False,max_epochs,974.3518748283386
rl4crn_rne_oscillator_trace_8rxn_stop_risksched085to09_lr1e4_entropy005_s4_c1_rnetol_d256_depth3_p20,seed185,185,220,22000,100,16,111.4180370581314,119.23576239283135,110.91633761216464,False,max_epochs,976.439612865448
rl4crn_rne_oscillator_trace_8rxn_stop_risksched085to09_lr1e4_entropy005_s4_c1_rnetol_d256_depth3_p20,seed185,185,221,22100,100,16,111.20763259847095,118.9940882876908,110.91633761216464,False,max_epochs,980.9332954883575
rl4crn_rne_oscillator_trace_8rxn_stop_risksched085to09_lr1e4_entropy005_s4_c1_rnetol_d256_depth3_p20,seed185,185,222,22200,100,16,111.16763033118718,118.27210124039783,110.91633761216464,False,max_epochs,985.8431353569031
rl4crn_rne_oscillator_trace_8rxn_stop_risksched085to09_lr1e4_entropy005_s4_c1_rnetol_d256_depth3_p20,seed185,185,223,22300,100,16,111.31929970214802,116.66774641370232,110.91633761216464,False,max_epochs,990.9406273365021
rl4crn_rne_oscillator_trace_8rxn_stop_risksched085to09_lr1e4_entropy005_s4_c1_rnetol_d256_depth3_p20,seed185,185,224,22400,100,16,111.15834596660427,117.75123875523072,110.91633761216464,False,max_epochs,995.3248872756958
rl4crn_rne_oscillator_trace_8rxn_stop_risksched085to09_lr1e4_entropy005_s4_c1_rnetol_d256_depth3_p20,seed185,185,225,22500,100,16,110.98753453356275,118.51371251838995,110.91633761216464,False,max_epochs,999.9973492622375
rl4crn_rne_oscillator_trace_8rxn_stop_risksched085to09_lr1e4_entropy005_s4_c1_rnetol_d256_depth3_p20,seed185,185,226,22600,100,16,111.26381336770014,119.32715739642056,110.91633761216464,False,max_epochs,1002.6472206115723
rl4crn_rne_oscillator_trace_8rxn_stop_risksched085to09_lr1e4_entropy005_s4_c1_rnetol_d256_depth3_p20,seed185,185,227,22700,100,16,110.98556851320785,117.43450170028002,110.91633761216464,False,max_epochs,1006.4327824115753
rl4crn_rne_oscillator_trace_8rxn_stop_risksched085to09_lr1e4_entropy005_s4_c1_rnetol_d256_depth3_p20,seed185,185,228,22800,100,16,111.75221779627059,119.0281635640655,110.91633761216464,False,max_epochs,1011.8788864612579
rl4crn_rne_oscillator_trace_8rxn_stop_risksched085to09_lr1e4_entropy005_s4_c1_rnetol_d256_depth3_p20,seed185,185,229,22900,100,16,111.3754810208969,123.42076983926728,110.91633761216464,False,max_epochs,1016.6140086650848
rl4crn_rne_oscillator_trace_8rxn_stop_risksched085to09_lr1e4_entropy005_s4_c1_rnetol_d256_depth3_p20,seed185,185,230,23000,100,16,111.78998875194793,117.10166967532115,110.91633761216464,False,max_epochs,1021.7403464317322
rl4crn_rne_oscillator_trace_8rxn_stop_risksched085to09_lr1e4_entropy005_s4_c1_rnetol_d256_depth3_p20,seed185,185,231,23100,100,16,111.05277683173648,117.87075491340775,110.91633761216464,False,max_epochs,1026.7470467090607
rl4crn_rne_oscillator_trace_8rxn_stop_risksched085to09_lr1e4_entropy005_s4_c1_rnetol_d256_depth3_p20,seed185,185,232,23200,100,16,111.36970296977911,122.83607526278595,110.91633761216464,False,max_epochs,1031.559410572052
rl4crn_rne_oscillator_trace_8rxn_stop_risksched085to09_lr1e4_entropy005_s4_c1_rnetol_d256_depth3_p20,seed185,185,233,23300,100,16,111.0393081990253,118.40213639274083,110.91633761216464,False,max_epochs,1036.1093127727509
rl4crn_rne_oscillator_trace_8rxn_stop_risksched085to09_lr1e4_entropy005_s4_c1_rnetol_d256_depth3_p20,seed185,185,234,23400,100,16,111.27816251050905,117.46198846417113,110.91633761216464,False,max_epochs,1041.6387219429016
rl4crn_rne_oscillator_trace_8rxn_stop_risksched085to09_lr1e4_entropy005_s4_c1_rnetol_d256_depth3_p20,seed185,185,235,23500,100,16,111.03768011542057,117.26437141201878,110.91633761216464,False,max_epochs,1046.5202741622925
rl4crn_rne_oscillator_trace_8rxn_stop_risksched085to09_lr1e4_entropy005_s4_c1_rnetol_d256_depth3_p20,seed185,185,236,23600,100,16,110.97698972439947,121.43395506386312,110.91633761216464,False,max_epochs,1051.5085816383362
rl4crn_rne_oscillator_trace_8rxn_stop_risksched085to09_lr1e4_entropy005_s4_c1_rnetol_d256_depth3_p20,seed185,185,237,23700,100,16,111.2185460311222,122.60650590196451,110.91633761216464,False,max_epochs,1056.437270641327
rl4crn_rne_oscillator_trace_8rxn_stop_risksched085to09_lr1e4_entropy005_s4_c1_rnetol_d256_depth3_p20,seed185,185,238,23800,100,16,111.11564489082468,116.1530184977002,110.91633761216464,False,max_epochs,1061.8379418849945
rl4crn_rne_oscillator_trace_8rxn_stop_risksched085to09_lr1e4_entropy005_s4_c1_rnetol_d256_depth3_p20,seed185,185,239,23900,100,16,111.09545853692886,120.08379312862277,110.91633761216464,False,max_epochs,1066.6871645450592
rl4crn_rne_oscillator_trace_8rxn_stop_risksched085to09_lr1e4_entropy005_s4_c1_rnetol_d256_depth3_p20,seed185,185,240,24000,100,16,110.96552105025636,122.70792964996082,110.91633761216464,False,max_epochs,1071.8143546581268
rl4crn_rne_oscillator_trace_8rxn_stop_risksched085to09_lr1e4_entropy005_s4_c1_rnetol_d256_depth3_p20,seed185,185,241,24100,100,16,111.10229953693437,117.01811567912176,110.91633761216464,False,max_epochs,1076.7322618961334
rl4crn_rne_oscillator_trace_8rxn_stop_risksched085to09_lr1e4_entropy005_s4_c1_rnetol_d256_depth3_p20,seed185,185,242,24200,100,16,111.14457589373356,115.47366826091084,110.91633761216464,False,max_epochs,1081.13085603714
rl4crn_rne_oscillator_trace_8rxn_stop_risksched085to09_lr1e4_entropy005_s4_c1_rnetol_d256_depth3_p20,seed185,185,243,24300,100,16,111.14527907932141,116.19133947409554,110.91633761216464,False,max_epochs,1085.8509712219238
rl4crn_rne_oscillator_trace_8rxn_stop_risksched085to09_lr1e4_entropy005_s4_c1_rnetol_d256_depth3_p20,seed185,185,244,24400,100,16,111.03229322228098,115.76156669230551,110.91633761216464,False,max_epochs,1088.0693278312683
rl4crn_rne_oscillator_trace_8rxn_stop_risksched085to09_lr1e4_entropy005_s4_c1_rnetol_d256_depth3_p20,seed185,185,245,24500,100,16,111.15229455307771,116.38668447631034,110.91633761216464,False,max_epochs,1092.5704929828644
rl4crn_rne_oscillator_trace_8rxn_stop_risksched085to09_lr1e4_entropy005_s4_c1_rnetol_d256_depth3_p20,seed185,185,246,24600,100,16,111.31000581977291,118.22299396800511,110.91633761216464,False,max_epochs,1097.1744441986084
rl4crn_rne_oscillator_trace_8rxn_stop_risksched085to09_lr1e4_entropy005_s4_c1_rnetol_d256_depth3_p20,seed185,185,247,24700,100,16,111.12577429365038,116.60177432043756,110.91633761216464,False,max_epochs,1101.8264698982239
rl4crn_rne_oscillator_trace_8rxn_stop_risksched085to09_lr1e4_entropy005_s4_c1_rnetol_d256_depth3_p20,seed185,185,248,24800,100,16,111.10487484948587,118.83036259171462,110.91633761216464,False,max_epochs,1106.8167703151703
rl4crn_rne_oscillator_trace_8rxn_stop_risksched085to09_lr1e4_entropy005_s4_c1_rnetol_d256_depth3_p20,seed185,185,249,24900,100,16,111.0426282918082,118.57126803407118,110.91633761216464,False,max_epochs,1111.3461372852325
rl4crn_rne_oscillator_trace_8rxn_stop_risksched085to09_lr1e4_entropy005_s4_c1_rnetol_d256_depth3_p20,seed185,185,250,25000,100,16,111.0172004789787,114.12038640402616,110.91633761216464,False,max_epochs,1113.5863139629364
rl4crn_rne_oscillator_trace_8rxn_stop_risksched085to09_lr1e4_entropy005_s4_c1_rnetol_d256_depth3_p20,seed185,185,251,25100,100,16,110.91931610789062,120.89313908770916,110.91633761216464,False,max_epochs,1118.1187999248505
rl4crn_rne_oscillator_trace_8rxn_stop_risksched085to09_lr1e4_entropy005_s4_c1_rnetol_d256_depth3_p20,seed185,185,252,25200,100,16,111.00402518820908,115.50356655354628,110.91633761216464,False,max_epochs,1122.7666454315186
rl4crn_rne_oscillator_trace_8rxn_stop_risksched085to09_lr1e4_entropy005_s4_c1_rnetol_d256_depth3_p20,seed185,185,253,25300,100,16,111.05869682770238,117.14002454514244,110.91633761216464,False,max_epochs,1127.4047601222992
rl4crn_rne_oscillator_trace_8rxn_stop_risksched085to09_lr1e4_entropy005_s4_c1_rnetol_d256_depth3_p20,seed185,185,254,25400,100,16,111.10886044642865,118.97715265273399,110.91633761216464,False,max_epochs,1133.2593219280243
rl4crn_rne_oscillator_trace_8rxn_stop_risksched085to09_lr1e4_entropy005_s4_c1_rnetol_d256_depth3_p20,seed185,185,255,25500,100,16,111.40432964398812,117.19833826323594,110.91633761216464,False,max_epochs,1137.6895697116852
rl4crn_rne_oscillator_trace_8rxn_stop_risksched085to09_lr1e4_entropy005_s4_c1_rnetol_d256_depth3_p20,seed185,185,256,25600,100,16,110.88904963228015,119.46206917664998,110.88904963228015,False,max_epochs,1142.1850588321686
rl4crn_rne_oscillator_trace_8rxn_stop_risksched085to09_lr1e4_entropy005_s4_c1_rnetol_d256_depth3_p20,seed185,185,257,25700,100,16,111.25492185159386,121.825514656484,110.88904963228015,False,max_epochs,1146.7849864959717
rl4crn_rne_oscillator_trace_8rxn_stop_risksched085to09_lr1e4_entropy005_s4_c1_rnetol_d256_depth3_p20,seed185,185,258,25800,100,16,111.2681878193243,123.54133689726139,110.88904963228015,False,max_epochs,1149.0454869270325
rl4crn_rne_oscillator_trace_8rxn_stop_risksched085to09_lr1e4_entropy005_s4_c1_rnetol_d256_depth3_p20,seed185,185,259,25900,100,16,111.1665120132458,120.52213657739088,110.88904963228015,False,max_epochs,1153.437511920929
rl4crn_rne_oscillator_trace_8rxn_stop_risksched085to09_lr1e4_entropy005_s4_c1_rnetol_d256_depth3_p20,seed185,185,260,26000,100,16,110.89558578092024,114.62888713428922,110.88904963228015,False,max_epochs,1158.2805948257446
rl4crn_rne_oscillator_trace_8rxn_stop_risksched085to09_lr1e4_entropy005_s4_c1_rnetol_d256_depth3_p20,seed185,185,261,26100,100,16,111.11819410557152,119.88832248468671,110.88904963228015,False,max_epochs,1163.397857427597
rl4crn_rne_oscillator_trace_8rxn_stop_risksched085to09_lr1e4_entropy005_s4_c1_rnetol_d256_depth3_p20,seed185,185,262,26200,100,16,111.22726051118858,115.83634902410887,110.88904963228015,False,max_epochs,1168.5469253063202
rl4crn_rne_oscillator_trace_8rxn_stop_risksched085to09_lr1e4_entropy005_s4_c1_rnetol_d256_depth3_p20,seed185,185,263,26300,100,16,111.08709977576024,117.36266383601108,110.88904963228015,False,max_epochs,1173.4033389091492
rl4crn_rne_oscillator_trace_8rxn_stop_risksched085to09_lr1e4_entropy005_s4_c1_rnetol_d256_depth3_p20,seed185,185,264,26400,100,16,111.18760207745586,117.01492516135761,110.88904963228015,False,max_epochs,1178.2344279289246
rl4crn_rne_oscillator_trace_8rxn_stop_risksched085to09_lr1e4_entropy005_s4_c1_rnetol_d256_depth3_p20,seed185,185,265,26500,100,16,111.1523094409863,116.34490543917141,110.88904963228015,False,max_epochs,1182.8457281589508
rl4crn_rne_oscillator_trace_8rxn_stop_risksched085to09_lr1e4_entropy005_s4_c1_rnetol_d256_depth3_p20,seed185,185,266,26600,100,16,110.93758253110332,118.78671376333924,110.88904963228015,False,max_epochs,1187.4295744895935
rl4crn_rne_oscillator_trace_8rxn_stop_risksched085to09_lr1e4_entropy005_s4_c1_rnetol_d256_depth3_p20,seed185,185,267,26700,100,16,111.07201317749794,118.66370356115645,110.88904963228015,False,max_epochs,1189.5844056606293
rl4crn_rne_oscillator_trace_8rxn_stop_risksched085to09_lr1e4_entropy005_s4_c1_rnetol_d256_depth3_p20,seed185,185,268,26800,100,16,111.08898747486214,119.71485084939438,110.88904963228015,False,max_epochs,1194.1903448104858
rl4crn_rne_oscillator_trace_8rxn_stop_risksched085to09_lr1e4_entropy005_s4_c1_rnetol_d256_depth3_p20,seed185,185,269,26900,100,16,111.22957225413337,122.27663585894214,110.88904963228015,False,max_epochs,1198.912962436676
rl4crn_rne_oscillator_trace_8rxn_stop_risksched085to09_lr1e4_entropy005_s4_c1_rnetol_d256_depth3_p20,seed185,185,270,27000,100,16,111.93569109048897,129.0870597171845,110.88904963228015,False,max_epochs,1203.7753567695618
rl4crn_rne_oscillator_trace_8rxn_stop_risksched085to09_lr1e4_entropy005_s4_c1_rnetol_d256_depth3_p20,seed185,185,271,27100,100,16,111.1035629838967,122.46461095190227,110.88904963228015,False,max_epochs,1208.2024211883545
rl4crn_rne_oscillator_trace_8rxn_stop_risksched085to09_lr1e4_entropy005_s4_c1_rnetol_d256_depth3_p20,seed185,185,272,27200,100,16,111.37176951667887,118.89118847135592,110.88904963228015,False,max_epochs,1212.589762210846
rl4crn_rne_oscillator_trace_8rxn_stop_risksched085to09_lr1e4_entropy005_s4_c1_rnetol_d256_depth3_p20,seed185,185,273,27300,100,16,110.97468340334288,119.97270307823061,110.88904963228015,False,max_epochs,1214.6564633846283
rl4crn_rne_oscillator_trace_8rxn_stop_risksched085to09_lr1e4_entropy005_s4_c1_rnetol_d256_depth3_p20,seed185,185,274,27400,100,16,111.25834721004605,119.8808102324108,110.88904963228015,False,max_epochs,1219.5980250835419
rl4crn_rne_oscillator_trace_8rxn_stop_risksched085to09_lr1e4_entropy005_s4_c1_rnetol_d256_depth3_p20,seed185,185,275,27500,100,16,111.62301214556118,117.61769786174823,110.88904963228015,False,max_epochs,1224.361577987671
rl4crn_rne_oscillator_trace_8rxn_stop_risksched085to09_lr1e4_entropy005_s4_c1_rnetol_d256_depth3_p20,seed185,185,276,27600,100,16,111.38428288276367,117.53795809232699,110.88904963228015,False,max_epochs,1228.9967858791351
rl4crn_rne_oscillator_trace_8rxn_stop_risksched085to09_lr1e4_entropy005_s4_c1_rnetol_d256_depth3_p20,seed185,185,277,27700,100,16,111.66754614534011,117.54679814204555,110.88904963228015,False,max_epochs,1233.9015154838562
rl4crn_rne_oscillator_trace_8rxn_stop_risksched085to09_lr1e4_entropy005_s4_c1_rnetol_d256_depth3_p20,seed185,185,278,27800,100,16,111.34015016254878,118.39669873075815,110.88904963228015,False,max_epochs,1238.9117662906647
rl4crn_rne_oscillator_trace_8rxn_stop_risksched085to09_lr1e4_entropy005_s4_c1_rnetol_d256_depth3_p20,seed185,185,279,27900,100,16,111.41190062395741,118.98250079774154,110.88904963228015,False,max_epochs,1243.4396505355835
rl4crn_rne_oscillator_trace_8rxn_stop_risksched085to09_lr1e4_entropy005_s4_c1_rnetol_d256_depth3_p20,seed185,185,280,28000,100,16,111.034065211569,119.05405771910826,110.88904963228015,False,max_epochs,1247.845797777176
rl4crn_rne_oscillator_trace_8rxn_stop_risksched085to09_lr1e4_entropy005_s4_c1_rnetol_d256_depth3_p20,seed185,185,281,28100,100,16,111.84171468103278,121.72835742985612,110.88904963228015,False,max_epochs,1252.2632474899292
rl4crn_rne_oscillator_trace_8rxn_stop_risksched085to09_lr1e4_entropy005_s4_c1_rnetol_d256_depth3_p20,seed185,185,282,28200,100,16,111.01536566289559,117.63726958403895,110.88904963228015,False,max_epochs,1254.7578258514404
rl4crn_rne_oscillator_trace_8rxn_stop_risksched085to09_lr1e4_entropy005_s4_c1_rnetol_d256_depth3_p20,seed185,185,283,28300,100,16,111.30924316157294,122.10613654103662,110.88904963228015,False,max_epochs,1259.3208103179932
rl4crn_rne_oscillator_trace_8rxn_stop_risksched085to09_lr1e4_entropy005_s4_c1_rnetol_d256_depth3_p20,seed185,185,284,28400,100,16,111.44542973439486,120.48529715086275,110.88904963228015,False,max_epochs,1263.6240379810333
rl4crn_rne_oscillator_trace_8rxn_stop_risksched085to09_lr1e4_entropy005_s4_c1_rnetol_d256_depth3_p20,seed185,185,285,28500,100,16,111.19208726039389,119.37322737328368,110.88904963228015,False,max_epochs,1268.5100049972534
rl4crn_rne_oscillator_trace_8rxn_stop_risksched085to09_lr1e4_entropy005_s4_c1_rnetol_d256_depth3_p20,seed185,185,286,28600,100,16,110.91839311248812,121.88841288596987,110.88904963228015,False,max_epochs,1273.1486723423004
rl4crn_rne_oscillator_trace_8rxn_stop_risksched085to09_lr1e4_entropy005_s4_c1_rnetol_d256_depth3_p20,seed185,185,287,28700,100,16,111.15135753715222,118.85989735957338,110.88904963228015,False,max_epochs,1275.2547430992126
rl4crn_rne_oscillator_trace_8rxn_stop_risksched085to09_lr1e4_entropy005_s4_c1_rnetol_d256_depth3_p20,seed185,185,288,28800,100,16,111.11306725296863,118.06471545923608,110.88904963228015,False,max_epochs,1279.6915242671967
rl4crn_rne_oscillator_trace_8rxn_stop_risksched085to09_lr1e4_entropy005_s4_c1_rnetol_d256_depth3_p20,seed185,185,289,28900,100,16,111.26350044953125,119.63380261985839,110.88904963228015,False,max_epochs,1284.504994392395
rl4crn_rne_oscillator_trace_8rxn_stop_risksched085to09_lr1e4_entropy005_s4_c1_rnetol_d256_depth3_p20,seed185,185,290,29000,100,16,111.06650185073786,128.84261432181552,110.88904963228015,False,max_epochs,1289.8838143348694
rl4crn_rne_oscillator_trace_8rxn_stop_risksched085to09_lr1e4_entropy005_s4_c1_rnetol_d256_depth3_p20,seed185,185,291,29100,100,16,111.18601487220695,119.29106121267775,110.88904963228015,False,max_epochs,1294.820151090622
rl4crn_rne_oscillator_trace_8rxn_stop_risksched085to09_lr1e4_entropy005_s4_c1_rnetol_d256_depth3_p20,seed185,185,292,29200,100,16,111.14722155762682,124.05343012668433,110.88904963228015,False,max_epochs,1299.5392138957977
rl4crn_rne_oscillator_trace_8rxn_stop_risksched085to09_lr1e4_entropy005_s4_c1_rnetol_d256_depth3_p20,seed185,185,293,29300,100,16,110.97768523165726,127.25033990597709,110.88904963228015,False,max_epochs,1304.5607500076294
rl4crn_rne_oscillator_trace_8rxn_stop_risksched085to09_lr1e4_entropy005_s4_c1_rnetol_d256_depth3_p20,seed185,185,294,29400,100,16,111.40271804809956,117.95284329387815,110.88904963228015,False,max_epochs,1309.9239366054535
rl4crn_rne_oscillator_trace_8rxn_stop_risksched085to09_lr1e4_entropy005_s4_c1_rnetol_d256_depth3_p20,seed185,185,295,29500,100,16,111.35716408601554,136.70591811622808,110.88904963228015,False,max_epochs,1315.0304822921753
rl4crn_rne_oscillator_trace_8rxn_stop_risksched085to09_lr1e4_entropy005_s4_c1_rnetol_d256_depth3_p20,seed185,185,296,29600,100,16,110.55700029579091,129.83049186124265,110.55700029579091,False,max_epochs,1319.82883310318
rl4crn_rne_oscillator_trace_8rxn_stop_risksched085to09_lr1e4_entropy005_s4_c1_rnetol_d256_depth3_p20,seed185,185,297,29700,100,16,111.25211600343302,133.59831638103822,110.55700029579091,False,max_epochs,1324.9095356464386
rl4crn_rne_oscillator_trace_8rxn_stop_risksched085to09_lr1e4_entropy005_s4_c1_rnetol_d256_depth3_p20,seed185,185,298,29800,100,16,111.32121220445765,128.07262378183387,110.55700029579091,False,max_epochs,1329.872041463852
rl4crn_rne_oscillator_trace_8rxn_stop_risksched085to09_lr1e4_entropy005_s4_c1_rnetol_d256_depth3_p20,seed185,185,299,29900,100,16,111.01199087488091,143.13708221066514,110.55700029579091,False,max_epochs,1334.6171355247498
rl4crn_rne_oscillator_trace_8rxn_stop_risksched085to09_lr1e4_entropy005_s4_c1_rnetol_d256_depth3_p20,seed185,185,300,30000,100,16,111.29908173589429,138.81242293282065,110.55700029579091,False,max_epochs,1339.173462152481
rl4crn_rne_oscillator_trace_8rxn_stop_risksched085to09_lr1e4_entropy005_s4_c1_rnetol_d256_depth3_p20,seed185,185,301,30100,100,16,111.21047105156143,141.6699469254259,110.55700029579091,False,max_epochs,1343.7083508968353
rl4crn_rne_oscillator_trace_8rxn_stop_risksched085to09_lr1e4_entropy005_s4_c1_rnetol_d256_depth3_p20,seed185,185,302,30200,100,16,110.98142710515674,144.68375454409312,110.55700029579091,False,max_epochs,1345.992571592331
rl4crn_rne_oscillator_trace_8rxn_stop_risksched085to09_lr1e4_entropy005_s4_c1_rnetol_d256_depth3_p20,seed185,185,303,30300,100,16,110.99613980925396,138.0228699062984,110.55700029579091,False,max_epochs,1350.4919996261597
rl4crn_rne_oscillator_trace_8rxn_stop_risksched085to09_lr1e4_entropy005_s4_c1_rnetol_d256_depth3_p20,seed185,185,304,30400,100,16,111.12731755684062,128.98606774600742,110.55700029579091,False,max_epochs,1355.212998867035
rl4crn_rne_oscillator_trace_8rxn_stop_risksched085to09_lr1e4_entropy005_s4_c1_rnetol_d256_depth3_p20,seed185,185,305,30500,100,16,111.06607504976643,142.67660613385092,110.55700029579091,False,max_epochs,1360.1826300621033
rl4crn_rne_oscillator_trace_8rxn_stop_risksched085to09_lr1e4_entropy005_s4_c1_rnetol_d256_depth3_p20,seed185,185,306,30600,100,16,111.08095327643701,145.0934314533539,110.55700029579091,False,max_epochs,1365.6708843708038
rl4crn_rne_oscillator_trace_8rxn_stop_risksched085to09_lr1e4_entropy005_s4_c1_rnetol_d256_depth3_p20,seed185,185,307,30700,100,16,111.25518465341715,145.20394495235215,110.55700029579091,False,max_epochs,1370.4321184158325
rl4crn_rne_oscillator_trace_8rxn_stop_risksched085to09_lr1e4_entropy005_s4_c1_rnetol_d256_depth3_p20,seed185,185,308,30800,100,16,110.90504340272996,142.92710510857927,110.55700029579091,False,max_epochs,1375.2367877960205
rl4crn_rne_oscillator_trace_8rxn_stop_risksched085to09_lr1e4_entropy005_s4_c1_rnetol_d256_depth3_p20,seed185,185,309,30900,100,16,111.41742945931422,125.81020837177692,110.55700029579091,False,max_epochs,1379.7156729698181
rl4crn_rne_oscillator_trace_8rxn_stop_risksched085to09_lr1e4_entropy005_s4_c1_rnetol_d256_depth3_p20,seed185,185,310,31000,100,16,111.10786472251267,143.7185370932298,110.55700029579091,False,max_epochs,1382.1243481636047
rl4crn_rne_oscillator_trace_8rxn_stop_risksched085to09_lr1e4_entropy005_s4_c1_rnetol_d256_depth3_p20,seed185,185,311,31100,100,16,111.63531556561371,145.12050168969247,110.55700029579091,False,max_epochs,1386.174451828003
rl4crn_rne_oscillator_trace_8rxn_stop_risksched085to09_lr1e4_entropy005_s4_c1_rnetol_d256_depth3_p20,seed185,185,312,31200,100,16,111.33734826932968,144.49887474315312,110.55700029579091,False,max_epochs,1390.964100599289
rl4crn_rne_oscillator_trace_8rxn_stop_risksched085to09_lr1e4_entropy005_s4_c1_rnetol_d256_depth3_p20,seed185,185,313,31300,100,16,111.42875665512962,138.66254255715558,110.55700029579091,False,max_epochs,1395.9333047866821
rl4crn_rne_oscillator_trace_8rxn_stop_risksched085to09_lr1e4_entropy005_s4_c1_rnetol_d256_depth3_p20,seed185,185,314,31400,100,16,111.54577693931401,139.57477903907602,110.55700029579091,False,max_epochs,1400.6682574748993
rl4crn_rne_oscillator_trace_8rxn_stop_risksched085to09_lr1e4_entropy005_s4_c1_rnetol_d256_depth3_p20,seed185,185,315,31500,100,16,111.49747187018302,135.01964547917618,110.55700029579091,False,max_epochs,1405.1822957992554
rl4crn_rne_oscillator_trace_8rxn_stop_risksched085to09_lr1e4_entropy005_s4_c1_rnetol_d256_depth3_p20,seed185,185,316,31600,100,16,111.29050761931587,142.63954101451066,110.55700029579091,False,max_epochs,1409.8671209812164
rl4crn_rne_oscillator_trace_8rxn_stop_risksched085to09_lr1e4_entropy005_s4_c1_rnetol_d256_depth3_p20,seed185,185,317,31700,100,16,111.60117323661322,133.92709177033203,110.55700029579091,False,max_epochs,1412.7742447853088
rl4crn_rne_oscillator_trace_8rxn_stop_risksched085to09_lr1e4_entropy005_s4_c1_rnetol_d256_depth3_p20,seed185,185,318,31800,100,16,111.4327462184717,145.0296741887435,110.55700029579091,False,max_epochs,1416.188242673874
rl4crn_rne_oscillator_trace_8rxn_stop_risksched085to09_lr1e4_entropy005_s4_c1_rnetol_d256_depth3_p20,seed185,185,319,31900,100,16,111.54766314345319,128.85039996648226,110.55700029579091,False,max_epochs,1421.4775505065918
rl4crn_rne_oscillator_trace_8rxn_stop_risksched085to09_lr1e4_entropy005_s4_c1_rnetol_d256_depth3_p20,seed185,185,320,32000,100,16,111.18443868582344,143.10796320211227,110.55700029579091,False,max_epochs,1426.2187416553497
rl4crn_rne_oscillator_trace_8rxn_stop_risksched085to09_lr1e4_entropy005_s4_c1_rnetol_d256_depth3_p20,seed185,185,321,32100,100,16,111.59185198747264,142.1245394351813,110.55700029579091,False,max_epochs,1431.520560503006
rl4crn_rne_oscillator_trace_8rxn_stop_risksched085to09_lr1e4_entropy005_s4_c1_rnetol_d256_depth3_p20,seed185,185,322,32200,100,16,111.54886357331101,130.9532066453241,110.55700029579091,False,max_epochs,1436.2207899093628
rl4crn_rne_oscillator_trace_8rxn_stop_risksched085to09_lr1e4_entropy005_s4_c1_rnetol_d256_depth3_p20,seed185,185,323,32300,100,16,111.1842656677222,128.31962663348403,110.55700029579091,False,max_epochs,1440.6835107803345
rl4crn_rne_oscillator_trace_8rxn_stop_risksched085to09_lr1e4_entropy005_s4_c1_rnetol_d256_depth3_p20,seed185,185,324,32400,100,16,111.19112255089374,129.46703861977215,110.55700029579091,False,max_epochs,1445.3114500045776
rl4crn_rne_oscillator_trace_8rxn_stop_risksched085to09_lr1e4_entropy005_s4_c1_rnetol_d256_depth3_p20,seed185,185,325,32500,100,16,111.13962810286533,127.47130764572032,110.55700029579091,False,max_epochs,1447.476995229721
rl4crn_rne_oscillator_trace_8rxn_stop_risksched085to09_lr1e4_entropy005_s4_c1_rnetol_d256_depth3_p20,seed185,185,326,32600,100,16,110.96657447962764,147.32952039096432,110.55700029579091,False,max_epochs,1451.8735001087189
rl4crn_rne_oscillator_trace_8rxn_stop_risksched085to09_lr1e4_entropy005_s4_c1_rnetol_d256_depth3_p20,seed185,185,327,32700,100,16,111.12611270239647,128.2281110028258,110.55700029579091,False,max_epochs,1456.3893723487854
rl4crn_rne_oscillator_trace_8rxn_stop_risksched085to09_lr1e4_entropy005_s4_c1_rnetol_d256_depth3_p20,seed185,185,328,32800,100,16,111.16081345283699,130.56251782986695,110.55700029579091,False,max_epochs,1461.2447328567505
rl4crn_rne_oscillator_trace_8rxn_stop_risksched085to09_lr1e4_entropy005_s4_c1_rnetol_d256_depth3_p20,seed185,185,329,32900,100,16,111.3326542703046,128.20574847620202,110.55700029579091,False,max_epochs,1465.7242484092712
rl4crn_rne_oscillator_trace_8rxn_stop_risksched085to09_lr1e4_entropy005_s4_c1_rnetol_d256_depth3_p20,seed185,185,330,33000,100,16,110.90624206781402,142.75997493680546,110.55700029579091,False,max_epochs,1470.4087142944336
rl4crn_rne_oscillator_trace_8rxn_stop_risksched085to09_lr1e4_entropy005_s4_c1_rnetol_d256_depth3_p20,seed185,185,331,33100,100,16,111.20133970747585,138.8155002041965,110.55700029579091,False,max_epochs,1472.6070022583008
rl4crn_rne_oscillator_trace_8rxn_stop_risksched085to09_lr1e4_entropy005_s4_c1_rnetol_d256_depth3_p20,seed185,185,332,33200,100,16,111.67372325096225,147.3915826650569,110.55700029579091,False,max_epochs,1477.1232769489288
rl4crn_rne_oscillator_trace_8rxn_stop_risksched085to09_lr1e4_entropy005_s4_c1_rnetol_d256_depth3_p20,seed185,185,333,33300,100,16,111.56912790766371,123.61623484609271,110.55700029579091,False,max_epochs,1481.992094039917
rl4crn_rne_oscillator_trace_8rxn_stop_risksched085to09_lr1e4_entropy005_s4_c1_rnetol_d256_depth3_p20,seed185,185,334,33400,100,16,111.17447519211761,140.8732991984267,110.55700029579091,False,max_epochs,1486.9314403533936
rl4crn_rne_oscillator_trace_8rxn_stop_risksched085to09_lr1e4_entropy005_s4_c1_rnetol_d256_depth3_p20,seed185,185,335,33500,100,16,111.31691061235338,137.87026738554823,110.55700029579091,False,max_epochs,1491.4880588054657
rl4crn_rne_oscillator_trace_8rxn_stop_risksched085to09_lr1e4_entropy005_s4_c1_rnetol_d256_depth3_p20,seed185,185,336,33600,100,16,110.69415927610092,143.21477820682964,110.55700029579091,False,max_epochs,1496.1491298675537
rl4crn_rne_oscillator_trace_8rxn_stop_risksched085to09_lr1e4_entropy005_s4_c1_rnetol_d256_depth3_p20,seed185,185,337,33700,100,16,108.61183023823813,139.1405695562324,108.61183023823813,False,max_epochs,1500.5069444179535
rl4crn_rne_oscillator_trace_8rxn_stop_risksched085to09_lr1e4_entropy005_s4_c1_rnetol_d256_depth3_p20,seed185,185,338,33800,100,16,112.12282390912945,147.08594394287513,108.61183023823813,False,max_epochs,1502.8069295883179
rl4crn_rne_oscillator_trace_8rxn_stop_risksched085to09_lr1e4_entropy005_s4_c1_rnetol_d256_depth3_p20,seed185,185,339,33900,100,16,110.18984994228714,144.90892627707439,108.61183023823813,False,max_epochs,1507.7262871265411
rl4crn_rne_oscillator_trace_8rxn_stop_risksched085to09_lr1e4_entropy005_s4_c1_rnetol_d256_depth3_p20,seed185,185,340,34000,100,16,110.8737419756945,141.6230394828641,108.61183023823813,False,max_epochs,1512.5957336425781
rl4crn_rne_oscillator_trace_8rxn_stop_risksched085to09_lr1e4_entropy005_s4_c1_rnetol_d256_depth3_p20,seed185,185,341,34100,100,16,110.72755894718446,142.9450190805469,108.61183023823813,False,max_epochs,1517.444295167923
rl4crn_rne_oscillator_trace_8rxn_stop_risksched085to09_lr1e4_entropy005_s4_c1_rnetol_d256_depth3_p20,seed185,185,342,34200,100,16,111.3004700571003,140.83732705725618,108.61183023823813,False,max_epochs,1522.5320453643799
rl4crn_rne_oscillator_trace_8rxn_stop_risksched085to09_lr1e4_entropy005_s4_c1_rnetol_d256_depth3_p20,seed185,185,343,34300,100,16,110.87162894782593,132.17031245872212,108.61183023823813,False,max_epochs,1527.7933163642883
rl4crn_rne_oscillator_trace_8rxn_stop_risksched085to09_lr1e4_entropy005_s4_c1_rnetol_d256_depth3_p20,seed185,185,344,34400,100,16,110.09520824732101,142.34255719652597,108.61183023823813,False,max_epochs,1532.7657399177551
rl4crn_rne_oscillator_trace_8rxn_stop_risksched085to09_lr1e4_entropy005_s4_c1_rnetol_d256_depth3_p20,seed185,185,345,34500,100,16,110.46486612754163,143.39446380548262,108.61183023823813,False,max_epochs,1538.2162046432495
rl4crn_rne_oscillator_trace_8rxn_stop_risksched085to09_lr1e4_entropy005_s4_c1_rnetol_d256_depth3_p20,seed185,185,346,34600,100,16,110.39271176182915,150.16263463909021,108.61183023823813,False,max_epochs,1543.2259912490845
rl4crn_rne_oscillator_trace_8rxn_stop_risksched085to09_lr1e4_entropy005_s4_c1_rnetol_d256_depth3_p20,seed185,185,347,34700,100,16,107.60861421965711,154.74305322488902,107.60861421965711,False,max_epochs,1548.0588879585266
rl4crn_rne_oscillator_trace_8rxn_stop_risksched085to09_lr1e4_entropy005_s4_c1_rnetol_d256_depth3_p20,seed185,185,348,34800,100,16,109.35158269526765,144.91298650370166,107.60861421965711,False,max_epochs,1552.9723150730133
rl4crn_rne_oscillator_trace_8rxn_stop_risksched085to09_lr1e4_entropy005_s4_c1_rnetol_d256_depth3_p20,seed185,185,349,34900,100,16,108.91177438109929,140.36842746431168,107.60861421965711,False,max_epochs,1558.3533136844635
rl4crn_rne_oscillator_trace_8rxn_stop_risksched085to09_lr1e4_entropy005_s4_c1_rnetol_d256_depth3_p20,seed185,185,350,35000,100,16,107.81199319941175,160.00352388063573,107.60861421965711,False,max_epochs,1563.444151878357
rl4crn_rne_oscillator_trace_8rxn_stop_risksched085to09_lr1e4_entropy005_s4_c1_rnetol_d256_depth3_p20,seed185,185,351,35100,100,16,110.20629179431732,168.66190349890695,107.60861421965711,False,max_epochs,1568.442526102066
rl4crn_rne_oscillator_trace_8rxn_stop_risksched085to09_lr1e4_entropy005_s4_c1_rnetol_d256_depth3_p20,seed185,185,352,35200,100,16,108.88046224816418,160.5897101606177,107.60861421965711,False,max_epochs,1573.709896326065
rl4crn_rne_oscillator_trace_8rxn_stop_risksched085to09_lr1e4_entropy005_s4_c1_rnetol_d256_depth3_p20,seed185,185,353,35300,100,16,111.19357708800464,171.03596477638916,107.60861421965711,False,max_epochs,1578.9419481754303
rl4crn_rne_oscillator_trace_8rxn_stop_risksched085to09_lr1e4_entropy005_s4_c1_rnetol_d256_depth3_p20,seed185,185,354,35400,100,16,106.38392314778466,172.92522441231438,106.38392314778466,False,max_epochs,1583.3709816932678
rl4crn_rne_oscillator_trace_8rxn_stop_risksched085to09_lr1e4_entropy005_s4_c1_rnetol_d256_depth3_p20,seed185,185,355,35500,100,16,107.28454172355221,145.5688824783459,106.38392314778466,False,max_epochs,1587.9149107933044
rl4crn_rne_oscillator_trace_8rxn_stop_risksched085to09_lr1e4_entropy005_s4_c1_rnetol_d256_depth3_p20,seed185,185,356,35600,100,16,106.4035121002721,139.33157888223943,106.38392314778466,False,max_epochs,1592.6815536022186
rl4crn_rne_oscillator_trace_8rxn_stop_risksched085to09_lr1e4_entropy005_s4_c1_rnetol_d256_depth3_p20,seed185,185,357,35700,100,16,106.41462908037468,140.33952437441832,106.38392314778466,False,max_epochs,1596.3433153629303
rl4crn_rne_oscillator_trace_8rxn_stop_risksched085to09_lr1e4_entropy005_s4_c1_rnetol_d256_depth3_p20,seed185,185,358,35800,100,16,106.57123541129856,142.19919851318508,106.38392314778466,False,max_epochs,1599.1089489459991
rl4crn_rne_oscillator_trace_8rxn_stop_risksched085to09_lr1e4_entropy005_s4_c1_rnetol_d256_depth3_p20,seed185,185,359,35900,100,16,106.40611337592833,132.62023441494608,106.38392314778466,False,max_epochs,1604.05544424057
rl4crn_rne_oscillator_trace_8rxn_stop_risksched085to09_lr1e4_entropy005_s4_c1_rnetol_d256_depth3_p20,seed185,185,360,36000,100,16,106.44187042582844,140.05061354469058,106.38392314778466,False,max_epochs,1608.646816253662
rl4crn_rne_oscillator_trace_8rxn_stop_risksched085to09_lr1e4_entropy005_s4_c1_rnetol_d256_depth3_p20,seed185,185,361,36100,100,16,106.06961522750574,137.47899073384343,106.06961522750574,False,max_epochs,1613.200845003128
rl4crn_rne_oscillator_trace_8rxn_stop_risksched085to09_lr1e4_entropy005_s4_c1_rnetol_d256_depth3_p20,seed185,185,362,36200,100,16,106.40652695374587,132.75295313128268,106.06961522750574,False,max_epochs,1617.8543281555176
rl4crn_rne_oscillator_trace_8rxn_stop_risksched085to09_lr1e4_entropy005_s4_c1_rnetol_d256_depth3_p20,seed185,185,363,36300,100,16,106.42493115158686,125.6219382336681,106.06961522750574,False,max_epochs,1620.0138454437256
rl4crn_rne_oscillator_trace_8rxn_stop_risksched085to09_lr1e4_entropy005_s4_c1_rnetol_d256_depth3_p20,seed185,185,364,36400,100,16,106.2227551732659,122.83306566224559,106.06961522750574,False,max_epochs,1624.4750752449036
rl4crn_rne_oscillator_trace_8rxn_stop_risksched085to09_lr1e4_entropy005_s4_c1_rnetol_d256_depth3_p20,seed185,185,365,36500,100,16,106.53399361513476,117.00426316633427,106.06961522750574,False,max_epochs,1629.5404391288757
rl4crn_rne_oscillator_trace_8rxn_stop_risksched085to09_lr1e4_entropy005_s4_c1_rnetol_d256_depth3_p20,seed185,185,366,36600,100,16,106.06470558120492,115.25328883162997,106.06470558120492,False,max_epochs,1634.3410818576813
rl4crn_rne_oscillator_trace_8rxn_stop_risksched085to09_lr1e4_entropy005_s4_c1_rnetol_d256_depth3_p20,seed185,185,367,36700,100,16,106.3304777764481,111.78141052516477,106.06470558120492,False,max_epochs,1639.110021829605
rl4crn_rne_oscillator_trace_8rxn_stop_risksched085to09_lr1e4_entropy005_s4_c1_rnetol_d256_depth3_p20,seed185,185,368,36800,100,16,106.16699681105571,113.6398740846958,106.06470558120492,False,max_epochs,1643.8986988067627
rl4crn_rne_oscillator_trace_8rxn_stop_risksched085to09_lr1e4_entropy005_s4_c1_rnetol_d256_depth3_p20,seed185,185,369,36900,100,16,105.81843302247883,109.89554495031658,105.81843302247883,False,max_epochs,1648.4204506874084
rl4crn_rne_oscillator_trace_8rxn_stop_risksched085to09_lr1e4_entropy005_s4_c1_rnetol_d256_depth3_p20,seed185,185,370,37000,100,16,106.17491857561005,111.5485578213934,105.81843302247883,False,max_epochs,1650.4811339378357
rl4crn_rne_oscillator_trace_8rxn_stop_risksched085to09_lr1e4_entropy005_s4_c1_rnetol_d256_depth3_p20,seed185,185,371,37100,100,16,106.02110844316265,113.40449141352829,105.81843302247883,False,max_epochs,1654.9119923114777
rl4crn_rne_oscillator_trace_8rxn_stop_risksched085to09_lr1e4_entropy005_s4_c1_rnetol_d256_depth3_p20,seed185,185,372,37200,100,16,105.9699206130496,113.34316764026536,105.81843302247883,False,max_epochs,1660.289805173874
rl4crn_rne_oscillator_trace_8rxn_stop_risksched085to09_lr1e4_entropy005_s4_c1_rnetol_d256_depth3_p20,seed185,185,373,37300,100,16,106.0095873288965,110.44950590204488,105.81843302247883,False,max_epochs,1665.0735569000244
rl4crn_rne_oscillator_trace_8rxn_stop_risksched085to09_lr1e4_entropy005_s4_c1_rnetol_d256_depth3_p20,seed185,185,374,37400,100,16,105.79013293499267,109.45160315089011,105.79013293499267,False,max_epochs,1669.8898923397064
rl4crn_rne_oscillator_trace_8rxn_stop_risksched085to09_lr1e4_entropy005_s4_c1_rnetol_d256_depth3_p20,seed185,185,375,37500,100,16,106.26814886929111,110.8959136126426,105.79013293499267,False,max_epochs,1674.952960729599
rl4crn_rne_oscillator_trace_8rxn_stop_risksched085to09_lr1e4_entropy005_s4_c1_rnetol_d256_depth3_p20,seed185,185,376,37600,100,16,106.76738254019328,116.24290993234594,105.79013293499267,False,max_epochs,1680.3316719532013
rl4crn_rne_oscillator_trace_8rxn_stop_risksched085to09_lr1e4_entropy005_s4_c1_rnetol_d256_depth3_p20,seed185,185,377,37700,100,16,105.90121617079693,123.71161788611599,105.79013293499267,False,max_epochs,1685.1002514362335
rl4crn_rne_oscillator_trace_8rxn_stop_risksched085to09_lr1e4_entropy005_s4_c1_rnetol_d256_depth3_p20,seed185,185,378,37800,100,16,106.34023535360517,124.68872751063986,105.79013293499267,False,max_epochs,1690.3177373409271
rl4crn_rne_oscillator_trace_8rxn_stop_risksched085to09_lr1e4_entropy005_s4_c1_rnetol_d256_depth3_p20,seed185,185,379,37900,100,16,106.04464594226064,113.3444262654707,105.79013293499267,False,max_epochs,1694.8983952999115
rl4crn_rne_oscillator_trace_8rxn_stop_risksched085to09_lr1e4_entropy005_s4_c1_rnetol_d256_depth3_p20,seed185,185,380,38000,100,16,105.84083220788365,112.92197769800268,105.79013293499267,False,max_epochs,1699.4569149017334
rl4crn_rne_oscillator_trace_8rxn_stop_risksched085to09_lr1e4_entropy005_s4_c1_rnetol_d256_depth3_p20,seed185,185,381,38100,100,16,105.80667156205156,112.25902674018928,105.79013293499267,False,max_epochs,1701.3108887672424
rl4crn_rne_oscillator_trace_8rxn_stop_risksched085to09_lr1e4_entropy005_s4_c1_rnetol_d256_depth3_p20,seed185,185,382,38200,100,16,105.83477615034381,112.50227559251104,105.79013293499267,False,max_epochs,1705.5031900405884
rl4crn_rne_oscillator_trace_8rxn_stop_risksched085to09_lr1e4_entropy005_s4_c1_rnetol_d256_depth3_p20,seed185,185,383,38300,100,16,105.45536815840364,109.69077047139557,105.45536815840364,False,max_epochs,1710.1952443122864
rl4crn_rne_oscillator_trace_8rxn_stop_risksched085to09_lr1e4_entropy005_s4_c1_rnetol_d256_depth3_p20,seed185,185,384,38400,100,16,105.46227207779572,113.29823138590888,105.45536815840364,False,max_epochs,1714.900045633316
rl4crn_rne_oscillator_trace_8rxn_stop_risksched085to09_lr1e4_entropy005_s4_c1_rnetol_d256_depth3_p20,seed185,185,385,38500,100,16,105.34694049894127,112.58532256929286,105.34694049894127,False,max_epochs,1719.606453180313
rl4crn_rne_oscillator_trace_8rxn_stop_risksched085to09_lr1e4_entropy005_s4_c1_rnetol_d256_depth3_p20,seed185,185,386,38600,100,16,105.62720411405924,116.39416335612565,105.34694049894127,False,max_epochs,1724.1998808383942
rl4crn_rne_oscillator_trace_8rxn_stop_risksched085to09_lr1e4_entropy005_s4_c1_rnetol_d256_depth3_p20,seed185,185,387,38700,100,16,105.79513317074733,114.02787932825588,105.34694049894127,False,max_epochs,1726.379152059555
rl4crn_rne_oscillator_trace_8rxn_stop_risksched085to09_lr1e4_entropy005_s4_c1_rnetol_d256_depth3_p20,seed185,185,388,38800,100,16,105.32185079807662,110.05370371482718,105.32185079807662,False,max_epochs,1730.9877653121948
rl4crn_rne_oscillator_trace_8rxn_stop_risksched085to09_lr1e4_entropy005_s4_c1_rnetol_d256_depth3_p20,seed185,185,389,38900,100,16,105.44185867429553,109.64817710308768,105.32185079807662,False,max_epochs,1735.845942735672
rl4crn_rne_oscillator_trace_8rxn_stop_risksched085to09_lr1e4_entropy005_s4_c1_rnetol_d256_depth3_p20,seed185,185,390,39000,100,16,105.45347170635772,110.25462308789946,105.32185079807662,False,max_epochs,1740.8484089374542
rl4crn_rne_oscillator_trace_8rxn_stop_risksched085to09_lr1e4_entropy005_s4_c1_rnetol_d256_depth3_p20,seed185,185,391,39100,100,16,105.57460625277866,109.06200336335382,105.32185079807662,False,max_epochs,1745.293362379074
rl4crn_rne_oscillator_trace_8rxn_stop_risksched085to09_lr1e4_entropy005_s4_c1_rnetol_d256_depth3_p20,seed185,185,392,39200,100,16,105.42962748108086,110.42652777339467,105.32185079807662,False,max_epochs,1749.807436466217
rl4crn_rne_oscillator_trace_8rxn_stop_risksched085to09_lr1e4_entropy005_s4_c1_rnetol_d256_depth3_p20,seed185,185,393,39300,100,16,105.32431450035712,109.41604512449584,105.32185079807662,False,max_epochs,1752.052191734314
rl4crn_rne_oscillator_trace_8rxn_stop_risksched085to09_lr1e4_entropy005_s4_c1_rnetol_d256_depth3_p20,seed185,185,394,39400,100,16,105.109057123873,110.29681055050364,105.109057123873,False,max_epochs,1756.674111366272
rl4crn_rne_oscillator_trace_8rxn_stop_risksched085to09_lr1e4_entropy005_s4_c1_rnetol_d256_depth3_p20,seed185,185,395,39500,100,16,105.0716912503614,110.59054295480516,105.0716912503614,False,max_epochs,1761.533328294754
rl4crn_rne_oscillator_trace_8rxn_stop_risksched085to09_lr1e4_entropy005_s4_c1_rnetol_d256_depth3_p20,seed185,185,396,39600,100,16,105.45597380214781,110.1779847607186,105.0716912503614,False,max_epochs,1766.265230178833
rl4crn_rne_oscillator_trace_8rxn_stop_risksched085to09_lr1e4_entropy005_s4_c1_rnetol_d256_depth3_p20,seed185,185,397,39700,100,16,105.21781323685406,115.00224019190752,105.0716912503614,False,max_epochs,1771.6234488487244
rl4crn_rne_oscillator_trace_8rxn_stop_risksched085to09_lr1e4_entropy005_s4_c1_rnetol_d256_depth3_p20,seed185,185,398,39800,100,16,105.38659682387198,113.63317591090706,105.0716912503614,False,max_epochs,1776.8884408473969
rl4crn_rne_oscillator_trace_8rxn_stop_risksched085to09_lr1e4_entropy005_s4_c1_rnetol_d256_depth3_p20,seed185,185,399,39900,100,16,105.00932737273288,111.15709543653044,105.00932737273288,False,max_epochs,1781.7653150558472
rl4crn_rne_oscillator_trace_8rxn_stop_risksched085to09_lr1e4_entropy005_s4_c1_rnetol_d256_depth3_p20,seed185,185,400,40000,100,16,105.14297204158129,108.94764457879509,105.00932737273288,False,max_epochs,1786.1687080860138
rl4crn_rne_oscillator_trace_8rxn_stop_risksched085to09_lr1e4_entropy005_s4_c1_rnetol_d256_depth3_p20,seed185,185,401,40100,100,16,105.19892330737444,109.68722309280533,105.00932737273288,False,max_epochs,1790.882525920868
rl4crn_rne_oscillator_trace_8rxn_stop_risksched085to09_lr1e4_entropy005_s4_c1_rnetol_d256_depth3_p20,seed185,185,402,40200,100,16,105.02565684706992,109.79219783469632,105.00932737273288,False,max_epochs,1793.2720484733582
rl4crn_rne_oscillator_trace_8rxn_stop_risksched085to09_lr1e4_entropy005_s4_c1_rnetol_d256_depth3_p20,seed185,185,403,40300,100,16,104.60831098868023,110.35631356074319,104.60831098868023,False,max_epochs,1797.3614966869354
rl4crn_rne_oscillator_trace_8rxn_stop_risksched085to09_lr1e4_entropy005_s4_c1_rnetol_d256_depth3_p20,seed185,185,404,40400,100,16,105.0530733598312,109.41473691118797,104.60831098868023,False,max_epochs,1802.221126794815
rl4crn_rne_oscillator_trace_8rxn_stop_risksched085to09_lr1e4_entropy005_s4_c1_rnetol_d256_depth3_p20,seed185,185,405,40500,100,16,105.26594549900528,109.7752063155607,104.60831098868023,False,max_epochs,1807.1291711330414
rl4crn_rne_oscillator_trace_8rxn_stop_risksched085to09_lr1e4_entropy005_s4_c1_rnetol_d256_depth3_p20,seed185,185,406,40600,100,16,105.09665967300856,110.33773540813328,104.60831098868023,False,max_epochs,1812.6960053443909
rl4crn_rne_oscillator_trace_8rxn_stop_risksched085to09_lr1e4_entropy005_s4_c1_rnetol_d256_depth3_p20,seed185,185,407,40700,100,16,104.72950806930365,109.05423999863298,104.60831098868023,False,max_epochs,1817.7726781368256
rl4crn_rne_oscillator_trace_8rxn_stop_risksched085to09_lr1e4_entropy005_s4_c1_rnetol_d256_depth3_p20,seed185,185,408,40800,100,16,104.55980510304678,108.88601349221751,104.55980510304678,False,max_epochs,1822.6613874435425
rl4crn_rne_oscillator_trace_8rxn_stop_risksched085to09_lr1e4_entropy005_s4_c1_rnetol_d256_depth3_p20,seed185,185,409,40900,100,16,104.47793866836867,108.65955384906962,104.47793866836867,False,max_epochs,1827.658143043518
rl4crn_rne_oscillator_trace_8rxn_stop_risksched085to09_lr1e4_entropy005_s4_c1_rnetol_d256_depth3_p20,seed185,185,410,41000,100,16,104.14075383730668,108.19073471959884,104.14075383730668,False,max_epochs,1832.9935247898102
rl4crn_rne_oscillator_trace_8rxn_stop_risksched085to09_lr1e4_entropy005_s4_c1_rnetol_d256_depth3_p20,seed185,185,411,41100,100,16,104.00522486536705,111.80568805289246,104.00522486536705,False,max_epochs,1837.8354337215424
rl4crn_rne_oscillator_trace_8rxn_stop_risksched085to09_lr1e4_entropy005_s4_c1_rnetol_d256_depth3_p20,seed185,185,412,41200,100,16,104.2620937620999,112.66681483710555,104.00522486536705,False,max_epochs,1842.7625904083252
rl4crn_rne_oscillator_trace_8rxn_stop_risksched085to09_lr1e4_entropy005_s4_c1_rnetol_d256_depth3_p20,seed185,185,413,41300,100,16,103.97606994840963,108.90293349004199,103.97606994840963,False,max_epochs,1848.0837161540985
rl4crn_rne_oscillator_trace_8rxn_stop_risksched085to09_lr1e4_entropy005_s4_c1_rnetol_d256_depth3_p20,seed185,185,414,41400,100,16,104.12005072730828,107.68850109625174,103.97606994840963,False,max_epochs,1853.1357357501984
rl4crn_rne_oscillator_trace_8rxn_stop_risksched085to09_lr1e4_entropy005_s4_c1_rnetol_d256_depth3_p20,seed185,185,415,41500,100,16,104.24465897756707,108.04687210003632,103.97606994840963,False,max_epochs,1858.174426317215
rl4crn_rne_oscillator_trace_8rxn_stop_risksched085to09_lr1e4_entropy005_s4_c1_rnetol_d256_depth3_p20,seed185,185,416,41600,100,16,103.89339015400597,108.6204920362898,103.89339015400597,False,max_epochs,1862.6034336090088
rl4crn_rne_oscillator_trace_8rxn_stop_risksched085to09_lr1e4_entropy005_s4_c1_rnetol_d256_depth3_p20,seed185,185,417,41700,100,16,104.22713551808457,109.93803270472291,103.89339015400597,False,max_epochs,1867.36568069458
rl4crn_rne_oscillator_trace_8rxn_stop_risksched085to09_lr1e4_entropy005_s4_c1_rnetol_d256_depth3_p20,seed185,185,418,41800,100,16,104.16854964282201,110.37763512720176,103.89339015400597,False,max_epochs,1871.7483654022217
rl4crn_rne_oscillator_trace_8rxn_stop_risksched085to09_lr1e4_entropy005_s4_c1_rnetol_d256_depth3_p20,seed185,185,419,41900,100,16,104.07087291116706,108.66737739697876,103.89339015400597,False,max_epochs,1873.8944408893585
rl4crn_rne_oscillator_trace_8rxn_stop_risksched085to09_lr1e4_entropy005_s4_c1_rnetol_d256_depth3_p20,seed185,185,420,42000,100,16,104.16039760528666,110.14871455254604,103.89339015400597,False,max_epochs,1878.5859043598175
rl4crn_rne_oscillator_trace_8rxn_stop_risksched085to09_lr1e4_entropy005_s4_c1_rnetol_d256_depth3_p20,seed185,185,421,42100,100,16,104.36991011134879,111.50144573347715,103.89339015400597,False,max_epochs,1883.6591928005219
rl4crn_rne_oscillator_trace_8rxn_stop_risksched085to09_lr1e4_entropy005_s4_c1_rnetol_d256_depth3_p20,seed185,185,422,42200,100,16,104.16152328633245,112.39804535277602,103.89339015400597,False,max_epochs,1888.9360127449036
rl4crn_rne_oscillator_trace_8rxn_stop_risksched085to09_lr1e4_entropy005_s4_c1_rnetol_d256_depth3_p20,seed185,185,423,42300,100,16,104.3131516292898,108.0245589258246,103.89339015400597,False,max_epochs,1893.8251280784607
rl4crn_rne_oscillator_trace_8rxn_stop_risksched085to09_lr1e4_entropy005_s4_c1_rnetol_d256_depth3_p20,seed185,185,424,42400,100,16,104.28297248345145,109.71219355629782,103.89339015400597,False,max_epochs,1898.6528723239899
rl4crn_rne_oscillator_trace_8rxn_stop_risksched085to09_lr1e4_entropy005_s4_c1_rnetol_d256_depth3_p20,seed185,185,425,42500,100,16,104.00710075226101,110.2746994608043,103.89339015400597,False,max_epochs,1903.718374967575
rl4crn_rne_oscillator_trace_8rxn_stop_risksched085to09_lr1e4_entropy005_s4_c1_rnetol_d256_depth3_p20,seed185,185,426,42600,100,16,104.03678411351018,109.80518189155306,103.89339015400597,False,max_epochs,1909.2416841983795
rl4crn_rne_oscillator_trace_8rxn_stop_risksched085to09_lr1e4_entropy005_s4_c1_rnetol_d256_depth3_p20,seed185,185,427,42700,100,16,104.098269236636,107.1129381751239,103.89339015400597,False,max_epochs,1914.0530922412872
rl4crn_rne_oscillator_trace_8rxn_stop_risksched085to09_lr1e4_entropy005_s4_c1_rnetol_d256_depth3_p20,seed185,185,428,42800,100,16,103.72050622586409,108.78135669479411,103.72050622586409,False,max_epochs,1918.8377821445465
rl4crn_rne_oscillator_trace_8rxn_stop_risksched085to09_lr1e4_entropy005_s4_c1_rnetol_d256_depth3_p20,seed185,185,429,42900,100,16,104.56555988891908,112.13235747006905,103.72050622586409,False,max_epochs,1923.648372888565
rl4crn_rne_oscillator_trace_8rxn_stop_risksched085to09_lr1e4_entropy005_s4_c1_rnetol_d256_depth3_p20,seed185,185,430,43000,100,16,103.8387253881968,110.68937791928487,103.72050622586409,False,max_epochs,1928.143393754959
rl4crn_rne_oscillator_trace_8rxn_stop_risksched085to09_lr1e4_entropy005_s4_c1_rnetol_d256_depth3_p20,seed185,185,431,43100,100,16,103.80446918060845,107.11780289173507,103.72050622586409,False,max_epochs,1930.9993255138397
rl4crn_rne_oscillator_trace_8rxn_stop_risksched085to09_lr1e4_entropy005_s4_c1_rnetol_d256_depth3_p20,seed185,185,432,43200,100,16,103.90698328433426,110.66425327154727,103.72050622586409,False,max_epochs,1935.0245895385742
rl4crn_rne_oscillator_trace_8rxn_stop_risksched085to09_lr1e4_entropy005_s4_c1_rnetol_d256_depth3_p20,seed185,185,433,43300,100,16,103.85535562864531,112.62030994097694,103.72050622586409,False,max_epochs,1939.9691948890686
rl4crn_rne_oscillator_trace_8rxn_stop_risksched085to09_lr1e4_entropy005_s4_c1_rnetol_d256_depth3_p20,seed185,185,434,43400,100,16,104.38774583835445,110.73490153341753,103.72050622586409,False,max_epochs,1944.6557440757751
rl4crn_rne_oscillator_trace_8rxn_stop_risksched085to09_lr1e4_entropy005_s4_c1_rnetol_d256_depth3_p20,seed185,185,435,43500,100,16,104.51779438987212,110.86980174442442,103.72050622586409,False,max_epochs,1949.3288116455078
rl4crn_rne_oscillator_trace_8rxn_stop_risksched085to09_lr1e4_entropy005_s4_c1_rnetol_d256_depth3_p20,seed185,185,436,43600,100,16,104.13193158536332,110.94870065671572,103.72050622586409,False,max_epochs,1954.241379737854
rl4crn_rne_oscillator_trace_8rxn_stop_risksched085to09_lr1e4_entropy005_s4_c1_rnetol_d256_depth3_p20,seed185,185,437,43700,100,16,103.84224888679123,109.64079632604373,103.72050622586409,False,max_epochs,1958.8047015666962
rl4crn_rne_oscillator_trace_8rxn_stop_risksched085to09_lr1e4_entropy005_s4_c1_rnetol_d256_depth3_p20,seed185,185,438,43800,100,16,104.14383536117613,108.95493584448027,103.72050622586409,False,max_epochs,1961.6948161125183
rl4crn_rne_oscillator_trace_8rxn_stop_risksched085to09_lr1e4_entropy005_s4_c1_rnetol_d256_depth3_p20,seed185,185,439,43900,100,16,104.02045053288823,109.03235427245599,103.72050622586409,False,max_epochs,1965.3321101665497
rl4crn_rne_oscillator_trace_8rxn_stop_risksched085to09_lr1e4_entropy005_s4_c1_rnetol_d256_depth3_p20,seed185,185,440,44000,100,16,104.18405240444953,114.76076859424832,103.72050622586409,False,max_epochs,1970.4889552593231
rl4crn_rne_oscillator_trace_8rxn_stop_risksched085to09_lr1e4_entropy005_s4_c1_rnetol_d256_depth3_p20,seed185,185,441,44100,100,16,104.15435852196892,111.71952116039611,103.72050622586409,False,max_epochs,1975.3153474330902
rl4crn_rne_oscillator_trace_8rxn_stop_risksched085to09_lr1e4_entropy005_s4_c1_rnetol_d256_depth3_p20,seed185,185,442,44200,100,16,103.71719555970745,110.48308147337511,103.71719555970745,False,max_epochs,1980.312612771988
rl4crn_rne_oscillator_trace_8rxn_stop_risksched085to09_lr1e4_entropy005_s4_c1_rnetol_d256_depth3_p20,seed185,185,443,44300,100,16,103.94183596116598,108.06772795622945,103.71719555970745,False,max_epochs,1985.4133377075195
rl4crn_rne_oscillator_trace_8rxn_stop_risksched085to09_lr1e4_entropy005_s4_c1_rnetol_d256_depth3_p20,seed185,185,444,44400,100,16,104.02797699806258,108.42276936585299,103.71719555970745,False,max_epochs,1990.601130247116
rl4crn_rne_oscillator_trace_8rxn_stop_risksched085to09_lr1e4_entropy005_s4_c1_rnetol_d256_depth3_p20,seed185,185,445,44500,100,16,103.87426493803693,110.52683411630025,103.71719555970745,False,max_epochs,1995.3871912956238
rl4crn_rne_oscillator_trace_8rxn_stop_risksched085to09_lr1e4_entropy005_s4_c1_rnetol_d256_depth3_p20,seed185,185,446,44600,100,16,103.96507421729318,108.6348303494493,103.71719555970745,False,max_epochs,1999.6732769012451
rl4crn_rne_oscillator_trace_8rxn_stop_risksched085to09_lr1e4_entropy005_s4_c1_rnetol_d256_depth3_p20,seed185,185,447,44700,100,16,104.35929856691205,111.46138953658372,103.71719555970745,False,max_epochs,2004.3404128551483
rl4crn_rne_oscillator_trace_8rxn_stop_risksched085to09_lr1e4_entropy005_s4_c1_rnetol_d256_depth3_p20,seed185,185,448,44800,100,16,104.34341896105171,113.46062191571787,103.71719555970745,False,max_epochs,2006.7861568927765
rl4crn_rne_oscillator_trace_8rxn_stop_risksched085to09_lr1e4_entropy005_s4_c1_rnetol_d256_depth3_p20,seed185,185,449,44900,100,16,105.08654700708061,114.31357305224793,103.71719555970745,False,max_epochs,2010.8249027729034
rl4crn_rne_oscillator_trace_8rxn_stop_risksched085to09_lr1e4_entropy005_s4_c1_rnetol_d256_depth3_p20,seed185,185,450,45000,100,16,104.67860082746398,114.7493133955023,103.71719555970745,False,max_epochs,2016.09224152565
rl4crn_rne_oscillator_trace_8rxn_stop_risksched085to09_lr1e4_entropy005_s4_c1_rnetol_d256_depth3_p20,seed185,185,451,45100,100,16,103.67804648157947,113.57653632768029,103.67804648157947,False,max_epochs,2020.8869619369507
rl4crn_rne_oscillator_trace_8rxn_stop_risksched085to09_lr1e4_entropy005_s4_c1_rnetol_d256_depth3_p20,seed185,185,452,45200,100,16,103.75357018837212,109.52392526656811,103.67804648157947,False,max_epochs,2026.2241628170013
rl4crn_rne_oscillator_trace_8rxn_stop_risksched085to09_lr1e4_entropy005_s4_c1_rnetol_d256_depth3_p20,seed185,185,453,45300,100,16,103.61136364035424,109.86591490649681,103.61136364035424,False,max_epochs,2030.881989479065
rl4crn_rne_oscillator_trace_8rxn_stop_risksched085to09_lr1e4_entropy005_s4_c1_rnetol_d256_depth3_p20,seed185,185,454,45400,100,16,104.10834997710207,112.65989200614904,103.61136364035424,False,max_epochs,2035.6362659931183
rl4crn_rne_oscillator_trace_8rxn_stop_risksched085to09_lr1e4_entropy005_s4_c1_rnetol_d256_depth3_p20,seed185,185,455,45500,100,16,103.93477608480758,110.3885650598534,103.61136364035424,False,max_epochs,2040.3797369003296
rl4crn_rne_oscillator_trace_8rxn_stop_risksched085to09_lr1e4_entropy005_s4_c1_rnetol_d256_depth3_p20,seed185,185,456,45600,100,16,103.8129220048732,113.24909426411452,103.61136364035424,False,max_epochs,2044.8790493011475
rl4crn_rne_oscillator_trace_8rxn_stop_risksched085to09_lr1e4_entropy005_s4_c1_rnetol_d256_depth3_p20,seed185,185,457,45700,100,16,103.79900862505016,113.9598800127875,103.61136364035424,False,max_epochs,2047.104222536087
rl4crn_rne_oscillator_trace_8rxn_stop_risksched085to09_lr1e4_entropy005_s4_c1_rnetol_d256_depth3_p20,seed185,185,458,45800,100,16,103.5643655530107,114.77161486943851,103.5643655530107,False,max_epochs,2051.485669374466
rl4crn_rne_oscillator_trace_8rxn_stop_risksched085to09_lr1e4_entropy005_s4_c1_rnetol_d256_depth3_p20,seed185,185,459,45900,100,16,103.61473776557196,112.5903035932598,103.5643655530107,False,max_epochs,2056.386501312256
rl4crn_rne_oscillator_trace_8rxn_stop_risksched085to09_lr1e4_entropy005_s4_c1_rnetol_d256_depth3_p20,seed185,185,460,46000,100,16,103.5939270291546,113.64836441381802,103.5643655530107,False,max_epochs,2061.4419314861298
rl4crn_rne_oscillator_trace_8rxn_stop_risksched085to09_lr1e4_entropy005_s4_c1_rnetol_d256_depth3_p20,seed185,185,461,46100,100,16,103.24154303533619,111.35384821143735,103.24154303533619,False,max_epochs,2066.3107059001923
rl4crn_rne_oscillator_trace_8rxn_stop_risksched085to09_lr1e4_entropy005_s4_c1_rnetol_d256_depth3_p20,seed185,185,462,46200,100,16,103.2284130700307,109.60557102043188,103.2284130700307,False,max_epochs,2070.8583846092224
rl4crn_rne_oscillator_trace_8rxn_stop_risksched085to09_lr1e4_entropy005_s4_c1_rnetol_d256_depth3_p20,seed185,185,463,46300,100,16,103.49462359083333,109.3345727696082,103.2284130700307,False,max_epochs,2075.5585775375366
rl4crn_rne_oscillator_trace_8rxn_stop_risksched085to09_lr1e4_entropy005_s4_c1_rnetol_d256_depth3_p20,seed185,185,464,46400,100,16,103.33887045325004,114.1262556863743,103.2284130700307,False,max_epochs,2077.582759141922
rl4crn_rne_oscillator_trace_8rxn_stop_risksched085to09_lr1e4_entropy005_s4_c1_rnetol_d256_depth3_p20,seed185,185,465,46500,100,16,103.13414923154573,109.94682771946437,103.13414923154573,False,max_epochs,2082.1952261924744
rl4crn_rne_oscillator_trace_8rxn_stop_risksched085to09_lr1e4_entropy005_s4_c1_rnetol_d256_depth3_p20,seed185,185,466,46600,100,16,103.27907973187776,110.93338565884451,103.13414923154573,False,max_epochs,2087.27637219429
rl4crn_rne_oscillator_trace_8rxn_stop_risksched085to09_lr1e4_entropy005_s4_c1_rnetol_d256_depth3_p20,seed185,185,467,46700,100,16,103.22493074648274,110.2274315212307,103.13414923154573,False,max_epochs,2092.398279905319
rl4crn_rne_oscillator_trace_8rxn_stop_risksched085to09_lr1e4_entropy005_s4_c1_rnetol_d256_depth3_p20,seed185,185,468,46800,100,16,103.00637438013345,109.88704563686846,103.00637438013345,False,max_epochs,2097.1666927337646
rl4crn_rne_oscillator_trace_8rxn_stop_risksched085to09_lr1e4_entropy005_s4_c1_rnetol_d256_depth3_p20,seed185,185,469,46900,100,16,102.81651977622347,109.73101959452653,102.81651977622347,False,max_epochs,2102.1656725406647
rl4crn_rne_oscillator_trace_8rxn_stop_risksched085to09_lr1e4_entropy005_s4_c1_rnetol_d256_depth3_p20,seed185,185,470,47000,100,16,102.85024106911028,109.93898278045117,102.81651977622347,False,max_epochs,2107.022733926773
rl4crn_rne_oscillator_trace_8rxn_stop_risksched085to09_lr1e4_entropy005_s4_c1_rnetol_d256_depth3_p20,seed185,185,471,47100,100,16,102.89838103877338,113.27481109875171,102.81651977622347,False,max_epochs,2111.7876641750336
rl4crn_rne_oscillator_trace_8rxn_stop_risksched085to09_lr1e4_entropy005_s4_c1_rnetol_d256_depth3_p20,seed185,185,472,47200,100,16,102.9790030371683,108.32697298977382,102.81651977622347,False,max_epochs,2116.5441048145294
rl4crn_rne_oscillator_trace_8rxn_stop_risksched085to09_lr1e4_entropy005_s4_c1_rnetol_d256_depth3_p20,seed185,185,473,47300,100,16,102.74024264503791,108.46303874918536,102.74024264503791,False,max_epochs,2119.8495213985443
rl4crn_rne_oscillator_trace_8rxn_stop_risksched085to09_lr1e4_entropy005_s4_c1_rnetol_d256_depth3_p20,seed185,185,474,47400,100,16,103.21783509657686,111.56292742730125,102.74024264503791,False,max_epochs,2122.909618139267
rl4crn_rne_oscillator_trace_8rxn_stop_risksched085to09_lr1e4_entropy005_s4_c1_rnetol_d256_depth3_p20,seed185,185,475,47500,100,16,102.83380274705968,110.0307309391404,102.74024264503791,False,max_epochs,2127.8903424739838
rl4crn_rne_oscillator_trace_8rxn_stop_risksched085to09_lr1e4_entropy005_s4_c1_rnetol_d256_depth3_p20,seed185,185,476,47600,100,16,103.07431817253756,106.99567410659702,102.74024264503791,False,max_epochs,2133.0165565013885
rl4crn_rne_oscillator_trace_8rxn_stop_risksched085to09_lr1e4_entropy005_s4_c1_rnetol_d256_depth3_p20,seed185,185,477,47700,100,16,102.41059450464051,107.88399078003792,102.41059450464051,False,max_epochs,2137.375562429428
rl4crn_rne_oscillator_trace_8rxn_stop_risksched085to09_lr1e4_entropy005_s4_c1_rnetol_d256_depth3_p20,seed185,185,478,47800,100,16,102.69482098361459,109.85226568736348,102.41059450464051,False,max_epochs,2142.1708731651306
rl4crn_rne_oscillator_trace_8rxn_stop_risksched085to09_lr1e4_entropy005_s4_c1_rnetol_d256_depth3_p20,seed185,185,479,47900,100,16,102.57326566524729,108.17589420830808,102.41059450464051,False,max_epochs,2144.834275484085
rl4crn_rne_oscillator_trace_8rxn_stop_risksched085to09_lr1e4_entropy005_s4_c1_rnetol_d256_depth3_p20,seed185,185,480,48000,100,16,102.667557653786,109.59752492531294,102.41059450464051,False,max_epochs,2148.6307787895203
rl4crn_rne_oscillator_trace_8rxn_stop_risksched085to09_lr1e4_entropy005_s4_c1_rnetol_d256_depth3_p20,seed185,185,481,48100,100,16,102.4252091180566,109.19941605378577,102.41059450464051,False,max_epochs,2153.449434041977
rl4crn_rne_oscillator_trace_8rxn_stop_risksched085to09_lr1e4_entropy005_s4_c1_rnetol_d256_depth3_p20,seed185,185,482,48200,100,16,102.8027975996609,108.70193047716458,102.41059450464051,False,max_epochs,2158.317409515381
rl4crn_rne_oscillator_trace_8rxn_stop_risksched085to09_lr1e4_entropy005_s4_c1_rnetol_d256_depth3_p20,seed185,185,483,48300,100,16,102.32496071742571,106.69747929661278,102.32496071742571,False,max_epochs,2162.795337677002
rl4crn_rne_oscillator_trace_8rxn_stop_risksched085to09_lr1e4_entropy005_s4_c1_rnetol_d256_depth3_p20,seed185,185,484,48400,100,16,102.19796867616088,108.92557819785736,102.19796867616088,False,max_epochs,2167.492974281311
rl4crn_rne_oscillator_trace_8rxn_stop_risksched085to09_lr1e4_entropy005_s4_c1_rnetol_d256_depth3_p20,seed185,185,485,48500,100,16,102.3878678693107,108.61051272018085,102.19796867616088,False,max_epochs,2171.259147644043
rl4crn_rne_oscillator_trace_8rxn_stop_risksched085to09_lr1e4_entropy005_s4_c1_rnetol_d256_depth3_p20,seed185,185,486,48600,100,16,103.65258737718004,110.41074581767859,102.19796867616088,False,max_epochs,2173.9620423316956
rl4crn_rne_oscillator_trace_8rxn_stop_risksched085to09_lr1e4_entropy005_s4_c1_rnetol_d256_depth3_p20,seed185,185,487,48700,100,16,102.2681931322081,110.87667590132345,102.19796867616088,False,max_epochs,2178.796329021454
rl4crn_rne_oscillator_trace_8rxn_stop_risksched085to09_lr1e4_entropy005_s4_c1_rnetol_d256_depth3_p20,seed185,185,488,48800,100,16,102.66257296623094,107.65859743452626,102.19796867616088,False,max_epochs,2184.0828099250793
rl4crn_rne_oscillator_trace_8rxn_stop_risksched085to09_lr1e4_entropy005_s4_c1_rnetol_d256_depth3_p20,seed185,185,489,48900,100,16,102.53184081781663,109.03468609054818,102.19796867616088,False,max_epochs,2188.872626543045
rl4crn_rne_oscillator_trace_8rxn_stop_risksched085to09_lr1e4_entropy005_s4_c1_rnetol_d256_depth3_p20,seed185,185,490,49000,100,16,102.45307382008382,107.59228237823245,102.19796867616088,False,max_epochs,2193.8766984939575
rl4crn_rne_oscillator_trace_8rxn_stop_risksched085to09_lr1e4_entropy005_s4_c1_rnetol_d256_depth3_p20,seed185,185,491,49100,100,16,102.40364079152134,107.42942596283706,102.19796867616088,False,max_epochs,2198.6129710674286
rl4crn_rne_oscillator_trace_8rxn_stop_risksched085to09_lr1e4_entropy005_s4_c1_rnetol_d256_depth3_p20,seed185,185,492,49200,100,16,102.74189859159681,109.48551343826173,102.19796867616088,False,max_epochs,2203.218984603882
rl4crn_rne_oscillator_trace_8rxn_stop_risksched085to09_lr1e4_entropy005_s4_c1_rnetol_d256_depth3_p20,seed185,185,493,49300,100,16,102.42030805480174,108.45985548058631,102.19796867616088,False,max_epochs,2207.8170614242554
rl4crn_rne_oscillator_trace_8rxn_stop_risksched085to09_lr1e4_entropy005_s4_c1_rnetol_d256_depth3_p20,seed185,185,494,49400,100,16,103.2305456709659,109.69515001510268,102.19796867616088,False,max_epochs,2210.2569482326508
rl4crn_rne_oscillator_trace_8rxn_stop_risksched085to09_lr1e4_entropy005_s4_c1_rnetol_d256_depth3_p20,seed185,185,495,49500,100,16,103.62602155444316,110.44126427784548,102.19796867616088,False,max_epochs,2214.8117530345917
rl4crn_rne_oscillator_trace_8rxn_stop_risksched085to09_lr1e4_entropy005_s4_c1_rnetol_d256_depth3_p20,seed185,185,496,49600,100,16,102.5626431659368,108.13288181079817,102.19796867616088,False,max_epochs,2219.832213640213
rl4crn_rne_oscillator_trace_8rxn_stop_risksched085to09_lr1e4_entropy005_s4_c1_rnetol_d256_depth3_p20,seed185,185,497,49700,100,16,102.51422952899878,108.62665281005474,102.19796867616088,False,max_epochs,2225.081932783127
rl4crn_rne_oscillator_trace_8rxn_stop_risksched085to09_lr1e4_entropy005_s4_c1_rnetol_d256_depth3_p20,seed185,185,498,49800,100,16,103.26353866362072,109.74249879097486,102.19796867616088,False,max_epochs,2230.422738313675
rl4crn_rne_oscillator_trace_8rxn_stop_risksched085to09_lr1e4_entropy005_s4_c1_rnetol_d256_depth3_p20,seed185,185,499,49900,100,16,102.87488524443056,108.79927018086825,102.19796867616088,False,max_epochs,2235.1369290351868
rl4crn_rne_oscillator_trace_8rxn_stop_risksched085to09_lr1e4_entropy005_s4_c1_rnetol_d256_depth3_p20,seed185,185,500,50000,100,16,102.63781423538757,108.6775468744334,102.19796867616088,False,max_epochs,2239.6902482509613
rl4crn_rne_oscillator_trace_8rxn_stop_risksched085to09_lr1e4_entropy005_s4_c1_rnetol_d256_depth3_p20,seed185,185,501,50100,100,16,104.62514875381501,109.90207814574026,102.19796867616088,False,max_epochs,2244.4522120952606
rl4crn_rne_oscillator_trace_8rxn_stop_risksched085to09_lr1e4_entropy005_s4_c1_rnetol_d256_depth3_p20,seed185,185,502,50200,100,16,105.12346484141409,111.27695237721576,102.19796867616088,False,max_epochs,2248.8074338436127
rl4crn_rne_oscillator_trace_8rxn_stop_risksched085to09_lr1e4_entropy005_s4_c1_rnetol_d256_depth3_p20,seed185,185,503,50300,100,16,103.07855128558575,108.59911390391854,102.19796867616088,False,max_epochs,2250.9316029548645
rl4crn_rne_oscillator_trace_8rxn_stop_risksched085to09_lr1e4_entropy005_s4_c1_rnetol_d256_depth3_p20,seed185,185,504,50400,100,16,102.69250788273474,108.48539866430029,102.19796867616088,False,max_epochs,2255.7256755828857
rl4crn_rne_oscillator_trace_8rxn_stop_risksched085to09_lr1e4_entropy005_s4_c1_rnetol_d256_depth3_p20,seed185,185,505,50500,100,16,102.16589430104725,110.85222988703725,102.16589430104725,False,max_epochs,2260.539538383484
rl4crn_rne_oscillator_trace_8rxn_stop_risksched085to09_lr1e4_entropy005_s4_c1_rnetol_d256_depth3_p20,seed185,185,506,50600,100,16,102.35959267192914,107.40086265051718,102.16589430104725,False,max_epochs,2264.9985902309418
rl4crn_rne_oscillator_trace_8rxn_stop_risksched085to09_lr1e4_entropy005_s4_c1_rnetol_d256_depth3_p20,seed185,185,507,50700,100,16,101.87646112339624,108.57129237491428,101.87646112339624,False,max_epochs,2269.654463291168
rl4crn_rne_oscillator_trace_8rxn_stop_risksched085to09_lr1e4_entropy005_s4_c1_rnetol_d256_depth3_p20,seed185,185,508,50800,100,16,102.18876961000758,108.12397988287583,101.87646112339624,False,max_epochs,2271.634164571762
rl4crn_rne_oscillator_trace_8rxn_stop_risksched085to09_lr1e4_entropy005_s4_c1_rnetol_d256_depth3_p20,seed185,185,509,50900,100,16,102.10403378355679,106.6486603726696,101.87646112339624,False,max_epochs,2276.3553466796875
rl4crn_rne_oscillator_trace_8rxn_stop_risksched085to09_lr1e4_entropy005_s4_c1_rnetol_d256_depth3_p20,seed185,185,510,51000,100,16,102.14370606775013,109.07699507641934,101.87646112339624,False,max_epochs,2281.032433271408
rl4crn_rne_oscillator_trace_8rxn_stop_risksched085to09_lr1e4_entropy005_s4_c1_rnetol_d256_depth3_p20,seed185,185,511,51100,100,16,102.35311427613216,112.71524393116147,101.87646112339624,False,max_epochs,2286.2984149456024
rl4crn_rne_oscillator_trace_8rxn_stop_risksched085to09_lr1e4_entropy005_s4_c1_rnetol_d256_depth3_p20,seed185,185,512,51200,100,16,102.01679961576403,111.4123040401987,101.87646112339624,False,max_epochs,2291.234782218933
rl4crn_rne_oscillator_trace_8rxn_stop_risksched085to09_lr1e4_entropy005_s4_c1_rnetol_d256_depth3_p20,seed185,185,513,51300,100,16,101.76035117704083,110.04995402395485,101.76035117704083,False,max_epochs,2296.017545223236
rl4crn_rne_oscillator_trace_8rxn_stop_risksched085to09_lr1e4_entropy005_s4_c1_rnetol_d256_depth3_p20,seed185,185,514,51400,100,16,102.97787910207968,110.33029516828458,101.76035117704083,False,max_epochs,2301.005969285965
rl4crn_rne_oscillator_trace_8rxn_stop_risksched085to09_lr1e4_entropy005_s4_c1_rnetol_d256_depth3_p20,seed185,185,515,51500,100,16,102.852339507476,109.70890855988979,101.76035117704083,False,max_epochs,2305.9006576538086
rl4crn_rne_oscillator_trace_8rxn_stop_risksched085to09_lr1e4_entropy005_s4_c1_rnetol_d256_depth3_p20,seed185,185,516,51600,100,16,102.56504898502519,109.28332434252431,101.76035117704083,False,max_epochs,2310.3747696876526
rl4crn_rne_oscillator_trace_8rxn_stop_risksched085to09_lr1e4_entropy005_s4_c1_rnetol_d256_depth3_p20,seed185,185,517,51700,100,16,102.14474529250805,111.41038671877646,101.76035117704083,False,max_epochs,2312.674300670624
rl4crn_rne_oscillator_trace_8rxn_stop_risksched085to09_lr1e4_entropy005_s4_c1_rnetol_d256_depth3_p20,seed185,185,518,51800,100,16,101.64356901480109,109.50228327643845,101.64356901480109,False,max_epochs,2317.0896031856537
rl4crn_rne_oscillator_trace_8rxn_stop_risksched085to09_lr1e4_entropy005_s4_c1_rnetol_d256_depth3_p20,seed185,185,519,51900,100,16,102.00040444154138,110.09826876144055,101.64356901480109,False,max_epochs,2322.359049797058
rl4crn_rne_oscillator_trace_8rxn_stop_risksched085to09_lr1e4_entropy005_s4_c1_rnetol_d256_depth3_p20,seed185,185,520,52000,100,16,102.60670727708192,112.14504114438043,101.64356901480109,False,max_epochs,2327.364289522171
rl4crn_rne_oscillator_trace_8rxn_stop_risksched085to09_lr1e4_entropy005_s4_c1_rnetol_d256_depth3_p20,seed185,185,521,52100,100,16,102.2227687066775,111.46284099856197,101.64356901480109,False,max_epochs,2332.2198145389557
rl4crn_rne_oscillator_trace_8rxn_stop_risksched085to09_lr1e4_entropy005_s4_c1_rnetol_d256_depth3_p20,seed185,185,522,52200,100,16,102.0164132381656,109.83952618303624,101.64356901480109,False,max_epochs,2337.251697540283
rl4crn_rne_oscillator_trace_8rxn_stop_risksched085to09_lr1e4_entropy005_s4_c1_rnetol_d256_depth3_p20,seed185,185,523,52300,100,16,102.40563832738903,108.5398264207492,101.64356901480109,False,max_epochs,2341.89080953598
rl4crn_rne_oscillator_trace_8rxn_stop_risksched085to09_lr1e4_entropy005_s4_c1_rnetol_d256_depth3_p20,seed185,185,524,52400,100,16,102.56106862992968,112.54017090812559,101.64356901480109,False,max_epochs,2346.5777444839478
rl4crn_rne_oscillator_trace_8rxn_stop_risksched085to09_lr1e4_entropy005_s4_c1_rnetol_d256_depth3_p20,seed185,185,525,52500,100,16,101.82240142944813,112.06217823288605,101.64356901480109,False,max_epochs,2348.6129364967346
rl4crn_rne_oscillator_trace_8rxn_stop_risksched085to09_lr1e4_entropy005_s4_c1_rnetol_d256_depth3_p20,seed185,185,526,52600,100,16,102.06164152639327,111.00580497465961,101.64356901480109,False,max_epochs,2352.9729764461517
rl4crn_rne_oscillator_trace_8rxn_stop_risksched085to09_lr1e4_entropy005_s4_c1_rnetol_d256_depth3_p20,seed185,185,527,52700,100,16,102.34431157969988,113.56070301025477,101.64356901480109,False,max_epochs,2357.956744670868
rl4crn_rne_oscillator_trace_8rxn_stop_risksched085to09_lr1e4_entropy005_s4_c1_rnetol_d256_depth3_p20,seed185,185,528,52800,100,16,101.81300445536814,113.13310153608592,101.64356901480109,False,max_epochs,2363.167226791382
rl4crn_rne_oscillator_trace_8rxn_stop_risksched085to09_lr1e4_entropy005_s4_c1_rnetol_d256_depth3_p20,seed185,185,529,52900,100,16,102.35751296048021,112.91782331081336,101.64356901480109,False,max_epochs,2367.972859621048
rl4crn_rne_oscillator_trace_8rxn_stop_risksched085to09_lr1e4_entropy005_s4_c1_rnetol_d256_depth3_p20,seed185,185,530,53000,100,16,102.06349321815264,113.2524684092011,101.64356901480109,False,max_epochs,2372.0423934459686
rl4crn_rne_oscillator_trace_8rxn_stop_risksched085to09_lr1e4_entropy005_s4_c1_rnetol_d256_depth3_p20,seed185,185,531,53100,100,16,102.1690364159303,111.84809851727286,101.64356901480109,False,max_epochs,2376.78479886055
rl4crn_rne_oscillator_trace_8rxn_stop_risksched085to09_lr1e4_entropy005_s4_c1_rnetol_d256_depth3_p20,seed185,185,532,53200,100,16,102.70642980932043,114.69515238923296,101.64356901480109,False,max_epochs,2381.1335542201996
rl4crn_rne_oscillator_trace_8rxn_stop_risksched085to09_lr1e4_entropy005_s4_c1_rnetol_d256_depth3_p20,seed185,185,533,53300,100,16,102.60363609527224,112.41303880126812,101.64356901480109,False,max_epochs,2383.22012424469
rl4crn_rne_oscillator_trace_8rxn_stop_risksched085to09_lr1e4_entropy005_s4_c1_rnetol_d256_depth3_p20,seed185,185,534,53400,100,16,102.099465755627,111.85951659634202,101.64356901480109,False,max_epochs,2387.762382745743
rl4crn_rne_oscillator_trace_8rxn_stop_risksched085to09_lr1e4_entropy005_s4_c1_rnetol_d256_depth3_p20,seed185,185,535,53500,100,16,101.87500127169336,112.9645410003736,101.64356901480109,False,max_epochs,2392.7198345661163
rl4crn_rne_oscillator_trace_8rxn_stop_risksched085to09_lr1e4_entropy005_s4_c1_rnetol_d256_depth3_p20,seed185,185,536,53600,100,16,101.79064648070003,112.78831560012216,101.64356901480109,False,max_epochs,2397.981971502304
rl4crn_rne_oscillator_trace_8rxn_stop_risksched085to09_lr1e4_entropy005_s4_c1_rnetol_d256_depth3_p20,seed185,185,537,53700,100,16,101.69577347505914,111.71102398067336,101.64356901480109,False,max_epochs,2402.8568530082703
rl4crn_rne_oscillator_trace_8rxn_stop_risksched085to09_lr1e4_entropy005_s4_c1_rnetol_d256_depth3_p20,seed185,185,538,53800,100,16,102.04521368324916,111.55391733577981,101.64356901480109,False,max_epochs,2408.0067806243896
rl4crn_rne_oscillator_trace_8rxn_stop_risksched085to09_lr1e4_entropy005_s4_c1_rnetol_d256_depth3_p20,seed185,185,539,53900,100,16,101.95858856879337,114.80019645679306,101.64356901480109,False,max_epochs,2413.0179641246796
rl4crn_rne_oscillator_trace_8rxn_stop_risksched085to09_lr1e4_entropy005_s4_c1_rnetol_d256_depth3_p20,seed185,185,540,54000,100,16,101.60563308045438,114.67265262250012,101.60563308045438,False,max_epochs,2417.724349975586
rl4crn_rne_oscillator_trace_8rxn_stop_risksched085to09_lr1e4_entropy005_s4_c1_rnetol_d256_depth3_p20,seed185,185,541,54100,100,16,101.99750743382748,111.16099136551952,101.60563308045438,False,max_epochs,2422.4904930591583
rl4crn_rne_oscillator_trace_8rxn_stop_risksched085to09_lr1e4_entropy005_s4_c1_rnetol_d256_depth3_p20,seed185,185,542,54200,100,16,101.84244735401458,113.53787030758289,101.60563308045438,False,max_epochs,2427.034302711487
rl4crn_rne_oscillator_trace_8rxn_stop_risksched085to09_lr1e4_entropy005_s4_c1_rnetol_d256_depth3_p20,seed185,185,543,54300,100,16,103.52948451983879,116.52525195161186,101.60563308045438,False,max_epochs,2431.642507314682
rl4crn_rne_oscillator_trace_8rxn_stop_risksched085to09_lr1e4_entropy005_s4_c1_rnetol_d256_depth3_p20,seed185,185,544,54400,100,16,103.5099932235137,115.58209551821918,101.60563308045438,False,max_epochs,2433.6266820430756
rl4crn_rne_oscillator_trace_8rxn_stop_risksched085to09_lr1e4_entropy005_s4_c1_rnetol_d256_depth3_p20,seed185,185,545,54500,100,16,103.03456598661109,113.58202236217215,101.60563308045438,False,max_epochs,2438.6394069194794
rl4crn_rne_oscillator_trace_8rxn_stop_risksched085to09_lr1e4_entropy005_s4_c1_rnetol_d256_depth3_p20,seed185,185,546,54600,100,16,102.17059422055733,112.68832121467497,101.60563308045438,False,max_epochs,2443.8500912189484
rl4crn_rne_oscillator_trace_8rxn_stop_risksched085to09_lr1e4_entropy005_s4_c1_rnetol_d256_depth3_p20,seed185,185,547,54700,100,16,103.11016859671116,112.07547644600399,101.60563308045438,False,max_epochs,2448.7206223011017
rl4crn_rne_oscillator_trace_8rxn_stop_risksched085to09_lr1e4_entropy005_s4_c1_rnetol_d256_depth3_p20,seed185,185,548,54800,100,16,102.42263720427219,113.48268756813165,101.60563308045438,False,max_epochs,2453.8942749500275
rl4crn_rne_oscillator_trace_8rxn_stop_risksched085to09_lr1e4_entropy005_s4_c1_rnetol_d256_depth3_p20,seed185,185,549,54900,100,16,101.99721321558864,115.97775708115333,101.60563308045438,False,max_epochs,2458.8901917934418
rl4crn_rne_oscillator_trace_8rxn_stop_risksched085to09_lr1e4_entropy005_s4_c1_rnetol_d256_depth3_p20,seed185,185,550,55000,100,16,103.13078891784889,116.39683930550672,101.60563308045438,False,max_epochs,2463.458477973938
rl4crn_rne_oscillator_trace_8rxn_stop_risksched085to09_lr1e4_entropy005_s4_c1_rnetol_d256_depth3_p20,seed185,185,551,55100,100,16,102.46183271605706,113.28955695880461,101.60563308045438,False,max_epochs,2467.9546897411346
rl4crn_rne_oscillator_trace_8rxn_stop_risksched085to09_lr1e4_entropy005_s4_c1_rnetol_d256_depth3_p20,seed185,185,552,55200,100,16,101.73543263814922,113.27108313913556,101.60563308045438,False,max_epochs,2470.801924467087
rl4crn_rne_oscillator_trace_8rxn_stop_risksched085to09_lr1e4_entropy005_s4_c1_rnetol_d256_depth3_p20,seed185,185,553,55300,100,16,101.57979478212214,111.25952793629492,101.57979478212214,False,max_epochs,2474.207699775696
rl4crn_rne_oscillator_trace_8rxn_stop_risksched085to09_lr1e4_entropy005_s4_c1_rnetol_d256_depth3_p20,seed185,185,554,55400,100,16,102.60822510292175,113.10234377271584,101.57979478212214,False,max_epochs,2479.4712240695953
rl4crn_rne_oscillator_trace_8rxn_stop_risksched085to09_lr1e4_entropy005_s4_c1_rnetol_d256_depth3_p20,seed185,185,555,55500,100,16,101.57456850894903,111.60201907214574,101.57456850894903,False,max_epochs,2484.2678537368774
rl4crn_rne_oscillator_trace_8rxn_stop_risksched085to09_lr1e4_entropy005_s4_c1_rnetol_d256_depth3_p20,seed185,185,556,55600,100,16,102.4581053022658,110.47326064375727,101.57456850894903,False,max_epochs,2489.5875251293182
rl4crn_rne_oscillator_trace_8rxn_stop_risksched085to09_lr1e4_entropy005_s4_c1_rnetol_d256_depth3_p20,seed185,185,557,55700,100,16,102.26344192982613,113.39865241231774,101.57456850894903,False,max_epochs,2494.4237620830536
rl4crn_rne_oscillator_trace_8rxn_stop_risksched085to09_lr1e4_entropy005_s4_c1_rnetol_d256_depth3_p20,seed185,185,558,55800,100,16,101.58933679482938,111.27170931353089,101.57456850894903,False,max_epochs,2499.2445368766785
rl4crn_rne_oscillator_trace_8rxn_stop_risksched085to09_lr1e4_entropy005_s4_c1_rnetol_d256_depth3_p20,seed185,185,559,55900,100,16,101.51258471615097,113.07726199613546,101.51258471615097,False,max_epochs,2504.1413009166718
rl4crn_rne_oscillator_trace_8rxn_stop_risksched085to09_lr1e4_entropy005_s4_c1_rnetol_d256_depth3_p20,seed185,185,560,56000,100,16,102.77985802632637,118.39481952561644,101.51258471615097,False,max_epochs,2509.1536033153534
rl4crn_rne_oscillator_trace_8rxn_stop_risksched085to09_lr1e4_entropy005_s4_c1_rnetol_d256_depth3_p20,seed185,185,561,56100,100,16,101.79538432388081,113.63472056337565,101.51258471615097,False,max_epochs,2513.8380200862885
rl4crn_rne_oscillator_trace_8rxn_stop_risksched085to09_lr1e4_entropy005_s4_c1_rnetol_d256_depth3_p20,seed185,185,562,56200,100,16,102.0747759955292,113.3749358449523,101.51258471615097,False,max_epochs,2518.4042732715607
rl4crn_rne_oscillator_trace_8rxn_stop_risksched085to09_lr1e4_entropy005_s4_c1_rnetol_d256_depth3_p20,seed185,185,563,56300,100,16,102.53808148932885,110.59138614340429,101.51258471615097,False,max_epochs,2521.86741232872
rl4crn_rne_oscillator_trace_8rxn_stop_risksched085to09_lr1e4_entropy005_s4_c1_rnetol_d256_depth3_p20,seed185,185,564,56400,100,16,101.78702452902691,111.97595156864452,101.51258471615097,False,max_epochs,2525.225778579712
rl4crn_rne_oscillator_trace_8rxn_stop_risksched085to09_lr1e4_entropy005_s4_c1_rnetol_d256_depth3_p20,seed185,185,565,56500,100,16,101.64102368573903,112.9736024930709,101.51258471615097,False,max_epochs,2530.0621123313904
rl4crn_rne_oscillator_trace_8rxn_stop_risksched085to09_lr1e4_entropy005_s4_c1_rnetol_d256_depth3_p20,seed185,185,566,56600,100,16,103.64177573253986,116.97528558263147,101.51258471615097,False,max_epochs,2535.326206922531
rl4crn_rne_oscillator_trace_8rxn_stop_risksched085to09_lr1e4_entropy005_s4_c1_rnetol_d256_depth3_p20,seed185,185,567,56700,100,16,103.18803369778351,121.94087138258695,101.51258471615097,False,max_epochs,2540.148113012314
rl4crn_rne_oscillator_trace_8rxn_stop_risksched085to09_lr1e4_entropy005_s4_c1_rnetol_d256_depth3_p20,seed185,185,568,56800,100,16,106.36465983670384,120.41678495687896,101.51258471615097,False,max_epochs,2545.155412197113
rl4crn_rne_oscillator_trace_8rxn_stop_risksched085to09_lr1e4_entropy005_s4_c1_rnetol_d256_depth3_p20,seed185,185,569,56900,100,16,104.1668171999607,119.91879526542272,101.51258471615097,False,max_epochs,2550.1678080558777
rl4crn_rne_oscillator_trace_8rxn_stop_risksched085to09_lr1e4_entropy005_s4_c1_rnetol_d256_depth3_p20,seed185,185,570,57000,100,16,103.45649048764922,118.23855333285834,101.51258471615097,False,max_epochs,2555.537616252899
rl4crn_rne_oscillator_trace_8rxn_stop_risksched085to09_lr1e4_entropy005_s4_c1_rnetol_d256_depth3_p20,seed185,185,571,57100,100,16,102.51189527786786,117.57863431716888,101.51258471615097,False,max_epochs,2560.6218230724335
rl4crn_rne_oscillator_trace_8rxn_stop_risksched085to09_lr1e4_entropy005_s4_c1_rnetol_d256_depth3_p20,seed185,185,572,57200,100,16,102.20693352556401,115.61873355966662,101.51258471615097,False,max_epochs,2565.6285722255707
rl4crn_rne_oscillator_trace_8rxn_stop_risksched085to09_lr1e4_entropy005_s4_c1_rnetol_d256_depth3_p20,seed185,185,573,57300,100,16,102.85236679382527,118.11652437048863,101.51258471615097,False,max_epochs,2570.5321066379547
rl4crn_rne_oscillator_trace_8rxn_stop_risksched085to09_lr1e4_entropy005_s4_c1_rnetol_d256_depth3_p20,seed185,185,574,57400,100,16,102.29388055248735,116.66482687740736,101.51258471615097,False,max_epochs,2575.7860906124115
rl4crn_rne_oscillator_trace_8rxn_stop_risksched085to09_lr1e4_entropy005_s4_c1_rnetol_d256_depth3_p20,seed185,185,575,57500,100,16,102.89308541198062,119.93261348684267,101.51258471615097,False,max_epochs,2580.7579350471497
rl4crn_rne_oscillator_trace_8rxn_stop_risksched085to09_lr1e4_entropy005_s4_c1_rnetol_d256_depth3_p20,seed185,185,576,57600,100,16,104.45527653751607,122.31649638932387,101.51258471615097,False,max_epochs,2585.717736721039
rl4crn_rne_oscillator_trace_8rxn_stop_risksched085to09_lr1e4_entropy005_s4_c1_rnetol_d256_depth3_p20,seed185,185,577,57700,100,16,102.86099064118406,126.56524894768701,101.51258471615097,False,max_epochs,2590.7910408973694
rl4crn_rne_oscillator_trace_8rxn_stop_risksched085to09_lr1e4_entropy005_s4_c1_rnetol_d256_depth3_p20,seed185,185,578,57800,100,16,101.9994716595987,121.07226161084391,101.51258471615097,False,max_epochs,2595.9107460975647
rl4crn_rne_oscillator_trace_8rxn_stop_risksched085to09_lr1e4_entropy005_s4_c1_rnetol_d256_depth3_p20,seed185,185,579,57900,100,16,101.8332550819485,117.90893009304074,101.51258471615097,False,max_epochs,2600.856392145157
rl4crn_rne_oscillator_trace_8rxn_stop_risksched085to09_lr1e4_entropy005_s4_c1_rnetol_d256_depth3_p20,seed185,185,580,58000,100,16,101.60105584276423,120.60322778935111,101.51258471615097,False,max_epochs,2605.636137008667
rl4crn_rne_oscillator_trace_8rxn_stop_risksched085to09_lr1e4_entropy005_s4_c1_rnetol_d256_depth3_p20,seed185,185,581,58100,100,16,102.22655496782046,113.53877791988324,101.51258471615097,False,max_epochs,2610.6896600723267
rl4crn_rne_oscillator_trace_8rxn_stop_risksched085to09_lr1e4_entropy005_s4_c1_rnetol_d256_depth3_p20,seed185,185,582,58200,100,16,101.665886376705,118.43594945552915,101.51258471615097,False,max_epochs,2615.992922782898
rl4crn_rne_oscillator_trace_8rxn_stop_risksched085to09_lr1e4_entropy005_s4_c1_rnetol_d256_depth3_p20,seed185,185,583,58300,100,16,101.61864591279998,117.72750453928636,101.51258471615097,False,max_epochs,2621.1551563739777
rl4crn_rne_oscillator_trace_8rxn_stop_risksched085to09_lr1e4_entropy005_s4_c1_rnetol_d256_depth3_p20,seed185,185,584,58400,100,16,101.65809157206165,112.55184256728258,101.51258471615097,False,max_epochs,2626.140460252762
rl4crn_rne_oscillator_trace_8rxn_stop_risksched085to09_lr1e4_entropy005_s4_c1_rnetol_d256_depth3_p20,seed185,185,585,58500,100,16,101.91457098146401,114.40879704855448,101.51258471615097,False,max_epochs,2631.21573138237
rl4crn_rne_oscillator_trace_8rxn_stop_risksched085to09_lr1e4_entropy005_s4_c1_rnetol_d256_depth3_p20,seed185,185,586,58600,100,16,101.43733956431822,111.52582086267022,101.43733956431822,False,max_epochs,2636.537913799286
rl4crn_rne_oscillator_trace_8rxn_stop_risksched085to09_lr1e4_entropy005_s4_c1_rnetol_d256_depth3_p20,seed185,185,587,58700,100,16,101.72836015369897,111.83876282882636,101.43733956431822,False,max_epochs,2641.283376455307
rl4crn_rne_oscillator_trace_8rxn_stop_risksched085to09_lr1e4_entropy005_s4_c1_rnetol_d256_depth3_p20,seed185,185,588,58800,100,16,101.77608037938401,112.18020577407376,101.43733956431822,False,max_epochs,2645.890094280243
rl4crn_rne_oscillator_trace_8rxn_stop_risksched085to09_lr1e4_entropy005_s4_c1_rnetol_d256_depth3_p20,seed185,185,589,58900,100,16,101.84468587822269,111.28606878849342,101.43733956431822,False,max_epochs,2650.7251160144806
rl4crn_rne_oscillator_trace_8rxn_stop_risksched085to09_lr1e4_entropy005_s4_c1_rnetol_d256_depth3_p20,seed185,185,590,59000,100,16,101.87766386713855,111.86801771974164,101.43733956431822,False,max_epochs,2654.979220867157
rl4crn_rne_oscillator_trace_8rxn_stop_risksched085to09_lr1e4_entropy005_s4_c1_rnetol_d256_depth3_p20,seed185,185,591,59100,100,16,101.52377120219613,110.71260924866093,101.43733956431822,False,max_epochs,2657.399444580078
rl4crn_rne_oscillator_trace_8rxn_stop_risksched085to09_lr1e4_entropy005_s4_c1_rnetol_d256_depth3_p20,seed185,185,592,59200,100,16,101.54070881284983,110.54911649456952,101.43733956431822,False,max_epochs,2662.2490935325623
rl4crn_rne_oscillator_trace_8rxn_stop_risksched085to09_lr1e4_entropy005_s4_c1_rnetol_d256_depth3_p20,seed185,185,593,59300,100,16,101.428807989669,108.93218279708853,101.428807989669,False,max_epochs,2667.0835313796997
rl4crn_rne_oscillator_trace_8rxn_stop_risksched085to09_lr1e4_entropy005_s4_c1_rnetol_d256_depth3_p20,seed185,185,594,59400,100,16,101.46556843513675,110.18418706400728,101.428807989669,False,max_epochs,2672.2775118350983
rl4crn_rne_oscillator_trace_8rxn_stop_risksched085to09_lr1e4_entropy005_s4_c1_rnetol_d256_depth3_p20,seed185,185,595,59500,100,16,101.56523252163403,110.99868248168573,101.428807989669,False,max_epochs,2677.018438577652
rl4crn_rne_oscillator_trace_8rxn_stop_risksched085to09_lr1e4_entropy005_s4_c1_rnetol_d256_depth3_p20,seed185,185,596,59600,100,16,101.70550141601927,110.33714726038704,101.428807989669,False,max_epochs,2681.803925514221
rl4crn_rne_oscillator_trace_8rxn_stop_risksched085to09_lr1e4_entropy005_s4_c1_rnetol_d256_depth3_p20,seed185,185,597,59700,100,16,101.55385626116255,108.67809991748192,101.428807989669,False,max_epochs,2686.631878376007
rl4crn_rne_oscillator_trace_8rxn_stop_risksched085to09_lr1e4_entropy005_s4_c1_rnetol_d256_depth3_p20,seed185,185,598,59800,100,16,101.56726116883388,108.28611674423607,101.428807989669,False,max_epochs,2691.4025688171387
rl4crn_rne_oscillator_trace_8rxn_stop_risksched085to09_lr1e4_entropy005_s4_c1_rnetol_d256_depth3_p20,seed185,185,599,59900,100,16,101.83237174001576,105.97207415937191,101.428807989669,False,max_epochs,2695.68629693985
rl4crn_rne_oscillator_trace_8rxn_stop_risksched085to09_lr1e4_entropy005_s4_c1_rnetol_d256_depth3_p20,seed185,185,600,60000,100,16,101.91864280071144,106.55507998694071,101.428807989669,False,max_epochs,2697.817309141159
rl4crn_rne_oscillator_trace_8rxn_stop_risksched085to09_lr1e4_entropy005_s4_c1_rnetol_d256_depth3_p20,seed185,185,601,60100,100,16,101.76080661390647,105.44055733353834,101.428807989669,False,max_epochs,2702.497891187668
rl4crn_rne_oscillator_trace_8rxn_stop_risksched085to09_lr1e4_entropy005_s4_c1_rnetol_d256_depth3_p20,seed185,185,602,60200,100,16,101.37250075625022,107.18618853606927,101.37250075625022,False,max_epochs,2707.7696776390076
rl4crn_rne_oscillator_trace_8rxn_stop_risksched085to09_lr1e4_entropy005_s4_c1_rnetol_d256_depth3_p20,seed185,185,603,60300,100,16,101.60119083801494,109.98962681117614,101.37250075625022,False,max_epochs,2712.4121358394623
rl4crn_rne_oscillator_trace_8rxn_stop_risksched085to09_lr1e4_entropy005_s4_c1_rnetol_d256_depth3_p20,seed185,185,604,60400,100,16,101.72349163654464,108.25501170018556,101.37250075625022,False,max_epochs,2717.0563774108887
rl4crn_rne_oscillator_trace_8rxn_stop_risksched085to09_lr1e4_entropy005_s4_c1_rnetol_d256_depth3_p20,seed185,185,605,60500,100,16,103.81119743950005,111.32949291758281,101.37250075625022,False,max_epochs,2721.897432565689
rl4crn_rne_oscillator_trace_8rxn_stop_risksched085to09_lr1e4_entropy005_s4_c1_rnetol_d256_depth3_p20,seed185,185,606,60600,100,16,102.35749462831431,111.61222217840754,101.37250075625022,False,max_epochs,2726.345480442047
rl4crn_rne_oscillator_trace_8rxn_stop_risksched085to09_lr1e4_entropy005_s4_c1_rnetol_d256_depth3_p20,seed185,185,607,60700,100,16,105.18956917432558,114.10789027020306,101.37250075625022,False,max_epochs,2728.794021129608
rl4crn_rne_oscillator_trace_8rxn_stop_risksched085to09_lr1e4_entropy005_s4_c1_rnetol_d256_depth3_p20,seed185,185,608,60800,100,16,104.78987680915397,115.98187420986233,101.37250075625022,False,max_epochs,2733.2499339580536
rl4crn_rne_oscillator_trace_8rxn_stop_risksched085to09_lr1e4_entropy005_s4_c1_rnetol_d256_depth3_p20,seed185,185,609,60900,100,16,109.88934659478804,118.54832832202979,101.37250075625022,False,max_epochs,2738.0523467063904
rl4crn_rne_oscillator_trace_8rxn_stop_risksched085to09_lr1e4_entropy005_s4_c1_rnetol_d256_depth3_p20,seed185,185,610,61000,100,16,108.13918703545501,124.61984190833338,101.37250075625022,False,max_epochs,2742.7630825042725
rl4crn_rne_oscillator_trace_8rxn_stop_risksched085to09_lr1e4_entropy005_s4_c1_rnetol_d256_depth3_p20,seed185,185,611,61100,100,16,109.5933915022434,126.38281755309299,101.37250075625022,False,max_epochs,2747.7204327583313
rl4crn_rne_oscillator_trace_8rxn_stop_risksched085to09_lr1e4_entropy005_s4_c1_rnetol_d256_depth3_p20,seed185,185,612,61200,100,16,103.01767688115144,126.85446296214968,101.37250075625022,False,max_epochs,2752.794269800186
rl4crn_rne_oscillator_trace_8rxn_stop_risksched085to09_lr1e4_entropy005_s4_c1_rnetol_d256_depth3_p20,seed185,185,613,61300,100,16,103.95363963678342,131.0390648317103,101.37250075625022,False,max_epochs,2757.5861356258392
rl4crn_rne_oscillator_trace_8rxn_stop_risksched085to09_lr1e4_entropy005_s4_c1_rnetol_d256_depth3_p20,seed185,185,614,61400,100,16,106.08949732208981,130.03111543435642,101.37250075625022,False,max_epochs,2762.0483191013336
rl4crn_rne_oscillator_trace_8rxn_stop_risksched085to09_lr1e4_entropy005_s4_c1_rnetol_d256_depth3_p20,seed185,185,615,61500,100,16,106.01912250842513,128.30753813398331,101.37250075625022,False,max_epochs,2766.631391763687
rl4crn_rne_oscillator_trace_8rxn_stop_risksched085to09_lr1e4_entropy005_s4_c1_rnetol_d256_depth3_p20,seed185,185,616,61600,100,16,104.07306880530763,128.18251611796717,101.37250075625022,False,max_epochs,2768.9650995731354
rl4crn_rne_oscillator_trace_8rxn_stop_risksched085to09_lr1e4_entropy005_s4_c1_rnetol_d256_depth3_p20,seed185,185,617,61700,100,16,106.42187215272494,126.33409265237898,101.37250075625022,False,max_epochs,2773.5981736183167
rl4crn_rne_oscillator_trace_8rxn_stop_risksched085to09_lr1e4_entropy005_s4_c1_rnetol_d256_depth3_p20,seed185,185,618,61800,100,16,104.13979533025035,127.03441441956227,101.37250075625022,False,max_epochs,2778.593712091446
rl4crn_rne_oscillator_trace_8rxn_stop_risksched085to09_lr1e4_entropy005_s4_c1_rnetol_d256_depth3_p20,seed185,185,619,61900,100,16,102.01221658981514,121.37186665728592,101.37250075625022,False,max_epochs,2783.3298189640045
rl4crn_rne_oscillator_trace_8rxn_stop_risksched085to09_lr1e4_entropy005_s4_c1_rnetol_d256_depth3_p20,seed185,185,620,62000,100,16,102.51235457198328,118.34557927010246,101.37250075625022,False,max_epochs,2788.622036218643
rl4crn_rne_oscillator_trace_8rxn_stop_risksched085to09_lr1e4_entropy005_s4_c1_rnetol_d256_depth3_p20,seed185,185,621,62100,100,16,103.42434123612544,128.35234394910836,101.37250075625022,False,max_epochs,2792.93461728096
rl4crn_rne_oscillator_trace_8rxn_stop_risksched085to09_lr1e4_entropy005_s4_c1_rnetol_d256_depth3_p20,seed185,185,622,62200,100,16,102.4529348792282,126.66641125919864,101.37250075625022,False,max_epochs,2797.4780130386353
rl4crn_rne_oscillator_trace_8rxn_stop_risksched085to09_lr1e4_entropy005_s4_c1_rnetol_d256_depth3_p20,seed185,185,623,62300,100,16,101.5206082147688,131.00958218434738,101.37250075625022,False,max_epochs,2800.0952892303467
rl4crn_rne_oscillator_trace_8rxn_stop_risksched085to09_lr1e4_entropy005_s4_c1_rnetol_d256_depth3_p20,seed185,185,624,62400,100,16,104.7921366547248,139.44378434148007,101.37250075625022,False,max_epochs,2804.1922512054443
rl4crn_rne_oscillator_trace_8rxn_stop_risksched085to09_lr1e4_entropy005_s4_c1_rnetol_d256_depth3_p20,seed185,185,625,62500,100,16,101.94879402747547,139.2980412257025,101.37250075625022,False,max_epochs,2809.2438957691193
rl4crn_rne_oscillator_trace_8rxn_stop_risksched085to09_lr1e4_entropy005_s4_c1_rnetol_d256_depth3_p20,seed185,185,626,62600,100,16,102.02866789992738,145.87056475402642,101.37250075625022,False,max_epochs,2814.0237147808075
rl4crn_rne_oscillator_trace_8rxn_stop_risksched085to09_lr1e4_entropy005_s4_c1_rnetol_d256_depth3_p20,seed185,185,627,62700,100,16,101.55220151572591,140.62001651625636,101.37250075625022,False,max_epochs,2818.9370172023773
rl4crn_rne_oscillator_trace_8rxn_stop_risksched085to09_lr1e4_entropy005_s4_c1_rnetol_d256_depth3_p20,seed185,185,628,62800,100,16,102.04341433362043,142.58790696564313,101.37250075625022,False,max_epochs,2823.3404400348663
rl4crn_rne_oscillator_trace_8rxn_stop_risksched085to09_lr1e4_entropy005_s4_c1_rnetol_d256_depth3_p20,seed185,185,629,62900,100,16,102.14307697616951,133.4738197197809,101.37250075625022,False,max_epochs,2828.054064512253
rl4crn_rne_oscillator_trace_8rxn_stop_risksched085to09_lr1e4_entropy005_s4_c1_rnetol_d256_depth3_p20,seed185,185,630,63000,100,16,102.7999189175879,138.88158681641224,101.37250075625022,False,max_epochs,2830.374866247177
rl4crn_rne_oscillator_trace_8rxn_stop_risksched085to09_lr1e4_entropy005_s4_c1_rnetol_d256_depth3_p20,seed185,185,631,63100,100,16,102.57957974915159,128.87581212877035,101.37250075625022,False,max_epochs,2834.7329132556915
rl4crn_rne_oscillator_trace_8rxn_stop_risksched085to09_lr1e4_entropy005_s4_c1_rnetol_d256_depth3_p20,seed185,185,632,63200,100,16,104.4581042758817,131.58943580967502,101.37250075625022,False,max_epochs,2839.3933334350586
rl4crn_rne_oscillator_trace_8rxn_stop_risksched085to09_lr1e4_entropy005_s4_c1_rnetol_d256_depth3_p20,seed185,185,633,63300,100,16,101.81950109635235,121.99347487714113,101.37250075625022,False,max_epochs,2843.825007915497
rl4crn_rne_oscillator_trace_8rxn_stop_risksched085to09_lr1e4_entropy005_s4_c1_rnetol_d256_depth3_p20,seed185,185,634,63400,100,16,103.46397270285,125.0888417369022,101.37250075625022,False,max_epochs,2848.570240020752
rl4crn_rne_oscillator_trace_8rxn_stop_risksched085to09_lr1e4_entropy005_s4_c1_rnetol_d256_depth3_p20,seed185,185,635,63500,100,16,102.19066489374869,132.19552313647057,101.37250075625022,False,max_epochs,2850.6453585624695
rl4crn_rne_oscillator_trace_8rxn_stop_risksched085to09_lr1e4_entropy005_s4_c1_rnetol_d256_depth3_p20,seed185,185,636,63600,100,16,104.49279618531972,122.1885650469056,101.37250075625022,False,max_epochs,2855.211805820465
rl4crn_rne_oscillator_trace_8rxn_stop_risksched085to09_lr1e4_entropy005_s4_c1_rnetol_d256_depth3_p20,seed185,185,637,63700,100,16,101.83388824475237,130.60256159038346,101.37250075625022,False,max_epochs,2860.2791430950165
rl4crn_rne_oscillator_trace_8rxn_stop_risksched085to09_lr1e4_entropy005_s4_c1_rnetol_d256_depth3_p20,seed185,185,638,63800,100,16,102.88872138995406,122.42520304904072,101.37250075625022,False,max_epochs,2865.467166185379
rl4crn_rne_oscillator_trace_8rxn_stop_risksched085to09_lr1e4_entropy005_s4_c1_rnetol_d256_depth3_p20,seed185,185,639,63900,100,16,102.3037289679272,120.9852349558077,101.37250075625022,False,max_epochs,2870.3899867534637
rl4crn_rne_oscillator_trace_8rxn_stop_risksched085to09_lr1e4_entropy005_s4_c1_rnetol_d256_depth3_p20,seed185,185,640,64000,100,16,102.26892754705634,121.40022467539939,101.37250075625022,False,max_epochs,2875.650055885315
rl4crn_rne_oscillator_trace_8rxn_stop_risksched085to09_lr1e4_entropy005_s4_c1_rnetol_d256_depth3_p20,seed185,185,641,64100,100,16,101.90877082666283,119.0099063999046,101.37250075625022,False,max_epochs,2880.5373828411102
rl4crn_rne_oscillator_trace_8rxn_stop_risksched085to09_lr1e4_entropy005_s4_c1_rnetol_d256_depth3_p20,seed185,185,642,64200,100,16,102.53870780133754,114.77807512373653,101.37250075625022,False,max_epochs,2885.8782353401184
rl4crn_rne_oscillator_trace_8rxn_stop_risksched085to09_lr1e4_entropy005_s4_c1_rnetol_d256_depth3_p20,seed185,185,643,64300,100,16,102.32565618654705,115.04898883546265,101.37250075625022,False,max_epochs,2890.835471868515
rl4crn_rne_oscillator_trace_8rxn_stop_risksched085to09_lr1e4_entropy005_s4_c1_rnetol_d256_depth3_p20,seed185,185,644,64400,100,16,102.02220223539086,113.98471984718157,101.37250075625022,False,max_epochs,2895.4067034721375
rl4crn_rne_oscillator_trace_8rxn_stop_risksched085to09_lr1e4_entropy005_s4_c1_rnetol_d256_depth3_p20,seed185,185,645,64500,100,16,101.7168568412305,113.80922181993034,101.37250075625022,False,max_epochs,2900.3024904727936
rl4crn_rne_oscillator_trace_8rxn_stop_risksched085to09_lr1e4_entropy005_s4_c1_rnetol_d256_depth3_p20,seed185,185,646,64600,100,16,101.63343466664838,114.29914282716916,101.37250075625022,False,max_epochs,2905.035345554352
rl4crn_rne_oscillator_trace_8rxn_stop_risksched085to09_lr1e4_entropy005_s4_c1_rnetol_d256_depth3_p20,seed185,185,647,64700,100,16,102.39758072561358,113.60399937262763,101.37250075625022,False,max_epochs,2907.2037897109985
rl4crn_rne_oscillator_trace_8rxn_stop_risksched085to09_lr1e4_entropy005_s4_c1_rnetol_d256_depth3_p20,seed185,185,648,64800,100,16,102.14874695720624,110.55192673003216,101.37250075625022,False,max_epochs,2911.489057302475
rl4crn_rne_oscillator_trace_8rxn_stop_risksched085to09_lr1e4_entropy005_s4_c1_rnetol_d256_depth3_p20,seed185,185,649,64900,100,16,101.98026939344577,111.36088168575822,101.37250075625022,False,max_epochs,2916.5240364074707
rl4crn_rne_oscillator_trace_8rxn_stop_risksched085to09_lr1e4_entropy005_s4_c1_rnetol_d256_depth3_p20,seed185,185,650,65000,100,16,101.69876634206997,107.24438864436462,101.37250075625022,False,max_epochs,2921.8379588127136
rl4crn_rne_oscillator_trace_8rxn_stop_risksched085to09_lr1e4_entropy005_s4_c1_rnetol_d256_depth3_p20,seed185,185,651,65100,100,16,101.79472073231938,109.8443186440006,101.37250075625022,False,max_epochs,2926.9129724502563
rl4crn_rne_oscillator_trace_8rxn_stop_risksched085to09_lr1e4_entropy005_s4_c1_rnetol_d256_depth3_p20,seed185,185,652,65200,100,16,101.43902083168956,107.01480141803931,101.37250075625022,False,max_epochs,2931.86461687088
rl4crn_rne_oscillator_trace_8rxn_stop_risksched085to09_lr1e4_entropy005_s4_c1_rnetol_d256_depth3_p20,seed185,185,653,65300,100,16,101.54610145600562,105.9726621646036,101.37250075625022,False,max_epochs,2937.0577137470245
rl4crn_rne_oscillator_trace_8rxn_stop_risksched085to09_lr1e4_entropy005_s4_c1_rnetol_d256_depth3_p20,seed185,185,654,65400,100,16,101.79780122942577,107.6137183619027,101.37250075625022,False,max_epochs,2942.416997909546
rl4crn_rne_oscillator_trace_8rxn_stop_risksched085to09_lr1e4_entropy005_s4_c1_rnetol_d256_depth3_p20,seed185,185,655,65500,100,16,104.42358547068987,108.5198098514626,101.37250075625022,False,max_epochs,2947.3049178123474
rl4crn_rne_oscillator_trace_8rxn_stop_risksched085to09_lr1e4_entropy005_s4_c1_rnetol_d256_depth3_p20,seed185,185,656,65600,100,16,104.83278666590957,110.8696499202261,101.37250075625022,False,max_epochs,2952.205016851425
rl4crn_rne_oscillator_trace_8rxn_stop_risksched085to09_lr1e4_entropy005_s4_c1_rnetol_d256_depth3_p20,seed185,185,657,65700,100,16,105.76216725006043,114.18954049582194,101.37250075625022,False,max_epochs,2956.8271849155426
rl4crn_rne_oscillator_trace_8rxn_stop_risksched085to09_lr1e4_entropy005_s4_c1_rnetol_d256_depth3_p20,seed185,185,658,65800,100,16,108.4502773192542,118.70176979626929,101.37250075625022,False,max_epochs,2961.4962091445923
rl4crn_rne_oscillator_trace_8rxn_stop_risksched085to09_lr1e4_entropy005_s4_c1_rnetol_d256_depth3_p20,seed185,185,659,65900,100,16,109.66068739521985,120.97150761065613,101.37250075625022,False,max_epochs,2963.650804042816
rl4crn_rne_oscillator_trace_8rxn_stop_risksched085to09_lr1e4_entropy005_s4_c1_rnetol_d256_depth3_p20,seed185,185,660,66000,100,16,107.38292507365226,123.34600284841576,101.37250075625022,False,max_epochs,2968.0167274475098
rl4crn_rne_oscillator_trace_8rxn_stop_risksched085to09_lr1e4_entropy005_s4_c1_rnetol_d256_depth3_p20,seed185,185,661,66100,100,16,108.38736463417533,124.56678382822042,101.37250075625022,False,max_epochs,2972.972776412964
rl4crn_rne_oscillator_trace_8rxn_stop_risksched085to09_lr1e4_entropy005_s4_c1_rnetol_d256_depth3_p20,seed185,185,662,66200,100,16,104.93427552017334,124.04687087473607,101.37250075625022,False,max_epochs,2977.3826661109924
rl4crn_rne_oscillator_trace_8rxn_stop_risksched085to09_lr1e4_entropy005_s4_c1_rnetol_d256_depth3_p20,seed185,185,663,66300,100,16,108.41779785281972,124.16127647550692,101.37250075625022,False,max_epochs,2982.187597513199
rl4crn_rne_oscillator_trace_8rxn_stop_risksched085to09_lr1e4_entropy005_s4_c1_rnetol_d256_depth3_p20,seed185,185,664,66400,100,16,104.8351054872511,122.32790989820589,101.37250075625022,False,max_epochs,2986.591217517853
rl4crn_rne_oscillator_trace_8rxn_stop_risksched085to09_lr1e4_entropy005_s4_c1_rnetol_d256_depth3_p20,seed185,185,665,66500,100,16,108.65655576016033,120.76038536135016,101.37250075625022,False,max_epochs,2989.1323413848877
rl4crn_rne_oscillator_trace_8rxn_stop_risksched085to09_lr1e4_entropy005_s4_c1_rnetol_d256_depth3_p20,seed185,185,666,66600,100,16,107.03047051981665,119.94505803639996,101.37250075625022,False,max_epochs,2993.687160730362
rl4crn_rne_oscillator_trace_8rxn_stop_risksched085to09_lr1e4_entropy005_s4_c1_rnetol_d256_depth3_p20,seed185,185,667,66700,100,16,105.95781540615806,122.20559087573416,101.37250075625022,False,max_epochs,2998.825399160385
rl4crn_rne_oscillator_trace_8rxn_stop_risksched085to09_lr1e4_entropy005_s4_c1_rnetol_d256_depth3_p20,seed185,185,668,66800,100,16,103.91880975300552,123.56956801395224,101.37250075625022,False,max_epochs,3003.607885122299
rl4crn_rne_oscillator_trace_8rxn_stop_risksched085to09_lr1e4_entropy005_s4_c1_rnetol_d256_depth3_p20,seed185,185,669,66900,100,16,102.10292667350971,120.33186776579785,101.37250075625022,False,max_epochs,3008.5678465366364
rl4crn_rne_oscillator_trace_8rxn_stop_risksched085to09_lr1e4_entropy005_s4_c1_rnetol_d256_depth3_p20,seed185,185,670,67000,100,16,102.50716544148555,119.24164220232204,101.37250075625022,False,max_epochs,3013.199406862259
rl4crn_rne_oscillator_trace_8rxn_stop_risksched085to09_lr1e4_entropy005_s4_c1_rnetol_d256_depth3_p20,seed185,185,671,67100,100,16,102.42039751856011,119.08695589513022,101.37250075625022,False,max_epochs,3017.703802585602
rl4crn_rne_oscillator_trace_8rxn_stop_risksched085to09_lr1e4_entropy005_s4_c1_rnetol_d256_depth3_p20,seed185,185,672,67200,100,16,102.93634421109354,117.39757865128433,101.37250075625022,False,max_epochs,3022.447119474411
rl4crn_rne_oscillator_trace_8rxn_stop_risksched085to09_lr1e4_entropy005_s4_c1_rnetol_d256_depth3_p20,seed185,185,673,67300,100,16,102.16036101645622,120.69624229198831,101.37250075625022,False,max_epochs,3024.8570432662964
rl4crn_rne_oscillator_trace_8rxn_stop_risksched085to09_lr1e4_entropy005_s4_c1_rnetol_d256_depth3_p20,seed185,185,674,67400,100,16,103.00821195855046,125.73645597577313,101.37250075625022,False,max_epochs,3028.8349647521973
rl4crn_rne_oscillator_trace_8rxn_stop_risksched085to09_lr1e4_entropy005_s4_c1_rnetol_d256_depth3_p20,seed185,185,675,67500,100,16,102.07605534144041,124.62415320666506,101.37250075625022,False,max_epochs,3033.908789396286
rl4crn_rne_oscillator_trace_8rxn_stop_risksched085to09_lr1e4_entropy005_s4_c1_rnetol_d256_depth3_p20,seed185,185,676,67600,100,16,102.20601712592227,123.17315266039988,101.37250075625022,False,max_epochs,3038.9458770751953
rl4crn_rne_oscillator_trace_8rxn_stop_risksched085to09_lr1e4_entropy005_s4_c1_rnetol_d256_depth3_p20,seed185,185,677,67700,100,16,102.49426365625479,122.00774997589505,101.37250075625022,False,max_epochs,3044.422474861145
rl4crn_rne_oscillator_trace_8rxn_stop_risksched085to09_lr1e4_entropy005_s4_c1_rnetol_d256_depth3_p20,seed185,185,678,67800,100,16,102.52362522755305,118.77522015925283,101.37250075625022,False,max_epochs,3049.2069449424744
rl4crn_rne_oscillator_trace_8rxn_stop_risksched085to09_lr1e4_entropy005_s4_c1_rnetol_d256_depth3_p20,seed185,185,679,67900,100,16,101.84422089662542,120.17460984088501,101.37250075625022,False,max_epochs,3053.9446749687195
rl4crn_rne_oscillator_trace_8rxn_stop_risksched085to09_lr1e4_entropy005_s4_c1_rnetol_d256_depth3_p20,seed185,185,680,68000,100,16,102.84136071453571,119.42440061506574,101.37250075625022,False,max_epochs,3059.010465145111
rl4crn_rne_oscillator_trace_8rxn_stop_risksched085to09_lr1e4_entropy005_s4_c1_rnetol_d256_depth3_p20,seed185,185,681,68100,100,16,102.57749185162203,116.6175186644662,101.37250075625022,False,max_epochs,3063.3749735355377
rl4crn_rne_oscillator_trace_8rxn_stop_risksched085to09_lr1e4_entropy005_s4_c1_rnetol_d256_depth3_p20,seed185,185,682,68200,100,16,101.86797961583495,113.4718909400558,101.37250075625022,False,max_epochs,3068.019087076187
rl4crn_rne_oscillator_trace_8rxn_stop_risksched085to09_lr1e4_entropy005_s4_c1_rnetol_d256_depth3_p20,seed185,185,683,68300,100,16,101.51404365900383,111.1079498873881,101.37250075625022,False,max_epochs,3070.2033927440643
rl4crn_rne_oscillator_trace_8rxn_stop_risksched085to09_lr1e4_entropy005_s4_c1_rnetol_d256_depth3_p20,seed185,185,684,68400,100,16,102.05950314189694,116.60136122919056,101.37250075625022,False,max_epochs,3074.9105236530304
rl4crn_rne_oscillator_trace_8rxn_stop_risksched085to09_lr1e4_entropy005_s4_c1_rnetol_d256_depth3_p20,seed185,185,685,68500,100,16,102.67128167320936,114.13084044362253,101.37250075625022,False,max_epochs,3079.7397425174713
rl4crn_rne_oscillator_trace_8rxn_stop_risksched085to09_lr1e4_entropy005_s4_c1_rnetol_d256_depth3_p20,seed185,185,686,68600,100,16,102.43596618119649,119.17391117271407,101.37250075625022,False,max_epochs,3084.8376655578613
rl4crn_rne_oscillator_trace_8rxn_stop_risksched085to09_lr1e4_entropy005_s4_c1_rnetol_d256_depth3_p20,seed185,185,687,68700,100,16,102.47665407430995,114.21767343568,101.37250075625022,False,max_epochs,3090.382264137268
rl4crn_rne_oscillator_trace_8rxn_stop_risksched085to09_lr1e4_entropy005_s4_c1_rnetol_d256_depth3_p20,seed185,185,688,68800,100,16,101.45826083472535,112.30979993780053,101.37250075625022,False,max_epochs,3095.1648359298706
rl4crn_rne_oscillator_trace_8rxn_stop_risksched085to09_lr1e4_entropy005_s4_c1_rnetol_d256_depth3_p20,seed185,185,689,68900,100,16,101.70978825699098,110.81861277186522,101.37250075625022,False,max_epochs,3100.087925672531
rl4crn_rne_oscillator_trace_8rxn_stop_risksched085to09_lr1e4_entropy005_s4_c1_rnetol_d256_depth3_p20,seed185,185,690,69000,100,16,101.56731112615216,107.0977332089976,101.37250075625022,False,max_epochs,3105.0503544807434
rl4crn_rne_oscillator_trace_8rxn_stop_risksched085to09_lr1e4_entropy005_s4_c1_rnetol_d256_depth3_p20,seed185,185,691,69100,100,16,101.61668808593919,108.18179334206832,101.37250075625022,False,max_epochs,3110.5086266994476
rl4crn_rne_oscillator_trace_8rxn_stop_risksched085to09_lr1e4_entropy005_s4_c1_rnetol_d256_depth3_p20,seed185,185,692,69200,100,16,101.8424139176379,107.49514704407584,101.37250075625022,False,max_epochs,3115.513838291168
rl4crn_rne_oscillator_trace_8rxn_stop_risksched085to09_lr1e4_entropy005_s4_c1_rnetol_d256_depth3_p20,seed185,185,693,69300,100,16,101.83659306724105,109.85321011807714,101.37250075625022,False,max_epochs,3120.5454573631287
rl4crn_rne_oscillator_trace_8rxn_stop_risksched085to09_lr1e4_entropy005_s4_c1_rnetol_d256_depth3_p20,seed185,185,694,69400,100,16,103.0273289454702,111.62007672635343,101.37250075625022,False,max_epochs,3125.3361513614655
rl4crn_rne_oscillator_trace_8rxn_stop_risksched085to09_lr1e4_entropy005_s4_c1_rnetol_d256_depth3_p20,seed185,185,695,69500,100,16,103.65467544777155,111.48085141536241,101.37250075625022,False,max_epochs,3130.762994289398
rl4crn_rne_oscillator_trace_8rxn_stop_risksched085to09_lr1e4_entropy005_s4_c1_rnetol_d256_depth3_p20,seed185,185,696,69600,100,16,102.86772640359712,112.10919567974634,101.37250075625022,False,max_epochs,3135.5880007743835
rl4crn_rne_oscillator_trace_8rxn_stop_risksched085to09_lr1e4_entropy005_s4_c1_rnetol_d256_depth3_p20,seed185,185,697,69700,100,16,104.364820158671,114.05146982684032,101.37250075625022,False,max_epochs,3140.1931385993958
rl4crn_rne_oscillator_trace_8rxn_stop_risksched085to09_lr1e4_entropy005_s4_c1_rnetol_d256_depth3_p20,seed185,185,698,69800,100,16,103.94578693558141,113.62651328282985,101.37250075625022,False,max_epochs,3144.896636724472
rl4crn_rne_oscillator_trace_8rxn_stop_risksched085to09_lr1e4_entropy005_s4_c1_rnetol_d256_depth3_p20,seed185,185,699,69900,100,16,102.98599759592713,114.70022779434615,101.37250075625022,False,max_epochs,3149.3462388515472
rl4crn_rne_oscillator_trace_8rxn_stop_risksched085to09_lr1e4_entropy005_s4_c1_rnetol_d256_depth3_p20,seed185,185,700,70000,100,16,103.20844600668303,112.9619111302054,101.37250075625022,False,max_epochs,3151.5411705970764
rl4crn_rne_oscillator_trace_8rxn_stop_risksched085to09_lr1e4_entropy005_s4_c1_rnetol_d256_depth3_p20,seed185,185,701,70100,100,16,101.49124412892304,112.03719371884702,101.37250075625022,False,max_epochs,3156.073528289795
rl4crn_rne_oscillator_trace_8rxn_stop_risksched085to09_lr1e4_entropy005_s4_c1_rnetol_d256_depth3_p20,seed185,185,702,70200,100,16,102.07165127065603,113.05487064662029,101.37250075625022,False,max_epochs,3160.9511609077454
rl4crn_rne_oscillator_trace_8rxn_stop_risksched085to09_lr1e4_entropy005_s4_c1_rnetol_d256_depth3_p20,seed185,185,703,70300,100,16,101.67554405848011,111.88664553453529,101.37250075625022,False,max_epochs,3166.45822763443
rl4crn_rne_oscillator_trace_8rxn_stop_risksched085to09_lr1e4_entropy005_s4_c1_rnetol_d256_depth3_p20,seed185,185,704,70400,100,16,101.76669463645311,111.18118210199393,101.37250075625022,False,max_epochs,3171.173090696335
rl4crn_rne_oscillator_trace_8rxn_stop_risksched085to09_lr1e4_entropy005_s4_c1_rnetol_d256_depth3_p20,seed185,185,705,70500,100,16,101.98180665325245,114.80490037596094,101.37250075625022,False,max_epochs,3175.542912006378
rl4crn_rne_oscillator_trace_8rxn_stop_risksched085to09_lr1e4_entropy005_s4_c1_rnetol_d256_depth3_p20,seed185,185,706,70600,100,16,101.80339723842815,113.57499333741417,101.37250075625022,False,max_epochs,3180.072651386261
rl4crn_rne_oscillator_trace_8rxn_stop_risksched085to09_lr1e4_entropy005_s4_c1_rnetol_d256_depth3_p20,seed185,185,707,70700,100,16,101.88344050194073,113.29738594223508,101.37250075625022,False,max_epochs,3184.5005309581757
rl4crn_rne_oscillator_trace_8rxn_stop_risksched085to09_lr1e4_entropy005_s4_c1_rnetol_d256_depth3_p20,seed185,185,708,70800,100,16,101.96923560375912,111.77694788664158,101.37250075625022,False,max_epochs,3188.0147771835327
rl4crn_rne_oscillator_trace_8rxn_stop_risksched085to09_lr1e4_entropy005_s4_c1_rnetol_d256_depth3_p20,seed185,185,709,70900,100,16,101.73557722307558,113.31235638699187,101.37250075625022,False,max_epochs,3191.3485836982727
rl4crn_rne_oscillator_trace_8rxn_stop_risksched085to09_lr1e4_entropy005_s4_c1_rnetol_d256_depth3_p20,seed185,185,710,71000,100,16,101.76599596337117,111.81572973049936,101.37250075625022,False,max_epochs,3196.2751467227936
rl4crn_rne_oscillator_trace_8rxn_stop_risksched085to09_lr1e4_entropy005_s4_c1_rnetol_d256_depth3_p20,seed185,185,711,71100,100,16,101.86846059013455,108.85906728830446,101.37250075625022,False,max_epochs,3201.3269085884094
rl4crn_rne_oscillator_trace_8rxn_stop_risksched085to09_lr1e4_entropy005_s4_c1_rnetol_d256_depth3_p20,seed185,185,712,71200,100,16,102.2256181401297,109.24320431921038,101.37250075625022,False,max_epochs,3205.8290190696716
rl4crn_rne_oscillator_trace_8rxn_stop_risksched085to09_lr1e4_entropy005_s4_c1_rnetol_d256_depth3_p20,seed185,185,713,71300,100,16,101.87190355903986,110.16931350768928,101.37250075625022,False,max_epochs,3210.399399995804
rl4crn_rne_oscillator_trace_8rxn_stop_risksched085to09_lr1e4_entropy005_s4_c1_rnetol_d256_depth3_p20,seed185,185,714,71400,100,16,101.61350592775949,107.57344349213186,101.37250075625022,False,max_epochs,3215.1337361335754
rl4crn_rne_oscillator_trace_8rxn_stop_risksched085to09_lr1e4_entropy005_s4_c1_rnetol_d256_depth3_p20,seed185,185,715,71500,100,16,101.70894602028424,106.96342937021308,101.37250075625022,False,max_epochs,3219.4934718608856
rl4crn_rne_oscillator_trace_8rxn_stop_risksched085to09_lr1e4_entropy005_s4_c1_rnetol_d256_depth3_p20,seed185,185,716,71600,100,16,101.67438934527108,106.47411788385615,101.37250075625022,False,max_epochs,3221.638239622116
rl4crn_rne_oscillator_trace_8rxn_stop_risksched085to09_lr1e4_entropy005_s4_c1_rnetol_d256_depth3_p20,seed185,185,717,71700,100,16,101.49599598280092,105.67978329951741,101.37250075625022,False,max_epochs,3226.514349937439
rl4crn_rne_oscillator_trace_8rxn_stop_risksched085to09_lr1e4_entropy005_s4_c1_rnetol_d256_depth3_p20,seed185,185,718,71800,100,16,101.56332132867546,105.13437325821025,101.37250075625022,False,max_epochs,3231.496664762497
rl4crn_rne_oscillator_trace_8rxn_stop_risksched085to09_lr1e4_entropy005_s4_c1_rnetol_d256_depth3_p20,seed185,185,719,71900,100,16,101.53889683026733,107.11905512036694,101.37250075625022,False,max_epochs,3236.8609051704407
rl4crn_rne_oscillator_trace_8rxn_stop_risksched085to09_lr1e4_entropy005_s4_c1_rnetol_d256_depth3_p20,seed185,185,720,72000,100,16,101.80785244286416,108.33634445242635,101.37250075625022,False,max_epochs,3241.352166414261
rl4crn_rne_oscillator_trace_8rxn_stop_risksched085to09_lr1e4_entropy005_s4_c1_rnetol_d256_depth3_p20,seed185,185,721,72100,100,16,102.30559834137378,109.80696388894523,101.37250075625022,False,max_epochs,3246.132395505905
rl4crn_rne_oscillator_trace_8rxn_stop_risksched085to09_lr1e4_entropy005_s4_c1_rnetol_d256_depth3_p20,seed185,185,722,72200,100,16,101.43043681888898,106.6273988575851,101.37250075625022,False,max_epochs,3250.6350841522217
rl4crn_rne_oscillator_trace_8rxn_stop_risksched085to09_lr1e4_entropy005_s4_c1_rnetol_d256_depth3_p20,seed185,185,723,72300,100,16,101.37477726261118,104.82889475631609,101.37250075625022,False,max_epochs,3254.7247409820557
rl4crn_rne_oscillator_trace_8rxn_stop_risksched085to09_lr1e4_entropy005_s4_c1_rnetol_d256_depth3_p20,seed185,185,724,72400,100,16,101.41170707670868,104.2134867820271,101.37250075625022,False,max_epochs,3256.9983236789703
rl4crn_rne_oscillator_trace_8rxn_stop_risksched085to09_lr1e4_entropy005_s4_c1_rnetol_d256_depth3_p20,seed185,185,725,72500,100,16,101.44765010525414,105.25287944491687,101.37250075625022,False,max_epochs,3261.928163290024
rl4crn_rne_oscillator_trace_8rxn_stop_risksched085to09_lr1e4_entropy005_s4_c1_rnetol_d256_depth3_p20,seed185,185,726,72600,100,16,102.14959498776027,108.35052654650113,101.37250075625022,False,max_epochs,3267.013315677643
rl4crn_rne_oscillator_trace_8rxn_stop_risksched085to09_lr1e4_entropy005_s4_c1_rnetol_d256_depth3_p20,seed185,185,727,72700,100,16,103.25548994349313,108.617024176597,101.37250075625022,False,max_epochs,3272.2075192928314
rl4crn_rne_oscillator_trace_8rxn_stop_risksched085to09_lr1e4_entropy005_s4_c1_rnetol_d256_depth3_p20,seed185,185,728,72800,100,16,103.66239606280384,109.45835386432574,101.37250075625022,False,max_epochs,3277.1361825466156
rl4crn_rne_oscillator_trace_8rxn_stop_risksched085to09_lr1e4_entropy005_s4_c1_rnetol_d256_depth3_p20,seed185,185,729,72900,100,16,103.47631044128822,110.0406670851458,101.37250075625022,False,max_epochs,3281.9433431625366
rl4crn_rne_oscillator_trace_8rxn_stop_risksched085to09_lr1e4_entropy005_s4_c1_rnetol_d256_depth3_p20,seed185,185,730,73000,100,16,102.3592880632889,107.95843030165337,101.37250075625022,False,max_epochs,3286.805604457855
rl4crn_rne_oscillator_trace_8rxn_stop_risksched085to09_lr1e4_entropy005_s4_c1_rnetol_d256_depth3_p20,seed185,185,731,73100,100,16,101.55927130341888,106.17523976273186,101.37250075625022,False,max_epochs,3291.6552152633667
rl4crn_rne_oscillator_trace_8rxn_stop_risksched085to09_lr1e4_entropy005_s4_c1_rnetol_d256_depth3_p20,seed185,185,732,73200,100,16,101.79669288069356,104.19999100969866,101.37250075625022,False,max_epochs,3296.196485519409
rl4crn_rne_oscillator_trace_8rxn_stop_risksched085to09_lr1e4_entropy005_s4_c1_rnetol_d256_depth3_p20,seed185,185,733,73300,100,16,102.0164679671921,104.14847227858245,101.37250075625022,False,max_epochs,3298.348578453064
rl4crn_rne_oscillator_trace_8rxn_stop_risksched085to09_lr1e4_entropy005_s4_c1_rnetol_d256_depth3_p20,seed185,185,734,73400,100,16,102.01868647092017,104.39107191207182,101.37250075625022,False,max_epochs,3302.8471524715424
rl4crn_rne_oscillator_trace_8rxn_stop_risksched085to09_lr1e4_entropy005_s4_c1_rnetol_d256_depth3_p20,seed185,185,735,73500,100,16,101.815458911592,104.7443140454737,101.37250075625022,False,max_epochs,3308.077211380005
rl4crn_rne_oscillator_trace_8rxn_stop_risksched085to09_lr1e4_entropy005_s4_c1_rnetol_d256_depth3_p20,seed185,185,736,73600,100,16,101.57482070616987,105.8053352743579,101.37250075625022,False,max_epochs,3312.778579711914
rl4crn_rne_oscillator_trace_8rxn_stop_risksched085to09_lr1e4_entropy005_s4_c1_rnetol_d256_depth3_p20,seed185,185,737,73700,100,16,101.57616082376997,107.53246036422186,101.37250075625022,False,max_epochs,3317.295672893524
rl4crn_rne_oscillator_trace_8rxn_stop_risksched085to09_lr1e4_entropy005_s4_c1_rnetol_d256_depth3_p20,seed185,185,738,73800,100,16,101.40069623924825,109.01377416303384,101.37250075625022,False,max_epochs,3322.017598628998
rl4crn_rne_oscillator_trace_8rxn_stop_risksched085to09_lr1e4_entropy005_s4_c1_rnetol_d256_depth3_p20,seed185,185,739,73900,100,16,101.41282128645706,106.57863000621319,101.37250075625022,False,max_epochs,3325.557032108307
rl4crn_rne_oscillator_trace_8rxn_stop_risksched085to09_lr1e4_entropy005_s4_c1_rnetol_d256_depth3_p20,seed185,185,740,74000,100,16,101.38609464292622,105.95549460505347,101.37250075625022,False,max_epochs,3328.6501245498657
rl4crn_rne_oscillator_trace_8rxn_stop_risksched085to09_lr1e4_entropy005_s4_c1_rnetol_d256_depth3_p20,seed185,185,741,74100,100,16,101.49030408882476,106.50789362239033,101.37250075625022,False,max_epochs,3333.4477620124817
rl4crn_rne_oscillator_trace_8rxn_stop_risksched085to09_lr1e4_entropy005_s4_c1_rnetol_d256_depth3_p20,seed185,185,742,74200,100,16,101.63424860678019,106.93653734282039,101.37250075625022,False,max_epochs,3338.1621232032776
rl4crn_rne_oscillator_trace_8rxn_stop_risksched085to09_lr1e4_entropy005_s4_c1_rnetol_d256_depth3_p20,seed185,185,743,74300,100,16,101.38550934993788,110.20345108456065,101.37250075625022,False,max_epochs,3343.557015657425
rl4crn_rne_oscillator_trace_8rxn_stop_risksched085to09_lr1e4_entropy005_s4_c1_rnetol_d256_depth3_p20,seed185,185,744,74400,100,16,102.29757146138664,110.56478872957928,101.37250075625022,False,max_epochs,3348.235648870468
rl4crn_rne_oscillator_trace_8rxn_stop_risksched085to09_lr1e4_entropy005_s4_c1_rnetol_d256_depth3_p20,seed185,185,745,74500,100,16,101.7875021693284,108.74307059225526,101.37250075625022,False,max_epochs,3352.897340297699
rl4crn_rne_oscillator_trace_8rxn_stop_risksched085to09_lr1e4_entropy005_s4_c1_rnetol_d256_depth3_p20,seed185,185,746,74600,100,16,101.69395712790781,106.61594274413929,101.37250075625022,False,max_epochs,3357.314359664917
rl4crn_rne_oscillator_trace_8rxn_stop_risksched085to09_lr1e4_entropy005_s4_c1_rnetol_d256_depth3_p20,seed185,185,747,74700,100,16,101.76391891267215,106.09420553091377,101.37250075625022,False,max_epochs,3361.8712482452393
rl4crn_rne_oscillator_trace_8rxn_stop_risksched085to09_lr1e4_entropy005_s4_c1_rnetol_d256_depth3_p20,seed185,185,748,74800,100,16,101.58056326387432,108.34440812398921,101.37250075625022,False,max_epochs,3363.874000787735
rl4crn_rne_oscillator_trace_8rxn_stop_risksched085to09_lr1e4_entropy005_s4_c1_rnetol_d256_depth3_p20,seed185,185,749,74900,100,16,101.5581973716151,109.90817447090338,101.37250075625022,False,max_epochs,3368.1469690799713
rl4crn_rne_oscillator_trace_8rxn_stop_risksched085to09_lr1e4_entropy005_s4_c1_rnetol_d256_depth3_p20,seed185,185,750,75000,100,16,102.10663589081952,109.43836015773813,101.37250075625022,False,max_epochs,3372.956469297409
rl4crn_rne_oscillator_trace_8rxn_stop_risksched085to09_lr1e4_entropy005_s4_c1_rnetol_d256_depth3_p20,seed185,185,751,75100,100,16,101.7771563277035,110.03015583966365,101.37250075625022,False,max_epochs,3378.1776926517487
rl4crn_rne_oscillator_trace_8rxn_stop_risksched085to09_lr1e4_entropy005_s4_c1_rnetol_d256_depth3_p20,seed185,185,752,75200,100,16,101.55373333327547,107.2896609293089,101.37250075625022,False,max_epochs,3382.900312423706
rl4crn_rne_oscillator_trace_8rxn_stop_risksched085to09_lr1e4_entropy005_s4_c1_rnetol_d256_depth3_p20,seed185,185,753,75300,100,16,101.76809823428259,106.17917893532214,101.37250075625022,False,max_epochs,3387.9695494174957
rl4crn_rne_oscillator_trace_8rxn_stop_risksched085to09_lr1e4_entropy005_s4_c1_rnetol_d256_depth3_p20,seed185,185,754,75400,100,16,101.5670987121961,105.43503100972309,101.37250075625022,False,max_epochs,3392.7700090408325
rl4crn_rne_oscillator_trace_8rxn_stop_risksched085to09_lr1e4_entropy005_s4_c1_rnetol_d256_depth3_p20,seed185,185,755,75500,100,16,101.51293493967093,105.26912521058279,101.37250075625022,False,max_epochs,3398.011434316635
rl4crn_rne_oscillator_trace_8rxn_stop_risksched085to09_lr1e4_entropy005_s4_c1_rnetol_d256_depth3_p20,seed185,185,756,75600,100,16,101.4717797764697,105.52471385447785,101.37250075625022,False,max_epochs,3402.6994140148163
rl4crn_rne_oscillator_trace_8rxn_stop_risksched085to09_lr1e4_entropy005_s4_c1_rnetol_d256_depth3_p20,seed185,185,757,75700,100,16,101.59677030213736,105.0501215604429,101.37250075625022,False,max_epochs,3407.227281808853
rl4crn_rne_oscillator_trace_8rxn_stop_risksched085to09_lr1e4_entropy005_s4_c1_rnetol_d256_depth3_p20,seed185,185,758,75800,100,16,101.63381787700516,106.38899988884661,101.37250075625022,False,max_epochs,3411.971121788025
rl4crn_rne_oscillator_trace_8rxn_stop_risksched085to09_lr1e4_entropy005_s4_c1_rnetol_d256_depth3_p20,seed185,185,759,75900,100,16,101.55285705922208,107.02638580302289,101.37250075625022,False,max_epochs,3414.333965063095
rl4crn_rne_oscillator_trace_8rxn_stop_risksched085to09_lr1e4_entropy005_s4_c1_rnetol_d256_depth3_p20,seed185,185,760,76000,100,16,101.4986870170531,106.14989406781181,101.37250075625022,False,max_epochs,3418.4038696289062
rl4crn_rne_oscillator_trace_8rxn_stop_risksched085to09_lr1e4_entropy005_s4_c1_rnetol_d256_depth3_p20,seed185,185,761,76100,100,16,101.63757519630519,105.0623937214387,101.37250075625022,False,max_epochs,3423.360543489456
rl4crn_rne_oscillator_trace_8rxn_stop_risksched085to09_lr1e4_entropy005_s4_c1_rnetol_d256_depth3_p20,seed185,185,762,76200,100,16,101.53126909095641,106.46068363113906,101.37250075625022,False,max_epochs,3427.8552486896515
rl4crn_rne_oscillator_trace_8rxn_stop_risksched085to09_lr1e4_entropy005_s4_c1_rnetol_d256_depth3_p20,seed185,185,763,76300,100,16,101.48805496594062,105.74568841566793,101.37250075625022,False,max_epochs,3432.4704835414886
rl4crn_rne_oscillator_trace_8rxn_stop_risksched085to09_lr1e4_entropy005_s4_c1_rnetol_d256_depth3_p20,seed185,185,764,76400,100,16,101.56519367400752,107.17337763709659,101.37250075625022,False,max_epochs,3436.8054115772247
rl4crn_rne_oscillator_trace_8rxn_stop_risksched085to09_lr1e4_entropy005_s4_c1_rnetol_d256_depth3_p20,seed185,185,765,76500,100,16,101.4424214517635,106.66661171196432,101.37250075625022,False,max_epochs,3439.1188600063324
rl4crn_rne_oscillator_trace_8rxn_stop_risksched085to09_lr1e4_entropy005_s4_c1_rnetol_d256_depth3_p20,seed185,185,766,76600,100,16,101.81289218144295,106.51256799531512,101.37250075625022,False,max_epochs,3443.985424757004
rl4crn_rne_oscillator_trace_8rxn_stop_risksched085to09_lr1e4_entropy005_s4_c1_rnetol_d256_depth3_p20,seed185,185,767,76700,100,16,101.42499831072558,107.37293963440676,101.37250075625022,False,max_epochs,3449.1469979286194
rl4crn_rne_oscillator_trace_8rxn_stop_risksched085to09_lr1e4_entropy005_s4_c1_rnetol_d256_depth3_p20,seed185,185,768,76800,100,16,101.95199695661307,106.47987694777794,101.37250075625022,False,max_epochs,3453.9077548980713
rl4crn_rne_oscillator_trace_8rxn_stop_risksched085to09_lr1e4_entropy005_s4_c1_rnetol_d256_depth3_p20,seed185,185,769,76900,100,16,101.68158793095037,105.86227749386344,101.37250075625022,False,max_epochs,3458.5262916088104
rl4crn_rne_oscillator_trace_8rxn_stop_risksched085to09_lr1e4_entropy005_s4_c1_rnetol_d256_depth3_p20,seed185,185,770,77000,100,16,101.65994651312879,103.96692742376763,101.37250075625022,False,max_epochs,3463.2125923633575
rl4crn_rne_oscillator_trace_8rxn_stop_risksched085to09_lr1e4_entropy005_s4_c1_rnetol_d256_depth3_p20,seed185,185,771,77100,100,16,101.90459466615391,103.89707911578064,101.37250075625022,False,max_epochs,3467.4863662719727
rl4crn_rne_oscillator_trace_8rxn_stop_risksched085to09_lr1e4_entropy005_s4_c1_rnetol_d256_depth3_p20,seed185,185,772,77200,100,16,102.02147656286091,104.32744318365434,101.37250075625022,False,max_epochs,3469.4663796424866
rl4crn_rne_oscillator_trace_8rxn_stop_risksched085to09_lr1e4_entropy005_s4_c1_rnetol_d256_depth3_p20,seed185,185,773,77300,100,16,102.01222014448423,104.06358221898057,101.37250075625022,False,max_epochs,3473.5563921928406
rl4crn_rne_oscillator_trace_8rxn_stop_risksched085to09_lr1e4_entropy005_s4_c1_rnetol_d256_depth3_p20,seed185,185,774,77400,100,16,102.04758661322028,104.38098004304476,101.37250075625022,False,max_epochs,3478.73725771904
rl4crn_rne_oscillator_trace_8rxn_stop_risksched085to09_lr1e4_entropy005_s4_c1_rnetol_d256_depth3_p20,seed185,185,775,77500,100,16,101.71839488129676,105.51868753071058,101.37250075625022,False,max_epochs,3483.594375371933
rl4crn_rne_oscillator_trace_8rxn_stop_risksched085to09_lr1e4_entropy005_s4_c1_rnetol_d256_depth3_p20,seed185,185,776,77600,100,16,101.5115045528652,105.48953566579337,101.37250075625022,False,max_epochs,3488.14124917984
rl4crn_rne_oscillator_trace_8rxn_stop_risksched085to09_lr1e4_entropy005_s4_c1_rnetol_d256_depth3_p20,seed185,185,777,77700,100,16,101.65077194191802,105.49590175597345,101.37250075625022,False,max_epochs,3492.6805231571198
rl4crn_rne_oscillator_trace_8rxn_stop_risksched085to09_lr1e4_entropy005_s4_c1_rnetol_d256_depth3_p20,seed185,185,778,77800,100,16,101.62105591967004,104.99417863078088,101.37250075625022,False,max_epochs,3497.283890247345
rl4crn_rne_oscillator_trace_8rxn_stop_risksched085to09_lr1e4_entropy005_s4_c1_rnetol_d256_depth3_p20,seed185,185,779,77900,100,16,101.41456675555689,104.04626576689046,101.37250075625022,False,max_epochs,3500.4776294231415
rl4crn_rne_oscillator_trace_8rxn_stop_risksched085to09_lr1e4_entropy005_s4_c1_rnetol_d256_depth3_p20,seed185,185,780,78000,100,16,101.60787371685842,105.11384099905037,101.37250075625022,False,max_epochs,3503.7503378391266
rl4crn_rne_oscillator_trace_8rxn_stop_risksched085to09_lr1e4_entropy005_s4_c1_rnetol_d256_depth3_p20,seed185,185,781,78100,100,16,101.66157522947957,105.88131889187201,101.37250075625022,False,max_epochs,3508.599550008774
rl4crn_rne_oscillator_trace_8rxn_stop_risksched085to09_lr1e4_entropy005_s4_c1_rnetol_d256_depth3_p20,seed185,185,782,78200,100,16,101.79338678576865,105.5565593725208,101.37250075625022,False,max_epochs,3513.493226289749
rl4crn_rne_oscillator_trace_8rxn_stop_risksched085to09_lr1e4_entropy005_s4_c1_rnetol_d256_depth3_p20,seed185,185,783,78300,100,16,101.87841544863615,104.64146835245018,101.37250075625022,False,max_epochs,3518.8845071792603
rl4crn_rne_oscillator_trace_8rxn_stop_risksched085to09_lr1e4_entropy005_s4_c1_rnetol_d256_depth3_p20,seed185,185,784,78400,100,16,101.66373267975777,104.2503642010586,101.37250075625022,False,max_epochs,3523.82160282135
rl4crn_rne_oscillator_trace_8rxn_stop_risksched085to09_lr1e4_entropy005_s4_c1_rnetol_d256_depth3_p20,seed185,185,785,78500,100,16,101.57024334445451,104.6504748327084,101.37250075625022,False,max_epochs,3528.9834802150726
rl4crn_rne_oscillator_trace_8rxn_stop_risksched085to09_lr1e4_entropy005_s4_c1_rnetol_d256_depth3_p20,seed185,185,786,78600,100,16,101.44149490951052,104.23284060383287,101.37250075625022,False,max_epochs,3534.0146493911743
rl4crn_rne_oscillator_trace_8rxn_stop_risksched085to09_lr1e4_entropy005_s4_c1_rnetol_d256_depth3_p20,seed185,185,787,78700,100,16,101.64961597155086,105.61142936332291,101.37250075625022,False,max_epochs,3539.237745285034
rl4crn_rne_oscillator_trace_8rxn_stop_risksched085to09_lr1e4_entropy005_s4_c1_rnetol_d256_depth3_p20,seed185,185,788,78800,100,16,101.42964093458336,105.27330228165684,101.37250075625022,False,max_epochs,3543.9682257175446
rl4crn_rne_oscillator_trace_8rxn_stop_risksched085to09_lr1e4_entropy005_s4_c1_rnetol_d256_depth3_p20,seed185,185,789,78900,100,16,101.38459364764306,105.14235986693491,101.37250075625022,False,max_epochs,3548.406022310257
rl4crn_rne_oscillator_trace_8rxn_stop_risksched085to09_lr1e4_entropy005_s4_c1_rnetol_d256_depth3_p20,seed185,185,790,79000,100,16,101.40603875550516,105.40854045357136,101.37250075625022,False,max_epochs,3553.09228682518
rl4crn_rne_oscillator_trace_8rxn_stop_risksched085to09_lr1e4_entropy005_s4_c1_rnetol_d256_depth3_p20,seed185,185,791,79100,100,16,101.66189622146578,104.25440868120347,101.37250075625022,False,max_epochs,3555.364322900772
rl4crn_rne_oscillator_trace_8rxn_stop_risksched085to09_lr1e4_entropy005_s4_c1_rnetol_d256_depth3_p20,seed185,185,792,79200,100,16,101.88235391097837,104.18149846391884,101.37250075625022,False,max_epochs,3559.843661546707
rl4crn_rne_oscillator_trace_8rxn_stop_risksched085to09_lr1e4_entropy005_s4_c1_rnetol_d256_depth3_p20,seed185,185,793,79300,100,16,101.62370980333475,105.01333304881956,101.37250075625022,False,max_epochs,3564.6203870773315
rl4crn_rne_oscillator_trace_8rxn_stop_risksched085to09_lr1e4_entropy005_s4_c1_rnetol_d256_depth3_p20,seed185,185,794,79400,100,16,101.54364066805032,104.81395919583296,101.37250075625022,False,max_epochs,3569.6909306049347
rl4crn_rne_oscillator_trace_8rxn_stop_risksched085to09_lr1e4_entropy005_s4_c1_rnetol_d256_depth3_p20,seed185,185,795,79500,100,16,101.60965005885996,105.7343164542888,101.37250075625022,False,max_epochs,3574.7856228351593
rl4crn_rne_oscillator_trace_8rxn_stop_risksched085to09_lr1e4_entropy005_s4_c1_rnetol_d256_depth3_p20,seed185,185,796,79600,100,16,101.45390055854175,105.88861346085761,101.37250075625022,False,max_epochs,3579.2759544849396
rl4crn_rne_oscillator_trace_8rxn_stop_risksched085to09_lr1e4_entropy005_s4_c1_rnetol_d256_depth3_p20,seed185,185,797,79700,100,16,101.56323852612091,105.32857787185806,101.37250075625022,False,max_epochs,3583.6717371940613
rl4crn_rne_oscillator_trace_8rxn_stop_risksched085to09_lr1e4_entropy005_s4_c1_rnetol_d256_depth3_p20,seed185,185,798,79800,100,16,101.94702459907963,106.66732266943302,101.37250075625022,False,max_epochs,3586.028487443924
rl4crn_rne_oscillator_trace_8rxn_stop_risksched085to09_lr1e4_entropy005_s4_c1_rnetol_d256_depth3_p20,seed185,185,799,79900,100,16,101.67610453609532,106.29525797298177,101.37250075625022,False,max_epochs,3590.826711654663
rl4crn_rne_oscillator_trace_8rxn_stop_risksched085to09_lr1e4_entropy005_s4_c1_rnetol_d256_depth3_p20,seed185,185,800,80000,100,16,101.81620783844616,105.05819439678294,101.37250075625022,False,max_epochs,3595.5054836273193
rl4crn_rne_oscillator_trace_8rxn_stop_risksched085to09_lr1e4_entropy005_s4_c1_rnetol_d256_depth3_p20,seed185,185,801,80100,100,16,101.38362960518468,105.04612099034594,101.37250075625022,False,max_epochs,3600.363429784775
