method,run_id,seed,epoch,candidate_evaluations,batch_size,n_cpus,epoch_best_loss,epoch_median_loss,saved_best_loss,success,stop_reason,elapsed_seconds
rl4crn_rne_oscillator_trace_risk09_lr1e4_entropy001_s4_c03,seed062,62,1,100,100,16,124.20915242330953,129.25536646597592,124.20915242330953,False,max_epochs,4.5627453327178955
rl4crn_rne_oscillator_trace_risk09_lr1e4_entropy001_s4_c03,seed062,62,2,200,100,16,124.72761424204067,129.6286875708169,124.20915242330953,False,max_epochs,5.631916761398315
rl4crn_rne_oscillator_trace_risk09_lr1e4_entropy001_s4_c03,seed062,62,3,300,100,16,122.05560664573781,129.8352548852077,122.05560664573781,False,max_epochs,6.8773415088653564
rl4crn_rne_oscillator_trace_risk09_lr1e4_entropy001_s4_c03,seed062,62,4,400,100,16,125.0,129.2392288442752,122.05560664573781,False,max_epochs,8.247484683990479
rl4crn_rne_oscillator_trace_risk09_lr1e4_entropy001_s4_c03,seed062,62,5,500,100,16,124.15655202575397,129.19917461783348,122.05560664573781,False,max_epochs,9.536062955856323
rl4crn_rne_oscillator_trace_risk09_lr1e4_entropy001_s4_c03,seed062,62,6,600,100,16,124.22565627351317,129.35902021714938,122.05560664573781,False,max_epochs,10.990007638931274
rl4crn_rne_oscillator_trace_risk09_lr1e4_entropy001_s4_c03,seed062,62,7,700,100,16,124.06637210058936,128.21355470065657,122.05560664573781,False,max_epochs,12.149996757507324
rl4crn_rne_oscillator_trace_risk09_lr1e4_entropy001_s4_c03,seed062,62,8,800,100,16,123.38050039473505,129.0,122.05560664573781,False,max_epochs,13.449800491333008
rl4crn_rne_oscillator_trace_risk09_lr1e4_entropy001_s4_c03,seed062,62,9,900,100,16,123.54591506220882,129.13963757223854,122.05560664573781,False,max_epochs,14.638440608978271
rl4crn_rne_oscillator_trace_risk09_lr1e4_entropy001_s4_c03,seed062,62,10,1000,100,16,124.40767049862512,128.89614243847151,122.05560664573781,False,max_epochs,16.0355007648468
rl4crn_rne_oscillator_trace_risk09_lr1e4_entropy001_s4_c03,seed062,62,11,1100,100,16,123.12740111139544,128.09025288025254,122.05560664573781,False,max_epochs,17.30257821083069
rl4crn_rne_oscillator_trace_risk09_lr1e4_entropy001_s4_c03,seed062,62,12,1200,100,16,124.57424656510858,128.50574394954756,122.05560664573781,False,max_epochs,18.456255674362183
rl4crn_rne_oscillator_trace_risk09_lr1e4_entropy001_s4_c03,seed062,62,13,1300,100,16,122.28387418611376,128.59264065886867,122.05560664573781,False,max_epochs,19.7575786113739
rl4crn_rne_oscillator_trace_risk09_lr1e4_entropy001_s4_c03,seed062,62,14,1400,100,16,122.04932890054963,128.26214644040107,122.04932890054963,False,max_epochs,21.122514963150024
rl4crn_rne_oscillator_trace_risk09_lr1e4_entropy001_s4_c03,seed062,62,15,1500,100,16,121.81097183632575,127.40092798084795,121.81097183632575,False,max_epochs,22.32801127433777
rl4crn_rne_oscillator_trace_risk09_lr1e4_entropy001_s4_c03,seed062,62,16,1600,100,16,122.61668161522326,128.88548690230408,121.81097183632575,False,max_epochs,23.688819885253906
rl4crn_rne_oscillator_trace_risk09_lr1e4_entropy001_s4_c03,seed062,62,17,1700,100,16,121.86992450893166,128.79639454819443,121.81097183632575,False,max_epochs,24.841435194015503
rl4crn_rne_oscillator_trace_risk09_lr1e4_entropy001_s4_c03,seed062,62,18,1800,100,16,121.6411080581566,131.76013667309724,121.6411080581566,False,max_epochs,26.274404764175415
rl4crn_rne_oscillator_trace_risk09_lr1e4_entropy001_s4_c03,seed062,62,19,1900,100,16,121.18150029367546,132.93399675324585,121.18150029367546,False,max_epochs,27.534074544906616
rl4crn_rne_oscillator_trace_risk09_lr1e4_entropy001_s4_c03,seed062,62,20,2000,100,16,121.3926166424704,130.9237228503453,121.18150029367546,False,max_epochs,29.10266900062561
rl4crn_rne_oscillator_trace_risk09_lr1e4_entropy001_s4_c03,seed062,62,21,2100,100,16,121.51096092084425,131.3489308164921,121.18150029367546,False,max_epochs,30.318143606185913
rl4crn_rne_oscillator_trace_risk09_lr1e4_entropy001_s4_c03,seed062,62,22,2200,100,16,121.33352708783951,132.30863243523714,121.18150029367546,False,max_epochs,31.66442370414734
rl4crn_rne_oscillator_trace_risk09_lr1e4_entropy001_s4_c03,seed062,62,23,2300,100,16,120.97525102571787,132.21732176573212,120.97525102571787,False,max_epochs,32.89770698547363
rl4crn_rne_oscillator_trace_risk09_lr1e4_entropy001_s4_c03,seed062,62,24,2400,100,16,121.01499858454683,132.4782437336701,120.97525102571787,False,max_epochs,34.2445170879364
rl4crn_rne_oscillator_trace_risk09_lr1e4_entropy001_s4_c03,seed062,62,25,2500,100,16,121.12727043130822,129.68074496645846,120.97525102571787,False,max_epochs,35.430904150009155
rl4crn_rne_oscillator_trace_risk09_lr1e4_entropy001_s4_c03,seed062,62,26,2600,100,16,120.95138500099337,128.87292623080862,120.95138500099337,False,max_epochs,36.78803372383118
rl4crn_rne_oscillator_trace_risk09_lr1e4_entropy001_s4_c03,seed062,62,27,2700,100,16,121.04022560314473,129.7880663211092,120.95138500099337,False,max_epochs,38.05738139152527
rl4crn_rne_oscillator_trace_risk09_lr1e4_entropy001_s4_c03,seed062,62,28,2800,100,16,120.71297720320264,124.68086994416545,120.71297720320264,False,max_epochs,39.50590252876282
rl4crn_rne_oscillator_trace_risk09_lr1e4_entropy001_s4_c03,seed062,62,29,2900,100,16,120.94021198935205,125.55988723419512,120.71297720320264,False,max_epochs,40.77853298187256
rl4crn_rne_oscillator_trace_risk09_lr1e4_entropy001_s4_c03,seed062,62,30,3000,100,16,121.30731525769005,124.47619942446096,120.71297720320264,False,max_epochs,42.00385355949402
rl4crn_rne_oscillator_trace_risk09_lr1e4_entropy001_s4_c03,seed062,62,31,3100,100,16,121.04087693468408,125.0363001184391,120.71297720320264,False,max_epochs,43.341362953186035
rl4crn_rne_oscillator_trace_risk09_lr1e4_entropy001_s4_c03,seed062,62,32,3200,100,16,120.89710515824943,127.91282516950531,120.71297720320264,False,max_epochs,44.80055069923401
rl4crn_rne_oscillator_trace_risk09_lr1e4_entropy001_s4_c03,seed062,62,33,3300,100,16,120.83905664940275,129.52388708448458,120.71297720320264,False,max_epochs,46.129846811294556
rl4crn_rne_oscillator_trace_risk09_lr1e4_entropy001_s4_c03,seed062,62,34,3400,100,16,121.75635467740838,130.16751900761358,120.71297720320264,False,max_epochs,47.51075530052185
rl4crn_rne_oscillator_trace_risk09_lr1e4_entropy001_s4_c03,seed062,62,35,3500,100,16,120.88442708064647,128.89942862806492,120.71297720320264,False,max_epochs,48.682615995407104
rl4crn_rne_oscillator_trace_risk09_lr1e4_entropy001_s4_c03,seed062,62,36,3600,100,16,120.80609415239367,129.6403604341475,120.71297720320264,False,max_epochs,50.079206228256226
rl4crn_rne_oscillator_trace_risk09_lr1e4_entropy001_s4_c03,seed062,62,37,3700,100,16,120.76973677445852,129.2939402752844,120.71297720320264,False,max_epochs,51.23023009300232
rl4crn_rne_oscillator_trace_risk09_lr1e4_entropy001_s4_c03,seed062,62,38,3800,100,16,121.03004941904751,124.811919483361,120.71297720320264,False,max_epochs,52.47697615623474
rl4crn_rne_oscillator_trace_risk09_lr1e4_entropy001_s4_c03,seed062,62,39,3900,100,16,120.92105961538144,124.82300414864204,120.71297720320264,False,max_epochs,53.74594020843506
rl4crn_rne_oscillator_trace_risk09_lr1e4_entropy001_s4_c03,seed062,62,40,4000,100,16,120.73023436807259,123.53306505557116,120.71297720320264,False,max_epochs,55.07374954223633
rl4crn_rne_oscillator_trace_risk09_lr1e4_entropy001_s4_c03,seed062,62,41,4100,100,16,120.79099499097947,123.72902903547856,120.71297720320264,False,max_epochs,56.241085052490234
rl4crn_rne_oscillator_trace_risk09_lr1e4_entropy001_s4_c03,seed062,62,42,4200,100,16,120.93475919927428,123.46414835218755,120.71297720320264,False,max_epochs,57.4478816986084
rl4crn_rne_oscillator_trace_risk09_lr1e4_entropy001_s4_c03,seed062,62,43,4300,100,16,120.9484515879989,124.94775665507706,120.71297720320264,False,max_epochs,58.75764989852905
rl4crn_rne_oscillator_trace_risk09_lr1e4_entropy001_s4_c03,seed062,62,44,4400,100,16,120.81200207348324,127.470912783096,120.71297720320264,False,max_epochs,60.05314302444458
rl4crn_rne_oscillator_trace_risk09_lr1e4_entropy001_s4_c03,seed062,62,45,4500,100,16,120.64076391362798,127.71735454053731,120.64076391362798,False,max_epochs,61.18263030052185
rl4crn_rne_oscillator_trace_risk09_lr1e4_entropy001_s4_c03,seed062,62,46,4600,100,16,120.62246798291368,129.54234275035256,120.62246798291368,False,max_epochs,62.390315532684326
rl4crn_rne_oscillator_trace_risk09_lr1e4_entropy001_s4_c03,seed062,62,47,4700,100,16,120.94567684396985,130.2178768744276,120.62246798291368,False,max_epochs,63.68755388259888
rl4crn_rne_oscillator_trace_risk09_lr1e4_entropy001_s4_c03,seed062,62,48,4800,100,16,120.68857277107209,130.2254523595036,120.62246798291368,False,max_epochs,64.8220157623291
rl4crn_rne_oscillator_trace_risk09_lr1e4_entropy001_s4_c03,seed062,62,49,4900,100,16,120.83407974752063,127.08250630814635,120.62246798291368,False,max_epochs,66.12359309196472
rl4crn_rne_oscillator_trace_risk09_lr1e4_entropy001_s4_c03,seed062,62,50,5000,100,16,120.7054469977753,130.95673316696946,120.62246798291368,False,max_epochs,67.26718950271606
rl4crn_rne_oscillator_trace_risk09_lr1e4_entropy001_s4_c03,seed062,62,51,5100,100,16,120.85200739598304,132.04017191445757,120.62246798291368,False,max_epochs,68.69315958023071
rl4crn_rne_oscillator_trace_risk09_lr1e4_entropy001_s4_c03,seed062,62,52,5200,100,16,120.75383166775043,131.7945207640934,120.62246798291368,False,max_epochs,69.89639139175415
rl4crn_rne_oscillator_trace_risk09_lr1e4_entropy001_s4_c03,seed062,62,53,5300,100,16,120.59284526372977,131.47661220643425,120.59284526372977,False,max_epochs,71.23740792274475
rl4crn_rne_oscillator_trace_risk09_lr1e4_entropy001_s4_c03,seed062,62,54,5400,100,16,121.13722457717684,132.94592923832212,120.59284526372977,False,max_epochs,72.45035910606384
rl4crn_rne_oscillator_trace_risk09_lr1e4_entropy001_s4_c03,seed062,62,55,5500,100,16,121.05624492876827,132.36977224267446,120.59284526372977,False,max_epochs,73.87647795677185
rl4crn_rne_oscillator_trace_risk09_lr1e4_entropy001_s4_c03,seed062,62,56,5600,100,16,120.57074121032481,130.6369418956216,120.57074121032481,False,max_epochs,75.17473077774048
rl4crn_rne_oscillator_trace_risk09_lr1e4_entropy001_s4_c03,seed062,62,57,5700,100,16,121.00286787134543,128.1696473226864,120.57074121032481,False,max_epochs,76.41473245620728
rl4crn_rne_oscillator_trace_risk09_lr1e4_entropy001_s4_c03,seed062,62,58,5800,100,16,120.98008396187905,129.56224598233172,120.57074121032481,False,max_epochs,78.00597739219666
rl4crn_rne_oscillator_trace_risk09_lr1e4_entropy001_s4_c03,seed062,62,59,5900,100,16,120.87147327797211,129.9530467008715,120.57074121032481,False,max_epochs,79.212238073349
rl4crn_rne_oscillator_trace_risk09_lr1e4_entropy001_s4_c03,seed062,62,60,6000,100,16,120.98061467002884,128.41010822770232,120.57074121032481,False,max_epochs,80.59370756149292
rl4crn_rne_oscillator_trace_risk09_lr1e4_entropy001_s4_c03,seed062,62,61,6100,100,16,120.98211909817329,128.16813333410897,120.57074121032481,False,max_epochs,81.82943892478943
rl4crn_rne_oscillator_trace_risk09_lr1e4_entropy001_s4_c03,seed062,62,62,6200,100,16,120.99850124071914,131.18451578263353,120.57074121032481,False,max_epochs,83.1503529548645
rl4crn_rne_oscillator_trace_risk09_lr1e4_entropy001_s4_c03,seed062,62,63,6300,100,16,120.7895066400728,129.29970156434757,120.57074121032481,False,max_epochs,84.65348100662231
rl4crn_rne_oscillator_trace_risk09_lr1e4_entropy001_s4_c03,seed062,62,64,6400,100,16,120.65475286250808,129.35461935442447,120.57074121032481,False,max_epochs,85.90470933914185
rl4crn_rne_oscillator_trace_risk09_lr1e4_entropy001_s4_c03,seed062,62,65,6500,100,16,120.88148822660231,128.29382049422915,120.57074121032481,False,max_epochs,87.42666292190552
rl4crn_rne_oscillator_trace_risk09_lr1e4_entropy001_s4_c03,seed062,62,66,6600,100,16,120.86864344386177,131.8741789396028,120.57074121032481,False,max_epochs,88.85002064704895
rl4crn_rne_oscillator_trace_risk09_lr1e4_entropy001_s4_c03,seed062,62,67,6700,100,16,120.57652157354693,131.53696751822582,120.57074121032481,False,max_epochs,90.18349003791809
rl4crn_rne_oscillator_trace_risk09_lr1e4_entropy001_s4_c03,seed062,62,68,6800,100,16,120.86623442479654,132.0535926089134,120.57074121032481,False,max_epochs,91.66255331039429
rl4crn_rne_oscillator_trace_risk09_lr1e4_entropy001_s4_c03,seed062,62,69,6900,100,16,120.81838967408117,132.006319396973,120.57074121032481,False,max_epochs,93.2225112915039
rl4crn_rne_oscillator_trace_risk09_lr1e4_entropy001_s4_c03,seed062,62,70,7000,100,16,120.79530199429162,132.37364780667963,120.57074121032481,False,max_epochs,94.42184638977051
rl4crn_rne_oscillator_trace_risk09_lr1e4_entropy001_s4_c03,seed062,62,71,7100,100,16,120.78339634271845,131.36797624227867,120.57074121032481,False,max_epochs,96.04203224182129
rl4crn_rne_oscillator_trace_risk09_lr1e4_entropy001_s4_c03,seed062,62,72,7200,100,16,120.82228256925748,130.67017260416583,120.57074121032481,False,max_epochs,97.2449803352356
rl4crn_rne_oscillator_trace_risk09_lr1e4_entropy001_s4_c03,seed062,62,73,7300,100,16,120.60642709678325,129.05029840089873,120.57074121032481,False,max_epochs,98.79406809806824
rl4crn_rne_oscillator_trace_risk09_lr1e4_entropy001_s4_c03,seed062,62,74,7400,100,16,120.82209000122936,129.42322001194145,120.57074121032481,False,max_epochs,100.05607223510742
rl4crn_rne_oscillator_trace_risk09_lr1e4_entropy001_s4_c03,seed062,62,75,7500,100,16,120.67978775919221,131.28468901310498,120.57074121032481,False,max_epochs,101.5681164264679
rl4crn_rne_oscillator_trace_risk09_lr1e4_entropy001_s4_c03,seed062,62,76,7600,100,16,120.62742092052848,131.81987745109294,120.57074121032481,False,max_epochs,102.71582055091858
rl4crn_rne_oscillator_trace_risk09_lr1e4_entropy001_s4_c03,seed062,62,77,7700,100,16,120.54516253266952,131.77729804750038,120.54516253266952,False,max_epochs,104.18611979484558
rl4crn_rne_oscillator_trace_risk09_lr1e4_entropy001_s4_c03,seed062,62,78,7800,100,16,120.81408924615496,131.11795494529568,120.54516253266952,False,max_epochs,105.5076265335083
rl4crn_rne_oscillator_trace_risk09_lr1e4_entropy001_s4_c03,seed062,62,79,7900,100,16,120.70685537918756,129.04262696677273,120.54516253266952,False,max_epochs,106.91339445114136
rl4crn_rne_oscillator_trace_risk09_lr1e4_entropy001_s4_c03,seed062,62,80,8000,100,16,120.74399958113554,131.41113292759047,120.54516253266952,False,max_epochs,108.23783493041992
rl4crn_rne_oscillator_trace_risk09_lr1e4_entropy001_s4_c03,seed062,62,81,8100,100,16,120.65757160840842,130.0439866770484,120.54516253266952,False,max_epochs,109.65254187583923
rl4crn_rne_oscillator_trace_risk09_lr1e4_entropy001_s4_c03,seed062,62,82,8200,100,16,120.75842690239642,129.1616133859094,120.54516253266952,False,max_epochs,110.96938633918762
rl4crn_rne_oscillator_trace_risk09_lr1e4_entropy001_s4_c03,seed062,62,83,8300,100,16,120.6700274010169,130.24346937185697,120.54516253266952,False,max_epochs,112.32476949691772
rl4crn_rne_oscillator_trace_risk09_lr1e4_entropy001_s4_c03,seed062,62,84,8400,100,16,121.02818883534773,131.09331651376215,120.54516253266952,False,max_epochs,113.46406149864197
rl4crn_rne_oscillator_trace_risk09_lr1e4_entropy001_s4_c03,seed062,62,85,8500,100,16,120.66820949434441,131.56164559758014,120.54516253266952,False,max_epochs,114.96250033378601
rl4crn_rne_oscillator_trace_risk09_lr1e4_entropy001_s4_c03,seed062,62,86,8600,100,16,120.72130019612442,129.05500290607068,120.54516253266952,False,max_epochs,116.32114219665527
rl4crn_rne_oscillator_trace_risk09_lr1e4_entropy001_s4_c03,seed062,62,87,8700,100,16,120.62460983899224,131.54189853528834,120.54516253266952,False,max_epochs,117.62934136390686
rl4crn_rne_oscillator_trace_risk09_lr1e4_entropy001_s4_c03,seed062,62,88,8800,100,16,120.7244926293108,130.8496729712531,120.54516253266952,False,max_epochs,118.91533422470093
rl4crn_rne_oscillator_trace_risk09_lr1e4_entropy001_s4_c03,seed062,62,89,8900,100,16,120.59904185377442,131.26443318193463,120.54516253266952,False,max_epochs,120.0917444229126
rl4crn_rne_oscillator_trace_risk09_lr1e4_entropy001_s4_c03,seed062,62,90,9000,100,16,120.68802947428559,132.14556667172837,120.54516253266952,False,max_epochs,121.69129633903503
rl4crn_rne_oscillator_trace_risk09_lr1e4_entropy001_s4_c03,seed062,62,91,9100,100,16,120.96103667504363,130.9516607718449,120.54516253266952,False,max_epochs,123.02169966697693
rl4crn_rne_oscillator_trace_risk09_lr1e4_entropy001_s4_c03,seed062,62,92,9200,100,16,120.66034463143762,132.0813957163159,120.54516253266952,False,max_epochs,124.35957765579224
rl4crn_rne_oscillator_trace_risk09_lr1e4_entropy001_s4_c03,seed062,62,93,9300,100,16,120.93506727441206,130.95851044391213,120.54516253266952,False,max_epochs,125.53033828735352
rl4crn_rne_oscillator_trace_risk09_lr1e4_entropy001_s4_c03,seed062,62,94,9400,100,16,120.55370222322152,131.25078918139496,120.54516253266952,False,max_epochs,126.67396521568298
rl4crn_rne_oscillator_trace_risk09_lr1e4_entropy001_s4_c03,seed062,62,95,9500,100,16,120.7269621592169,131.90243456203473,120.54516253266952,False,max_epochs,127.95168590545654
rl4crn_rne_oscillator_trace_risk09_lr1e4_entropy001_s4_c03,seed062,62,96,9600,100,16,120.72045250478419,129.7782259955372,120.54516253266952,False,max_epochs,129.11526823043823
rl4crn_rne_oscillator_trace_risk09_lr1e4_entropy001_s4_c03,seed062,62,97,9700,100,16,120.73700233589433,131.36198867367906,120.54516253266952,False,max_epochs,130.42818307876587
rl4crn_rne_oscillator_trace_risk09_lr1e4_entropy001_s4_c03,seed062,62,98,9800,100,16,120.68214209154705,130.9386422715573,120.54516253266952,False,max_epochs,131.56212377548218
rl4crn_rne_oscillator_trace_risk09_lr1e4_entropy001_s4_c03,seed062,62,99,9900,100,16,120.6899289929047,130.2952362679807,120.54516253266952,False,max_epochs,132.69784379005432
rl4crn_rne_oscillator_trace_risk09_lr1e4_entropy001_s4_c03,seed062,62,100,10000,100,16,120.72273111954217,131.63771644523666,120.54516253266952,False,max_epochs,134.00852727890015
rl4crn_rne_oscillator_trace_risk09_lr1e4_entropy001_s4_c03,seed062,62,101,10100,100,16,120.73625949731375,130.90145570423132,120.54516253266952,False,max_epochs,135.32646822929382
rl4crn_rne_oscillator_trace_risk09_lr1e4_entropy001_s4_c03,seed062,62,102,10200,100,16,120.86549398151092,132.2785360645534,120.54516253266952,False,max_epochs,136.75677728652954
rl4crn_rne_oscillator_trace_risk09_lr1e4_entropy001_s4_c03,seed062,62,103,10300,100,16,120.66287687211812,130.53725872133208,120.54516253266952,False,max_epochs,137.99645233154297
rl4crn_rne_oscillator_trace_risk09_lr1e4_entropy001_s4_c03,seed062,62,104,10400,100,16,120.87265774318934,130.79055985998724,120.54516253266952,False,max_epochs,139.39369320869446
rl4crn_rne_oscillator_trace_risk09_lr1e4_entropy001_s4_c03,seed062,62,105,10500,100,16,120.77513206803945,128.507114555253,120.54516253266952,False,max_epochs,140.64734315872192
rl4crn_rne_oscillator_trace_risk09_lr1e4_entropy001_s4_c03,seed062,62,106,10600,100,16,120.75225782798624,130.0800469224888,120.54516253266952,False,max_epochs,142.1371419429779
rl4crn_rne_oscillator_trace_risk09_lr1e4_entropy001_s4_c03,seed062,62,107,10700,100,16,120.71082095444467,127.75479812187633,120.54516253266952,False,max_epochs,143.2457287311554
rl4crn_rne_oscillator_trace_risk09_lr1e4_entropy001_s4_c03,seed062,62,108,10800,100,16,120.81973970441851,130.26957385012065,120.54516253266952,False,max_epochs,144.68662762641907
rl4crn_rne_oscillator_trace_risk09_lr1e4_entropy001_s4_c03,seed062,62,109,10900,100,16,120.91357846304534,130.14165577158576,120.54516253266952,False,max_epochs,145.97196292877197
rl4crn_rne_oscillator_trace_risk09_lr1e4_entropy001_s4_c03,seed062,62,110,11000,100,16,120.74690980865027,130.2378355781713,120.54516253266952,False,max_epochs,147.35298824310303
rl4crn_rne_oscillator_trace_risk09_lr1e4_entropy001_s4_c03,seed062,62,111,11100,100,16,120.91143187099827,130.4552226804871,120.54516253266952,False,max_epochs,148.67007875442505
rl4crn_rne_oscillator_trace_risk09_lr1e4_entropy001_s4_c03,seed062,62,112,11200,100,16,120.72192397956434,132.1208987996268,120.54516253266952,False,max_epochs,150.100022315979
rl4crn_rne_oscillator_trace_risk09_lr1e4_entropy001_s4_c03,seed062,62,113,11300,100,16,120.67919321082864,131.41028521535384,120.54516253266952,False,max_epochs,151.45699644088745
rl4crn_rne_oscillator_trace_risk09_lr1e4_entropy001_s4_c03,seed062,62,114,11400,100,16,120.85283898338177,128.6955021391473,120.54516253266952,False,max_epochs,152.99715495109558
rl4crn_rne_oscillator_trace_risk09_lr1e4_entropy001_s4_c03,seed062,62,115,11500,100,16,120.65841311538776,129.24532479010526,120.54516253266952,False,max_epochs,154.44563913345337
rl4crn_rne_oscillator_trace_risk09_lr1e4_entropy001_s4_c03,seed062,62,116,11600,100,16,120.77209181698773,131.0496608925272,120.54516253266952,False,max_epochs,155.6390039920807
rl4crn_rne_oscillator_trace_risk09_lr1e4_entropy001_s4_c03,seed062,62,117,11700,100,16,120.66256928167394,127.70924253296624,120.54516253266952,False,max_epochs,156.99638962745667
rl4crn_rne_oscillator_trace_risk09_lr1e4_entropy001_s4_c03,seed062,62,118,11800,100,16,120.63967520332187,128.95923759780476,120.54516253266952,False,max_epochs,158.17412424087524
rl4crn_rne_oscillator_trace_risk09_lr1e4_entropy001_s4_c03,seed062,62,119,11900,100,16,120.88428063325378,129.46168226185426,120.54516253266952,False,max_epochs,159.31153464317322
rl4crn_rne_oscillator_trace_risk09_lr1e4_entropy001_s4_c03,seed062,62,120,12000,100,16,120.83899490862593,129.1540710565053,120.54516253266952,False,max_epochs,160.6106517314911
rl4crn_rne_oscillator_trace_risk09_lr1e4_entropy001_s4_c03,seed062,62,121,12100,100,16,120.68835564224707,131.82093869651692,120.54516253266952,False,max_epochs,161.8561134338379
rl4crn_rne_oscillator_trace_risk09_lr1e4_entropy001_s4_c03,seed062,62,122,12200,100,16,120.80919894195921,130.65943663852192,120.54516253266952,False,max_epochs,163.17811942100525
rl4crn_rne_oscillator_trace_risk09_lr1e4_entropy001_s4_c03,seed062,62,123,12300,100,16,120.69015494819743,132.30523271305782,120.54516253266952,False,max_epochs,164.42295622825623
rl4crn_rne_oscillator_trace_risk09_lr1e4_entropy001_s4_c03,seed062,62,124,12400,100,16,120.65927694044524,131.1601529603628,120.54516253266952,False,max_epochs,165.72197151184082
rl4crn_rne_oscillator_trace_risk09_lr1e4_entropy001_s4_c03,seed062,62,125,12500,100,16,120.89094705504576,129.9076453191844,120.54516253266952,False,max_epochs,167.0100405216217
rl4crn_rne_oscillator_trace_risk09_lr1e4_entropy001_s4_c03,seed062,62,126,12600,100,16,120.68658828783968,130.75630424826358,120.54516253266952,False,max_epochs,168.42149782180786
rl4crn_rne_oscillator_trace_risk09_lr1e4_entropy001_s4_c03,seed062,62,127,12700,100,16,120.88500525608718,130.55613167954385,120.54516253266952,False,max_epochs,169.57128834724426
rl4crn_rne_oscillator_trace_risk09_lr1e4_entropy001_s4_c03,seed062,62,128,12800,100,16,120.92102107279533,131.2263060618985,120.54516253266952,False,max_epochs,170.99042558670044
rl4crn_rne_oscillator_trace_risk09_lr1e4_entropy001_s4_c03,seed062,62,129,12900,100,16,120.745603244106,131.84538658323004,120.54516253266952,False,max_epochs,172.40437173843384
rl4crn_rne_oscillator_trace_risk09_lr1e4_entropy001_s4_c03,seed062,62,130,13000,100,16,120.61582463236444,131.72212437685118,120.54516253266952,False,max_epochs,173.79955673217773
rl4crn_rne_oscillator_trace_risk09_lr1e4_entropy001_s4_c03,seed062,62,131,13100,100,16,120.39161153203635,131.83736907744347,120.39161153203635,False,max_epochs,175.29550004005432
rl4crn_rne_oscillator_trace_risk09_lr1e4_entropy001_s4_c03,seed062,62,132,13200,100,16,120.70180371408598,131.59391547870032,120.39161153203635,False,max_epochs,176.53467798233032
rl4crn_rne_oscillator_trace_risk09_lr1e4_entropy001_s4_c03,seed062,62,133,13300,100,16,120.7797435858307,129.5192700230628,120.39161153203635,False,max_epochs,177.8452217578888
rl4crn_rne_oscillator_trace_risk09_lr1e4_entropy001_s4_c03,seed062,62,134,13400,100,16,120.94183021769058,131.53770788762182,120.39161153203635,False,max_epochs,179.19449090957642
rl4crn_rne_oscillator_trace_risk09_lr1e4_entropy001_s4_c03,seed062,62,135,13500,100,16,120.76427136229468,130.63956418520303,120.39161153203635,False,max_epochs,180.34942483901978
rl4crn_rne_oscillator_trace_risk09_lr1e4_entropy001_s4_c03,seed062,62,136,13600,100,16,120.47472931268797,127.22049620732294,120.39161153203635,False,max_epochs,181.80036211013794
rl4crn_rne_oscillator_trace_risk09_lr1e4_entropy001_s4_c03,seed062,62,137,13700,100,16,120.80297278725024,130.9496979859315,120.39161153203635,False,max_epochs,183.03460717201233
rl4crn_rne_oscillator_trace_risk09_lr1e4_entropy001_s4_c03,seed062,62,138,13800,100,16,120.50569211917421,128.6793531087016,120.39161153203635,False,max_epochs,184.44373893737793
rl4crn_rne_oscillator_trace_risk09_lr1e4_entropy001_s4_c03,seed062,62,139,13900,100,16,120.60396927387507,128.8148008137884,120.39161153203635,False,max_epochs,185.68176555633545
rl4crn_rne_oscillator_trace_risk09_lr1e4_entropy001_s4_c03,seed062,62,140,14000,100,16,120.61838713948954,128.62622519781746,120.39161153203635,False,max_epochs,187.0206480026245
rl4crn_rne_oscillator_trace_risk09_lr1e4_entropy001_s4_c03,seed062,62,141,14100,100,16,120.64484502285949,127.82733748172583,120.39161153203635,False,max_epochs,188.38316321372986
rl4crn_rne_oscillator_trace_risk09_lr1e4_entropy001_s4_c03,seed062,62,142,14200,100,16,120.7211127032031,127.08944650145881,120.39161153203635,False,max_epochs,189.5569350719452
rl4crn_rne_oscillator_trace_risk09_lr1e4_entropy001_s4_c03,seed062,62,143,14300,100,16,120.5030472923927,131.1911919184319,120.39161153203635,False,max_epochs,191.03307962417603
rl4crn_rne_oscillator_trace_risk09_lr1e4_entropy001_s4_c03,seed062,62,144,14400,100,16,120.7005656981175,131.14739849177462,120.39161153203635,False,max_epochs,192.14702916145325
rl4crn_rne_oscillator_trace_risk09_lr1e4_entropy001_s4_c03,seed062,62,145,14500,100,16,120.78942542194517,129.1848398548289,120.39161153203635,False,max_epochs,193.4524528980255
rl4crn_rne_oscillator_trace_risk09_lr1e4_entropy001_s4_c03,seed062,62,146,14600,100,16,120.75538941193874,131.30487561705525,120.39161153203635,False,max_epochs,194.62266898155212
rl4crn_rne_oscillator_trace_risk09_lr1e4_entropy001_s4_c03,seed062,62,147,14700,100,16,120.62532032997578,131.1859416396972,120.39161153203635,False,max_epochs,195.99639010429382
rl4crn_rne_oscillator_trace_risk09_lr1e4_entropy001_s4_c03,seed062,62,148,14800,100,16,120.61934781500287,130.94574430145724,120.39161153203635,False,max_epochs,197.1509566307068
rl4crn_rne_oscillator_trace_risk09_lr1e4_entropy001_s4_c03,seed062,62,149,14900,100,16,120.88080723203925,131.56917017701153,120.39161153203635,False,max_epochs,198.42527294158936
rl4crn_rne_oscillator_trace_risk09_lr1e4_entropy001_s4_c03,seed062,62,150,15000,100,16,120.6404834570157,129.83504361131423,120.39161153203635,False,max_epochs,199.57397985458374
rl4crn_rne_oscillator_trace_risk09_lr1e4_entropy001_s4_c03,seed062,62,151,15100,100,16,120.5910709969093,130.86781668245803,120.39161153203635,False,max_epochs,200.93408942222595
rl4crn_rne_oscillator_trace_risk09_lr1e4_entropy001_s4_c03,seed062,62,152,15200,100,16,120.61178161326016,131.59673676466093,120.39161153203635,False,max_epochs,202.10650777816772
rl4crn_rne_oscillator_trace_risk09_lr1e4_entropy001_s4_c03,seed062,62,153,15300,100,16,120.6530214533986,130.23545320156055,120.39161153203635,False,max_epochs,203.4331395626068
rl4crn_rne_oscillator_trace_risk09_lr1e4_entropy001_s4_c03,seed062,62,154,15400,100,16,120.6920630522194,130.93761570604437,120.39161153203635,False,max_epochs,204.6729896068573
rl4crn_rne_oscillator_trace_risk09_lr1e4_entropy001_s4_c03,seed062,62,155,15500,100,16,120.89021186390005,130.1879760311341,120.39161153203635,False,max_epochs,206.0203766822815
rl4crn_rne_oscillator_trace_risk09_lr1e4_entropy001_s4_c03,seed062,62,156,15600,100,16,120.9411166534805,128.47096403456186,120.39161153203635,False,max_epochs,207.3042483329773
rl4crn_rne_oscillator_trace_risk09_lr1e4_entropy001_s4_c03,seed062,62,157,15700,100,16,120.70905047166801,127.17968757617149,120.39161153203635,False,max_epochs,208.5453040599823
rl4crn_rne_oscillator_trace_risk09_lr1e4_entropy001_s4_c03,seed062,62,158,15800,100,16,120.87385911086518,129.03659213619548,120.39161153203635,False,max_epochs,209.91478180885315
rl4crn_rne_oscillator_trace_risk09_lr1e4_entropy001_s4_c03,seed062,62,159,15900,100,16,120.55398198172455,126.67474498057607,120.39161153203635,False,max_epochs,211.1763162612915
rl4crn_rne_oscillator_trace_risk09_lr1e4_entropy001_s4_c03,seed062,62,160,16000,100,16,120.71515704734479,126.49129592730992,120.39161153203635,False,max_epochs,212.66846585273743
rl4crn_rne_oscillator_trace_risk09_lr1e4_entropy001_s4_c03,seed062,62,161,16100,100,16,120.5238871827135,130.6537192107433,120.39161153203635,False,max_epochs,214.0560643672943
rl4crn_rne_oscillator_trace_risk09_lr1e4_entropy001_s4_c03,seed062,62,162,16200,100,16,120.53616298772502,131.62637474956938,120.39161153203635,False,max_epochs,215.3172914981842
rl4crn_rne_oscillator_trace_risk09_lr1e4_entropy001_s4_c03,seed062,62,163,16300,100,16,120.73774598378427,130.81618853875221,120.39161153203635,False,max_epochs,216.8386266231537
rl4crn_rne_oscillator_trace_risk09_lr1e4_entropy001_s4_c03,seed062,62,164,16400,100,16,120.67560106342307,129.78752827109116,120.39161153203635,False,max_epochs,218.03925609588623
rl4crn_rne_oscillator_trace_risk09_lr1e4_entropy001_s4_c03,seed062,62,165,16500,100,16,120.66526220347367,132.70957535925595,120.39161153203635,False,max_epochs,219.8245141506195
rl4crn_rne_oscillator_trace_risk09_lr1e4_entropy001_s4_c03,seed062,62,166,16600,100,16,120.78926631476287,131.95472401050262,120.39161153203635,False,max_epochs,221.2914788722992
rl4crn_rne_oscillator_trace_risk09_lr1e4_entropy001_s4_c03,seed062,62,167,16700,100,16,121.0020291092639,132.0949995916745,120.39161153203635,False,max_epochs,222.60109043121338
rl4crn_rne_oscillator_trace_risk09_lr1e4_entropy001_s4_c03,seed062,62,168,16800,100,16,120.91220180299243,131.98375457258197,120.39161153203635,False,max_epochs,223.90952706336975
rl4crn_rne_oscillator_trace_risk09_lr1e4_entropy001_s4_c03,seed062,62,169,16900,100,16,120.71135474238852,129.79227810784704,120.39161153203635,False,max_epochs,225.34455704689026
rl4crn_rne_oscillator_trace_risk09_lr1e4_entropy001_s4_c03,seed062,62,170,17000,100,16,120.94525215303288,129.83946181147417,120.39161153203635,False,max_epochs,226.59017086029053
rl4crn_rne_oscillator_trace_risk09_lr1e4_entropy001_s4_c03,seed062,62,171,17100,100,16,120.13203706507637,129.52217478310823,120.13203706507637,False,max_epochs,228.008887052536
rl4crn_rne_oscillator_trace_risk09_lr1e4_entropy001_s4_c03,seed062,62,172,17200,100,16,120.67436249207704,128.29610296851345,120.13203706507637,False,max_epochs,229.7983844280243
rl4crn_rne_oscillator_trace_risk09_lr1e4_entropy001_s4_c03,seed062,62,173,17300,100,16,120.71830218428323,125.20116212541754,120.13203706507637,False,max_epochs,231.16699314117432
rl4crn_rne_oscillator_trace_risk09_lr1e4_entropy001_s4_c03,seed062,62,174,17400,100,16,120.5696317995121,128.0883309006952,120.13203706507637,False,max_epochs,232.62697005271912
rl4crn_rne_oscillator_trace_risk09_lr1e4_entropy001_s4_c03,seed062,62,175,17500,100,16,120.93368607371397,129.66604156664653,120.13203706507637,False,max_epochs,233.791437625885
rl4crn_rne_oscillator_trace_risk09_lr1e4_entropy001_s4_c03,seed062,62,176,17600,100,16,120.90148892318594,129.89255505520055,120.13203706507637,False,max_epochs,235.05132007598877
rl4crn_rne_oscillator_trace_risk09_lr1e4_entropy001_s4_c03,seed062,62,177,17700,100,16,120.6705088239367,131.04305634608772,120.13203706507637,False,max_epochs,236.22722673416138
rl4crn_rne_oscillator_trace_risk09_lr1e4_entropy001_s4_c03,seed062,62,178,17800,100,16,120.71906249072029,130.33600651234383,120.13203706507637,False,max_epochs,237.6464273929596
rl4crn_rne_oscillator_trace_risk09_lr1e4_entropy001_s4_c03,seed062,62,179,17900,100,16,120.62693880657196,130.0615243182271,120.13203706507637,False,max_epochs,238.9160225391388
rl4crn_rne_oscillator_trace_risk09_lr1e4_entropy001_s4_c03,seed062,62,180,18000,100,16,120.69055751522895,129.27344751670208,120.13203706507637,False,max_epochs,240.27771997451782
rl4crn_rne_oscillator_trace_risk09_lr1e4_entropy001_s4_c03,seed062,62,181,18100,100,16,120.78673689228943,130.34887344123746,120.13203706507637,False,max_epochs,241.57538533210754
rl4crn_rne_oscillator_trace_risk09_lr1e4_entropy001_s4_c03,seed062,62,182,18200,100,16,120.69637769264511,130.72759445105106,120.13203706507637,False,max_epochs,242.85223078727722
rl4crn_rne_oscillator_trace_risk09_lr1e4_entropy001_s4_c03,seed062,62,183,18300,100,16,120.79317941701918,130.10316279750472,120.13203706507637,False,max_epochs,244.365816116333
rl4crn_rne_oscillator_trace_risk09_lr1e4_entropy001_s4_c03,seed062,62,184,18400,100,16,120.9234878220399,130.6237304018709,120.13203706507637,False,max_epochs,245.57360863685608
rl4crn_rne_oscillator_trace_risk09_lr1e4_entropy001_s4_c03,seed062,62,185,18500,100,16,120.75842363586662,129.9878967507364,120.13203706507637,False,max_epochs,247.08187198638916
rl4crn_rne_oscillator_trace_risk09_lr1e4_entropy001_s4_c03,seed062,62,186,18600,100,16,120.61754451505041,130.85916249012405,120.13203706507637,False,max_epochs,248.46781158447266
rl4crn_rne_oscillator_trace_risk09_lr1e4_entropy001_s4_c03,seed062,62,187,18700,100,16,120.65300108353262,131.41137830817212,120.13203706507637,False,max_epochs,249.6929521560669
rl4crn_rne_oscillator_trace_risk09_lr1e4_entropy001_s4_c03,seed062,62,188,18800,100,16,121.00556290375368,130.46290427256145,120.13203706507637,False,max_epochs,251.1627013683319
rl4crn_rne_oscillator_trace_risk09_lr1e4_entropy001_s4_c03,seed062,62,189,18900,100,16,120.62881028442915,131.83313199474907,120.13203706507637,False,max_epochs,252.51740503311157
rl4crn_rne_oscillator_trace_risk09_lr1e4_entropy001_s4_c03,seed062,62,190,19000,100,16,120.46047435546751,131.13018656532768,120.13203706507637,False,max_epochs,254.09215307235718
rl4crn_rne_oscillator_trace_risk09_lr1e4_entropy001_s4_c03,seed062,62,191,19100,100,16,120.54931352464324,130.2173599924921,120.13203706507637,False,max_epochs,255.42350316047668
rl4crn_rne_oscillator_trace_risk09_lr1e4_entropy001_s4_c03,seed062,62,192,19200,100,16,120.6353292593698,131.28372250698374,120.13203706507637,False,max_epochs,256.86832308769226
rl4crn_rne_oscillator_trace_risk09_lr1e4_entropy001_s4_c03,seed062,62,193,19300,100,16,120.69635578133725,131.53072157791837,120.13203706507637,False,max_epochs,258.25897431373596
rl4crn_rne_oscillator_trace_risk09_lr1e4_entropy001_s4_c03,seed062,62,194,19400,100,16,120.29146016226213,131.51864166952225,120.13203706507637,False,max_epochs,259.7837131023407
rl4crn_rne_oscillator_trace_risk09_lr1e4_entropy001_s4_c03,seed062,62,195,19500,100,16,120.39755135201914,130.77732485113341,120.13203706507637,False,max_epochs,260.9411766529083
rl4crn_rne_oscillator_trace_risk09_lr1e4_entropy001_s4_c03,seed062,62,196,19600,100,16,120.37116639292893,131.04393075459103,120.13203706507637,False,max_epochs,262.46039175987244
rl4crn_rne_oscillator_trace_risk09_lr1e4_entropy001_s4_c03,seed062,62,197,19700,100,16,120.33403847399074,131.2961616135216,120.13203706507637,False,max_epochs,263.88926815986633
rl4crn_rne_oscillator_trace_risk09_lr1e4_entropy001_s4_c03,seed062,62,198,19800,100,16,120.59908744819381,131.31163688662213,120.13203706507637,False,max_epochs,265.07648158073425
rl4crn_rne_oscillator_trace_risk09_lr1e4_entropy001_s4_c03,seed062,62,199,19900,100,16,120.05620997478027,131.07919493077856,120.05620997478027,False,max_epochs,266.3573832511902
rl4crn_rne_oscillator_trace_risk09_lr1e4_entropy001_s4_c03,seed062,62,200,20000,100,16,120.39516251952058,130.96357221837917,120.05620997478027,False,max_epochs,267.56219696998596
rl4crn_rne_oscillator_trace_risk09_lr1e4_entropy001_s4_c03,seed062,62,201,20100,100,16,120.45833647689014,131.3017503578974,120.05620997478027,False,max_epochs,269.0597417354584
rl4crn_rne_oscillator_trace_risk09_lr1e4_entropy001_s4_c03,seed062,62,202,20200,100,16,120.43584463872789,131.66288536910156,120.05620997478027,False,max_epochs,270.19136929512024
rl4crn_rne_oscillator_trace_risk09_lr1e4_entropy001_s4_c03,seed062,62,203,20300,100,16,120.47332939340272,131.2424601981478,120.05620997478027,False,max_epochs,271.66325187683105
rl4crn_rne_oscillator_trace_risk09_lr1e4_entropy001_s4_c03,seed062,62,204,20400,100,16,120.46940295997453,131.8565076818208,120.05620997478027,False,max_epochs,272.8136122226715
rl4crn_rne_oscillator_trace_risk09_lr1e4_entropy001_s4_c03,seed062,62,205,20500,100,16,119.62588402038004,131.14549070279043,119.62588402038004,False,max_epochs,273.9427924156189
rl4crn_rne_oscillator_trace_risk09_lr1e4_entropy001_s4_c03,seed062,62,206,20600,100,16,120.52699066925078,132.10063378937537,119.62588402038004,False,max_epochs,275.26105427742004
rl4crn_rne_oscillator_trace_risk09_lr1e4_entropy001_s4_c03,seed062,62,207,20700,100,16,120.55880760304403,131.05437217587072,119.62588402038004,False,max_epochs,276.5268466472626
rl4crn_rne_oscillator_trace_risk09_lr1e4_entropy001_s4_c03,seed062,62,208,20800,100,16,120.07996251907646,129.35233469467664,119.62588402038004,False,max_epochs,277.9092872142792
rl4crn_rne_oscillator_trace_risk09_lr1e4_entropy001_s4_c03,seed062,62,209,20900,100,16,120.60551478837621,128.961889775035,119.62588402038004,False,max_epochs,279.12310671806335
rl4crn_rne_oscillator_trace_risk09_lr1e4_entropy001_s4_c03,seed062,62,210,21000,100,16,120.3598806523983,128.09812576490873,119.62588402038004,False,max_epochs,280.4306025505066
rl4crn_rne_oscillator_trace_risk09_lr1e4_entropy001_s4_c03,seed062,62,211,21100,100,16,120.13200348697121,125.87661870289857,119.62588402038004,False,max_epochs,281.57599568367004
rl4crn_rne_oscillator_trace_risk09_lr1e4_entropy001_s4_c03,seed062,62,212,21200,100,16,120.30091590419096,125.50097308770901,119.62588402038004,False,max_epochs,282.86939215660095
rl4crn_rne_oscillator_trace_risk09_lr1e4_entropy001_s4_c03,seed062,62,213,21300,100,16,119.69873342983975,125.68147207318734,119.62588402038004,False,max_epochs,283.96725273132324
rl4crn_rne_oscillator_trace_risk09_lr1e4_entropy001_s4_c03,seed062,62,214,21400,100,16,120.38673691706424,129.9151122811848,119.62588402038004,False,max_epochs,285.14140009880066
rl4crn_rne_oscillator_trace_risk09_lr1e4_entropy001_s4_c03,seed062,62,215,21500,100,16,120.523423861646,127.61758298332545,119.62588402038004,False,max_epochs,286.5194664001465
rl4crn_rne_oscillator_trace_risk09_lr1e4_entropy001_s4_c03,seed062,62,216,21600,100,16,120.1858672315704,129.5947380143258,119.62588402038004,False,max_epochs,287.70002579689026
rl4crn_rne_oscillator_trace_risk09_lr1e4_entropy001_s4_c03,seed062,62,217,21700,100,16,120.16248526728789,129.19857398737537,119.62588402038004,False,max_epochs,289.06278562545776
rl4crn_rne_oscillator_trace_risk09_lr1e4_entropy001_s4_c03,seed062,62,218,21800,100,16,120.11906559602157,129.74794678512245,119.62588402038004,False,max_epochs,290.3510100841522
rl4crn_rne_oscillator_trace_risk09_lr1e4_entropy001_s4_c03,seed062,62,219,21900,100,16,120.11333281076807,130.7917184595854,119.62588402038004,False,max_epochs,291.64952635765076
rl4crn_rne_oscillator_trace_risk09_lr1e4_entropy001_s4_c03,seed062,62,220,22000,100,16,120.8061242460452,132.15839196739768,119.62588402038004,False,max_epochs,293.16465950012207
rl4crn_rne_oscillator_trace_risk09_lr1e4_entropy001_s4_c03,seed062,62,221,22100,100,16,119.31781455958958,131.42940725415758,119.31781455958958,False,max_epochs,294.584730386734
rl4crn_rne_oscillator_trace_risk09_lr1e4_entropy001_s4_c03,seed062,62,222,22200,100,16,119.397258943813,131.3539256190195,119.31781455958958,False,max_epochs,296.0016174316406
rl4crn_rne_oscillator_trace_risk09_lr1e4_entropy001_s4_c03,seed062,62,223,22300,100,16,121.12904323269306,131.9475590841531,119.31781455958958,False,max_epochs,297.19684767723083
rl4crn_rne_oscillator_trace_risk09_lr1e4_entropy001_s4_c03,seed062,62,224,22400,100,16,120.40598148705561,131.27165200853517,119.31781455958958,False,max_epochs,298.54071021080017
rl4crn_rne_oscillator_trace_risk09_lr1e4_entropy001_s4_c03,seed062,62,225,22500,100,16,120.69705786900155,132.8894726913506,119.31781455958958,False,max_epochs,299.9385690689087
rl4crn_rne_oscillator_trace_risk09_lr1e4_entropy001_s4_c03,seed062,62,226,22600,100,16,120.21163623737343,132.7744310695,119.31781455958958,False,max_epochs,301.3021352291107
rl4crn_rne_oscillator_trace_risk09_lr1e4_entropy001_s4_c03,seed062,62,227,22700,100,16,120.63088849393137,132.54947671762767,119.31781455958958,False,max_epochs,302.64273953437805
rl4crn_rne_oscillator_trace_risk09_lr1e4_entropy001_s4_c03,seed062,62,228,22800,100,16,120.7896890954636,132.10499248682376,119.31781455958958,False,max_epochs,303.8363540172577
rl4crn_rne_oscillator_trace_risk09_lr1e4_entropy001_s4_c03,seed062,62,229,22900,100,16,120.55671756800173,132.2599230024486,119.31781455958958,False,max_epochs,305.124050617218
rl4crn_rne_oscillator_trace_risk09_lr1e4_entropy001_s4_c03,seed062,62,230,23000,100,16,116.16000647000584,130.61576752664297,116.16000647000584,False,max_epochs,306.27566480636597
rl4crn_rne_oscillator_trace_risk09_lr1e4_entropy001_s4_c03,seed062,62,231,23100,100,16,120.41969977972055,131.364599603574,116.16000647000584,False,max_epochs,307.64774227142334
rl4crn_rne_oscillator_trace_risk09_lr1e4_entropy001_s4_c03,seed062,62,232,23200,100,16,120.31549918492998,131.70992846528003,116.16000647000584,False,max_epochs,308.80865120887756
rl4crn_rne_oscillator_trace_risk09_lr1e4_entropy001_s4_c03,seed062,62,233,23300,100,16,120.71443671782471,130.72486785503514,116.16000647000584,False,max_epochs,310.0127127170563
rl4crn_rne_oscillator_trace_risk09_lr1e4_entropy001_s4_c03,seed062,62,234,23400,100,16,121.05327340169045,130.08046283513937,116.16000647000584,False,max_epochs,311.398907661438
rl4crn_rne_oscillator_trace_risk09_lr1e4_entropy001_s4_c03,seed062,62,235,23500,100,16,120.15355505595042,130.11934031909107,116.16000647000584,False,max_epochs,312.62238025665283
rl4crn_rne_oscillator_trace_risk09_lr1e4_entropy001_s4_c03,seed062,62,236,23600,100,16,119.25019784793797,130.7429916829294,116.16000647000584,False,max_epochs,313.93786120414734
rl4crn_rne_oscillator_trace_risk09_lr1e4_entropy001_s4_c03,seed062,62,237,23700,100,16,115.85561093627337,130.26424978873206,115.85561093627337,False,max_epochs,315.12294816970825
rl4crn_rne_oscillator_trace_risk09_lr1e4_entropy001_s4_c03,seed062,62,238,23800,100,16,112.79712272313479,130.21453481535872,112.79712272313479,False,max_epochs,316.4512107372284
rl4crn_rne_oscillator_trace_risk09_lr1e4_entropy001_s4_c03,seed062,62,239,23900,100,16,118.63616152289978,130.44434592751304,112.79712272313479,False,max_epochs,317.56621074676514
rl4crn_rne_oscillator_trace_risk09_lr1e4_entropy001_s4_c03,seed062,62,240,24000,100,16,120.14871030015796,129.42704272735511,112.79712272313479,False,max_epochs,318.85691690444946
rl4crn_rne_oscillator_trace_risk09_lr1e4_entropy001_s4_c03,seed062,62,241,24100,100,16,120.66665817012895,130.59088406061733,112.79712272313479,False,max_epochs,320.01472878456116
rl4crn_rne_oscillator_trace_risk09_lr1e4_entropy001_s4_c03,seed062,62,242,24200,100,16,120.30669025852013,130.2358769116646,112.79712272313479,False,max_epochs,321.3802285194397
rl4crn_rne_oscillator_trace_risk09_lr1e4_entropy001_s4_c03,seed062,62,243,24300,100,16,120.18209744592323,130.57350015178588,112.79712272313479,False,max_epochs,322.62152910232544
rl4crn_rne_oscillator_trace_risk09_lr1e4_entropy001_s4_c03,seed062,62,244,24400,100,16,119.75314739972603,129.12438402270095,112.79712272313479,False,max_epochs,324.0123505592346
rl4crn_rne_oscillator_trace_risk09_lr1e4_entropy001_s4_c03,seed062,62,245,24500,100,16,118.53069820008378,127.61143162319556,112.79712272313479,False,max_epochs,325.17598009109497
rl4crn_rne_oscillator_trace_risk09_lr1e4_entropy001_s4_c03,seed062,62,246,24600,100,16,120.60958864925466,130.1194703333377,112.79712272313479,False,max_epochs,326.5178201198578
rl4crn_rne_oscillator_trace_risk09_lr1e4_entropy001_s4_c03,seed062,62,247,24700,100,16,118.27301358641354,128.5866049775982,112.79712272313479,False,max_epochs,327.6914098262787
rl4crn_rne_oscillator_trace_risk09_lr1e4_entropy001_s4_c03,seed062,62,248,24800,100,16,119.40637013585365,128.71783284114184,112.79712272313479,False,max_epochs,328.92541575431824
rl4crn_rne_oscillator_trace_risk09_lr1e4_entropy001_s4_c03,seed062,62,249,24900,100,16,120.15962696191103,129.93988331255758,112.79712272313479,False,max_epochs,330.3515887260437
rl4crn_rne_oscillator_trace_risk09_lr1e4_entropy001_s4_c03,seed062,62,250,25000,100,16,119.80338186406864,128.48639697447015,112.79712272313479,False,max_epochs,331.4965772628784
rl4crn_rne_oscillator_trace_risk09_lr1e4_entropy001_s4_c03,seed062,62,251,25100,100,16,119.85495639854005,130.17513330286147,112.79712272313479,False,max_epochs,332.9391613006592
rl4crn_rne_oscillator_trace_risk09_lr1e4_entropy001_s4_c03,seed062,62,252,25200,100,16,120.37515740557397,130.45234728518008,112.79712272313479,False,max_epochs,334.20440196990967
rl4crn_rne_oscillator_trace_risk09_lr1e4_entropy001_s4_c03,seed062,62,253,25300,100,16,120.4583131417098,130.12892767165192,112.79712272313479,False,max_epochs,335.5888671875
rl4crn_rne_oscillator_trace_risk09_lr1e4_entropy001_s4_c03,seed062,62,254,25400,100,16,120.44706858077375,129.7501757436629,112.79712272313479,False,max_epochs,336.93136739730835
rl4crn_rne_oscillator_trace_risk09_lr1e4_entropy001_s4_c03,seed062,62,255,25500,100,16,115.5566496701092,128.52645546810112,112.79712272313479,False,max_epochs,338.18273401260376
rl4crn_rne_oscillator_trace_risk09_lr1e4_entropy001_s4_c03,seed062,62,256,25600,100,16,119.47160922891477,129.29046236152936,112.79712272313479,False,max_epochs,339.7149693965912
rl4crn_rne_oscillator_trace_risk09_lr1e4_entropy001_s4_c03,seed062,62,257,25700,100,16,117.69923917695557,130.09410122010615,112.79712272313479,False,max_epochs,340.83780097961426
rl4crn_rne_oscillator_trace_risk09_lr1e4_entropy001_s4_c03,seed062,62,258,25800,100,16,118.29442429628824,129.90693668668996,112.79712272313479,False,max_epochs,342.20974230766296
rl4crn_rne_oscillator_trace_risk09_lr1e4_entropy001_s4_c03,seed062,62,259,25900,100,16,119.37431844698135,130.00255648162124,112.79712272313479,False,max_epochs,343.3275890350342
rl4crn_rne_oscillator_trace_risk09_lr1e4_entropy001_s4_c03,seed062,62,260,26000,100,16,108.98933293589624,130.05651420807453,108.98933293589624,False,max_epochs,344.4544017314911
rl4crn_rne_oscillator_trace_risk09_lr1e4_entropy001_s4_c03,seed062,62,261,26100,100,16,118.17154847810211,130.15213453375804,108.98933293589624,False,max_epochs,345.7570445537567
rl4crn_rne_oscillator_trace_risk09_lr1e4_entropy001_s4_c03,seed062,62,262,26200,100,16,120.24388452177726,130.73804568003226,108.98933293589624,False,max_epochs,346.90475273132324
rl4crn_rne_oscillator_trace_risk09_lr1e4_entropy001_s4_c03,seed062,62,263,26300,100,16,118.41588017312569,130.54660305174525,108.98933293589624,False,max_epochs,348.2651469707489
rl4crn_rne_oscillator_trace_risk09_lr1e4_entropy001_s4_c03,seed062,62,264,26400,100,16,120.08968174821239,129.69169180278934,108.98933293589624,False,max_epochs,349.46063017845154
rl4crn_rne_oscillator_trace_risk09_lr1e4_entropy001_s4_c03,seed062,62,265,26500,100,16,117.37673342183301,129.07515588572275,108.98933293589624,False,max_epochs,350.82611322402954
rl4crn_rne_oscillator_trace_risk09_lr1e4_entropy001_s4_c03,seed062,62,266,26600,100,16,119.0114020304495,130.0631044306145,108.98933293589624,False,max_epochs,352.09029746055603
rl4crn_rne_oscillator_trace_risk09_lr1e4_entropy001_s4_c03,seed062,62,267,26700,100,16,119.94902828287455,130.0180405645271,108.98933293589624,False,max_epochs,353.22754406929016
rl4crn_rne_oscillator_trace_risk09_lr1e4_entropy001_s4_c03,seed062,62,268,26800,100,16,120.48927808060392,128.86795354825466,108.98933293589624,False,max_epochs,354.52679562568665
rl4crn_rne_oscillator_trace_risk09_lr1e4_entropy001_s4_c03,seed062,62,269,26900,100,16,120.66558574325668,129.06350429557952,108.98933293589624,False,max_epochs,355.71715545654297
rl4crn_rne_oscillator_trace_risk09_lr1e4_entropy001_s4_c03,seed062,62,270,27000,100,16,118.1774403544968,130.5557993253637,108.98933293589624,False,max_epochs,357.0695631504059
rl4crn_rne_oscillator_trace_risk09_lr1e4_entropy001_s4_c03,seed062,62,271,27100,100,16,118.37884177136304,129.8156776811677,108.98933293589624,False,max_epochs,358.2235825061798
rl4crn_rne_oscillator_trace_risk09_lr1e4_entropy001_s4_c03,seed062,62,272,27200,100,16,118.80946443014564,131.69592735657403,108.98933293589624,False,max_epochs,359.67046213150024
rl4crn_rne_oscillator_trace_risk09_lr1e4_entropy001_s4_c03,seed062,62,273,27300,100,16,119.26867876419557,132.07893301704348,108.98933293589624,False,max_epochs,360.8534903526306
rl4crn_rne_oscillator_trace_risk09_lr1e4_entropy001_s4_c03,seed062,62,274,27400,100,16,118.63512695048388,132.1755921522868,108.98933293589624,False,max_epochs,362.2629089355469
rl4crn_rne_oscillator_trace_risk09_lr1e4_entropy001_s4_c03,seed062,62,275,27500,100,16,120.91297369518126,131.6209829122895,108.98933293589624,False,max_epochs,363.4681990146637
rl4crn_rne_oscillator_trace_risk09_lr1e4_entropy001_s4_c03,seed062,62,276,27600,100,16,120.40765531143838,131.03592994455306,108.98933293589624,False,max_epochs,364.6567635536194
rl4crn_rne_oscillator_trace_risk09_lr1e4_entropy001_s4_c03,seed062,62,277,27700,100,16,116.74097259726784,130.12473487071406,108.98933293589624,False,max_epochs,365.96989130973816
rl4crn_rne_oscillator_trace_risk09_lr1e4_entropy001_s4_c03,seed062,62,278,27800,100,16,120.59662183043774,129.60696135291553,108.98933293589624,False,max_epochs,367.1604268550873
rl4crn_rne_oscillator_trace_risk09_lr1e4_entropy001_s4_c03,seed062,62,279,27900,100,16,120.15741830209018,131.08663947680628,108.98933293589624,False,max_epochs,368.5305416584015
rl4crn_rne_oscillator_trace_risk09_lr1e4_entropy001_s4_c03,seed062,62,280,28000,100,16,120.36608691955664,132.05622329067694,108.98933293589624,False,max_epochs,369.948424577713
rl4crn_rne_oscillator_trace_risk09_lr1e4_entropy001_s4_c03,seed062,62,281,28100,100,16,116.36605906158414,129.87495191426615,108.98933293589624,False,max_epochs,371.1340618133545
rl4crn_rne_oscillator_trace_risk09_lr1e4_entropy001_s4_c03,seed062,62,282,28200,100,16,120.25780188765722,130.62136856401003,108.98933293589624,False,max_epochs,372.2754735946655
rl4crn_rne_oscillator_trace_risk09_lr1e4_entropy001_s4_c03,seed062,62,283,28300,100,16,115.08583295484182,129.8030846914643,108.98933293589624,False,max_epochs,373.64443159103394
rl4crn_rne_oscillator_trace_risk09_lr1e4_entropy001_s4_c03,seed062,62,284,28400,100,16,120.35903369887583,130.54537243033093,108.98933293589624,False,max_epochs,374.8210208415985
rl4crn_rne_oscillator_trace_risk09_lr1e4_entropy001_s4_c03,seed062,62,285,28500,100,16,120.71089015567306,131.3452411417,108.98933293589624,False,max_epochs,376.1564390659332
rl4crn_rne_oscillator_trace_risk09_lr1e4_entropy001_s4_c03,seed062,62,286,28600,100,16,119.08362861920074,130.08921599074887,108.98933293589624,False,max_epochs,377.3069038391113
rl4crn_rne_oscillator_trace_risk09_lr1e4_entropy001_s4_c03,seed062,62,287,28700,100,16,118.22778382424582,130.5112723813242,108.98933293589624,False,max_epochs,378.653382062912
rl4crn_rne_oscillator_trace_risk09_lr1e4_entropy001_s4_c03,seed062,62,288,28800,100,16,119.61910640429895,130.37778282304777,108.98933293589624,False,max_epochs,379.8361716270447
rl4crn_rne_oscillator_trace_risk09_lr1e4_entropy001_s4_c03,seed062,62,289,28900,100,16,117.53455759413345,130.73719947339941,108.98933293589624,False,max_epochs,380.9588289260864
rl4crn_rne_oscillator_trace_risk09_lr1e4_entropy001_s4_c03,seed062,62,290,29000,100,16,119.59927596807512,129.4721443464485,108.98933293589624,False,max_epochs,382.271338224411
rl4crn_rne_oscillator_trace_risk09_lr1e4_entropy001_s4_c03,seed062,62,291,29100,100,16,118.91291839465943,131.35847355177552,108.98933293589624,False,max_epochs,383.43177556991577
rl4crn_rne_oscillator_trace_risk09_lr1e4_entropy001_s4_c03,seed062,62,292,29200,100,16,120.05143463811447,132.2449772301852,108.98933293589624,False,max_epochs,384.78806376457214
rl4crn_rne_oscillator_trace_risk09_lr1e4_entropy001_s4_c03,seed062,62,293,29300,100,16,119.20058275332724,130.1304165502869,108.98933293589624,False,max_epochs,385.90420746803284
rl4crn_rne_oscillator_trace_risk09_lr1e4_entropy001_s4_c03,seed062,62,294,29400,100,16,120.4922654569245,133.09122156036,108.98933293589624,False,max_epochs,387.148113489151
rl4crn_rne_oscillator_trace_risk09_lr1e4_entropy001_s4_c03,seed062,62,295,29500,100,16,120.349141100851,130.915704197975,108.98933293589624,False,max_epochs,388.44253945350647
rl4crn_rne_oscillator_trace_risk09_lr1e4_entropy001_s4_c03,seed062,62,296,29600,100,16,118.05255783412763,131.04750928399164,108.98933293589624,False,max_epochs,389.5985939502716
rl4crn_rne_oscillator_trace_risk09_lr1e4_entropy001_s4_c03,seed062,62,297,29700,100,16,119.51928646429612,131.10594574731562,108.98933293589624,False,max_epochs,391.01652002334595
rl4crn_rne_oscillator_trace_risk09_lr1e4_entropy001_s4_c03,seed062,62,298,29800,100,16,119.0958747506058,130.03487049138516,108.98933293589624,False,max_epochs,392.174320936203
rl4crn_rne_oscillator_trace_risk09_lr1e4_entropy001_s4_c03,seed062,62,299,29900,100,16,118.53124947004589,131.1879440288596,108.98933293589624,False,max_epochs,393.5632770061493
rl4crn_rne_oscillator_trace_risk09_lr1e4_entropy001_s4_c03,seed062,62,300,30000,100,16,115.24511114720545,131.01626299728022,108.98933293589624,False,max_epochs,394.71154832839966
rl4crn_rne_oscillator_trace_risk09_lr1e4_entropy001_s4_c03,seed062,62,301,30100,100,16,116.50385540965772,130.2402180314432,108.98933293589624,False,max_epochs,395.84625911712646
rl4crn_rne_oscillator_trace_risk09_lr1e4_entropy001_s4_c03,seed062,62,302,30200,100,16,119.80914596419156,130.8217795549231,108.98933293589624,False,max_epochs,397.1866419315338
rl4crn_rne_oscillator_trace_risk09_lr1e4_entropy001_s4_c03,seed062,62,303,30300,100,16,120.09165160765491,131.57143521354567,108.98933293589624,False,max_epochs,398.3416016101837
rl4crn_rne_oscillator_trace_risk09_lr1e4_entropy001_s4_c03,seed062,62,304,30400,100,16,119.19329830098332,131.3722311166568,108.98933293589624,False,max_epochs,399.64692282676697
rl4crn_rne_oscillator_trace_risk09_lr1e4_entropy001_s4_c03,seed062,62,305,30500,100,16,115.69199016237191,132.2039274538414,108.98933293589624,False,max_epochs,400.83150362968445
rl4crn_rne_oscillator_trace_risk09_lr1e4_entropy001_s4_c03,seed062,62,306,30600,100,16,119.79715509370068,131.34206680432777,108.98933293589624,False,max_epochs,402.0016522407532
rl4crn_rne_oscillator_trace_risk09_lr1e4_entropy001_s4_c03,seed062,62,307,30700,100,16,120.49688051475297,131.70077955995748,108.98933293589624,False,max_epochs,403.3675425052643
rl4crn_rne_oscillator_trace_risk09_lr1e4_entropy001_s4_c03,seed062,62,308,30800,100,16,118.65792312341009,130.4728109043899,108.98933293589624,False,max_epochs,404.5559051036835
rl4crn_rne_oscillator_trace_risk09_lr1e4_entropy001_s4_c03,seed062,62,309,30900,100,16,120.04749583265045,132.49131151863662,108.98933293589624,False,max_epochs,405.86691427230835
rl4crn_rne_oscillator_trace_risk09_lr1e4_entropy001_s4_c03,seed062,62,310,31000,100,16,118.78799876036327,129.97708416884666,108.98933293589624,False,max_epochs,406.97810339927673
rl4crn_rne_oscillator_trace_risk09_lr1e4_entropy001_s4_c03,seed062,62,311,31100,100,16,118.24850856115974,131.22529677118797,108.98933293589624,False,max_epochs,408.4525864124298
rl4crn_rne_oscillator_trace_risk09_lr1e4_entropy001_s4_c03,seed062,62,312,31200,100,16,119.20311742183785,132.09354103666175,108.98933293589624,False,max_epochs,409.602224111557
rl4crn_rne_oscillator_trace_risk09_lr1e4_entropy001_s4_c03,seed062,62,313,31300,100,16,120.63963067928034,130.47532239898368,108.98933293589624,False,max_epochs,410.9952492713928
rl4crn_rne_oscillator_trace_risk09_lr1e4_entropy001_s4_c03,seed062,62,314,31400,100,16,119.9040254722021,131.28857055369178,108.98933293589624,False,max_epochs,412.0882053375244
rl4crn_rne_oscillator_trace_risk09_lr1e4_entropy001_s4_c03,seed062,62,315,31500,100,16,120.01383661595784,131.56453231719033,108.98933293589624,False,max_epochs,413.4001488685608
rl4crn_rne_oscillator_trace_risk09_lr1e4_entropy001_s4_c03,seed062,62,316,31600,100,16,117.38078892049195,130.9822744483297,108.98933293589624,False,max_epochs,414.552773475647
rl4crn_rne_oscillator_trace_risk09_lr1e4_entropy001_s4_c03,seed062,62,317,31700,100,16,120.3041053680234,131.27226243767183,108.98933293589624,False,max_epochs,415.8659772872925
rl4crn_rne_oscillator_trace_risk09_lr1e4_entropy001_s4_c03,seed062,62,318,31800,100,16,105.97690024702007,132.8141103786943,105.97690024702007,False,max_epochs,417.03864669799805
rl4crn_rne_oscillator_trace_risk09_lr1e4_entropy001_s4_c03,seed062,62,319,31900,100,16,117.56828032943635,130.11265666439175,105.97690024702007,False,max_epochs,418.42373394966125
rl4crn_rne_oscillator_trace_risk09_lr1e4_entropy001_s4_c03,seed062,62,320,32000,100,16,119.67859117945251,133.29694929058064,105.97690024702007,False,max_epochs,419.5661129951477
rl4crn_rne_oscillator_trace_risk09_lr1e4_entropy001_s4_c03,seed062,62,321,32100,100,16,120.34276669657633,131.19399906115024,105.97690024702007,False,max_epochs,420.85233187675476
rl4crn_rne_oscillator_trace_risk09_lr1e4_entropy001_s4_c03,seed062,62,322,32200,100,16,115.61558424638847,131.8560096997054,105.97690024702007,False,max_epochs,422.2074637413025
rl4crn_rne_oscillator_trace_risk09_lr1e4_entropy001_s4_c03,seed062,62,323,32300,100,16,118.30718014726531,130.14508605877637,105.97690024702007,False,max_epochs,423.3904962539673
rl4crn_rne_oscillator_trace_risk09_lr1e4_entropy001_s4_c03,seed062,62,324,32400,100,16,118.96725787478226,132.33995939101328,105.97690024702007,False,max_epochs,424.96953225135803
rl4crn_rne_oscillator_trace_risk09_lr1e4_entropy001_s4_c03,seed062,62,325,32500,100,16,116.57417123124101,131.75948422912305,105.97690024702007,False,max_epochs,426.2827138900757
rl4crn_rne_oscillator_trace_risk09_lr1e4_entropy001_s4_c03,seed062,62,326,32600,100,16,120.41563384595575,130.5000255690271,105.97690024702007,False,max_epochs,427.4836733341217
rl4crn_rne_oscillator_trace_risk09_lr1e4_entropy001_s4_c03,seed062,62,327,32700,100,16,118.21418829199905,131.0656968384061,105.97690024702007,False,max_epochs,428.88110184669495
rl4crn_rne_oscillator_trace_risk09_lr1e4_entropy001_s4_c03,seed062,62,328,32800,100,16,118.93571362860897,131.60522105736857,105.97690024702007,False,max_epochs,430.0735065937042
rl4crn_rne_oscillator_trace_risk09_lr1e4_entropy001_s4_c03,seed062,62,329,32900,100,16,119.69814569588424,131.19689236412722,105.97690024702007,False,max_epochs,431.57562041282654
rl4crn_rne_oscillator_trace_risk09_lr1e4_entropy001_s4_c03,seed062,62,330,33000,100,16,120.13121763643706,131.52816416030612,105.97690024702007,False,max_epochs,432.7168803215027
rl4crn_rne_oscillator_trace_risk09_lr1e4_entropy001_s4_c03,seed062,62,331,33100,100,16,113.23904762707294,131.85926711508407,105.97690024702007,False,max_epochs,434.22457337379456
rl4crn_rne_oscillator_trace_risk09_lr1e4_entropy001_s4_c03,seed062,62,332,33200,100,16,120.41400697156779,130.48844501189217,105.97690024702007,False,max_epochs,435.53914761543274
rl4crn_rne_oscillator_trace_risk09_lr1e4_entropy001_s4_c03,seed062,62,333,33300,100,16,118.09086080471968,129.06096095171284,105.97690024702007,False,max_epochs,436.87019181251526
rl4crn_rne_oscillator_trace_risk09_lr1e4_entropy001_s4_c03,seed062,62,334,33400,100,16,119.1577661276662,130.73224380560214,105.97690024702007,False,max_epochs,438.0149784088135
rl4crn_rne_oscillator_trace_risk09_lr1e4_entropy001_s4_c03,seed062,62,335,33500,100,16,119.99391909592826,132.33986319609681,105.97690024702007,False,max_epochs,439.43249344825745
rl4crn_rne_oscillator_trace_risk09_lr1e4_entropy001_s4_c03,seed062,62,336,33600,100,16,120.506361593561,129.21877505632364,105.97690024702007,False,max_epochs,440.66002440452576
rl4crn_rne_oscillator_trace_risk09_lr1e4_entropy001_s4_c03,seed062,62,337,33700,100,16,120.30929651321104,130.14343136909025,105.97690024702007,False,max_epochs,441.86601877212524
rl4crn_rne_oscillator_trace_risk09_lr1e4_entropy001_s4_c03,seed062,62,338,33800,100,16,120.48165222916343,130.90453283051806,105.97690024702007,False,max_epochs,443.16479110717773
rl4crn_rne_oscillator_trace_risk09_lr1e4_entropy001_s4_c03,seed062,62,339,33900,100,16,120.31719694619625,133.98298178776594,105.97690024702007,False,max_epochs,444.3171167373657
rl4crn_rne_oscillator_trace_risk09_lr1e4_entropy001_s4_c03,seed062,62,340,34000,100,16,120.61935616801141,132.69370604796342,105.97690024702007,False,max_epochs,445.67267894744873
rl4crn_rne_oscillator_trace_risk09_lr1e4_entropy001_s4_c03,seed062,62,341,34100,100,16,120.57683538801295,133.01466068303,105.97690024702007,False,max_epochs,446.82561206817627
rl4crn_rne_oscillator_trace_risk09_lr1e4_entropy001_s4_c03,seed062,62,342,34200,100,16,119.71338879010813,130.86260141015822,105.97690024702007,False,max_epochs,447.97071862220764
rl4crn_rne_oscillator_trace_risk09_lr1e4_entropy001_s4_c03,seed062,62,343,34300,100,16,119.36844361745571,132.30206929967576,105.97690024702007,False,max_epochs,449.30467557907104
rl4crn_rne_oscillator_trace_risk09_lr1e4_entropy001_s4_c03,seed062,62,344,34400,100,16,120.65684513256085,132.20141808856903,105.97690024702007,False,max_epochs,450.4329946041107
rl4crn_rne_oscillator_trace_risk09_lr1e4_entropy001_s4_c03,seed062,62,345,34500,100,16,119.93203752129621,132.25482983694496,105.97690024702007,False,max_epochs,451.8672869205475
rl4crn_rne_oscillator_trace_risk09_lr1e4_entropy001_s4_c03,seed062,62,346,34600,100,16,118.60473136384049,131.0802064114926,105.97690024702007,False,max_epochs,453.1615378856659
rl4crn_rne_oscillator_trace_risk09_lr1e4_entropy001_s4_c03,seed062,62,347,34700,100,16,119.10521727529611,132.2878735844977,105.97690024702007,False,max_epochs,454.5394563674927
rl4crn_rne_oscillator_trace_risk09_lr1e4_entropy001_s4_c03,seed062,62,348,34800,100,16,117.49896209515929,130.80267475645965,105.97690024702007,False,max_epochs,455.72914838790894
rl4crn_rne_oscillator_trace_risk09_lr1e4_entropy001_s4_c03,seed062,62,349,34900,100,16,116.43957249418031,129.98068254754128,105.97690024702007,False,max_epochs,456.9408149719238
rl4crn_rne_oscillator_trace_risk09_lr1e4_entropy001_s4_c03,seed062,62,350,35000,100,16,120.99120879118888,132.1874693788812,105.97690024702007,False,max_epochs,458.3597023487091
rl4crn_rne_oscillator_trace_risk09_lr1e4_entropy001_s4_c03,seed062,62,351,35100,100,16,118.48615863012877,129.691402462366,105.97690024702007,False,max_epochs,459.5282187461853
rl4crn_rne_oscillator_trace_risk09_lr1e4_entropy001_s4_c03,seed062,62,352,35200,100,16,117.84601546148909,130.8966119942248,105.97690024702007,False,max_epochs,460.85772037506104
rl4crn_rne_oscillator_trace_risk09_lr1e4_entropy001_s4_c03,seed062,62,353,35300,100,16,120.80021741687796,133.41028244314884,105.97690024702007,False,max_epochs,462.06603932380676
rl4crn_rne_oscillator_trace_risk09_lr1e4_entropy001_s4_c03,seed062,62,354,35400,100,16,120.19416844066072,131.62098586394075,105.97690024702007,False,max_epochs,463.29381251335144
rl4crn_rne_oscillator_trace_risk09_lr1e4_entropy001_s4_c03,seed062,62,355,35500,100,16,118.74946592811051,132.2029975795421,105.97690024702007,False,max_epochs,464.64507722854614
rl4crn_rne_oscillator_trace_risk09_lr1e4_entropy001_s4_c03,seed062,62,356,35600,100,16,118.11413781566877,131.99748947047908,105.97690024702007,False,max_epochs,465.9068329334259
rl4crn_rne_oscillator_trace_risk09_lr1e4_entropy001_s4_c03,seed062,62,357,35700,100,16,118.34944278673649,130.80249443755986,105.97690024702007,False,max_epochs,467.3531062602997
rl4crn_rne_oscillator_trace_risk09_lr1e4_entropy001_s4_c03,seed062,62,358,35800,100,16,119.67113173333743,131.92545756840434,105.97690024702007,False,max_epochs,468.70641469955444
rl4crn_rne_oscillator_trace_risk09_lr1e4_entropy001_s4_c03,seed062,62,359,35900,100,16,120.28793482850641,131.00704466690752,105.97690024702007,False,max_epochs,470.06828927993774
rl4crn_rne_oscillator_trace_risk09_lr1e4_entropy001_s4_c03,seed062,62,360,36000,100,16,120.45532096162276,135.90264680421876,105.97690024702007,False,max_epochs,471.30303382873535
rl4crn_rne_oscillator_trace_risk09_lr1e4_entropy001_s4_c03,seed062,62,361,36100,100,16,116.31694406773721,130.53581160172962,105.97690024702007,False,max_epochs,472.83467864990234
rl4crn_rne_oscillator_trace_risk09_lr1e4_entropy001_s4_c03,seed062,62,362,36200,100,16,120.84320631170506,132.18541676840823,105.97690024702007,False,max_epochs,474.15566515922546
rl4crn_rne_oscillator_trace_risk09_lr1e4_entropy001_s4_c03,seed062,62,363,36300,100,16,112.61258151372562,129.6928641843185,105.97690024702007,False,max_epochs,475.3993909358978
rl4crn_rne_oscillator_trace_risk09_lr1e4_entropy001_s4_c03,seed062,62,364,36400,100,16,119.48752590022048,132.70469388532757,105.97690024702007,False,max_epochs,476.94452381134033
rl4crn_rne_oscillator_trace_risk09_lr1e4_entropy001_s4_c03,seed062,62,365,36500,100,16,119.63337797342678,131.3959429666682,105.97690024702007,False,max_epochs,478.4552013874054
rl4crn_rne_oscillator_trace_risk09_lr1e4_entropy001_s4_c03,seed062,62,366,36600,100,16,120.659854326536,132.35100502032557,105.97690024702007,False,max_epochs,480.04983019828796
rl4crn_rne_oscillator_trace_risk09_lr1e4_entropy001_s4_c03,seed062,62,367,36700,100,16,117.64017157319553,130.37039358816543,105.97690024702007,False,max_epochs,481.30146408081055
rl4crn_rne_oscillator_trace_risk09_lr1e4_entropy001_s4_c03,seed062,62,368,36800,100,16,118.86446331581118,131.88224998397783,105.97690024702007,False,max_epochs,482.7739953994751
rl4crn_rne_oscillator_trace_risk09_lr1e4_entropy001_s4_c03,seed062,62,369,36900,100,16,120.3439093230191,133.19936721395823,105.97690024702007,False,max_epochs,484.2096109390259
rl4crn_rne_oscillator_trace_risk09_lr1e4_entropy001_s4_c03,seed062,62,370,37000,100,16,117.83017383982727,132.19581523493412,105.97690024702007,False,max_epochs,485.7462499141693
rl4crn_rne_oscillator_trace_risk09_lr1e4_entropy001_s4_c03,seed062,62,371,37100,100,16,116.73903289099682,130.51864789848207,105.97690024702007,False,max_epochs,487.1262743473053
rl4crn_rne_oscillator_trace_risk09_lr1e4_entropy001_s4_c03,seed062,62,372,37200,100,16,120.62731814557156,133.25938128165456,105.97690024702007,False,max_epochs,488.59782791137695
rl4crn_rne_oscillator_trace_risk09_lr1e4_entropy001_s4_c03,seed062,62,373,37300,100,16,119.85148738491183,131.23237043990872,105.97690024702007,False,max_epochs,489.9999933242798
rl4crn_rne_oscillator_trace_risk09_lr1e4_entropy001_s4_c03,seed062,62,374,37400,100,16,114.8165026023005,132.72079377534163,105.97690024702007,False,max_epochs,491.3347375392914
rl4crn_rne_oscillator_trace_risk09_lr1e4_entropy001_s4_c03,seed062,62,375,37500,100,16,78.12020536704185,131.03584212817034,78.12020536704185,False,max_epochs,492.655061006546
rl4crn_rne_oscillator_trace_risk09_lr1e4_entropy001_s4_c03,seed062,62,376,37600,100,16,118.71921900673138,130.32844380188902,78.12020536704185,False,max_epochs,494.1712501049042
rl4crn_rne_oscillator_trace_risk09_lr1e4_entropy001_s4_c03,seed062,62,377,37700,100,16,119.22750204952024,133.26461583199955,78.12020536704185,False,max_epochs,495.5024366378784
rl4crn_rne_oscillator_trace_risk09_lr1e4_entropy001_s4_c03,seed062,62,378,37800,100,16,117.85762179462618,132.43539757127476,78.12020536704185,False,max_epochs,496.7038948535919
rl4crn_rne_oscillator_trace_risk09_lr1e4_entropy001_s4_c03,seed062,62,379,37900,100,16,120.73820549146286,132.06599516116557,78.12020536704185,False,max_epochs,498.08818674087524
rl4crn_rne_oscillator_trace_risk09_lr1e4_entropy001_s4_c03,seed062,62,380,38000,100,16,120.7039589254862,131.6368026096224,78.12020536704185,False,max_epochs,499.58051919937134
rl4crn_rne_oscillator_trace_risk09_lr1e4_entropy001_s4_c03,seed062,62,381,38100,100,16,118.69124631202237,132.2428367518459,78.12020536704185,False,max_epochs,500.74277806282043
rl4crn_rne_oscillator_trace_risk09_lr1e4_entropy001_s4_c03,seed062,62,382,38200,100,16,117.71312602706847,135.57798158490363,78.12020536704185,False,max_epochs,502.1215422153473
rl4crn_rne_oscillator_trace_risk09_lr1e4_entropy001_s4_c03,seed062,62,383,38300,100,16,117.55465248121256,131.61916549204452,78.12020536704185,False,max_epochs,503.30330514907837
rl4crn_rne_oscillator_trace_risk09_lr1e4_entropy001_s4_c03,seed062,62,384,38400,100,16,119.67835031286205,131.12720769301603,78.12020536704185,False,max_epochs,504.729617357254
rl4crn_rne_oscillator_trace_risk09_lr1e4_entropy001_s4_c03,seed062,62,385,38500,100,16,119.10895008936258,132.01109800947074,78.12020536704185,False,max_epochs,506.01461696624756
rl4crn_rne_oscillator_trace_risk09_lr1e4_entropy001_s4_c03,seed062,62,386,38600,100,16,120.59408843450298,130.89475482284814,78.12020536704185,False,max_epochs,507.51336216926575
rl4crn_rne_oscillator_trace_risk09_lr1e4_entropy001_s4_c03,seed062,62,387,38700,100,16,121.19346486523544,129.8311576592804,78.12020536704185,False,max_epochs,508.71631956100464
rl4crn_rne_oscillator_trace_risk09_lr1e4_entropy001_s4_c03,seed062,62,388,38800,100,16,119.74200134511287,130.16795682653554,78.12020536704185,False,max_epochs,510.22578597068787
rl4crn_rne_oscillator_trace_risk09_lr1e4_entropy001_s4_c03,seed062,62,389,38900,100,16,120.34269818962036,133.57141057013354,78.12020536704185,False,max_epochs,511.54936051368713
rl4crn_rne_oscillator_trace_risk09_lr1e4_entropy001_s4_c03,seed062,62,390,39000,100,16,119.79807705836713,131.5821490726844,78.12020536704185,False,max_epochs,512.8725831508636
rl4crn_rne_oscillator_trace_risk09_lr1e4_entropy001_s4_c03,seed062,62,391,39100,100,16,119.57260095779549,131.07017028403172,78.12020536704185,False,max_epochs,514.3997991085052
rl4crn_rne_oscillator_trace_risk09_lr1e4_entropy001_s4_c03,seed062,62,392,39200,100,16,120.47078921140908,131.1877211934526,78.12020536704185,False,max_epochs,515.6422564983368
rl4crn_rne_oscillator_trace_risk09_lr1e4_entropy001_s4_c03,seed062,62,393,39300,100,16,114.38382623820229,130.12294443805587,78.12020536704185,False,max_epochs,517.0782186985016
rl4crn_rne_oscillator_trace_risk09_lr1e4_entropy001_s4_c03,seed062,62,394,39400,100,16,120.19658718738009,129.71669702996223,78.12020536704185,False,max_epochs,518.3772830963135
rl4crn_rne_oscillator_trace_risk09_lr1e4_entropy001_s4_c03,seed062,62,395,39500,100,16,82.47486327345148,131.6368127936632,78.12020536704185,False,max_epochs,519.7389993667603
rl4crn_rne_oscillator_trace_risk09_lr1e4_entropy001_s4_c03,seed062,62,396,39600,100,16,114.373447500834,134.04655839931334,78.12020536704185,False,max_epochs,520.888632774353
rl4crn_rne_oscillator_trace_risk09_lr1e4_entropy001_s4_c03,seed062,62,397,39700,100,16,120.78912629013814,130.63769890131397,78.12020536704185,False,max_epochs,522.0827751159668
rl4crn_rne_oscillator_trace_risk09_lr1e4_entropy001_s4_c03,seed062,62,398,39800,100,16,119.73206242593922,132.57669329399567,78.12020536704185,False,max_epochs,523.4050514698029
rl4crn_rne_oscillator_trace_risk09_lr1e4_entropy001_s4_c03,seed062,62,399,39900,100,16,119.11204230570202,131.80037674179385,78.12020536704185,False,max_epochs,524.5736584663391
rl4crn_rne_oscillator_trace_risk09_lr1e4_entropy001_s4_c03,seed062,62,400,40000,100,16,117.66957377936487,131.45557410851873,78.12020536704185,False,max_epochs,525.9659197330475
rl4crn_rne_oscillator_trace_risk09_lr1e4_entropy001_s4_c03,seed062,62,401,40100,100,16,117.65096485126556,132.4542468230153,78.12020536704185,False,max_epochs,527.1077489852905
rl4crn_rne_oscillator_trace_risk09_lr1e4_entropy001_s4_c03,seed062,62,402,40200,100,16,119.5965803573815,135.12031449795268,78.12020536704185,False,max_epochs,528.4478442668915
rl4crn_rne_oscillator_trace_risk09_lr1e4_entropy001_s4_c03,seed062,62,403,40300,100,16,120.89109757457342,129.95893943862308,78.12020536704185,False,max_epochs,529.6060109138489
rl4crn_rne_oscillator_trace_risk09_lr1e4_entropy001_s4_c03,seed062,62,404,40400,100,16,119.2604848495898,131.01504793614424,78.12020536704185,False,max_epochs,530.7685403823853
rl4crn_rne_oscillator_trace_risk09_lr1e4_entropy001_s4_c03,seed062,62,405,40500,100,16,116.09751644333548,130.95969136361865,78.12020536704185,False,max_epochs,532.0607347488403
rl4crn_rne_oscillator_trace_risk09_lr1e4_entropy001_s4_c03,seed062,62,406,40600,100,16,119.11306558552897,132.35618091597775,78.12020536704185,False,max_epochs,533.1939549446106
rl4crn_rne_oscillator_trace_risk09_lr1e4_entropy001_s4_c03,seed062,62,407,40700,100,16,120.00944701102536,131.6517419674673,78.12020536704185,False,max_epochs,534.5577585697174
rl4crn_rne_oscillator_trace_risk09_lr1e4_entropy001_s4_c03,seed062,62,408,40800,100,16,120.1258440824638,132.86772255760707,78.12020536704185,False,max_epochs,535.745050907135
rl4crn_rne_oscillator_trace_risk09_lr1e4_entropy001_s4_c03,seed062,62,409,40900,100,16,116.61501066709378,131.30282339142894,78.12020536704185,False,max_epochs,536.9510684013367
rl4crn_rne_oscillator_trace_risk09_lr1e4_entropy001_s4_c03,seed062,62,410,41000,100,16,119.72350211930264,131.55620982082485,78.12020536704185,False,max_epochs,538.3049645423889
rl4crn_rne_oscillator_trace_risk09_lr1e4_entropy001_s4_c03,seed062,62,411,41100,100,16,119.5075807679138,130.06534691687847,78.12020536704185,False,max_epochs,539.5189335346222
rl4crn_rne_oscillator_trace_risk09_lr1e4_entropy001_s4_c03,seed062,62,412,41200,100,16,120.18398109940132,131.72717577417626,78.12020536704185,False,max_epochs,540.9000780582428
rl4crn_rne_oscillator_trace_risk09_lr1e4_entropy001_s4_c03,seed062,62,413,41300,100,16,120.50952492948855,130.45634663220957,78.12020536704185,False,max_epochs,542.0831954479218
rl4crn_rne_oscillator_trace_risk09_lr1e4_entropy001_s4_c03,seed062,62,414,41400,100,16,119.47612346317996,132.91281212703893,78.12020536704185,False,max_epochs,543.4223020076752
rl4crn_rne_oscillator_trace_risk09_lr1e4_entropy001_s4_c03,seed062,62,415,41500,100,16,119.362539227443,132.39572159178476,78.12020536704185,False,max_epochs,544.5864050388336
rl4crn_rne_oscillator_trace_risk09_lr1e4_entropy001_s4_c03,seed062,62,416,41600,100,16,117.5023777092172,132.46941540631985,78.12020536704185,False,max_epochs,545.7600581645966
rl4crn_rne_oscillator_trace_risk09_lr1e4_entropy001_s4_c03,seed062,62,417,41700,100,16,117.76119763032729,131.1540134491052,78.12020536704185,False,max_epochs,547.1386806964874
rl4crn_rne_oscillator_trace_risk09_lr1e4_entropy001_s4_c03,seed062,62,418,41800,100,16,106.50467107541768,131.6159159528686,78.12020536704185,False,max_epochs,548.397078037262
rl4crn_rne_oscillator_trace_risk09_lr1e4_entropy001_s4_c03,seed062,62,419,41900,100,16,119.70493376149756,133.90667491333514,78.12020536704185,False,max_epochs,549.7777812480927
rl4crn_rne_oscillator_trace_risk09_lr1e4_entropy001_s4_c03,seed062,62,420,42000,100,16,117.93782381172763,132.3660108269753,78.12020536704185,False,max_epochs,551.0011324882507
rl4crn_rne_oscillator_trace_risk09_lr1e4_entropy001_s4_c03,seed062,62,421,42100,100,16,120.04270636573045,132.78172511517823,78.12020536704185,False,max_epochs,552.1326076984406
rl4crn_rne_oscillator_trace_risk09_lr1e4_entropy001_s4_c03,seed062,62,422,42200,100,16,119.24435170843027,131.6358604678618,78.12020536704185,False,max_epochs,553.5803887844086
rl4crn_rne_oscillator_trace_risk09_lr1e4_entropy001_s4_c03,seed062,62,423,42300,100,16,117.3879197787277,133.1295263723167,78.12020536704185,False,max_epochs,554.7919716835022
rl4crn_rne_oscillator_trace_risk09_lr1e4_entropy001_s4_c03,seed062,62,424,42400,100,16,118.64299710480694,133.9735620749953,78.12020536704185,False,max_epochs,556.215350151062
rl4crn_rne_oscillator_trace_risk09_lr1e4_entropy001_s4_c03,seed062,62,425,42500,100,16,120.27835045186673,131.77758002305487,78.12020536704185,False,max_epochs,557.3960585594177
rl4crn_rne_oscillator_trace_risk09_lr1e4_entropy001_s4_c03,seed062,62,426,42600,100,16,120.40581426635002,129.70900476330218,78.12020536704185,False,max_epochs,558.9657537937164
rl4crn_rne_oscillator_trace_risk09_lr1e4_entropy001_s4_c03,seed062,62,427,42700,100,16,116.44033953068651,133.23201525282172,78.12020536704185,False,max_epochs,560.256814956665
rl4crn_rne_oscillator_trace_risk09_lr1e4_entropy001_s4_c03,seed062,62,428,42800,100,16,103.473929218447,130.0172198559261,78.12020536704185,False,max_epochs,561.399017572403
rl4crn_rne_oscillator_trace_risk09_lr1e4_entropy001_s4_c03,seed062,62,429,42900,100,16,115.53584637708656,130.25711628664797,78.12020536704185,False,max_epochs,562.9198570251465
rl4crn_rne_oscillator_trace_risk09_lr1e4_entropy001_s4_c03,seed062,62,430,43000,100,16,120.32088398847772,130.4654096836557,78.12020536704185,False,max_epochs,564.2205801010132
rl4crn_rne_oscillator_trace_risk09_lr1e4_entropy001_s4_c03,seed062,62,431,43100,100,16,117.87316364895973,132.21893465318402,78.12020536704185,False,max_epochs,565.7882902622223
rl4crn_rne_oscillator_trace_risk09_lr1e4_entropy001_s4_c03,seed062,62,432,43200,100,16,120.63053195862327,133.02122168516837,78.12020536704185,False,max_epochs,567.3497643470764
rl4crn_rne_oscillator_trace_risk09_lr1e4_entropy001_s4_c03,seed062,62,433,43300,100,16,118.84396897442261,130.3100647629244,78.12020536704185,False,max_epochs,568.6042976379395
rl4crn_rne_oscillator_trace_risk09_lr1e4_entropy001_s4_c03,seed062,62,434,43400,100,16,120.68909062268727,132.05804046384696,78.12020536704185,False,max_epochs,570.1665706634521
rl4crn_rne_oscillator_trace_risk09_lr1e4_entropy001_s4_c03,seed062,62,435,43500,100,16,118.16681814307967,132.63887738068752,78.12020536704185,False,max_epochs,571.3747897148132
rl4crn_rne_oscillator_trace_risk09_lr1e4_entropy001_s4_c03,seed062,62,436,43600,100,16,120.75089305287119,130.7946938922243,78.12020536704185,False,max_epochs,572.7798600196838
rl4crn_rne_oscillator_trace_risk09_lr1e4_entropy001_s4_c03,seed062,62,437,43700,100,16,118.3498544546381,134.65112627564633,78.12020536704185,False,max_epochs,573.9178886413574
rl4crn_rne_oscillator_trace_risk09_lr1e4_entropy001_s4_c03,seed062,62,438,43800,100,16,118.89361987787395,130.40226136230214,78.12020536704185,False,max_epochs,575.4531996250153
rl4crn_rne_oscillator_trace_risk09_lr1e4_entropy001_s4_c03,seed062,62,439,43900,100,16,116.3222211839988,131.650380168119,78.12020536704185,False,max_epochs,576.869143486023
rl4crn_rne_oscillator_trace_risk09_lr1e4_entropy001_s4_c03,seed062,62,440,44000,100,16,118.80615836956525,131.99573342658908,78.12020536704185,False,max_epochs,578.2409880161285
rl4crn_rne_oscillator_trace_risk09_lr1e4_entropy001_s4_c03,seed062,62,441,44100,100,16,118.47925260268437,130.8956477438367,78.12020536704185,False,max_epochs,579.6355919837952
rl4crn_rne_oscillator_trace_risk09_lr1e4_entropy001_s4_c03,seed062,62,442,44200,100,16,116.25527719728262,131.9952150309833,78.12020536704185,False,max_epochs,581.0386576652527
rl4crn_rne_oscillator_trace_risk09_lr1e4_entropy001_s4_c03,seed062,62,443,44300,100,16,120.41740782847613,131.34549181443657,78.12020536704185,False,max_epochs,582.3523344993591
rl4crn_rne_oscillator_trace_risk09_lr1e4_entropy001_s4_c03,seed062,62,444,44400,100,16,117.62204502897974,131.49439537385507,78.12020536704185,False,max_epochs,583.6426842212677
rl4crn_rne_oscillator_trace_risk09_lr1e4_entropy001_s4_c03,seed062,62,445,44500,100,16,120.1865438631043,130.39789658993755,78.12020536704185,False,max_epochs,584.9445579051971
rl4crn_rne_oscillator_trace_risk09_lr1e4_entropy001_s4_c03,seed062,62,446,44600,100,16,120.81612109922578,132.66766281153735,78.12020536704185,False,max_epochs,586.2641513347626
rl4crn_rne_oscillator_trace_risk09_lr1e4_entropy001_s4_c03,seed062,62,447,44700,100,16,121.19139037554945,130.92342957342623,78.12020536704185,False,max_epochs,587.5185115337372
rl4crn_rne_oscillator_trace_risk09_lr1e4_entropy001_s4_c03,seed062,62,448,44800,100,16,120.55815810780904,130.3247950060915,78.12020536704185,False,max_epochs,589.0740423202515
rl4crn_rne_oscillator_trace_risk09_lr1e4_entropy001_s4_c03,seed062,62,449,44900,100,16,120.51969662082644,132.95789445645374,78.12020536704185,False,max_epochs,590.2634642124176
rl4crn_rne_oscillator_trace_risk09_lr1e4_entropy001_s4_c03,seed062,62,450,45000,100,16,120.04515829691401,131.7644484554494,78.12020536704185,False,max_epochs,591.465482711792
rl4crn_rne_oscillator_trace_risk09_lr1e4_entropy001_s4_c03,seed062,62,451,45100,100,16,119.99679737137807,132.9295224763655,78.12020536704185,False,max_epochs,592.7906022071838
rl4crn_rne_oscillator_trace_risk09_lr1e4_entropy001_s4_c03,seed062,62,452,45200,100,16,120.02611194691552,132.8076881907894,78.12020536704185,False,max_epochs,594.0084161758423
rl4crn_rne_oscillator_trace_risk09_lr1e4_entropy001_s4_c03,seed062,62,453,45300,100,16,120.30525180734517,132.71552175933755,78.12020536704185,False,max_epochs,595.3513872623444
rl4crn_rne_oscillator_trace_risk09_lr1e4_entropy001_s4_c03,seed062,62,454,45400,100,16,119.91987512967543,132.58938770464556,78.12020536704185,False,max_epochs,596.5113542079926
rl4crn_rne_oscillator_trace_risk09_lr1e4_entropy001_s4_c03,seed062,62,455,45500,100,16,118.21242668226655,130.89172308997246,78.12020536704185,False,max_epochs,597.8130445480347
rl4crn_rne_oscillator_trace_risk09_lr1e4_entropy001_s4_c03,seed062,62,456,45600,100,16,118.79169711367244,131.02053580660595,78.12020536704185,False,max_epochs,599.0340073108673
rl4crn_rne_oscillator_trace_risk09_lr1e4_entropy001_s4_c03,seed062,62,457,45700,100,16,118.28904099950148,132.00408079355026,78.12020536704185,False,max_epochs,600.2707862854004
rl4crn_rne_oscillator_trace_risk09_lr1e4_entropy001_s4_c03,seed062,62,458,45800,100,16,119.67075744530875,131.33521654180475,78.12020536704185,False,max_epochs,601.6010720729828
rl4crn_rne_oscillator_trace_risk09_lr1e4_entropy001_s4_c03,seed062,62,459,45900,100,16,119.11374361908312,133.9306638575232,78.12020536704185,False,max_epochs,602.8186137676239
rl4crn_rne_oscillator_trace_risk09_lr1e4_entropy001_s4_c03,seed062,62,460,46000,100,16,120.25522524417394,132.72165421377224,78.12020536704185,False,max_epochs,604.1801631450653
rl4crn_rne_oscillator_trace_risk09_lr1e4_entropy001_s4_c03,seed062,62,461,46100,100,16,120.96579678354466,132.98652686221556,78.12020536704185,False,max_epochs,605.4665410518646
rl4crn_rne_oscillator_trace_risk09_lr1e4_entropy001_s4_c03,seed062,62,462,46200,100,16,118.08927015260653,134.06948086844164,78.12020536704185,False,max_epochs,606.8108501434326
rl4crn_rne_oscillator_trace_risk09_lr1e4_entropy001_s4_c03,seed062,62,463,46300,100,16,120.58753976995418,134.82355594207348,78.12020536704185,False,max_epochs,608.394668340683
rl4crn_rne_oscillator_trace_risk09_lr1e4_entropy001_s4_c03,seed062,62,464,46400,100,16,120.24174804789101,133.97980843957396,78.12020536704185,False,max_epochs,609.6784384250641
rl4crn_rne_oscillator_trace_risk09_lr1e4_entropy001_s4_c03,seed062,62,465,46500,100,16,120.10199709967232,135.82228340569688,78.12020536704185,False,max_epochs,611.2225804328918
rl4crn_rne_oscillator_trace_risk09_lr1e4_entropy001_s4_c03,seed062,62,466,46600,100,16,116.44678213910349,134.80203011825017,78.12020536704185,False,max_epochs,612.5019614696503
rl4crn_rne_oscillator_trace_risk09_lr1e4_entropy001_s4_c03,seed062,62,467,46700,100,16,120.56198617594684,131.29812386419525,78.12020536704185,False,max_epochs,613.8707590103149
rl4crn_rne_oscillator_trace_risk09_lr1e4_entropy001_s4_c03,seed062,62,468,46800,100,16,120.41936174574661,132.51307351533652,78.12020536704185,False,max_epochs,615.1887381076813
rl4crn_rne_oscillator_trace_risk09_lr1e4_entropy001_s4_c03,seed062,62,469,46900,100,16,87.03852280029085,131.54298341202727,78.12020536704185,False,max_epochs,616.3641061782837
rl4crn_rne_oscillator_trace_risk09_lr1e4_entropy001_s4_c03,seed062,62,470,47000,100,16,120.18354121470516,131.6444531942836,78.12020536704185,False,max_epochs,617.7652370929718
rl4crn_rne_oscillator_trace_risk09_lr1e4_entropy001_s4_c03,seed062,62,471,47100,100,16,120.11190559850519,133.4732658628044,78.12020536704185,False,max_epochs,618.957617521286
rl4crn_rne_oscillator_trace_risk09_lr1e4_entropy001_s4_c03,seed062,62,472,47200,100,16,119.18217988108083,131.5862495594077,78.12020536704185,False,max_epochs,620.5628826618195
rl4crn_rne_oscillator_trace_risk09_lr1e4_entropy001_s4_c03,seed062,62,473,47300,100,16,120.32434476405666,134.2675615792283,78.12020536704185,False,max_epochs,621.7469565868378
rl4crn_rne_oscillator_trace_risk09_lr1e4_entropy001_s4_c03,seed062,62,474,47400,100,16,116.24459625989856,132.7426369147272,78.12020536704185,False,max_epochs,622.9299392700195
rl4crn_rne_oscillator_trace_risk09_lr1e4_entropy001_s4_c03,seed062,62,475,47500,100,16,119.27744296838785,130.6424220464549,78.12020536704185,False,max_epochs,624.3229243755341
rl4crn_rne_oscillator_trace_risk09_lr1e4_entropy001_s4_c03,seed062,62,476,47600,100,16,119.87274043514381,132.75313930688563,78.12020536704185,False,max_epochs,625.4857964515686
rl4crn_rne_oscillator_trace_risk09_lr1e4_entropy001_s4_c03,seed062,62,477,47700,100,16,120.10827748470152,132.176654649679,78.12020536704185,False,max_epochs,626.8928022384644
rl4crn_rne_oscillator_trace_risk09_lr1e4_entropy001_s4_c03,seed062,62,478,47800,100,16,118.93995113180235,131.52337227888057,78.12020536704185,False,max_epochs,628.0321142673492
rl4crn_rne_oscillator_trace_risk09_lr1e4_entropy001_s4_c03,seed062,62,479,47900,100,16,100.51645244706468,131.60060456438637,78.12020536704185,False,max_epochs,629.3656921386719
rl4crn_rne_oscillator_trace_risk09_lr1e4_entropy001_s4_c03,seed062,62,480,48000,100,16,117.29726454864843,132.77085855011543,78.12020536704185,False,max_epochs,630.5269801616669
rl4crn_rne_oscillator_trace_risk09_lr1e4_entropy001_s4_c03,seed062,62,481,48100,100,16,119.60543821983346,132.1008171088113,78.12020536704185,False,max_epochs,631.7181808948517
rl4crn_rne_oscillator_trace_risk09_lr1e4_entropy001_s4_c03,seed062,62,482,48200,100,16,120.35489888709725,131.34120280421357,78.12020536704185,False,max_epochs,633.1926696300507
rl4crn_rne_oscillator_trace_risk09_lr1e4_entropy001_s4_c03,seed062,62,483,48300,100,16,119.2296256382092,131.5805483436854,78.12020536704185,False,max_epochs,634.3812775611877
rl4crn_rne_oscillator_trace_risk09_lr1e4_entropy001_s4_c03,seed062,62,484,48400,100,16,113.62275217853036,135.50780030583923,78.12020536704185,False,max_epochs,635.7080826759338
rl4crn_rne_oscillator_trace_risk09_lr1e4_entropy001_s4_c03,seed062,62,485,48500,100,16,120.54938774591865,132.91942674479077,78.12020536704185,False,max_epochs,636.8475942611694
rl4crn_rne_oscillator_trace_risk09_lr1e4_entropy001_s4_c03,seed062,62,486,48600,100,16,120.31262742247837,135.30170870569876,78.12020536704185,False,max_epochs,638.1781377792358
rl4crn_rne_oscillator_trace_risk09_lr1e4_entropy001_s4_c03,seed062,62,487,48700,100,16,105.9574758485351,132.0819268535274,78.12020536704185,False,max_epochs,639.322105884552
rl4crn_rne_oscillator_trace_risk09_lr1e4_entropy001_s4_c03,seed062,62,488,48800,100,16,117.43568193860953,134.66135643280535,78.12020536704185,False,max_epochs,640.7073187828064
rl4crn_rne_oscillator_trace_risk09_lr1e4_entropy001_s4_c03,seed062,62,489,48900,100,16,116.1655510325923,131.25096185929706,78.12020536704185,False,max_epochs,641.9857034683228
rl4crn_rne_oscillator_trace_risk09_lr1e4_entropy001_s4_c03,seed062,62,490,49000,100,16,118.32735834497315,131.75174255410383,78.12020536704185,False,max_epochs,643.1689603328705
rl4crn_rne_oscillator_trace_risk09_lr1e4_entropy001_s4_c03,seed062,62,491,49100,100,16,119.59181678561023,131.86424938466564,78.12020536704185,False,max_epochs,644.4945733547211
rl4crn_rne_oscillator_trace_risk09_lr1e4_entropy001_s4_c03,seed062,62,492,49200,100,16,119.18861684904891,131.80083016276183,78.12020536704185,False,max_epochs,645.7286081314087
rl4crn_rne_oscillator_trace_risk09_lr1e4_entropy001_s4_c03,seed062,62,493,49300,100,16,119.20263589412701,132.7021770417055,78.12020536704185,False,max_epochs,647.2842144966125
rl4crn_rne_oscillator_trace_risk09_lr1e4_entropy001_s4_c03,seed062,62,494,49400,100,16,115.37539961580005,133.3509560686498,78.12020536704185,False,max_epochs,648.5710690021515
rl4crn_rne_oscillator_trace_risk09_lr1e4_entropy001_s4_c03,seed062,62,495,49500,100,16,120.73079144570104,133.82739791340347,78.12020536704185,False,max_epochs,649.8448059558868
rl4crn_rne_oscillator_trace_risk09_lr1e4_entropy001_s4_c03,seed062,62,496,49600,100,16,120.79844927588121,133.63419547808843,78.12020536704185,False,max_epochs,651.2185831069946
rl4crn_rne_oscillator_trace_risk09_lr1e4_entropy001_s4_c03,seed062,62,497,49700,100,16,118.83482071263998,137.5310620695879,78.12020536704185,False,max_epochs,652.4208505153656
rl4crn_rne_oscillator_trace_risk09_lr1e4_entropy001_s4_c03,seed062,62,498,49800,100,16,117.02410832810733,130.38699319406237,78.12020536704185,False,max_epochs,653.703752040863
rl4crn_rne_oscillator_trace_risk09_lr1e4_entropy001_s4_c03,seed062,62,499,49900,100,16,117.9867940939586,132.6336050418847,78.12020536704185,False,max_epochs,654.8558542728424
rl4crn_rne_oscillator_trace_risk09_lr1e4_entropy001_s4_c03,seed062,62,500,50000,100,16,120.3449454491882,130.86695694662245,78.12020536704185,False,max_epochs,656.1713221073151
rl4crn_rne_oscillator_trace_risk09_lr1e4_entropy001_s4_c03,seed062,62,501,50100,100,16,117.1250976800082,135.3751637175524,78.12020536704185,False,max_epochs,657.4286692142487
rl4crn_rne_oscillator_trace_risk09_lr1e4_entropy001_s4_c03,seed062,62,502,50200,100,16,119.54278756564511,131.11070317168557,78.12020536704185,False,max_epochs,658.7486891746521
rl4crn_rne_oscillator_trace_risk09_lr1e4_entropy001_s4_c03,seed062,62,503,50300,100,16,118.6125488405088,131.79866517239054,78.12020536704185,False,max_epochs,659.9841647148132
rl4crn_rne_oscillator_trace_risk09_lr1e4_entropy001_s4_c03,seed062,62,504,50400,100,16,101.19148580208721,133.06060268531604,78.12020536704185,False,max_epochs,661.1653361320496
rl4crn_rne_oscillator_trace_risk09_lr1e4_entropy001_s4_c03,seed062,62,505,50500,100,16,115.91622671583892,132.05079588801502,78.12020536704185,False,max_epochs,662.4446887969971
rl4crn_rne_oscillator_trace_risk09_lr1e4_entropy001_s4_c03,seed062,62,506,50600,100,16,120.49401460486796,136.1315516428268,78.12020536704185,False,max_epochs,663.6696243286133
rl4crn_rne_oscillator_trace_risk09_lr1e4_entropy001_s4_c03,seed062,62,507,50700,100,16,116.12680916578903,133.2155510465469,78.12020536704185,False,max_epochs,665.0702373981476
rl4crn_rne_oscillator_trace_risk09_lr1e4_entropy001_s4_c03,seed062,62,508,50800,100,16,119.269528768891,133.51215260232578,78.12020536704185,False,max_epochs,666.2494995594025
rl4crn_rne_oscillator_trace_risk09_lr1e4_entropy001_s4_c03,seed062,62,509,50900,100,16,117.6629911161138,133.30573495384238,78.12020536704185,False,max_epochs,667.5688760280609
rl4crn_rne_oscillator_trace_risk09_lr1e4_entropy001_s4_c03,seed062,62,510,51000,100,16,120.52863568994822,132.7978921254664,78.12020536704185,False,max_epochs,668.7522106170654
rl4crn_rne_oscillator_trace_risk09_lr1e4_entropy001_s4_c03,seed062,62,511,51100,100,16,115.27261587404432,134.49694166758405,78.12020536704185,False,max_epochs,670.0899794101715
rl4crn_rne_oscillator_trace_risk09_lr1e4_entropy001_s4_c03,seed062,62,512,51200,100,16,119.68457732845292,135.702239227668,78.12020536704185,False,max_epochs,671.3870508670807
rl4crn_rne_oscillator_trace_risk09_lr1e4_entropy001_s4_c03,seed062,62,513,51300,100,16,118.78323472625534,131.52657156725434,78.12020536704185,False,max_epochs,672.9314663410187
rl4crn_rne_oscillator_trace_risk09_lr1e4_entropy001_s4_c03,seed062,62,514,51400,100,16,120.11945911570507,131.67330592833036,78.12020536704185,False,max_epochs,674.1504650115967
rl4crn_rne_oscillator_trace_risk09_lr1e4_entropy001_s4_c03,seed062,62,515,51500,100,16,119.81398934943503,131.13818095195717,78.12020536704185,False,max_epochs,675.301266670227
rl4crn_rne_oscillator_trace_risk09_lr1e4_entropy001_s4_c03,seed062,62,516,51600,100,16,109.79642557135692,133.17000652454558,78.12020536704185,False,max_epochs,676.721732378006
rl4crn_rne_oscillator_trace_risk09_lr1e4_entropy001_s4_c03,seed062,62,517,51700,100,16,119.58363954710022,133.78329241185406,78.12020536704185,False,max_epochs,677.8712668418884
rl4crn_rne_oscillator_trace_risk09_lr1e4_entropy001_s4_c03,seed062,62,518,51800,100,16,117.15432388317512,132.031615157832,78.12020536704185,False,max_epochs,679.2426357269287
rl4crn_rne_oscillator_trace_risk09_lr1e4_entropy001_s4_c03,seed062,62,519,51900,100,16,119.79636326238645,133.31824514125023,78.12020536704185,False,max_epochs,680.4187774658203
rl4crn_rne_oscillator_trace_risk09_lr1e4_entropy001_s4_c03,seed062,62,520,52000,100,16,119.63697848675376,134.17857640951271,78.12020536704185,False,max_epochs,681.5786135196686
rl4crn_rne_oscillator_trace_risk09_lr1e4_entropy001_s4_c03,seed062,62,521,52100,100,16,106.46082418417566,132.9406564208873,78.12020536704185,False,max_epochs,682.952564239502
rl4crn_rne_oscillator_trace_risk09_lr1e4_entropy001_s4_c03,seed062,62,522,52200,100,16,120.63112082302443,133.9272662134185,78.12020536704185,False,max_epochs,684.1643171310425
rl4crn_rne_oscillator_trace_risk09_lr1e4_entropy001_s4_c03,seed062,62,523,52300,100,16,118.24280461217379,135.14591560484718,78.12020536704185,False,max_epochs,685.6088168621063
rl4crn_rne_oscillator_trace_risk09_lr1e4_entropy001_s4_c03,seed062,62,524,52400,100,16,120.3757881658746,132.0141837038147,78.12020536704185,False,max_epochs,686.8545331954956
rl4crn_rne_oscillator_trace_risk09_lr1e4_entropy001_s4_c03,seed062,62,525,52500,100,16,119.292514860167,132.99557772958693,78.12020536704185,False,max_epochs,688.0013017654419
rl4crn_rne_oscillator_trace_risk09_lr1e4_entropy001_s4_c03,seed062,62,526,52600,100,16,94.50313830807939,131.28209805361752,78.12020536704185,False,max_epochs,689.3259863853455
rl4crn_rne_oscillator_trace_risk09_lr1e4_entropy001_s4_c03,seed062,62,527,52700,100,16,113.85705530559909,131.49499500866213,78.12020536704185,False,max_epochs,690.4770920276642
rl4crn_rne_oscillator_trace_risk09_lr1e4_entropy001_s4_c03,seed062,62,528,52800,100,16,121.0956743487054,133.30714421215143,78.12020536704185,False,max_epochs,691.934693813324
rl4crn_rne_oscillator_trace_risk09_lr1e4_entropy001_s4_c03,seed062,62,529,52900,100,16,118.47819378526678,133.77529635869715,78.12020536704185,False,max_epochs,693.3477942943573
rl4crn_rne_oscillator_trace_risk09_lr1e4_entropy001_s4_c03,seed062,62,530,53000,100,16,118.13892097017106,134.07097562664086,78.12020536704185,False,max_epochs,694.6847276687622
rl4crn_rne_oscillator_trace_risk09_lr1e4_entropy001_s4_c03,seed062,62,531,53100,100,16,120.08493042667892,131.85073346306626,78.12020536704185,False,max_epochs,695.847464799881
rl4crn_rne_oscillator_trace_risk09_lr1e4_entropy001_s4_c03,seed062,62,532,53200,100,16,119.8674889341901,132.97835726067393,78.12020536704185,False,max_epochs,697.0527503490448
rl4crn_rne_oscillator_trace_risk09_lr1e4_entropy001_s4_c03,seed062,62,533,53300,100,16,121.14358803461337,133.24248882762674,78.12020536704185,False,max_epochs,698.4176197052002
rl4crn_rne_oscillator_trace_risk09_lr1e4_entropy001_s4_c03,seed062,62,534,53400,100,16,120.36354990388575,131.90465946818898,78.12020536704185,False,max_epochs,699.5645265579224
rl4crn_rne_oscillator_trace_risk09_lr1e4_entropy001_s4_c03,seed062,62,535,53500,100,16,113.95828047941602,134.8624864662445,78.12020536704185,False,max_epochs,700.8852922916412
rl4crn_rne_oscillator_trace_risk09_lr1e4_entropy001_s4_c03,seed062,62,536,53600,100,16,117.50886582094901,133.14997974902514,78.12020536704185,False,max_epochs,702.1133317947388
rl4crn_rne_oscillator_trace_risk09_lr1e4_entropy001_s4_c03,seed062,62,537,53700,100,16,120.36746095910333,131.58208213949985,78.12020536704185,False,max_epochs,703.2700974941254
rl4crn_rne_oscillator_trace_risk09_lr1e4_entropy001_s4_c03,seed062,62,538,53800,100,16,120.62318073647003,133.45491251112472,78.12020536704185,False,max_epochs,704.5691473484039
rl4crn_rne_oscillator_trace_risk09_lr1e4_entropy001_s4_c03,seed062,62,539,53900,100,16,116.68244527409806,132.99448243427076,78.12020536704185,False,max_epochs,705.7499775886536
rl4crn_rne_oscillator_trace_risk09_lr1e4_entropy001_s4_c03,seed062,62,540,54000,100,16,119.63926257986067,132.34544308064972,78.12020536704185,False,max_epochs,707.0397679805756
rl4crn_rne_oscillator_trace_risk09_lr1e4_entropy001_s4_c03,seed062,62,541,54100,100,16,120.59960019642715,132.57183171804303,78.12020536704185,False,max_epochs,708.1918148994446
rl4crn_rne_oscillator_trace_risk09_lr1e4_entropy001_s4_c03,seed062,62,542,54200,100,16,115.30047724412137,131.52704084881447,78.12020536704185,False,max_epochs,709.5032603740692
rl4crn_rne_oscillator_trace_risk09_lr1e4_entropy001_s4_c03,seed062,62,543,54300,100,16,119.13971785272003,134.33673217930505,78.12020536704185,False,max_epochs,710.6995437145233
rl4crn_rne_oscillator_trace_risk09_lr1e4_entropy001_s4_c03,seed062,62,544,54400,100,16,120.0833253834738,132.10329019948236,78.12020536704185,False,max_epochs,711.9953875541687
rl4crn_rne_oscillator_trace_risk09_lr1e4_entropy001_s4_c03,seed062,62,545,54500,100,16,119.31741480931983,138.89724066492082,78.12020536704185,False,max_epochs,713.2182359695435
rl4crn_rne_oscillator_trace_risk09_lr1e4_entropy001_s4_c03,seed062,62,546,54600,100,16,114.89416097905146,131.69371216380125,78.12020536704185,False,max_epochs,714.3921751976013
rl4crn_rne_oscillator_trace_risk09_lr1e4_entropy001_s4_c03,seed062,62,547,54700,100,16,118.45025045908251,136.69905161159764,78.12020536704185,False,max_epochs,715.6756575107574
rl4crn_rne_oscillator_trace_risk09_lr1e4_entropy001_s4_c03,seed062,62,548,54800,100,16,118.16633177301011,132.06458657030691,78.12020536704185,False,max_epochs,716.9403960704803
rl4crn_rne_oscillator_trace_risk09_lr1e4_entropy001_s4_c03,seed062,62,549,54900,100,16,116.66013414818511,132.56600450360094,78.12020536704185,False,max_epochs,718.3869588375092
rl4crn_rne_oscillator_trace_risk09_lr1e4_entropy001_s4_c03,seed062,62,550,55000,100,16,119.8139563491841,134.58858207886408,78.12020536704185,False,max_epochs,719.5294945240021
rl4crn_rne_oscillator_trace_risk09_lr1e4_entropy001_s4_c03,seed062,62,551,55100,100,16,120.3734767677027,130.08184107627142,78.12020536704185,False,max_epochs,721.0300893783569
rl4crn_rne_oscillator_trace_risk09_lr1e4_entropy001_s4_c03,seed062,62,552,55200,100,16,117.83692380671366,131.60529294973816,78.12020536704185,False,max_epochs,722.1973268985748
rl4crn_rne_oscillator_trace_risk09_lr1e4_entropy001_s4_c03,seed062,62,553,55300,100,16,117.90784656523671,131.73219108656997,78.12020536704185,False,max_epochs,723.5973410606384
rl4crn_rne_oscillator_trace_risk09_lr1e4_entropy001_s4_c03,seed062,62,554,55400,100,16,119.38645086454495,135.20935719693693,78.12020536704185,False,max_epochs,724.8159844875336
rl4crn_rne_oscillator_trace_risk09_lr1e4_entropy001_s4_c03,seed062,62,555,55500,100,16,118.39736749382045,132.73412252704827,78.12020536704185,False,max_epochs,726.11030626297
rl4crn_rne_oscillator_trace_risk09_lr1e4_entropy001_s4_c03,seed062,62,556,55600,100,16,119.57268717293114,132.6037739392479,78.12020536704185,False,max_epochs,727.4101026058197
rl4crn_rne_oscillator_trace_risk09_lr1e4_entropy001_s4_c03,seed062,62,557,55700,100,16,119.37145090470912,133.22856652736942,78.12020536704185,False,max_epochs,728.8492317199707
rl4crn_rne_oscillator_trace_risk09_lr1e4_entropy001_s4_c03,seed062,62,558,55800,100,16,119.29628447421867,134.36190189921814,78.12020536704185,False,max_epochs,730.2320108413696
rl4crn_rne_oscillator_trace_risk09_lr1e4_entropy001_s4_c03,seed062,62,559,55900,100,16,116.93290772358641,130.747926827083,78.12020536704185,False,max_epochs,731.6466069221497
rl4crn_rne_oscillator_trace_risk09_lr1e4_entropy001_s4_c03,seed062,62,560,56000,100,16,117.57336415234805,135.11819001970468,78.12020536704185,False,max_epochs,733.0060257911682
rl4crn_rne_oscillator_trace_risk09_lr1e4_entropy001_s4_c03,seed062,62,561,56100,100,16,120.69438894691896,136.16972956455098,78.12020536704185,False,max_epochs,734.3448781967163
rl4crn_rne_oscillator_trace_risk09_lr1e4_entropy001_s4_c03,seed062,62,562,56200,100,16,120.95461214425666,134.04657920058617,78.12020536704185,False,max_epochs,735.5243165493011
rl4crn_rne_oscillator_trace_risk09_lr1e4_entropy001_s4_c03,seed062,62,563,56300,100,16,120.05400559991139,133.63894875295796,78.12020536704185,False,max_epochs,736.8876678943634
rl4crn_rne_oscillator_trace_risk09_lr1e4_entropy001_s4_c03,seed062,62,564,56400,100,16,120.13786130400398,132.63373728831124,78.12020536704185,False,max_epochs,738.0522751808167
rl4crn_rne_oscillator_trace_risk09_lr1e4_entropy001_s4_c03,seed062,62,565,56500,100,16,118.19987268783986,131.8440342689525,78.12020536704185,False,max_epochs,739.4578795433044
rl4crn_rne_oscillator_trace_risk09_lr1e4_entropy001_s4_c03,seed062,62,566,56600,100,16,118.88392700535135,131.94221943702223,78.12020536704185,False,max_epochs,740.858820438385
rl4crn_rne_oscillator_trace_risk09_lr1e4_entropy001_s4_c03,seed062,62,567,56700,100,16,118.87521021739245,132.59611024511503,78.12020536704185,False,max_epochs,742.1836919784546
rl4crn_rne_oscillator_trace_risk09_lr1e4_entropy001_s4_c03,seed062,62,568,56800,100,16,119.3936862906002,132.426326985239,78.12020536704185,False,max_epochs,743.5875976085663
rl4crn_rne_oscillator_trace_risk09_lr1e4_entropy001_s4_c03,seed062,62,569,56900,100,16,118.15605359935714,134.43315340989082,78.12020536704185,False,max_epochs,744.8896484375
rl4crn_rne_oscillator_trace_risk09_lr1e4_entropy001_s4_c03,seed062,62,570,57000,100,16,117.29041829800579,130.6850666890145,78.12020536704185,False,max_epochs,746.4002749919891
rl4crn_rne_oscillator_trace_risk09_lr1e4_entropy001_s4_c03,seed062,62,571,57100,100,16,118.81230720979372,134.84991009780057,78.12020536704185,False,max_epochs,747.7587418556213
rl4crn_rne_oscillator_trace_risk09_lr1e4_entropy001_s4_c03,seed062,62,572,57200,100,16,121.12646283177095,132.9238199964982,78.12020536704185,False,max_epochs,749.1774532794952
rl4crn_rne_oscillator_trace_risk09_lr1e4_entropy001_s4_c03,seed062,62,573,57300,100,16,118.92049217177396,135.38884890147025,78.12020536704185,False,max_epochs,750.6739869117737
rl4crn_rne_oscillator_trace_risk09_lr1e4_entropy001_s4_c03,seed062,62,574,57400,100,16,120.53456984450646,133.40577264361914,78.12020536704185,False,max_epochs,752.0749232769012
rl4crn_rne_oscillator_trace_risk09_lr1e4_entropy001_s4_c03,seed062,62,575,57500,100,16,116.83840754412671,133.35473119710002,78.12020536704185,False,max_epochs,753.5791079998016
rl4crn_rne_oscillator_trace_risk09_lr1e4_entropy001_s4_c03,seed062,62,576,57600,100,16,120.8026363133173,132.24946670045836,78.12020536704185,False,max_epochs,754.7560467720032
rl4crn_rne_oscillator_trace_risk09_lr1e4_entropy001_s4_c03,seed062,62,577,57700,100,16,119.18049379367434,132.37073607693694,78.12020536704185,False,max_epochs,756.3599977493286
rl4crn_rne_oscillator_trace_risk09_lr1e4_entropy001_s4_c03,seed062,62,578,57800,100,16,119.1996471031344,134.4267623177613,78.12020536704185,False,max_epochs,757.5663528442383
rl4crn_rne_oscillator_trace_risk09_lr1e4_entropy001_s4_c03,seed062,62,579,57900,100,16,120.58609442318975,133.6154678282894,78.12020536704185,False,max_epochs,758.9262163639069
rl4crn_rne_oscillator_trace_risk09_lr1e4_entropy001_s4_c03,seed062,62,580,58000,100,16,112.02595023820602,133.2444101397351,78.12020536704185,False,max_epochs,760.6316864490509
rl4crn_rne_oscillator_trace_risk09_lr1e4_entropy001_s4_c03,seed062,62,581,58100,100,16,120.64310707623503,134.70115075788925,78.12020536704185,False,max_epochs,761.7884812355042
rl4crn_rne_oscillator_trace_risk09_lr1e4_entropy001_s4_c03,seed062,62,582,58200,100,16,120.31122666644953,132.80752976320184,78.12020536704185,False,max_epochs,763.5029602050781
rl4crn_rne_oscillator_trace_risk09_lr1e4_entropy001_s4_c03,seed062,62,583,58300,100,16,119.86973394850469,132.10392441016631,78.12020536704185,False,max_epochs,764.8210499286652
rl4crn_rne_oscillator_trace_risk09_lr1e4_entropy001_s4_c03,seed062,62,584,58400,100,16,114.79185740167489,130.69190162953353,78.12020536704185,False,max_epochs,766.4607651233673
rl4crn_rne_oscillator_trace_risk09_lr1e4_entropy001_s4_c03,seed062,62,585,58500,100,16,119.42577343733412,132.40645517184623,78.12020536704185,False,max_epochs,768.0174193382263
rl4crn_rne_oscillator_trace_risk09_lr1e4_entropy001_s4_c03,seed062,62,586,58600,100,16,112.02991708116666,129.97842083708093,78.12020536704185,False,max_epochs,769.2095110416412
rl4crn_rne_oscillator_trace_risk09_lr1e4_entropy001_s4_c03,seed062,62,587,58700,100,16,118.6363512072119,134.1465415757349,78.12020536704185,False,max_epochs,770.8885316848755
rl4crn_rne_oscillator_trace_risk09_lr1e4_entropy001_s4_c03,seed062,62,588,58800,100,16,119.3550914174371,135.7236646096372,78.12020536704185,False,max_epochs,772.2708756923676
rl4crn_rne_oscillator_trace_risk09_lr1e4_entropy001_s4_c03,seed062,62,589,58900,100,16,120.43458791287986,132.91327851265243,78.12020536704185,False,max_epochs,773.6820843219757
rl4crn_rne_oscillator_trace_risk09_lr1e4_entropy001_s4_c03,seed062,62,590,59000,100,16,120.0373296190542,130.76210169681104,78.12020536704185,False,max_epochs,775.0534820556641
rl4crn_rne_oscillator_trace_risk09_lr1e4_entropy001_s4_c03,seed062,62,591,59100,100,16,115.59630722765269,134.78411086375365,78.12020536704185,False,max_epochs,776.4461476802826
rl4crn_rne_oscillator_trace_risk09_lr1e4_entropy001_s4_c03,seed062,62,592,59200,100,16,120.83742993907137,133.4424299287436,78.12020536704185,False,max_epochs,777.8869121074677
rl4crn_rne_oscillator_trace_risk09_lr1e4_entropy001_s4_c03,seed062,62,593,59300,100,16,118.5180610711777,134.20989992245094,78.12020536704185,False,max_epochs,779.2375192642212
rl4crn_rne_oscillator_trace_risk09_lr1e4_entropy001_s4_c03,seed062,62,594,59400,100,16,119.69426416660015,133.92479390995868,78.12020536704185,False,max_epochs,780.5748200416565
rl4crn_rne_oscillator_trace_risk09_lr1e4_entropy001_s4_c03,seed062,62,595,59500,100,16,118.9786003563164,132.7019327992561,78.12020536704185,False,max_epochs,781.8143863677979
rl4crn_rne_oscillator_trace_risk09_lr1e4_entropy001_s4_c03,seed062,62,596,59600,100,16,119.07119909441677,131.48102344380203,78.12020536704185,False,max_epochs,783.2755653858185
rl4crn_rne_oscillator_trace_risk09_lr1e4_entropy001_s4_c03,seed062,62,597,59700,100,16,120.37188462401608,131.66937528372023,78.12020536704185,False,max_epochs,784.7241585254669
rl4crn_rne_oscillator_trace_risk09_lr1e4_entropy001_s4_c03,seed062,62,598,59800,100,16,117.02078797100609,134.7243893107389,78.12020536704185,False,max_epochs,786.0471591949463
rl4crn_rne_oscillator_trace_risk09_lr1e4_entropy001_s4_c03,seed062,62,599,59900,100,16,117.19303152987112,133.235772045999,78.12020536704185,False,max_epochs,787.6523292064667
rl4crn_rne_oscillator_trace_risk09_lr1e4_entropy001_s4_c03,seed062,62,600,60000,100,16,113.19563352693223,136.77683544973425,78.12020536704185,False,max_epochs,789.1032195091248
rl4crn_rne_oscillator_trace_risk09_lr1e4_entropy001_s4_c03,seed062,62,601,60100,100,16,115.63377158660991,130.95499097541318,78.12020536704185,False,max_epochs,790.4732296466827
rl4crn_rne_oscillator_trace_risk09_lr1e4_entropy001_s4_c03,seed062,62,602,60200,100,16,118.87618698955676,136.89897548095388,78.12020536704185,False,max_epochs,791.8440289497375
rl4crn_rne_oscillator_trace_risk09_lr1e4_entropy001_s4_c03,seed062,62,603,60300,100,16,120.86399450955416,132.4285139081047,78.12020536704185,False,max_epochs,793.3302257061005
rl4crn_rne_oscillator_trace_risk09_lr1e4_entropy001_s4_c03,seed062,62,604,60400,100,16,120.1488411417466,133.8570010078496,78.12020536704185,False,max_epochs,794.8435661792755
rl4crn_rne_oscillator_trace_risk09_lr1e4_entropy001_s4_c03,seed062,62,605,60500,100,16,120.90323473878371,134.4185837333156,78.12020536704185,False,max_epochs,796.0435934066772
rl4crn_rne_oscillator_trace_risk09_lr1e4_entropy001_s4_c03,seed062,62,606,60600,100,16,118.88441582774475,136.05137478741727,78.12020536704185,False,max_epochs,797.3657698631287
rl4crn_rne_oscillator_trace_risk09_lr1e4_entropy001_s4_c03,seed062,62,607,60700,100,16,119.9277683128927,134.81383473532634,78.12020536704185,False,max_epochs,798.6633262634277
rl4crn_rne_oscillator_trace_risk09_lr1e4_entropy001_s4_c03,seed062,62,608,60800,100,16,117.82429463541273,132.26935235340648,78.12020536704185,False,max_epochs,800.1539146900177
rl4crn_rne_oscillator_trace_risk09_lr1e4_entropy001_s4_c03,seed062,62,609,60900,100,16,112.28578993610708,137.52701306406993,78.12020536704185,False,max_epochs,801.5819227695465
rl4crn_rne_oscillator_trace_risk09_lr1e4_entropy001_s4_c03,seed062,62,610,61000,100,16,119.08001719754435,130.9889779184965,78.12020536704185,False,max_epochs,802.7868704795837
rl4crn_rne_oscillator_trace_risk09_lr1e4_entropy001_s4_c03,seed062,62,611,61100,100,16,113.22706536313964,131.9054833246428,78.12020536704185,False,max_epochs,804.2139132022858
rl4crn_rne_oscillator_trace_risk09_lr1e4_entropy001_s4_c03,seed062,62,612,61200,100,16,119.60572623027932,131.92117745675367,78.12020536704185,False,max_epochs,805.5179553031921
rl4crn_rne_oscillator_trace_risk09_lr1e4_entropy001_s4_c03,seed062,62,613,61300,100,16,117.64190482124066,133.90968419812577,78.12020536704185,False,max_epochs,806.8812108039856
rl4crn_rne_oscillator_trace_risk09_lr1e4_entropy001_s4_c03,seed062,62,614,61400,100,16,120.13462180445798,132.97934264154173,78.12020536704185,False,max_epochs,808.0313744544983
rl4crn_rne_oscillator_trace_risk09_lr1e4_entropy001_s4_c03,seed062,62,615,61500,100,16,120.45741891423727,135.33273280230532,78.12020536704185,False,max_epochs,809.3518304824829
rl4crn_rne_oscillator_trace_risk09_lr1e4_entropy001_s4_c03,seed062,62,616,61600,100,16,119.78394339004286,133.93744826665372,78.12020536704185,False,max_epochs,810.7335891723633
rl4crn_rne_oscillator_trace_risk09_lr1e4_entropy001_s4_c03,seed062,62,617,61700,100,16,119.54055162630792,133.8657517938966,78.12020536704185,False,max_epochs,811.8704178333282
rl4crn_rne_oscillator_trace_risk09_lr1e4_entropy001_s4_c03,seed062,62,618,61800,100,16,120.01454344977749,134.29095472524355,78.12020536704185,False,max_epochs,813.375994682312
rl4crn_rne_oscillator_trace_risk09_lr1e4_entropy001_s4_c03,seed062,62,619,61900,100,16,120.20980312950249,133.6210009749904,78.12020536704185,False,max_epochs,814.6959397792816
rl4crn_rne_oscillator_trace_risk09_lr1e4_entropy001_s4_c03,seed062,62,620,62000,100,16,120.91069411346267,131.09835199951232,78.12020536704185,False,max_epochs,816.5047795772552
rl4crn_rne_oscillator_trace_risk09_lr1e4_entropy001_s4_c03,seed062,62,621,62100,100,16,119.98050088096998,131.2806690408346,78.12020536704185,False,max_epochs,817.6903157234192
rl4crn_rne_oscillator_trace_risk09_lr1e4_entropy001_s4_c03,seed062,62,622,62200,100,16,112.96930702395944,132.9217929762973,78.12020536704185,False,max_epochs,818.9648194313049
rl4crn_rne_oscillator_trace_risk09_lr1e4_entropy001_s4_c03,seed062,62,623,62300,100,16,119.77512462173628,133.46828658241765,78.12020536704185,False,max_epochs,820.315536737442
rl4crn_rne_oscillator_trace_risk09_lr1e4_entropy001_s4_c03,seed062,62,624,62400,100,16,120.17371771118096,137.6507724190016,78.12020536704185,False,max_epochs,821.6694316864014
rl4crn_rne_oscillator_trace_risk09_lr1e4_entropy001_s4_c03,seed062,62,625,62500,100,16,118.36077060728886,131.343916743195,78.12020536704185,False,max_epochs,823.0466639995575
rl4crn_rne_oscillator_trace_risk09_lr1e4_entropy001_s4_c03,seed062,62,626,62600,100,16,116.39417344582498,138.58111094816468,78.12020536704185,False,max_epochs,824.358677148819
rl4crn_rne_oscillator_trace_risk09_lr1e4_entropy001_s4_c03,seed062,62,627,62700,100,16,119.93848697500385,134.2782608557947,78.12020536704185,False,max_epochs,825.845977306366
rl4crn_rne_oscillator_trace_risk09_lr1e4_entropy001_s4_c03,seed062,62,628,62800,100,16,119.83925471576904,135.71189869221348,78.12020536704185,False,max_epochs,827.1922237873077
rl4crn_rne_oscillator_trace_risk09_lr1e4_entropy001_s4_c03,seed062,62,629,62900,100,16,118.74882909888466,132.70729221378411,78.12020536704185,False,max_epochs,828.3996784687042
rl4crn_rne_oscillator_trace_risk09_lr1e4_entropy001_s4_c03,seed062,62,630,63000,100,16,119.34089385333039,131.38327960457534,78.12020536704185,False,max_epochs,829.7237937450409
rl4crn_rne_oscillator_trace_risk09_lr1e4_entropy001_s4_c03,seed062,62,631,63100,100,16,119.54040221967546,136.44299238373375,78.12020536704185,False,max_epochs,830.9077839851379
rl4crn_rne_oscillator_trace_risk09_lr1e4_entropy001_s4_c03,seed062,62,632,63200,100,16,120.2950709547302,134.98972220791217,78.12020536704185,False,max_epochs,832.2891073226929
rl4crn_rne_oscillator_trace_risk09_lr1e4_entropy001_s4_c03,seed062,62,633,63300,100,16,120.29631821752379,134.0361387799931,78.12020536704185,False,max_epochs,833.6262106895447
rl4crn_rne_oscillator_trace_risk09_lr1e4_entropy001_s4_c03,seed062,62,634,63400,100,16,117.78782964948643,133.0155521513879,78.12020536704185,False,max_epochs,834.7686955928802
rl4crn_rne_oscillator_trace_risk09_lr1e4_entropy001_s4_c03,seed062,62,635,63500,100,16,120.32727774894968,133.2588246400195,78.12020536704185,False,max_epochs,836.0671563148499
rl4crn_rne_oscillator_trace_risk09_lr1e4_entropy001_s4_c03,seed062,62,636,63600,100,16,119.55003604806313,138.83377165308792,78.12020536704185,False,max_epochs,837.2244153022766
rl4crn_rne_oscillator_trace_risk09_lr1e4_entropy001_s4_c03,seed062,62,637,63700,100,16,120.33032565337352,133.9994903577759,78.12020536704185,False,max_epochs,838.6036043167114
rl4crn_rne_oscillator_trace_risk09_lr1e4_entropy001_s4_c03,seed062,62,638,63800,100,16,120.34041439035104,131.259660907921,78.12020536704185,False,max_epochs,839.7353224754333
rl4crn_rne_oscillator_trace_risk09_lr1e4_entropy001_s4_c03,seed062,62,639,63900,100,16,120.89996615028113,134.14657511023546,78.12020536704185,False,max_epochs,840.9009141921997
rl4crn_rne_oscillator_trace_risk09_lr1e4_entropy001_s4_c03,seed062,62,640,64000,100,16,119.25602252325818,130.36001264541324,78.12020536704185,False,max_epochs,842.20929479599
rl4crn_rne_oscillator_trace_risk09_lr1e4_entropy001_s4_c03,seed062,62,641,64100,100,16,119.82085630502787,132.73274473221164,78.12020536704185,False,max_epochs,843.3688485622406
rl4crn_rne_oscillator_trace_risk09_lr1e4_entropy001_s4_c03,seed062,62,642,64200,100,16,119.34566603228097,134.59764702269052,78.12020536704185,False,max_epochs,844.706244468689
rl4crn_rne_oscillator_trace_risk09_lr1e4_entropy001_s4_c03,seed062,62,643,64300,100,16,119.79432666608278,131.99401144145673,78.12020536704185,False,max_epochs,845.9445457458496
rl4crn_rne_oscillator_trace_risk09_lr1e4_entropy001_s4_c03,seed062,62,644,64400,100,16,119.18377045390648,137.62097982454745,78.12020536704185,False,max_epochs,847.3949110507965
rl4crn_rne_oscillator_trace_risk09_lr1e4_entropy001_s4_c03,seed062,62,645,64500,100,16,120.79798014342542,132.21602998278007,78.12020536704185,False,max_epochs,848.5891890525818
rl4crn_rne_oscillator_trace_risk09_lr1e4_entropy001_s4_c03,seed062,62,646,64600,100,16,120.72946867253137,131.7452791950732,78.12020536704185,False,max_epochs,849.8827049732208
rl4crn_rne_oscillator_trace_risk09_lr1e4_entropy001_s4_c03,seed062,62,647,64700,100,16,119.54683642784046,134.83834507494348,78.12020536704185,False,max_epochs,851.2219107151031
rl4crn_rne_oscillator_trace_risk09_lr1e4_entropy001_s4_c03,seed062,62,648,64800,100,16,117.27747698699385,131.82740621865787,78.12020536704185,False,max_epochs,852.4345557689667
rl4crn_rne_oscillator_trace_risk09_lr1e4_entropy001_s4_c03,seed062,62,649,64900,100,16,120.72374188137745,133.68497578960557,78.12020536704185,False,max_epochs,853.7969081401825
rl4crn_rne_oscillator_trace_risk09_lr1e4_entropy001_s4_c03,seed062,62,650,65000,100,16,121.15386882996745,132.9866018256422,78.12020536704185,False,max_epochs,854.9890060424805
rl4crn_rne_oscillator_trace_risk09_lr1e4_entropy001_s4_c03,seed062,62,651,65100,100,16,120.28342512232331,136.09420593057712,78.12020536704185,False,max_epochs,856.2605783939362
rl4crn_rne_oscillator_trace_risk09_lr1e4_entropy001_s4_c03,seed062,62,652,65200,100,16,120.01495105068943,131.3478014266349,78.12020536704185,False,max_epochs,857.6289732456207
rl4crn_rne_oscillator_trace_risk09_lr1e4_entropy001_s4_c03,seed062,62,653,65300,100,16,120.50744742624454,132.17090962594318,78.12020536704185,False,max_epochs,859.0047981739044
rl4crn_rne_oscillator_trace_risk09_lr1e4_entropy001_s4_c03,seed062,62,654,65400,100,16,120.27464176568972,131.38275694210012,78.12020536704185,False,max_epochs,860.2938785552979
rl4crn_rne_oscillator_trace_risk09_lr1e4_entropy001_s4_c03,seed062,62,655,65500,100,16,114.77000983632101,132.17528240312868,78.12020536704185,False,max_epochs,861.5067372322083
rl4crn_rne_oscillator_trace_risk09_lr1e4_entropy001_s4_c03,seed062,62,656,65600,100,16,121.10182614821554,133.14768312704143,78.12020536704185,False,max_epochs,862.9082634449005
rl4crn_rne_oscillator_trace_risk09_lr1e4_entropy001_s4_c03,seed062,62,657,65700,100,16,118.93100215812646,131.51693671712252,78.12020536704185,False,max_epochs,864.1107504367828
rl4crn_rne_oscillator_trace_risk09_lr1e4_entropy001_s4_c03,seed062,62,658,65800,100,16,118.50694177236194,136.18867448213638,78.12020536704185,False,max_epochs,865.3300278186798
rl4crn_rne_oscillator_trace_risk09_lr1e4_entropy001_s4_c03,seed062,62,659,65900,100,16,120.60215916902465,132.392059456315,78.12020536704185,False,max_epochs,866.7714524269104
rl4crn_rne_oscillator_trace_risk09_lr1e4_entropy001_s4_c03,seed062,62,660,66000,100,16,116.35918019167782,132.8321989934875,78.12020536704185,False,max_epochs,867.9443838596344
rl4crn_rne_oscillator_trace_risk09_lr1e4_entropy001_s4_c03,seed062,62,661,66100,100,16,117.94096865824791,146.4494087738692,78.12020536704185,False,max_epochs,869.2617366313934
rl4crn_rne_oscillator_trace_risk09_lr1e4_entropy001_s4_c03,seed062,62,662,66200,100,16,120.93485475572051,133.42533740745637,78.12020536704185,False,max_epochs,870.5037143230438
rl4crn_rne_oscillator_trace_risk09_lr1e4_entropy001_s4_c03,seed062,62,663,66300,100,16,120.21250834912703,131.83222989354834,78.12020536704185,False,max_epochs,871.8665707111359
rl4crn_rne_oscillator_trace_risk09_lr1e4_entropy001_s4_c03,seed062,62,664,66400,100,16,118.2714837288532,133.660259609938,78.12020536704185,False,max_epochs,873.036598443985
rl4crn_rne_oscillator_trace_risk09_lr1e4_entropy001_s4_c03,seed062,62,665,66500,100,16,120.39779638081683,133.07038643314328,78.12020536704185,False,max_epochs,874.2177104949951
rl4crn_rne_oscillator_trace_risk09_lr1e4_entropy001_s4_c03,seed062,62,666,66600,100,16,117.41927762004424,131.34598946110282,78.12020536704185,False,max_epochs,875.5261852741241
rl4crn_rne_oscillator_trace_risk09_lr1e4_entropy001_s4_c03,seed062,62,667,66700,100,16,120.78381359072263,131.6825259328955,78.12020536704185,False,max_epochs,876.7109472751617
rl4crn_rne_oscillator_trace_risk09_lr1e4_entropy001_s4_c03,seed062,62,668,66800,100,16,118.70733699955049,132.63172373724092,78.12020536704185,False,max_epochs,878.0246131420135
rl4crn_rne_oscillator_trace_risk09_lr1e4_entropy001_s4_c03,seed062,62,669,66900,100,16,120.80716677516725,135.56594886612075,78.12020536704185,False,max_epochs,879.2832276821136
rl4crn_rne_oscillator_trace_risk09_lr1e4_entropy001_s4_c03,seed062,62,670,67000,100,16,119.49100202128923,133.3481661681087,78.12020536704185,False,max_epochs,880.525988817215
rl4crn_rne_oscillator_trace_risk09_lr1e4_entropy001_s4_c03,seed062,62,671,67100,100,16,117.60958072579417,130.45978690544388,78.12020536704185,False,max_epochs,881.903885602951
rl4crn_rne_oscillator_trace_risk09_lr1e4_entropy001_s4_c03,seed062,62,672,67200,100,16,117.23803836629021,138.10321857079606,78.12020536704185,False,max_epochs,883.1301689147949
rl4crn_rne_oscillator_trace_risk09_lr1e4_entropy001_s4_c03,seed062,62,673,67300,100,16,113.92749601285686,133.7073684181594,78.12020536704185,False,max_epochs,884.4897270202637
rl4crn_rne_oscillator_trace_risk09_lr1e4_entropy001_s4_c03,seed062,62,674,67400,100,16,118.01492490635808,134.81350848313423,78.12020536704185,False,max_epochs,885.6618022918701
rl4crn_rne_oscillator_trace_risk09_lr1e4_entropy001_s4_c03,seed062,62,675,67500,100,16,120.17085208590224,132.40047379913773,78.12020536704185,False,max_epochs,886.850950717926
rl4crn_rne_oscillator_trace_risk09_lr1e4_entropy001_s4_c03,seed062,62,676,67600,100,16,119.869817530766,132.31796837756235,78.12020536704185,False,max_epochs,888.169596195221
rl4crn_rne_oscillator_trace_risk09_lr1e4_entropy001_s4_c03,seed062,62,677,67700,100,16,120.37002448813915,132.5481371212008,78.12020536704185,False,max_epochs,889.3724308013916
rl4crn_rne_oscillator_trace_risk09_lr1e4_entropy001_s4_c03,seed062,62,678,67800,100,16,111.37710961515259,133.40424924341312,78.12020536704185,False,max_epochs,890.7063536643982
rl4crn_rne_oscillator_trace_risk09_lr1e4_entropy001_s4_c03,seed062,62,679,67900,100,16,119.63509986278848,133.38961866065864,78.12020536704185,False,max_epochs,891.8817369937897
rl4crn_rne_oscillator_trace_risk09_lr1e4_entropy001_s4_c03,seed062,62,680,68000,100,16,118.4517472554593,132.69992506069258,78.12020536704185,False,max_epochs,893.3074040412903
rl4crn_rne_oscillator_trace_risk09_lr1e4_entropy001_s4_c03,seed062,62,681,68100,100,16,119.82471357422962,134.4196286698041,78.12020536704185,False,max_epochs,894.4426708221436
rl4crn_rne_oscillator_trace_risk09_lr1e4_entropy001_s4_c03,seed062,62,682,68200,100,16,120.54781957107431,132.17279678375422,78.12020536704185,False,max_epochs,895.6210906505585
rl4crn_rne_oscillator_trace_risk09_lr1e4_entropy001_s4_c03,seed062,62,683,68300,100,16,118.31020943613396,133.02455520275026,78.12020536704185,False,max_epochs,896.9291851520538
rl4crn_rne_oscillator_trace_risk09_lr1e4_entropy001_s4_c03,seed062,62,684,68400,100,16,121.95639239986443,135.00563864256563,78.12020536704185,False,max_epochs,898.0837593078613
rl4crn_rne_oscillator_trace_risk09_lr1e4_entropy001_s4_c03,seed062,62,685,68500,100,16,117.93217551548118,133.99909423562417,78.12020536704185,False,max_epochs,899.4260969161987
rl4crn_rne_oscillator_trace_risk09_lr1e4_entropy001_s4_c03,seed062,62,686,68600,100,16,118.66536630957282,135.79128763171613,78.12020536704185,False,max_epochs,900.5906746387482
rl4crn_rne_oscillator_trace_risk09_lr1e4_entropy001_s4_c03,seed062,62,687,68700,100,16,119.1854142523971,134.41996868111107,78.12020536704185,False,max_epochs,901.741569519043
rl4crn_rne_oscillator_trace_risk09_lr1e4_entropy001_s4_c03,seed062,62,688,68800,100,16,118.81891003237519,132.9415345168126,78.12020536704185,False,max_epochs,903.0964343547821
rl4crn_rne_oscillator_trace_risk09_lr1e4_entropy001_s4_c03,seed062,62,689,68900,100,16,118.55609407114936,133.77095721394306,78.12020536704185,False,max_epochs,904.2885847091675
rl4crn_rne_oscillator_trace_risk09_lr1e4_entropy001_s4_c03,seed062,62,690,69000,100,16,117.98324856126557,132.5132029608445,78.12020536704185,False,max_epochs,905.5811524391174
rl4crn_rne_oscillator_trace_risk09_lr1e4_entropy001_s4_c03,seed062,62,691,69100,100,16,120.80081359444675,133.80874234501078,78.12020536704185,False,max_epochs,906.7063300609589
rl4crn_rne_oscillator_trace_risk09_lr1e4_entropy001_s4_c03,seed062,62,692,69200,100,16,120.59756812022997,131.39528803490646,78.12020536704185,False,max_epochs,908.0225300788879
rl4crn_rne_oscillator_trace_risk09_lr1e4_entropy001_s4_c03,seed062,62,693,69300,100,16,120.49488957797962,132.96394541984665,78.12020536704185,False,max_epochs,909.4118552207947
rl4crn_rne_oscillator_trace_risk09_lr1e4_entropy001_s4_c03,seed062,62,694,69400,100,16,121.48557394107252,137.84288633267573,78.12020536704185,False,max_epochs,910.6292917728424
rl4crn_rne_oscillator_trace_risk09_lr1e4_entropy001_s4_c03,seed062,62,695,69500,100,16,120.82383845475896,136.8395252474831,78.12020536704185,False,max_epochs,912.0400376319885
rl4crn_rne_oscillator_trace_risk09_lr1e4_entropy001_s4_c03,seed062,62,696,69600,100,16,117.81327766641972,131.81215891673384,78.12020536704185,False,max_epochs,913.2329390048981
rl4crn_rne_oscillator_trace_risk09_lr1e4_entropy001_s4_c03,seed062,62,697,69700,100,16,118.22162731931067,136.01257674704925,78.12020536704185,False,max_epochs,914.567501783371
rl4crn_rne_oscillator_trace_risk09_lr1e4_entropy001_s4_c03,seed062,62,698,69800,100,16,119.69577137105517,132.37773819589341,78.12020536704185,False,max_epochs,915.8082685470581
rl4crn_rne_oscillator_trace_risk09_lr1e4_entropy001_s4_c03,seed062,62,699,69900,100,16,120.56555526043728,131.81003423225866,78.12020536704185,False,max_epochs,917.1751990318298
rl4crn_rne_oscillator_trace_risk09_lr1e4_entropy001_s4_c03,seed062,62,700,70000,100,16,117.85924835675665,138.91118301048914,78.12020536704185,False,max_epochs,918.6304061412811
rl4crn_rne_oscillator_trace_risk09_lr1e4_entropy001_s4_c03,seed062,62,701,70100,100,16,119.65078465232459,131.7573166105289,78.12020536704185,False,max_epochs,920.0516495704651
rl4crn_rne_oscillator_trace_risk09_lr1e4_entropy001_s4_c03,seed062,62,702,70200,100,16,116.23159026521799,133.84443554974706,78.12020536704185,False,max_epochs,921.5581629276276
rl4crn_rne_oscillator_trace_risk09_lr1e4_entropy001_s4_c03,seed062,62,703,70300,100,16,119.53188671091627,134.45001773492936,78.12020536704185,False,max_epochs,922.9314541816711
rl4crn_rne_oscillator_trace_risk09_lr1e4_entropy001_s4_c03,seed062,62,704,70400,100,16,117.0664615136293,131.91024855868426,78.12020536704185,False,max_epochs,924.6499207019806
rl4crn_rne_oscillator_trace_risk09_lr1e4_entropy001_s4_c03,seed062,62,705,70500,100,16,120.60620199695043,133.09686283192383,78.12020536704185,False,max_epochs,926.1346409320831
rl4crn_rne_oscillator_trace_risk09_lr1e4_entropy001_s4_c03,seed062,62,706,70600,100,16,120.43766843648821,133.45009898409876,78.12020536704185,False,max_epochs,927.4849750995636
rl4crn_rne_oscillator_trace_risk09_lr1e4_entropy001_s4_c03,seed062,62,707,70700,100,16,120.66610702015913,132.65941646037524,78.12020536704185,False,max_epochs,929.0745992660522
rl4crn_rne_oscillator_trace_risk09_lr1e4_entropy001_s4_c03,seed062,62,708,70800,100,16,119.54276765762319,134.03935843728465,78.12020536704185,False,max_epochs,930.6318366527557
rl4crn_rne_oscillator_trace_risk09_lr1e4_entropy001_s4_c03,seed062,62,709,70900,100,16,115.50325584797437,131.28731454915192,78.12020536704185,False,max_epochs,932.1444606781006
rl4crn_rne_oscillator_trace_risk09_lr1e4_entropy001_s4_c03,seed062,62,710,71000,100,16,118.041734338332,133.56832728978452,78.12020536704185,False,max_epochs,933.3360676765442
rl4crn_rne_oscillator_trace_risk09_lr1e4_entropy001_s4_c03,seed062,62,711,71100,100,16,120.80253448018811,136.1369056270654,78.12020536704185,False,max_epochs,934.923618555069
rl4crn_rne_oscillator_trace_risk09_lr1e4_entropy001_s4_c03,seed062,62,712,71200,100,16,120.76997997200296,134.258598801064,78.12020536704185,False,max_epochs,936.2832033634186
rl4crn_rne_oscillator_trace_risk09_lr1e4_entropy001_s4_c03,seed062,62,713,71300,100,16,113.39644760356127,136.5839102373968,78.12020536704185,False,max_epochs,937.6544172763824
rl4crn_rne_oscillator_trace_risk09_lr1e4_entropy001_s4_c03,seed062,62,714,71400,100,16,119.26678330713975,131.84067982577415,78.12020536704185,False,max_epochs,939.2320809364319
rl4crn_rne_oscillator_trace_risk09_lr1e4_entropy001_s4_c03,seed062,62,715,71500,100,16,116.86355472786765,132.9538820886193,78.12020536704185,False,max_epochs,940.5987002849579
rl4crn_rne_oscillator_trace_risk09_lr1e4_entropy001_s4_c03,seed062,62,716,71600,100,16,117.33207856547182,132.74602551443866,78.12020536704185,False,max_epochs,942.1709911823273
rl4crn_rne_oscillator_trace_risk09_lr1e4_entropy001_s4_c03,seed062,62,717,71700,100,16,120.47349900577309,131.20173836088492,78.12020536704185,False,max_epochs,943.6723215579987
rl4crn_rne_oscillator_trace_risk09_lr1e4_entropy001_s4_c03,seed062,62,718,71800,100,16,120.74384804416428,134.05531347950912,78.12020536704185,False,max_epochs,945.3001880645752
rl4crn_rne_oscillator_trace_risk09_lr1e4_entropy001_s4_c03,seed062,62,719,71900,100,16,120.23865055493167,136.667123577685,78.12020536704185,False,max_epochs,946.67462682724
rl4crn_rne_oscillator_trace_risk09_lr1e4_entropy001_s4_c03,seed062,62,720,72000,100,16,120.74963848297747,132.88301000742035,78.12020536704185,False,max_epochs,947.9891650676727
rl4crn_rne_oscillator_trace_risk09_lr1e4_entropy001_s4_c03,seed062,62,721,72100,100,16,120.18901027080057,134.42330435225622,78.12020536704185,False,max_epochs,949.3337526321411
rl4crn_rne_oscillator_trace_risk09_lr1e4_entropy001_s4_c03,seed062,62,722,72200,100,16,117.95492667792816,130.91138145479624,78.12020536704185,False,max_epochs,950.731743812561
rl4crn_rne_oscillator_trace_risk09_lr1e4_entropy001_s4_c03,seed062,62,723,72300,100,16,121.02417136267375,133.30607910228963,78.12020536704185,False,max_epochs,952.2669396400452
rl4crn_rne_oscillator_trace_risk09_lr1e4_entropy001_s4_c03,seed062,62,724,72400,100,16,119.69429411613207,133.4510423516237,78.12020536704185,False,max_epochs,953.5950210094452
rl4crn_rne_oscillator_trace_risk09_lr1e4_entropy001_s4_c03,seed062,62,725,72500,100,16,120.70482656304169,132.6796547335106,78.12020536704185,False,max_epochs,954.8936240673065
rl4crn_rne_oscillator_trace_risk09_lr1e4_entropy001_s4_c03,seed062,62,726,72600,100,16,119.84162274251696,131.64488012496372,78.12020536704185,False,max_epochs,956.4438087940216
rl4crn_rne_oscillator_trace_risk09_lr1e4_entropy001_s4_c03,seed062,62,727,72700,100,16,120.96331242245347,135.3917832917068,78.12020536704185,False,max_epochs,957.7230565547943
rl4crn_rne_oscillator_trace_risk09_lr1e4_entropy001_s4_c03,seed062,62,728,72800,100,16,120.36988944031809,132.02608408756885,78.12020536704185,False,max_epochs,959.1802361011505
rl4crn_rne_oscillator_trace_risk09_lr1e4_entropy001_s4_c03,seed062,62,729,72900,100,16,121.44106150471742,132.28846560503018,78.12020536704185,False,max_epochs,960.8055307865143
rl4crn_rne_oscillator_trace_risk09_lr1e4_entropy001_s4_c03,seed062,62,730,73000,100,16,118.7139058130322,136.34176966891212,78.12020536704185,False,max_epochs,962.012900352478
rl4crn_rne_oscillator_trace_risk09_lr1e4_entropy001_s4_c03,seed062,62,731,73100,100,16,120.06387716906596,133.41093902326668,78.12020536704185,False,max_epochs,963.5389006137848
rl4crn_rne_oscillator_trace_risk09_lr1e4_entropy001_s4_c03,seed062,62,732,73200,100,16,114.19381791209422,130.4356511429811,78.12020536704185,False,max_epochs,964.8415954113007
rl4crn_rne_oscillator_trace_risk09_lr1e4_entropy001_s4_c03,seed062,62,733,73300,100,16,118.98357097268652,133.4826680521852,78.12020536704185,False,max_epochs,966.4982659816742
rl4crn_rne_oscillator_trace_risk09_lr1e4_entropy001_s4_c03,seed062,62,734,73400,100,16,119.17407088685114,136.42226059496298,78.12020536704185,False,max_epochs,967.6645543575287
rl4crn_rne_oscillator_trace_risk09_lr1e4_entropy001_s4_c03,seed062,62,735,73500,100,16,114.49383173858743,131.79363898111404,78.12020536704185,False,max_epochs,969.0197880268097
rl4crn_rne_oscillator_trace_risk09_lr1e4_entropy001_s4_c03,seed062,62,736,73600,100,16,119.89743046058462,133.33356980036953,78.12020536704185,False,max_epochs,970.2987685203552
rl4crn_rne_oscillator_trace_risk09_lr1e4_entropy001_s4_c03,seed062,62,737,73700,100,16,119.57491637487703,133.9939251460442,78.12020536704185,False,max_epochs,971.4805243015289
rl4crn_rne_oscillator_trace_risk09_lr1e4_entropy001_s4_c03,seed062,62,738,73800,100,16,118.76041707282451,133.54205913054804,78.12020536704185,False,max_epochs,972.8675994873047
rl4crn_rne_oscillator_trace_risk09_lr1e4_entropy001_s4_c03,seed062,62,739,73900,100,16,120.32330000229166,132.93868525994816,78.12020536704185,False,max_epochs,974.0473279953003
rl4crn_rne_oscillator_trace_risk09_lr1e4_entropy001_s4_c03,seed062,62,740,74000,100,16,120.46095421169625,131.72273876955302,78.12020536704185,False,max_epochs,975.4166791439056
rl4crn_rne_oscillator_trace_risk09_lr1e4_entropy001_s4_c03,seed062,62,741,74100,100,16,118.95319784080455,136.3072552999756,78.12020536704185,False,max_epochs,976.6376068592072
rl4crn_rne_oscillator_trace_risk09_lr1e4_entropy001_s4_c03,seed062,62,742,74200,100,16,120.86631764981513,135.34848829386004,78.12020536704185,False,max_epochs,977.9125459194183
rl4crn_rne_oscillator_trace_risk09_lr1e4_entropy001_s4_c03,seed062,62,743,74300,100,16,119.87966874328536,133.1649849639939,78.12020536704185,False,max_epochs,979.2637822628021
rl4crn_rne_oscillator_trace_risk09_lr1e4_entropy001_s4_c03,seed062,62,744,74400,100,16,120.51733341866101,130.472561004728,78.12020536704185,False,max_epochs,980.4636030197144
rl4crn_rne_oscillator_trace_risk09_lr1e4_entropy001_s4_c03,seed062,62,745,74500,100,16,120.12484009134364,134.94985148539146,78.12020536704185,False,max_epochs,981.7901544570923
rl4crn_rne_oscillator_trace_risk09_lr1e4_entropy001_s4_c03,seed062,62,746,74600,100,16,114.35204211198993,132.55012786958787,78.12020536704185,False,max_epochs,983.1222059726715
rl4crn_rne_oscillator_trace_risk09_lr1e4_entropy001_s4_c03,seed062,62,747,74700,100,16,120.75054785058218,132.86801329070875,78.12020536704185,False,max_epochs,984.2731618881226
rl4crn_rne_oscillator_trace_risk09_lr1e4_entropy001_s4_c03,seed062,62,748,74800,100,16,114.98636209446039,132.67336114022075,78.12020536704185,False,max_epochs,985.5819580554962
rl4crn_rne_oscillator_trace_risk09_lr1e4_entropy001_s4_c03,seed062,62,749,74900,100,16,116.25313848470702,131.71182381968646,78.12020536704185,False,max_epochs,986.7549705505371
rl4crn_rne_oscillator_trace_risk09_lr1e4_entropy001_s4_c03,seed062,62,750,75000,100,16,121.2190517327035,133.66596725412637,78.12020536704185,False,max_epochs,988.1521780490875
rl4crn_rne_oscillator_trace_risk09_lr1e4_entropy001_s4_c03,seed062,62,751,75100,100,16,120.41838246208495,135.3853882439307,78.12020536704185,False,max_epochs,989.3514988422394
rl4crn_rne_oscillator_trace_risk09_lr1e4_entropy001_s4_c03,seed062,62,752,75200,100,16,118.1083801267636,134.74108546326906,78.12020536704185,False,max_epochs,990.7358615398407
rl4crn_rne_oscillator_trace_risk09_lr1e4_entropy001_s4_c03,seed062,62,753,75300,100,16,120.06861861560508,133.4774016286986,78.12020536704185,False,max_epochs,991.8677973747253
rl4crn_rne_oscillator_trace_risk09_lr1e4_entropy001_s4_c03,seed062,62,754,75400,100,16,118.22504760343492,134.17974686402223,78.12020536704185,False,max_epochs,992.9946601390839
rl4crn_rne_oscillator_trace_risk09_lr1e4_entropy001_s4_c03,seed062,62,755,75500,100,16,115.4889405873436,132.43779800299535,78.12020536704185,False,max_epochs,994.3369312286377
rl4crn_rne_oscillator_trace_risk09_lr1e4_entropy001_s4_c03,seed062,62,756,75600,100,16,119.02731113489206,133.21685423540282,78.12020536704185,False,max_epochs,995.5013647079468
rl4crn_rne_oscillator_trace_risk09_lr1e4_entropy001_s4_c03,seed062,62,757,75700,100,16,119.34518943037448,131.876276764514,78.12020536704185,False,max_epochs,996.8658378124237
rl4crn_rne_oscillator_trace_risk09_lr1e4_entropy001_s4_c03,seed062,62,758,75800,100,16,120.82005305085976,131.6104889761236,78.12020536704185,False,max_epochs,998.0541949272156
rl4crn_rne_oscillator_trace_risk09_lr1e4_entropy001_s4_c03,seed062,62,759,75900,100,16,117.33517321422714,131.45478940384902,78.12020536704185,False,max_epochs,999.2720761299133
rl4crn_rne_oscillator_trace_risk09_lr1e4_entropy001_s4_c03,seed062,62,760,76000,100,16,120.89710410168911,131.14184461089667,78.12020536704185,False,max_epochs,1000.6321830749512
rl4crn_rne_oscillator_trace_risk09_lr1e4_entropy001_s4_c03,seed062,62,761,76100,100,16,120.37267892876856,131.27658530234464,78.12020536704185,False,max_epochs,1001.801253080368
rl4crn_rne_oscillator_trace_risk09_lr1e4_entropy001_s4_c03,seed062,62,762,76200,100,16,120.57721285618925,132.33853039439745,78.12020536704185,False,max_epochs,1003.1299161911011
rl4crn_rne_oscillator_trace_risk09_lr1e4_entropy001_s4_c03,seed062,62,763,76300,100,16,119.75322746297923,133.0969270651494,78.12020536704185,False,max_epochs,1004.3911507129669
rl4crn_rne_oscillator_trace_risk09_lr1e4_entropy001_s4_c03,seed062,62,764,76400,100,16,120.41471142909957,135.40280300341448,78.12020536704185,False,max_epochs,1005.7471132278442
rl4crn_rne_oscillator_trace_risk09_lr1e4_entropy001_s4_c03,seed062,62,765,76500,100,16,118.42660223855886,130.94674985236807,78.12020536704185,False,max_epochs,1007.2124371528625
rl4crn_rne_oscillator_trace_risk09_lr1e4_entropy001_s4_c03,seed062,62,766,76600,100,16,120.50716792279283,135.92392851976575,78.12020536704185,False,max_epochs,1008.4458401203156
rl4crn_rne_oscillator_trace_risk09_lr1e4_entropy001_s4_c03,seed062,62,767,76700,100,16,120.38397682110225,134.2155086992679,78.12020536704185,False,max_epochs,1009.8958060741425
rl4crn_rne_oscillator_trace_risk09_lr1e4_entropy001_s4_c03,seed062,62,768,76800,100,16,120.52460995728931,134.17050949521456,78.12020536704185,False,max_epochs,1011.096953868866
rl4crn_rne_oscillator_trace_risk09_lr1e4_entropy001_s4_c03,seed062,62,769,76900,100,16,118.92754304677072,134.59166114496009,78.12020536704185,False,max_epochs,1012.5448758602142
rl4crn_rne_oscillator_trace_risk09_lr1e4_entropy001_s4_c03,seed062,62,770,77000,100,16,120.43369452682998,133.0924814736242,78.12020536704185,False,max_epochs,1013.847535610199
rl4crn_rne_oscillator_trace_risk09_lr1e4_entropy001_s4_c03,seed062,62,771,77100,100,16,120.13223979072544,136.8265475504723,78.12020536704185,False,max_epochs,1015.034348487854
rl4crn_rne_oscillator_trace_risk09_lr1e4_entropy001_s4_c03,seed062,62,772,77200,100,16,120.29264660398869,134.56549759810542,78.12020536704185,False,max_epochs,1016.5323779582977
rl4crn_rne_oscillator_trace_risk09_lr1e4_entropy001_s4_c03,seed062,62,773,77300,100,16,118.49029994987293,132.78107174742226,78.12020536704185,False,max_epochs,1017.7171144485474
rl4crn_rne_oscillator_trace_risk09_lr1e4_entropy001_s4_c03,seed062,62,774,77400,100,16,120.6152401362783,132.01234406117948,78.12020536704185,False,max_epochs,1019.2228560447693
rl4crn_rne_oscillator_trace_risk09_lr1e4_entropy001_s4_c03,seed062,62,775,77500,100,16,119.636132948078,129.93315833609887,78.12020536704185,False,max_epochs,1020.6463668346405
rl4crn_rne_oscillator_trace_risk09_lr1e4_entropy001_s4_c03,seed062,62,776,77600,100,16,120.52634271010204,134.15086840114475,78.12020536704185,False,max_epochs,1022.1868903636932
rl4crn_rne_oscillator_trace_risk09_lr1e4_entropy001_s4_c03,seed062,62,777,77700,100,16,120.2723522922839,130.50601406214525,78.12020536704185,False,max_epochs,1023.6374547481537
rl4crn_rne_oscillator_trace_risk09_lr1e4_entropy001_s4_c03,seed062,62,778,77800,100,16,120.60413250722767,133.70853665154812,78.12020536704185,False,max_epochs,1025.1466009616852
rl4crn_rne_oscillator_trace_risk09_lr1e4_entropy001_s4_c03,seed062,62,779,77900,100,16,120.7306449861331,136.21097172963064,78.12020536704185,False,max_epochs,1026.496464252472
rl4crn_rne_oscillator_trace_risk09_lr1e4_entropy001_s4_c03,seed062,62,780,78000,100,16,120.68615560163774,131.94554125654713,78.12020536704185,False,max_epochs,1027.8632261753082
rl4crn_rne_oscillator_trace_risk09_lr1e4_entropy001_s4_c03,seed062,62,781,78100,100,16,120.45813776263606,131.23807736130726,78.12020536704185,False,max_epochs,1029.2907762527466
rl4crn_rne_oscillator_trace_risk09_lr1e4_entropy001_s4_c03,seed062,62,782,78200,100,16,119.70418309327647,133.91489750493471,78.12020536704185,False,max_epochs,1030.5635569095612
rl4crn_rne_oscillator_trace_risk09_lr1e4_entropy001_s4_c03,seed062,62,783,78300,100,16,119.55559323558334,138.9226113059844,78.12020536704185,False,max_epochs,1031.926903963089
rl4crn_rne_oscillator_trace_risk09_lr1e4_entropy001_s4_c03,seed062,62,784,78400,100,16,117.72865428639403,134.38242738559654,78.12020536704185,False,max_epochs,1033.5159041881561
rl4crn_rne_oscillator_trace_risk09_lr1e4_entropy001_s4_c03,seed062,62,785,78500,100,16,119.67166006298382,134.07197919795766,78.12020536704185,False,max_epochs,1034.9226243495941
rl4crn_rne_oscillator_trace_risk09_lr1e4_entropy001_s4_c03,seed062,62,786,78600,100,16,101.39789287059818,134.88402517572973,78.12020536704185,False,max_epochs,1036.450645685196
rl4crn_rne_oscillator_trace_risk09_lr1e4_entropy001_s4_c03,seed062,62,787,78700,100,16,116.70064647590317,132.76341683506269,78.12020536704185,False,max_epochs,1037.817174911499
rl4crn_rne_oscillator_trace_risk09_lr1e4_entropy001_s4_c03,seed062,62,788,78800,100,16,119.82636229480033,132.1226333626406,78.12020536704185,False,max_epochs,1039.1512875556946
rl4crn_rne_oscillator_trace_risk09_lr1e4_entropy001_s4_c03,seed062,62,789,78900,100,16,120.97213900332876,134.97313402894804,78.12020536704185,False,max_epochs,1040.3642234802246
rl4crn_rne_oscillator_trace_risk09_lr1e4_entropy001_s4_c03,seed062,62,790,79000,100,16,106.26243481162666,135.45060352016674,78.12020536704185,False,max_epochs,1041.690199136734
rl4crn_rne_oscillator_trace_risk09_lr1e4_entropy001_s4_c03,seed062,62,791,79100,100,16,120.51371478067654,133.31663258980973,78.12020536704185,False,max_epochs,1043.2323887348175
rl4crn_rne_oscillator_trace_risk09_lr1e4_entropy001_s4_c03,seed062,62,792,79200,100,16,115.3540827871063,132.35556254959693,78.12020536704185,False,max_epochs,1044.5190024375916
rl4crn_rne_oscillator_trace_risk09_lr1e4_entropy001_s4_c03,seed062,62,793,79300,100,16,118.48968556433725,137.9060807227992,78.12020536704185,False,max_epochs,1045.8944730758667
rl4crn_rne_oscillator_trace_risk09_lr1e4_entropy001_s4_c03,seed062,62,794,79400,100,16,121.52653277013872,132.38226214917182,78.12020536704185,False,max_epochs,1047.0713663101196
rl4crn_rne_oscillator_trace_risk09_lr1e4_entropy001_s4_c03,seed062,62,795,79500,100,16,119.99580374678348,131.70339213948242,78.12020536704185,False,max_epochs,1048.2035100460052
rl4crn_rne_oscillator_trace_risk09_lr1e4_entropy001_s4_c03,seed062,62,796,79600,100,16,120.44818441411351,131.81307548949775,78.12020536704185,False,max_epochs,1049.499995470047
rl4crn_rne_oscillator_trace_risk09_lr1e4_entropy001_s4_c03,seed062,62,797,79700,100,16,119.90353347375216,133.79188704237265,78.12020536704185,False,max_epochs,1050.6427369117737
rl4crn_rne_oscillator_trace_risk09_lr1e4_entropy001_s4_c03,seed062,62,798,79800,100,16,114.8177474183079,133.8838331707425,78.12020536704185,False,max_epochs,1051.9844222068787
rl4crn_rne_oscillator_trace_risk09_lr1e4_entropy001_s4_c03,seed062,62,799,79900,100,16,116.65907080785257,134.21008851378826,78.12020536704185,False,max_epochs,1053.161690711975
rl4crn_rne_oscillator_trace_risk09_lr1e4_entropy001_s4_c03,seed062,62,800,80000,100,16,120.00592595522086,135.155887784271,78.12020536704185,False,max_epochs,1054.532105922699
rl4crn_rne_oscillator_trace_risk09_lr1e4_entropy001_s4_c03,seed062,62,801,80100,100,16,120.51363605614395,136.13785214270814,78.12020536704185,False,max_epochs,1055.6704518795013
