method,run_id,seed,epoch,candidate_evaluations,batch_size,n_cpus,epoch_best_loss,epoch_median_loss,saved_best_loss,success,stop_reason,elapsed_seconds
rl4crn_rne_oscillator_trace_8rxn_stop_risksched085to09_lr1e4_entropy005_s4_c1_rnetol_d256_depth3_p20,seed205,205,1,100,100,16,123.87084989571733,130.7007322051184,123.87084989571733,False,max_epochs,7.690771102905273
rl4crn_rne_oscillator_trace_8rxn_stop_risksched085to09_lr1e4_entropy005_s4_c1_rnetol_d256_depth3_p20,seed205,205,2,200,100,16,122.21166298915765,131.43905413417883,122.21166298915765,False,max_epochs,10.83301854133606
rl4crn_rne_oscillator_trace_8rxn_stop_risksched085to09_lr1e4_entropy005_s4_c1_rnetol_d256_depth3_p20,seed205,205,3,300,100,16,124.06673858654204,130.68555510771296,122.21166298915765,False,max_epochs,15.227458238601685
rl4crn_rne_oscillator_trace_8rxn_stop_risksched085to09_lr1e4_entropy005_s4_c1_rnetol_d256_depth3_p20,seed205,205,4,400,100,16,124.61183835259142,131.17495144480358,122.21166298915765,False,max_epochs,20.316534519195557
rl4crn_rne_oscillator_trace_8rxn_stop_risksched085to09_lr1e4_entropy005_s4_c1_rnetol_d256_depth3_p20,seed205,205,5,500,100,16,124.08361015867767,129.5427298374177,122.21166298915765,False,max_epochs,25.112016201019287
rl4crn_rne_oscillator_trace_8rxn_stop_risksched085to09_lr1e4_entropy005_s4_c1_rnetol_d256_depth3_p20,seed205,205,6,600,100,16,123.55810865401024,131.34938098001527,122.21166298915765,False,max_epochs,29.8912513256073
rl4crn_rne_oscillator_trace_8rxn_stop_risksched085to09_lr1e4_entropy005_s4_c1_rnetol_d256_depth3_p20,seed205,205,7,700,100,16,123.92956124774983,130.12616147079075,122.21166298915765,False,max_epochs,34.58456563949585
rl4crn_rne_oscillator_trace_8rxn_stop_risksched085to09_lr1e4_entropy005_s4_c1_rnetol_d256_depth3_p20,seed205,205,8,800,100,16,124.69137549708542,129.58248192090545,122.21166298915765,False,max_epochs,39.20803093910217
rl4crn_rne_oscillator_trace_8rxn_stop_risksched085to09_lr1e4_entropy005_s4_c1_rnetol_d256_depth3_p20,seed205,205,9,900,100,16,123.12961146745478,129.88390520121013,122.21166298915765,False,max_epochs,43.43839240074158
rl4crn_rne_oscillator_trace_8rxn_stop_risksched085to09_lr1e4_entropy005_s4_c1_rnetol_d256_depth3_p20,seed205,205,10,1000,100,16,122.35870851657468,130.6524193492443,122.21166298915765,False,max_epochs,45.73371148109436
rl4crn_rne_oscillator_trace_8rxn_stop_risksched085to09_lr1e4_entropy005_s4_c1_rnetol_d256_depth3_p20,seed205,205,11,1100,100,16,123.72631182887524,132.52215164032276,122.21166298915765,False,max_epochs,50.375269412994385
rl4crn_rne_oscillator_trace_8rxn_stop_risksched085to09_lr1e4_entropy005_s4_c1_rnetol_d256_depth3_p20,seed205,205,12,1200,100,16,124.46180859531223,131.0649784890872,122.21166298915765,False,max_epochs,55.82574653625488
rl4crn_rne_oscillator_trace_8rxn_stop_risksched085to09_lr1e4_entropy005_s4_c1_rnetol_d256_depth3_p20,seed205,205,13,1300,100,16,122.89595268561958,130.4480994375309,122.21166298915765,False,max_epochs,60.444048166275024
rl4crn_rne_oscillator_trace_8rxn_stop_risksched085to09_lr1e4_entropy005_s4_c1_rnetol_d256_depth3_p20,seed205,205,14,1400,100,16,124.00616900444875,130.20228024184453,122.21166298915765,False,max_epochs,65.05665421485901
rl4crn_rne_oscillator_trace_8rxn_stop_risksched085to09_lr1e4_entropy005_s4_c1_rnetol_d256_depth3_p20,seed205,205,15,1500,100,16,123.23823154071417,129.64575569193315,122.21166298915765,False,max_epochs,69.41129231452942
rl4crn_rne_oscillator_trace_8rxn_stop_risksched085to09_lr1e4_entropy005_s4_c1_rnetol_d256_depth3_p20,seed205,205,16,1600,100,16,122.88258058402992,129.17772828868283,122.21166298915765,False,max_epochs,71.71284103393555
rl4crn_rne_oscillator_trace_8rxn_stop_risksched085to09_lr1e4_entropy005_s4_c1_rnetol_d256_depth3_p20,seed205,205,17,1700,100,16,123.15125582999796,128.68533175079156,122.21166298915765,False,max_epochs,76.30310392379761
rl4crn_rne_oscillator_trace_8rxn_stop_risksched085to09_lr1e4_entropy005_s4_c1_rnetol_d256_depth3_p20,seed205,205,18,1800,100,16,122.75877946132593,130.36509724426264,122.21166298915765,False,max_epochs,81.62224507331848
rl4crn_rne_oscillator_trace_8rxn_stop_risksched085to09_lr1e4_entropy005_s4_c1_rnetol_d256_depth3_p20,seed205,205,19,1900,100,16,123.56377266985692,128.00099694193196,122.21166298915765,False,max_epochs,86.59767484664917
rl4crn_rne_oscillator_trace_8rxn_stop_risksched085to09_lr1e4_entropy005_s4_c1_rnetol_d256_depth3_p20,seed205,205,20,2000,100,16,122.46465237741266,127.87276734370717,122.21166298915765,False,max_epochs,91.51750612258911
rl4crn_rne_oscillator_trace_8rxn_stop_risksched085to09_lr1e4_entropy005_s4_c1_rnetol_d256_depth3_p20,seed205,205,21,2100,100,16,122.25906577966438,127.19404916338334,122.21166298915765,False,max_epochs,96.40703773498535
rl4crn_rne_oscillator_trace_8rxn_stop_risksched085to09_lr1e4_entropy005_s4_c1_rnetol_d256_depth3_p20,seed205,205,22,2200,100,16,122.4605265078078,126.1883291374296,122.21166298915765,False,max_epochs,101.20694994926453
rl4crn_rne_oscillator_trace_8rxn_stop_risksched085to09_lr1e4_entropy005_s4_c1_rnetol_d256_depth3_p20,seed205,205,23,2300,100,16,121.72630735789997,126.48826813019194,121.72630735789997,False,max_epochs,105.84328413009644
rl4crn_rne_oscillator_trace_8rxn_stop_risksched085to09_lr1e4_entropy005_s4_c1_rnetol_d256_depth3_p20,seed205,205,24,2400,100,16,121.84184603396253,127.19317396328134,121.72630735789997,False,max_epochs,110.56368637084961
rl4crn_rne_oscillator_trace_8rxn_stop_risksched085to09_lr1e4_entropy005_s4_c1_rnetol_d256_depth3_p20,seed205,205,25,2500,100,16,122.1704871023867,125.7085894086007,121.72630735789997,False,max_epochs,112.87862873077393
rl4crn_rne_oscillator_trace_8rxn_stop_risksched085to09_lr1e4_entropy005_s4_c1_rnetol_d256_depth3_p20,seed205,205,26,2600,100,16,120.76328787786413,125.75458789129705,120.76328787786413,False,max_epochs,117.29199314117432
rl4crn_rne_oscillator_trace_8rxn_stop_risksched085to09_lr1e4_entropy005_s4_c1_rnetol_d256_depth3_p20,seed205,205,27,2700,100,16,121.6140603435326,125.37784698650768,120.76328787786413,False,max_epochs,122.0961320400238
rl4crn_rne_oscillator_trace_8rxn_stop_risksched085to09_lr1e4_entropy005_s4_c1_rnetol_d256_depth3_p20,seed205,205,28,2800,100,16,122.36666325655757,126.16422206165785,120.76328787786413,False,max_epochs,127.11781120300293
rl4crn_rne_oscillator_trace_8rxn_stop_risksched085to09_lr1e4_entropy005_s4_c1_rnetol_d256_depth3_p20,seed205,205,29,2900,100,16,121.85034243029989,125.6302196560684,120.76328787786413,False,max_epochs,131.87292909622192
rl4crn_rne_oscillator_trace_8rxn_stop_risksched085to09_lr1e4_entropy005_s4_c1_rnetol_d256_depth3_p20,seed205,205,30,3000,100,16,121.52516671339913,125.11621868100099,120.76328787786413,False,max_epochs,136.11904644966125
rl4crn_rne_oscillator_trace_8rxn_stop_risksched085to09_lr1e4_entropy005_s4_c1_rnetol_d256_depth3_p20,seed205,205,31,3100,100,16,121.5994082096736,125.70314206755715,120.76328787786413,False,max_epochs,140.62464237213135
rl4crn_rne_oscillator_trace_8rxn_stop_risksched085to09_lr1e4_entropy005_s4_c1_rnetol_d256_depth3_p20,seed205,205,32,3200,100,16,121.68066406762244,124.74117468438213,120.76328787786413,False,max_epochs,142.682058095932
rl4crn_rne_oscillator_trace_8rxn_stop_risksched085to09_lr1e4_entropy005_s4_c1_rnetol_d256_depth3_p20,seed205,205,33,3300,100,16,121.19283074770699,124.94481635276176,120.76328787786413,False,max_epochs,147.1090590953827
rl4crn_rne_oscillator_trace_8rxn_stop_risksched085to09_lr1e4_entropy005_s4_c1_rnetol_d256_depth3_p20,seed205,205,34,3400,100,16,121.61904064639191,125.74752023062851,120.76328787786413,False,max_epochs,151.51714730262756
rl4crn_rne_oscillator_trace_8rxn_stop_risksched085to09_lr1e4_entropy005_s4_c1_rnetol_d256_depth3_p20,seed205,205,35,3500,100,16,121.09452091174703,124.68395344534335,120.76328787786413,False,max_epochs,156.33343052864075
rl4crn_rne_oscillator_trace_8rxn_stop_risksched085to09_lr1e4_entropy005_s4_c1_rnetol_d256_depth3_p20,seed205,205,36,3600,100,16,121.54257744567195,124.8713378058237,120.76328787786413,False,max_epochs,161.0186631679535
rl4crn_rne_oscillator_trace_8rxn_stop_risksched085to09_lr1e4_entropy005_s4_c1_rnetol_d256_depth3_p20,seed205,205,37,3700,100,16,120.99838993139254,125.53292244879054,120.76328787786413,False,max_epochs,163.1612114906311
rl4crn_rne_oscillator_trace_8rxn_stop_risksched085to09_lr1e4_entropy005_s4_c1_rnetol_d256_depth3_p20,seed205,205,38,3800,100,16,121.51898850652472,128.6313210160969,120.76328787786413,False,max_epochs,167.42940759658813
rl4crn_rne_oscillator_trace_8rxn_stop_risksched085to09_lr1e4_entropy005_s4_c1_rnetol_d256_depth3_p20,seed205,205,39,3900,100,16,121.40819232176668,125.16478914789343,120.76328787786413,False,max_epochs,172.52059268951416
rl4crn_rne_oscillator_trace_8rxn_stop_risksched085to09_lr1e4_entropy005_s4_c1_rnetol_d256_depth3_p20,seed205,205,40,4000,100,16,121.85977421967534,127.28596108287661,120.76328787786413,False,max_epochs,176.9551296234131
rl4crn_rne_oscillator_trace_8rxn_stop_risksched085to09_lr1e4_entropy005_s4_c1_rnetol_d256_depth3_p20,seed205,205,41,4100,100,16,121.51137583170582,129.58216758115617,120.76328787786413,False,max_epochs,181.7167534828186
rl4crn_rne_oscillator_trace_8rxn_stop_risksched085to09_lr1e4_entropy005_s4_c1_rnetol_d256_depth3_p20,seed205,205,42,4200,100,16,121.33818983954222,127.88921754940458,120.76328787786413,False,max_epochs,183.71633529663086
rl4crn_rne_oscillator_trace_8rxn_stop_risksched085to09_lr1e4_entropy005_s4_c1_rnetol_d256_depth3_p20,seed205,205,43,4300,100,16,121.35672487228996,125.041080235922,120.76328787786413,False,max_epochs,188.0941309928894
rl4crn_rne_oscillator_trace_8rxn_stop_risksched085to09_lr1e4_entropy005_s4_c1_rnetol_d256_depth3_p20,seed205,205,44,4400,100,16,121.26544848060595,124.94552102301022,120.76328787786413,False,max_epochs,192.40303587913513
rl4crn_rne_oscillator_trace_8rxn_stop_risksched085to09_lr1e4_entropy005_s4_c1_rnetol_d256_depth3_p20,seed205,205,45,4500,100,16,121.12739259670397,125.14083039619709,120.76328787786413,False,max_epochs,196.93120861053467
rl4crn_rne_oscillator_trace_8rxn_stop_risksched085to09_lr1e4_entropy005_s4_c1_rnetol_d256_depth3_p20,seed205,205,46,4600,100,16,121.08022951846064,127.25039333594708,120.76328787786413,False,max_epochs,201.06566190719604
rl4crn_rne_oscillator_trace_8rxn_stop_risksched085to09_lr1e4_entropy005_s4_c1_rnetol_d256_depth3_p20,seed205,205,47,4700,100,16,121.24342190833349,132.0401662930139,120.76328787786413,False,max_epochs,203.3018479347229
rl4crn_rne_oscillator_trace_8rxn_stop_risksched085to09_lr1e4_entropy005_s4_c1_rnetol_d256_depth3_p20,seed205,205,48,4800,100,16,121.78885629307541,132.84292755475937,120.76328787786413,False,max_epochs,207.67711329460144
rl4crn_rne_oscillator_trace_8rxn_stop_risksched085to09_lr1e4_entropy005_s4_c1_rnetol_d256_depth3_p20,seed205,205,49,4900,100,16,120.89835764456764,132.08336741026702,120.76328787786413,False,max_epochs,212.6078486442566
rl4crn_rne_oscillator_trace_8rxn_stop_risksched085to09_lr1e4_entropy005_s4_c1_rnetol_d256_depth3_p20,seed205,205,50,5000,100,16,121.22425456245837,127.26315422112677,120.76328787786413,False,max_epochs,217.54876399040222
rl4crn_rne_oscillator_trace_8rxn_stop_risksched085to09_lr1e4_entropy005_s4_c1_rnetol_d256_depth3_p20,seed205,205,51,5100,100,16,120.91656529158061,125.54395941968892,120.76328787786413,False,max_epochs,222.64095330238342
rl4crn_rne_oscillator_trace_8rxn_stop_risksched085to09_lr1e4_entropy005_s4_c1_rnetol_d256_depth3_p20,seed205,205,52,5200,100,16,120.88112413768054,124.60061477832764,120.76328787786413,False,max_epochs,227.10578989982605
rl4crn_rne_oscillator_trace_8rxn_stop_risksched085to09_lr1e4_entropy005_s4_c1_rnetol_d256_depth3_p20,seed205,205,53,5300,100,16,121.14532891602366,125.00788360603279,120.76328787786413,False,max_epochs,231.8212592601776
rl4crn_rne_oscillator_trace_8rxn_stop_risksched085to09_lr1e4_entropy005_s4_c1_rnetol_d256_depth3_p20,seed205,205,54,5400,100,16,121.05142085081098,124.76538568754286,120.76328787786413,False,max_epochs,236.23584508895874
rl4crn_rne_oscillator_trace_8rxn_stop_risksched085to09_lr1e4_entropy005_s4_c1_rnetol_d256_depth3_p20,seed205,205,55,5500,100,16,121.24712612246452,127.6868311739865,120.76328787786413,False,max_epochs,238.54305863380432
rl4crn_rne_oscillator_trace_8rxn_stop_risksched085to09_lr1e4_entropy005_s4_c1_rnetol_d256_depth3_p20,seed205,205,56,5600,100,16,120.9019465469022,130.76351483245105,120.76328787786413,False,max_epochs,243.20985317230225
rl4crn_rne_oscillator_trace_8rxn_stop_risksched085to09_lr1e4_entropy005_s4_c1_rnetol_d256_depth3_p20,seed205,205,57,5700,100,16,121.08445087214838,127.07662686537373,120.76328787786413,False,max_epochs,247.97431445121765
rl4crn_rne_oscillator_trace_8rxn_stop_risksched085to09_lr1e4_entropy005_s4_c1_rnetol_d256_depth3_p20,seed205,205,58,5800,100,16,120.95346361719595,125.19941673985824,120.76328787786413,False,max_epochs,252.83012771606445
rl4crn_rne_oscillator_trace_8rxn_stop_risksched085to09_lr1e4_entropy005_s4_c1_rnetol_d256_depth3_p20,seed205,205,59,5900,100,16,120.94717170379101,125.06683930837589,120.76328787786413,False,max_epochs,258.3603825569153
rl4crn_rne_oscillator_trace_8rxn_stop_risksched085to09_lr1e4_entropy005_s4_c1_rnetol_d256_depth3_p20,seed205,205,60,6000,100,16,121.15036631844424,125.29085312503827,120.76328787786413,False,max_epochs,263.32598543167114
rl4crn_rne_oscillator_trace_8rxn_stop_risksched085to09_lr1e4_entropy005_s4_c1_rnetol_d256_depth3_p20,seed205,205,61,6100,100,16,120.66908516225897,124.9948020531966,120.66908516225897,False,max_epochs,268.6200203895569
rl4crn_rne_oscillator_trace_8rxn_stop_risksched085to09_lr1e4_entropy005_s4_c1_rnetol_d256_depth3_p20,seed205,205,62,6200,100,16,120.75908312203681,125.09777369423847,120.66908516225897,False,max_epochs,273.6593008041382
rl4crn_rne_oscillator_trace_8rxn_stop_risksched085to09_lr1e4_entropy005_s4_c1_rnetol_d256_depth3_p20,seed205,205,63,6300,100,16,120.84588858912188,125.04799182516169,120.66908516225897,False,max_epochs,278.93486738204956
rl4crn_rne_oscillator_trace_8rxn_stop_risksched085to09_lr1e4_entropy005_s4_c1_rnetol_d256_depth3_p20,seed205,205,64,6400,100,16,121.20109377886735,125.2543906760205,120.66908516225897,False,max_epochs,283.7218236923218
rl4crn_rne_oscillator_trace_8rxn_stop_risksched085to09_lr1e4_entropy005_s4_c1_rnetol_d256_depth3_p20,seed205,205,65,6500,100,16,120.98278611850829,125.54401919178588,120.66908516225897,False,max_epochs,288.3052840232849
rl4crn_rne_oscillator_trace_8rxn_stop_risksched085to09_lr1e4_entropy005_s4_c1_rnetol_d256_depth3_p20,seed205,205,66,6600,100,16,120.92859786760617,125.57797910728101,120.66908516225897,False,max_epochs,292.986613035202
rl4crn_rne_oscillator_trace_8rxn_stop_risksched085to09_lr1e4_entropy005_s4_c1_rnetol_d256_depth3_p20,seed205,205,67,6700,100,16,120.79716990587401,125.62187817677841,120.66908516225897,False,max_epochs,295.39294958114624
rl4crn_rne_oscillator_trace_8rxn_stop_risksched085to09_lr1e4_entropy005_s4_c1_rnetol_d256_depth3_p20,seed205,205,68,6800,100,16,120.88368171403417,125.0339793163719,120.66908516225897,False,max_epochs,299.52966690063477
rl4crn_rne_oscillator_trace_8rxn_stop_risksched085to09_lr1e4_entropy005_s4_c1_rnetol_d256_depth3_p20,seed205,205,69,6900,100,16,120.76810372869461,125.07182006015702,120.66908516225897,False,max_epochs,304.8022482395172
rl4crn_rne_oscillator_trace_8rxn_stop_risksched085to09_lr1e4_entropy005_s4_c1_rnetol_d256_depth3_p20,seed205,205,70,7000,100,16,120.79168042236223,124.76621190581722,120.66908516225897,False,max_epochs,309.74674439430237
rl4crn_rne_oscillator_trace_8rxn_stop_risksched085to09_lr1e4_entropy005_s4_c1_rnetol_d256_depth3_p20,seed205,205,71,7100,100,16,120.6065362657405,126.54059952244944,120.6065362657405,False,max_epochs,314.8872871398926
rl4crn_rne_oscillator_trace_8rxn_stop_risksched085to09_lr1e4_entropy005_s4_c1_rnetol_d256_depth3_p20,seed205,205,72,7200,100,16,120.80997390862798,126.25153583587125,120.6065362657405,False,max_epochs,319.6083767414093
rl4crn_rne_oscillator_trace_8rxn_stop_risksched085to09_lr1e4_entropy005_s4_c1_rnetol_d256_depth3_p20,seed205,205,73,7300,100,16,120.8393267148466,131.2115663624042,120.6065362657405,False,max_epochs,324.35093355178833
rl4crn_rne_oscillator_trace_8rxn_stop_risksched085to09_lr1e4_entropy005_s4_c1_rnetol_d256_depth3_p20,seed205,205,74,7400,100,16,120.82551403317473,131.1278532376259,120.6065362657405,False,max_epochs,328.88045835494995
rl4crn_rne_oscillator_trace_8rxn_stop_risksched085to09_lr1e4_entropy005_s4_c1_rnetol_d256_depth3_p20,seed205,205,75,7500,100,16,120.94471230621701,126.9995041500161,120.6065362657405,False,max_epochs,333.29851365089417
rl4crn_rne_oscillator_trace_8rxn_stop_risksched085to09_lr1e4_entropy005_s4_c1_rnetol_d256_depth3_p20,seed205,205,76,7600,100,16,120.99752400112457,125.81527449782095,120.6065362657405,False,max_epochs,336.87474513053894
rl4crn_rne_oscillator_trace_8rxn_stop_risksched085to09_lr1e4_entropy005_s4_c1_rnetol_d256_depth3_p20,seed205,205,77,7700,100,16,121.01522318617418,124.79960956482444,120.6065362657405,False,max_epochs,339.89163160324097
rl4crn_rne_oscillator_trace_8rxn_stop_risksched085to09_lr1e4_entropy005_s4_c1_rnetol_d256_depth3_p20,seed205,205,78,7800,100,16,121.03160543502328,125.14503237491475,120.6065362657405,False,max_epochs,344.3897762298584
rl4crn_rne_oscillator_trace_8rxn_stop_risksched085to09_lr1e4_entropy005_s4_c1_rnetol_d256_depth3_p20,seed205,205,79,7900,100,16,120.75383820380202,124.90447566526458,120.6065362657405,False,max_epochs,349.4892110824585
rl4crn_rne_oscillator_trace_8rxn_stop_risksched085to09_lr1e4_entropy005_s4_c1_rnetol_d256_depth3_p20,seed205,205,80,8000,100,16,120.80330000299949,124.70461579247572,120.6065362657405,False,max_epochs,354.12934827804565
rl4crn_rne_oscillator_trace_8rxn_stop_risksched085to09_lr1e4_entropy005_s4_c1_rnetol_d256_depth3_p20,seed205,205,81,8100,100,16,120.91324297265184,130.42757426696505,120.6065362657405,False,max_epochs,359.60576605796814
rl4crn_rne_oscillator_trace_8rxn_stop_risksched085to09_lr1e4_entropy005_s4_c1_rnetol_d256_depth3_p20,seed205,205,82,8200,100,16,120.8289442334294,130.83587814527047,120.6065362657405,False,max_epochs,364.0088572502136
rl4crn_rne_oscillator_trace_8rxn_stop_risksched085to09_lr1e4_entropy005_s4_c1_rnetol_d256_depth3_p20,seed205,205,83,8300,100,16,120.69730172837843,131.2117537136763,120.6065362657405,False,max_epochs,369.0649604797363
rl4crn_rne_oscillator_trace_8rxn_stop_risksched085to09_lr1e4_entropy005_s4_c1_rnetol_d256_depth3_p20,seed205,205,84,8400,100,16,120.62965283835567,131.36977444522992,120.6065362657405,False,max_epochs,373.56183314323425
rl4crn_rne_oscillator_trace_8rxn_stop_risksched085to09_lr1e4_entropy005_s4_c1_rnetol_d256_depth3_p20,seed205,205,85,8500,100,16,120.76594165354457,125.72709894617465,120.6065362657405,False,max_epochs,377.86561822891235
rl4crn_rne_oscillator_trace_8rxn_stop_risksched085to09_lr1e4_entropy005_s4_c1_rnetol_d256_depth3_p20,seed205,205,86,8600,100,16,119.94641725370023,124.64316810017155,119.94641725370023,False,max_epochs,380.2400288581848
rl4crn_rne_oscillator_trace_8rxn_stop_risksched085to09_lr1e4_entropy005_s4_c1_rnetol_d256_depth3_p20,seed205,205,87,8700,100,16,120.89186815141979,124.944373152852,119.94641725370023,False,max_epochs,384.7372145652771
rl4crn_rne_oscillator_trace_8rxn_stop_risksched085to09_lr1e4_entropy005_s4_c1_rnetol_d256_depth3_p20,seed205,205,88,8800,100,16,121.07964248476011,126.1569871329998,119.94641725370023,False,max_epochs,389.5991942882538
rl4crn_rne_oscillator_trace_8rxn_stop_risksched085to09_lr1e4_entropy005_s4_c1_rnetol_d256_depth3_p20,seed205,205,89,8900,100,16,120.70461422709332,126.3494805780504,119.94641725370023,False,max_epochs,394.24384474754333
rl4crn_rne_oscillator_trace_8rxn_stop_risksched085to09_lr1e4_entropy005_s4_c1_rnetol_d256_depth3_p20,seed205,205,90,9000,100,16,120.78732391393469,130.42559811819345,119.94641725370023,False,max_epochs,398.8907518386841
rl4crn_rne_oscillator_trace_8rxn_stop_risksched085to09_lr1e4_entropy005_s4_c1_rnetol_d256_depth3_p20,seed205,205,91,9100,100,16,120.52806053608599,126.65892249655613,119.94641725370023,False,max_epochs,403.37235832214355
rl4crn_rne_oscillator_trace_8rxn_stop_risksched085to09_lr1e4_entropy005_s4_c1_rnetol_d256_depth3_p20,seed205,205,92,9200,100,16,120.4933260879271,125.14130736574693,119.94641725370023,False,max_epochs,407.4309313297272
rl4crn_rne_oscillator_trace_8rxn_stop_risksched085to09_lr1e4_entropy005_s4_c1_rnetol_d256_depth3_p20,seed205,205,93,9300,100,16,119.67653051149081,124.69216716545489,119.67653051149081,False,max_epochs,410.2145447731018
rl4crn_rne_oscillator_trace_8rxn_stop_risksched085to09_lr1e4_entropy005_s4_c1_rnetol_d256_depth3_p20,seed205,205,94,9400,100,16,120.60212364762702,131.58931745769178,119.67653051149081,False,max_epochs,415.01255679130554
rl4crn_rne_oscillator_trace_8rxn_stop_risksched085to09_lr1e4_entropy005_s4_c1_rnetol_d256_depth3_p20,seed205,205,95,9500,100,16,120.80723814238085,130.2456929225968,119.67653051149081,False,max_epochs,420.0118579864502
rl4crn_rne_oscillator_trace_8rxn_stop_risksched085to09_lr1e4_entropy005_s4_c1_rnetol_d256_depth3_p20,seed205,205,96,9600,100,16,120.8907879173777,127.42017167673262,119.67653051149081,False,max_epochs,425.0426414012909
rl4crn_rne_oscillator_trace_8rxn_stop_risksched085to09_lr1e4_entropy005_s4_c1_rnetol_d256_depth3_p20,seed205,205,97,9700,100,16,120.69132282563912,127.39471690907013,119.67653051149081,False,max_epochs,430.16748881340027
rl4crn_rne_oscillator_trace_8rxn_stop_risksched085to09_lr1e4_entropy005_s4_c1_rnetol_d256_depth3_p20,seed205,205,98,9800,100,16,119.91807039847438,124.92044785056336,119.67653051149081,False,max_epochs,434.64077830314636
rl4crn_rne_oscillator_trace_8rxn_stop_risksched085to09_lr1e4_entropy005_s4_c1_rnetol_d256_depth3_p20,seed205,205,99,9900,100,16,120.11838879774743,131.18900441634423,119.67653051149081,False,max_epochs,439.10632610321045
rl4crn_rne_oscillator_trace_8rxn_stop_risksched085to09_lr1e4_entropy005_s4_c1_rnetol_d256_depth3_p20,seed205,205,100,10000,100,16,120.64422472970357,132.6974099566808,119.67653051149081,False,max_epochs,441.55336809158325
rl4crn_rne_oscillator_trace_8rxn_stop_risksched085to09_lr1e4_entropy005_s4_c1_rnetol_d256_depth3_p20,seed205,205,101,10100,100,16,120.2857432672455,130.68105502519165,119.67653051149081,False,max_epochs,445.77825689315796
rl4crn_rne_oscillator_trace_8rxn_stop_risksched085to09_lr1e4_entropy005_s4_c1_rnetol_d256_depth3_p20,seed205,205,102,10200,100,16,120.5253604974326,131.19682649269208,119.67653051149081,False,max_epochs,450.4179403781891
rl4crn_rne_oscillator_trace_8rxn_stop_risksched085to09_lr1e4_entropy005_s4_c1_rnetol_d256_depth3_p20,seed205,205,103,10300,100,16,120.23735790527827,130.76454082804958,119.67653051149081,False,max_epochs,454.8490834236145
rl4crn_rne_oscillator_trace_8rxn_stop_risksched085to09_lr1e4_entropy005_s4_c1_rnetol_d256_depth3_p20,seed205,205,104,10400,100,16,120.69999916119579,132.68373125267246,119.67653051149081,False,max_epochs,459.4155640602112
rl4crn_rne_oscillator_trace_8rxn_stop_risksched085to09_lr1e4_entropy005_s4_c1_rnetol_d256_depth3_p20,seed205,205,105,10500,100,16,120.82685018163444,133.185254899705,119.67653051149081,False,max_epochs,461.45430731773376
rl4crn_rne_oscillator_trace_8rxn_stop_risksched085to09_lr1e4_entropy005_s4_c1_rnetol_d256_depth3_p20,seed205,205,106,10600,100,16,120.7458909818822,131.09390319791282,119.67653051149081,False,max_epochs,465.3143517971039
rl4crn_rne_oscillator_trace_8rxn_stop_risksched085to09_lr1e4_entropy005_s4_c1_rnetol_d256_depth3_p20,seed205,205,107,10700,100,16,120.35011817490273,125.25631587963579,119.67653051149081,False,max_epochs,469.83744502067566
rl4crn_rne_oscillator_trace_8rxn_stop_risksched085to09_lr1e4_entropy005_s4_c1_rnetol_d256_depth3_p20,seed205,205,108,10800,100,16,120.92293446589753,124.5904814120804,119.67653051149081,False,max_epochs,474.3242769241333
rl4crn_rne_oscillator_trace_8rxn_stop_risksched085to09_lr1e4_entropy005_s4_c1_rnetol_d256_depth3_p20,seed205,205,109,10900,100,16,120.28512876946026,124.35459088694688,119.67653051149081,False,max_epochs,476.5800175666809
rl4crn_rne_oscillator_trace_8rxn_stop_risksched085to09_lr1e4_entropy005_s4_c1_rnetol_d256_depth3_p20,seed205,205,110,11000,100,16,120.5640657536246,124.7199832083941,119.67653051149081,False,max_epochs,481.11968660354614
rl4crn_rne_oscillator_trace_8rxn_stop_risksched085to09_lr1e4_entropy005_s4_c1_rnetol_d256_depth3_p20,seed205,205,111,11100,100,16,120.66687266085468,131.03903748957555,119.67653051149081,False,max_epochs,486.18038415908813
rl4crn_rne_oscillator_trace_8rxn_stop_risksched085to09_lr1e4_entropy005_s4_c1_rnetol_d256_depth3_p20,seed205,205,112,11200,100,16,120.20040946293088,132.59131135436618,119.67653051149081,False,max_epochs,491.08344173431396
rl4crn_rne_oscillator_trace_8rxn_stop_risksched085to09_lr1e4_entropy005_s4_c1_rnetol_d256_depth3_p20,seed205,205,113,11300,100,16,120.66719825231317,131.74959464017655,119.67653051149081,False,max_epochs,496.0628926753998
rl4crn_rne_oscillator_trace_8rxn_stop_risksched085to09_lr1e4_entropy005_s4_c1_rnetol_d256_depth3_p20,seed205,205,114,11400,100,16,121.16864566858887,132.671351044579,119.67653051149081,False,max_epochs,501.14544582366943
rl4crn_rne_oscillator_trace_8rxn_stop_risksched085to09_lr1e4_entropy005_s4_c1_rnetol_d256_depth3_p20,seed205,205,115,11500,100,16,120.86453315901598,131.0034054343418,119.67653051149081,False,max_epochs,506.2586395740509
rl4crn_rne_oscillator_trace_8rxn_stop_risksched085to09_lr1e4_entropy005_s4_c1_rnetol_d256_depth3_p20,seed205,205,116,11600,100,16,120.3204763165878,124.90852197406326,119.67653051149081,False,max_epochs,511.4738178253174
rl4crn_rne_oscillator_trace_8rxn_stop_risksched085to09_lr1e4_entropy005_s4_c1_rnetol_d256_depth3_p20,seed205,205,117,11700,100,16,120.8146617764702,124.72435297716189,119.67653051149081,False,max_epochs,516.9351224899292
rl4crn_rne_oscillator_trace_8rxn_stop_risksched085to09_lr1e4_entropy005_s4_c1_rnetol_d256_depth3_p20,seed205,205,118,11800,100,16,120.2054283000768,124.20601309079719,119.67653051149081,False,max_epochs,521.718820810318
rl4crn_rne_oscillator_trace_8rxn_stop_risksched085to09_lr1e4_entropy005_s4_c1_rnetol_d256_depth3_p20,seed205,205,119,11900,100,16,119.49753202073882,125.24753565439187,119.49753202073882,False,max_epochs,526.7553288936615
rl4crn_rne_oscillator_trace_8rxn_stop_risksched085to09_lr1e4_entropy005_s4_c1_rnetol_d256_depth3_p20,seed205,205,120,12000,100,16,119.92481680344186,125.25183142525167,119.49753202073882,False,max_epochs,531.369291305542
rl4crn_rne_oscillator_trace_8rxn_stop_risksched085to09_lr1e4_entropy005_s4_c1_rnetol_d256_depth3_p20,seed205,205,121,12100,100,16,120.75513308641487,130.83657895390684,119.49753202073882,False,max_epochs,536.033894777298
rl4crn_rne_oscillator_trace_8rxn_stop_risksched085to09_lr1e4_entropy005_s4_c1_rnetol_d256_depth3_p20,seed205,205,122,12200,100,16,120.625482218549,132.13373583605312,119.49753202073882,False,max_epochs,540.7951340675354
rl4crn_rne_oscillator_trace_8rxn_stop_risksched085to09_lr1e4_entropy005_s4_c1_rnetol_d256_depth3_p20,seed205,205,123,12300,100,16,120.87739638211026,132.20193255034283,119.49753202073882,False,max_epochs,543.4029908180237
rl4crn_rne_oscillator_trace_8rxn_stop_risksched085to09_lr1e4_entropy005_s4_c1_rnetol_d256_depth3_p20,seed205,205,124,12400,100,16,120.89974975101002,132.6996734921029,119.49753202073882,False,max_epochs,547.3194320201874
rl4crn_rne_oscillator_trace_8rxn_stop_risksched085to09_lr1e4_entropy005_s4_c1_rnetol_d256_depth3_p20,seed205,205,125,12500,100,16,120.39989527898567,131.9928981605612,119.49753202073882,False,max_epochs,552.4990167617798
rl4crn_rne_oscillator_trace_8rxn_stop_risksched085to09_lr1e4_entropy005_s4_c1_rnetol_d256_depth3_p20,seed205,205,126,12600,100,16,120.28087505957717,124.72185863049916,119.49753202073882,False,max_epochs,557.4604594707489
rl4crn_rne_oscillator_trace_8rxn_stop_risksched085to09_lr1e4_entropy005_s4_c1_rnetol_d256_depth3_p20,seed205,205,127,12700,100,16,120.84410657993199,124.63542558652235,119.49753202073882,False,max_epochs,562.3891036510468
rl4crn_rne_oscillator_trace_8rxn_stop_risksched085to09_lr1e4_entropy005_s4_c1_rnetol_d256_depth3_p20,seed205,205,128,12800,100,16,120.39244094638791,124.33507010526858,119.49753202073882,False,max_epochs,567.1798310279846
rl4crn_rne_oscillator_trace_8rxn_stop_risksched085to09_lr1e4_entropy005_s4_c1_rnetol_d256_depth3_p20,seed205,205,129,12900,100,16,119.66024763715086,124.83876548672083,119.49753202073882,False,max_epochs,572.5848927497864
rl4crn_rne_oscillator_trace_8rxn_stop_risksched085to09_lr1e4_entropy005_s4_c1_rnetol_d256_depth3_p20,seed205,205,130,13000,100,16,120.37509094791174,124.22557199481324,119.49753202073882,False,max_epochs,577.5283212661743
rl4crn_rne_oscillator_trace_8rxn_stop_risksched085to09_lr1e4_entropy005_s4_c1_rnetol_d256_depth3_p20,seed205,205,131,13100,100,16,120.9256856798191,131.16690703556264,119.49753202073882,False,max_epochs,582.8719143867493
rl4crn_rne_oscillator_trace_8rxn_stop_risksched085to09_lr1e4_entropy005_s4_c1_rnetol_d256_depth3_p20,seed205,205,132,13200,100,16,121.24771221215539,132.60966429176554,119.49753202073882,False,max_epochs,587.4954164028168
rl4crn_rne_oscillator_trace_8rxn_stop_risksched085to09_lr1e4_entropy005_s4_c1_rnetol_d256_depth3_p20,seed205,205,133,13300,100,16,120.3506497438741,131.39952760603862,119.49753202073882,False,max_epochs,592.4134981632233
rl4crn_rne_oscillator_trace_8rxn_stop_risksched085to09_lr1e4_entropy005_s4_c1_rnetol_d256_depth3_p20,seed205,205,134,13400,100,16,120.6256117033797,130.09731894984517,119.49753202073882,False,max_epochs,597.0625872612
rl4crn_rne_oscillator_trace_8rxn_stop_risksched085to09_lr1e4_entropy005_s4_c1_rnetol_d256_depth3_p20,seed205,205,135,13500,100,16,119.4506818652285,124.82669115245523,119.4506818652285,False,max_epochs,601.7290771007538
rl4crn_rne_oscillator_trace_8rxn_stop_risksched085to09_lr1e4_entropy005_s4_c1_rnetol_d256_depth3_p20,seed205,205,136,13600,100,16,120.50049518354197,125.60308734814254,119.4506818652285,False,max_epochs,603.9975407123566
rl4crn_rne_oscillator_trace_8rxn_stop_risksched085to09_lr1e4_entropy005_s4_c1_rnetol_d256_depth3_p20,seed205,205,137,13700,100,16,120.41908693047473,124.26545702846558,119.4506818652285,False,max_epochs,608.1316566467285
rl4crn_rne_oscillator_trace_8rxn_stop_risksched085to09_lr1e4_entropy005_s4_c1_rnetol_d256_depth3_p20,seed205,205,138,13800,100,16,119.7044314364598,124.82115621548235,119.4506818652285,False,max_epochs,612.5883896350861
rl4crn_rne_oscillator_trace_8rxn_stop_risksched085to09_lr1e4_entropy005_s4_c1_rnetol_d256_depth3_p20,seed205,205,139,13900,100,16,120.62528219309071,130.40626421923247,119.4506818652285,False,max_epochs,617.6606297492981
rl4crn_rne_oscillator_trace_8rxn_stop_risksched085to09_lr1e4_entropy005_s4_c1_rnetol_d256_depth3_p20,seed205,205,140,14000,100,16,120.57858601223202,129.59679106646033,119.4506818652285,False,max_epochs,622.0712814331055
rl4crn_rne_oscillator_trace_8rxn_stop_risksched085to09_lr1e4_entropy005_s4_c1_rnetol_d256_depth3_p20,seed205,205,141,14100,100,16,120.38363113718059,128.51591567230375,119.4506818652285,False,max_epochs,626.7362277507782
rl4crn_rne_oscillator_trace_8rxn_stop_risksched085to09_lr1e4_entropy005_s4_c1_rnetol_d256_depth3_p20,seed205,205,142,14200,100,16,120.65899963138727,126.85087626662877,119.4506818652285,False,max_epochs,631.3749253749847
rl4crn_rne_oscillator_trace_8rxn_stop_risksched085to09_lr1e4_entropy005_s4_c1_rnetol_d256_depth3_p20,seed205,205,143,14300,100,16,120.57632107388636,127.42228075820859,119.4506818652285,False,max_epochs,635.6825561523438
rl4crn_rne_oscillator_trace_8rxn_stop_risksched085to09_lr1e4_entropy005_s4_c1_rnetol_d256_depth3_p20,seed205,205,144,14400,100,16,120.03937512602509,127.27773682576824,119.4506818652285,False,max_epochs,638.1063952445984
rl4crn_rne_oscillator_trace_8rxn_stop_risksched085to09_lr1e4_entropy005_s4_c1_rnetol_d256_depth3_p20,seed205,205,145,14500,100,16,119.24428776026508,128.488852813969,119.24428776026508,False,max_epochs,642.4648101329803
rl4crn_rne_oscillator_trace_8rxn_stop_risksched085to09_lr1e4_entropy005_s4_c1_rnetol_d256_depth3_p20,seed205,205,146,14600,100,16,120.78296306647161,127.3355412815249,119.24428776026508,False,max_epochs,647.319883108139
rl4crn_rne_oscillator_trace_8rxn_stop_risksched085to09_lr1e4_entropy005_s4_c1_rnetol_d256_depth3_p20,seed205,205,147,14700,100,16,120.32389583656615,130.2403495715692,119.24428776026508,False,max_epochs,652.3035895824432
rl4crn_rne_oscillator_trace_8rxn_stop_risksched085to09_lr1e4_entropy005_s4_c1_rnetol_d256_depth3_p20,seed205,205,148,14800,100,16,120.51794207471258,128.55941605194664,119.24428776026508,False,max_epochs,656.9914226531982
rl4crn_rne_oscillator_trace_8rxn_stop_risksched085to09_lr1e4_entropy005_s4_c1_rnetol_d256_depth3_p20,seed205,205,149,14900,100,16,120.41873636819054,125.40260316971577,119.24428776026508,False,max_epochs,661.5034229755402
rl4crn_rne_oscillator_trace_8rxn_stop_risksched085to09_lr1e4_entropy005_s4_c1_rnetol_d256_depth3_p20,seed205,205,150,15000,100,16,119.6840030526952,125.01910468732052,119.24428776026508,False,max_epochs,666.0703463554382
rl4crn_rne_oscillator_trace_8rxn_stop_risksched085to09_lr1e4_entropy005_s4_c1_rnetol_d256_depth3_p20,seed205,205,151,15100,100,16,120.49346530439234,127.4647909304419,119.24428776026508,False,max_epochs,668.2173986434937
rl4crn_rne_oscillator_trace_8rxn_stop_risksched085to09_lr1e4_entropy005_s4_c1_rnetol_d256_depth3_p20,seed205,205,152,15200,100,16,120.57590824502586,124.3676509127116,119.24428776026508,False,max_epochs,672.7966682910919
rl4crn_rne_oscillator_trace_8rxn_stop_risksched085to09_lr1e4_entropy005_s4_c1_rnetol_d256_depth3_p20,seed205,205,153,15300,100,16,120.00080931009154,123.96181914615036,119.24428776026508,False,max_epochs,677.4789047241211
rl4crn_rne_oscillator_trace_8rxn_stop_risksched085to09_lr1e4_entropy005_s4_c1_rnetol_d256_depth3_p20,seed205,205,154,15400,100,16,120.17055354013273,125.22774247757994,119.24428776026508,False,max_epochs,682.0456309318542
rl4crn_rne_oscillator_trace_8rxn_stop_risksched085to09_lr1e4_entropy005_s4_c1_rnetol_d256_depth3_p20,seed205,205,155,15500,100,16,120.49634994733691,124.75353154831134,119.24428776026508,False,max_epochs,686.720596075058
rl4crn_rne_oscillator_trace_8rxn_stop_risksched085to09_lr1e4_entropy005_s4_c1_rnetol_d256_depth3_p20,seed205,205,156,15600,100,16,119.69025433846016,125.0304164641471,119.24428776026508,False,max_epochs,690.221711397171
rl4crn_rne_oscillator_trace_8rxn_stop_risksched085to09_lr1e4_entropy005_s4_c1_rnetol_d256_depth3_p20,seed205,205,157,15700,100,16,120.34531270264603,129.70712722424028,119.24428776026508,False,max_epochs,693.3196756839752
rl4crn_rne_oscillator_trace_8rxn_stop_risksched085to09_lr1e4_entropy005_s4_c1_rnetol_d256_depth3_p20,seed205,205,158,15800,100,16,119.38094153671011,127.19234309816594,119.24428776026508,False,max_epochs,698.4707005023956
rl4crn_rne_oscillator_trace_8rxn_stop_risksched085to09_lr1e4_entropy005_s4_c1_rnetol_d256_depth3_p20,seed205,205,159,15900,100,16,120.54328816167552,124.70865417861813,119.24428776026508,False,max_epochs,703.0720009803772
rl4crn_rne_oscillator_trace_8rxn_stop_risksched085to09_lr1e4_entropy005_s4_c1_rnetol_d256_depth3_p20,seed205,205,160,16000,100,16,120.60920846603247,130.92656944324608,119.24428776026508,False,max_epochs,708.3505465984344
rl4crn_rne_oscillator_trace_8rxn_stop_risksched085to09_lr1e4_entropy005_s4_c1_rnetol_d256_depth3_p20,seed205,205,161,16100,100,16,120.35391733624424,125.74283478918927,119.24428776026508,False,max_epochs,713.103684425354
rl4crn_rne_oscillator_trace_8rxn_stop_risksched085to09_lr1e4_entropy005_s4_c1_rnetol_d256_depth3_p20,seed205,205,162,16200,100,16,118.62891262991177,126.13959970760828,118.62891262991177,False,max_epochs,717.4043180942535
rl4crn_rne_oscillator_trace_8rxn_stop_risksched085to09_lr1e4_entropy005_s4_c1_rnetol_d256_depth3_p20,seed205,205,163,16300,100,16,120.33254403055207,124.93549257919628,118.62891262991177,False,max_epochs,722.0276620388031
rl4crn_rne_oscillator_trace_8rxn_stop_risksched085to09_lr1e4_entropy005_s4_c1_rnetol_d256_depth3_p20,seed205,205,164,16400,100,16,120.63223764380847,124.57305001642746,118.62891262991177,False,max_epochs,725.4952123165131
rl4crn_rne_oscillator_trace_8rxn_stop_risksched085to09_lr1e4_entropy005_s4_c1_rnetol_d256_depth3_p20,seed205,205,165,16500,100,16,120.09071442227305,124.63408534532135,118.62891262991177,False,max_epochs,728.3321850299835
rl4crn_rne_oscillator_trace_8rxn_stop_risksched085to09_lr1e4_entropy005_s4_c1_rnetol_d256_depth3_p20,seed205,205,166,16600,100,16,119.31203019244805,125.00632943216571,118.62891262991177,False,max_epochs,733.1445305347443
rl4crn_rne_oscillator_trace_8rxn_stop_risksched085to09_lr1e4_entropy005_s4_c1_rnetol_d256_depth3_p20,seed205,205,167,16700,100,16,119.30446104147369,127.61859200895162,118.62891262991177,False,max_epochs,738.1782705783844
rl4crn_rne_oscillator_trace_8rxn_stop_risksched085to09_lr1e4_entropy005_s4_c1_rnetol_d256_depth3_p20,seed205,205,168,16800,100,16,120.39076015272796,129.26201978217114,118.62891262991177,False,max_epochs,742.9840245246887
rl4crn_rne_oscillator_trace_8rxn_stop_risksched085to09_lr1e4_entropy005_s4_c1_rnetol_d256_depth3_p20,seed205,205,169,16900,100,16,119.9748100296227,130.35107802938904,118.62891262991177,False,max_epochs,747.9618353843689
rl4crn_rne_oscillator_trace_8rxn_stop_risksched085to09_lr1e4_entropy005_s4_c1_rnetol_d256_depth3_p20,seed205,205,170,17000,100,16,119.4908117204687,125.61019655176395,118.62891262991177,False,max_epochs,752.7645664215088
rl4crn_rne_oscillator_trace_8rxn_stop_risksched085to09_lr1e4_entropy005_s4_c1_rnetol_d256_depth3_p20,seed205,205,171,17100,100,16,120.10995008742246,124.78377219303815,118.62891262991177,False,max_epochs,757.4061465263367
rl4crn_rne_oscillator_trace_8rxn_stop_risksched085to09_lr1e4_entropy005_s4_c1_rnetol_d256_depth3_p20,seed205,205,172,17200,100,16,120.2763682076917,124.27254465147833,118.62891262991177,False,max_epochs,761.898273229599
rl4crn_rne_oscillator_trace_8rxn_stop_risksched085to09_lr1e4_entropy005_s4_c1_rnetol_d256_depth3_p20,seed205,205,173,17300,100,16,120.88548864813606,125.0335372796456,118.62891262991177,False,max_epochs,764.260870218277
rl4crn_rne_oscillator_trace_8rxn_stop_risksched085to09_lr1e4_entropy005_s4_c1_rnetol_d256_depth3_p20,seed205,205,174,17400,100,16,120.99094972422695,125.49721088267728,118.62891262991177,False,max_epochs,768.7044839859009
rl4crn_rne_oscillator_trace_8rxn_stop_risksched085to09_lr1e4_entropy005_s4_c1_rnetol_d256_depth3_p20,seed205,205,175,17500,100,16,118.62537459375068,124.56287959442646,118.62537459375068,False,max_epochs,773.5212202072144
rl4crn_rne_oscillator_trace_8rxn_stop_risksched085to09_lr1e4_entropy005_s4_c1_rnetol_d256_depth3_p20,seed205,205,176,17600,100,16,119.01325160002133,126.4236987670079,118.62537459375068,False,max_epochs,778.4673781394958
rl4crn_rne_oscillator_trace_8rxn_stop_risksched085to09_lr1e4_entropy005_s4_c1_rnetol_d256_depth3_p20,seed205,205,177,17700,100,16,120.27840395010935,124.67369369749457,118.62537459375068,False,max_epochs,783.578136920929
rl4crn_rne_oscillator_trace_8rxn_stop_risksched085to09_lr1e4_entropy005_s4_c1_rnetol_d256_depth3_p20,seed205,205,178,17800,100,16,119.69572237272055,127.91337578101587,118.62537459375068,False,max_epochs,788.386313199997
rl4crn_rne_oscillator_trace_8rxn_stop_risksched085to09_lr1e4_entropy005_s4_c1_rnetol_d256_depth3_p20,seed205,205,179,17900,100,16,121.06039198731085,125.29342669126027,118.62537459375068,False,max_epochs,793.2370834350586
rl4crn_rne_oscillator_trace_8rxn_stop_risksched085to09_lr1e4_entropy005_s4_c1_rnetol_d256_depth3_p20,seed205,205,180,18000,100,16,120.6368498530762,125.58781448526031,118.62537459375068,False,max_epochs,797.8165009021759
rl4crn_rne_oscillator_trace_8rxn_stop_risksched085to09_lr1e4_entropy005_s4_c1_rnetol_d256_depth3_p20,seed205,205,181,18100,100,16,119.27806195513769,124.47618726108043,118.62537459375068,False,max_epochs,802.4829487800598
rl4crn_rne_oscillator_trace_8rxn_stop_risksched085to09_lr1e4_entropy005_s4_c1_rnetol_d256_depth3_p20,seed205,205,182,18200,100,16,120.376422408808,125.38795353261489,118.62537459375068,False,max_epochs,804.567841053009
rl4crn_rne_oscillator_trace_8rxn_stop_risksched085to09_lr1e4_entropy005_s4_c1_rnetol_d256_depth3_p20,seed205,205,183,18300,100,16,119.18340282888677,124.5957428116484,118.62537459375068,False,max_epochs,809.2858192920685
rl4crn_rne_oscillator_trace_8rxn_stop_risksched085to09_lr1e4_entropy005_s4_c1_rnetol_d256_depth3_p20,seed205,205,184,18400,100,16,120.52803657608536,130.44969968382156,118.62537459375068,False,max_epochs,814.0636734962463
rl4crn_rne_oscillator_trace_8rxn_stop_risksched085to09_lr1e4_entropy005_s4_c1_rnetol_d256_depth3_p20,seed205,205,185,18500,100,16,119.76178117129838,128.0012430269088,118.62537459375068,False,max_epochs,818.9305005073547
rl4crn_rne_oscillator_trace_8rxn_stop_risksched085to09_lr1e4_entropy005_s4_c1_rnetol_d256_depth3_p20,seed205,205,186,18600,100,16,119.97772228652985,127.67086604964638,118.62537459375068,False,max_epochs,824.2002923488617
rl4crn_rne_oscillator_trace_8rxn_stop_risksched085to09_lr1e4_entropy005_s4_c1_rnetol_d256_depth3_p20,seed205,205,187,18700,100,16,119.22407678430059,131.178423497937,118.62537459375068,False,max_epochs,829.2535810470581
rl4crn_rne_oscillator_trace_8rxn_stop_risksched085to09_lr1e4_entropy005_s4_c1_rnetol_d256_depth3_p20,seed205,205,188,18800,100,16,119.70649993079059,125.9011275320592,118.62537459375068,False,max_epochs,834.02295088768
rl4crn_rne_oscillator_trace_8rxn_stop_risksched085to09_lr1e4_entropy005_s4_c1_rnetol_d256_depth3_p20,seed205,205,189,18900,100,16,119.81655357932172,126.03770705138768,118.62537459375068,False,max_epochs,838.4319648742676
rl4crn_rne_oscillator_trace_8rxn_stop_risksched085to09_lr1e4_entropy005_s4_c1_rnetol_d256_depth3_p20,seed205,205,190,19000,100,16,120.24313950132256,125.33713582076149,118.62537459375068,False,max_epochs,842.9496245384216
rl4crn_rne_oscillator_trace_8rxn_stop_risksched085to09_lr1e4_entropy005_s4_c1_rnetol_d256_depth3_p20,seed205,205,191,19100,100,16,120.13834063433124,126.3380223907165,118.62537459375068,False,max_epochs,845.0997731685638
rl4crn_rne_oscillator_trace_8rxn_stop_risksched085to09_lr1e4_entropy005_s4_c1_rnetol_d256_depth3_p20,seed205,205,192,19200,100,16,119.48765012056437,124.33877957308175,118.62537459375068,False,max_epochs,849.7095782756805
rl4crn_rne_oscillator_trace_8rxn_stop_risksched085to09_lr1e4_entropy005_s4_c1_rnetol_d256_depth3_p20,seed205,205,193,19300,100,16,118.31708383557063,126.67759297472293,118.31708383557063,False,max_epochs,854.9166815280914
rl4crn_rne_oscillator_trace_8rxn_stop_risksched085to09_lr1e4_entropy005_s4_c1_rnetol_d256_depth3_p20,seed205,205,194,19400,100,16,119.59827367237415,126.33376590839752,118.31708383557063,False,max_epochs,859.5752904415131
rl4crn_rne_oscillator_trace_8rxn_stop_risksched085to09_lr1e4_entropy005_s4_c1_rnetol_d256_depth3_p20,seed205,205,195,19500,100,16,118.56834582480697,126.75955569036891,118.31708383557063,False,max_epochs,863.9570951461792
rl4crn_rne_oscillator_trace_8rxn_stop_risksched085to09_lr1e4_entropy005_s4_c1_rnetol_d256_depth3_p20,seed205,205,196,19600,100,16,120.6172175880818,125.4675934154742,118.31708383557063,False,max_epochs,868.7122707366943
rl4crn_rne_oscillator_trace_8rxn_stop_risksched085to09_lr1e4_entropy005_s4_c1_rnetol_d256_depth3_p20,seed205,205,197,19700,100,16,119.55393211880582,126.24459502515822,118.31708383557063,False,max_epochs,872.5806727409363
rl4crn_rne_oscillator_trace_8rxn_stop_risksched085to09_lr1e4_entropy005_s4_c1_rnetol_d256_depth3_p20,seed205,205,198,19800,100,16,120.42670442737894,126.4179206765644,118.31708383557063,False,max_epochs,875.0385618209839
rl4crn_rne_oscillator_trace_8rxn_stop_risksched085to09_lr1e4_entropy005_s4_c1_rnetol_d256_depth3_p20,seed205,205,199,19900,100,16,118.19297547530093,126.77235321218032,118.19297547530093,False,max_epochs,879.8037967681885
rl4crn_rne_oscillator_trace_8rxn_stop_risksched085to09_lr1e4_entropy005_s4_c1_rnetol_d256_depth3_p20,seed205,205,200,20000,100,16,120.74218290202668,126.22249536530943,118.19297547530093,False,max_epochs,884.8297665119171
rl4crn_rne_oscillator_trace_8rxn_stop_risksched085to09_lr1e4_entropy005_s4_c1_rnetol_d256_depth3_p20,seed205,205,201,20100,100,16,119.79421520709364,125.75358701959487,118.19297547530093,False,max_epochs,889.8248682022095
rl4crn_rne_oscillator_trace_8rxn_stop_risksched085to09_lr1e4_entropy005_s4_c1_rnetol_d256_depth3_p20,seed205,205,202,20200,100,16,120.2636745257678,128.74188231131515,118.19297547530093,False,max_epochs,894.3253974914551
rl4crn_rne_oscillator_trace_8rxn_stop_risksched085to09_lr1e4_entropy005_s4_c1_rnetol_d256_depth3_p20,seed205,205,203,20300,100,16,120.18201302760264,130.4001138180035,118.19297547530093,False,max_epochs,898.6318461894989
rl4crn_rne_oscillator_trace_8rxn_stop_risksched085to09_lr1e4_entropy005_s4_c1_rnetol_d256_depth3_p20,seed205,205,204,20400,100,16,120.79553675422896,130.14311902541738,118.19297547530093,False,max_epochs,901.0127258300781
rl4crn_rne_oscillator_trace_8rxn_stop_risksched085to09_lr1e4_entropy005_s4_c1_rnetol_d256_depth3_p20,seed205,205,205,20500,100,16,119.56678047642738,131.98352461729172,118.19297547530093,False,max_epochs,906.0045435428619
rl4crn_rne_oscillator_trace_8rxn_stop_risksched085to09_lr1e4_entropy005_s4_c1_rnetol_d256_depth3_p20,seed205,205,206,20600,100,16,120.90669549295416,129.2625420032158,118.19297547530093,False,max_epochs,910.9275846481323
rl4crn_rne_oscillator_trace_8rxn_stop_risksched085to09_lr1e4_entropy005_s4_c1_rnetol_d256_depth3_p20,seed205,205,207,20700,100,16,118.79285073047656,127.62871062035718,118.19297547530093,False,max_epochs,915.5541098117828
rl4crn_rne_oscillator_trace_8rxn_stop_risksched085to09_lr1e4_entropy005_s4_c1_rnetol_d256_depth3_p20,seed205,205,208,20800,100,16,119.80091588803117,125.56263989321077,118.19297547530093,False,max_epochs,920.2362177371979
rl4crn_rne_oscillator_trace_8rxn_stop_risksched085to09_lr1e4_entropy005_s4_c1_rnetol_d256_depth3_p20,seed205,205,209,20900,100,16,119.99306637289959,127.21549554682953,118.19297547530093,False,max_epochs,924.6641690731049
rl4crn_rne_oscillator_trace_8rxn_stop_risksched085to09_lr1e4_entropy005_s4_c1_rnetol_d256_depth3_p20,seed205,205,210,21000,100,16,119.98648892767721,129.4467727909415,118.19297547530093,False,max_epochs,926.8883876800537
rl4crn_rne_oscillator_trace_8rxn_stop_risksched085to09_lr1e4_entropy005_s4_c1_rnetol_d256_depth3_p20,seed205,205,211,21100,100,16,120.05202914582661,131.3108037289813,118.19297547530093,False,max_epochs,931.3903415203094
rl4crn_rne_oscillator_trace_8rxn_stop_risksched085to09_lr1e4_entropy005_s4_c1_rnetol_d256_depth3_p20,seed205,205,212,21200,100,16,119.39258857545973,131.4207490590593,118.19297547530093,False,max_epochs,936.3028173446655
rl4crn_rne_oscillator_trace_8rxn_stop_risksched085to09_lr1e4_entropy005_s4_c1_rnetol_d256_depth3_p20,seed205,205,213,21300,100,16,120.56945625025736,131.38305232066824,118.19297547530093,False,max_epochs,941.1591241359711
rl4crn_rne_oscillator_trace_8rxn_stop_risksched085to09_lr1e4_entropy005_s4_c1_rnetol_d256_depth3_p20,seed205,205,214,21400,100,16,119.6911288015043,127.31190665351772,118.19297547530093,False,max_epochs,945.6326549053192
rl4crn_rne_oscillator_trace_8rxn_stop_risksched085to09_lr1e4_entropy005_s4_c1_rnetol_d256_depth3_p20,seed205,205,215,21500,100,16,120.02290505707715,125.57101682185233,118.19297547530093,False,max_epochs,949.9716317653656
rl4crn_rne_oscillator_trace_8rxn_stop_risksched085to09_lr1e4_entropy005_s4_c1_rnetol_d256_depth3_p20,seed205,205,216,21600,100,16,119.31736987073572,124.84621027164297,118.19297547530093,False,max_epochs,952.2034492492676
rl4crn_rne_oscillator_trace_8rxn_stop_risksched085to09_lr1e4_entropy005_s4_c1_rnetol_d256_depth3_p20,seed205,205,217,21700,100,16,119.60620085952526,124.34152380182312,118.19297547530093,False,max_epochs,957.3474802970886
rl4crn_rne_oscillator_trace_8rxn_stop_risksched085to09_lr1e4_entropy005_s4_c1_rnetol_d256_depth3_p20,seed205,205,218,21800,100,16,120.70195619286386,124.45858073650462,118.19297547530093,False,max_epochs,962.0512247085571
rl4crn_rne_oscillator_trace_8rxn_stop_risksched085to09_lr1e4_entropy005_s4_c1_rnetol_d256_depth3_p20,seed205,205,219,21900,100,16,119.67225814656305,124.9575060394449,118.19297547530093,False,max_epochs,966.9295675754547
rl4crn_rne_oscillator_trace_8rxn_stop_risksched085to09_lr1e4_entropy005_s4_c1_rnetol_d256_depth3_p20,seed205,205,220,22000,100,16,119.7516981128179,126.85093703952711,118.19297547530093,False,max_epochs,971.8165128231049
rl4crn_rne_oscillator_trace_8rxn_stop_risksched085to09_lr1e4_entropy005_s4_c1_rnetol_d256_depth3_p20,seed205,205,221,22100,100,16,119.71506468185024,128.31350592428188,118.19297547530093,False,max_epochs,976.9940760135651
rl4crn_rne_oscillator_trace_8rxn_stop_risksched085to09_lr1e4_entropy005_s4_c1_rnetol_d256_depth3_p20,seed205,205,222,22200,100,16,119.96066403569708,127.10439883250733,118.19297547530093,False,max_epochs,981.3572874069214
rl4crn_rne_oscillator_trace_8rxn_stop_risksched085to09_lr1e4_entropy005_s4_c1_rnetol_d256_depth3_p20,seed205,205,223,22300,100,16,118.12643295448417,126.37885294623511,118.12643295448417,False,max_epochs,985.3186905384064
rl4crn_rne_oscillator_trace_8rxn_stop_risksched085to09_lr1e4_entropy005_s4_c1_rnetol_d256_depth3_p20,seed205,205,224,22400,100,16,119.2776355800094,125.99792931027883,118.12643295448417,False,max_epochs,987.4594285488129
rl4crn_rne_oscillator_trace_8rxn_stop_risksched085to09_lr1e4_entropy005_s4_c1_rnetol_d256_depth3_p20,seed205,205,225,22500,100,16,119.00607096092412,125.82614359519634,118.12643295448417,False,max_epochs,992.7672634124756
rl4crn_rne_oscillator_trace_8rxn_stop_risksched085to09_lr1e4_entropy005_s4_c1_rnetol_d256_depth3_p20,seed205,205,226,22600,100,16,119.41074558801054,125.3601515145127,118.12643295448417,False,max_epochs,997.4875552654266
rl4crn_rne_oscillator_trace_8rxn_stop_risksched085to09_lr1e4_entropy005_s4_c1_rnetol_d256_depth3_p20,seed205,205,227,22700,100,16,119.84128230208816,125.227559713969,118.12643295448417,False,max_epochs,1002.3391740322113
rl4crn_rne_oscillator_trace_8rxn_stop_risksched085to09_lr1e4_entropy005_s4_c1_rnetol_d256_depth3_p20,seed205,205,228,22800,100,16,120.33500498605429,126.8863815093772,118.12643295448417,False,max_epochs,1007.1073181629181
rl4crn_rne_oscillator_trace_8rxn_stop_risksched085to09_lr1e4_entropy005_s4_c1_rnetol_d256_depth3_p20,seed205,205,229,22900,100,16,119.22484983058828,128.1658173930449,118.12643295448417,False,max_epochs,1011.5186886787415
rl4crn_rne_oscillator_trace_8rxn_stop_risksched085to09_lr1e4_entropy005_s4_c1_rnetol_d256_depth3_p20,seed205,205,230,23000,100,16,119.67166734037907,130.93209350601325,118.12643295448417,False,max_epochs,1013.825537443161
rl4crn_rne_oscillator_trace_8rxn_stop_risksched085to09_lr1e4_entropy005_s4_c1_rnetol_d256_depth3_p20,seed205,205,231,23100,100,16,118.41866041727839,129.98944113851087,118.12643295448417,False,max_epochs,1018.1820180416107
rl4crn_rne_oscillator_trace_8rxn_stop_risksched085to09_lr1e4_entropy005_s4_c1_rnetol_d256_depth3_p20,seed205,205,232,23200,100,16,119.61262592668147,127.7244172835482,118.12643295448417,False,max_epochs,1023.3091285228729
rl4crn_rne_oscillator_trace_8rxn_stop_risksched085to09_lr1e4_entropy005_s4_c1_rnetol_d256_depth3_p20,seed205,205,233,23300,100,16,119.20505017858518,125.61317244419342,118.12643295448417,False,max_epochs,1028.1305112838745
rl4crn_rne_oscillator_trace_8rxn_stop_risksched085to09_lr1e4_entropy005_s4_c1_rnetol_d256_depth3_p20,seed205,205,234,23400,100,16,119.46832246855041,124.57396758352529,118.12643295448417,False,max_epochs,1033.3711214065552
rl4crn_rne_oscillator_trace_8rxn_stop_risksched085to09_lr1e4_entropy005_s4_c1_rnetol_d256_depth3_p20,seed205,205,235,23500,100,16,119.1746766895912,125.8497164128882,118.12643295448417,False,max_epochs,1038.7687876224518
rl4crn_rne_oscillator_trace_8rxn_stop_risksched085to09_lr1e4_entropy005_s4_c1_rnetol_d256_depth3_p20,seed205,205,236,23600,100,16,118.91267379377447,125.53562163135328,118.12643295448417,False,max_epochs,1043.6513426303864
rl4crn_rne_oscillator_trace_8rxn_stop_risksched085to09_lr1e4_entropy005_s4_c1_rnetol_d256_depth3_p20,seed205,205,237,23700,100,16,118.18031308551046,127.20523896682789,118.12643295448417,False,max_epochs,1048.2695577144623
rl4crn_rne_oscillator_trace_8rxn_stop_risksched085to09_lr1e4_entropy005_s4_c1_rnetol_d256_depth3_p20,seed205,205,238,23800,100,16,118.5765029071409,124.7922171712544,118.12643295448417,False,max_epochs,1052.9833643436432
rl4crn_rne_oscillator_trace_8rxn_stop_risksched085to09_lr1e4_entropy005_s4_c1_rnetol_d256_depth3_p20,seed205,205,239,23900,100,16,118.87748537328255,125.88195386254965,118.12643295448417,False,max_epochs,1057.51913523674
rl4crn_rne_oscillator_trace_8rxn_stop_risksched085to09_lr1e4_entropy005_s4_c1_rnetol_d256_depth3_p20,seed205,205,240,24000,100,16,118.94594075949793,127.72961038510198,118.12643295448417,False,max_epochs,1062.022423028946
rl4crn_rne_oscillator_trace_8rxn_stop_risksched085to09_lr1e4_entropy005_s4_c1_rnetol_d256_depth3_p20,seed205,205,241,24100,100,16,119.24890089941455,125.1485415375069,118.12643295448417,False,max_epochs,1064.3960025310516
rl4crn_rne_oscillator_trace_8rxn_stop_risksched085to09_lr1e4_entropy005_s4_c1_rnetol_d256_depth3_p20,seed205,205,242,24200,100,16,118.53951092432153,124.98968996745711,118.12643295448417,False,max_epochs,1068.7662525177002
rl4crn_rne_oscillator_trace_8rxn_stop_risksched085to09_lr1e4_entropy005_s4_c1_rnetol_d256_depth3_p20,seed205,205,243,24300,100,16,119.13166801162716,125.44260525276732,118.12643295448417,False,max_epochs,1073.6189181804657
rl4crn_rne_oscillator_trace_8rxn_stop_risksched085to09_lr1e4_entropy005_s4_c1_rnetol_d256_depth3_p20,seed205,205,244,24400,100,16,118.72899699224587,124.89057684401175,118.12643295448417,False,max_epochs,1078.3854765892029
rl4crn_rne_oscillator_trace_8rxn_stop_risksched085to09_lr1e4_entropy005_s4_c1_rnetol_d256_depth3_p20,seed205,205,245,24500,100,16,119.21329264969323,125.43151131452817,118.12643295448417,False,max_epochs,1083.4709057807922
rl4crn_rne_oscillator_trace_8rxn_stop_risksched085to09_lr1e4_entropy005_s4_c1_rnetol_d256_depth3_p20,seed205,205,246,24600,100,16,118.05291212422048,125.59113300320382,118.05291212422048,False,max_epochs,1088.0583589076996
rl4crn_rne_oscillator_trace_8rxn_stop_risksched085to09_lr1e4_entropy005_s4_c1_rnetol_d256_depth3_p20,seed205,205,247,24700,100,16,118.14354873078972,124.58143276232923,118.05291212422048,False,max_epochs,1092.7982387542725
rl4crn_rne_oscillator_trace_8rxn_stop_risksched085to09_lr1e4_entropy005_s4_c1_rnetol_d256_depth3_p20,seed205,205,248,24800,100,16,118.01880627246823,124.54751586899457,118.01880627246823,False,max_epochs,1094.8936567306519
rl4crn_rne_oscillator_trace_8rxn_stop_risksched085to09_lr1e4_entropy005_s4_c1_rnetol_d256_depth3_p20,seed205,205,249,24900,100,16,119.37849443865736,123.78370389525364,118.01880627246823,False,max_epochs,1099.1625926494598
rl4crn_rne_oscillator_trace_8rxn_stop_risksched085to09_lr1e4_entropy005_s4_c1_rnetol_d256_depth3_p20,seed205,205,250,25000,100,16,118.43073650450853,124.08825820097816,118.01880627246823,False,max_epochs,1104.2020218372345
rl4crn_rne_oscillator_trace_8rxn_stop_risksched085to09_lr1e4_entropy005_s4_c1_rnetol_d256_depth3_p20,seed205,205,251,25100,100,16,118.91100644829629,123.57365753523472,118.01880627246823,False,max_epochs,1109.4955356121063
rl4crn_rne_oscillator_trace_8rxn_stop_risksched085to09_lr1e4_entropy005_s4_c1_rnetol_d256_depth3_p20,seed205,205,252,25200,100,16,118.46433385447189,124.17619183553478,118.01880627246823,False,max_epochs,1114.408607006073
rl4crn_rne_oscillator_trace_8rxn_stop_risksched085to09_lr1e4_entropy005_s4_c1_rnetol_d256_depth3_p20,seed205,205,253,25300,100,16,119.46343770543737,124.23001883616953,118.01880627246823,False,max_epochs,1119.1335439682007
rl4crn_rne_oscillator_trace_8rxn_stop_risksched085to09_lr1e4_entropy005_s4_c1_rnetol_d256_depth3_p20,seed205,205,254,25400,100,16,118.26186517021428,124.68754238991868,118.01880627246823,False,max_epochs,1124.4227466583252
rl4crn_rne_oscillator_trace_8rxn_stop_risksched085to09_lr1e4_entropy005_s4_c1_rnetol_d256_depth3_p20,seed205,205,255,25500,100,16,117.41558250293589,123.43968911317884,117.41558250293589,False,max_epochs,1129.562637090683
rl4crn_rne_oscillator_trace_8rxn_stop_risksched085to09_lr1e4_entropy005_s4_c1_rnetol_d256_depth3_p20,seed205,205,256,25600,100,16,118.88659155592171,126.56978937308145,117.41558250293589,False,max_epochs,1134.602079153061
rl4crn_rne_oscillator_trace_8rxn_stop_risksched085to09_lr1e4_entropy005_s4_c1_rnetol_d256_depth3_p20,seed205,205,257,25700,100,16,118.46966550273538,129.42193249135164,117.41558250293589,False,max_epochs,1139.8416554927826
rl4crn_rne_oscillator_trace_8rxn_stop_risksched085to09_lr1e4_entropy005_s4_c1_rnetol_d256_depth3_p20,seed205,205,258,25800,100,16,118.27309239215634,128.87658391918248,117.41558250293589,False,max_epochs,1144.7900650501251
rl4crn_rne_oscillator_trace_8rxn_stop_risksched085to09_lr1e4_entropy005_s4_c1_rnetol_d256_depth3_p20,seed205,205,259,25900,100,16,117.98924943440477,128.3986240813532,117.41558250293589,False,max_epochs,1150.1702585220337
rl4crn_rne_oscillator_trace_8rxn_stop_risksched085to09_lr1e4_entropy005_s4_c1_rnetol_d256_depth3_p20,seed205,205,260,26000,100,16,117.66886001391923,128.6965500791684,117.41558250293589,False,max_epochs,1155.1506564617157
rl4crn_rne_oscillator_trace_8rxn_stop_risksched085to09_lr1e4_entropy005_s4_c1_rnetol_d256_depth3_p20,seed205,205,261,26100,100,16,118.17943181803136,127.16203658606551,117.41558250293589,False,max_epochs,1160.1433522701263
rl4crn_rne_oscillator_trace_8rxn_stop_risksched085to09_lr1e4_entropy005_s4_c1_rnetol_d256_depth3_p20,seed205,205,262,26200,100,16,119.69903884536919,125.40887425275393,117.41558250293589,False,max_epochs,1165.163412809372
rl4crn_rne_oscillator_trace_8rxn_stop_risksched085to09_lr1e4_entropy005_s4_c1_rnetol_d256_depth3_p20,seed205,205,263,26300,100,16,117.21859804411181,124.99098601611655,117.21859804411181,False,max_epochs,1170.5404942035675
rl4crn_rne_oscillator_trace_8rxn_stop_risksched085to09_lr1e4_entropy005_s4_c1_rnetol_d256_depth3_p20,seed205,205,264,26400,100,16,118.29886239555765,125.64601530288508,117.21859804411181,False,max_epochs,1175.4918637275696
rl4crn_rne_oscillator_trace_8rxn_stop_risksched085to09_lr1e4_entropy005_s4_c1_rnetol_d256_depth3_p20,seed205,205,265,26500,100,16,117.49812147421409,124.5941607113222,117.21859804411181,False,max_epochs,1180.159117937088
rl4crn_rne_oscillator_trace_8rxn_stop_risksched085to09_lr1e4_entropy005_s4_c1_rnetol_d256_depth3_p20,seed205,205,266,26600,100,16,118.19266722585294,124.29558482437614,117.21859804411181,False,max_epochs,1184.8194861412048
rl4crn_rne_oscillator_trace_8rxn_stop_risksched085to09_lr1e4_entropy005_s4_c1_rnetol_d256_depth3_p20,seed205,205,267,26700,100,16,117.88171708443745,124.86117350351631,117.21859804411181,False,max_epochs,1189.3802847862244
rl4crn_rne_oscillator_trace_8rxn_stop_risksched085to09_lr1e4_entropy005_s4_c1_rnetol_d256_depth3_p20,seed205,205,268,26800,100,16,119.68266219973911,127.40323599206985,117.21859804411181,False,max_epochs,1193.7065794467926
rl4crn_rne_oscillator_trace_8rxn_stop_risksched085to09_lr1e4_entropy005_s4_c1_rnetol_d256_depth3_p20,seed205,205,269,26900,100,16,118.36929447117612,124.64382858734595,117.21859804411181,False,max_epochs,1195.9992370605469
rl4crn_rne_oscillator_trace_8rxn_stop_risksched085to09_lr1e4_entropy005_s4_c1_rnetol_d256_depth3_p20,seed205,205,270,27000,100,16,117.75633786678276,125.48419269436411,117.21859804411181,False,max_epochs,1200.609221458435
rl4crn_rne_oscillator_trace_8rxn_stop_risksched085to09_lr1e4_entropy005_s4_c1_rnetol_d256_depth3_p20,seed205,205,271,27100,100,16,117.921360854344,124.42970364015042,117.21859804411181,False,max_epochs,1205.7456288337708
rl4crn_rne_oscillator_trace_8rxn_stop_risksched085to09_lr1e4_entropy005_s4_c1_rnetol_d256_depth3_p20,seed205,205,272,27200,100,16,118.44915968994245,124.19096122387799,117.21859804411181,False,max_epochs,1210.2781538963318
rl4crn_rne_oscillator_trace_8rxn_stop_risksched085to09_lr1e4_entropy005_s4_c1_rnetol_d256_depth3_p20,seed205,205,273,27300,100,16,118.08289063066067,124.9687919389942,117.21859804411181,False,max_epochs,1215.2365131378174
rl4crn_rne_oscillator_trace_8rxn_stop_risksched085to09_lr1e4_entropy005_s4_c1_rnetol_d256_depth3_p20,seed205,205,274,27400,100,16,117.0741496170938,124.89075851524504,117.0741496170938,False,max_epochs,1219.572761774063
rl4crn_rne_oscillator_trace_8rxn_stop_risksched085to09_lr1e4_entropy005_s4_c1_rnetol_d256_depth3_p20,seed205,205,275,27500,100,16,117.7878787888,124.55213320345894,117.0741496170938,False,max_epochs,1223.5279643535614
rl4crn_rne_oscillator_trace_8rxn_stop_risksched085to09_lr1e4_entropy005_s4_c1_rnetol_d256_depth3_p20,seed205,205,276,27600,100,16,117.87628376684803,125.05923968016269,117.0741496170938,False,max_epochs,1225.9957873821259
rl4crn_rne_oscillator_trace_8rxn_stop_risksched085to09_lr1e4_entropy005_s4_c1_rnetol_d256_depth3_p20,seed205,205,277,27700,100,16,118.47984160866326,128.45225865820822,117.0741496170938,False,max_epochs,1231.1351120471954
rl4crn_rne_oscillator_trace_8rxn_stop_risksched085to09_lr1e4_entropy005_s4_c1_rnetol_d256_depth3_p20,seed205,205,278,27800,100,16,117.31542720588423,126.71865195873039,117.0741496170938,False,max_epochs,1235.8030438423157
rl4crn_rne_oscillator_trace_8rxn_stop_risksched085to09_lr1e4_entropy005_s4_c1_rnetol_d256_depth3_p20,seed205,205,279,27900,100,16,118.01132254282093,123.91923461355111,117.0741496170938,False,max_epochs,1240.1536300182343
rl4crn_rne_oscillator_trace_8rxn_stop_risksched085to09_lr1e4_entropy005_s4_c1_rnetol_d256_depth3_p20,seed205,205,280,28000,100,16,118.65406774213524,125.96813660496883,117.0741496170938,False,max_epochs,1244.8470168113708
rl4crn_rne_oscillator_trace_8rxn_stop_risksched085to09_lr1e4_entropy005_s4_c1_rnetol_d256_depth3_p20,seed205,205,281,28100,100,16,117.05155146249754,125.04808951063083,117.05155146249754,False,max_epochs,1246.9993782043457
rl4crn_rne_oscillator_trace_8rxn_stop_risksched085to09_lr1e4_entropy005_s4_c1_rnetol_d256_depth3_p20,seed205,205,282,28200,100,16,118.53128055396817,124.3851545711405,117.05155146249754,False,max_epochs,1251.361489057541
rl4crn_rne_oscillator_trace_8rxn_stop_risksched085to09_lr1e4_entropy005_s4_c1_rnetol_d256_depth3_p20,seed205,205,283,28300,100,16,117.14360185542287,124.62938834599974,117.05155146249754,False,max_epochs,1256.574978351593
rl4crn_rne_oscillator_trace_8rxn_stop_risksched085to09_lr1e4_entropy005_s4_c1_rnetol_d256_depth3_p20,seed205,205,284,28400,100,16,117.14246600185136,124.48490057665205,117.05155146249754,False,max_epochs,1261.2801537513733
rl4crn_rne_oscillator_trace_8rxn_stop_risksched085to09_lr1e4_entropy005_s4_c1_rnetol_d256_depth3_p20,seed205,205,285,28500,100,16,118.90869333733856,130.8041325051247,117.05155146249754,False,max_epochs,1266.2552485466003
rl4crn_rne_oscillator_trace_8rxn_stop_risksched085to09_lr1e4_entropy005_s4_c1_rnetol_d256_depth3_p20,seed205,205,286,28600,100,16,118.58320397010468,131.2760995552893,117.05155146249754,False,max_epochs,1271.2001278400421
rl4crn_rne_oscillator_trace_8rxn_stop_risksched085to09_lr1e4_entropy005_s4_c1_rnetol_d256_depth3_p20,seed205,205,287,28700,100,16,118.67030975650141,129.07367511436397,117.05155146249754,False,max_epochs,1276.6765341758728
rl4crn_rne_oscillator_trace_8rxn_stop_risksched085to09_lr1e4_entropy005_s4_c1_rnetol_d256_depth3_p20,seed205,205,288,28800,100,16,119.2658199902985,132.88685393953887,117.05155146249754,False,max_epochs,1281.2126660346985
rl4crn_rne_oscillator_trace_8rxn_stop_risksched085to09_lr1e4_entropy005_s4_c1_rnetol_d256_depth3_p20,seed205,205,289,28900,100,16,118.01154638628131,128.81110616442794,117.05155146249754,False,max_epochs,1286.540690422058
rl4crn_rne_oscillator_trace_8rxn_stop_risksched085to09_lr1e4_entropy005_s4_c1_rnetol_d256_depth3_p20,seed205,205,290,29000,100,16,118.11761271715885,125.67163784530682,117.05155146249754,False,max_epochs,1290.9792249202728
rl4crn_rne_oscillator_trace_8rxn_stop_risksched085to09_lr1e4_entropy005_s4_c1_rnetol_d256_depth3_p20,seed205,205,291,29100,100,16,118.53089221466756,126.92825680897579,117.05155146249754,False,max_epochs,1293.1873543262482
rl4crn_rne_oscillator_trace_8rxn_stop_risksched085to09_lr1e4_entropy005_s4_c1_rnetol_d256_depth3_p20,seed205,205,292,29200,100,16,117.17252327810482,124.77194473850591,117.05155146249754,False,max_epochs,1297.4997549057007
rl4crn_rne_oscillator_trace_8rxn_stop_risksched085to09_lr1e4_entropy005_s4_c1_rnetol_d256_depth3_p20,seed205,205,293,29300,100,16,117.54886403993939,124.84075703016532,117.05155146249754,False,max_epochs,1302.4843409061432
rl4crn_rne_oscillator_trace_8rxn_stop_risksched085to09_lr1e4_entropy005_s4_c1_rnetol_d256_depth3_p20,seed205,205,294,29400,100,16,118.47559361247113,125.79043527317341,117.05155146249754,False,max_epochs,1307.4163675308228
rl4crn_rne_oscillator_trace_8rxn_stop_risksched085to09_lr1e4_entropy005_s4_c1_rnetol_d256_depth3_p20,seed205,205,295,29500,100,16,116.93458647972383,129.31511038312289,116.93458647972383,False,max_epochs,1312.2613201141357
rl4crn_rne_oscillator_trace_8rxn_stop_risksched085to09_lr1e4_entropy005_s4_c1_rnetol_d256_depth3_p20,seed205,205,296,29600,100,16,117.6762619764446,129.10177314117738,116.93458647972383,False,max_epochs,1317.1780564785004
rl4crn_rne_oscillator_trace_8rxn_stop_risksched085to09_lr1e4_entropy005_s4_c1_rnetol_d256_depth3_p20,seed205,205,297,29700,100,16,118.46654016766631,134.68495658666217,116.93458647972383,False,max_epochs,1321.7791574001312
rl4crn_rne_oscillator_trace_8rxn_stop_risksched085to09_lr1e4_entropy005_s4_c1_rnetol_d256_depth3_p20,seed205,205,298,29800,100,16,118.07238971694727,129.75994005122885,116.93458647972383,False,max_epochs,1326.502592086792
rl4crn_rne_oscillator_trace_8rxn_stop_risksched085to09_lr1e4_entropy005_s4_c1_rnetol_d256_depth3_p20,seed205,205,299,29900,100,16,118.42958225450565,130.5168977137447,116.93458647972383,False,max_epochs,1328.4773092269897
rl4crn_rne_oscillator_trace_8rxn_stop_risksched085to09_lr1e4_entropy005_s4_c1_rnetol_d256_depth3_p20,seed205,205,300,30000,100,16,118.04415970759878,123.77610105319799,116.93458647972383,False,max_epochs,1333.1080946922302
rl4crn_rne_oscillator_trace_8rxn_stop_risksched085to09_lr1e4_entropy005_s4_c1_rnetol_d256_depth3_p20,seed205,205,301,30100,100,16,117.53315646309679,124.05194757433985,116.93458647972383,False,max_epochs,1337.939796924591
rl4crn_rne_oscillator_trace_8rxn_stop_risksched085to09_lr1e4_entropy005_s4_c1_rnetol_d256_depth3_p20,seed205,205,302,30200,100,16,118.22986458330428,122.95946681669159,116.93458647972383,False,max_epochs,1343.261867761612
rl4crn_rne_oscillator_trace_8rxn_stop_risksched085to09_lr1e4_entropy005_s4_c1_rnetol_d256_depth3_p20,seed205,205,303,30300,100,16,119.0797373978645,124.08942239932395,116.93458647972383,False,max_epochs,1348.1465072631836
rl4crn_rne_oscillator_trace_8rxn_stop_risksched085to09_lr1e4_entropy005_s4_c1_rnetol_d256_depth3_p20,seed205,205,304,30400,100,16,117.35029716171987,123.41124658060163,116.93458647972383,False,max_epochs,1353.0581257343292
rl4crn_rne_oscillator_trace_8rxn_stop_risksched085to09_lr1e4_entropy005_s4_c1_rnetol_d256_depth3_p20,seed205,205,305,30500,100,16,117.5785242620502,124.46160116522661,116.93458647972383,False,max_epochs,1357.7734818458557
rl4crn_rne_oscillator_trace_8rxn_stop_risksched085to09_lr1e4_entropy005_s4_c1_rnetol_d256_depth3_p20,seed205,205,306,30600,100,16,117.53809225511931,125.76621584539751,116.93458647972383,False,max_epochs,1362.6027870178223
rl4crn_rne_oscillator_trace_8rxn_stop_risksched085to09_lr1e4_entropy005_s4_c1_rnetol_d256_depth3_p20,seed205,205,307,30700,100,16,117.01935461456374,123.76000183592112,116.93458647972383,False,max_epochs,1367.5540916919708
rl4crn_rne_oscillator_trace_8rxn_stop_risksched085to09_lr1e4_entropy005_s4_c1_rnetol_d256_depth3_p20,seed205,205,308,30800,100,16,117.72797721634002,126.37782314078272,116.93458647972383,False,max_epochs,1372.7815008163452
rl4crn_rne_oscillator_trace_8rxn_stop_risksched085to09_lr1e4_entropy005_s4_c1_rnetol_d256_depth3_p20,seed205,205,309,30900,100,16,117.04525298018171,126.95540302906818,116.93458647972383,False,max_epochs,1377.2381720542908
rl4crn_rne_oscillator_trace_8rxn_stop_risksched085to09_lr1e4_entropy005_s4_c1_rnetol_d256_depth3_p20,seed205,205,310,31000,100,16,117.37751938619286,124.54050638895606,116.93458647972383,False,max_epochs,1381.0503833293915
rl4crn_rne_oscillator_trace_8rxn_stop_risksched085to09_lr1e4_entropy005_s4_c1_rnetol_d256_depth3_p20,seed205,205,311,31100,100,16,114.88225415031498,124.3217337995244,114.88225415031498,False,max_epochs,1383.4579577445984
rl4crn_rne_oscillator_trace_8rxn_stop_risksched085to09_lr1e4_entropy005_s4_c1_rnetol_d256_depth3_p20,seed205,205,312,31200,100,16,114.1481434420473,123.77468955373156,114.1481434420473,False,max_epochs,1388.4944965839386
rl4crn_rne_oscillator_trace_8rxn_stop_risksched085to09_lr1e4_entropy005_s4_c1_rnetol_d256_depth3_p20,seed205,205,313,31300,100,16,114.07457374379322,126.22399238180103,114.07457374379322,False,max_epochs,1393.0867614746094
rl4crn_rne_oscillator_trace_8rxn_stop_risksched085to09_lr1e4_entropy005_s4_c1_rnetol_d256_depth3_p20,seed205,205,314,31400,100,16,114.84402232754715,125.2438178823219,114.07457374379322,False,max_epochs,1397.6200203895569
rl4crn_rne_oscillator_trace_8rxn_stop_risksched085to09_lr1e4_entropy005_s4_c1_rnetol_d256_depth3_p20,seed205,205,315,31500,100,16,113.49542740961063,130.30099831437985,113.49542740961063,False,max_epochs,1402.3105204105377
rl4crn_rne_oscillator_trace_8rxn_stop_risksched085to09_lr1e4_entropy005_s4_c1_rnetol_d256_depth3_p20,seed205,205,316,31600,100,16,114.45027146083542,130.2380486192307,113.49542740961063,False,max_epochs,1404.7159566879272
rl4crn_rne_oscillator_trace_8rxn_stop_risksched085to09_lr1e4_entropy005_s4_c1_rnetol_d256_depth3_p20,seed205,205,317,31700,100,16,114.58123188773793,124.5973418867386,113.49542740961063,False,max_epochs,1408.698561668396
rl4crn_rne_oscillator_trace_8rxn_stop_risksched085to09_lr1e4_entropy005_s4_c1_rnetol_d256_depth3_p20,seed205,205,318,31800,100,16,115.13576436793593,125.17918183508047,113.49542740961063,False,max_epochs,1413.6101989746094
rl4crn_rne_oscillator_trace_8rxn_stop_risksched085to09_lr1e4_entropy005_s4_c1_rnetol_d256_depth3_p20,seed205,205,319,31900,100,16,115.05045313352109,122.24371849223775,113.49542740961063,False,max_epochs,1418.1899809837341
rl4crn_rne_oscillator_trace_8rxn_stop_risksched085to09_lr1e4_entropy005_s4_c1_rnetol_d256_depth3_p20,seed205,205,320,32000,100,16,114.30576974876881,124.79763542700542,113.49542740961063,False,max_epochs,1423.2470848560333
rl4crn_rne_oscillator_trace_8rxn_stop_risksched085to09_lr1e4_entropy005_s4_c1_rnetol_d256_depth3_p20,seed205,205,321,32100,100,16,114.14073617832582,129.9327612617509,113.49542740961063,False,max_epochs,1427.9153037071228
rl4crn_rne_oscillator_trace_8rxn_stop_risksched085to09_lr1e4_entropy005_s4_c1_rnetol_d256_depth3_p20,seed205,205,322,32200,100,16,114.13184836372925,127.4951652100653,113.49542740961063,False,max_epochs,1432.5710866451263
rl4crn_rne_oscillator_trace_8rxn_stop_risksched085to09_lr1e4_entropy005_s4_c1_rnetol_d256_depth3_p20,seed205,205,323,32300,100,16,113.23952251151063,121.6216564142957,113.23952251151063,False,max_epochs,1434.5738942623138
rl4crn_rne_oscillator_trace_8rxn_stop_risksched085to09_lr1e4_entropy005_s4_c1_rnetol_d256_depth3_p20,seed205,205,324,32400,100,16,113.30862460827211,119.40692503019048,113.23952251151063,False,max_epochs,1438.9004065990448
rl4crn_rne_oscillator_trace_8rxn_stop_risksched085to09_lr1e4_entropy005_s4_c1_rnetol_d256_depth3_p20,seed205,205,325,32500,100,16,113.35095459948155,124.38117751263576,113.23952251151063,False,max_epochs,1443.701054096222
rl4crn_rne_oscillator_trace_8rxn_stop_risksched085to09_lr1e4_entropy005_s4_c1_rnetol_d256_depth3_p20,seed205,205,326,32600,100,16,113.53933346980156,123.9730896234605,113.23952251151063,False,max_epochs,1448.2637786865234
rl4crn_rne_oscillator_trace_8rxn_stop_risksched085to09_lr1e4_entropy005_s4_c1_rnetol_d256_depth3_p20,seed205,205,327,32700,100,16,113.16558806098902,122.82895186708623,113.16558806098902,False,max_epochs,1452.707039117813
rl4crn_rne_oscillator_trace_8rxn_stop_risksched085to09_lr1e4_entropy005_s4_c1_rnetol_d256_depth3_p20,seed205,205,328,32800,100,16,112.38579548219072,120.71660703167052,112.38579548219072,False,max_epochs,1456.9447360038757
rl4crn_rne_oscillator_trace_8rxn_stop_risksched085to09_lr1e4_entropy005_s4_c1_rnetol_d256_depth3_p20,seed205,205,329,32900,100,16,115.43681112401678,120.4499042325919,112.38579548219072,False,max_epochs,1459.0833013057709
rl4crn_rne_oscillator_trace_8rxn_stop_risksched085to09_lr1e4_entropy005_s4_c1_rnetol_d256_depth3_p20,seed205,205,330,33000,100,16,115.20547567263341,120.26328165648752,112.38579548219072,False,max_epochs,1463.5992619991302
rl4crn_rne_oscillator_trace_8rxn_stop_risksched085to09_lr1e4_entropy005_s4_c1_rnetol_d256_depth3_p20,seed205,205,331,33100,100,16,113.50693674823941,120.08042980307053,112.38579548219072,False,max_epochs,1468.3577723503113
rl4crn_rne_oscillator_trace_8rxn_stop_risksched085to09_lr1e4_entropy005_s4_c1_rnetol_d256_depth3_p20,seed205,205,332,33200,100,16,113.31871567146402,120.45661088834775,112.38579548219072,False,max_epochs,1473.8189878463745
rl4crn_rne_oscillator_trace_8rxn_stop_risksched085to09_lr1e4_entropy005_s4_c1_rnetol_d256_depth3_p20,seed205,205,333,33300,100,16,113.1231996212379,120.61589791585641,112.38579548219072,False,max_epochs,1478.799896478653
rl4crn_rne_oscillator_trace_8rxn_stop_risksched085to09_lr1e4_entropy005_s4_c1_rnetol_d256_depth3_p20,seed205,205,334,33400,100,16,112.48247595402997,122.25698230048425,112.38579548219072,False,max_epochs,1483.556795835495
rl4crn_rne_oscillator_trace_8rxn_stop_risksched085to09_lr1e4_entropy005_s4_c1_rnetol_d256_depth3_p20,seed205,205,335,33500,100,16,112.65127190405623,118.51757362215703,112.38579548219072,False,max_epochs,1488.1215238571167
rl4crn_rne_oscillator_trace_8rxn_stop_risksched085to09_lr1e4_entropy005_s4_c1_rnetol_d256_depth3_p20,seed205,205,336,33600,100,16,113.38277489112073,119.51091983321768,112.38579548219072,False,max_epochs,1492.8698756694794
rl4crn_rne_oscillator_trace_8rxn_stop_risksched085to09_lr1e4_entropy005_s4_c1_rnetol_d256_depth3_p20,seed205,205,337,33700,100,16,112.48365777548526,119.20024244444895,112.38579548219072,False,max_epochs,1495.023719072342
rl4crn_rne_oscillator_trace_8rxn_stop_risksched085to09_lr1e4_entropy005_s4_c1_rnetol_d256_depth3_p20,seed205,205,338,33800,100,16,113.41904408813299,121.83608845388495,112.38579548219072,False,max_epochs,1499.4657175540924
rl4crn_rne_oscillator_trace_8rxn_stop_risksched085to09_lr1e4_entropy005_s4_c1_rnetol_d256_depth3_p20,seed205,205,339,33900,100,16,112.668214063165,119.50013978829921,112.38579548219072,False,max_epochs,1504.2082805633545
rl4crn_rne_oscillator_trace_8rxn_stop_risksched085to09_lr1e4_entropy005_s4_c1_rnetol_d256_depth3_p20,seed205,205,340,34000,100,16,112.41962305351791,121.6000138886116,112.38579548219072,False,max_epochs,1508.9235136508942
rl4crn_rne_oscillator_trace_8rxn_stop_risksched085to09_lr1e4_entropy005_s4_c1_rnetol_d256_depth3_p20,seed205,205,341,34100,100,16,112.29728013617779,120.29962556672892,112.29728013617779,False,max_epochs,1513.6520946025848
rl4crn_rne_oscillator_trace_8rxn_stop_risksched085to09_lr1e4_entropy005_s4_c1_rnetol_d256_depth3_p20,seed205,205,342,34200,100,16,112.28316857002496,123.38147572431726,112.28316857002496,False,max_epochs,1518.0172717571259
rl4crn_rne_oscillator_trace_8rxn_stop_risksched085to09_lr1e4_entropy005_s4_c1_rnetol_d256_depth3_p20,seed205,205,343,34300,100,16,112.98679885396464,118.59015790422653,112.28316857002496,False,max_epochs,1520.13702917099
rl4crn_rne_oscillator_trace_8rxn_stop_risksched085to09_lr1e4_entropy005_s4_c1_rnetol_d256_depth3_p20,seed205,205,344,34400,100,16,113.6091238739907,119.92280552421123,112.28316857002496,False,max_epochs,1524.9278829097748
rl4crn_rne_oscillator_trace_8rxn_stop_risksched085to09_lr1e4_entropy005_s4_c1_rnetol_d256_depth3_p20,seed205,205,345,34500,100,16,113.06743185436517,120.19040892504991,112.28316857002496,False,max_epochs,1530.0497629642487
rl4crn_rne_oscillator_trace_8rxn_stop_risksched085to09_lr1e4_entropy005_s4_c1_rnetol_d256_depth3_p20,seed205,205,346,34600,100,16,112.94321936876594,127.69823705054156,112.28316857002496,False,max_epochs,1535.0733590126038
rl4crn_rne_oscillator_trace_8rxn_stop_risksched085to09_lr1e4_entropy005_s4_c1_rnetol_d256_depth3_p20,seed205,205,347,34700,100,16,113.01118361445216,119.38263873308813,112.28316857002496,False,max_epochs,1540.1495270729065
rl4crn_rne_oscillator_trace_8rxn_stop_risksched085to09_lr1e4_entropy005_s4_c1_rnetol_d256_depth3_p20,seed205,205,348,34800,100,16,113.09919524007006,117.72307875738596,112.28316857002496,False,max_epochs,1544.8383560180664
rl4crn_rne_oscillator_trace_8rxn_stop_risksched085to09_lr1e4_entropy005_s4_c1_rnetol_d256_depth3_p20,seed205,205,349,34900,100,16,112.60508944487007,123.75481099652988,112.28316857002496,False,max_epochs,1550.0361847877502
rl4crn_rne_oscillator_trace_8rxn_stop_risksched085to09_lr1e4_entropy005_s4_c1_rnetol_d256_depth3_p20,seed205,205,350,35000,100,16,112.49444543168147,123.49274909075443,112.28316857002496,False,max_epochs,1554.8152992725372
rl4crn_rne_oscillator_trace_8rxn_stop_risksched085to09_lr1e4_entropy005_s4_c1_rnetol_d256_depth3_p20,seed205,205,351,35100,100,16,111.80414372767251,120.02763848474524,111.80414372767251,False,max_epochs,1559.581222295761
rl4crn_rne_oscillator_trace_8rxn_stop_risksched085to09_lr1e4_entropy005_s4_c1_rnetol_d256_depth3_p20,seed205,205,352,35200,100,16,114.21855716746639,122.63547003453041,111.80414372767251,False,max_epochs,1564.1227114200592
rl4crn_rne_oscillator_trace_8rxn_stop_risksched085to09_lr1e4_entropy005_s4_c1_rnetol_d256_depth3_p20,seed205,205,353,35300,100,16,113.07708923190799,120.43454488751632,111.80414372767251,False,max_epochs,1566.7960817813873
rl4crn_rne_oscillator_trace_8rxn_stop_risksched085to09_lr1e4_entropy005_s4_c1_rnetol_d256_depth3_p20,seed205,205,354,35400,100,16,112.32429106193266,125.24215515644883,111.80414372767251,False,max_epochs,1570.644698858261
rl4crn_rne_oscillator_trace_8rxn_stop_risksched085to09_lr1e4_entropy005_s4_c1_rnetol_d256_depth3_p20,seed205,205,355,35500,100,16,112.07839157855818,127.55435593988952,111.80414372767251,False,max_epochs,1575.97842502594
rl4crn_rne_oscillator_trace_8rxn_stop_risksched085to09_lr1e4_entropy005_s4_c1_rnetol_d256_depth3_p20,seed205,205,356,35600,100,16,112.63508638377131,120.89795820089351,111.80414372767251,False,max_epochs,1580.677977323532
rl4crn_rne_oscillator_trace_8rxn_stop_risksched085to09_lr1e4_entropy005_s4_c1_rnetol_d256_depth3_p20,seed205,205,357,35700,100,16,112.25475199915458,119.96021988787591,111.80414372767251,False,max_epochs,1585.749259710312
rl4crn_rne_oscillator_trace_8rxn_stop_risksched085to09_lr1e4_entropy005_s4_c1_rnetol_d256_depth3_p20,seed205,205,358,35800,100,16,112.71278196757973,118.12208581983951,111.80414372767251,False,max_epochs,1590.548813343048
rl4crn_rne_oscillator_trace_8rxn_stop_risksched085to09_lr1e4_entropy005_s4_c1_rnetol_d256_depth3_p20,seed205,205,359,35900,100,16,112.02182675681809,117.71548389459007,111.80414372767251,False,max_epochs,1595.6323363780975
rl4crn_rne_oscillator_trace_8rxn_stop_risksched085to09_lr1e4_entropy005_s4_c1_rnetol_d256_depth3_p20,seed205,205,360,36000,100,16,112.60498757139027,116.91497333654758,111.80414372767251,False,max_epochs,1600.267392873764
rl4crn_rne_oscillator_trace_8rxn_stop_risksched085to09_lr1e4_entropy005_s4_c1_rnetol_d256_depth3_p20,seed205,205,361,36100,100,16,112.548005602466,115.87942443111635,111.80414372767251,False,max_epochs,1604.8793103694916
rl4crn_rne_oscillator_trace_8rxn_stop_risksched085to09_lr1e4_entropy005_s4_c1_rnetol_d256_depth3_p20,seed205,205,362,36200,100,16,112.53552375425225,116.19173031637285,111.80414372767251,False,max_epochs,1607.0282640457153
rl4crn_rne_oscillator_trace_8rxn_stop_risksched085to09_lr1e4_entropy005_s4_c1_rnetol_d256_depth3_p20,seed205,205,363,36300,100,16,113.29857427005764,116.44222970749834,111.80414372767251,False,max_epochs,1611.3789525032043
rl4crn_rne_oscillator_trace_8rxn_stop_risksched085to09_lr1e4_entropy005_s4_c1_rnetol_d256_depth3_p20,seed205,205,364,36400,100,16,112.63188674764513,117.54376335638854,111.80414372767251,False,max_epochs,1616.2971422672272
rl4crn_rne_oscillator_trace_8rxn_stop_risksched085to09_lr1e4_entropy005_s4_c1_rnetol_d256_depth3_p20,seed205,205,365,36500,100,16,112.52889969535732,120.75032600739111,111.80414372767251,False,max_epochs,1621.415363073349
rl4crn_rne_oscillator_trace_8rxn_stop_risksched085to09_lr1e4_entropy005_s4_c1_rnetol_d256_depth3_p20,seed205,205,366,36600,100,16,113.89930234349472,119.69302326410728,111.80414372767251,False,max_epochs,1626.1403634548187
rl4crn_rne_oscillator_trace_8rxn_stop_risksched085to09_lr1e4_entropy005_s4_c1_rnetol_d256_depth3_p20,seed205,205,367,36700,100,16,112.10709272336314,119.36081331049698,111.80414372767251,False,max_epochs,1631.0456840991974
rl4crn_rne_oscillator_trace_8rxn_stop_risksched085to09_lr1e4_entropy005_s4_c1_rnetol_d256_depth3_p20,seed205,205,368,36800,100,16,113.09972726798946,117.04096427381565,111.80414372767251,False,max_epochs,1635.6448800563812
rl4crn_rne_oscillator_trace_8rxn_stop_risksched085to09_lr1e4_entropy005_s4_c1_rnetol_d256_depth3_p20,seed205,205,369,36900,100,16,113.0531847625647,117.14438261641597,111.80414372767251,False,max_epochs,1639.7256090641022
rl4crn_rne_oscillator_trace_8rxn_stop_risksched085to09_lr1e4_entropy005_s4_c1_rnetol_d256_depth3_p20,seed205,205,370,37000,100,16,112.13319444263702,117.2985313615886,111.80414372767251,False,max_epochs,1642.138881444931
rl4crn_rne_oscillator_trace_8rxn_stop_risksched085to09_lr1e4_entropy005_s4_c1_rnetol_d256_depth3_p20,seed205,205,371,37100,100,16,112.66201653716965,118.1342336319002,111.80414372767251,False,max_epochs,1647.3698036670685
rl4crn_rne_oscillator_trace_8rxn_stop_risksched085to09_lr1e4_entropy005_s4_c1_rnetol_d256_depth3_p20,seed205,205,372,37200,100,16,112.12955046716786,117.96501608631738,111.80414372767251,False,max_epochs,1652.3210763931274
rl4crn_rne_oscillator_trace_8rxn_stop_risksched085to09_lr1e4_entropy005_s4_c1_rnetol_d256_depth3_p20,seed205,205,373,37300,100,16,111.81115223774727,118.15256775040314,111.80414372767251,False,max_epochs,1657.3248510360718
rl4crn_rne_oscillator_trace_8rxn_stop_risksched085to09_lr1e4_entropy005_s4_c1_rnetol_d256_depth3_p20,seed205,205,374,37400,100,16,112.00658818728654,120.79901123676527,111.80414372767251,False,max_epochs,1662.0356833934784
rl4crn_rne_oscillator_trace_8rxn_stop_risksched085to09_lr1e4_entropy005_s4_c1_rnetol_d256_depth3_p20,seed205,205,375,37500,100,16,111.72507066732972,119.9592535034136,111.72507066732972,False,max_epochs,1667.443335056305
rl4crn_rne_oscillator_trace_8rxn_stop_risksched085to09_lr1e4_entropy005_s4_c1_rnetol_d256_depth3_p20,seed205,205,376,37600,100,16,112.70393764410582,118.82302432896974,111.72507066732972,False,max_epochs,1672.336951494217
rl4crn_rne_oscillator_trace_8rxn_stop_risksched085to09_lr1e4_entropy005_s4_c1_rnetol_d256_depth3_p20,seed205,205,377,37700,100,16,112.70834116538387,117.36849592784702,111.72507066732972,False,max_epochs,1677.5659761428833
rl4crn_rne_oscillator_trace_8rxn_stop_risksched085to09_lr1e4_entropy005_s4_c1_rnetol_d256_depth3_p20,seed205,205,378,37800,100,16,111.69230569475178,119.72689547958396,111.69230569475178,False,max_epochs,1682.229140996933
rl4crn_rne_oscillator_trace_8rxn_stop_risksched085to09_lr1e4_entropy005_s4_c1_rnetol_d256_depth3_p20,seed205,205,379,37900,100,16,111.14815199684513,119.95593565881933,111.14815199684513,False,max_epochs,1686.6812059879303
rl4crn_rne_oscillator_trace_8rxn_stop_risksched085to09_lr1e4_entropy005_s4_c1_rnetol_d256_depth3_p20,seed205,205,380,38000,100,16,112.50228311532119,120.21994991090804,111.14815199684513,False,max_epochs,1690.9241478443146
rl4crn_rne_oscillator_trace_8rxn_stop_risksched085to09_lr1e4_entropy005_s4_c1_rnetol_d256_depth3_p20,seed205,205,381,38100,100,16,112.99388366800184,117.30167195702381,111.14815199684513,False,max_epochs,1693.298245191574
rl4crn_rne_oscillator_trace_8rxn_stop_risksched085to09_lr1e4_entropy005_s4_c1_rnetol_d256_depth3_p20,seed205,205,382,38200,100,16,111.38687478160452,117.38766272390494,111.14815199684513,False,max_epochs,1697.602731704712
rl4crn_rne_oscillator_trace_8rxn_stop_risksched085to09_lr1e4_entropy005_s4_c1_rnetol_d256_depth3_p20,seed205,205,383,38300,100,16,112.229656553186,119.75259908704949,111.14815199684513,False,max_epochs,1702.1343388557434
rl4crn_rne_oscillator_trace_8rxn_stop_risksched085to09_lr1e4_entropy005_s4_c1_rnetol_d256_depth3_p20,seed205,205,384,38400,100,16,112.15176899103365,119.58517586410676,111.14815199684513,False,max_epochs,1707.3555002212524
rl4crn_rne_oscillator_trace_8rxn_stop_risksched085to09_lr1e4_entropy005_s4_c1_rnetol_d256_depth3_p20,seed205,205,385,38500,100,16,112.08123104152325,117.27861376543675,111.14815199684513,False,max_epochs,1711.9753317832947
rl4crn_rne_oscillator_trace_8rxn_stop_risksched085to09_lr1e4_entropy005_s4_c1_rnetol_d256_depth3_p20,seed205,205,386,38600,100,16,112.42429079147999,118.6849905846625,111.14815199684513,False,max_epochs,1716.7125976085663
rl4crn_rne_oscillator_trace_8rxn_stop_risksched085to09_lr1e4_entropy005_s4_c1_rnetol_d256_depth3_p20,seed205,205,387,38700,100,16,111.93084198529651,120.76804436670986,111.14815199684513,False,max_epochs,1721.1633036136627
rl4crn_rne_oscillator_trace_8rxn_stop_risksched085to09_lr1e4_entropy005_s4_c1_rnetol_d256_depth3_p20,seed205,205,388,38800,100,16,112.36721300533577,121.730117550589,111.14815199684513,False,max_epochs,1725.6541860103607
rl4crn_rne_oscillator_trace_8rxn_stop_risksched085to09_lr1e4_entropy005_s4_c1_rnetol_d256_depth3_p20,seed205,205,389,38900,100,16,112.17473856396799,118.21886943348915,111.14815199684513,False,max_epochs,1727.762106180191
rl4crn_rne_oscillator_trace_8rxn_stop_risksched085to09_lr1e4_entropy005_s4_c1_rnetol_d256_depth3_p20,seed205,205,390,39000,100,16,112.88348160793792,117.47403536804008,111.14815199684513,False,max_epochs,1732.4735269546509
rl4crn_rne_oscillator_trace_8rxn_stop_risksched085to09_lr1e4_entropy005_s4_c1_rnetol_d256_depth3_p20,seed205,205,391,39100,100,16,112.27727008095641,119.87270086235927,111.14815199684513,False,max_epochs,1737.560598373413
rl4crn_rne_oscillator_trace_8rxn_stop_risksched085to09_lr1e4_entropy005_s4_c1_rnetol_d256_depth3_p20,seed205,205,392,39200,100,16,111.47073621412953,119.32436710102763,111.14815199684513,False,max_epochs,1742.333199262619
rl4crn_rne_oscillator_trace_8rxn_stop_risksched085to09_lr1e4_entropy005_s4_c1_rnetol_d256_depth3_p20,seed205,205,393,39300,100,16,111.61849984097043,120.33893448939963,111.14815199684513,False,max_epochs,1747.6500651836395
rl4crn_rne_oscillator_trace_8rxn_stop_risksched085to09_lr1e4_entropy005_s4_c1_rnetol_d256_depth3_p20,seed205,205,394,39400,100,16,112.40738324470776,119.25771640807415,111.14815199684513,False,max_epochs,1752.6601297855377
rl4crn_rne_oscillator_trace_8rxn_stop_risksched085to09_lr1e4_entropy005_s4_c1_rnetol_d256_depth3_p20,seed205,205,395,39500,100,16,112.57841795782575,117.72192249808852,111.14815199684513,False,max_epochs,1757.4914019107819
rl4crn_rne_oscillator_trace_8rxn_stop_risksched085to09_lr1e4_entropy005_s4_c1_rnetol_d256_depth3_p20,seed205,205,396,39600,100,16,112.25422402007,118.19166195857875,111.14815199684513,False,max_epochs,1761.9566762447357
rl4crn_rne_oscillator_trace_8rxn_stop_risksched085to09_lr1e4_entropy005_s4_c1_rnetol_d256_depth3_p20,seed205,205,397,39700,100,16,111.35924452003908,118.74558622404194,111.14815199684513,False,max_epochs,1766.2434425354004
rl4crn_rne_oscillator_trace_8rxn_stop_risksched085to09_lr1e4_entropy005_s4_c1_rnetol_d256_depth3_p20,seed205,205,398,39800,100,16,112.58033106276181,119.94341764192745,111.14815199684513,False,max_epochs,1768.9016449451447
rl4crn_rne_oscillator_trace_8rxn_stop_risksched085to09_lr1e4_entropy005_s4_c1_rnetol_d256_depth3_p20,seed205,205,399,39900,100,16,113.27508759258492,120.44614024139449,111.14815199684513,False,max_epochs,1773.3952424526215
rl4crn_rne_oscillator_trace_8rxn_stop_risksched085to09_lr1e4_entropy005_s4_c1_rnetol_d256_depth3_p20,seed205,205,400,40000,100,16,112.8627016840954,119.87978341474366,111.14815199684513,False,max_epochs,1778.1320531368256
rl4crn_rne_oscillator_trace_8rxn_stop_risksched085to09_lr1e4_entropy005_s4_c1_rnetol_d256_depth3_p20,seed205,205,401,40100,100,16,111.71292301189234,116.84706263250817,111.14815199684513,False,max_epochs,1782.9862825870514
rl4crn_rne_oscillator_trace_8rxn_stop_risksched085to09_lr1e4_entropy005_s4_c1_rnetol_d256_depth3_p20,seed205,205,402,40200,100,16,111.48658087849348,119.58189444343917,111.14815199684513,False,max_epochs,1787.9934167861938
rl4crn_rne_oscillator_trace_8rxn_stop_risksched085to09_lr1e4_entropy005_s4_c1_rnetol_d256_depth3_p20,seed205,205,403,40300,100,16,111.26676684030294,117.38069868791806,111.14815199684513,False,max_epochs,1792.7713453769684
rl4crn_rne_oscillator_trace_8rxn_stop_risksched085to09_lr1e4_entropy005_s4_c1_rnetol_d256_depth3_p20,seed205,205,404,40400,100,16,111.64393797003783,118.24716853941698,111.14815199684513,False,max_epochs,1797.3178725242615
rl4crn_rne_oscillator_trace_8rxn_stop_risksched085to09_lr1e4_entropy005_s4_c1_rnetol_d256_depth3_p20,seed205,205,405,40500,100,16,111.93221379797504,119.95909662211804,111.14815199684513,False,max_epochs,1803.8000404834747
rl4crn_rne_oscillator_trace_8rxn_stop_risksched085to09_lr1e4_entropy005_s4_c1_rnetol_d256_depth3_p20,seed205,205,406,40600,100,16,111.01452586947312,118.84095902083558,111.01452586947312,False,max_epochs,1808.3399171829224
rl4crn_rne_oscillator_trace_8rxn_stop_risksched085to09_lr1e4_entropy005_s4_c1_rnetol_d256_depth3_p20,seed205,205,407,40700,100,16,111.04904047737881,115.90612376582712,111.01452586947312,False,max_epochs,1812.5158095359802
rl4crn_rne_oscillator_trace_8rxn_stop_risksched085to09_lr1e4_entropy005_s4_c1_rnetol_d256_depth3_p20,seed205,205,408,40800,100,16,111.18472722002811,118.80606095021068,111.01452586947312,False,max_epochs,1816.8566408157349
rl4crn_rne_oscillator_trace_8rxn_stop_risksched085to09_lr1e4_entropy005_s4_c1_rnetol_d256_depth3_p20,seed205,205,409,40900,100,16,110.99110373587088,116.93802570389309,110.99110373587088,False,max_epochs,1822.4516434669495
rl4crn_rne_oscillator_trace_8rxn_stop_risksched085to09_lr1e4_entropy005_s4_c1_rnetol_d256_depth3_p20,seed205,205,410,41000,100,16,111.47635107014827,115.61948679158584,110.99110373587088,False,max_epochs,1828.821579694748
rl4crn_rne_oscillator_trace_8rxn_stop_risksched085to09_lr1e4_entropy005_s4_c1_rnetol_d256_depth3_p20,seed205,205,411,41100,100,16,111.148588364403,118.82757802986558,110.99110373587088,False,max_epochs,1833.6071527004242
rl4crn_rne_oscillator_trace_8rxn_stop_risksched085to09_lr1e4_entropy005_s4_c1_rnetol_d256_depth3_p20,seed205,205,412,41200,100,16,110.9183400903034,116.3157152680246,110.9183400903034,False,max_epochs,1839.702757358551
rl4crn_rne_oscillator_trace_8rxn_stop_risksched085to09_lr1e4_entropy005_s4_c1_rnetol_d256_depth3_p20,seed205,205,413,41300,100,16,111.53958782399889,117.29054660254437,110.9183400903034,False,max_epochs,1845.5528354644775
rl4crn_rne_oscillator_trace_8rxn_stop_risksched085to09_lr1e4_entropy005_s4_c1_rnetol_d256_depth3_p20,seed205,205,414,41400,100,16,111.90743656623383,119.38357507531882,110.9183400903034,False,max_epochs,1850.0589509010315
rl4crn_rne_oscillator_trace_8rxn_stop_risksched085to09_lr1e4_entropy005_s4_c1_rnetol_d256_depth3_p20,seed205,205,415,41500,100,16,111.77466824076467,118.34574217544977,110.9183400903034,False,max_epochs,1855.575944185257
rl4crn_rne_oscillator_trace_8rxn_stop_risksched085to09_lr1e4_entropy005_s4_c1_rnetol_d256_depth3_p20,seed205,205,416,41600,100,16,111.61128773791712,118.65492286535324,110.9183400903034,False,max_epochs,1859.6029686927795
rl4crn_rne_oscillator_trace_8rxn_stop_risksched085to09_lr1e4_entropy005_s4_c1_rnetol_d256_depth3_p20,seed205,205,417,41700,100,16,110.3955228769521,116.27934979327847,110.3955228769521,False,max_epochs,1862.959346294403
rl4crn_rne_oscillator_trace_8rxn_stop_risksched085to09_lr1e4_entropy005_s4_c1_rnetol_d256_depth3_p20,seed205,205,418,41800,100,16,111.80292805082682,117.65403181418381,110.3955228769521,False,max_epochs,1866.8612298965454
rl4crn_rne_oscillator_trace_8rxn_stop_risksched085to09_lr1e4_entropy005_s4_c1_rnetol_d256_depth3_p20,seed205,205,419,41900,100,16,111.75960537260728,118.00264570779609,110.3955228769521,False,max_epochs,1871.527011871338
rl4crn_rne_oscillator_trace_8rxn_stop_risksched085to09_lr1e4_entropy005_s4_c1_rnetol_d256_depth3_p20,seed205,205,420,42000,100,16,111.53385420281568,116.06416703508148,110.3955228769521,False,max_epochs,1876.5524952411652
rl4crn_rne_oscillator_trace_8rxn_stop_risksched085to09_lr1e4_entropy005_s4_c1_rnetol_d256_depth3_p20,seed205,205,421,42100,100,16,111.3903050008987,115.29544110794092,110.3955228769521,False,max_epochs,1881.2705183029175
rl4crn_rne_oscillator_trace_8rxn_stop_risksched085to09_lr1e4_entropy005_s4_c1_rnetol_d256_depth3_p20,seed205,205,422,42200,100,16,110.94669273723281,117.2325058345383,110.3955228769521,False,max_epochs,1886.4263007640839
rl4crn_rne_oscillator_trace_8rxn_stop_risksched085to09_lr1e4_entropy005_s4_c1_rnetol_d256_depth3_p20,seed205,205,423,42300,100,16,111.24102049106708,119.30002166688405,110.3955228769521,False,max_epochs,1890.8545982837677
rl4crn_rne_oscillator_trace_8rxn_stop_risksched085to09_lr1e4_entropy005_s4_c1_rnetol_d256_depth3_p20,seed205,205,424,42400,100,16,111.25139849013893,118.68998864257085,110.3955228769521,False,max_epochs,1895.25594997406
rl4crn_rne_oscillator_trace_8rxn_stop_risksched085to09_lr1e4_entropy005_s4_c1_rnetol_d256_depth3_p20,seed205,205,425,42500,100,16,111.55701992489462,118.17990829289762,110.3955228769521,False,max_epochs,1897.487740278244
rl4crn_rne_oscillator_trace_8rxn_stop_risksched085to09_lr1e4_entropy005_s4_c1_rnetol_d256_depth3_p20,seed205,205,426,42600,100,16,111.17767133269221,116.68289456819717,110.3955228769521,False,max_epochs,1902.3957364559174
rl4crn_rne_oscillator_trace_8rxn_stop_risksched085to09_lr1e4_entropy005_s4_c1_rnetol_d256_depth3_p20,seed205,205,427,42700,100,16,111.53362074640505,120.58928037125017,110.3955228769521,False,max_epochs,1907.1319391727448
rl4crn_rne_oscillator_trace_8rxn_stop_risksched085to09_lr1e4_entropy005_s4_c1_rnetol_d256_depth3_p20,seed205,205,428,42800,100,16,111.209413713196,122.46048267058731,110.3955228769521,False,max_epochs,1912.1055996418
rl4crn_rne_oscillator_trace_8rxn_stop_risksched085to09_lr1e4_entropy005_s4_c1_rnetol_d256_depth3_p20,seed205,205,429,42900,100,16,111.25334219309579,120.77340879499525,110.3955228769521,False,max_epochs,1919.473694562912
rl4crn_rne_oscillator_trace_8rxn_stop_risksched085to09_lr1e4_entropy005_s4_c1_rnetol_d256_depth3_p20,seed205,205,430,43000,100,16,111.7398158069182,124.08364614869976,110.3955228769521,False,max_epochs,1924.7048952579498
rl4crn_rne_oscillator_trace_8rxn_stop_risksched085to09_lr1e4_entropy005_s4_c1_rnetol_d256_depth3_p20,seed205,205,431,43100,100,16,111.36094596647956,123.17535997528196,110.3955228769521,False,max_epochs,1929.7536408901215
rl4crn_rne_oscillator_trace_8rxn_stop_risksched085to09_lr1e4_entropy005_s4_c1_rnetol_d256_depth3_p20,seed205,205,432,43200,100,16,111.88266150932863,121.18175303394233,110.3955228769521,False,max_epochs,1934.3068540096283
rl4crn_rne_oscillator_trace_8rxn_stop_risksched085to09_lr1e4_entropy005_s4_c1_rnetol_d256_depth3_p20,seed205,205,433,43300,100,16,110.95233984143964,121.69326521749232,110.3955228769521,False,max_epochs,1940.9980099201202
rl4crn_rne_oscillator_trace_8rxn_stop_risksched085to09_lr1e4_entropy005_s4_c1_rnetol_d256_depth3_p20,seed205,205,434,43400,100,16,112.1006806977703,127.60369269645139,110.3955228769521,False,max_epochs,1947.2720053195953
rl4crn_rne_oscillator_trace_8rxn_stop_risksched085to09_lr1e4_entropy005_s4_c1_rnetol_d256_depth3_p20,seed205,205,435,43500,100,16,112.56345791898244,125.02424025873599,110.3955228769521,False,max_epochs,1952.0839743614197
rl4crn_rne_oscillator_trace_8rxn_stop_risksched085to09_lr1e4_entropy005_s4_c1_rnetol_d256_depth3_p20,seed205,205,436,43600,100,16,111.97067712368343,124.11058711842443,110.3955228769521,False,max_epochs,1955.7535424232483
rl4crn_rne_oscillator_trace_8rxn_stop_risksched085to09_lr1e4_entropy005_s4_c1_rnetol_d256_depth3_p20,seed205,205,437,43700,100,16,111.25064436884358,119.90892517705728,110.3955228769521,False,max_epochs,1961.9077544212341
rl4crn_rne_oscillator_trace_8rxn_stop_risksched085to09_lr1e4_entropy005_s4_c1_rnetol_d256_depth3_p20,seed205,205,438,43800,100,16,110.63323978549023,120.24359153494444,110.3955228769521,False,max_epochs,1967.5267820358276
rl4crn_rne_oscillator_trace_8rxn_stop_risksched085to09_lr1e4_entropy005_s4_c1_rnetol_d256_depth3_p20,seed205,205,439,43900,100,16,111.33337563184625,123.19798279263506,110.3955228769521,False,max_epochs,1973.1492938995361
rl4crn_rne_oscillator_trace_8rxn_stop_risksched085to09_lr1e4_entropy005_s4_c1_rnetol_d256_depth3_p20,seed205,205,440,44000,100,16,110.58533783921752,120.74177948182844,110.3955228769521,False,max_epochs,1979.1889111995697
rl4crn_rne_oscillator_trace_8rxn_stop_risksched085to09_lr1e4_entropy005_s4_c1_rnetol_d256_depth3_p20,seed205,205,441,44100,100,16,111.67867987859123,123.38084082667888,110.3955228769521,False,max_epochs,1983.8870708942413
rl4crn_rne_oscillator_trace_8rxn_stop_risksched085to09_lr1e4_entropy005_s4_c1_rnetol_d256_depth3_p20,seed205,205,442,44200,100,16,111.61401187293906,127.6749868495647,110.3955228769521,False,max_epochs,1988.7971439361572
rl4crn_rne_oscillator_trace_8rxn_stop_risksched085to09_lr1e4_entropy005_s4_c1_rnetol_d256_depth3_p20,seed205,205,443,44300,100,16,112.500988121184,121.25058032393844,110.3955228769521,False,max_epochs,1993.322416305542
rl4crn_rne_oscillator_trace_8rxn_stop_risksched085to09_lr1e4_entropy005_s4_c1_rnetol_d256_depth3_p20,seed205,205,444,44400,100,16,111.25304082566605,118.53449624466043,110.3955228769521,False,max_epochs,1997.5024275779724
rl4crn_rne_oscillator_trace_8rxn_stop_risksched085to09_lr1e4_entropy005_s4_c1_rnetol_d256_depth3_p20,seed205,205,445,44500,100,16,111.10829080439547,118.93399851913927,110.3955228769521,False,max_epochs,2003.4759137630463
rl4crn_rne_oscillator_trace_8rxn_stop_risksched085to09_lr1e4_entropy005_s4_c1_rnetol_d256_depth3_p20,seed205,205,446,44600,100,16,111.12343877039851,118.75182258210629,110.3955228769521,False,max_epochs,2008.8775432109833
rl4crn_rne_oscillator_trace_8rxn_stop_risksched085to09_lr1e4_entropy005_s4_c1_rnetol_d256_depth3_p20,seed205,205,447,44700,100,16,110.91814081308125,120.51612448469065,110.3955228769521,False,max_epochs,2014.1497433185577
rl4crn_rne_oscillator_trace_8rxn_stop_risksched085to09_lr1e4_entropy005_s4_c1_rnetol_d256_depth3_p20,seed205,205,448,44800,100,16,111.07167710521404,118.96001880244123,110.3955228769521,False,max_epochs,2020.7224142551422
rl4crn_rne_oscillator_trace_8rxn_stop_risksched085to09_lr1e4_entropy005_s4_c1_rnetol_d256_depth3_p20,seed205,205,449,44900,100,16,111.07320380876651,122.02439615184028,110.3955228769521,False,max_epochs,2028.1658155918121
rl4crn_rne_oscillator_trace_8rxn_stop_risksched085to09_lr1e4_entropy005_s4_c1_rnetol_d256_depth3_p20,seed205,205,450,45000,100,16,111.54616954772094,124.15941190632466,110.3955228769521,False,max_epochs,2032.6290628910065
rl4crn_rne_oscillator_trace_8rxn_stop_risksched085to09_lr1e4_entropy005_s4_c1_rnetol_d256_depth3_p20,seed205,205,451,45100,100,16,111.3737006501647,121.81426665724098,110.3955228769521,False,max_epochs,2038.4941585063934
rl4crn_rne_oscillator_trace_8rxn_stop_risksched085to09_lr1e4_entropy005_s4_c1_rnetol_d256_depth3_p20,seed205,205,452,45200,100,16,110.87882686758363,123.6495296355817,110.3955228769521,False,max_epochs,2043.914145708084
rl4crn_rne_oscillator_trace_8rxn_stop_risksched085to09_lr1e4_entropy005_s4_c1_rnetol_d256_depth3_p20,seed205,205,453,45300,100,16,110.72207847107792,119.70983518796646,110.3955228769521,False,max_epochs,2048.447501897812
rl4crn_rne_oscillator_trace_8rxn_stop_risksched085to09_lr1e4_entropy005_s4_c1_rnetol_d256_depth3_p20,seed205,205,454,45400,100,16,110.54722716929055,119.59194080298306,110.3955228769521,False,max_epochs,2053.7456755638123
rl4crn_rne_oscillator_trace_8rxn_stop_risksched085to09_lr1e4_entropy005_s4_c1_rnetol_d256_depth3_p20,seed205,205,455,45500,100,16,111.44756897230214,119.0904546029891,110.3955228769521,False,max_epochs,2059.400557756424
rl4crn_rne_oscillator_trace_8rxn_stop_risksched085to09_lr1e4_entropy005_s4_c1_rnetol_d256_depth3_p20,seed205,205,456,45600,100,16,110.66431133118344,119.10242158760244,110.3955228769521,False,max_epochs,2063.752149105072
rl4crn_rne_oscillator_trace_8rxn_stop_risksched085to09_lr1e4_entropy005_s4_c1_rnetol_d256_depth3_p20,seed205,205,457,45700,100,16,110.26253507814786,118.10704788192085,110.26253507814786,False,max_epochs,2068.6560871601105
rl4crn_rne_oscillator_trace_8rxn_stop_risksched085to09_lr1e4_entropy005_s4_c1_rnetol_d256_depth3_p20,seed205,205,458,45800,100,16,111.0019659992987,120.29638572854898,110.26253507814786,False,max_epochs,2074.008268594742
rl4crn_rne_oscillator_trace_8rxn_stop_risksched085to09_lr1e4_entropy005_s4_c1_rnetol_d256_depth3_p20,seed205,205,459,45900,100,16,111.6479444350968,121.99351776211279,110.26253507814786,False,max_epochs,2078.547823905945
rl4crn_rne_oscillator_trace_8rxn_stop_risksched085to09_lr1e4_entropy005_s4_c1_rnetol_d256_depth3_p20,seed205,205,460,46000,100,16,111.14765591600306,117.38930186924016,110.26253507814786,False,max_epochs,2080.950020313263
rl4crn_rne_oscillator_trace_8rxn_stop_risksched085to09_lr1e4_entropy005_s4_c1_rnetol_d256_depth3_p20,seed205,205,461,46100,100,16,110.56539232222688,119.72087874303199,110.26253507814786,False,max_epochs,2087.037418603897
rl4crn_rne_oscillator_trace_8rxn_stop_risksched085to09_lr1e4_entropy005_s4_c1_rnetol_d256_depth3_p20,seed205,205,462,46200,100,16,110.14100468442335,118.74070033833135,110.14100468442335,False,max_epochs,2093.146876811981
rl4crn_rne_oscillator_trace_8rxn_stop_risksched085to09_lr1e4_entropy005_s4_c1_rnetol_d256_depth3_p20,seed205,205,463,46300,100,16,110.50462040596902,116.827792629771,110.14100468442335,False,max_epochs,2098.272618532181
rl4crn_rne_oscillator_trace_8rxn_stop_risksched085to09_lr1e4_entropy005_s4_c1_rnetol_d256_depth3_p20,seed205,205,464,46400,100,16,110.67766649243187,116.91262781944211,110.14100468442335,False,max_epochs,2103.203664779663
rl4crn_rne_oscillator_trace_8rxn_stop_risksched085to09_lr1e4_entropy005_s4_c1_rnetol_d256_depth3_p20,seed205,205,465,46500,100,16,110.91069119702784,116.97147347155801,110.14100468442335,False,max_epochs,2108.882056236267
rl4crn_rne_oscillator_trace_8rxn_stop_risksched085to09_lr1e4_entropy005_s4_c1_rnetol_d256_depth3_p20,seed205,205,466,46600,100,16,110.85934217331044,119.64856936037965,110.14100468442335,False,max_epochs,2113.342567205429
rl4crn_rne_oscillator_trace_8rxn_stop_risksched085to09_lr1e4_entropy005_s4_c1_rnetol_d256_depth3_p20,seed205,205,467,46700,100,16,111.45564782002646,121.33101126110536,110.14100468442335,False,max_epochs,2117.943232536316
rl4crn_rne_oscillator_trace_8rxn_stop_risksched085to09_lr1e4_entropy005_s4_c1_rnetol_d256_depth3_p20,seed205,205,468,46800,100,16,111.53055188651805,118.2735278061318,110.14100468442335,False,max_epochs,2123.0133905410767
rl4crn_rne_oscillator_trace_8rxn_stop_risksched085to09_lr1e4_entropy005_s4_c1_rnetol_d256_depth3_p20,seed205,205,469,46900,100,16,111.63548550601809,118.72158351147235,110.14100468442335,False,max_epochs,2128.213016271591
rl4crn_rne_oscillator_trace_8rxn_stop_risksched085to09_lr1e4_entropy005_s4_c1_rnetol_d256_depth3_p20,seed205,205,470,47000,100,16,111.00271165279169,118.19378062093365,110.14100468442335,False,max_epochs,2133.5670437812805
rl4crn_rne_oscillator_trace_8rxn_stop_risksched085to09_lr1e4_entropy005_s4_c1_rnetol_d256_depth3_p20,seed205,205,471,47100,100,16,110.04792563006528,117.75065148608343,110.04792563006528,False,max_epochs,2137.8166127204895
rl4crn_rne_oscillator_trace_8rxn_stop_risksched085to09_lr1e4_entropy005_s4_c1_rnetol_d256_depth3_p20,seed205,205,472,47200,100,16,110.95275295604354,118.9641392835711,110.04792563006528,False,max_epochs,2142.3940007686615
rl4crn_rne_oscillator_trace_8rxn_stop_risksched085to09_lr1e4_entropy005_s4_c1_rnetol_d256_depth3_p20,seed205,205,473,47300,100,16,109.75396318544523,119.00766524442696,109.75396318544523,False,max_epochs,2146.6643187999725
rl4crn_rne_oscillator_trace_8rxn_stop_risksched085to09_lr1e4_entropy005_s4_c1_rnetol_d256_depth3_p20,seed205,205,474,47400,100,16,110.59151684915277,118.16094116605697,109.75396318544523,False,max_epochs,2152.2384843826294
rl4crn_rne_oscillator_trace_8rxn_stop_risksched085to09_lr1e4_entropy005_s4_c1_rnetol_d256_depth3_p20,seed205,205,475,47500,100,16,110.08805497145276,117.4157969952939,109.75396318544523,False,max_epochs,2158.1569957733154
rl4crn_rne_oscillator_trace_8rxn_stop_risksched085to09_lr1e4_entropy005_s4_c1_rnetol_d256_depth3_p20,seed205,205,476,47600,100,16,110.08745334976494,119.27743064980409,109.75396318544523,False,max_epochs,2162.6192734241486
rl4crn_rne_oscillator_trace_8rxn_stop_risksched085to09_lr1e4_entropy005_s4_c1_rnetol_d256_depth3_p20,seed205,205,477,47700,100,16,110.39320415631,118.198295863436,109.75396318544523,False,max_epochs,2168.007225036621
rl4crn_rne_oscillator_trace_8rxn_stop_risksched085to09_lr1e4_entropy005_s4_c1_rnetol_d256_depth3_p20,seed205,205,478,47800,100,16,110.52417568295537,117.46950140630425,109.75396318544523,False,max_epochs,2172.217696428299
rl4crn_rne_oscillator_trace_8rxn_stop_risksched085to09_lr1e4_entropy005_s4_c1_rnetol_d256_depth3_p20,seed205,205,479,47900,100,16,110.47731168412396,118.28963683340945,109.75396318544523,False,max_epochs,2175.7363283634186
rl4crn_rne_oscillator_trace_8rxn_stop_risksched085to09_lr1e4_entropy005_s4_c1_rnetol_d256_depth3_p20,seed205,205,480,48000,100,16,110.3705277487868,116.56698437131664,109.75396318544523,False,max_epochs,2181.9722616672516
rl4crn_rne_oscillator_trace_8rxn_stop_risksched085to09_lr1e4_entropy005_s4_c1_rnetol_d256_depth3_p20,seed205,205,481,48100,100,16,110.28737384758425,115.5001045281654,109.75396318544523,False,max_epochs,2186.7849164009094
rl4crn_rne_oscillator_trace_8rxn_stop_risksched085to09_lr1e4_entropy005_s4_c1_rnetol_d256_depth3_p20,seed205,205,482,48200,100,16,110.79565912872198,116.74875204636956,109.75396318544523,False,max_epochs,2191.9119300842285
rl4crn_rne_oscillator_trace_8rxn_stop_risksched085to09_lr1e4_entropy005_s4_c1_rnetol_d256_depth3_p20,seed205,205,483,48300,100,16,110.40031260262994,115.0361103540148,109.75396318544523,False,max_epochs,2194.739461660385
rl4crn_rne_oscillator_trace_8rxn_stop_risksched085to09_lr1e4_entropy005_s4_c1_rnetol_d256_depth3_p20,seed205,205,484,48400,100,16,110.3313480853443,113.95597560148616,109.75396318544523,False,max_epochs,2199.9268090724945
rl4crn_rne_oscillator_trace_8rxn_stop_risksched085to09_lr1e4_entropy005_s4_c1_rnetol_d256_depth3_p20,seed205,205,485,48500,100,16,110.67468630618335,116.25860250547132,109.75396318544523,False,max_epochs,2206.434187889099
rl4crn_rne_oscillator_trace_8rxn_stop_risksched085to09_lr1e4_entropy005_s4_c1_rnetol_d256_depth3_p20,seed205,205,486,48600,100,16,110.4362069746902,117.01091683127609,109.75396318544523,False,max_epochs,2210.947071313858
rl4crn_rne_oscillator_trace_8rxn_stop_risksched085to09_lr1e4_entropy005_s4_c1_rnetol_d256_depth3_p20,seed205,205,487,48700,100,16,110.23911666707949,114.68599946300608,109.75396318544523,False,max_epochs,2217.250509262085
rl4crn_rne_oscillator_trace_8rxn_stop_risksched085to09_lr1e4_entropy005_s4_c1_rnetol_d256_depth3_p20,seed205,205,488,48800,100,16,110.31584281725273,114.67618283643026,109.75396318544523,False,max_epochs,2223.8758680820465
rl4crn_rne_oscillator_trace_8rxn_stop_risksched085to09_lr1e4_entropy005_s4_c1_rnetol_d256_depth3_p20,seed205,205,489,48900,100,16,109.6817862794954,113.32345687476567,109.6817862794954,False,max_epochs,2228.2348346710205
rl4crn_rne_oscillator_trace_8rxn_stop_risksched085to09_lr1e4_entropy005_s4_c1_rnetol_d256_depth3_p20,seed205,205,490,49000,100,16,109.86456440322428,114.05115316157094,109.6817862794954,False,max_epochs,2233.9158527851105
rl4crn_rne_oscillator_trace_8rxn_stop_risksched085to09_lr1e4_entropy005_s4_c1_rnetol_d256_depth3_p20,seed205,205,491,49100,100,16,110.15025275134445,115.19108221345414,109.6817862794954,False,max_epochs,2240.9361917972565
rl4crn_rne_oscillator_trace_8rxn_stop_risksched085to09_lr1e4_entropy005_s4_c1_rnetol_d256_depth3_p20,seed205,205,492,49200,100,16,110.83996882811603,118.00623060249029,109.6817862794954,False,max_epochs,2245.695020675659
rl4crn_rne_oscillator_trace_8rxn_stop_risksched085to09_lr1e4_entropy005_s4_c1_rnetol_d256_depth3_p20,seed205,205,493,49300,100,16,111.39225914877971,120.21499174416213,109.6817862794954,False,max_epochs,2250.0730843544006
rl4crn_rne_oscillator_trace_8rxn_stop_risksched085to09_lr1e4_entropy005_s4_c1_rnetol_d256_depth3_p20,seed205,205,494,49400,100,16,110.76258461388524,116.31529762765206,109.6817862794954,False,max_epochs,2253.908608198166
rl4crn_rne_oscillator_trace_8rxn_stop_risksched085to09_lr1e4_entropy005_s4_c1_rnetol_d256_depth3_p20,seed205,205,495,49500,100,16,110.01631890751435,117.1910377858849,109.6817862794954,False,max_epochs,2258.9710030555725
rl4crn_rne_oscillator_trace_8rxn_stop_risksched085to09_lr1e4_entropy005_s4_c1_rnetol_d256_depth3_p20,seed205,205,496,49600,100,16,110.37519035903657,113.6708835902374,109.6817862794954,False,max_epochs,2264.9847786426544
rl4crn_rne_oscillator_trace_8rxn_stop_risksched085to09_lr1e4_entropy005_s4_c1_rnetol_d256_depth3_p20,seed205,205,497,49700,100,16,110.02863452007344,113.51436994480818,109.6817862794954,False,max_epochs,2269.648706674576
rl4crn_rne_oscillator_trace_8rxn_stop_risksched085to09_lr1e4_entropy005_s4_c1_rnetol_d256_depth3_p20,seed205,205,498,49800,100,16,110.4264932432224,114.83484741523229,109.6817862794954,False,max_epochs,2274.238699197769
rl4crn_rne_oscillator_trace_8rxn_stop_risksched085to09_lr1e4_entropy005_s4_c1_rnetol_d256_depth3_p20,seed205,205,499,49900,100,16,110.38970646899197,116.80243654644809,109.6817862794954,False,max_epochs,2277.920176744461
rl4crn_rne_oscillator_trace_8rxn_stop_risksched085to09_lr1e4_entropy005_s4_c1_rnetol_d256_depth3_p20,seed205,205,500,50000,100,16,110.03473665967685,116.42428354566471,109.6817862794954,False,max_epochs,2284.6525933742523
rl4crn_rne_oscillator_trace_8rxn_stop_risksched085to09_lr1e4_entropy005_s4_c1_rnetol_d256_depth3_p20,seed205,205,501,50100,100,16,109.96278070675346,114.27989468272379,109.6817862794954,False,max_epochs,2291.210933446884
rl4crn_rne_oscillator_trace_8rxn_stop_risksched085to09_lr1e4_entropy005_s4_c1_rnetol_d256_depth3_p20,seed205,205,502,50200,100,16,110.80913495148067,116.04292671580697,109.6817862794954,False,max_epochs,2296.101791381836
rl4crn_rne_oscillator_trace_8rxn_stop_risksched085to09_lr1e4_entropy005_s4_c1_rnetol_d256_depth3_p20,seed205,205,503,50300,100,16,109.77534532458496,114.78785779287136,109.6817862794954,False,max_epochs,2301.6125774383545
rl4crn_rne_oscillator_trace_8rxn_stop_risksched085to09_lr1e4_entropy005_s4_c1_rnetol_d256_depth3_p20,seed205,205,504,50400,100,16,110.40235508153108,114.99812376642731,109.6817862794954,False,max_epochs,2306.8651564121246
rl4crn_rne_oscillator_trace_8rxn_stop_risksched085to09_lr1e4_entropy005_s4_c1_rnetol_d256_depth3_p20,seed205,205,505,50500,100,16,110.31467279591925,116.70507077706354,109.6817862794954,False,max_epochs,2310.798444032669
rl4crn_rne_oscillator_trace_8rxn_stop_risksched085to09_lr1e4_entropy005_s4_c1_rnetol_d256_depth3_p20,seed205,205,506,50600,100,16,110.10250759550402,114.80684515642874,109.6817862794954,False,max_epochs,2315.654695749283
rl4crn_rne_oscillator_trace_8rxn_stop_risksched085to09_lr1e4_entropy005_s4_c1_rnetol_d256_depth3_p20,seed205,205,507,50700,100,16,109.91240997454965,117.4832782727853,109.6817862794954,False,max_epochs,2321.1148726940155
rl4crn_rne_oscillator_trace_8rxn_stop_risksched085to09_lr1e4_entropy005_s4_c1_rnetol_d256_depth3_p20,seed205,205,508,50800,100,16,109.73885102678796,121.55392600404278,109.6817862794954,False,max_epochs,2326.001358270645
rl4crn_rne_oscillator_trace_8rxn_stop_risksched085to09_lr1e4_entropy005_s4_c1_rnetol_d256_depth3_p20,seed205,205,509,50900,100,16,109.87007738661254,117.41832385750087,109.6817862794954,False,max_epochs,2333.0917785167694
rl4crn_rne_oscillator_trace_8rxn_stop_risksched085to09_lr1e4_entropy005_s4_c1_rnetol_d256_depth3_p20,seed205,205,510,51000,100,16,110.24863890424307,114.43782360650346,109.6817862794954,False,max_epochs,2338.621743440628
rl4crn_rne_oscillator_trace_8rxn_stop_risksched085to09_lr1e4_entropy005_s4_c1_rnetol_d256_depth3_p20,seed205,205,511,51100,100,16,109.9995160111788,113.65935730931028,109.6817862794954,False,max_epochs,2344.2012066841125
rl4crn_rne_oscillator_trace_8rxn_stop_risksched085to09_lr1e4_entropy005_s4_c1_rnetol_d256_depth3_p20,seed205,205,512,51200,100,16,110.1236972607626,114.37720671017561,109.6817862794954,False,max_epochs,2350.5180842876434
rl4crn_rne_oscillator_trace_8rxn_stop_risksched085to09_lr1e4_entropy005_s4_c1_rnetol_d256_depth3_p20,seed205,205,513,51300,100,16,110.16256777543231,114.89559224787595,109.6817862794954,False,max_epochs,2356.761647462845
rl4crn_rne_oscillator_trace_8rxn_stop_risksched085to09_lr1e4_entropy005_s4_c1_rnetol_d256_depth3_p20,seed205,205,514,51400,100,16,110.25277189830854,115.53059513894212,109.6817862794954,False,max_epochs,2363.182149171829
rl4crn_rne_oscillator_trace_8rxn_stop_risksched085to09_lr1e4_entropy005_s4_c1_rnetol_d256_depth3_p20,seed205,205,515,51500,100,16,110.40235568437532,117.58118689937382,109.6817862794954,False,max_epochs,2367.944408416748
rl4crn_rne_oscillator_trace_8rxn_stop_risksched085to09_lr1e4_entropy005_s4_c1_rnetol_d256_depth3_p20,seed205,205,516,51600,100,16,110.14898588671089,113.82099510508388,109.6817862794954,False,max_epochs,2372.355936765671
rl4crn_rne_oscillator_trace_8rxn_stop_risksched085to09_lr1e4_entropy005_s4_c1_rnetol_d256_depth3_p20,seed205,205,517,51700,100,16,110.1621541702014,114.0777817234991,109.6817862794954,False,max_epochs,2376.019295692444
rl4crn_rne_oscillator_trace_8rxn_stop_risksched085to09_lr1e4_entropy005_s4_c1_rnetol_d256_depth3_p20,seed205,205,518,51800,100,16,110.07546594249843,113.63352809890037,109.6817862794954,False,max_epochs,2381.3492612838745
rl4crn_rne_oscillator_trace_8rxn_stop_risksched085to09_lr1e4_entropy005_s4_c1_rnetol_d256_depth3_p20,seed205,205,519,51900,100,16,110.28444343541413,114.36600064095744,109.6817862794954,False,max_epochs,2387.3132135868073
rl4crn_rne_oscillator_trace_8rxn_stop_risksched085to09_lr1e4_entropy005_s4_c1_rnetol_d256_depth3_p20,seed205,205,520,52000,100,16,110.23869632861044,114.66860044732363,109.6817862794954,False,max_epochs,2391.8724868297577
rl4crn_rne_oscillator_trace_8rxn_stop_risksched085to09_lr1e4_entropy005_s4_c1_rnetol_d256_depth3_p20,seed205,205,521,52100,100,16,109.87509574400418,113.75697373245481,109.6817862794954,False,max_epochs,2397.7446644306183
rl4crn_rne_oscillator_trace_8rxn_stop_risksched085to09_lr1e4_entropy005_s4_c1_rnetol_d256_depth3_p20,seed205,205,522,52200,100,16,110.24392694635603,113.78569823405252,109.6817862794954,False,max_epochs,2402.611736059189
rl4crn_rne_oscillator_trace_8rxn_stop_risksched085to09_lr1e4_entropy005_s4_c1_rnetol_d256_depth3_p20,seed205,205,523,52300,100,16,109.9903140967577,114.21862346757996,109.6817862794954,False,max_epochs,2407.1828804016113
rl4crn_rne_oscillator_trace_8rxn_stop_risksched085to09_lr1e4_entropy005_s4_c1_rnetol_d256_depth3_p20,seed205,205,524,52400,100,16,110.07093860672221,113.28204307272813,109.6817862794954,False,max_epochs,2410.372862815857
rl4crn_rne_oscillator_trace_8rxn_stop_risksched085to09_lr1e4_entropy005_s4_c1_rnetol_d256_depth3_p20,seed205,205,525,52500,100,16,109.95128744981551,113.70529241378766,109.6817862794954,False,max_epochs,2416.64631152153
rl4crn_rne_oscillator_trace_8rxn_stop_risksched085to09_lr1e4_entropy005_s4_c1_rnetol_d256_depth3_p20,seed205,205,526,52600,100,16,110.01092700195291,113.22148407212019,109.6817862794954,False,max_epochs,2422.794388771057
rl4crn_rne_oscillator_trace_8rxn_stop_risksched085to09_lr1e4_entropy005_s4_c1_rnetol_d256_depth3_p20,seed205,205,527,52700,100,16,110.20831450927379,112.6349549621516,109.6817862794954,False,max_epochs,2428.0562307834625
rl4crn_rne_oscillator_trace_8rxn_stop_risksched085to09_lr1e4_entropy005_s4_c1_rnetol_d256_depth3_p20,seed205,205,528,52800,100,16,109.59586570739928,113.07949298791198,109.59586570739928,False,max_epochs,2434.0787086486816
rl4crn_rne_oscillator_trace_8rxn_stop_risksched085to09_lr1e4_entropy005_s4_c1_rnetol_d256_depth3_p20,seed205,205,529,52900,100,16,109.91831235125,113.73804198869664,109.59586570739928,False,max_epochs,2439.4865028858185
rl4crn_rne_oscillator_trace_8rxn_stop_risksched085to09_lr1e4_entropy005_s4_c1_rnetol_d256_depth3_p20,seed205,205,530,53000,100,16,110.08735998822615,113.90689806811204,109.59586570739928,False,max_epochs,2445.964366197586
rl4crn_rne_oscillator_trace_8rxn_stop_risksched085to09_lr1e4_entropy005_s4_c1_rnetol_d256_depth3_p20,seed205,205,531,53100,100,16,110.01155469586331,113.2360205277263,109.59586570739928,False,max_epochs,2452.099102497101
rl4crn_rne_oscillator_trace_8rxn_stop_risksched085to09_lr1e4_entropy005_s4_c1_rnetol_d256_depth3_p20,seed205,205,532,53200,100,16,109.70133113945569,113.1391251726757,109.59586570739928,False,max_epochs,2456.6060602664948
rl4crn_rne_oscillator_trace_8rxn_stop_risksched085to09_lr1e4_entropy005_s4_c1_rnetol_d256_depth3_p20,seed205,205,533,53300,100,16,110.18636775952696,114.57076551180754,109.59586570739928,False,max_epochs,2459.37930893898
rl4crn_rne_oscillator_trace_8rxn_stop_risksched085to09_lr1e4_entropy005_s4_c1_rnetol_d256_depth3_p20,seed205,205,534,53400,100,16,110.53214465281754,115.1059279579994,109.59586570739928,False,max_epochs,2464.4990406036377
rl4crn_rne_oscillator_trace_8rxn_stop_risksched085to09_lr1e4_entropy005_s4_c1_rnetol_d256_depth3_p20,seed205,205,535,53500,100,16,109.88289000893397,113.27677145811201,109.59586570739928,False,max_epochs,2470.1373810768127
rl4crn_rne_oscillator_trace_8rxn_stop_risksched085to09_lr1e4_entropy005_s4_c1_rnetol_d256_depth3_p20,seed205,205,536,53600,100,16,109.97469090200416,113.26049839018914,109.59586570739928,False,max_epochs,2474.298980951309
rl4crn_rne_oscillator_trace_8rxn_stop_risksched085to09_lr1e4_entropy005_s4_c1_rnetol_d256_depth3_p20,seed205,205,537,53700,100,16,109.99297208529403,113.9855828909254,109.59586570739928,False,max_epochs,2478.4873242378235
rl4crn_rne_oscillator_trace_8rxn_stop_risksched085to09_lr1e4_entropy005_s4_c1_rnetol_d256_depth3_p20,seed205,205,538,53800,100,16,109.94393659454185,113.88420500518427,109.59586570739928,False,max_epochs,2482.623246908188
rl4crn_rne_oscillator_trace_8rxn_stop_risksched085to09_lr1e4_entropy005_s4_c1_rnetol_d256_depth3_p20,seed205,205,539,53900,100,16,110.24738060961192,112.83223813983847,109.59586570739928,False,max_epochs,2488.354588508606
rl4crn_rne_oscillator_trace_8rxn_stop_risksched085to09_lr1e4_entropy005_s4_c1_rnetol_d256_depth3_p20,seed205,205,540,54000,100,16,110.31743445096107,113.48222308851302,109.59586570739928,False,max_epochs,2492.2325875759125
rl4crn_rne_oscillator_trace_8rxn_stop_risksched085to09_lr1e4_entropy005_s4_c1_rnetol_d256_depth3_p20,seed205,205,541,54100,100,16,109.64687277888437,112.95651238604867,109.59586570739928,False,max_epochs,2497.933639526367
rl4crn_rne_oscillator_trace_8rxn_stop_risksched085to09_lr1e4_entropy005_s4_c1_rnetol_d256_depth3_p20,seed205,205,542,54200,100,16,110.51083817717702,114.5946691975268,109.59586570739928,False,max_epochs,2503.0618240833282
rl4crn_rne_oscillator_trace_8rxn_stop_risksched085to09_lr1e4_entropy005_s4_c1_rnetol_d256_depth3_p20,seed205,205,543,54300,100,16,110.44386991850932,115.11524541713729,109.59586570739928,False,max_epochs,2507.8163957595825
rl4crn_rne_oscillator_trace_8rxn_stop_risksched085to09_lr1e4_entropy005_s4_c1_rnetol_d256_depth3_p20,seed205,205,544,54400,100,16,110.30119018367091,114.16548658406649,109.59586570739928,False,max_epochs,2512.5181818008423
rl4crn_rne_oscillator_trace_8rxn_stop_risksched085to09_lr1e4_entropy005_s4_c1_rnetol_d256_depth3_p20,seed205,205,545,54500,100,16,109.84426943732345,114.20592420308768,109.59586570739928,False,max_epochs,2517.844925880432
rl4crn_rne_oscillator_trace_8rxn_stop_risksched085to09_lr1e4_entropy005_s4_c1_rnetol_d256_depth3_p20,seed205,205,546,54600,100,16,109.94050623997606,112.96798289199833,109.59586570739928,False,max_epochs,2522.6697115898132
rl4crn_rne_oscillator_trace_8rxn_stop_risksched085to09_lr1e4_entropy005_s4_c1_rnetol_d256_depth3_p20,seed205,205,547,54700,100,16,109.76480253409315,113.73154993403716,109.59586570739928,False,max_epochs,2525.669778108597
rl4crn_rne_oscillator_trace_8rxn_stop_risksched085to09_lr1e4_entropy005_s4_c1_rnetol_d256_depth3_p20,seed205,205,548,54800,100,16,109.91544078649545,115.07706581178016,109.59586570739928,False,max_epochs,2530.762156009674
rl4crn_rne_oscillator_trace_8rxn_stop_risksched085to09_lr1e4_entropy005_s4_c1_rnetol_d256_depth3_p20,seed205,205,549,54900,100,16,110.40948151929783,116.56427714982465,109.59586570739928,False,max_epochs,2536.683832168579
rl4crn_rne_oscillator_trace_8rxn_stop_risksched085to09_lr1e4_entropy005_s4_c1_rnetol_d256_depth3_p20,seed205,205,550,55000,100,16,110.27135044581959,114.50026463981837,109.59586570739928,False,max_epochs,2541.09534239769
rl4crn_rne_oscillator_trace_8rxn_stop_risksched085to09_lr1e4_entropy005_s4_c1_rnetol_d256_depth3_p20,seed205,205,551,55100,100,16,109.71262885783467,113.8454758769899,109.59586570739928,False,max_epochs,2544.6029419898987
rl4crn_rne_oscillator_trace_8rxn_stop_risksched085to09_lr1e4_entropy005_s4_c1_rnetol_d256_depth3_p20,seed205,205,552,55200,100,16,110.47883117562061,113.69314657103999,109.59586570739928,False,max_epochs,2548.510033607483
rl4crn_rne_oscillator_trace_8rxn_stop_risksched085to09_lr1e4_entropy005_s4_c1_rnetol_d256_depth3_p20,seed205,205,553,55300,100,16,109.68636886092914,113.92530295001205,109.59586570739928,False,max_epochs,2553.281205892563
rl4crn_rne_oscillator_trace_8rxn_stop_risksched085to09_lr1e4_entropy005_s4_c1_rnetol_d256_depth3_p20,seed205,205,554,55400,100,16,109.85533998075636,113.72087549440867,109.59586570739928,False,max_epochs,2558.163548707962
rl4crn_rne_oscillator_trace_8rxn_stop_risksched085to09_lr1e4_entropy005_s4_c1_rnetol_d256_depth3_p20,seed205,205,555,55500,100,16,110.10645850680187,115.04593949449881,109.59586570739928,False,max_epochs,2563.7024195194244
rl4crn_rne_oscillator_trace_8rxn_stop_risksched085to09_lr1e4_entropy005_s4_c1_rnetol_d256_depth3_p20,seed205,205,556,55600,100,16,110.16813918018107,115.20527312000262,109.59586570739928,False,max_epochs,2568.4328031539917
rl4crn_rne_oscillator_trace_8rxn_stop_risksched085to09_lr1e4_entropy005_s4_c1_rnetol_d256_depth3_p20,seed205,205,557,55700,100,16,110.41099186114359,114.54903035500531,109.59586570739928,False,max_epochs,2573.2116446495056
rl4crn_rne_oscillator_trace_8rxn_stop_risksched085to09_lr1e4_entropy005_s4_c1_rnetol_d256_depth3_p20,seed205,205,558,55800,100,16,110.17157058281754,113.13473715204633,109.59586570739928,False,max_epochs,2578.088864326477
rl4crn_rne_oscillator_trace_8rxn_stop_risksched085to09_lr1e4_entropy005_s4_c1_rnetol_d256_depth3_p20,seed205,205,559,55900,100,16,110.58421176690011,113.00023534010751,109.59586570739928,False,max_epochs,2583.496062517166
rl4crn_rne_oscillator_trace_8rxn_stop_risksched085to09_lr1e4_entropy005_s4_c1_rnetol_d256_depth3_p20,seed205,205,560,56000,100,16,110.17929478151301,113.09112243230895,109.59586570739928,False,max_epochs,2588.2003769874573
rl4crn_rne_oscillator_trace_8rxn_stop_risksched085to09_lr1e4_entropy005_s4_c1_rnetol_d256_depth3_p20,seed205,205,561,56100,100,16,110.71583411954347,115.21156103479643,109.59586570739928,False,max_epochs,2592.75164604187
rl4crn_rne_oscillator_trace_8rxn_stop_risksched085to09_lr1e4_entropy005_s4_c1_rnetol_d256_depth3_p20,seed205,205,562,56200,100,16,110.09275174377224,114.16271028929293,109.59586570739928,False,max_epochs,2597.426445245743
rl4crn_rne_oscillator_trace_8rxn_stop_risksched085to09_lr1e4_entropy005_s4_c1_rnetol_d256_depth3_p20,seed205,205,563,56300,100,16,110.3504328726546,114.06644377237404,109.59586570739928,False,max_epochs,2599.709814786911
rl4crn_rne_oscillator_trace_8rxn_stop_risksched085to09_lr1e4_entropy005_s4_c1_rnetol_d256_depth3_p20,seed205,205,564,56400,100,16,109.75550809026183,113.10211618873385,109.59586570739928,False,max_epochs,2603.99165391922
rl4crn_rne_oscillator_trace_8rxn_stop_risksched085to09_lr1e4_entropy005_s4_c1_rnetol_d256_depth3_p20,seed205,205,565,56500,100,16,110.16536969840557,113.28711948351796,109.59586570739928,False,max_epochs,2609.176085948944
rl4crn_rne_oscillator_trace_8rxn_stop_risksched085to09_lr1e4_entropy005_s4_c1_rnetol_d256_depth3_p20,seed205,205,566,56600,100,16,109.92416977071184,112.92429478761542,109.59586570739928,False,max_epochs,2614.236919403076
rl4crn_rne_oscillator_trace_8rxn_stop_risksched085to09_lr1e4_entropy005_s4_c1_rnetol_d256_depth3_p20,seed205,205,567,56700,100,16,110.20594633357638,113.57743036594773,109.59586570739928,False,max_epochs,2619.38179731369
rl4crn_rne_oscillator_trace_8rxn_stop_risksched085to09_lr1e4_entropy005_s4_c1_rnetol_d256_depth3_p20,seed205,205,568,56800,100,16,110.34646961577332,114.74121635823485,109.59586570739928,False,max_epochs,2624.080448627472
rl4crn_rne_oscillator_trace_8rxn_stop_risksched085to09_lr1e4_entropy005_s4_c1_rnetol_d256_depth3_p20,seed205,205,569,56900,100,16,110.30149595710981,113.96768569743544,109.59586570739928,False,max_epochs,2629.55997300148
rl4crn_rne_oscillator_trace_8rxn_stop_risksched085to09_lr1e4_entropy005_s4_c1_rnetol_d256_depth3_p20,seed205,205,570,57000,100,16,110.00151937747255,112.81991841772027,109.59586570739928,False,max_epochs,2634.379843235016
rl4crn_rne_oscillator_trace_8rxn_stop_risksched085to09_lr1e4_entropy005_s4_c1_rnetol_d256_depth3_p20,seed205,205,571,57100,100,16,110.28344507254508,113.0299369022832,109.59586570739928,False,max_epochs,2639.3825902938843
rl4crn_rne_oscillator_trace_8rxn_stop_risksched085to09_lr1e4_entropy005_s4_c1_rnetol_d256_depth3_p20,seed205,205,572,57200,100,16,109.83947661328459,112.66089406366787,109.59586570739928,False,max_epochs,2644.623761177063
rl4crn_rne_oscillator_trace_8rxn_stop_risksched085to09_lr1e4_entropy005_s4_c1_rnetol_d256_depth3_p20,seed205,205,573,57300,100,16,110.05022248900762,113.3934754862083,109.59586570739928,False,max_epochs,2649.987993478775
rl4crn_rne_oscillator_trace_8rxn_stop_risksched085to09_lr1e4_entropy005_s4_c1_rnetol_d256_depth3_p20,seed205,205,574,57400,100,16,110.64458275320986,113.9643259555013,109.59586570739928,False,max_epochs,2654.701002597809
rl4crn_rne_oscillator_trace_8rxn_stop_risksched085to09_lr1e4_entropy005_s4_c1_rnetol_d256_depth3_p20,seed205,205,575,57500,100,16,109.85344688672707,113.74287094714342,109.59586570739928,False,max_epochs,2659.2552585601807
rl4crn_rne_oscillator_trace_8rxn_stop_risksched085to09_lr1e4_entropy005_s4_c1_rnetol_d256_depth3_p20,seed205,205,576,57600,100,16,110.34363134171636,112.68256212783508,109.59586570739928,False,max_epochs,2663.9808564186096
rl4crn_rne_oscillator_trace_8rxn_stop_risksched085to09_lr1e4_entropy005_s4_c1_rnetol_d256_depth3_p20,seed205,205,577,57700,100,16,110.28607784358749,112.59834823903753,109.59586570739928,False,max_epochs,2666.3620421886444
rl4crn_rne_oscillator_trace_8rxn_stop_risksched085to09_lr1e4_entropy005_s4_c1_rnetol_d256_depth3_p20,seed205,205,578,57800,100,16,109.94448771522615,112.40617064447547,109.59586570739928,False,max_epochs,2670.5754714012146
rl4crn_rne_oscillator_trace_8rxn_stop_risksched085to09_lr1e4_entropy005_s4_c1_rnetol_d256_depth3_p20,seed205,205,579,57900,100,16,109.87771657539028,113.58033399287905,109.59586570739928,False,max_epochs,2675.113034725189
rl4crn_rne_oscillator_trace_8rxn_stop_risksched085to09_lr1e4_entropy005_s4_c1_rnetol_d256_depth3_p20,seed205,205,580,58000,100,16,110.02887945562378,114.75081822337165,109.59586570739928,False,max_epochs,2680.0467591285706
rl4crn_rne_oscillator_trace_8rxn_stop_risksched085to09_lr1e4_entropy005_s4_c1_rnetol_d256_depth3_p20,seed205,205,581,58100,100,16,110.17331061519843,113.1834446089067,109.59586570739928,False,max_epochs,2685.604952812195
rl4crn_rne_oscillator_trace_8rxn_stop_risksched085to09_lr1e4_entropy005_s4_c1_rnetol_d256_depth3_p20,seed205,205,582,58200,100,16,110.16693275392421,112.63535788111625,109.59586570739928,False,max_epochs,2690.2111732959747
rl4crn_rne_oscillator_trace_8rxn_stop_risksched085to09_lr1e4_entropy005_s4_c1_rnetol_d256_depth3_p20,seed205,205,583,58300,100,16,110.14906838450422,112.76367988055621,109.59586570739928,False,max_epochs,2695.6892924308777
rl4crn_rne_oscillator_trace_8rxn_stop_risksched085to09_lr1e4_entropy005_s4_c1_rnetol_d256_depth3_p20,seed205,205,584,58400,100,16,109.49023789129492,113.72440948546685,109.49023789129492,False,max_epochs,2700.3804454803467
rl4crn_rne_oscillator_trace_8rxn_stop_risksched085to09_lr1e4_entropy005_s4_c1_rnetol_d256_depth3_p20,seed205,205,585,58500,100,16,110.26750743233018,113.77939639354456,109.49023789129492,False,max_epochs,2704.9487195014954
rl4crn_rne_oscillator_trace_8rxn_stop_risksched085to09_lr1e4_entropy005_s4_c1_rnetol_d256_depth3_p20,seed205,205,586,58600,100,16,110.04577820374877,113.66872245961596,109.49023789129492,False,max_epochs,2709.6226391792297
rl4crn_rne_oscillator_trace_8rxn_stop_risksched085to09_lr1e4_entropy005_s4_c1_rnetol_d256_depth3_p20,seed205,205,587,58700,100,16,110.14026532267094,112.65995414621139,109.49023789129492,False,max_epochs,2712.3273718357086
rl4crn_rne_oscillator_trace_8rxn_stop_risksched085to09_lr1e4_entropy005_s4_c1_rnetol_d256_depth3_p20,seed205,205,588,58800,100,16,109.61666081922722,112.10846402372252,109.49023789129492,False,max_epochs,2716.19996881485
rl4crn_rne_oscillator_trace_8rxn_stop_risksched085to09_lr1e4_entropy005_s4_c1_rnetol_d256_depth3_p20,seed205,205,589,58900,100,16,109.9754446943185,112.52240326385868,109.49023789129492,False,max_epochs,2721.5808713436127
rl4crn_rne_oscillator_trace_8rxn_stop_risksched085to09_lr1e4_entropy005_s4_c1_rnetol_d256_depth3_p20,seed205,205,590,59000,100,16,110.18152458082773,112.741386942237,109.49023789129492,False,max_epochs,2726.487179040909
rl4crn_rne_oscillator_trace_8rxn_stop_risksched085to09_lr1e4_entropy005_s4_c1_rnetol_d256_depth3_p20,seed205,205,591,59100,100,16,109.93374735389365,113.715751103998,109.49023789129492,False,max_epochs,2731.7685208320618
rl4crn_rne_oscillator_trace_8rxn_stop_risksched085to09_lr1e4_entropy005_s4_c1_rnetol_d256_depth3_p20,seed205,205,592,59200,100,16,110.57203451979896,114.11206055772772,109.49023789129492,False,max_epochs,2736.5455141067505
rl4crn_rne_oscillator_trace_8rxn_stop_risksched085to09_lr1e4_entropy005_s4_c1_rnetol_d256_depth3_p20,seed205,205,593,59300,100,16,109.79202003894504,113.16358557570585,109.49023789129492,False,max_epochs,2741.5336990356445
rl4crn_rne_oscillator_trace_8rxn_stop_risksched085to09_lr1e4_entropy005_s4_c1_rnetol_d256_depth3_p20,seed205,205,594,59400,100,16,109.82357053116465,112.88651527557701,109.49023789129492,False,max_epochs,2746.4317169189453
rl4crn_rne_oscillator_trace_8rxn_stop_risksched085to09_lr1e4_entropy005_s4_c1_rnetol_d256_depth3_p20,seed205,205,595,59500,100,16,110.23535845187904,112.18987003073647,109.49023789129492,False,max_epochs,2751.80149769783
rl4crn_rne_oscillator_trace_8rxn_stop_risksched085to09_lr1e4_entropy005_s4_c1_rnetol_d256_depth3_p20,seed205,205,596,59600,100,16,110.30154131821443,112.69991358606117,109.49023789129492,False,max_epochs,2756.2776861190796
rl4crn_rne_oscillator_trace_8rxn_stop_risksched085to09_lr1e4_entropy005_s4_c1_rnetol_d256_depth3_p20,seed205,205,597,59700,100,16,110.36881617425664,113.4964690632961,109.49023789129492,False,max_epochs,2760.859178543091
rl4crn_rne_oscillator_trace_8rxn_stop_risksched085to09_lr1e4_entropy005_s4_c1_rnetol_d256_depth3_p20,seed205,205,598,59800,100,16,110.2000722482638,113.93603198795549,109.49023789129492,False,max_epochs,2764.1689932346344
rl4crn_rne_oscillator_trace_8rxn_stop_risksched085to09_lr1e4_entropy005_s4_c1_rnetol_d256_depth3_p20,seed205,205,599,59900,100,16,110.1609024969445,112.86469278807675,109.49023789129492,False,max_epochs,2767.7676618099213
rl4crn_rne_oscillator_trace_8rxn_stop_risksched085to09_lr1e4_entropy005_s4_c1_rnetol_d256_depth3_p20,seed205,205,600,60000,100,16,109.8346244112726,112.92373179218087,109.49023789129492,False,max_epochs,2772.5015485286713
rl4crn_rne_oscillator_trace_8rxn_stop_risksched085to09_lr1e4_entropy005_s4_c1_rnetol_d256_depth3_p20,seed205,205,601,60100,100,16,109.76078041258685,112.31425708043875,109.49023789129492,False,max_epochs,2777.4148981571198
rl4crn_rne_oscillator_trace_8rxn_stop_risksched085to09_lr1e4_entropy005_s4_c1_rnetol_d256_depth3_p20,seed205,205,602,60200,100,16,109.7183764829009,112.87205028033901,109.49023789129492,False,max_epochs,2782.3166534900665
rl4crn_rne_oscillator_trace_8rxn_stop_risksched085to09_lr1e4_entropy005_s4_c1_rnetol_d256_depth3_p20,seed205,205,603,60300,100,16,110.12068315484663,113.3671145976243,109.49023789129492,False,max_epochs,2787.666136741638
rl4crn_rne_oscillator_trace_8rxn_stop_risksched085to09_lr1e4_entropy005_s4_c1_rnetol_d256_depth3_p20,seed205,205,604,60400,100,16,110.05803242760412,114.0853185516199,109.49023789129492,False,max_epochs,2792.3899240493774
rl4crn_rne_oscillator_trace_8rxn_stop_risksched085to09_lr1e4_entropy005_s4_c1_rnetol_d256_depth3_p20,seed205,205,605,60500,100,16,110.14888781731406,113.37599459699041,109.49023789129492,False,max_epochs,2797.026908159256
rl4crn_rne_oscillator_trace_8rxn_stop_risksched085to09_lr1e4_entropy005_s4_c1_rnetol_d256_depth3_p20,seed205,205,606,60600,100,16,110.24838534801417,112.70470366602854,109.49023789129492,False,max_epochs,2801.712688922882
rl4crn_rne_oscillator_trace_8rxn_stop_risksched085to09_lr1e4_entropy005_s4_c1_rnetol_d256_depth3_p20,seed205,205,607,60700,100,16,110.07127575987755,112.73846080081381,109.49023789129492,False,max_epochs,2804.788566350937
rl4crn_rne_oscillator_trace_8rxn_stop_risksched085to09_lr1e4_entropy005_s4_c1_rnetol_d256_depth3_p20,seed205,205,608,60800,100,16,109.85235861986577,112.99853720351874,109.49023789129492,False,max_epochs,2808.0657000541687
rl4crn_rne_oscillator_trace_8rxn_stop_risksched085to09_lr1e4_entropy005_s4_c1_rnetol_d256_depth3_p20,seed205,205,609,60900,100,16,110.2520417091674,113.22586579399194,109.49023789129492,False,max_epochs,2813.3817846775055
rl4crn_rne_oscillator_trace_8rxn_stop_risksched085to09_lr1e4_entropy005_s4_c1_rnetol_d256_depth3_p20,seed205,205,610,61000,100,16,109.63386662384616,113.95118186915622,109.49023789129492,False,max_epochs,2818.1369936466217
rl4crn_rne_oscillator_trace_8rxn_stop_risksched085to09_lr1e4_entropy005_s4_c1_rnetol_d256_depth3_p20,seed205,205,611,61100,100,16,109.91520892850224,113.61352182653155,109.49023789129492,False,max_epochs,2823.1827828884125
rl4crn_rne_oscillator_trace_8rxn_stop_risksched085to09_lr1e4_entropy005_s4_c1_rnetol_d256_depth3_p20,seed205,205,612,61200,100,16,109.79289759844637,112.32547333723441,109.49023789129492,False,max_epochs,2828.2446887493134
rl4crn_rne_oscillator_trace_8rxn_stop_risksched085to09_lr1e4_entropy005_s4_c1_rnetol_d256_depth3_p20,seed205,205,613,61300,100,16,109.87451852896942,112.6577848041155,109.49023789129492,False,max_epochs,2833.358279466629
rl4crn_rne_oscillator_trace_8rxn_stop_risksched085to09_lr1e4_entropy005_s4_c1_rnetol_d256_depth3_p20,seed205,205,614,61400,100,16,109.70792571398822,112.78611794428518,109.49023789129492,False,max_epochs,2838.333261013031
rl4crn_rne_oscillator_trace_8rxn_stop_risksched085to09_lr1e4_entropy005_s4_c1_rnetol_d256_depth3_p20,seed205,205,615,61500,100,16,109.54903200991676,113.46377717925927,109.49023789129492,False,max_epochs,2842.9270570278168
rl4crn_rne_oscillator_trace_8rxn_stop_risksched085to09_lr1e4_entropy005_s4_c1_rnetol_d256_depth3_p20,seed205,205,616,61600,100,16,110.09366139979828,113.72875942443356,109.49023789129492,False,max_epochs,2847.4635801315308
rl4crn_rne_oscillator_trace_8rxn_stop_risksched085to09_lr1e4_entropy005_s4_c1_rnetol_d256_depth3_p20,seed205,205,617,61700,100,16,110.3064651080927,113.24119931150881,109.49023789129492,False,max_epochs,2849.537977695465
rl4crn_rne_oscillator_trace_8rxn_stop_risksched085to09_lr1e4_entropy005_s4_c1_rnetol_d256_depth3_p20,seed205,205,618,61800,100,16,109.75525480576745,112.93932064905033,109.49023789129492,False,max_epochs,2854.2496061325073
rl4crn_rne_oscillator_trace_8rxn_stop_risksched085to09_lr1e4_entropy005_s4_c1_rnetol_d256_depth3_p20,seed205,205,619,61900,100,16,109.98279454225704,112.75838794484534,109.49023789129492,False,max_epochs,2859.416625022888
rl4crn_rne_oscillator_trace_8rxn_stop_risksched085to09_lr1e4_entropy005_s4_c1_rnetol_d256_depth3_p20,seed205,205,620,62000,100,16,110.0063625713321,112.59764578552335,109.49023789129492,False,max_epochs,2864.201865196228
rl4crn_rne_oscillator_trace_8rxn_stop_risksched085to09_lr1e4_entropy005_s4_c1_rnetol_d256_depth3_p20,seed205,205,621,62100,100,16,109.638329539456,112.5745047896131,109.49023789129492,False,max_epochs,2868.9237039089203
rl4crn_rne_oscillator_trace_8rxn_stop_risksched085to09_lr1e4_entropy005_s4_c1_rnetol_d256_depth3_p20,seed205,205,622,62200,100,16,110.1272460809998,113.04615969834023,109.49023789129492,False,max_epochs,2873.4463975429535
rl4crn_rne_oscillator_trace_8rxn_stop_risksched085to09_lr1e4_entropy005_s4_c1_rnetol_d256_depth3_p20,seed205,205,623,62300,100,16,109.83760329810818,113.03163302307911,109.49023789129492,False,max_epochs,2877.971509218216
rl4crn_rne_oscillator_trace_8rxn_stop_risksched085to09_lr1e4_entropy005_s4_c1_rnetol_d256_depth3_p20,seed205,205,624,62400,100,16,109.67621841290763,112.84568452429063,109.49023789129492,False,max_epochs,2880.173305273056
rl4crn_rne_oscillator_trace_8rxn_stop_risksched085to09_lr1e4_entropy005_s4_c1_rnetol_d256_depth3_p20,seed205,205,625,62500,100,16,109.73543593615642,113.51520987854866,109.49023789129492,False,max_epochs,2884.7332179546356
rl4crn_rne_oscillator_trace_8rxn_stop_risksched085to09_lr1e4_entropy005_s4_c1_rnetol_d256_depth3_p20,seed205,205,626,62600,100,16,109.89556614265996,113.23076559762839,109.49023789129492,False,max_epochs,2889.96785736084
rl4crn_rne_oscillator_trace_8rxn_stop_risksched085to09_lr1e4_entropy005_s4_c1_rnetol_d256_depth3_p20,seed205,205,627,62700,100,16,109.92384699666383,112.47597294681546,109.49023789129492,False,max_epochs,2895.1063566207886
rl4crn_rne_oscillator_trace_8rxn_stop_risksched085to09_lr1e4_entropy005_s4_c1_rnetol_d256_depth3_p20,seed205,205,628,62800,100,16,110.6237571940463,113.0532505962022,109.49023789129492,False,max_epochs,2900.0194034576416
rl4crn_rne_oscillator_trace_8rxn_stop_risksched085to09_lr1e4_entropy005_s4_c1_rnetol_d256_depth3_p20,seed205,205,629,62900,100,16,109.9546499107685,112.85950265477406,109.49023789129492,False,max_epochs,2905.4781560897827
rl4crn_rne_oscillator_trace_8rxn_stop_risksched085to09_lr1e4_entropy005_s4_c1_rnetol_d256_depth3_p20,seed205,205,630,63000,100,16,109.74365180427596,113.37566516173392,109.49023789129492,False,max_epochs,2910.3682358264923
rl4crn_rne_oscillator_trace_8rxn_stop_risksched085to09_lr1e4_entropy005_s4_c1_rnetol_d256_depth3_p20,seed205,205,631,63100,100,16,109.84905806852856,112.43800941715267,109.49023789129492,False,max_epochs,2915.4271652698517
rl4crn_rne_oscillator_trace_8rxn_stop_risksched085to09_lr1e4_entropy005_s4_c1_rnetol_d256_depth3_p20,seed205,205,632,63200,100,16,109.75414833887534,112.4208802864061,109.49023789129492,False,max_epochs,2920.4776718616486
rl4crn_rne_oscillator_trace_8rxn_stop_risksched085to09_lr1e4_entropy005_s4_c1_rnetol_d256_depth3_p20,seed205,205,633,63300,100,16,110.09821095914064,113.05591323294294,109.49023789129492,False,max_epochs,2925.1595504283905
rl4crn_rne_oscillator_trace_8rxn_stop_risksched085to09_lr1e4_entropy005_s4_c1_rnetol_d256_depth3_p20,seed205,205,634,63400,100,16,109.63908733381611,112.84795974621053,109.49023789129492,False,max_epochs,2929.9216310977936
rl4crn_rne_oscillator_trace_8rxn_stop_risksched085to09_lr1e4_entropy005_s4_c1_rnetol_d256_depth3_p20,seed205,205,635,63500,100,16,109.67158159776245,112.54532256820139,109.49023789129492,False,max_epochs,2934.472661972046
rl4crn_rne_oscillator_trace_8rxn_stop_risksched085to09_lr1e4_entropy005_s4_c1_rnetol_d256_depth3_p20,seed205,205,636,63600,100,16,109.75085727510508,112.8610702135687,109.49023789129492,False,max_epochs,2937.050037384033
rl4crn_rne_oscillator_trace_8rxn_stop_risksched085to09_lr1e4_entropy005_s4_c1_rnetol_d256_depth3_p20,seed205,205,637,63700,100,16,110.05867724349552,113.63214679891428,109.49023789129492,False,max_epochs,2941.5526814460754
rl4crn_rne_oscillator_trace_8rxn_stop_risksched085to09_lr1e4_entropy005_s4_c1_rnetol_d256_depth3_p20,seed205,205,638,63800,100,16,109.95520263261105,112.54330312877683,109.49023789129492,False,max_epochs,2946.509420156479
rl4crn_rne_oscillator_trace_8rxn_stop_risksched085to09_lr1e4_entropy005_s4_c1_rnetol_d256_depth3_p20,seed205,205,639,63900,100,16,110.012145421938,112.94103551848426,109.49023789129492,False,max_epochs,2950.9523129463196
rl4crn_rne_oscillator_trace_8rxn_stop_risksched085to09_lr1e4_entropy005_s4_c1_rnetol_d256_depth3_p20,seed205,205,640,64000,100,16,109.89956425631269,112.13316903025392,109.49023789129492,False,max_epochs,2955.943290710449
rl4crn_rne_oscillator_trace_8rxn_stop_risksched085to09_lr1e4_entropy005_s4_c1_rnetol_d256_depth3_p20,seed205,205,641,64100,100,16,109.60161351883768,113.63779024079838,109.49023789129492,False,max_epochs,2960.528426170349
rl4crn_rne_oscillator_trace_8rxn_stop_risksched085to09_lr1e4_entropy005_s4_c1_rnetol_d256_depth3_p20,seed205,205,642,64200,100,16,110.17339087775969,112.84285936638844,109.49023789129492,False,max_epochs,2962.970470190048
rl4crn_rne_oscillator_trace_8rxn_stop_risksched085to09_lr1e4_entropy005_s4_c1_rnetol_d256_depth3_p20,seed205,205,643,64300,100,16,109.53009820894508,112.71346834245622,109.49023789129492,False,max_epochs,2967.3264634609222
rl4crn_rne_oscillator_trace_8rxn_stop_risksched085to09_lr1e4_entropy005_s4_c1_rnetol_d256_depth3_p20,seed205,205,644,64400,100,16,109.8811795929567,112.46647032949713,109.49023789129492,False,max_epochs,2972.309855699539
rl4crn_rne_oscillator_trace_8rxn_stop_risksched085to09_lr1e4_entropy005_s4_c1_rnetol_d256_depth3_p20,seed205,205,645,64500,100,16,109.76574940263619,112.76779548112172,109.49023789129492,False,max_epochs,2977.3012528419495
rl4crn_rne_oscillator_trace_8rxn_stop_risksched085to09_lr1e4_entropy005_s4_c1_rnetol_d256_depth3_p20,seed205,205,646,64600,100,16,109.92331732883312,113.08705386428299,109.49023789129492,False,max_epochs,2981.9701340198517
rl4crn_rne_oscillator_trace_8rxn_stop_risksched085to09_lr1e4_entropy005_s4_c1_rnetol_d256_depth3_p20,seed205,205,647,64700,100,16,109.9067568677028,112.46703197302409,109.49023789129492,False,max_epochs,2986.8475823402405
rl4crn_rne_oscillator_trace_8rxn_stop_risksched085to09_lr1e4_entropy005_s4_c1_rnetol_d256_depth3_p20,seed205,205,648,64800,100,16,109.99545261614563,112.72902243218374,109.49023789129492,False,max_epochs,2991.3602800369263
rl4crn_rne_oscillator_trace_8rxn_stop_risksched085to09_lr1e4_entropy005_s4_c1_rnetol_d256_depth3_p20,seed205,205,649,64900,100,16,109.56741601037899,112.76377004772527,109.49023789129492,False,max_epochs,2993.4629456996918
rl4crn_rne_oscillator_trace_8rxn_stop_risksched085to09_lr1e4_entropy005_s4_c1_rnetol_d256_depth3_p20,seed205,205,650,65000,100,16,110.30164877096225,114.22369100779865,109.49023789129492,False,max_epochs,2998.4873156547546
rl4crn_rne_oscillator_trace_8rxn_stop_risksched085to09_lr1e4_entropy005_s4_c1_rnetol_d256_depth3_p20,seed205,205,651,65100,100,16,110.41004435801365,115.67399677949409,109.49023789129492,False,max_epochs,3003.503910779953
rl4crn_rne_oscillator_trace_8rxn_stop_risksched085to09_lr1e4_entropy005_s4_c1_rnetol_d256_depth3_p20,seed205,205,652,65200,100,16,110.27344021289419,114.68174822480469,109.49023789129492,False,max_epochs,3008.8942131996155
rl4crn_rne_oscillator_trace_8rxn_stop_risksched085to09_lr1e4_entropy005_s4_c1_rnetol_d256_depth3_p20,seed205,205,653,65300,100,16,109.8818579639635,113.69048098566242,109.49023789129492,False,max_epochs,3013.549646139145
rl4crn_rne_oscillator_trace_8rxn_stop_risksched085to09_lr1e4_entropy005_s4_c1_rnetol_d256_depth3_p20,seed205,205,654,65400,100,16,109.87552295273188,112.51431003630647,109.49023789129492,False,max_epochs,3018.8777527809143
rl4crn_rne_oscillator_trace_8rxn_stop_risksched085to09_lr1e4_entropy005_s4_c1_rnetol_d256_depth3_p20,seed205,205,655,65500,100,16,110.35370546462299,112.70225631705141,109.49023789129492,False,max_epochs,3023.232829093933
rl4crn_rne_oscillator_trace_8rxn_stop_risksched085to09_lr1e4_entropy005_s4_c1_rnetol_d256_depth3_p20,seed205,205,656,65600,100,16,110.18798182621049,112.97688681122581,109.49023789129492,False,max_epochs,3027.6968841552734
rl4crn_rne_oscillator_trace_8rxn_stop_risksched085to09_lr1e4_entropy005_s4_c1_rnetol_d256_depth3_p20,seed205,205,657,65700,100,16,109.84999546938403,112.31823686766313,109.49023789129492,False,max_epochs,3030.1280419826508
rl4crn_rne_oscillator_trace_8rxn_stop_risksched085to09_lr1e4_entropy005_s4_c1_rnetol_d256_depth3_p20,seed205,205,658,65800,100,16,109.72826199777701,112.94116377382917,109.49023789129492,False,max_epochs,3034.5733766555786
rl4crn_rne_oscillator_trace_8rxn_stop_risksched085to09_lr1e4_entropy005_s4_c1_rnetol_d256_depth3_p20,seed205,205,659,65900,100,16,110.32032254020892,114.98653100997112,109.49023789129492,False,max_epochs,3039.7295050621033
rl4crn_rne_oscillator_trace_8rxn_stop_risksched085to09_lr1e4_entropy005_s4_c1_rnetol_d256_depth3_p20,seed205,205,660,66000,100,16,110.6525736510259,115.12175596269404,109.49023789129492,False,max_epochs,3044.4681413173676
rl4crn_rne_oscillator_trace_8rxn_stop_risksched085to09_lr1e4_entropy005_s4_c1_rnetol_d256_depth3_p20,seed205,205,661,66100,100,16,110.04470773085929,113.72188292042108,109.49023789129492,False,max_epochs,3049.828101158142
rl4crn_rne_oscillator_trace_8rxn_stop_risksched085to09_lr1e4_entropy005_s4_c1_rnetol_d256_depth3_p20,seed205,205,662,66200,100,16,110.07132148970747,112.45055129710468,109.49023789129492,False,max_epochs,3054.873264312744
rl4crn_rne_oscillator_trace_8rxn_stop_risksched085to09_lr1e4_entropy005_s4_c1_rnetol_d256_depth3_p20,seed205,205,663,66300,100,16,109.8837484869291,112.40014760725401,109.49023789129492,False,max_epochs,3059.468067884445
rl4crn_rne_oscillator_trace_8rxn_stop_risksched085to09_lr1e4_entropy005_s4_c1_rnetol_d256_depth3_p20,seed205,205,664,66400,100,16,110.3576753763472,112.86770249185251,109.49023789129492,False,max_epochs,3064.2926528453827
rl4crn_rne_oscillator_trace_8rxn_stop_risksched085to09_lr1e4_entropy005_s4_c1_rnetol_d256_depth3_p20,seed205,205,665,66500,100,16,109.54347072479494,112.64857493651385,109.49023789129492,False,max_epochs,3066.568050146103
rl4crn_rne_oscillator_trace_8rxn_stop_risksched085to09_lr1e4_entropy005_s4_c1_rnetol_d256_depth3_p20,seed205,205,666,66600,100,16,109.95220528522336,113.67027686789983,109.49023789129492,False,max_epochs,3071.174211740494
rl4crn_rne_oscillator_trace_8rxn_stop_risksched085to09_lr1e4_entropy005_s4_c1_rnetol_d256_depth3_p20,seed205,205,667,66700,100,16,109.65875491005254,113.84787323368428,109.49023789129492,False,max_epochs,3075.9786338806152
rl4crn_rne_oscillator_trace_8rxn_stop_risksched085to09_lr1e4_entropy005_s4_c1_rnetol_d256_depth3_p20,seed205,205,668,66800,100,16,109.56038751419648,113.12318681202632,109.49023789129492,False,max_epochs,3080.774901151657
rl4crn_rne_oscillator_trace_8rxn_stop_risksched085to09_lr1e4_entropy005_s4_c1_rnetol_d256_depth3_p20,seed205,205,669,66900,100,16,109.68169308484276,114.01578122004159,109.49023789129492,False,max_epochs,3085.452521800995
rl4crn_rne_oscillator_trace_8rxn_stop_risksched085to09_lr1e4_entropy005_s4_c1_rnetol_d256_depth3_p20,seed205,205,670,67000,100,16,109.69041937003674,113.87766582009385,109.49023789129492,False,max_epochs,3090.0952241420746
rl4crn_rne_oscillator_trace_8rxn_stop_risksched085to09_lr1e4_entropy005_s4_c1_rnetol_d256_depth3_p20,seed205,205,671,67100,100,16,109.67218517383412,112.59189666030301,109.49023789129492,False,max_epochs,3092.4200892448425
rl4crn_rne_oscillator_trace_8rxn_stop_risksched085to09_lr1e4_entropy005_s4_c1_rnetol_d256_depth3_p20,seed205,205,672,67200,100,16,109.90307777302411,112.66056630090684,109.49023789129492,False,max_epochs,3097.2289505004883
rl4crn_rne_oscillator_trace_8rxn_stop_risksched085to09_lr1e4_entropy005_s4_c1_rnetol_d256_depth3_p20,seed205,205,673,67300,100,16,110.02873215013977,112.99793439231223,109.49023789129492,False,max_epochs,3102.1750013828278
rl4crn_rne_oscillator_trace_8rxn_stop_risksched085to09_lr1e4_entropy005_s4_c1_rnetol_d256_depth3_p20,seed205,205,674,67400,100,16,109.75719581413892,112.48009721106722,109.49023789129492,False,max_epochs,3107.1790115833282
rl4crn_rne_oscillator_trace_8rxn_stop_risksched085to09_lr1e4_entropy005_s4_c1_rnetol_d256_depth3_p20,seed205,205,675,67500,100,16,110.34350719069137,113.72134938370831,109.49023789129492,False,max_epochs,3112.7305996418
rl4crn_rne_oscillator_trace_8rxn_stop_risksched085to09_lr1e4_entropy005_s4_c1_rnetol_d256_depth3_p20,seed205,205,676,67600,100,16,110.11904666300047,114.57552171614743,109.49023789129492,False,max_epochs,3117.767410516739
rl4crn_rne_oscillator_trace_8rxn_stop_risksched085to09_lr1e4_entropy005_s4_c1_rnetol_d256_depth3_p20,seed205,205,677,67700,100,16,109.81369132611589,113.43184788913756,109.49023789129492,False,max_epochs,3122.3084001541138
rl4crn_rne_oscillator_trace_8rxn_stop_risksched085to09_lr1e4_entropy005_s4_c1_rnetol_d256_depth3_p20,seed205,205,678,67800,100,16,109.6577148786981,112.19941785041269,109.49023789129492,False,max_epochs,3127.1115152835846
rl4crn_rne_oscillator_trace_8rxn_stop_risksched085to09_lr1e4_entropy005_s4_c1_rnetol_d256_depth3_p20,seed205,205,679,67900,100,16,109.98361782706876,112.57511457103632,109.49023789129492,False,max_epochs,3130.414404153824
rl4crn_rne_oscillator_trace_8rxn_stop_risksched085to09_lr1e4_entropy005_s4_c1_rnetol_d256_depth3_p20,seed205,205,680,68000,100,16,109.67359773970932,112.09406778452933,109.49023789129492,False,max_epochs,3133.8494267463684
rl4crn_rne_oscillator_trace_8rxn_stop_risksched085to09_lr1e4_entropy005_s4_c1_rnetol_d256_depth3_p20,seed205,205,681,68100,100,16,109.86372036230344,113.64871866498824,109.49023789129492,False,max_epochs,3139.0469551086426
rl4crn_rne_oscillator_trace_8rxn_stop_risksched085to09_lr1e4_entropy005_s4_c1_rnetol_d256_depth3_p20,seed205,205,682,68200,100,16,110.3980353850271,113.70746973961502,109.49023789129492,False,max_epochs,3143.6889102458954
rl4crn_rne_oscillator_trace_8rxn_stop_risksched085to09_lr1e4_entropy005_s4_c1_rnetol_d256_depth3_p20,seed205,205,683,68300,100,16,109.79423943444917,112.92867839398785,109.49023789129492,False,max_epochs,3149.0068442821503
rl4crn_rne_oscillator_trace_8rxn_stop_risksched085to09_lr1e4_entropy005_s4_c1_rnetol_d256_depth3_p20,seed205,205,684,68400,100,16,109.54271610125323,112.35188509564586,109.49023789129492,False,max_epochs,3154.273717880249
rl4crn_rne_oscillator_trace_8rxn_stop_risksched085to09_lr1e4_entropy005_s4_c1_rnetol_d256_depth3_p20,seed205,205,685,68500,100,16,109.95623289557486,112.20715375503192,109.49023789129492,False,max_epochs,3159.1080207824707
rl4crn_rne_oscillator_trace_8rxn_stop_risksched085to09_lr1e4_entropy005_s4_c1_rnetol_d256_depth3_p20,seed205,205,686,68600,100,16,109.77702747147457,112.5775559207687,109.49023789129492,False,max_epochs,3164.6322541236877
rl4crn_rne_oscillator_trace_8rxn_stop_risksched085to09_lr1e4_entropy005_s4_c1_rnetol_d256_depth3_p20,seed205,205,687,68700,100,16,109.6684812448918,112.42953757469743,109.49023789129492,False,max_epochs,3170.013412952423
rl4crn_rne_oscillator_trace_8rxn_stop_risksched085to09_lr1e4_entropy005_s4_c1_rnetol_d256_depth3_p20,seed205,205,688,68800,100,16,109.68053239274401,112.54935993499689,109.49023789129492,False,max_epochs,3174.8227982521057
rl4crn_rne_oscillator_trace_8rxn_stop_risksched085to09_lr1e4_entropy005_s4_c1_rnetol_d256_depth3_p20,seed205,205,689,68900,100,16,109.54378978221814,113.14240307411063,109.49023789129492,False,max_epochs,3180.3726103305817
rl4crn_rne_oscillator_trace_8rxn_stop_risksched085to09_lr1e4_entropy005_s4_c1_rnetol_d256_depth3_p20,seed205,205,690,69000,100,16,109.68088006978881,112.61556313803942,109.49023789129492,False,max_epochs,3185.5198726654053
rl4crn_rne_oscillator_trace_8rxn_stop_risksched085to09_lr1e4_entropy005_s4_c1_rnetol_d256_depth3_p20,seed205,205,691,69100,100,16,109.78927519743718,112.57426498643355,109.49023789129492,False,max_epochs,3190.56005191803
rl4crn_rne_oscillator_trace_8rxn_stop_risksched085to09_lr1e4_entropy005_s4_c1_rnetol_d256_depth3_p20,seed205,205,692,69200,100,16,109.95715510603688,112.78485942985826,109.49023789129492,False,max_epochs,3195.5558314323425
rl4crn_rne_oscillator_trace_8rxn_stop_risksched085to09_lr1e4_entropy005_s4_c1_rnetol_d256_depth3_p20,seed205,205,693,69300,100,16,109.87655565949973,113.61780600657079,109.49023789129492,False,max_epochs,3201.0571839809418
rl4crn_rne_oscillator_trace_8rxn_stop_risksched085to09_lr1e4_entropy005_s4_c1_rnetol_d256_depth3_p20,seed205,205,694,69400,100,16,110.14628848619081,113.72745583391921,109.49023789129492,False,max_epochs,3205.5473017692566
rl4crn_rne_oscillator_trace_8rxn_stop_risksched085to09_lr1e4_entropy005_s4_c1_rnetol_d256_depth3_p20,seed205,205,695,69500,100,16,109.49763028195561,113.04556705212357,109.49023789129492,False,max_epochs,3210.062747478485
rl4crn_rne_oscillator_trace_8rxn_stop_risksched085to09_lr1e4_entropy005_s4_c1_rnetol_d256_depth3_p20,seed205,205,696,69600,100,16,109.78732694287343,113.15353395206603,109.49023789129492,False,max_epochs,3212.358178138733
rl4crn_rne_oscillator_trace_8rxn_stop_risksched085to09_lr1e4_entropy005_s4_c1_rnetol_d256_depth3_p20,seed205,205,697,69700,100,16,109.80628058049626,112.1814494004305,109.49023789129492,False,max_epochs,3216.873321533203
rl4crn_rne_oscillator_trace_8rxn_stop_risksched085to09_lr1e4_entropy005_s4_c1_rnetol_d256_depth3_p20,seed205,205,698,69800,100,16,109.88686362285611,112.95861237663257,109.49023789129492,False,max_epochs,3221.8085906505585
rl4crn_rne_oscillator_trace_8rxn_stop_risksched085to09_lr1e4_entropy005_s4_c1_rnetol_d256_depth3_p20,seed205,205,699,69900,100,16,109.83893124849445,112.59195327430433,109.49023789129492,False,max_epochs,3226.762144804001
rl4crn_rne_oscillator_trace_8rxn_stop_risksched085to09_lr1e4_entropy005_s4_c1_rnetol_d256_depth3_p20,seed205,205,700,70000,100,16,109.9153230277227,112.77240267089684,109.49023789129492,False,max_epochs,3232.017928123474
rl4crn_rne_oscillator_trace_8rxn_stop_risksched085to09_lr1e4_entropy005_s4_c1_rnetol_d256_depth3_p20,seed205,205,701,70100,100,16,109.58549914779019,112.35367751548785,109.49023789129492,False,max_epochs,3236.4222099781036
rl4crn_rne_oscillator_trace_8rxn_stop_risksched085to09_lr1e4_entropy005_s4_c1_rnetol_d256_depth3_p20,seed205,205,702,70200,100,16,110.12279261853517,112.61946961221737,109.49023789129492,False,max_epochs,3241.0303559303284
rl4crn_rne_oscillator_trace_8rxn_stop_risksched085to09_lr1e4_entropy005_s4_c1_rnetol_d256_depth3_p20,seed205,205,703,70300,100,16,110.09143084355148,112.75109728473032,109.49023789129492,False,max_epochs,3243.2114593982697
rl4crn_rne_oscillator_trace_8rxn_stop_risksched085to09_lr1e4_entropy005_s4_c1_rnetol_d256_depth3_p20,seed205,205,704,70400,100,16,109.76107729195951,111.82708395669923,109.49023789129492,False,max_epochs,3247.838082551956
rl4crn_rne_oscillator_trace_8rxn_stop_risksched085to09_lr1e4_entropy005_s4_c1_rnetol_d256_depth3_p20,seed205,205,705,70500,100,16,109.48782340714979,113.0548507702344,109.48782340714979,False,max_epochs,3252.5583333969116
rl4crn_rne_oscillator_trace_8rxn_stop_risksched085to09_lr1e4_entropy005_s4_c1_rnetol_d256_depth3_p20,seed205,205,706,70600,100,16,109.79557695351484,113.65985277806863,109.48782340714979,False,max_epochs,3257.2527525424957
rl4crn_rne_oscillator_trace_8rxn_stop_risksched085to09_lr1e4_entropy005_s4_c1_rnetol_d256_depth3_p20,seed205,205,707,70700,100,16,109.85612610947385,112.25734142502733,109.48782340714979,False,max_epochs,3262.5066356658936
rl4crn_rne_oscillator_trace_8rxn_stop_risksched085to09_lr1e4_entropy005_s4_c1_rnetol_d256_depth3_p20,seed205,205,708,70800,100,16,109.69245587008133,112.74118809889407,109.48782340714979,False,max_epochs,3267.459867477417
rl4crn_rne_oscillator_trace_8rxn_stop_risksched085to09_lr1e4_entropy005_s4_c1_rnetol_d256_depth3_p20,seed205,205,709,70900,100,16,109.77636949308143,112.15697480313528,109.48782340714979,False,max_epochs,3272.3937044143677
rl4crn_rne_oscillator_trace_8rxn_stop_risksched085to09_lr1e4_entropy005_s4_c1_rnetol_d256_depth3_p20,seed205,205,710,71000,100,16,109.85078483892026,112.34043530336328,109.48782340714979,False,max_epochs,3277.5294122695923
rl4crn_rne_oscillator_trace_8rxn_stop_risksched085to09_lr1e4_entropy005_s4_c1_rnetol_d256_depth3_p20,seed205,205,711,71100,100,16,109.82990568167615,112.79635193689742,109.48782340714979,False,max_epochs,3282.833400249481
rl4crn_rne_oscillator_trace_8rxn_stop_risksched085to09_lr1e4_entropy005_s4_c1_rnetol_d256_depth3_p20,seed205,205,712,71200,100,16,109.60059667514751,111.97604912217807,109.48782340714979,False,max_epochs,3287.733593225479
rl4crn_rne_oscillator_trace_8rxn_stop_risksched085to09_lr1e4_entropy005_s4_c1_rnetol_d256_depth3_p20,seed205,205,713,71300,100,16,109.76809721604153,112.226172165143,109.48782340714979,False,max_epochs,3292.187989473343
rl4crn_rne_oscillator_trace_8rxn_stop_risksched085to09_lr1e4_entropy005_s4_c1_rnetol_d256_depth3_p20,seed205,205,714,71400,100,16,109.33866881411217,112.29064390774741,109.33866881411217,False,max_epochs,3297.0523431301117
rl4crn_rne_oscillator_trace_8rxn_stop_risksched085to09_lr1e4_entropy005_s4_c1_rnetol_d256_depth3_p20,seed205,205,715,71500,100,16,109.69256374198633,111.78273469364063,109.33866881411217,False,max_epochs,3300.9500935077667
rl4crn_rne_oscillator_trace_8rxn_stop_risksched085to09_lr1e4_entropy005_s4_c1_rnetol_d256_depth3_p20,seed205,205,716,71600,100,16,109.67095154694347,112.21775014518448,109.33866881411217,False,max_epochs,3303.7146351337433
rl4crn_rne_oscillator_trace_8rxn_stop_risksched085to09_lr1e4_entropy005_s4_c1_rnetol_d256_depth3_p20,seed205,205,717,71700,100,16,109.75042259134452,112.67302862775146,109.33866881411217,False,max_epochs,3308.841941356659
rl4crn_rne_oscillator_trace_8rxn_stop_risksched085to09_lr1e4_entropy005_s4_c1_rnetol_d256_depth3_p20,seed205,205,718,71800,100,16,109.61374820324731,112.77662610017057,109.33866881411217,False,max_epochs,3313.7276883125305
rl4crn_rne_oscillator_trace_8rxn_stop_risksched085to09_lr1e4_entropy005_s4_c1_rnetol_d256_depth3_p20,seed205,205,719,71900,100,16,109.79413805490815,111.8463612720854,109.33866881411217,False,max_epochs,3319.146824359894
rl4crn_rne_oscillator_trace_8rxn_stop_risksched085to09_lr1e4_entropy005_s4_c1_rnetol_d256_depth3_p20,seed205,205,720,72000,100,16,109.9102162698873,113.27932636733149,109.33866881411217,False,max_epochs,3324.043574810028
rl4crn_rne_oscillator_trace_8rxn_stop_risksched085to09_lr1e4_entropy005_s4_c1_rnetol_d256_depth3_p20,seed205,205,721,72100,100,16,110.21608266225873,113.28469644591726,109.33866881411217,False,max_epochs,3329.0361058712006
rl4crn_rne_oscillator_trace_8rxn_stop_risksched085to09_lr1e4_entropy005_s4_c1_rnetol_d256_depth3_p20,seed205,205,722,72200,100,16,109.61706435495272,113.03666837647947,109.33866881411217,False,max_epochs,3334.2245812416077
rl4crn_rne_oscillator_trace_8rxn_stop_risksched085to09_lr1e4_entropy005_s4_c1_rnetol_d256_depth3_p20,seed205,205,723,72300,100,16,110.20461663123632,112.4522811461059,109.33866881411217,False,max_epochs,3339.6471490859985
rl4crn_rne_oscillator_trace_8rxn_stop_risksched085to09_lr1e4_entropy005_s4_c1_rnetol_d256_depth3_p20,seed205,205,724,72400,100,16,110.16980198259309,112.55286136773047,109.33866881411217,False,max_epochs,3344.578901052475
rl4crn_rne_oscillator_trace_8rxn_stop_risksched085to09_lr1e4_entropy005_s4_c1_rnetol_d256_depth3_p20,seed205,205,725,72500,100,16,110.04074327721999,112.3612956173888,109.33866881411217,False,max_epochs,3349.4226558208466
rl4crn_rne_oscillator_trace_8rxn_stop_risksched085to09_lr1e4_entropy005_s4_c1_rnetol_d256_depth3_p20,seed205,205,726,72600,100,16,109.60457805564039,112.37170158382199,109.33866881411217,False,max_epochs,3354.0480761528015
rl4crn_rne_oscillator_trace_8rxn_stop_risksched085to09_lr1e4_entropy005_s4_c1_rnetol_d256_depth3_p20,seed205,205,727,72700,100,16,109.8515905784338,112.42847285888114,109.33866881411217,False,max_epochs,3358.4766733646393
rl4crn_rne_oscillator_trace_8rxn_stop_risksched085to09_lr1e4_entropy005_s4_c1_rnetol_d256_depth3_p20,seed205,205,728,72800,100,16,109.48038758268625,111.9931418077833,109.33866881411217,False,max_epochs,3363.1357123851776
rl4crn_rne_oscillator_trace_8rxn_stop_risksched085to09_lr1e4_entropy005_s4_c1_rnetol_d256_depth3_p20,seed205,205,729,72900,100,16,110.1674002346443,112.24392750501121,109.33866881411217,False,max_epochs,3365.343297481537
rl4crn_rne_oscillator_trace_8rxn_stop_risksched085to09_lr1e4_entropy005_s4_c1_rnetol_d256_depth3_p20,seed205,205,730,73000,100,16,110.19888939926739,112.21158412010999,109.33866881411217,False,max_epochs,3369.6842436790466
rl4crn_rne_oscillator_trace_8rxn_stop_risksched085to09_lr1e4_entropy005_s4_c1_rnetol_d256_depth3_p20,seed205,205,731,73100,100,16,109.95891746512547,112.31802780969602,109.33866881411217,False,max_epochs,3374.089331626892
rl4crn_rne_oscillator_trace_8rxn_stop_risksched085to09_lr1e4_entropy005_s4_c1_rnetol_d256_depth3_p20,seed205,205,732,73200,100,16,109.77108673322104,112.42395850520661,109.33866881411217,False,max_epochs,3378.6810059547424
rl4crn_rne_oscillator_trace_8rxn_stop_risksched085to09_lr1e4_entropy005_s4_c1_rnetol_d256_depth3_p20,seed205,205,733,73300,100,16,109.61539197853429,112.56220448400649,109.33866881411217,False,max_epochs,3383.311904191971
rl4crn_rne_oscillator_trace_8rxn_stop_risksched085to09_lr1e4_entropy005_s4_c1_rnetol_d256_depth3_p20,seed205,205,734,73400,100,16,109.60080795780561,112.27049251766488,109.33866881411217,False,max_epochs,3385.5064969062805
rl4crn_rne_oscillator_trace_8rxn_stop_risksched085to09_lr1e4_entropy005_s4_c1_rnetol_d256_depth3_p20,seed205,205,735,73500,100,16,109.70932514656346,111.98386734740649,109.33866881411217,False,max_epochs,3389.6733593940735
rl4crn_rne_oscillator_trace_8rxn_stop_risksched085to09_lr1e4_entropy005_s4_c1_rnetol_d256_depth3_p20,seed205,205,736,73600,100,16,109.8597264489442,111.97865703125896,109.33866881411217,False,max_epochs,3394.3822519779205
rl4crn_rne_oscillator_trace_8rxn_stop_risksched085to09_lr1e4_entropy005_s4_c1_rnetol_d256_depth3_p20,seed205,205,737,73700,100,16,109.82015921795222,112.5989056644273,109.33866881411217,False,max_epochs,3399.6711406707764
rl4crn_rne_oscillator_trace_8rxn_stop_risksched085to09_lr1e4_entropy005_s4_c1_rnetol_d256_depth3_p20,seed205,205,738,73800,100,16,109.74816000935408,111.65013738489156,109.33866881411217,False,max_epochs,3404.613028049469
rl4crn_rne_oscillator_trace_8rxn_stop_risksched085to09_lr1e4_entropy005_s4_c1_rnetol_d256_depth3_p20,seed205,205,739,73900,100,16,110.14625920419431,113.1022375815317,109.33866881411217,False,max_epochs,3409.328853368759
rl4crn_rne_oscillator_trace_8rxn_stop_risksched085to09_lr1e4_entropy005_s4_c1_rnetol_d256_depth3_p20,seed205,205,740,74000,100,16,109.48614963541655,112.39472091592677,109.33866881411217,False,max_epochs,3414.0209312438965
rl4crn_rne_oscillator_trace_8rxn_stop_risksched085to09_lr1e4_entropy005_s4_c1_rnetol_d256_depth3_p20,seed205,205,741,74100,100,16,109.76901871432273,111.91321016912786,109.33866881411217,False,max_epochs,3418.7952921390533
rl4crn_rne_oscillator_trace_8rxn_stop_risksched085to09_lr1e4_entropy005_s4_c1_rnetol_d256_depth3_p20,seed205,205,742,74200,100,16,109.96741218828565,112.51623105357442,109.33866881411217,False,max_epochs,3420.9836497306824
rl4crn_rne_oscillator_trace_8rxn_stop_risksched085to09_lr1e4_entropy005_s4_c1_rnetol_d256_depth3_p20,seed205,205,743,74300,100,16,109.69128782695338,112.13443440945801,109.33866881411217,False,max_epochs,3425.3845558166504
rl4crn_rne_oscillator_trace_8rxn_stop_risksched085to09_lr1e4_entropy005_s4_c1_rnetol_d256_depth3_p20,seed205,205,744,74400,100,16,109.9229268443348,112.74057618886513,109.33866881411217,False,max_epochs,3430.3140013217926
rl4crn_rne_oscillator_trace_8rxn_stop_risksched085to09_lr1e4_entropy005_s4_c1_rnetol_d256_depth3_p20,seed205,205,745,74500,100,16,110.00555098073382,113.42283402562066,109.33866881411217,False,max_epochs,3435.5754895210266
rl4crn_rne_oscillator_trace_8rxn_stop_risksched085to09_lr1e4_entropy005_s4_c1_rnetol_d256_depth3_p20,seed205,205,746,74600,100,16,109.74755363534997,112.74780400121787,109.33866881411217,False,max_epochs,3440.5678281784058
rl4crn_rne_oscillator_trace_8rxn_stop_risksched085to09_lr1e4_entropy005_s4_c1_rnetol_d256_depth3_p20,seed205,205,747,74700,100,16,109.83941333353943,112.29896300908663,109.33866881411217,False,max_epochs,3445.1803002357483
rl4crn_rne_oscillator_trace_8rxn_stop_risksched085to09_lr1e4_entropy005_s4_c1_rnetol_d256_depth3_p20,seed205,205,748,74800,100,16,109.90984290047011,111.85845927654215,109.33866881411217,False,max_epochs,3450.198344230652
rl4crn_rne_oscillator_trace_8rxn_stop_risksched085to09_lr1e4_entropy005_s4_c1_rnetol_d256_depth3_p20,seed205,205,749,74900,100,16,109.75120069750662,111.82841626926785,109.33866881411217,False,max_epochs,3455.5008821487427
rl4crn_rne_oscillator_trace_8rxn_stop_risksched085to09_lr1e4_entropy005_s4_c1_rnetol_d256_depth3_p20,seed205,205,750,75000,100,16,109.7507571686249,112.65321875608583,109.33866881411217,False,max_epochs,3459.86115527153
rl4crn_rne_oscillator_trace_8rxn_stop_risksched085to09_lr1e4_entropy005_s4_c1_rnetol_d256_depth3_p20,seed205,205,751,75100,100,16,109.88471593753039,112.89961781126843,109.33866881411217,False,max_epochs,3464.3078401088715
rl4crn_rne_oscillator_trace_8rxn_stop_risksched085to09_lr1e4_entropy005_s4_c1_rnetol_d256_depth3_p20,seed205,205,752,75200,100,16,109.50552523652672,112.32594346394995,109.33866881411217,False,max_epochs,3468.878634929657
rl4crn_rne_oscillator_trace_8rxn_stop_risksched085to09_lr1e4_entropy005_s4_c1_rnetol_d256_depth3_p20,seed205,205,753,75300,100,16,109.64843579413751,111.82449609007047,109.33866881411217,False,max_epochs,3471.246609687805
rl4crn_rne_oscillator_trace_8rxn_stop_risksched085to09_lr1e4_entropy005_s4_c1_rnetol_d256_depth3_p20,seed205,205,754,75400,100,16,109.92292217904995,111.88635818984082,109.33866881411217,False,max_epochs,3475.8400914669037
rl4crn_rne_oscillator_trace_8rxn_stop_risksched085to09_lr1e4_entropy005_s4_c1_rnetol_d256_depth3_p20,seed205,205,755,75500,100,16,109.79711824916016,112.07820591977216,109.33866881411217,False,max_epochs,3480.9144473075867
rl4crn_rne_oscillator_trace_8rxn_stop_risksched085to09_lr1e4_entropy005_s4_c1_rnetol_d256_depth3_p20,seed205,205,756,75600,100,16,109.75330588961512,112.23076900784078,109.33866881411217,False,max_epochs,3485.981985092163
rl4crn_rne_oscillator_trace_8rxn_stop_risksched085to09_lr1e4_entropy005_s4_c1_rnetol_d256_depth3_p20,seed205,205,757,75700,100,16,109.65380990970597,112.75180742450743,109.33866881411217,False,max_epochs,3491.3364453315735
rl4crn_rne_oscillator_trace_8rxn_stop_risksched085to09_lr1e4_entropy005_s4_c1_rnetol_d256_depth3_p20,seed205,205,758,75800,100,16,109.64591445747784,113.05160524878855,109.33866881411217,False,max_epochs,3496.2143411636353
rl4crn_rne_oscillator_trace_8rxn_stop_risksched085to09_lr1e4_entropy005_s4_c1_rnetol_d256_depth3_p20,seed205,205,759,75900,100,16,109.5362124163577,111.72275868537966,109.33866881411217,False,max_epochs,3501.338233947754
rl4crn_rne_oscillator_trace_8rxn_stop_risksched085to09_lr1e4_entropy005_s4_c1_rnetol_d256_depth3_p20,seed205,205,760,76000,100,16,109.72018718079279,111.88180530269551,109.33866881411217,False,max_epochs,3506.5030386447906
rl4crn_rne_oscillator_trace_8rxn_stop_risksched085to09_lr1e4_entropy005_s4_c1_rnetol_d256_depth3_p20,seed205,205,761,76100,100,16,109.43910283399164,112.1650691570243,109.33866881411217,False,max_epochs,3512.057996749878
rl4crn_rne_oscillator_trace_8rxn_stop_risksched085to09_lr1e4_entropy005_s4_c1_rnetol_d256_depth3_p20,seed205,205,762,76200,100,16,109.5522623663613,112.33702538508834,109.33866881411217,False,max_epochs,3517.0200493335724
rl4crn_rne_oscillator_trace_8rxn_stop_risksched085to09_lr1e4_entropy005_s4_c1_rnetol_d256_depth3_p20,seed205,205,763,76300,100,16,109.4846327084564,112.13118851223682,109.33866881411217,False,max_epochs,3521.7251710891724
rl4crn_rne_oscillator_trace_8rxn_stop_risksched085to09_lr1e4_entropy005_s4_c1_rnetol_d256_depth3_p20,seed205,205,764,76400,100,16,109.57603994528814,111.82447836598193,109.33866881411217,False,max_epochs,3526.2870326042175
rl4crn_rne_oscillator_trace_8rxn_stop_risksched085to09_lr1e4_entropy005_s4_c1_rnetol_d256_depth3_p20,seed205,205,765,76500,100,16,109.60595400212308,112.00926300168007,109.33866881411217,False,max_epochs,3530.9995291233063
rl4crn_rne_oscillator_trace_8rxn_stop_risksched085to09_lr1e4_entropy005_s4_c1_rnetol_d256_depth3_p20,seed205,205,766,76600,100,16,109.52619596724331,112.86074801642201,109.33866881411217,False,max_epochs,3533.1520941257477
rl4crn_rne_oscillator_trace_8rxn_stop_risksched085to09_lr1e4_entropy005_s4_c1_rnetol_d256_depth3_p20,seed205,205,767,76700,100,16,109.4374175886075,111.63294363843217,109.33866881411217,False,max_epochs,3537.5766818523407
rl4crn_rne_oscillator_trace_8rxn_stop_risksched085to09_lr1e4_entropy005_s4_c1_rnetol_d256_depth3_p20,seed205,205,768,76800,100,16,109.57311887535914,112.00209585540816,109.33866881411217,False,max_epochs,3542.4097986221313
rl4crn_rne_oscillator_trace_8rxn_stop_risksched085to09_lr1e4_entropy005_s4_c1_rnetol_d256_depth3_p20,seed205,205,769,76900,100,16,109.5285342864672,111.80430037258785,109.33866881411217,False,max_epochs,3547.7781777381897
rl4crn_rne_oscillator_trace_8rxn_stop_risksched085to09_lr1e4_entropy005_s4_c1_rnetol_d256_depth3_p20,seed205,205,770,77000,100,16,109.54606357104142,111.93606510605969,109.33866881411217,False,max_epochs,3552.4821503162384
rl4crn_rne_oscillator_trace_8rxn_stop_risksched085to09_lr1e4_entropy005_s4_c1_rnetol_d256_depth3_p20,seed205,205,771,77100,100,16,110.04356088136363,113.1585873747488,109.33866881411217,False,max_epochs,3556.9873650074005
rl4crn_rne_oscillator_trace_8rxn_stop_risksched085to09_lr1e4_entropy005_s4_c1_rnetol_d256_depth3_p20,seed205,205,772,77200,100,16,109.65165270957874,112.64383572875059,109.33866881411217,False,max_epochs,3561.611641407013
rl4crn_rne_oscillator_trace_8rxn_stop_risksched085to09_lr1e4_entropy005_s4_c1_rnetol_d256_depth3_p20,seed205,205,773,77300,100,16,109.81083634014294,111.44476084774749,109.33866881411217,False,max_epochs,3565.786138534546
rl4crn_rne_oscillator_trace_8rxn_stop_risksched085to09_lr1e4_entropy005_s4_c1_rnetol_d256_depth3_p20,seed205,205,774,77400,100,16,109.77988698181203,112.00292928160266,109.33866881411217,False,max_epochs,3568.309321165085
rl4crn_rne_oscillator_trace_8rxn_stop_risksched085to09_lr1e4_entropy005_s4_c1_rnetol_d256_depth3_p20,seed205,205,775,77500,100,16,109.68447254865252,111.66311954944314,109.33866881411217,False,max_epochs,3573.1447026729584
rl4crn_rne_oscillator_trace_8rxn_stop_risksched085to09_lr1e4_entropy005_s4_c1_rnetol_d256_depth3_p20,seed205,205,776,77600,100,16,109.464954821975,111.62104555392439,109.33866881411217,False,max_epochs,3578.0437910556793
rl4crn_rne_oscillator_trace_8rxn_stop_risksched085to09_lr1e4_entropy005_s4_c1_rnetol_d256_depth3_p20,seed205,205,777,77700,100,16,109.63315176322888,112.52113548243491,109.33866881411217,False,max_epochs,3583.57559132576
rl4crn_rne_oscillator_trace_8rxn_stop_risksched085to09_lr1e4_entropy005_s4_c1_rnetol_d256_depth3_p20,seed205,205,778,77800,100,16,109.87394995012305,113.1910740987732,109.33866881411217,False,max_epochs,3588.4646677970886
rl4crn_rne_oscillator_trace_8rxn_stop_risksched085to09_lr1e4_entropy005_s4_c1_rnetol_d256_depth3_p20,seed205,205,779,77900,100,16,109.73937028094342,113.30041310648102,109.33866881411217,False,max_epochs,3593.1039938926697
rl4crn_rne_oscillator_trace_8rxn_stop_risksched085to09_lr1e4_entropy005_s4_c1_rnetol_d256_depth3_p20,seed205,205,780,78000,100,16,109.49840872429664,111.5319217502662,109.33866881411217,False,max_epochs,3597.7826449871063
rl4crn_rne_oscillator_trace_8rxn_stop_risksched085to09_lr1e4_entropy005_s4_c1_rnetol_d256_depth3_p20,seed205,205,781,78100,100,16,110.15458218837708,112.13534311285639,109.33866881411217,False,max_epochs,3602.202146053314
rl4crn_rne_oscillator_trace_8rxn_stop_risksched085to09_lr1e4_entropy005_s4_c1_rnetol_d256_depth3_p20,seed205,205,782,78200,100,16,110.07588576075666,112.10772130407491,109.33866881411217,False,max_epochs,3604.4099440574646
rl4crn_rne_oscillator_trace_8rxn_stop_risksched085to09_lr1e4_entropy005_s4_c1_rnetol_d256_depth3_p20,seed205,205,783,78300,100,16,110.06068448187136,112.01276790553622,109.33866881411217,False,max_epochs,3609.233180999756
rl4crn_rne_oscillator_trace_8rxn_stop_risksched085to09_lr1e4_entropy005_s4_c1_rnetol_d256_depth3_p20,seed205,205,784,78400,100,16,109.67024670467316,111.69420530417963,109.33866881411217,False,max_epochs,3614.184359550476
rl4crn_rne_oscillator_trace_8rxn_stop_risksched085to09_lr1e4_entropy005_s4_c1_rnetol_d256_depth3_p20,seed205,205,785,78500,100,16,109.7779690932116,112.11224046750604,109.33866881411217,False,max_epochs,3619.264104127884
rl4crn_rne_oscillator_trace_8rxn_stop_risksched085to09_lr1e4_entropy005_s4_c1_rnetol_d256_depth3_p20,seed205,205,786,78600,100,16,109.96924207543165,112.4165060086278,109.33866881411217,False,max_epochs,3624.2376589775085
rl4crn_rne_oscillator_trace_8rxn_stop_risksched085to09_lr1e4_entropy005_s4_c1_rnetol_d256_depth3_p20,seed205,205,787,78700,100,16,109.84901528885229,112.01042862100303,109.33866881411217,False,max_epochs,3629.0667889118195
rl4crn_rne_oscillator_trace_8rxn_stop_risksched085to09_lr1e4_entropy005_s4_c1_rnetol_d256_depth3_p20,seed205,205,788,78800,100,16,109.57206056807,111.6567280492308,109.33866881411217,False,max_epochs,3633.78973197937
rl4crn_rne_oscillator_trace_8rxn_stop_risksched085to09_lr1e4_entropy005_s4_c1_rnetol_d256_depth3_p20,seed205,205,789,78900,100,16,109.6912331354978,111.78344272864834,109.33866881411217,False,max_epochs,3638.567848920822
rl4crn_rne_oscillator_trace_8rxn_stop_risksched085to09_lr1e4_entropy005_s4_c1_rnetol_d256_depth3_p20,seed205,205,790,79000,100,16,109.5762710377223,112.03491510343038,109.33866881411217,False,max_epochs,3642.925156354904
rl4crn_rne_oscillator_trace_8rxn_stop_risksched085to09_lr1e4_entropy005_s4_c1_rnetol_d256_depth3_p20,seed205,205,791,79100,100,16,109.57087189201648,112.43970088414193,109.33866881411217,False,max_epochs,3645.0464885234833
rl4crn_rne_oscillator_trace_8rxn_stop_risksched085to09_lr1e4_entropy005_s4_c1_rnetol_d256_depth3_p20,seed205,205,792,79200,100,16,109.5936238457064,112.17241918626344,109.33866881411217,False,max_epochs,3649.865196943283
rl4crn_rne_oscillator_trace_8rxn_stop_risksched085to09_lr1e4_entropy005_s4_c1_rnetol_d256_depth3_p20,seed205,205,793,79300,100,16,109.77499556249343,111.80916696150774,109.33866881411217,False,max_epochs,3655.2257866859436
rl4crn_rne_oscillator_trace_8rxn_stop_risksched085to09_lr1e4_entropy005_s4_c1_rnetol_d256_depth3_p20,seed205,205,794,79400,100,16,109.83669359649961,112.03514038440696,109.33866881411217,False,max_epochs,3659.939274072647
rl4crn_rne_oscillator_trace_8rxn_stop_risksched085to09_lr1e4_entropy005_s4_c1_rnetol_d256_depth3_p20,seed205,205,795,79500,100,16,109.62371266793306,111.61993707294903,109.33866881411217,False,max_epochs,3664.5111372470856
rl4crn_rne_oscillator_trace_8rxn_stop_risksched085to09_lr1e4_entropy005_s4_c1_rnetol_d256_depth3_p20,seed205,205,796,79600,100,16,109.62618486137659,111.67045956645563,109.33866881411217,False,max_epochs,3668.95228767395
rl4crn_rne_oscillator_trace_8rxn_stop_risksched085to09_lr1e4_entropy005_s4_c1_rnetol_d256_depth3_p20,seed205,205,797,79700,100,16,109.87547016406992,111.54325635241807,109.33866881411217,False,max_epochs,3673.760985136032
rl4crn_rne_oscillator_trace_8rxn_stop_risksched085to09_lr1e4_entropy005_s4_c1_rnetol_d256_depth3_p20,seed205,205,798,79800,100,16,109.74279850413126,111.38232539806219,109.33866881411217,False,max_epochs,3677.3863401412964
rl4crn_rne_oscillator_trace_8rxn_stop_risksched085to09_lr1e4_entropy005_s4_c1_rnetol_d256_depth3_p20,seed205,205,799,79900,100,16,109.6833395629053,111.67574832510546,109.33866881411217,False,max_epochs,3680.43265748024
rl4crn_rne_oscillator_trace_8rxn_stop_risksched085to09_lr1e4_entropy005_s4_c1_rnetol_d256_depth3_p20,seed205,205,800,80000,100,16,109.80696752757184,112.13530439797037,109.33866881411217,False,max_epochs,3684.9758718013763
rl4crn_rne_oscillator_trace_8rxn_stop_risksched085to09_lr1e4_entropy005_s4_c1_rnetol_d256_depth3_p20,seed205,205,801,80100,100,16,109.58204398248762,111.82870507386119,109.33866881411217,False,max_epochs,3690.1183140277863
