method,run_id,seed,epoch,candidate_evaluations,batch_size,n_cpus,epoch_best_loss,epoch_median_loss,saved_best_loss,success,stop_reason,elapsed_seconds
rl4crn_rne_oscillator_trace_risk09_lr1e4_entropy001_s4_c03,seed009,9,1,100,100,16,124.73523666192594,129.01744742120928,124.73523666192594,False,max_epochs,4.4892332553863525
rl4crn_rne_oscillator_trace_risk09_lr1e4_entropy001_s4_c03,seed009,9,2,200,100,16,124.65213510524347,129.5778643129937,124.65213510524347,False,max_epochs,5.549009323120117
rl4crn_rne_oscillator_trace_risk09_lr1e4_entropy001_s4_c03,seed009,9,3,300,100,16,123.84750779699446,129.15425003658913,123.84750779699446,False,max_epochs,6.774441957473755
rl4crn_rne_oscillator_trace_risk09_lr1e4_entropy001_s4_c03,seed009,9,4,400,100,16,124.01698224793553,129.54982803833423,123.84750779699446,False,max_epochs,8.07487416267395
rl4crn_rne_oscillator_trace_risk09_lr1e4_entropy001_s4_c03,seed009,9,5,500,100,16,122.51315743135542,129.16084193594952,122.51315743135542,False,max_epochs,9.28603196144104
rl4crn_rne_oscillator_trace_risk09_lr1e4_entropy001_s4_c03,seed009,9,6,600,100,16,124.72172743357119,129.1144072409163,122.51315743135542,False,max_epochs,10.566253900527954
rl4crn_rne_oscillator_trace_risk09_lr1e4_entropy001_s4_c03,seed009,9,7,700,100,16,124.0680070662567,128.29178026514433,122.51315743135542,False,max_epochs,11.701475858688354
rl4crn_rne_oscillator_trace_risk09_lr1e4_entropy001_s4_c03,seed009,9,8,800,100,16,123.50497336004457,129.49381835006193,122.51315743135542,False,max_epochs,12.81917405128479
rl4crn_rne_oscillator_trace_risk09_lr1e4_entropy001_s4_c03,seed009,9,9,900,100,16,121.25174233054582,129.0099044434908,121.25174233054582,False,max_epochs,14.690014839172363
rl4crn_rne_oscillator_trace_risk09_lr1e4_entropy001_s4_c03,seed009,9,10,1000,100,16,123.33416830203677,129.02962712866915,121.25174233054582,False,max_epochs,18.261025190353394
rl4crn_rne_oscillator_trace_risk09_lr1e4_entropy001_s4_c03,seed009,9,11,1100,100,16,123.12058245931394,129.88849064754447,121.25174233054582,False,max_epochs,21.57230234146118
rl4crn_rne_oscillator_trace_risk09_lr1e4_entropy001_s4_c03,seed009,9,12,1200,100,16,124.10653968813105,129.51071701196798,121.25174233054582,False,max_epochs,24.233035564422607
rl4crn_rne_oscillator_trace_risk09_lr1e4_entropy001_s4_c03,seed009,9,13,1300,100,16,124.12223824826013,129.08414949440015,121.25174233054582,False,max_epochs,26.701093673706055
rl4crn_rne_oscillator_trace_risk09_lr1e4_entropy001_s4_c03,seed009,9,14,1400,100,16,124.0935393345638,129.53542613889232,121.25174233054582,False,max_epochs,28.254316806793213
rl4crn_rne_oscillator_trace_risk09_lr1e4_entropy001_s4_c03,seed009,9,15,1500,100,16,123.40553960124177,129.06954083245026,121.25174233054582,False,max_epochs,29.412339687347412
rl4crn_rne_oscillator_trace_risk09_lr1e4_entropy001_s4_c03,seed009,9,16,1600,100,16,123.38930699234362,128.9039055868331,121.25174233054582,False,max_epochs,30.808225393295288
rl4crn_rne_oscillator_trace_risk09_lr1e4_entropy001_s4_c03,seed009,9,17,1700,100,16,122.92588743074765,129.70846691753155,121.25174233054582,False,max_epochs,31.999529600143433
rl4crn_rne_oscillator_trace_risk09_lr1e4_entropy001_s4_c03,seed009,9,18,1800,100,16,122.3196725549031,129.91929097154073,121.25174233054582,False,max_epochs,33.179848194122314
rl4crn_rne_oscillator_trace_risk09_lr1e4_entropy001_s4_c03,seed009,9,19,1900,100,16,122.87482547637654,130.4461246572938,121.25174233054582,False,max_epochs,34.54682993888855
rl4crn_rne_oscillator_trace_risk09_lr1e4_entropy001_s4_c03,seed009,9,20,2000,100,16,122.77765972718011,128.70671490729382,121.25174233054582,False,max_epochs,35.88750743865967
rl4crn_rne_oscillator_trace_risk09_lr1e4_entropy001_s4_c03,seed009,9,21,2100,100,16,123.03706727315719,130.50677041937266,121.25174233054582,False,max_epochs,37.07795238494873
rl4crn_rne_oscillator_trace_risk09_lr1e4_entropy001_s4_c03,seed009,9,22,2200,100,16,121.18660764066313,129.43422974256725,121.18660764066313,False,max_epochs,38.43343138694763
rl4crn_rne_oscillator_trace_risk09_lr1e4_entropy001_s4_c03,seed009,9,23,2300,100,16,121.79121805523319,130.1152968119513,121.18660764066313,False,max_epochs,39.591001987457275
rl4crn_rne_oscillator_trace_risk09_lr1e4_entropy001_s4_c03,seed009,9,24,2400,100,16,122.23504445460026,132.60573179735627,121.18660764066313,False,max_epochs,40.88242506980896
rl4crn_rne_oscillator_trace_risk09_lr1e4_entropy001_s4_c03,seed009,9,25,2500,100,16,121.16628092233616,130.5171835163951,121.16628092233616,False,max_epochs,42.057555198669434
rl4crn_rne_oscillator_trace_risk09_lr1e4_entropy001_s4_c03,seed009,9,26,2600,100,16,121.77055429215588,132.81123024249905,121.16628092233616,False,max_epochs,43.50560903549194
rl4crn_rne_oscillator_trace_risk09_lr1e4_entropy001_s4_c03,seed009,9,27,2700,100,16,121.47878240923689,133.0126211711863,121.16628092233616,False,max_epochs,44.75321102142334
rl4crn_rne_oscillator_trace_risk09_lr1e4_entropy001_s4_c03,seed009,9,28,2800,100,16,120.99342629384431,134.43829075039906,120.99342629384431,False,max_epochs,46.227505683898926
rl4crn_rne_oscillator_trace_risk09_lr1e4_entropy001_s4_c03,seed009,9,29,2900,100,16,120.64807719760589,133.9365046986279,120.64807719760589,False,max_epochs,47.58008408546448
rl4crn_rne_oscillator_trace_risk09_lr1e4_entropy001_s4_c03,seed009,9,30,3000,100,16,118.41382357121883,136.11524353971717,118.41382357121883,False,max_epochs,48.885719537734985
rl4crn_rne_oscillator_trace_risk09_lr1e4_entropy001_s4_c03,seed009,9,31,3100,100,16,121.13620401024752,137.32374596596594,118.41382357121883,False,max_epochs,50.45606732368469
rl4crn_rne_oscillator_trace_risk09_lr1e4_entropy001_s4_c03,seed009,9,32,3200,100,16,121.48298442043365,138.1567302842155,118.41382357121883,False,max_epochs,51.82831358909607
rl4crn_rne_oscillator_trace_risk09_lr1e4_entropy001_s4_c03,seed009,9,33,3300,100,16,121.7718427204241,136.67198284614602,118.41382357121883,False,max_epochs,53.12872838973999
rl4crn_rne_oscillator_trace_risk09_lr1e4_entropy001_s4_c03,seed009,9,34,3400,100,16,121.25603131967829,138.96996785388404,118.41382357121883,False,max_epochs,54.478283643722534
rl4crn_rne_oscillator_trace_risk09_lr1e4_entropy001_s4_c03,seed009,9,35,3500,100,16,120.88266872222212,138.19746593803455,118.41382357121883,False,max_epochs,55.70219707489014
rl4crn_rne_oscillator_trace_risk09_lr1e4_entropy001_s4_c03,seed009,9,36,3600,100,16,121.01609387303156,137.2675643861765,118.41382357121883,False,max_epochs,56.8567898273468
rl4crn_rne_oscillator_trace_risk09_lr1e4_entropy001_s4_c03,seed009,9,37,3700,100,16,120.7540270250722,135.74104920454855,118.41382357121883,False,max_epochs,58.180368185043335
rl4crn_rne_oscillator_trace_risk09_lr1e4_entropy001_s4_c03,seed009,9,38,3800,100,16,120.81886080779503,133.7933191315712,118.41382357121883,False,max_epochs,59.403809547424316
rl4crn_rne_oscillator_trace_risk09_lr1e4_entropy001_s4_c03,seed009,9,39,3900,100,16,121.15622463557037,132.1707089455228,118.41382357121883,False,max_epochs,60.78537321090698
rl4crn_rne_oscillator_trace_risk09_lr1e4_entropy001_s4_c03,seed009,9,40,4000,100,16,120.66278508035559,133.8987476541236,118.41382357121883,False,max_epochs,62.16812014579773
rl4crn_rne_oscillator_trace_risk09_lr1e4_entropy001_s4_c03,seed009,9,41,4100,100,16,120.70566681277938,129.8448526852991,118.41382357121883,False,max_epochs,63.47290110588074
rl4crn_rne_oscillator_trace_risk09_lr1e4_entropy001_s4_c03,seed009,9,42,4200,100,16,119.4764319846341,132.95757678766876,118.41382357121883,False,max_epochs,66.68010425567627
rl4crn_rne_oscillator_trace_risk09_lr1e4_entropy001_s4_c03,seed009,9,43,4300,100,16,120.36655627980818,133.04445587204305,118.41382357121883,False,max_epochs,68.88243269920349
rl4crn_rne_oscillator_trace_risk09_lr1e4_entropy001_s4_c03,seed009,9,44,4400,100,16,121.55044606342133,132.62723904164596,118.41382357121883,False,max_epochs,71.48766613006592
rl4crn_rne_oscillator_trace_risk09_lr1e4_entropy001_s4_c03,seed009,9,45,4500,100,16,120.79525003596865,131.94172988290973,118.41382357121883,False,max_epochs,73.94075727462769
rl4crn_rne_oscillator_trace_risk09_lr1e4_entropy001_s4_c03,seed009,9,46,4600,100,16,118.90968052534143,134.86248774477087,118.41382357121883,False,max_epochs,75.67954564094543
rl4crn_rne_oscillator_trace_risk09_lr1e4_entropy001_s4_c03,seed009,9,47,4700,100,16,119.31523560185622,133.29691859799982,118.41382357121883,False,max_epochs,77.1922254562378
rl4crn_rne_oscillator_trace_risk09_lr1e4_entropy001_s4_c03,seed009,9,48,4800,100,16,118.76302403173219,135.01587776343285,118.41382357121883,False,max_epochs,78.45561814308167
rl4crn_rne_oscillator_trace_risk09_lr1e4_entropy001_s4_c03,seed009,9,49,4900,100,16,120.90774180006497,139.55932608205154,118.41382357121883,False,max_epochs,80.06344175338745
rl4crn_rne_oscillator_trace_risk09_lr1e4_entropy001_s4_c03,seed009,9,50,5000,100,16,120.50540517712287,135.286802706767,118.41382357121883,False,max_epochs,81.29134917259216
rl4crn_rne_oscillator_trace_risk09_lr1e4_entropy001_s4_c03,seed009,9,51,5100,100,16,120.65059676789697,135.6446635088293,118.41382357121883,False,max_epochs,82.67955899238586
rl4crn_rne_oscillator_trace_risk09_lr1e4_entropy001_s4_c03,seed009,9,52,5200,100,16,119.81437822000382,137.83967396485141,118.41382357121883,False,max_epochs,84.09607481956482
rl4crn_rne_oscillator_trace_risk09_lr1e4_entropy001_s4_c03,seed009,9,53,5300,100,16,121.18714856614122,136.78054303793886,118.41382357121883,False,max_epochs,85.4698281288147
rl4crn_rne_oscillator_trace_risk09_lr1e4_entropy001_s4_c03,seed009,9,54,5400,100,16,120.9323617798671,134.65496499925518,118.41382357121883,False,max_epochs,86.86113834381104
rl4crn_rne_oscillator_trace_risk09_lr1e4_entropy001_s4_c03,seed009,9,55,5500,100,16,117.36552109183883,133.50998632103153,117.36552109183883,False,max_epochs,88.04839777946472
rl4crn_rne_oscillator_trace_risk09_lr1e4_entropy001_s4_c03,seed009,9,56,5600,100,16,120.76130119282946,131.9641456191124,117.36552109183883,False,max_epochs,89.55317878723145
rl4crn_rne_oscillator_trace_risk09_lr1e4_entropy001_s4_c03,seed009,9,57,5700,100,16,120.71926661882307,137.86261152482322,117.36552109183883,False,max_epochs,90.7520477771759
rl4crn_rne_oscillator_trace_risk09_lr1e4_entropy001_s4_c03,seed009,9,58,5800,100,16,120.13210963797944,132.69328978484086,117.36552109183883,False,max_epochs,92.09425973892212
rl4crn_rne_oscillator_trace_risk09_lr1e4_entropy001_s4_c03,seed009,9,59,5900,100,16,121.25215438731834,138.481472165208,117.36552109183883,False,max_epochs,93.25153064727783
rl4crn_rne_oscillator_trace_risk09_lr1e4_entropy001_s4_c03,seed009,9,60,6000,100,16,119.7095013203706,136.8937514945406,117.36552109183883,False,max_epochs,94.65642499923706
rl4crn_rne_oscillator_trace_risk09_lr1e4_entropy001_s4_c03,seed009,9,61,6100,100,16,119.65107282993289,137.94309694569517,117.36552109183883,False,max_epochs,95.88387870788574
rl4crn_rne_oscillator_trace_risk09_lr1e4_entropy001_s4_c03,seed009,9,62,6200,100,16,114.81447197047396,138.1225645203021,114.81447197047396,False,max_epochs,97.02908158302307
rl4crn_rne_oscillator_trace_risk09_lr1e4_entropy001_s4_c03,seed009,9,63,6300,100,16,116.38488972716513,135.57908635040235,114.81447197047396,False,max_epochs,98.36654257774353
rl4crn_rne_oscillator_trace_risk09_lr1e4_entropy001_s4_c03,seed009,9,64,6400,100,16,116.22694826888721,140.68477096924033,114.81447197047396,False,max_epochs,99.59874939918518
rl4crn_rne_oscillator_trace_risk09_lr1e4_entropy001_s4_c03,seed009,9,65,6500,100,16,120.48215522265754,141.35166523415165,114.81447197047396,False,max_epochs,100.97282314300537
rl4crn_rne_oscillator_trace_risk09_lr1e4_entropy001_s4_c03,seed009,9,66,6600,100,16,118.8840425123775,141.65478914009083,114.81447197047396,False,max_epochs,102.19564080238342
rl4crn_rne_oscillator_trace_risk09_lr1e4_entropy001_s4_c03,seed009,9,67,6700,100,16,116.5785668224984,139.20759783225148,114.81447197047396,False,max_epochs,103.7401967048645
rl4crn_rne_oscillator_trace_risk09_lr1e4_entropy001_s4_c03,seed009,9,68,6800,100,16,119.92793155514569,137.77382294445937,114.81447197047396,False,max_epochs,105.01895308494568
rl4crn_rne_oscillator_trace_risk09_lr1e4_entropy001_s4_c03,seed009,9,69,6900,100,16,120.71754479555803,140.3812164169789,114.81447197047396,False,max_epochs,106.16945195198059
rl4crn_rne_oscillator_trace_risk09_lr1e4_entropy001_s4_c03,seed009,9,70,7000,100,16,120.25674511413217,139.54537719296403,114.81447197047396,False,max_epochs,107.50121212005615
rl4crn_rne_oscillator_trace_risk09_lr1e4_entropy001_s4_c03,seed009,9,71,7100,100,16,116.28892785060138,135.90779699421066,114.81447197047396,False,max_epochs,108.62706065177917
rl4crn_rne_oscillator_trace_risk09_lr1e4_entropy001_s4_c03,seed009,9,72,7200,100,16,117.56188466734027,138.70391539251887,114.81447197047396,False,max_epochs,110.13319969177246
rl4crn_rne_oscillator_trace_risk09_lr1e4_entropy001_s4_c03,seed009,9,73,7300,100,16,119.65916564826293,140.901245284902,114.81447197047396,False,max_epochs,111.73489952087402
rl4crn_rne_oscillator_trace_risk09_lr1e4_entropy001_s4_c03,seed009,9,74,7400,100,16,114.2788109308167,140.7504320850707,114.2788109308167,False,max_epochs,114.79452395439148
rl4crn_rne_oscillator_trace_risk09_lr1e4_entropy001_s4_c03,seed009,9,75,7500,100,16,117.52115255809146,135.3005324866094,114.2788109308167,False,max_epochs,117.61429810523987
rl4crn_rne_oscillator_trace_risk09_lr1e4_entropy001_s4_c03,seed009,9,76,7600,100,16,118.72084256193381,141.86116191771242,114.2788109308167,False,max_epochs,119.52933192253113
rl4crn_rne_oscillator_trace_risk09_lr1e4_entropy001_s4_c03,seed009,9,77,7700,100,16,117.40428419625468,133.5997094614429,114.2788109308167,False,max_epochs,121.89261436462402
rl4crn_rne_oscillator_trace_risk09_lr1e4_entropy001_s4_c03,seed009,9,78,7800,100,16,120.16167996330424,137.52491791364434,114.2788109308167,False,max_epochs,123.10436296463013
rl4crn_rne_oscillator_trace_risk09_lr1e4_entropy001_s4_c03,seed009,9,79,7900,100,16,118.36247764296493,144.51074267233736,114.2788109308167,False,max_epochs,124.41105651855469
rl4crn_rne_oscillator_trace_risk09_lr1e4_entropy001_s4_c03,seed009,9,80,8000,100,16,117.16034781800754,137.3624328065738,114.2788109308167,False,max_epochs,125.54735398292542
rl4crn_rne_oscillator_trace_risk09_lr1e4_entropy001_s4_c03,seed009,9,81,8100,100,16,115.74588708556314,141.3042533392508,114.2788109308167,False,max_epochs,126.86597442626953
rl4crn_rne_oscillator_trace_risk09_lr1e4_entropy001_s4_c03,seed009,9,82,8200,100,16,118.15591919785881,147.79296742106305,114.2788109308167,False,max_epochs,127.99006271362305
rl4crn_rne_oscillator_trace_risk09_lr1e4_entropy001_s4_c03,seed009,9,83,8300,100,16,115.80186688555538,145.96902771824557,114.2788109308167,False,max_epochs,129.2914378643036
rl4crn_rne_oscillator_trace_risk09_lr1e4_entropy001_s4_c03,seed009,9,84,8400,100,16,118.93005730726412,141.04460164421187,114.2788109308167,False,max_epochs,130.47595357894897
rl4crn_rne_oscillator_trace_risk09_lr1e4_entropy001_s4_c03,seed009,9,85,8500,100,16,118.51840942774899,144.04306597224613,114.2788109308167,False,max_epochs,131.64667320251465
rl4crn_rne_oscillator_trace_risk09_lr1e4_entropy001_s4_c03,seed009,9,86,8600,100,16,114.44214553679149,140.51665307168034,114.2788109308167,False,max_epochs,133.01536774635315
rl4crn_rne_oscillator_trace_risk09_lr1e4_entropy001_s4_c03,seed009,9,87,8700,100,16,119.35990595815431,141.60239765678418,114.2788109308167,False,max_epochs,134.15455198287964
rl4crn_rne_oscillator_trace_risk09_lr1e4_entropy001_s4_c03,seed009,9,88,8800,100,16,117.31990850633733,140.78988649717087,114.2788109308167,False,max_epochs,135.66463255882263
rl4crn_rne_oscillator_trace_risk09_lr1e4_entropy001_s4_c03,seed009,9,89,8900,100,16,116.7506515201506,140.97401744059889,114.2788109308167,False,max_epochs,136.89754629135132
rl4crn_rne_oscillator_trace_risk09_lr1e4_entropy001_s4_c03,seed009,9,90,9000,100,16,119.7958839647417,139.41093654995564,114.2788109308167,False,max_epochs,138.47228121757507
rl4crn_rne_oscillator_trace_risk09_lr1e4_entropy001_s4_c03,seed009,9,91,9100,100,16,117.00096178089966,140.38033853237403,114.2788109308167,False,max_epochs,139.6372184753418
rl4crn_rne_oscillator_trace_risk09_lr1e4_entropy001_s4_c03,seed009,9,92,9200,100,16,118.15956780921945,144.63121966300082,114.2788109308167,False,max_epochs,141.02444124221802
rl4crn_rne_oscillator_trace_risk09_lr1e4_entropy001_s4_c03,seed009,9,93,9300,100,16,115.2639292917754,143.41054139746498,114.2788109308167,False,max_epochs,142.1546392440796
rl4crn_rne_oscillator_trace_risk09_lr1e4_entropy001_s4_c03,seed009,9,94,9400,100,16,115.95185981473905,144.26483534541933,114.2788109308167,False,max_epochs,143.28375005722046
rl4crn_rne_oscillator_trace_risk09_lr1e4_entropy001_s4_c03,seed009,9,95,9500,100,16,112.62193929263451,139.45126660046003,112.62193929263451,False,max_epochs,144.5578269958496
rl4crn_rne_oscillator_trace_risk09_lr1e4_entropy001_s4_c03,seed009,9,96,9600,100,16,117.29897066371603,138.04104263499397,112.62193929263451,False,max_epochs,145.73507356643677
rl4crn_rne_oscillator_trace_risk09_lr1e4_entropy001_s4_c03,seed009,9,97,9700,100,16,118.90884100241006,142.14168078480878,112.62193929263451,False,max_epochs,147.11247515678406
rl4crn_rne_oscillator_trace_risk09_lr1e4_entropy001_s4_c03,seed009,9,98,9800,100,16,115.37236836175492,144.50157198554155,112.62193929263451,False,max_epochs,148.43645191192627
rl4crn_rne_oscillator_trace_risk09_lr1e4_entropy001_s4_c03,seed009,9,99,9900,100,16,119.39952157751675,138.408327614113,112.62193929263451,False,max_epochs,149.96730661392212
rl4crn_rne_oscillator_trace_risk09_lr1e4_entropy001_s4_c03,seed009,9,100,10000,100,16,120.30840456722773,139.89640328342887,112.62193929263451,False,max_epochs,151.1141712665558
rl4crn_rne_oscillator_trace_risk09_lr1e4_entropy001_s4_c03,seed009,9,101,10100,100,16,115.83274141078391,138.5657644841361,112.62193929263451,False,max_epochs,152.40649342536926
rl4crn_rne_oscillator_trace_risk09_lr1e4_entropy001_s4_c03,seed009,9,102,10200,100,16,115.41923252520394,140.03494195731173,112.62193929263451,False,max_epochs,153.85657000541687
rl4crn_rne_oscillator_trace_risk09_lr1e4_entropy001_s4_c03,seed009,9,103,10300,100,16,114.12876898440521,136.77992362503477,112.62193929263451,False,max_epochs,155.09570455551147
rl4crn_rne_oscillator_trace_risk09_lr1e4_entropy001_s4_c03,seed009,9,104,10400,100,16,119.36905913092076,138.8848998228969,112.62193929263451,False,max_epochs,156.79464411735535
rl4crn_rne_oscillator_trace_risk09_lr1e4_entropy001_s4_c03,seed009,9,105,10500,100,16,120.09234886792991,144.01855916196368,112.62193929263451,False,max_epochs,159.03493762016296
rl4crn_rne_oscillator_trace_risk09_lr1e4_entropy001_s4_c03,seed009,9,106,10600,100,16,115.87658673640591,138.4403951688092,112.62193929263451,False,max_epochs,162.29552292823792
rl4crn_rne_oscillator_trace_risk09_lr1e4_entropy001_s4_c03,seed009,9,107,10700,100,16,119.91679650208013,140.44001405007052,112.62193929263451,False,max_epochs,165.52557563781738
rl4crn_rne_oscillator_trace_risk09_lr1e4_entropy001_s4_c03,seed009,9,108,10800,100,16,116.05170398953375,139.97568834903953,112.62193929263451,False,max_epochs,168.58147287368774
rl4crn_rne_oscillator_trace_risk09_lr1e4_entropy001_s4_c03,seed009,9,109,10900,100,16,119.80822660617247,144.67437312000447,112.62193929263451,False,max_epochs,170.21121096611023
rl4crn_rne_oscillator_trace_risk09_lr1e4_entropy001_s4_c03,seed009,9,110,11000,100,16,117.961538934842,139.43118563149275,112.62193929263451,False,max_epochs,171.4377419948578
rl4crn_rne_oscillator_trace_risk09_lr1e4_entropy001_s4_c03,seed009,9,111,11100,100,16,114.85251443198695,140.15183220739763,112.62193929263451,False,max_epochs,172.92481994628906
rl4crn_rne_oscillator_trace_risk09_lr1e4_entropy001_s4_c03,seed009,9,112,11200,100,16,119.05027269560723,140.73687916222946,112.62193929263451,False,max_epochs,174.07705736160278
rl4crn_rne_oscillator_trace_risk09_lr1e4_entropy001_s4_c03,seed009,9,113,11300,100,16,115.56611477688605,138.89718099180462,112.62193929263451,False,max_epochs,175.48589777946472
rl4crn_rne_oscillator_trace_risk09_lr1e4_entropy001_s4_c03,seed009,9,114,11400,100,16,115.86105339907796,146.51811223490608,112.62193929263451,False,max_epochs,176.6910150051117
rl4crn_rne_oscillator_trace_risk09_lr1e4_entropy001_s4_c03,seed009,9,115,11500,100,16,114.96562250833043,140.829440470721,112.62193929263451,False,max_epochs,177.98591136932373
rl4crn_rne_oscillator_trace_risk09_lr1e4_entropy001_s4_c03,seed009,9,116,11600,100,16,113.54035675580968,145.40617574082196,112.62193929263451,False,max_epochs,179.2325575351715
rl4crn_rne_oscillator_trace_risk09_lr1e4_entropy001_s4_c03,seed009,9,117,11700,100,16,117.93292986609578,147.0088873931021,112.62193929263451,False,max_epochs,180.54208827018738
rl4crn_rne_oscillator_trace_risk09_lr1e4_entropy001_s4_c03,seed009,9,118,11800,100,16,115.77615886377221,146.27640912539562,112.62193929263451,False,max_epochs,181.74370121955872
rl4crn_rne_oscillator_trace_risk09_lr1e4_entropy001_s4_c03,seed009,9,119,11900,100,16,119.85007612327674,140.51859173877057,112.62193929263451,False,max_epochs,183.1177418231964
rl4crn_rne_oscillator_trace_risk09_lr1e4_entropy001_s4_c03,seed009,9,120,12000,100,16,117.42124196135947,147.21731502603262,112.62193929263451,False,max_epochs,184.3155767917633
rl4crn_rne_oscillator_trace_risk09_lr1e4_entropy001_s4_c03,seed009,9,121,12100,100,16,116.61241797733759,138.69185138492324,112.62193929263451,False,max_epochs,185.6250283718109
rl4crn_rne_oscillator_trace_risk09_lr1e4_entropy001_s4_c03,seed009,9,122,12200,100,16,119.91463878396091,145.30684903607965,112.62193929263451,False,max_epochs,186.9558801651001
rl4crn_rne_oscillator_trace_risk09_lr1e4_entropy001_s4_c03,seed009,9,123,12300,100,16,118.7324626757531,142.10851714469152,112.62193929263451,False,max_epochs,188.34955525398254
rl4crn_rne_oscillator_trace_risk09_lr1e4_entropy001_s4_c03,seed009,9,124,12400,100,16,117.05953306417533,139.19703905453872,112.62193929263451,False,max_epochs,189.68471384048462
rl4crn_rne_oscillator_trace_risk09_lr1e4_entropy001_s4_c03,seed009,9,125,12500,100,16,116.07827033931669,147.20496075926565,112.62193929263451,False,max_epochs,191.0443308353424
rl4crn_rne_oscillator_trace_risk09_lr1e4_entropy001_s4_c03,seed009,9,126,12600,100,16,119.04194940838244,141.08314349297342,112.62193929263451,False,max_epochs,192.48924088478088
rl4crn_rne_oscillator_trace_risk09_lr1e4_entropy001_s4_c03,seed009,9,127,12700,100,16,119.0599894430908,138.89356516154237,112.62193929263451,False,max_epochs,193.62168955802917
rl4crn_rne_oscillator_trace_risk09_lr1e4_entropy001_s4_c03,seed009,9,128,12800,100,16,119.16425384145604,145.60240457609285,112.62193929263451,False,max_epochs,195.05882215499878
rl4crn_rne_oscillator_trace_risk09_lr1e4_entropy001_s4_c03,seed009,9,129,12900,100,16,117.4828421175836,144.2853352729664,112.62193929263451,False,max_epochs,196.2512981891632
rl4crn_rne_oscillator_trace_risk09_lr1e4_entropy001_s4_c03,seed009,9,130,13000,100,16,116.63190437975103,144.06598340964734,112.62193929263451,False,max_epochs,197.59297227859497
rl4crn_rne_oscillator_trace_risk09_lr1e4_entropy001_s4_c03,seed009,9,131,13100,100,16,115.88955778039133,151.02106240357875,112.62193929263451,False,max_epochs,198.76664447784424
rl4crn_rne_oscillator_trace_risk09_lr1e4_entropy001_s4_c03,seed009,9,132,13200,100,16,118.8291861529499,147.51362049010976,112.62193929263451,False,max_epochs,200.08110237121582
rl4crn_rne_oscillator_trace_risk09_lr1e4_entropy001_s4_c03,seed009,9,133,13300,100,16,113.745858900326,137.90317695607462,112.62193929263451,False,max_epochs,201.40417075157166
rl4crn_rne_oscillator_trace_risk09_lr1e4_entropy001_s4_c03,seed009,9,134,13400,100,16,116.90095383647856,146.1852442218304,112.62193929263451,False,max_epochs,202.54057621955872
rl4crn_rne_oscillator_trace_risk09_lr1e4_entropy001_s4_c03,seed009,9,135,13500,100,16,114.05214388313563,138.57310635197186,112.62193929263451,False,max_epochs,203.6623408794403
rl4crn_rne_oscillator_trace_risk09_lr1e4_entropy001_s4_c03,seed009,9,136,13600,100,16,117.58612601342466,144.72928269306476,112.62193929263451,False,max_epochs,204.9246277809143
rl4crn_rne_oscillator_trace_risk09_lr1e4_entropy001_s4_c03,seed009,9,137,13700,100,16,115.15575430867281,138.3146707920747,112.62193929263451,False,max_epochs,206.08600306510925
rl4crn_rne_oscillator_trace_risk09_lr1e4_entropy001_s4_c03,seed009,9,138,13800,100,16,117.25916496273223,149.73544610176418,112.62193929263451,False,max_epochs,207.4180748462677
rl4crn_rne_oscillator_trace_risk09_lr1e4_entropy001_s4_c03,seed009,9,139,13900,100,16,118.19875383786338,143.60750324286707,112.62193929263451,False,max_epochs,208.82423567771912
rl4crn_rne_oscillator_trace_risk09_lr1e4_entropy001_s4_c03,seed009,9,140,14000,100,16,117.15166509943006,144.0304900967226,112.62193929263451,False,max_epochs,210.16217470169067
rl4crn_rne_oscillator_trace_risk09_lr1e4_entropy001_s4_c03,seed009,9,141,14100,100,16,119.71049870678466,140.7121473586907,112.62193929263451,False,max_epochs,211.31456589698792
rl4crn_rne_oscillator_trace_risk09_lr1e4_entropy001_s4_c03,seed009,9,142,14200,100,16,119.73333887107609,145.97027112468783,112.62193929263451,False,max_epochs,212.6941740512848
rl4crn_rne_oscillator_trace_risk09_lr1e4_entropy001_s4_c03,seed009,9,143,14300,100,16,116.76168402366055,144.4501360971306,112.62193929263451,False,max_epochs,213.9105579853058
rl4crn_rne_oscillator_trace_risk09_lr1e4_entropy001_s4_c03,seed009,9,144,14400,100,16,118.8673294034851,142.5685898040814,112.62193929263451,False,max_epochs,215.28866171836853
rl4crn_rne_oscillator_trace_risk09_lr1e4_entropy001_s4_c03,seed009,9,145,14500,100,16,118.11129890743676,140.92826201882798,112.62193929263451,False,max_epochs,216.4680073261261
rl4crn_rne_oscillator_trace_risk09_lr1e4_entropy001_s4_c03,seed009,9,146,14600,100,16,115.53622285222603,145.2253788682914,112.62193929263451,False,max_epochs,217.86002397537231
rl4crn_rne_oscillator_trace_risk09_lr1e4_entropy001_s4_c03,seed009,9,147,14700,100,16,113.31105739454513,141.21936137963655,112.62193929263451,False,max_epochs,219.05703783035278
rl4crn_rne_oscillator_trace_risk09_lr1e4_entropy001_s4_c03,seed009,9,148,14800,100,16,114.56291048242457,143.91171585199262,112.62193929263451,False,max_epochs,220.66348242759705
rl4crn_rne_oscillator_trace_risk09_lr1e4_entropy001_s4_c03,seed009,9,149,14900,100,16,117.1796751699596,140.34820058224096,112.62193929263451,False,max_epochs,221.76940536499023
rl4crn_rne_oscillator_trace_risk09_lr1e4_entropy001_s4_c03,seed009,9,150,15000,100,16,119.92576991386517,140.765617903965,112.62193929263451,False,max_epochs,222.92033076286316
rl4crn_rne_oscillator_trace_risk09_lr1e4_entropy001_s4_c03,seed009,9,151,15100,100,16,115.73830591018424,147.05574082236262,112.62193929263451,False,max_epochs,224.19649934768677
rl4crn_rne_oscillator_trace_risk09_lr1e4_entropy001_s4_c03,seed009,9,152,15200,100,16,117.33675799417277,142.75438899276676,112.62193929263451,False,max_epochs,225.31413054466248
rl4crn_rne_oscillator_trace_risk09_lr1e4_entropy001_s4_c03,seed009,9,153,15300,100,16,115.19453418031515,138.60343766827464,112.62193929263451,False,max_epochs,226.62614846229553
rl4crn_rne_oscillator_trace_risk09_lr1e4_entropy001_s4_c03,seed009,9,154,15400,100,16,117.3361564800785,150.01705562674442,112.62193929263451,False,max_epochs,227.7550013065338
rl4crn_rne_oscillator_trace_risk09_lr1e4_entropy001_s4_c03,seed009,9,155,15500,100,16,118.28188411595033,144.04183864749035,112.62193929263451,False,max_epochs,228.9851577281952
rl4crn_rne_oscillator_trace_risk09_lr1e4_entropy001_s4_c03,seed009,9,156,15600,100,16,117.00770555979656,144.5544456102453,112.62193929263451,False,max_epochs,230.40551662445068
rl4crn_rne_oscillator_trace_risk09_lr1e4_entropy001_s4_c03,seed009,9,157,15700,100,16,116.87062770787257,146.0866083974961,112.62193929263451,False,max_epochs,231.63516855239868
rl4crn_rne_oscillator_trace_risk09_lr1e4_entropy001_s4_c03,seed009,9,158,15800,100,16,117.3149521536063,144.01730820984972,112.62193929263451,False,max_epochs,232.91950750350952
rl4crn_rne_oscillator_trace_risk09_lr1e4_entropy001_s4_c03,seed009,9,159,15900,100,16,117.61214258064877,145.09414632290276,112.62193929263451,False,max_epochs,234.12101697921753
rl4crn_rne_oscillator_trace_risk09_lr1e4_entropy001_s4_c03,seed009,9,160,16000,100,16,116.2829802853183,142.2102583707268,112.62193929263451,False,max_epochs,235.46936750411987
rl4crn_rne_oscillator_trace_risk09_lr1e4_entropy001_s4_c03,seed009,9,161,16100,100,16,116.93905079775986,144.34393153636978,112.62193929263451,False,max_epochs,236.72207403182983
rl4crn_rne_oscillator_trace_risk09_lr1e4_entropy001_s4_c03,seed009,9,162,16200,100,16,116.2072761624547,139.69394102925355,112.62193929263451,False,max_epochs,238.14796376228333
rl4crn_rne_oscillator_trace_risk09_lr1e4_entropy001_s4_c03,seed009,9,163,16300,100,16,116.91430539255487,140.50239260311952,112.62193929263451,False,max_epochs,239.51417469978333
rl4crn_rne_oscillator_trace_risk09_lr1e4_entropy001_s4_c03,seed009,9,164,16400,100,16,117.0788296508747,144.29860222515188,112.62193929263451,False,max_epochs,240.7842755317688
rl4crn_rne_oscillator_trace_risk09_lr1e4_entropy001_s4_c03,seed009,9,165,16500,100,16,117.42439999839573,144.44355452026417,112.62193929263451,False,max_epochs,242.15919876098633
rl4crn_rne_oscillator_trace_risk09_lr1e4_entropy001_s4_c03,seed009,9,166,16600,100,16,115.416325894484,144.55074354103579,112.62193929263451,False,max_epochs,243.35418844223022
rl4crn_rne_oscillator_trace_risk09_lr1e4_entropy001_s4_c03,seed009,9,167,16700,100,16,117.98291156200713,143.30215537833516,112.62193929263451,False,max_epochs,244.83942556381226
rl4crn_rne_oscillator_trace_risk09_lr1e4_entropy001_s4_c03,seed009,9,168,16800,100,16,118.23055124834426,142.6480304188388,112.62193929263451,False,max_epochs,246.06112432479858
rl4crn_rne_oscillator_trace_risk09_lr1e4_entropy001_s4_c03,seed009,9,169,16900,100,16,118.82119470162847,140.63990467932334,112.62193929263451,False,max_epochs,247.38781142234802
rl4crn_rne_oscillator_trace_risk09_lr1e4_entropy001_s4_c03,seed009,9,170,17000,100,16,117.26640744923479,141.25402902488645,112.62193929263451,False,max_epochs,248.63721227645874
rl4crn_rne_oscillator_trace_risk09_lr1e4_entropy001_s4_c03,seed009,9,171,17100,100,16,117.9958072987883,138.71405170425248,112.62193929263451,False,max_epochs,249.78023529052734
rl4crn_rne_oscillator_trace_risk09_lr1e4_entropy001_s4_c03,seed009,9,172,17200,100,16,115.19146888434771,143.13770696880175,112.62193929263451,False,max_epochs,251.14186429977417
rl4crn_rne_oscillator_trace_risk09_lr1e4_entropy001_s4_c03,seed009,9,173,17300,100,16,118.28360779007808,145.86439146419633,112.62193929263451,False,max_epochs,252.44922995567322
rl4crn_rne_oscillator_trace_risk09_lr1e4_entropy001_s4_c03,seed009,9,174,17400,100,16,115.47400151872765,141.4599015837319,112.62193929263451,False,max_epochs,253.97750282287598
rl4crn_rne_oscillator_trace_risk09_lr1e4_entropy001_s4_c03,seed009,9,175,17500,100,16,114.04652499717325,148.12131167541787,112.62193929263451,False,max_epochs,256.84489130973816
rl4crn_rne_oscillator_trace_risk09_lr1e4_entropy001_s4_c03,seed009,9,176,17600,100,16,113.08114349211739,148.27908036926885,112.62193929263451,False,max_epochs,259.6656677722931
rl4crn_rne_oscillator_trace_risk09_lr1e4_entropy001_s4_c03,seed009,9,177,17700,100,16,115.74682022491973,143.02319425516146,112.62193929263451,False,max_epochs,262.2322714328766
rl4crn_rne_oscillator_trace_risk09_lr1e4_entropy001_s4_c03,seed009,9,178,17800,100,16,113.40212408034171,137.0304482232643,112.62193929263451,False,max_epochs,265.0631003379822
rl4crn_rne_oscillator_trace_risk09_lr1e4_entropy001_s4_c03,seed009,9,179,17900,100,16,117.35936870773297,145.71183875189246,112.62193929263451,False,max_epochs,267.14784145355225
rl4crn_rne_oscillator_trace_risk09_lr1e4_entropy001_s4_c03,seed009,9,180,18000,100,16,116.81863361233394,147.6938715686511,112.62193929263451,False,max_epochs,268.4413094520569
rl4crn_rne_oscillator_trace_risk09_lr1e4_entropy001_s4_c03,seed009,9,181,18100,100,16,118.59905992449727,148.09177286110486,112.62193929263451,False,max_epochs,269.86915612220764
rl4crn_rne_oscillator_trace_risk09_lr1e4_entropy001_s4_c03,seed009,9,182,18200,100,16,116.10280735219789,146.20879892731995,112.62193929263451,False,max_epochs,271.0795331001282
rl4crn_rne_oscillator_trace_risk09_lr1e4_entropy001_s4_c03,seed009,9,183,18300,100,16,113.99987217701258,143.67862302145323,112.62193929263451,False,max_epochs,272.70721101760864
rl4crn_rne_oscillator_trace_risk09_lr1e4_entropy001_s4_c03,seed009,9,184,18400,100,16,119.28295471271186,149.6426235431996,112.62193929263451,False,max_epochs,274.07422852516174
rl4crn_rne_oscillator_trace_risk09_lr1e4_entropy001_s4_c03,seed009,9,185,18500,100,16,118.59730846464947,151.0474327277956,112.62193929263451,False,max_epochs,275.4414746761322
rl4crn_rne_oscillator_trace_risk09_lr1e4_entropy001_s4_c03,seed009,9,186,18600,100,16,114.05809287915959,143.8383610766392,112.62193929263451,False,max_epochs,276.54824924468994
rl4crn_rne_oscillator_trace_risk09_lr1e4_entropy001_s4_c03,seed009,9,187,18700,100,16,114.79770827026886,143.2890161511386,112.62193929263451,False,max_epochs,277.8557207584381
rl4crn_rne_oscillator_trace_risk09_lr1e4_entropy001_s4_c03,seed009,9,188,18800,100,16,115.76585105977202,144.5206634381732,112.62193929263451,False,max_epochs,279.1797149181366
rl4crn_rne_oscillator_trace_risk09_lr1e4_entropy001_s4_c03,seed009,9,189,18900,100,16,117.11021257541282,143.86828987763658,112.62193929263451,False,max_epochs,280.31789231300354
rl4crn_rne_oscillator_trace_risk09_lr1e4_entropy001_s4_c03,seed009,9,190,19000,100,16,117.18079238399002,142.72170988652664,112.62193929263451,False,max_epochs,281.6230001449585
rl4crn_rne_oscillator_trace_risk09_lr1e4_entropy001_s4_c03,seed009,9,191,19100,100,16,113.7532318280954,146.4007917613688,112.62193929263451,False,max_epochs,282.78216791152954
rl4crn_rne_oscillator_trace_risk09_lr1e4_entropy001_s4_c03,seed009,9,192,19200,100,16,118.2433677787723,146.09902912741956,112.62193929263451,False,max_epochs,284.13186168670654
rl4crn_rne_oscillator_trace_risk09_lr1e4_entropy001_s4_c03,seed009,9,193,19300,100,16,116.86574333357356,143.27907571904575,112.62193929263451,False,max_epochs,285.41363048553467
rl4crn_rne_oscillator_trace_risk09_lr1e4_entropy001_s4_c03,seed009,9,194,19400,100,16,111.80750215492475,145.14170379600134,111.80750215492475,False,max_epochs,286.93348026275635
rl4crn_rne_oscillator_trace_risk09_lr1e4_entropy001_s4_c03,seed009,9,195,19500,100,16,117.30262478769797,144.3480636390915,111.80750215492475,False,max_epochs,288.5074062347412
rl4crn_rne_oscillator_trace_risk09_lr1e4_entropy001_s4_c03,seed009,9,196,19600,100,16,116.14732702825249,144.73698471503005,111.80750215492475,False,max_epochs,289.7253701686859
rl4crn_rne_oscillator_trace_risk09_lr1e4_entropy001_s4_c03,seed009,9,197,19700,100,16,119.74462170541902,144.41685801868405,111.80750215492475,False,max_epochs,291.23526430130005
rl4crn_rne_oscillator_trace_risk09_lr1e4_entropy001_s4_c03,seed009,9,198,19800,100,16,118.31787165306451,144.95282708950006,111.80750215492475,False,max_epochs,292.729496717453
rl4crn_rne_oscillator_trace_risk09_lr1e4_entropy001_s4_c03,seed009,9,199,19900,100,16,117.29260643925231,148.84597710123552,111.80750215492475,False,max_epochs,294.04034781455994
rl4crn_rne_oscillator_trace_risk09_lr1e4_entropy001_s4_c03,seed009,9,200,20000,100,16,119.08773017604803,146.55889906203913,111.80750215492475,False,max_epochs,295.32576513290405
rl4crn_rne_oscillator_trace_risk09_lr1e4_entropy001_s4_c03,seed009,9,201,20100,100,16,115.9834209980478,146.06015962851916,111.80750215492475,False,max_epochs,296.6423044204712
rl4crn_rne_oscillator_trace_risk09_lr1e4_entropy001_s4_c03,seed009,9,202,20200,100,16,113.16548323686669,147.77827672671572,111.80750215492475,False,max_epochs,297.9919011592865
rl4crn_rne_oscillator_trace_risk09_lr1e4_entropy001_s4_c03,seed009,9,203,20300,100,16,117.39565065249234,147.62715198873138,111.80750215492475,False,max_epochs,299.1109640598297
rl4crn_rne_oscillator_trace_risk09_lr1e4_entropy001_s4_c03,seed009,9,204,20400,100,16,117.3687112765325,141.61243873309743,111.80750215492475,False,max_epochs,300.39153385162354
rl4crn_rne_oscillator_trace_risk09_lr1e4_entropy001_s4_c03,seed009,9,205,20500,100,16,115.24084549037086,148.99832917469274,111.80750215492475,False,max_epochs,301.5524754524231
rl4crn_rne_oscillator_trace_risk09_lr1e4_entropy001_s4_c03,seed009,9,206,20600,100,16,118.38935196083851,150.29437362410488,111.80750215492475,False,max_epochs,302.8901355266571
rl4crn_rne_oscillator_trace_risk09_lr1e4_entropy001_s4_c03,seed009,9,207,20700,100,16,118.74566047664449,140.91581159558655,111.80750215492475,False,max_epochs,305.1050138473511
rl4crn_rne_oscillator_trace_risk09_lr1e4_entropy001_s4_c03,seed009,9,208,20800,100,16,117.51066551952243,152.01233127862673,111.80750215492475,False,max_epochs,308.12895488739014
rl4crn_rne_oscillator_trace_risk09_lr1e4_entropy001_s4_c03,seed009,9,209,20900,100,16,114.22524564635908,146.53324224446766,111.80750215492475,False,max_epochs,311.6811435222626
rl4crn_rne_oscillator_trace_risk09_lr1e4_entropy001_s4_c03,seed009,9,210,21000,100,16,113.98507298989435,153.59298548193652,111.80750215492475,False,max_epochs,314.3060259819031
rl4crn_rne_oscillator_trace_risk09_lr1e4_entropy001_s4_c03,seed009,9,211,21100,100,16,114.75902848476305,144.43993988219128,111.80750215492475,False,max_epochs,315.8487694263458
rl4crn_rne_oscillator_trace_risk09_lr1e4_entropy001_s4_c03,seed009,9,212,21200,100,16,116.97183000834497,147.44123837864484,111.80750215492475,False,max_epochs,317.2171542644501
rl4crn_rne_oscillator_trace_risk09_lr1e4_entropy001_s4_c03,seed009,9,213,21300,100,16,113.35441329891971,144.0844035883987,111.80750215492475,False,max_epochs,318.52346873283386
rl4crn_rne_oscillator_trace_risk09_lr1e4_entropy001_s4_c03,seed009,9,214,21400,100,16,114.16050683466113,144.68458676048004,111.80750215492475,False,max_epochs,319.82814478874207
rl4crn_rne_oscillator_trace_risk09_lr1e4_entropy001_s4_c03,seed009,9,215,21500,100,16,115.15126045847154,148.27612005750575,111.80750215492475,False,max_epochs,321.1544210910797
rl4crn_rne_oscillator_trace_risk09_lr1e4_entropy001_s4_c03,seed009,9,216,21600,100,16,117.75953527648788,150.07915592163954,111.80750215492475,False,max_epochs,322.47132182121277
rl4crn_rne_oscillator_trace_risk09_lr1e4_entropy001_s4_c03,seed009,9,217,21700,100,16,117.60110426890047,149.87777780597855,111.80750215492475,False,max_epochs,323.8626003265381
rl4crn_rne_oscillator_trace_risk09_lr1e4_entropy001_s4_c03,seed009,9,218,21800,100,16,120.1023013986225,148.62391143900987,111.80750215492475,False,max_epochs,325.2559163570404
rl4crn_rne_oscillator_trace_risk09_lr1e4_entropy001_s4_c03,seed009,9,219,21900,100,16,115.95190252211951,146.6567919266459,111.80750215492475,False,max_epochs,326.61206245422363
rl4crn_rne_oscillator_trace_risk09_lr1e4_entropy001_s4_c03,seed009,9,220,22000,100,16,114.87228154829528,144.3308488210081,111.80750215492475,False,max_epochs,327.98724031448364
rl4crn_rne_oscillator_trace_risk09_lr1e4_entropy001_s4_c03,seed009,9,221,22100,100,16,115.81506879076083,151.21045280342545,111.80750215492475,False,max_epochs,329.1636745929718
rl4crn_rne_oscillator_trace_risk09_lr1e4_entropy001_s4_c03,seed009,9,222,22200,100,16,115.94931179700849,155.13514907398118,111.80750215492475,False,max_epochs,330.5730936527252
rl4crn_rne_oscillator_trace_risk09_lr1e4_entropy001_s4_c03,seed009,9,223,22300,100,16,116.68937544209719,145.67664602738694,111.80750215492475,False,max_epochs,331.8043735027313
rl4crn_rne_oscillator_trace_risk09_lr1e4_entropy001_s4_c03,seed009,9,224,22400,100,16,116.66139651994905,152.80866322170112,111.80750215492475,False,max_epochs,333.25433135032654
rl4crn_rne_oscillator_trace_risk09_lr1e4_entropy001_s4_c03,seed009,9,225,22500,100,16,115.75523201079127,151.97424039311534,111.80750215492475,False,max_epochs,334.46206521987915
rl4crn_rne_oscillator_trace_risk09_lr1e4_entropy001_s4_c03,seed009,9,226,22600,100,16,116.21980304759006,144.07338905526558,111.80750215492475,False,max_epochs,335.6214954853058
rl4crn_rne_oscillator_trace_risk09_lr1e4_entropy001_s4_c03,seed009,9,227,22700,100,16,112.26818581376473,151.56050216621563,111.80750215492475,False,max_epochs,337.20714020729065
rl4crn_rne_oscillator_trace_risk09_lr1e4_entropy001_s4_c03,seed009,9,228,22800,100,16,117.1470057139277,152.99389500012603,111.80750215492475,False,max_epochs,338.35808777809143
rl4crn_rne_oscillator_trace_risk09_lr1e4_entropy001_s4_c03,seed009,9,229,22900,100,16,118.26529873400264,151.96671670006245,111.80750215492475,False,max_epochs,339.8085095882416
rl4crn_rne_oscillator_trace_risk09_lr1e4_entropy001_s4_c03,seed009,9,230,23000,100,16,117.57984900061821,150.14084756404677,111.80750215492475,False,max_epochs,340.96345019340515
rl4crn_rne_oscillator_trace_risk09_lr1e4_entropy001_s4_c03,seed009,9,231,23100,100,16,114.84165113503322,151.00189513166663,111.80750215492475,False,max_epochs,342.25504899024963
rl4crn_rne_oscillator_trace_risk09_lr1e4_entropy001_s4_c03,seed009,9,232,23200,100,16,112.07361736072806,149.67874640593712,111.80750215492475,False,max_epochs,343.49119091033936
rl4crn_rne_oscillator_trace_risk09_lr1e4_entropy001_s4_c03,seed009,9,233,23300,100,16,114.37394902227308,148.18366385417204,111.80750215492475,False,max_epochs,344.9000120162964
rl4crn_rne_oscillator_trace_risk09_lr1e4_entropy001_s4_c03,seed009,9,234,23400,100,16,117.35169552507288,148.38227550223107,111.80750215492475,False,max_epochs,346.1293749809265
rl4crn_rne_oscillator_trace_risk09_lr1e4_entropy001_s4_c03,seed009,9,235,23500,100,16,118.35815861453526,143.59527683563007,111.80750215492475,False,max_epochs,347.46754598617554
rl4crn_rne_oscillator_trace_risk09_lr1e4_entropy001_s4_c03,seed009,9,236,23600,100,16,118.89077362729381,152.2360188613547,111.80750215492475,False,max_epochs,348.66556906700134
rl4crn_rne_oscillator_trace_risk09_lr1e4_entropy001_s4_c03,seed009,9,237,23700,100,16,119.16557651199638,154.92014413686252,111.80750215492475,False,max_epochs,350.04643201828003
rl4crn_rne_oscillator_trace_risk09_lr1e4_entropy001_s4_c03,seed009,9,238,23800,100,16,111.63463391363992,147.08791004774102,111.63463391363992,False,max_epochs,351.26085567474365
rl4crn_rne_oscillator_trace_risk09_lr1e4_entropy001_s4_c03,seed009,9,239,23900,100,16,113.36020370588452,146.7493598128808,111.63463391363992,False,max_epochs,353.1415431499481
rl4crn_rne_oscillator_trace_risk09_lr1e4_entropy001_s4_c03,seed009,9,240,24000,100,16,117.86445792159371,144.41229321623513,111.63463391363992,False,max_epochs,355.8227083683014
rl4crn_rne_oscillator_trace_risk09_lr1e4_entropy001_s4_c03,seed009,9,241,24100,100,16,114.80447635937426,147.2682918316653,111.63463391363992,False,max_epochs,357.8932843208313
rl4crn_rne_oscillator_trace_risk09_lr1e4_entropy001_s4_c03,seed009,9,242,24200,100,16,116.94640143672326,151.81096448462023,111.63463391363992,False,max_epochs,360.9859778881073
rl4crn_rne_oscillator_trace_risk09_lr1e4_entropy001_s4_c03,seed009,9,243,24300,100,16,116.56426649972946,147.54510393948442,111.63463391363992,False,max_epochs,363.3678135871887
rl4crn_rne_oscillator_trace_risk09_lr1e4_entropy001_s4_c03,seed009,9,244,24400,100,16,115.07589023670955,153.23051769428105,111.63463391363992,False,max_epochs,364.68189764022827
rl4crn_rne_oscillator_trace_risk09_lr1e4_entropy001_s4_c03,seed009,9,245,24500,100,16,117.5165066366019,151.95215240975392,111.63463391363992,False,max_epochs,365.98741126060486
rl4crn_rne_oscillator_trace_risk09_lr1e4_entropy001_s4_c03,seed009,9,246,24600,100,16,113.01739319108506,151.39490388784904,111.63463391363992,False,max_epochs,367.3416292667389
rl4crn_rne_oscillator_trace_risk09_lr1e4_entropy001_s4_c03,seed009,9,247,24700,100,16,119.60092532769086,148.30262681787838,111.63463391363992,False,max_epochs,368.5366315841675
rl4crn_rne_oscillator_trace_risk09_lr1e4_entropy001_s4_c03,seed009,9,248,24800,100,16,112.29661174176952,151.98192660455243,111.63463391363992,False,max_epochs,369.70617866516113
rl4crn_rne_oscillator_trace_risk09_lr1e4_entropy001_s4_c03,seed009,9,249,24900,100,16,115.35230782463006,151.68038032745764,111.63463391363992,False,max_epochs,371.19028306007385
rl4crn_rne_oscillator_trace_risk09_lr1e4_entropy001_s4_c03,seed009,9,250,25000,100,16,115.727387610782,150.70967118110516,111.63463391363992,False,max_epochs,372.3231897354126
rl4crn_rne_oscillator_trace_risk09_lr1e4_entropy001_s4_c03,seed009,9,251,25100,100,16,114.74034053473619,146.24131049309014,111.63463391363992,False,max_epochs,373.6550521850586
rl4crn_rne_oscillator_trace_risk09_lr1e4_entropy001_s4_c03,seed009,9,252,25200,100,16,116.22597721553358,144.30189453898834,111.63463391363992,False,max_epochs,374.8048710823059
rl4crn_rne_oscillator_trace_risk09_lr1e4_entropy001_s4_c03,seed009,9,253,25300,100,16,116.27358008098415,151.29168220540652,111.63463391363992,False,max_epochs,376.12378334999084
rl4crn_rne_oscillator_trace_risk09_lr1e4_entropy001_s4_c03,seed009,9,254,25400,100,16,117.16763446473959,152.3837458057269,111.63463391363992,False,max_epochs,377.2513654232025
rl4crn_rne_oscillator_trace_risk09_lr1e4_entropy001_s4_c03,seed009,9,255,25500,100,16,112.36550172058692,143.3263648295474,111.63463391363992,False,max_epochs,378.55993604660034
rl4crn_rne_oscillator_trace_risk09_lr1e4_entropy001_s4_c03,seed009,9,256,25600,100,16,115.63778914194575,148.40028986636344,111.63463391363992,False,max_epochs,379.7655608654022
rl4crn_rne_oscillator_trace_risk09_lr1e4_entropy001_s4_c03,seed009,9,257,25700,100,16,111.284627001252,150.4929029387003,111.284627001252,False,max_epochs,381.10905170440674
rl4crn_rne_oscillator_trace_risk09_lr1e4_entropy001_s4_c03,seed009,9,258,25800,100,16,114.36288966307384,150.54297973901856,111.284627001252,False,max_epochs,382.3486328125
rl4crn_rne_oscillator_trace_risk09_lr1e4_entropy001_s4_c03,seed009,9,259,25900,100,16,118.43017167392368,150.42966957450847,111.284627001252,False,max_epochs,383.6625645160675
rl4crn_rne_oscillator_trace_risk09_lr1e4_entropy001_s4_c03,seed009,9,260,26000,100,16,120.83531335640113,149.31629537490488,111.284627001252,False,max_epochs,384.8292682170868
rl4crn_rne_oscillator_trace_risk09_lr1e4_entropy001_s4_c03,seed009,9,261,26100,100,16,114.44534348933827,151.11812681311062,111.284627001252,False,max_epochs,386.21638011932373
rl4crn_rne_oscillator_trace_risk09_lr1e4_entropy001_s4_c03,seed009,9,262,26200,100,16,116.11768822564449,150.27811866382234,111.284627001252,False,max_epochs,387.6267967224121
rl4crn_rne_oscillator_trace_risk09_lr1e4_entropy001_s4_c03,seed009,9,263,26300,100,16,118.54955249530894,151.86619451213159,111.284627001252,False,max_epochs,389.05912566185
rl4crn_rne_oscillator_trace_risk09_lr1e4_entropy001_s4_c03,seed009,9,264,26400,100,16,112.40260240915725,143.04815644844558,111.284627001252,False,max_epochs,390.5116696357727
rl4crn_rne_oscillator_trace_risk09_lr1e4_entropy001_s4_c03,seed009,9,265,26500,100,16,115.78896149644214,149.46373200258964,111.284627001252,False,max_epochs,391.76607036590576
rl4crn_rne_oscillator_trace_risk09_lr1e4_entropy001_s4_c03,seed009,9,266,26600,100,16,118.5033593525693,153.5517834030095,111.284627001252,False,max_epochs,393.1893410682678
rl4crn_rne_oscillator_trace_risk09_lr1e4_entropy001_s4_c03,seed009,9,267,26700,100,16,115.6187778809466,146.41877455029675,111.284627001252,False,max_epochs,394.4972541332245
rl4crn_rne_oscillator_trace_risk09_lr1e4_entropy001_s4_c03,seed009,9,268,26800,100,16,116.22414550724736,152.93454881292558,111.284627001252,False,max_epochs,395.7840256690979
rl4crn_rne_oscillator_trace_risk09_lr1e4_entropy001_s4_c03,seed009,9,269,26900,100,16,111.90609429253374,147.70937627672475,111.284627001252,False,max_epochs,396.9437463283539
rl4crn_rne_oscillator_trace_risk09_lr1e4_entropy001_s4_c03,seed009,9,270,27000,100,16,117.5589474976764,146.10585757757775,111.284627001252,False,max_epochs,398.3211679458618
rl4crn_rne_oscillator_trace_risk09_lr1e4_entropy001_s4_c03,seed009,9,271,27100,100,16,114.75274200583279,148.80227807529445,111.284627001252,False,max_epochs,399.7693991661072
rl4crn_rne_oscillator_trace_risk09_lr1e4_entropy001_s4_c03,seed009,9,272,27200,100,16,114.72160691461957,152.3772597934161,111.284627001252,False,max_epochs,402.87045645713806
rl4crn_rne_oscillator_trace_risk09_lr1e4_entropy001_s4_c03,seed009,9,273,27300,100,16,113.74598160465573,156.78480781008255,111.284627001252,False,max_epochs,405.5838484764099
rl4crn_rne_oscillator_trace_risk09_lr1e4_entropy001_s4_c03,seed009,9,274,27400,100,16,118.38390485729707,151.14368205944845,111.284627001252,False,max_epochs,408.45003867149353
rl4crn_rne_oscillator_trace_risk09_lr1e4_entropy001_s4_c03,seed009,9,275,27500,100,16,116.40643928482658,151.3629676049073,111.284627001252,False,max_epochs,411.123286485672
rl4crn_rne_oscillator_trace_risk09_lr1e4_entropy001_s4_c03,seed009,9,276,27600,100,16,115.19927276077641,157.13091559420832,111.284627001252,False,max_epochs,412.50594902038574
rl4crn_rne_oscillator_trace_risk09_lr1e4_entropy001_s4_c03,seed009,9,277,27700,100,16,117.35214849151299,147.99495368602942,111.284627001252,False,max_epochs,413.87288761138916
rl4crn_rne_oscillator_trace_risk09_lr1e4_entropy001_s4_c03,seed009,9,278,27800,100,16,114.86791853667128,155.61037312739074,111.284627001252,False,max_epochs,415.04137921333313
rl4crn_rne_oscillator_trace_risk09_lr1e4_entropy001_s4_c03,seed009,9,279,27900,100,16,113.40855419265134,151.80965955967548,111.284627001252,False,max_epochs,416.1685152053833
rl4crn_rne_oscillator_trace_risk09_lr1e4_entropy001_s4_c03,seed009,9,280,28000,100,16,115.51404685849904,147.09484568543138,111.284627001252,False,max_epochs,417.5545325279236
rl4crn_rne_oscillator_trace_risk09_lr1e4_entropy001_s4_c03,seed009,9,281,28100,100,16,117.6945133704734,147.98221974766278,111.284627001252,False,max_epochs,418.7328610420227
rl4crn_rne_oscillator_trace_risk09_lr1e4_entropy001_s4_c03,seed009,9,282,28200,100,16,115.41930972537342,153.53109249713833,111.284627001252,False,max_epochs,420.0986580848694
rl4crn_rne_oscillator_trace_risk09_lr1e4_entropy001_s4_c03,seed009,9,283,28300,100,16,117.70483341189924,152.38868439798162,111.284627001252,False,max_epochs,421.32597041130066
rl4crn_rne_oscillator_trace_risk09_lr1e4_entropy001_s4_c03,seed009,9,284,28400,100,16,114.3583228782544,156.58849702715673,111.284627001252,False,max_epochs,422.6564061641693
rl4crn_rne_oscillator_trace_risk09_lr1e4_entropy001_s4_c03,seed009,9,285,28500,100,16,113.41942099100258,152.32743492670346,111.284627001252,False,max_epochs,424.0781931877136
rl4crn_rne_oscillator_trace_risk09_lr1e4_entropy001_s4_c03,seed009,9,286,28600,100,16,112.46521954950737,151.15565628957563,111.284627001252,False,max_epochs,425.4581437110901
rl4crn_rne_oscillator_trace_risk09_lr1e4_entropy001_s4_c03,seed009,9,287,28700,100,16,115.7940888163715,151.824467969966,111.284627001252,False,max_epochs,426.6036021709442
rl4crn_rne_oscillator_trace_risk09_lr1e4_entropy001_s4_c03,seed009,9,288,28800,100,16,116.81385189927333,154.41226740215822,111.284627001252,False,max_epochs,428.0523886680603
rl4crn_rne_oscillator_trace_risk09_lr1e4_entropy001_s4_c03,seed009,9,289,28900,100,16,116.16354614966137,149.63571413682155,111.284627001252,False,max_epochs,429.2986238002777
rl4crn_rne_oscillator_trace_risk09_lr1e4_entropy001_s4_c03,seed009,9,290,29000,100,16,114.18621697878822,152.86741099272268,111.284627001252,False,max_epochs,430.51589918136597
rl4crn_rne_oscillator_trace_risk09_lr1e4_entropy001_s4_c03,seed009,9,291,29100,100,16,112.19726990875103,154.66129157782564,111.284627001252,False,max_epochs,431.83671736717224
rl4crn_rne_oscillator_trace_risk09_lr1e4_entropy001_s4_c03,seed009,9,292,29200,100,16,118.21850477311904,154.48027566618302,111.284627001252,False,max_epochs,433.0575897693634
rl4crn_rne_oscillator_trace_risk09_lr1e4_entropy001_s4_c03,seed009,9,293,29300,100,16,116.74377795405691,156.26140388847512,111.284627001252,False,max_epochs,434.4212543964386
rl4crn_rne_oscillator_trace_risk09_lr1e4_entropy001_s4_c03,seed009,9,294,29400,100,16,114.7665342486948,152.25498238899496,111.284627001252,False,max_epochs,435.6553294658661
rl4crn_rne_oscillator_trace_risk09_lr1e4_entropy001_s4_c03,seed009,9,295,29500,100,16,112.25770742021987,154.0758379736286,111.284627001252,False,max_epochs,437.0801258087158
rl4crn_rne_oscillator_trace_risk09_lr1e4_entropy001_s4_c03,seed009,9,296,29600,100,16,118.15632910253268,152.88604330384317,111.284627001252,False,max_epochs,438.4565780162811
rl4crn_rne_oscillator_trace_risk09_lr1e4_entropy001_s4_c03,seed009,9,297,29700,100,16,113.503582873593,153.07503029514987,111.284627001252,False,max_epochs,439.73681354522705
rl4crn_rne_oscillator_trace_risk09_lr1e4_entropy001_s4_c03,seed009,9,298,29800,100,16,115.56028727078987,151.99426370071285,111.284627001252,False,max_epochs,441.20283341407776
rl4crn_rne_oscillator_trace_risk09_lr1e4_entropy001_s4_c03,seed009,9,299,29900,100,16,118.7094820550329,150.3323018994525,111.284627001252,False,max_epochs,442.5115511417389
rl4crn_rne_oscillator_trace_risk09_lr1e4_entropy001_s4_c03,seed009,9,300,30000,100,16,118.87877670436805,149.43621987108395,111.284627001252,False,max_epochs,444.0601136684418
rl4crn_rne_oscillator_trace_risk09_lr1e4_entropy001_s4_c03,seed009,9,301,30100,100,16,116.89444151476397,150.9322748991895,111.284627001252,False,max_epochs,445.1927785873413
rl4crn_rne_oscillator_trace_risk09_lr1e4_entropy001_s4_c03,seed009,9,302,30200,100,16,117.0905952865466,153.06528426515246,111.284627001252,False,max_epochs,447.4874083995819
rl4crn_rne_oscillator_trace_risk09_lr1e4_entropy001_s4_c03,seed009,9,303,30300,100,16,112.76213737803569,147.88660449250227,111.284627001252,False,max_epochs,450.1302258968353
rl4crn_rne_oscillator_trace_risk09_lr1e4_entropy001_s4_c03,seed009,9,304,30400,100,16,117.8046477539056,154.51179182493547,111.284627001252,False,max_epochs,452.9531865119934
rl4crn_rne_oscillator_trace_risk09_lr1e4_entropy001_s4_c03,seed009,9,305,30500,100,16,114.20493395493531,147.69009799685836,111.284627001252,False,max_epochs,455.61277627944946
rl4crn_rne_oscillator_trace_risk09_lr1e4_entropy001_s4_c03,seed009,9,306,30600,100,16,118.48519040942514,151.13799163208887,111.284627001252,False,max_epochs,457.2511212825775
rl4crn_rne_oscillator_trace_risk09_lr1e4_entropy001_s4_c03,seed009,9,307,30700,100,16,119.36318856486183,150.37608272618547,111.284627001252,False,max_epochs,458.5917646884918
rl4crn_rne_oscillator_trace_risk09_lr1e4_entropy001_s4_c03,seed009,9,308,30800,100,16,113.7497287155184,145.66678986592,111.284627001252,False,max_epochs,459.7391519546509
rl4crn_rne_oscillator_trace_risk09_lr1e4_entropy001_s4_c03,seed009,9,309,30900,100,16,115.90851663086227,142.94783383555873,111.284627001252,False,max_epochs,460.95213079452515
rl4crn_rne_oscillator_trace_risk09_lr1e4_entropy001_s4_c03,seed009,9,310,31000,100,16,118.25274581546674,150.53494083767407,111.284627001252,False,max_epochs,462.29619431495667
rl4crn_rne_oscillator_trace_risk09_lr1e4_entropy001_s4_c03,seed009,9,311,31100,100,16,117.7245861197012,151.23586222990704,111.284627001252,False,max_epochs,463.4823863506317
rl4crn_rne_oscillator_trace_risk09_lr1e4_entropy001_s4_c03,seed009,9,312,31200,100,16,118.4982320472015,153.761234901877,111.284627001252,False,max_epochs,464.86574149131775
rl4crn_rne_oscillator_trace_risk09_lr1e4_entropy001_s4_c03,seed009,9,313,31300,100,16,112.56611336179438,147.13229942822613,111.284627001252,False,max_epochs,466.0233528614044
rl4crn_rne_oscillator_trace_risk09_lr1e4_entropy001_s4_c03,seed009,9,314,31400,100,16,112.87667022606655,155.02245054682896,111.284627001252,False,max_epochs,467.35129857063293
rl4crn_rne_oscillator_trace_risk09_lr1e4_entropy001_s4_c03,seed009,9,315,31500,100,16,114.28774401113834,146.6280546875372,111.284627001252,False,max_epochs,468.6233961582184
rl4crn_rne_oscillator_trace_risk09_lr1e4_entropy001_s4_c03,seed009,9,316,31600,100,16,117.68605492649054,150.92564932912566,111.284627001252,False,max_epochs,469.94328808784485
rl4crn_rne_oscillator_trace_risk09_lr1e4_entropy001_s4_c03,seed009,9,317,31700,100,16,115.47682841184131,154.49830466312983,111.284627001252,False,max_epochs,471.2784595489502
rl4crn_rne_oscillator_trace_risk09_lr1e4_entropy001_s4_c03,seed009,9,318,31800,100,16,119.62849430161627,152.05572126865047,111.284627001252,False,max_epochs,472.6495945453644
rl4crn_rne_oscillator_trace_risk09_lr1e4_entropy001_s4_c03,seed009,9,319,31900,100,16,118.29025228114098,146.02412361203517,111.284627001252,False,max_epochs,473.94910168647766
rl4crn_rne_oscillator_trace_risk09_lr1e4_entropy001_s4_c03,seed009,9,320,32000,100,16,118.44002378627364,147.6692688910402,111.284627001252,False,max_epochs,475.14791345596313
rl4crn_rne_oscillator_trace_risk09_lr1e4_entropy001_s4_c03,seed009,9,321,32100,100,16,116.09909866609568,149.7764737204404,111.284627001252,False,max_epochs,476.4320013523102
rl4crn_rne_oscillator_trace_risk09_lr1e4_entropy001_s4_c03,seed009,9,322,32200,100,16,115.77225084889696,151.50424458276655,111.284627001252,False,max_epochs,477.6099247932434
rl4crn_rne_oscillator_trace_risk09_lr1e4_entropy001_s4_c03,seed009,9,323,32300,100,16,115.1633789198192,150.35689948949772,111.284627001252,False,max_epochs,479.0195426940918
rl4crn_rne_oscillator_trace_risk09_lr1e4_entropy001_s4_c03,seed009,9,324,32400,100,16,117.137557019304,151.7282218490044,111.284627001252,False,max_epochs,480.2318334579468
rl4crn_rne_oscillator_trace_risk09_lr1e4_entropy001_s4_c03,seed009,9,325,32500,100,16,115.90746264144475,149.23923191190067,111.284627001252,False,max_epochs,481.4480037689209
rl4crn_rne_oscillator_trace_risk09_lr1e4_entropy001_s4_c03,seed009,9,326,32600,100,16,118.2497096080819,147.93225267901644,111.284627001252,False,max_epochs,482.84043860435486
rl4crn_rne_oscillator_trace_risk09_lr1e4_entropy001_s4_c03,seed009,9,327,32700,100,16,116.20760847562748,153.05313734344242,111.284627001252,False,max_epochs,484.0377130508423
rl4crn_rne_oscillator_trace_risk09_lr1e4_entropy001_s4_c03,seed009,9,328,32800,100,16,114.3167860545324,154.48519214065794,111.284627001252,False,max_epochs,485.4090917110443
rl4crn_rne_oscillator_trace_risk09_lr1e4_entropy001_s4_c03,seed009,9,329,32900,100,16,115.97875888940528,151.7763852441346,111.284627001252,False,max_epochs,486.70100927352905
rl4crn_rne_oscillator_trace_risk09_lr1e4_entropy001_s4_c03,seed009,9,330,33000,100,16,112.61927693717251,151.95432682466878,111.284627001252,False,max_epochs,488.1199269294739
rl4crn_rne_oscillator_trace_risk09_lr1e4_entropy001_s4_c03,seed009,9,331,33100,100,16,109.94996076737948,148.96762279549677,109.94996076737948,False,max_epochs,489.359699010849
rl4crn_rne_oscillator_trace_risk09_lr1e4_entropy001_s4_c03,seed009,9,332,33200,100,16,114.64640243057302,146.15182016469208,109.94996076737948,False,max_epochs,490.64880633354187
rl4crn_rne_oscillator_trace_risk09_lr1e4_entropy001_s4_c03,seed009,9,333,33300,100,16,119.615307756108,153.2026455384693,109.94996076737948,False,max_epochs,491.99613904953003
rl4crn_rne_oscillator_trace_risk09_lr1e4_entropy001_s4_c03,seed009,9,334,33400,100,16,116.01184115009785,155.24934304254586,109.94996076737948,False,max_epochs,493.3206088542938
rl4crn_rne_oscillator_trace_risk09_lr1e4_entropy001_s4_c03,seed009,9,335,33500,100,16,115.36719919681708,150.4805143090138,109.94996076737948,False,max_epochs,495.08778619766235
rl4crn_rne_oscillator_trace_risk09_lr1e4_entropy001_s4_c03,seed009,9,336,33600,100,16,117.04519612454368,151.4886692461036,109.94996076737948,False,max_epochs,496.4646942615509
rl4crn_rne_oscillator_trace_risk09_lr1e4_entropy001_s4_c03,seed009,9,337,33700,100,16,115.34407527432336,153.59037434679362,109.94996076737948,False,max_epochs,497.8056387901306
rl4crn_rne_oscillator_trace_risk09_lr1e4_entropy001_s4_c03,seed009,9,338,33800,100,16,117.23426157398764,150.19232210750152,109.94996076737948,False,max_epochs,499.169118642807
rl4crn_rne_oscillator_trace_risk09_lr1e4_entropy001_s4_c03,seed009,9,339,33900,100,16,113.79607521995534,145.64662479940984,109.94996076737948,False,max_epochs,500.29064893722534
rl4crn_rne_oscillator_trace_risk09_lr1e4_entropy001_s4_c03,seed009,9,340,34000,100,16,114.15991746690824,146.5340114600032,109.94996076737948,False,max_epochs,501.59168910980225
rl4crn_rne_oscillator_trace_risk09_lr1e4_entropy001_s4_c03,seed009,9,341,34100,100,16,114.86461130034749,151.92782791971064,109.94996076737948,False,max_epochs,502.7807013988495
rl4crn_rne_oscillator_trace_risk09_lr1e4_entropy001_s4_c03,seed009,9,342,34200,100,16,114.90800994115774,152.49641755490364,109.94996076737948,False,max_epochs,504.1352188587189
rl4crn_rne_oscillator_trace_risk09_lr1e4_entropy001_s4_c03,seed009,9,343,34300,100,16,116.98348559009207,153.08433516385352,109.94996076737948,False,max_epochs,505.2763121128082
rl4crn_rne_oscillator_trace_risk09_lr1e4_entropy001_s4_c03,seed009,9,344,34400,100,16,113.71403209184945,147.65752603480234,109.94996076737948,False,max_epochs,506.49063062667847
rl4crn_rne_oscillator_trace_risk09_lr1e4_entropy001_s4_c03,seed009,9,345,34500,100,16,113.42693086608024,150.862425641267,109.94996076737948,False,max_epochs,507.79124546051025
rl4crn_rne_oscillator_trace_risk09_lr1e4_entropy001_s4_c03,seed009,9,346,34600,100,16,111.98398399878512,144.74619292640307,109.94996076737948,False,max_epochs,508.9829902648926
rl4crn_rne_oscillator_trace_risk09_lr1e4_entropy001_s4_c03,seed009,9,347,34700,100,16,116.10987082327671,149.7367654216954,109.94996076737948,False,max_epochs,510.3826832771301
rl4crn_rne_oscillator_trace_risk09_lr1e4_entropy001_s4_c03,seed009,9,348,34800,100,16,113.87016464510228,146.74800511425923,109.94996076737948,False,max_epochs,511.583242893219
rl4crn_rne_oscillator_trace_risk09_lr1e4_entropy001_s4_c03,seed009,9,349,34900,100,16,112.37040571504951,143.68741420641445,109.94996076737948,False,max_epochs,512.7897975444794
rl4crn_rne_oscillator_trace_risk09_lr1e4_entropy001_s4_c03,seed009,9,350,35000,100,16,116.15585335047747,149.7070184633401,109.94996076737948,False,max_epochs,514.133772611618
rl4crn_rne_oscillator_trace_risk09_lr1e4_entropy001_s4_c03,seed009,9,351,35100,100,16,116.86917628905056,148.54393905813077,109.94996076737948,False,max_epochs,515.358877658844
rl4crn_rne_oscillator_trace_risk09_lr1e4_entropy001_s4_c03,seed009,9,352,35200,100,16,115.88329609927703,148.61077988082707,109.94996076737948,False,max_epochs,516.7256212234497
rl4crn_rne_oscillator_trace_risk09_lr1e4_entropy001_s4_c03,seed009,9,353,35300,100,16,116.33830360357467,151.1936889553428,109.94996076737948,False,max_epochs,517.8587384223938
rl4crn_rne_oscillator_trace_risk09_lr1e4_entropy001_s4_c03,seed009,9,354,35400,100,16,114.60501794331881,149.25356464793725,109.94996076737948,False,max_epochs,519.1680529117584
rl4crn_rne_oscillator_trace_risk09_lr1e4_entropy001_s4_c03,seed009,9,355,35500,100,16,115.786733754407,150.73807186639755,109.94996076737948,False,max_epochs,520.3215703964233
rl4crn_rne_oscillator_trace_risk09_lr1e4_entropy001_s4_c03,seed009,9,356,35600,100,16,116.44415635963733,151.8199477771663,109.94996076737948,False,max_epochs,521.6214590072632
rl4crn_rne_oscillator_trace_risk09_lr1e4_entropy001_s4_c03,seed009,9,357,35700,100,16,114.7944706151103,147.89495091986535,109.94996076737948,False,max_epochs,522.7450897693634
rl4crn_rne_oscillator_trace_risk09_lr1e4_entropy001_s4_c03,seed009,9,358,35800,100,16,118.21348450467015,151.7630265938746,109.94996076737948,False,max_epochs,524.1561150550842
rl4crn_rne_oscillator_trace_risk09_lr1e4_entropy001_s4_c03,seed009,9,359,35900,100,16,118.69798682785623,153.602559964302,109.94996076737948,False,max_epochs,525.2872459888458
rl4crn_rne_oscillator_trace_risk09_lr1e4_entropy001_s4_c03,seed009,9,360,36000,100,16,116.13057531006889,152.02719747482254,109.94996076737948,False,max_epochs,526.479344367981
rl4crn_rne_oscillator_trace_risk09_lr1e4_entropy001_s4_c03,seed009,9,361,36100,100,16,117.97550115955333,150.86892323934603,109.94996076737948,False,max_epochs,527.9447166919708
rl4crn_rne_oscillator_trace_risk09_lr1e4_entropy001_s4_c03,seed009,9,362,36200,100,16,116.35358096160304,149.91859478897663,109.94996076737948,False,max_epochs,529.2289342880249
rl4crn_rne_oscillator_trace_risk09_lr1e4_entropy001_s4_c03,seed009,9,363,36300,100,16,117.44196178261492,154.44604484291062,109.94996076737948,False,max_epochs,530.5641329288483
rl4crn_rne_oscillator_trace_risk09_lr1e4_entropy001_s4_c03,seed009,9,364,36400,100,16,114.4219744908798,151.1195960639339,109.94996076737948,False,max_epochs,531.7388641834259
rl4crn_rne_oscillator_trace_risk09_lr1e4_entropy001_s4_c03,seed009,9,365,36500,100,16,116.30646901825875,156.04657583316148,109.94996076737948,False,max_epochs,533.1391823291779
rl4crn_rne_oscillator_trace_risk09_lr1e4_entropy001_s4_c03,seed009,9,366,36600,100,16,116.14039930919097,152.77847092619868,109.94996076737948,False,max_epochs,534.3102557659149
rl4crn_rne_oscillator_trace_risk09_lr1e4_entropy001_s4_c03,seed009,9,367,36700,100,16,116.14438225129608,152.9419142206458,109.94996076737948,False,max_epochs,535.4809885025024
rl4crn_rne_oscillator_trace_risk09_lr1e4_entropy001_s4_c03,seed009,9,368,36800,100,16,115.31589815793129,156.0347994904385,109.94996076737948,False,max_epochs,536.8124296665192
rl4crn_rne_oscillator_trace_risk09_lr1e4_entropy001_s4_c03,seed009,9,369,36900,100,16,117.04824226465126,153.19391375787706,109.94996076737948,False,max_epochs,538.0205800533295
rl4crn_rne_oscillator_trace_risk09_lr1e4_entropy001_s4_c03,seed009,9,370,37000,100,16,115.16756887005795,144.98125926668516,109.94996076737948,False,max_epochs,539.3215818405151
rl4crn_rne_oscillator_trace_risk09_lr1e4_entropy001_s4_c03,seed009,9,371,37100,100,16,119.7920350348591,149.35712218774518,109.94996076737948,False,max_epochs,540.5144279003143
rl4crn_rne_oscillator_trace_risk09_lr1e4_entropy001_s4_c03,seed009,9,372,37200,100,16,116.64408587264137,149.82076311679276,109.94996076737948,False,max_epochs,542.1490881443024
rl4crn_rne_oscillator_trace_risk09_lr1e4_entropy001_s4_c03,seed009,9,373,37300,100,16,115.70358387690042,150.91606542317567,109.94996076737948,False,max_epochs,544.9976642131805
rl4crn_rne_oscillator_trace_risk09_lr1e4_entropy001_s4_c03,seed009,9,374,37400,100,16,115.81128502493097,148.96072279960987,109.94996076737948,False,max_epochs,547.7830746173859
rl4crn_rne_oscillator_trace_risk09_lr1e4_entropy001_s4_c03,seed009,9,375,37500,100,16,116.4240060165576,154.08134659630463,109.94996076737948,False,max_epochs,550.3314852714539
rl4crn_rne_oscillator_trace_risk09_lr1e4_entropy001_s4_c03,seed009,9,376,37600,100,16,118.56453636275185,152.04682771143368,109.94996076737948,False,max_epochs,552.8018984794617
rl4crn_rne_oscillator_trace_risk09_lr1e4_entropy001_s4_c03,seed009,9,377,37700,100,16,118.08667785778651,152.05007232098959,109.94996076737948,False,max_epochs,554.1524136066437
rl4crn_rne_oscillator_trace_risk09_lr1e4_entropy001_s4_c03,seed009,9,378,37800,100,16,115.67049821219486,151.12673843024945,109.94996076737948,False,max_epochs,555.3445527553558
rl4crn_rne_oscillator_trace_risk09_lr1e4_entropy001_s4_c03,seed009,9,379,37900,100,16,118.37974751894977,157.17273158716125,109.94996076737948,False,max_epochs,556.7993714809418
rl4crn_rne_oscillator_trace_risk09_lr1e4_entropy001_s4_c03,seed009,9,380,38000,100,16,115.21574664803393,149.89099463020165,109.94996076737948,False,max_epochs,557.9650011062622
rl4crn_rne_oscillator_trace_risk09_lr1e4_entropy001_s4_c03,seed009,9,381,38100,100,16,117.30316863776294,152.25112465256387,109.94996076737948,False,max_epochs,559.4097623825073
rl4crn_rne_oscillator_trace_risk09_lr1e4_entropy001_s4_c03,seed009,9,382,38200,100,16,119.35955812269057,148.18371708691075,109.94996076737948,False,max_epochs,560.5529882907867
rl4crn_rne_oscillator_trace_risk09_lr1e4_entropy001_s4_c03,seed009,9,383,38300,100,16,113.5573602710117,145.76678404864327,109.94996076737948,False,max_epochs,561.9283504486084
rl4crn_rne_oscillator_trace_risk09_lr1e4_entropy001_s4_c03,seed009,9,384,38400,100,16,114.0704967072908,152.97179417397052,109.94996076737948,False,max_epochs,563.1033279895782
rl4crn_rne_oscillator_trace_risk09_lr1e4_entropy001_s4_c03,seed009,9,385,38500,100,16,117.03074956303142,147.59613985341986,109.94996076737948,False,max_epochs,564.5530326366425
rl4crn_rne_oscillator_trace_risk09_lr1e4_entropy001_s4_c03,seed009,9,386,38600,100,16,116.63712492264456,151.5869567848971,109.94996076737948,False,max_epochs,565.7942116260529
rl4crn_rne_oscillator_trace_risk09_lr1e4_entropy001_s4_c03,seed009,9,387,38700,100,16,116.54134341693783,149.5803808076068,109.94996076737948,False,max_epochs,567.2899518013
rl4crn_rne_oscillator_trace_risk09_lr1e4_entropy001_s4_c03,seed009,9,388,38800,100,16,112.13908983917838,149.4730393900261,109.94996076737948,False,max_epochs,568.4740734100342
rl4crn_rne_oscillator_trace_risk09_lr1e4_entropy001_s4_c03,seed009,9,389,38900,100,16,116.31956189558706,150.9815947102826,109.94996076737948,False,max_epochs,570.2004070281982
rl4crn_rne_oscillator_trace_risk09_lr1e4_entropy001_s4_c03,seed009,9,390,39000,100,16,116.17542339085358,156.84715547374248,109.94996076737948,False,max_epochs,571.601681470871
rl4crn_rne_oscillator_trace_risk09_lr1e4_entropy001_s4_c03,seed009,9,391,39100,100,16,119.80027423414067,154.2142324429554,109.94996076737948,False,max_epochs,573.0503511428833
rl4crn_rne_oscillator_trace_risk09_lr1e4_entropy001_s4_c03,seed009,9,392,39200,100,16,113.41547561753013,143.9982665692511,109.94996076737948,False,max_epochs,574.7829322814941
rl4crn_rne_oscillator_trace_risk09_lr1e4_entropy001_s4_c03,seed009,9,393,39300,100,16,113.84244526554748,150.73995451254754,109.94996076737948,False,max_epochs,576.3589346408844
rl4crn_rne_oscillator_trace_risk09_lr1e4_entropy001_s4_c03,seed009,9,394,39400,100,16,116.74727649906723,150.04231806233184,109.94996076737948,False,max_epochs,577.9439470767975
rl4crn_rne_oscillator_trace_risk09_lr1e4_entropy001_s4_c03,seed009,9,395,39500,100,16,115.8838422601115,151.39936893597041,109.94996076737948,False,max_epochs,579.4140040874481
rl4crn_rne_oscillator_trace_risk09_lr1e4_entropy001_s4_c03,seed009,9,396,39600,100,16,113.96027222249947,141.56934670708492,109.94996076737948,False,max_epochs,580.7573590278625
rl4crn_rne_oscillator_trace_risk09_lr1e4_entropy001_s4_c03,seed009,9,397,39700,100,16,117.84798911072124,144.24467760042,109.94996076737948,False,max_epochs,582.243640422821
rl4crn_rne_oscillator_trace_risk09_lr1e4_entropy001_s4_c03,seed009,9,398,39800,100,16,117.91430822175649,149.23872943758244,109.94996076737948,False,max_epochs,583.7904281616211
rl4crn_rne_oscillator_trace_risk09_lr1e4_entropy001_s4_c03,seed009,9,399,39900,100,16,117.01843224578718,154.07120626162532,109.94996076737948,False,max_epochs,584.9564387798309
rl4crn_rne_oscillator_trace_risk09_lr1e4_entropy001_s4_c03,seed009,9,400,40000,100,16,114.55025252021434,152.0997757448538,109.94996076737948,False,max_epochs,586.285530090332
rl4crn_rne_oscillator_trace_risk09_lr1e4_entropy001_s4_c03,seed009,9,401,40100,100,16,113.85161029717182,153.8858349317482,109.94996076737948,False,max_epochs,587.4403297901154
rl4crn_rne_oscillator_trace_risk09_lr1e4_entropy001_s4_c03,seed009,9,402,40200,100,16,114.21631170290013,149.6806637957675,109.94996076737948,False,max_epochs,588.8309643268585
rl4crn_rne_oscillator_trace_risk09_lr1e4_entropy001_s4_c03,seed009,9,403,40300,100,16,118.33012961188763,153.59528620848462,109.94996076737948,False,max_epochs,592.3322494029999
rl4crn_rne_oscillator_trace_risk09_lr1e4_entropy001_s4_c03,seed009,9,404,40400,100,16,116.98314958892887,154.34624301239592,109.94996076737948,False,max_epochs,595.3154351711273
rl4crn_rne_oscillator_trace_risk09_lr1e4_entropy001_s4_c03,seed009,9,405,40500,100,16,117.00135830550278,156.79713506334951,109.94996076737948,False,max_epochs,597.9612011909485
rl4crn_rne_oscillator_trace_risk09_lr1e4_entropy001_s4_c03,seed009,9,406,40600,100,16,116.21435668165996,147.0154536783823,109.94996076737948,False,max_epochs,599.8494033813477
rl4crn_rne_oscillator_trace_risk09_lr1e4_entropy001_s4_c03,seed009,9,407,40700,100,16,116.27866007576709,149.58739745273326,109.94996076737948,False,max_epochs,601.3336384296417
rl4crn_rne_oscillator_trace_risk09_lr1e4_entropy001_s4_c03,seed009,9,408,40800,100,16,114.68025564020257,154.47300629769643,109.94996076737948,False,max_epochs,602.5119760036469
rl4crn_rne_oscillator_trace_risk09_lr1e4_entropy001_s4_c03,seed009,9,409,40900,100,16,116.10468835433451,143.70619494153945,109.94996076737948,False,max_epochs,603.9106950759888
rl4crn_rne_oscillator_trace_risk09_lr1e4_entropy001_s4_c03,seed009,9,410,41000,100,16,117.6703024056223,152.97366182036768,109.94996076737948,False,max_epochs,605.104355096817
rl4crn_rne_oscillator_trace_risk09_lr1e4_entropy001_s4_c03,seed009,9,411,41100,100,16,119.18594178384765,153.7220462213932,109.94996076737948,False,max_epochs,606.5376982688904
rl4crn_rne_oscillator_trace_risk09_lr1e4_entropy001_s4_c03,seed009,9,412,41200,100,16,118.35390026288421,154.67420846449704,109.94996076737948,False,max_epochs,607.6778695583344
rl4crn_rne_oscillator_trace_risk09_lr1e4_entropy001_s4_c03,seed009,9,413,41300,100,16,118.1232078644109,153.99273964506827,109.94996076737948,False,max_epochs,608.8833601474762
rl4crn_rne_oscillator_trace_risk09_lr1e4_entropy001_s4_c03,seed009,9,414,41400,100,16,113.47980050728307,149.4601313343196,109.94996076737948,False,max_epochs,610.2857835292816
rl4crn_rne_oscillator_trace_risk09_lr1e4_entropy001_s4_c03,seed009,9,415,41500,100,16,115.48871610737999,150.9147221167107,109.94996076737948,False,max_epochs,611.4750864505768
rl4crn_rne_oscillator_trace_risk09_lr1e4_entropy001_s4_c03,seed009,9,416,41600,100,16,119.71698498099813,154.14370727627585,109.94996076737948,False,max_epochs,612.8573112487793
rl4crn_rne_oscillator_trace_risk09_lr1e4_entropy001_s4_c03,seed009,9,417,41700,100,16,115.58431852550308,150.7436700182193,109.94996076737948,False,max_epochs,614.0810399055481
rl4crn_rne_oscillator_trace_risk09_lr1e4_entropy001_s4_c03,seed009,9,418,41800,100,16,116.69848063259948,148.9795590697918,109.94996076737948,False,max_epochs,615.2821276187897
rl4crn_rne_oscillator_trace_risk09_lr1e4_entropy001_s4_c03,seed009,9,419,41900,100,16,114.88786001113644,147.31675653879694,109.94996076737948,False,max_epochs,616.6091358661652
rl4crn_rne_oscillator_trace_risk09_lr1e4_entropy001_s4_c03,seed009,9,420,42000,100,16,114.41800419208157,148.25790023406375,109.94996076737948,False,max_epochs,617.8592743873596
rl4crn_rne_oscillator_trace_risk09_lr1e4_entropy001_s4_c03,seed009,9,421,42100,100,16,115.56295941590676,154.98571226032527,109.94996076737948,False,max_epochs,619.3565726280212
rl4crn_rne_oscillator_trace_risk09_lr1e4_entropy001_s4_c03,seed009,9,422,42200,100,16,113.88834977903461,148.57211249105762,109.94996076737948,False,max_epochs,620.5243034362793
rl4crn_rne_oscillator_trace_risk09_lr1e4_entropy001_s4_c03,seed009,9,423,42300,100,16,117.17821184990576,149.94083958015756,109.94996076737948,False,max_epochs,621.7240171432495
rl4crn_rne_oscillator_trace_risk09_lr1e4_entropy001_s4_c03,seed009,9,424,42400,100,16,114.73479168476726,148.24168143353825,109.94996076737948,False,max_epochs,623.0501320362091
rl4crn_rne_oscillator_trace_risk09_lr1e4_entropy001_s4_c03,seed009,9,425,42500,100,16,118.61552817067057,145.27878311897527,109.94996076737948,False,max_epochs,624.2258310317993
rl4crn_rne_oscillator_trace_risk09_lr1e4_entropy001_s4_c03,seed009,9,426,42600,100,16,116.66445130888795,149.23648861604627,109.94996076737948,False,max_epochs,625.5291006565094
rl4crn_rne_oscillator_trace_risk09_lr1e4_entropy001_s4_c03,seed009,9,427,42700,100,16,119.05681282254615,150.96535402424368,109.94996076737948,False,max_epochs,626.8648221492767
rl4crn_rne_oscillator_trace_risk09_lr1e4_entropy001_s4_c03,seed009,9,428,42800,100,16,116.91872763251361,151.08524509114275,109.94996076737948,False,max_epochs,627.998701095581
rl4crn_rne_oscillator_trace_risk09_lr1e4_entropy001_s4_c03,seed009,9,429,42900,100,16,117.53145761715794,149.59185747524836,109.94996076737948,False,max_epochs,629.4820096492767
rl4crn_rne_oscillator_trace_risk09_lr1e4_entropy001_s4_c03,seed009,9,430,43000,100,16,117.03185099581466,144.51607511059186,109.94996076737948,False,max_epochs,630.638778924942
rl4crn_rne_oscillator_trace_risk09_lr1e4_entropy001_s4_c03,seed009,9,431,43100,100,16,118.11661567208586,151.09991706807727,109.94996076737948,False,max_epochs,632.059511423111
rl4crn_rne_oscillator_trace_risk09_lr1e4_entropy001_s4_c03,seed009,9,432,43200,100,16,113.36378954993599,148.68328535704876,109.94996076737948,False,max_epochs,633.3669033050537
rl4crn_rne_oscillator_trace_risk09_lr1e4_entropy001_s4_c03,seed009,9,433,43300,100,16,110.91395024464805,155.11853505723096,109.94996076737948,False,max_epochs,634.8313810825348
rl4crn_rne_oscillator_trace_risk09_lr1e4_entropy001_s4_c03,seed009,9,434,43400,100,16,117.49579773997438,149.6705351053875,109.94996076737948,False,max_epochs,637.3986723423004
rl4crn_rne_oscillator_trace_risk09_lr1e4_entropy001_s4_c03,seed009,9,435,43500,100,16,115.42239675051127,149.4526552655813,109.94996076737948,False,max_epochs,639.9494004249573
rl4crn_rne_oscillator_trace_risk09_lr1e4_entropy001_s4_c03,seed009,9,436,43600,100,16,117.07388518035845,149.58881425390126,109.94996076737948,False,max_epochs,643.1654887199402
rl4crn_rne_oscillator_trace_risk09_lr1e4_entropy001_s4_c03,seed009,9,437,43700,100,16,119.28655039374394,147.94298698993435,109.94996076737948,False,max_epochs,646.0831189155579
rl4crn_rne_oscillator_trace_risk09_lr1e4_entropy001_s4_c03,seed009,9,438,43800,100,16,113.38538769783152,151.8565005228778,109.94996076737948,False,max_epochs,648.1612663269043
rl4crn_rne_oscillator_trace_risk09_lr1e4_entropy001_s4_c03,seed009,9,439,43900,100,16,116.78927549258631,145.91282192073004,109.94996076737948,False,max_epochs,649.5989420413971
rl4crn_rne_oscillator_trace_risk09_lr1e4_entropy001_s4_c03,seed009,9,440,44000,100,16,116.5335368676477,147.91331219283322,109.94996076737948,False,max_epochs,650.9769835472107
rl4crn_rne_oscillator_trace_risk09_lr1e4_entropy001_s4_c03,seed009,9,441,44100,100,16,113.99671329260529,153.18015890606458,109.94996076737948,False,max_epochs,652.3729979991913
rl4crn_rne_oscillator_trace_risk09_lr1e4_entropy001_s4_c03,seed009,9,442,44200,100,16,117.53223444496396,152.33443262161842,109.94996076737948,False,max_epochs,653.7501306533813
rl4crn_rne_oscillator_trace_risk09_lr1e4_entropy001_s4_c03,seed009,9,443,44300,100,16,112.26654494396549,151.76749247810665,109.94996076737948,False,max_epochs,654.9541962146759
rl4crn_rne_oscillator_trace_risk09_lr1e4_entropy001_s4_c03,seed009,9,444,44400,100,16,118.26175316695118,160.00164178388832,109.94996076737948,False,max_epochs,656.2867662906647
rl4crn_rne_oscillator_trace_risk09_lr1e4_entropy001_s4_c03,seed009,9,445,44500,100,16,119.56926217178062,154.96630730374494,109.94996076737948,False,max_epochs,657.6393933296204
rl4crn_rne_oscillator_trace_risk09_lr1e4_entropy001_s4_c03,seed009,9,446,44600,100,16,112.77338904808309,153.23474684558636,109.94996076737948,False,max_epochs,659.0265321731567
rl4crn_rne_oscillator_trace_risk09_lr1e4_entropy001_s4_c03,seed009,9,447,44700,100,16,111.88022409343866,152.06964182494056,109.94996076737948,False,max_epochs,660.4464404582977
rl4crn_rne_oscillator_trace_risk09_lr1e4_entropy001_s4_c03,seed009,9,448,44800,100,16,117.05692134272834,153.27366328311777,109.94996076737948,False,max_epochs,661.7217948436737
rl4crn_rne_oscillator_trace_risk09_lr1e4_entropy001_s4_c03,seed009,9,449,44900,100,16,115.99351639806619,151.79210162925432,109.94996076737948,False,max_epochs,663.10742020607
rl4crn_rne_oscillator_trace_risk09_lr1e4_entropy001_s4_c03,seed009,9,450,45000,100,16,112.41233437205024,152.82331299851563,109.94996076737948,False,max_epochs,664.4618916511536
rl4crn_rne_oscillator_trace_risk09_lr1e4_entropy001_s4_c03,seed009,9,451,45100,100,16,118.6287925857167,154.15148264825444,109.94996076737948,False,max_epochs,665.6564917564392
rl4crn_rne_oscillator_trace_risk09_lr1e4_entropy001_s4_c03,seed009,9,452,45200,100,16,113.30371506830373,152.0335416438717,109.94996076737948,False,max_epochs,666.9747653007507
rl4crn_rne_oscillator_trace_risk09_lr1e4_entropy001_s4_c03,seed009,9,453,45300,100,16,117.06900592138498,152.84407599588639,109.94996076737948,False,max_epochs,668.2773354053497
rl4crn_rne_oscillator_trace_risk09_lr1e4_entropy001_s4_c03,seed009,9,454,45400,100,16,113.07730263483808,154.55799658880665,109.94996076737948,False,max_epochs,669.6384935379028
rl4crn_rne_oscillator_trace_risk09_lr1e4_entropy001_s4_c03,seed009,9,455,45500,100,16,118.75424997194396,149.71253197536691,109.94996076737948,False,max_epochs,670.8422484397888
rl4crn_rne_oscillator_trace_risk09_lr1e4_entropy001_s4_c03,seed009,9,456,45600,100,16,115.874306027939,154.95401308958748,109.94996076737948,False,max_epochs,672.566554069519
rl4crn_rne_oscillator_trace_risk09_lr1e4_entropy001_s4_c03,seed009,9,457,45700,100,16,114.16697125627634,153.35381929011612,109.94996076737948,False,max_epochs,673.9169917106628
rl4crn_rne_oscillator_trace_risk09_lr1e4_entropy001_s4_c03,seed009,9,458,45800,100,16,116.22464473661748,155.76861902794178,109.94996076737948,False,max_epochs,675.4470014572144
rl4crn_rne_oscillator_trace_risk09_lr1e4_entropy001_s4_c03,seed009,9,459,45900,100,16,118.37595135954032,159.54643961125709,109.94996076737948,False,max_epochs,676.879734992981
rl4crn_rne_oscillator_trace_risk09_lr1e4_entropy001_s4_c03,seed009,9,460,46000,100,16,117.30822840491373,157.55752261490204,109.94996076737948,False,max_epochs,678.3084280490875
rl4crn_rne_oscillator_trace_risk09_lr1e4_entropy001_s4_c03,seed009,9,461,46100,100,16,117.2076384618981,152.10215719157765,109.94996076737948,False,max_epochs,679.7642967700958
rl4crn_rne_oscillator_trace_risk09_lr1e4_entropy001_s4_c03,seed009,9,462,46200,100,16,113.3065361815689,145.12003988372047,109.94996076737948,False,max_epochs,681.2274951934814
rl4crn_rne_oscillator_trace_risk09_lr1e4_entropy001_s4_c03,seed009,9,463,46300,100,16,117.85631338564028,155.17792410944497,109.94996076737948,False,max_epochs,682.8036959171295
rl4crn_rne_oscillator_trace_risk09_lr1e4_entropy001_s4_c03,seed009,9,464,46400,100,16,115.72683716141125,152.68860521356427,109.94996076737948,False,max_epochs,685.1652131080627
rl4crn_rne_oscillator_trace_risk09_lr1e4_entropy001_s4_c03,seed009,9,465,46500,100,16,114.06371209892653,153.60925302192618,109.94996076737948,False,max_epochs,688.1830894947052
rl4crn_rne_oscillator_trace_risk09_lr1e4_entropy001_s4_c03,seed009,9,466,46600,100,16,118.05708696016328,153.30049333869925,109.94996076737948,False,max_epochs,690.8872981071472
rl4crn_rne_oscillator_trace_risk09_lr1e4_entropy001_s4_c03,seed009,9,467,46700,100,16,119.82184101967931,154.25984564365126,109.94996076737948,False,max_epochs,693.126207113266
rl4crn_rne_oscillator_trace_risk09_lr1e4_entropy001_s4_c03,seed009,9,468,46800,100,16,114.38332383752751,151.90692894645198,109.94996076737948,False,max_epochs,694.390331029892
rl4crn_rne_oscillator_trace_risk09_lr1e4_entropy001_s4_c03,seed009,9,469,46900,100,16,114.67599765588369,155.14206545135778,109.94996076737948,False,max_epochs,695.7378220558167
rl4crn_rne_oscillator_trace_risk09_lr1e4_entropy001_s4_c03,seed009,9,470,47000,100,16,117.29926954952228,148.88664221862572,109.94996076737948,False,max_epochs,696.9247124195099
rl4crn_rne_oscillator_trace_risk09_lr1e4_entropy001_s4_c03,seed009,9,471,47100,100,16,112.16095855744858,156.87436685029294,109.94996076737948,False,max_epochs,698.2978503704071
rl4crn_rne_oscillator_trace_risk09_lr1e4_entropy001_s4_c03,seed009,9,472,47200,100,16,116.11721398677275,153.98723609131116,109.94996076737948,False,max_epochs,699.4233591556549
rl4crn_rne_oscillator_trace_risk09_lr1e4_entropy001_s4_c03,seed009,9,473,47300,100,16,114.7401677087205,152.45094753812444,109.94996076737948,False,max_epochs,700.5700070858002
rl4crn_rne_oscillator_trace_risk09_lr1e4_entropy001_s4_c03,seed009,9,474,47400,100,16,116.71074411952182,154.7444080771859,109.94996076737948,False,max_epochs,701.9021947383881
rl4crn_rne_oscillator_trace_risk09_lr1e4_entropy001_s4_c03,seed009,9,475,47500,100,16,117.85713564642435,153.84628431385272,109.94996076737948,False,max_epochs,703.2978763580322
rl4crn_rne_oscillator_trace_risk09_lr1e4_entropy001_s4_c03,seed009,9,476,47600,100,16,117.42012609935213,151.79778165925106,109.94996076737948,False,max_epochs,704.8907442092896
rl4crn_rne_oscillator_trace_risk09_lr1e4_entropy001_s4_c03,seed009,9,477,47700,100,16,118.17058346628225,152.30736067761998,109.94996076737948,False,max_epochs,706.0709166526794
rl4crn_rne_oscillator_trace_risk09_lr1e4_entropy001_s4_c03,seed009,9,478,47800,100,16,119.01395942495765,152.02096314309102,109.94996076737948,False,max_epochs,707.460709810257
rl4crn_rne_oscillator_trace_risk09_lr1e4_entropy001_s4_c03,seed009,9,479,47900,100,16,116.81021233345038,147.4051917774155,109.94996076737948,False,max_epochs,708.6365351676941
rl4crn_rne_oscillator_trace_risk09_lr1e4_entropy001_s4_c03,seed009,9,480,48000,100,16,117.59450261770493,152.80517544588633,109.94996076737948,False,max_epochs,709.7979562282562
rl4crn_rne_oscillator_trace_risk09_lr1e4_entropy001_s4_c03,seed009,9,481,48100,100,16,113.61470279041654,150.13229024188536,109.94996076737948,False,max_epochs,711.1014080047607
rl4crn_rne_oscillator_trace_risk09_lr1e4_entropy001_s4_c03,seed009,9,482,48200,100,16,113.42515800667844,147.88148443671946,109.94996076737948,False,max_epochs,712.3621888160706
rl4crn_rne_oscillator_trace_risk09_lr1e4_entropy001_s4_c03,seed009,9,483,48300,100,16,116.73634124562207,149.67150670379237,109.94996076737948,False,max_epochs,713.9045424461365
rl4crn_rne_oscillator_trace_risk09_lr1e4_entropy001_s4_c03,seed009,9,484,48400,100,16,105.62074293184175,152.88485266106227,105.62074293184175,False,max_epochs,715.2908835411072
rl4crn_rne_oscillator_trace_risk09_lr1e4_entropy001_s4_c03,seed009,9,485,48500,100,16,113.87581840877243,152.4347419176403,105.62074293184175,False,max_epochs,716.6240363121033
rl4crn_rne_oscillator_trace_risk09_lr1e4_entropy001_s4_c03,seed009,9,486,48600,100,16,114.72962640239768,151.13098826589885,105.62074293184175,False,max_epochs,717.9620018005371
rl4crn_rne_oscillator_trace_risk09_lr1e4_entropy001_s4_c03,seed009,9,487,48700,100,16,119.47764568817657,153.65688021126755,105.62074293184175,False,max_epochs,719.2224090099335
rl4crn_rne_oscillator_trace_risk09_lr1e4_entropy001_s4_c03,seed009,9,488,48800,100,16,111.07947500942572,151.65543284146446,105.62074293184175,False,max_epochs,720.8163776397705
rl4crn_rne_oscillator_trace_risk09_lr1e4_entropy001_s4_c03,seed009,9,489,48900,100,16,116.65213601913855,152.44849372653215,105.62074293184175,False,max_epochs,721.9907839298248
rl4crn_rne_oscillator_trace_risk09_lr1e4_entropy001_s4_c03,seed009,9,490,49000,100,16,119.50131670046011,156.2767771907628,105.62074293184175,False,max_epochs,723.3588192462921
rl4crn_rne_oscillator_trace_risk09_lr1e4_entropy001_s4_c03,seed009,9,491,49100,100,16,118.82844884118627,149.95834477586408,105.62074293184175,False,max_epochs,724.5192523002625
rl4crn_rne_oscillator_trace_risk09_lr1e4_entropy001_s4_c03,seed009,9,492,49200,100,16,116.58628557932063,151.04120139087593,105.62074293184175,False,max_epochs,725.8839409351349
rl4crn_rne_oscillator_trace_risk09_lr1e4_entropy001_s4_c03,seed009,9,493,49300,100,16,114.75334559933734,154.90746637172703,105.62074293184175,False,max_epochs,727.3158259391785
rl4crn_rne_oscillator_trace_risk09_lr1e4_entropy001_s4_c03,seed009,9,494,49400,100,16,118.9724069041887,153.98602867750606,105.62074293184175,False,max_epochs,728.960921049118
rl4crn_rne_oscillator_trace_risk09_lr1e4_entropy001_s4_c03,seed009,9,495,49500,100,16,115.67066644886214,149.03119789083337,105.62074293184175,False,max_epochs,732.3003387451172
rl4crn_rne_oscillator_trace_risk09_lr1e4_entropy001_s4_c03,seed009,9,496,49600,100,16,118.6746925781622,151.46545487080493,105.62074293184175,False,max_epochs,735.1754467487335
rl4crn_rne_oscillator_trace_risk09_lr1e4_entropy001_s4_c03,seed009,9,497,49700,100,16,114.68039462445996,155.41257188604106,105.62074293184175,False,max_epochs,737.9870257377625
rl4crn_rne_oscillator_trace_risk09_lr1e4_entropy001_s4_c03,seed009,9,498,49800,100,16,115.395102976164,150.7694607686551,105.62074293184175,False,max_epochs,740.3112118244171
rl4crn_rne_oscillator_trace_risk09_lr1e4_entropy001_s4_c03,seed009,9,499,49900,100,16,116.93303625242253,149.82000578612963,105.62074293184175,False,max_epochs,741.5219416618347
rl4crn_rne_oscillator_trace_risk09_lr1e4_entropy001_s4_c03,seed009,9,500,50000,100,16,119.55451751083834,148.43726256421482,105.62074293184175,False,max_epochs,742.8066391944885
rl4crn_rne_oscillator_trace_risk09_lr1e4_entropy001_s4_c03,seed009,9,501,50100,100,16,118.20314110491513,152.6158860070731,105.62074293184175,False,max_epochs,744.0460295677185
rl4crn_rne_oscillator_trace_risk09_lr1e4_entropy001_s4_c03,seed009,9,502,50200,100,16,113.14317909502046,154.08701350350805,105.62074293184175,False,max_epochs,745.3787775039673
rl4crn_rne_oscillator_trace_risk09_lr1e4_entropy001_s4_c03,seed009,9,503,50300,100,16,117.63411324603116,148.44923006580706,105.62074293184175,False,max_epochs,746.550698518753
rl4crn_rne_oscillator_trace_risk09_lr1e4_entropy001_s4_c03,seed009,9,504,50400,100,16,115.19886921215061,143.31935927279295,105.62074293184175,False,max_epochs,747.957300901413
rl4crn_rne_oscillator_trace_risk09_lr1e4_entropy001_s4_c03,seed009,9,505,50500,100,16,116.06495161193665,146.69451151972976,105.62074293184175,False,max_epochs,749.1448855400085
rl4crn_rne_oscillator_trace_risk09_lr1e4_entropy001_s4_c03,seed009,9,506,50600,100,16,115.20823846705662,150.31540080325146,105.62074293184175,False,max_epochs,750.3265881538391
rl4crn_rne_oscillator_trace_risk09_lr1e4_entropy001_s4_c03,seed009,9,507,50700,100,16,115.63034189062431,151.06623510701579,105.62074293184175,False,max_epochs,751.646733045578
rl4crn_rne_oscillator_trace_risk09_lr1e4_entropy001_s4_c03,seed009,9,508,50800,100,16,114.67352478881818,149.91914939580812,105.62074293184175,False,max_epochs,752.8249778747559
rl4crn_rne_oscillator_trace_risk09_lr1e4_entropy001_s4_c03,seed009,9,509,50900,100,16,115.63765924731507,153.3170961345641,105.62074293184175,False,max_epochs,754.2056715488434
rl4crn_rne_oscillator_trace_risk09_lr1e4_entropy001_s4_c03,seed009,9,510,51000,100,16,116.20906722138649,152.28752081968887,105.62074293184175,False,max_epochs,755.4476416110992
rl4crn_rne_oscillator_trace_risk09_lr1e4_entropy001_s4_c03,seed009,9,511,51100,100,16,116.55684081299549,151.92588410428993,105.62074293184175,False,max_epochs,756.5826351642609
rl4crn_rne_oscillator_trace_risk09_lr1e4_entropy001_s4_c03,seed009,9,512,51200,100,16,116.66483441458838,151.6796290199571,105.62074293184175,False,max_epochs,757.8851759433746
rl4crn_rne_oscillator_trace_risk09_lr1e4_entropy001_s4_c03,seed009,9,513,51300,100,16,118.1377386218724,152.99244189033695,105.62074293184175,False,max_epochs,759.0830254554749
rl4crn_rne_oscillator_trace_risk09_lr1e4_entropy001_s4_c03,seed009,9,514,51400,100,16,117.06163355985532,149.28914746927288,105.62074293184175,False,max_epochs,760.4336271286011
rl4crn_rne_oscillator_trace_risk09_lr1e4_entropy001_s4_c03,seed009,9,515,51500,100,16,118.04208852285922,151.08166838080547,105.62074293184175,False,max_epochs,761.8004312515259
rl4crn_rne_oscillator_trace_risk09_lr1e4_entropy001_s4_c03,seed009,9,516,51600,100,16,118.06760948436418,150.93460090875922,105.62074293184175,False,max_epochs,763.2170531749725
rl4crn_rne_oscillator_trace_risk09_lr1e4_entropy001_s4_c03,seed009,9,517,51700,100,16,115.23685311334097,148.86018547885834,105.62074293184175,False,max_epochs,764.545501947403
rl4crn_rne_oscillator_trace_risk09_lr1e4_entropy001_s4_c03,seed009,9,518,51800,100,16,117.96004691363065,155.60591687583025,105.62074293184175,False,max_epochs,765.9536354541779
rl4crn_rne_oscillator_trace_risk09_lr1e4_entropy001_s4_c03,seed009,9,519,51900,100,16,118.3574526108862,152.76471919752572,105.62074293184175,False,max_epochs,767.3863031864166
rl4crn_rne_oscillator_trace_risk09_lr1e4_entropy001_s4_c03,seed009,9,520,52000,100,16,114.52765877202907,154.34346648114558,105.62074293184175,False,max_epochs,768.8095791339874
rl4crn_rne_oscillator_trace_risk09_lr1e4_entropy001_s4_c03,seed009,9,521,52100,100,16,116.5070386771144,156.3656299291476,105.62074293184175,False,max_epochs,770.4935669898987
rl4crn_rne_oscillator_trace_risk09_lr1e4_entropy001_s4_c03,seed009,9,522,52200,100,16,116.42467413103624,156.83030146331032,105.62074293184175,False,max_epochs,771.7693140506744
rl4crn_rne_oscillator_trace_risk09_lr1e4_entropy001_s4_c03,seed009,9,523,52300,100,16,118.667856143837,152.97583003488242,105.62074293184175,False,max_epochs,773.1453454494476
rl4crn_rne_oscillator_trace_risk09_lr1e4_entropy001_s4_c03,seed009,9,524,52400,100,16,117.71058028993902,151.48220555971534,105.62074293184175,False,max_epochs,774.6491980552673
rl4crn_rne_oscillator_trace_risk09_lr1e4_entropy001_s4_c03,seed009,9,525,52500,100,16,112.90642927261258,155.02557071350586,105.62074293184175,False,max_epochs,776.2641701698303
rl4crn_rne_oscillator_trace_risk09_lr1e4_entropy001_s4_c03,seed009,9,526,52600,100,16,115.95689298197088,154.3755395922038,105.62074293184175,False,max_epochs,777.6150579452515
rl4crn_rne_oscillator_trace_risk09_lr1e4_entropy001_s4_c03,seed009,9,527,52700,100,16,113.6900119598863,154.61858879458802,105.62074293184175,False,max_epochs,778.7560439109802
rl4crn_rne_oscillator_trace_risk09_lr1e4_entropy001_s4_c03,seed009,9,528,52800,100,16,114.24817396850216,150.38092592875304,105.62074293184175,False,max_epochs,780.1594889163971
rl4crn_rne_oscillator_trace_risk09_lr1e4_entropy001_s4_c03,seed009,9,529,52900,100,16,118.93155770615937,147.69639028821848,105.62074293184175,False,max_epochs,781.3837406635284
rl4crn_rne_oscillator_trace_risk09_lr1e4_entropy001_s4_c03,seed009,9,530,53000,100,16,117.22361979180582,154.33370620482197,105.62074293184175,False,max_epochs,782.5548293590546
rl4crn_rne_oscillator_trace_risk09_lr1e4_entropy001_s4_c03,seed009,9,531,53100,100,16,117.13279343105346,147.58229728453057,105.62074293184175,False,max_epochs,783.9293155670166
rl4crn_rne_oscillator_trace_risk09_lr1e4_entropy001_s4_c03,seed009,9,532,53200,100,16,116.29981416433768,152.75921792205776,105.62074293184175,False,max_epochs,785.1629657745361
rl4crn_rne_oscillator_trace_risk09_lr1e4_entropy001_s4_c03,seed009,9,533,53300,100,16,116.31796965192697,151.116459243235,105.62074293184175,False,max_epochs,786.4644804000854
rl4crn_rne_oscillator_trace_risk09_lr1e4_entropy001_s4_c03,seed009,9,534,53400,100,16,114.1712196072764,152.93231975103814,105.62074293184175,False,max_epochs,787.6264686584473
rl4crn_rne_oscillator_trace_risk09_lr1e4_entropy001_s4_c03,seed009,9,535,53500,100,16,112.84465703863519,153.71397380651808,105.62074293184175,False,max_epochs,788.9547574520111
rl4crn_rne_oscillator_trace_risk09_lr1e4_entropy001_s4_c03,seed009,9,536,53600,100,16,114.39937257393059,151.82111208242574,105.62074293184175,False,max_epochs,790.0797696113586
rl4crn_rne_oscillator_trace_risk09_lr1e4_entropy001_s4_c03,seed009,9,537,53700,100,16,118.25256996931289,149.1529004708004,105.62074293184175,False,max_epochs,791.24764752388
rl4crn_rne_oscillator_trace_risk09_lr1e4_entropy001_s4_c03,seed009,9,538,53800,100,16,118.26811069719827,149.99084289258332,105.62074293184175,False,max_epochs,792.5927443504333
rl4crn_rne_oscillator_trace_risk09_lr1e4_entropy001_s4_c03,seed009,9,539,53900,100,16,121.69330781152406,152.46957519713786,105.62074293184175,False,max_epochs,793.7905218601227
rl4crn_rne_oscillator_trace_risk09_lr1e4_entropy001_s4_c03,seed009,9,540,54000,100,16,118.28930694257339,151.2208954807145,105.62074293184175,False,max_epochs,795.2019627094269
rl4crn_rne_oscillator_trace_risk09_lr1e4_entropy001_s4_c03,seed009,9,541,54100,100,16,115.16435565739405,155.4003354734953,105.62074293184175,False,max_epochs,796.4133610725403
rl4crn_rne_oscillator_trace_risk09_lr1e4_entropy001_s4_c03,seed009,9,542,54200,100,16,116.68510645598063,149.67858838143803,105.62074293184175,False,max_epochs,797.586268901825
rl4crn_rne_oscillator_trace_risk09_lr1e4_entropy001_s4_c03,seed009,9,543,54300,100,16,118.98142668530737,152.77781063411226,105.62074293184175,False,max_epochs,799.0557758808136
rl4crn_rne_oscillator_trace_risk09_lr1e4_entropy001_s4_c03,seed009,9,544,54400,100,16,117.76575729703093,155.11341747680186,105.62074293184175,False,max_epochs,800.4288275241852
rl4crn_rne_oscillator_trace_risk09_lr1e4_entropy001_s4_c03,seed009,9,545,54500,100,16,118.66180588083098,151.5770502449138,105.62074293184175,False,max_epochs,801.7777287960052
rl4crn_rne_oscillator_trace_risk09_lr1e4_entropy001_s4_c03,seed009,9,546,54600,100,16,114.41741564160293,151.02420590626758,105.62074293184175,False,max_epochs,802.9193782806396
rl4crn_rne_oscillator_trace_risk09_lr1e4_entropy001_s4_c03,seed009,9,547,54700,100,16,119.32252199732142,154.77664377011388,105.62074293184175,False,max_epochs,804.2172565460205
rl4crn_rne_oscillator_trace_risk09_lr1e4_entropy001_s4_c03,seed009,9,548,54800,100,16,115.85990495305268,149.8065295576663,105.62074293184175,False,max_epochs,805.55335688591
rl4crn_rne_oscillator_trace_risk09_lr1e4_entropy001_s4_c03,seed009,9,549,54900,100,16,117.25272736882499,151.96579539858624,105.62074293184175,False,max_epochs,806.7639555931091
rl4crn_rne_oscillator_trace_risk09_lr1e4_entropy001_s4_c03,seed009,9,550,55000,100,16,118.73566853183706,155.39437789551337,105.62074293184175,False,max_epochs,808.2870876789093
rl4crn_rne_oscillator_trace_risk09_lr1e4_entropy001_s4_c03,seed009,9,551,55100,100,16,117.15895447442986,153.95708586939213,105.62074293184175,False,max_epochs,809.5493228435516
rl4crn_rne_oscillator_trace_risk09_lr1e4_entropy001_s4_c03,seed009,9,552,55200,100,16,117.65006659189068,154.5110189116094,105.62074293184175,False,max_epochs,810.9185893535614
rl4crn_rne_oscillator_trace_risk09_lr1e4_entropy001_s4_c03,seed009,9,553,55300,100,16,117.48754015493773,153.26590811458087,105.62074293184175,False,max_epochs,812.1202611923218
rl4crn_rne_oscillator_trace_risk09_lr1e4_entropy001_s4_c03,seed009,9,554,55400,100,16,113.9569913039725,152.28879678972123,105.62074293184175,False,max_epochs,813.5863544940948
rl4crn_rne_oscillator_trace_risk09_lr1e4_entropy001_s4_c03,seed009,9,555,55500,100,16,116.01554067206844,153.24221351454798,105.62074293184175,False,max_epochs,814.7628104686737
rl4crn_rne_oscillator_trace_risk09_lr1e4_entropy001_s4_c03,seed009,9,556,55600,100,16,118.2219967760471,154.0756953734836,105.62074293184175,False,max_epochs,815.9336216449738
rl4crn_rne_oscillator_trace_risk09_lr1e4_entropy001_s4_c03,seed009,9,557,55700,100,16,116.78243993159764,151.87118248880017,105.62074293184175,False,max_epochs,817.2836303710938
rl4crn_rne_oscillator_trace_risk09_lr1e4_entropy001_s4_c03,seed009,9,558,55800,100,16,119.39052218089132,155.13787277431356,105.62074293184175,False,max_epochs,818.4950995445251
rl4crn_rne_oscillator_trace_risk09_lr1e4_entropy001_s4_c03,seed009,9,559,55900,100,16,118.78650573362934,155.85183854938978,105.62074293184175,False,max_epochs,819.8725798130035
rl4crn_rne_oscillator_trace_risk09_lr1e4_entropy001_s4_c03,seed009,9,560,56000,100,16,115.62860459292418,151.1964634437095,105.62074293184175,False,max_epochs,821.0392084121704
rl4crn_rne_oscillator_trace_risk09_lr1e4_entropy001_s4_c03,seed009,9,561,56100,100,16,116.70128158820405,153.28701419358396,105.62074293184175,False,max_epochs,822.3512470722198
rl4crn_rne_oscillator_trace_risk09_lr1e4_entropy001_s4_c03,seed009,9,562,56200,100,16,112.15147974922947,155.64239798730603,105.62074293184175,False,max_epochs,823.580748796463
rl4crn_rne_oscillator_trace_risk09_lr1e4_entropy001_s4_c03,seed009,9,563,56300,100,16,112.25767265740176,150.9896429572244,105.62074293184175,False,max_epochs,826.0401103496552
rl4crn_rne_oscillator_trace_risk09_lr1e4_entropy001_s4_c03,seed009,9,564,56400,100,16,118.00922919356617,150.7914195102428,105.62074293184175,False,max_epochs,829.119576215744
rl4crn_rne_oscillator_trace_risk09_lr1e4_entropy001_s4_c03,seed009,9,565,56500,100,16,116.22866532834414,157.69108569028833,105.62074293184175,False,max_epochs,832.662683725357
rl4crn_rne_oscillator_trace_risk09_lr1e4_entropy001_s4_c03,seed009,9,566,56600,100,16,117.73147497063752,150.46843579913707,105.62074293184175,False,max_epochs,835.3099625110626
rl4crn_rne_oscillator_trace_risk09_lr1e4_entropy001_s4_c03,seed009,9,567,56700,100,16,114.45121718451588,153.15204701029052,105.62074293184175,False,max_epochs,837.7562630176544
rl4crn_rne_oscillator_trace_risk09_lr1e4_entropy001_s4_c03,seed009,9,568,56800,100,16,116.14428516497387,151.05795833335048,105.62074293184175,False,max_epochs,839.0936686992645
rl4crn_rne_oscillator_trace_risk09_lr1e4_entropy001_s4_c03,seed009,9,569,56900,100,16,118.73907592595441,152.760314472919,105.62074293184175,False,max_epochs,840.2726449966431
rl4crn_rne_oscillator_trace_risk09_lr1e4_entropy001_s4_c03,seed009,9,570,57000,100,16,115.37514680759853,150.13779466795324,105.62074293184175,False,max_epochs,841.5826878547668
rl4crn_rne_oscillator_trace_risk09_lr1e4_entropy001_s4_c03,seed009,9,571,57100,100,16,117.2129836215105,149.84150008912763,105.62074293184175,False,max_epochs,842.7374804019928
rl4crn_rne_oscillator_trace_risk09_lr1e4_entropy001_s4_c03,seed009,9,572,57200,100,16,117.76707907951138,152.9804429826035,105.62074293184175,False,max_epochs,844.2083909511566
rl4crn_rne_oscillator_trace_risk09_lr1e4_entropy001_s4_c03,seed009,9,573,57300,100,16,117.60525977131114,149.87839899644686,105.62074293184175,False,max_epochs,845.4133524894714
rl4crn_rne_oscillator_trace_risk09_lr1e4_entropy001_s4_c03,seed009,9,574,57400,100,16,115.1601849726096,145.8692547536155,105.62074293184175,False,max_epochs,846.8571846485138
rl4crn_rne_oscillator_trace_risk09_lr1e4_entropy001_s4_c03,seed009,9,575,57500,100,16,113.98631732520819,148.7392143352431,105.62074293184175,False,max_epochs,848.0761160850525
rl4crn_rne_oscillator_trace_risk09_lr1e4_entropy001_s4_c03,seed009,9,576,57600,100,16,117.18277895651799,149.342533325271,105.62074293184175,False,max_epochs,849.4385666847229
rl4crn_rne_oscillator_trace_risk09_lr1e4_entropy001_s4_c03,seed009,9,577,57700,100,16,107.21982959854788,145.86865482670117,105.62074293184175,False,max_epochs,850.6031227111816
rl4crn_rne_oscillator_trace_risk09_lr1e4_entropy001_s4_c03,seed009,9,578,57800,100,16,117.90663730665483,153.88059552965717,105.62074293184175,False,max_epochs,851.7757596969604
rl4crn_rne_oscillator_trace_risk09_lr1e4_entropy001_s4_c03,seed009,9,579,57900,100,16,118.02541059594643,156.28071668964813,105.62074293184175,False,max_epochs,853.2456946372986
rl4crn_rne_oscillator_trace_risk09_lr1e4_entropy001_s4_c03,seed009,9,580,58000,100,16,119.51338539133967,152.50758174185347,105.62074293184175,False,max_epochs,854.4203808307648
rl4crn_rne_oscillator_trace_risk09_lr1e4_entropy001_s4_c03,seed009,9,581,58100,100,16,112.62315959979692,153.27608283560878,105.62074293184175,False,max_epochs,855.8748490810394
rl4crn_rne_oscillator_trace_risk09_lr1e4_entropy001_s4_c03,seed009,9,582,58200,100,16,116.52773407456122,152.48354149792942,105.62074293184175,False,max_epochs,857.1165738105774
rl4crn_rne_oscillator_trace_risk09_lr1e4_entropy001_s4_c03,seed009,9,583,58300,100,16,112.79484822727223,152.64657223876162,105.62074293184175,False,max_epochs,858.447295665741
rl4crn_rne_oscillator_trace_risk09_lr1e4_entropy001_s4_c03,seed009,9,584,58400,100,16,113.94449004391593,157.5654361931306,105.62074293184175,False,max_epochs,859.807947397232
rl4crn_rne_oscillator_trace_risk09_lr1e4_entropy001_s4_c03,seed009,9,585,58500,100,16,115.9953188391128,147.19052974089618,105.62074293184175,False,max_epochs,860.972161769867
rl4crn_rne_oscillator_trace_risk09_lr1e4_entropy001_s4_c03,seed009,9,586,58600,100,16,115.6873150784347,153.0068932057654,105.62074293184175,False,max_epochs,862.3284826278687
rl4crn_rne_oscillator_trace_risk09_lr1e4_entropy001_s4_c03,seed009,9,587,58700,100,16,108.3001733916279,156.9607384471273,105.62074293184175,False,max_epochs,863.472589969635
rl4crn_rne_oscillator_trace_risk09_lr1e4_entropy001_s4_c03,seed009,9,588,58800,100,16,114.88708607382948,152.35940196659206,105.62074293184175,False,max_epochs,864.6557190418243
rl4crn_rne_oscillator_trace_risk09_lr1e4_entropy001_s4_c03,seed009,9,589,58900,100,16,115.28205324310295,154.37753587030636,105.62074293184175,False,max_epochs,865.9478435516357
rl4crn_rne_oscillator_trace_risk09_lr1e4_entropy001_s4_c03,seed009,9,590,59000,100,16,116.80592272898772,160.031448411574,105.62074293184175,False,max_epochs,867.1048452854156
rl4crn_rne_oscillator_trace_risk09_lr1e4_entropy001_s4_c03,seed009,9,591,59100,100,16,118.28034275707613,150.13475984014315,105.62074293184175,False,max_epochs,868.492502450943
rl4crn_rne_oscillator_trace_risk09_lr1e4_entropy001_s4_c03,seed009,9,592,59200,100,16,118.4949974826862,159.11496710266806,105.62074293184175,False,max_epochs,869.7131063938141
rl4crn_rne_oscillator_trace_risk09_lr1e4_entropy001_s4_c03,seed009,9,593,59300,100,16,119.99231713437628,148.69166417344823,105.62074293184175,False,max_epochs,871.1810653209686
rl4crn_rne_oscillator_trace_risk09_lr1e4_entropy001_s4_c03,seed009,9,594,59400,100,16,111.88918161774735,148.52273415475528,105.62074293184175,False,max_epochs,872.4229021072388
rl4crn_rne_oscillator_trace_risk09_lr1e4_entropy001_s4_c03,seed009,9,595,59500,100,16,113.65854434328205,148.2359429818208,105.62074293184175,False,max_epochs,873.8746132850647
rl4crn_rne_oscillator_trace_risk09_lr1e4_entropy001_s4_c03,seed009,9,596,59600,100,16,119.41371646991193,149.83372572477725,105.62074293184175,False,max_epochs,875.3952436447144
rl4crn_rne_oscillator_trace_risk09_lr1e4_entropy001_s4_c03,seed009,9,597,59700,100,16,118.81860169880811,155.21854395663803,105.62074293184175,False,max_epochs,878.3770868778229
rl4crn_rne_oscillator_trace_risk09_lr1e4_entropy001_s4_c03,seed009,9,598,59800,100,16,115.07148477816155,157.14942660752814,105.62074293184175,False,max_epochs,881.5451049804688
rl4crn_rne_oscillator_trace_risk09_lr1e4_entropy001_s4_c03,seed009,9,599,59900,100,16,118.96513835191416,154.67432184226777,105.62074293184175,False,max_epochs,884.5976510047913
rl4crn_rne_oscillator_trace_risk09_lr1e4_entropy001_s4_c03,seed009,9,600,60000,100,16,117.37985710537606,150.80372404625234,105.62074293184175,False,max_epochs,886.2913777828217
rl4crn_rne_oscillator_trace_risk09_lr1e4_entropy001_s4_c03,seed009,9,601,60100,100,16,117.16555167441614,155.5421115115157,105.62074293184175,False,max_epochs,887.6585032939911
rl4crn_rne_oscillator_trace_risk09_lr1e4_entropy001_s4_c03,seed009,9,602,60200,100,16,115.46276353351146,154.4676755078712,105.62074293184175,False,max_epochs,889.0762391090393
rl4crn_rne_oscillator_trace_risk09_lr1e4_entropy001_s4_c03,seed009,9,603,60300,100,16,118.22990143190755,158.41261425952933,105.62074293184175,False,max_epochs,890.6017262935638
rl4crn_rne_oscillator_trace_risk09_lr1e4_entropy001_s4_c03,seed009,9,604,60400,100,16,114.51458727141333,159.419696002967,105.62074293184175,False,max_epochs,891.8496000766754
rl4crn_rne_oscillator_trace_risk09_lr1e4_entropy001_s4_c03,seed009,9,605,60500,100,16,118.60639654789242,155.16908513665527,105.62074293184175,False,max_epochs,893.6185359954834
rl4crn_rne_oscillator_trace_risk09_lr1e4_entropy001_s4_c03,seed009,9,606,60600,100,16,118.48440019971842,154.98577891448605,105.62074293184175,False,max_epochs,894.8617053031921
rl4crn_rne_oscillator_trace_risk09_lr1e4_entropy001_s4_c03,seed009,9,607,60700,100,16,116.28455077137568,158.09876075771194,105.62074293184175,False,max_epochs,896.4089527130127
rl4crn_rne_oscillator_trace_risk09_lr1e4_entropy001_s4_c03,seed009,9,608,60800,100,16,118.17005384435903,149.88593626843806,105.62074293184175,False,max_epochs,897.8259556293488
rl4crn_rne_oscillator_trace_risk09_lr1e4_entropy001_s4_c03,seed009,9,609,60900,100,16,115.06089871558876,147.4586926516696,105.62074293184175,False,max_epochs,899.1919169425964
rl4crn_rne_oscillator_trace_risk09_lr1e4_entropy001_s4_c03,seed009,9,610,61000,100,16,116.89076578900827,157.45519084451047,105.62074293184175,False,max_epochs,900.3960249423981
rl4crn_rne_oscillator_trace_risk09_lr1e4_entropy001_s4_c03,seed009,9,611,61100,100,16,116.16435890029354,155.38171639355642,105.62074293184175,False,max_epochs,901.8808014392853
rl4crn_rne_oscillator_trace_risk09_lr1e4_entropy001_s4_c03,seed009,9,612,61200,100,16,118.6432158911271,153.00543963235208,105.62074293184175,False,max_epochs,903.3245775699615
rl4crn_rne_oscillator_trace_risk09_lr1e4_entropy001_s4_c03,seed009,9,613,61300,100,16,115.33684829248371,157.26871994309857,105.62074293184175,False,max_epochs,904.5575928688049
rl4crn_rne_oscillator_trace_risk09_lr1e4_entropy001_s4_c03,seed009,9,614,61400,100,16,113.34304305178344,154.65923334082046,105.62074293184175,False,max_epochs,905.8443887233734
rl4crn_rne_oscillator_trace_risk09_lr1e4_entropy001_s4_c03,seed009,9,615,61500,100,16,116.56043173443331,148.11844040317726,105.62074293184175,False,max_epochs,907.1475584506989
rl4crn_rne_oscillator_trace_risk09_lr1e4_entropy001_s4_c03,seed009,9,616,61600,100,16,116.23723274602484,153.63701701242113,105.62074293184175,False,max_epochs,908.4141373634338
rl4crn_rne_oscillator_trace_risk09_lr1e4_entropy001_s4_c03,seed009,9,617,61700,100,16,117.66899361231712,149.62421777941967,105.62074293184175,False,max_epochs,909.9242923259735
rl4crn_rne_oscillator_trace_risk09_lr1e4_entropy001_s4_c03,seed009,9,618,61800,100,16,114.00379795631537,158.8615743993808,105.62074293184175,False,max_epochs,911.2857503890991
rl4crn_rne_oscillator_trace_risk09_lr1e4_entropy001_s4_c03,seed009,9,619,61900,100,16,112.70648721833206,154.0283342005593,105.62074293184175,False,max_epochs,912.928385257721
rl4crn_rne_oscillator_trace_risk09_lr1e4_entropy001_s4_c03,seed009,9,620,62000,100,16,117.12096674059005,154.91861923984413,105.62074293184175,False,max_epochs,914.4273009300232
rl4crn_rne_oscillator_trace_risk09_lr1e4_entropy001_s4_c03,seed009,9,621,62100,100,16,115.05765860326571,154.01094828765648,105.62074293184175,False,max_epochs,915.957955121994
rl4crn_rne_oscillator_trace_risk09_lr1e4_entropy001_s4_c03,seed009,9,622,62200,100,16,118.84474745467854,158.34201881426475,105.62074293184175,False,max_epochs,917.2068574428558
rl4crn_rne_oscillator_trace_risk09_lr1e4_entropy001_s4_c03,seed009,9,623,62300,100,16,121.22126733971795,153.57452544955387,105.62074293184175,False,max_epochs,918.7238280773163
rl4crn_rne_oscillator_trace_risk09_lr1e4_entropy001_s4_c03,seed009,9,624,62400,100,16,109.44652207868958,153.70871234511276,105.62074293184175,False,max_epochs,920.2954232692719
rl4crn_rne_oscillator_trace_risk09_lr1e4_entropy001_s4_c03,seed009,9,625,62500,100,16,116.46299993055368,151.4406058573291,105.62074293184175,False,max_epochs,921.8817758560181
rl4crn_rne_oscillator_trace_risk09_lr1e4_entropy001_s4_c03,seed009,9,626,62600,100,16,114.45214779326737,152.43667522362756,105.62074293184175,False,max_epochs,924.7226185798645
rl4crn_rne_oscillator_trace_risk09_lr1e4_entropy001_s4_c03,seed009,9,627,62700,100,16,114.11959369991568,151.5051728561811,105.62074293184175,False,max_epochs,927.3536131381989
rl4crn_rne_oscillator_trace_risk09_lr1e4_entropy001_s4_c03,seed009,9,628,62800,100,16,115.1934402670106,149.73083472042725,105.62074293184175,False,max_epochs,930.3763744831085
rl4crn_rne_oscillator_trace_risk09_lr1e4_entropy001_s4_c03,seed009,9,629,62900,100,16,117.88931427834636,154.78455815326305,105.62074293184175,False,max_epochs,933.7187325954437
rl4crn_rne_oscillator_trace_risk09_lr1e4_entropy001_s4_c03,seed009,9,630,63000,100,16,117.6623364687617,151.77399918315606,105.62074293184175,False,max_epochs,935.3496377468109
rl4crn_rne_oscillator_trace_risk09_lr1e4_entropy001_s4_c03,seed009,9,631,63100,100,16,117.23799307367507,151.03897591721733,105.62074293184175,False,max_epochs,936.5972740650177
rl4crn_rne_oscillator_trace_risk09_lr1e4_entropy001_s4_c03,seed009,9,632,63200,100,16,117.95858775481122,152.75212565954996,105.62074293184175,False,max_epochs,937.9744973182678
rl4crn_rne_oscillator_trace_risk09_lr1e4_entropy001_s4_c03,seed009,9,633,63300,100,16,115.8722948217336,152.9340697590947,105.62074293184175,False,max_epochs,939.1551358699799
rl4crn_rne_oscillator_trace_risk09_lr1e4_entropy001_s4_c03,seed009,9,634,63400,100,16,117.4198314072605,152.88346855918206,105.62074293184175,False,max_epochs,940.5702788829803
rl4crn_rne_oscillator_trace_risk09_lr1e4_entropy001_s4_c03,seed009,9,635,63500,100,16,117.63569421931815,153.25059939407578,105.62074293184175,False,max_epochs,941.6992311477661
rl4crn_rne_oscillator_trace_risk09_lr1e4_entropy001_s4_c03,seed009,9,636,63600,100,16,117.62742715161616,151.39468851887756,105.62074293184175,False,max_epochs,942.887092590332
rl4crn_rne_oscillator_trace_risk09_lr1e4_entropy001_s4_c03,seed009,9,637,63700,100,16,116.99012512390911,154.15602332830343,105.62074293184175,False,max_epochs,944.2607424259186
rl4crn_rne_oscillator_trace_risk09_lr1e4_entropy001_s4_c03,seed009,9,638,63800,100,16,115.4163209863081,153.02693314816526,105.62074293184175,False,max_epochs,945.5554893016815
rl4crn_rne_oscillator_trace_risk09_lr1e4_entropy001_s4_c03,seed009,9,639,63900,100,16,114.07548275482911,155.04692257394265,105.62074293184175,False,max_epochs,946.8871853351593
rl4crn_rne_oscillator_trace_risk09_lr1e4_entropy001_s4_c03,seed009,9,640,64000,100,16,114.3006539422062,153.09766305710167,105.62074293184175,False,max_epochs,948.0691523551941
rl4crn_rne_oscillator_trace_risk09_lr1e4_entropy001_s4_c03,seed009,9,641,64100,100,16,117.41047350810558,154.68340127640454,105.62074293184175,False,max_epochs,949.2205233573914
rl4crn_rne_oscillator_trace_risk09_lr1e4_entropy001_s4_c03,seed009,9,642,64200,100,16,117.6549802635254,151.14010832749935,105.62074293184175,False,max_epochs,950.605406999588
rl4crn_rne_oscillator_trace_risk09_lr1e4_entropy001_s4_c03,seed009,9,643,64300,100,16,114.10229509340631,158.6130980334254,105.62074293184175,False,max_epochs,951.9004414081573
rl4crn_rne_oscillator_trace_risk09_lr1e4_entropy001_s4_c03,seed009,9,644,64400,100,16,117.12447289304889,151.5963961272742,105.62074293184175,False,max_epochs,953.3705594539642
rl4crn_rne_oscillator_trace_risk09_lr1e4_entropy001_s4_c03,seed009,9,645,64500,100,16,115.49344793536508,153.2671998319928,105.62074293184175,False,max_epochs,954.7563786506653
rl4crn_rne_oscillator_trace_risk09_lr1e4_entropy001_s4_c03,seed009,9,646,64600,100,16,117.95256485054036,148.9675233067842,105.62074293184175,False,max_epochs,956.043384552002
rl4crn_rne_oscillator_trace_risk09_lr1e4_entropy001_s4_c03,seed009,9,647,64700,100,16,109.76238913184135,152.70852554533508,105.62074293184175,False,max_epochs,957.4271695613861
rl4crn_rne_oscillator_trace_risk09_lr1e4_entropy001_s4_c03,seed009,9,648,64800,100,16,116.62124291320146,155.61185326837094,105.62074293184175,False,max_epochs,959.0242247581482
rl4crn_rne_oscillator_trace_risk09_lr1e4_entropy001_s4_c03,seed009,9,649,64900,100,16,110.80739337396541,149.86397049355313,105.62074293184175,False,max_epochs,960.1624603271484
rl4crn_rne_oscillator_trace_risk09_lr1e4_entropy001_s4_c03,seed009,9,650,65000,100,16,116.28032365905769,148.64397610349693,105.62074293184175,False,max_epochs,961.5976192951202
rl4crn_rne_oscillator_trace_risk09_lr1e4_entropy001_s4_c03,seed009,9,651,65100,100,16,114.2511647067667,156.7493388527519,105.62074293184175,False,max_epochs,963.1028237342834
rl4crn_rne_oscillator_trace_risk09_lr1e4_entropy001_s4_c03,seed009,9,652,65200,100,16,116.4191234150006,159.88127491402702,105.62074293184175,False,max_epochs,964.2485022544861
rl4crn_rne_oscillator_trace_risk09_lr1e4_entropy001_s4_c03,seed009,9,653,65300,100,16,115.96386274415529,152.3906781688385,105.62074293184175,False,max_epochs,965.7763841152191
rl4crn_rne_oscillator_trace_risk09_lr1e4_entropy001_s4_c03,seed009,9,654,65400,100,16,115.34601334771986,150.6223904481365,105.62074293184175,False,max_epochs,967.0417160987854
rl4crn_rne_oscillator_trace_risk09_lr1e4_entropy001_s4_c03,seed009,9,655,65500,100,16,118.89425679251369,153.21545061026288,105.62074293184175,False,max_epochs,968.7421860694885
rl4crn_rne_oscillator_trace_risk09_lr1e4_entropy001_s4_c03,seed009,9,656,65600,100,16,115.97070116360847,151.3364534709963,105.62074293184175,False,max_epochs,970.0065989494324
rl4crn_rne_oscillator_trace_risk09_lr1e4_entropy001_s4_c03,seed009,9,657,65700,100,16,112.49489732603385,150.98425568257886,105.62074293184175,False,max_epochs,972.4483127593994
rl4crn_rne_oscillator_trace_risk09_lr1e4_entropy001_s4_c03,seed009,9,658,65800,100,16,111.75801944358581,154.32118039053557,105.62074293184175,False,max_epochs,975.1250176429749
rl4crn_rne_oscillator_trace_risk09_lr1e4_entropy001_s4_c03,seed009,9,659,65900,100,16,114.47266550211869,151.12384589182463,105.62074293184175,False,max_epochs,976.7491552829742
rl4crn_rne_oscillator_trace_risk09_lr1e4_entropy001_s4_c03,seed009,9,660,66000,100,16,120.30704169914561,155.038078307766,105.62074293184175,False,max_epochs,979.4769172668457
rl4crn_rne_oscillator_trace_risk09_lr1e4_entropy001_s4_c03,seed009,9,661,66100,100,16,119.48322864011007,157.45253498848416,105.62074293184175,False,max_epochs,981.9586985111237
rl4crn_rne_oscillator_trace_risk09_lr1e4_entropy001_s4_c03,seed009,9,662,66200,100,16,114.31689059379002,154.18030849098153,105.62074293184175,False,max_epochs,983.7931621074677
rl4crn_rne_oscillator_trace_risk09_lr1e4_entropy001_s4_c03,seed009,9,663,66300,100,16,110.39993521904087,153.54714164662272,105.62074293184175,False,max_epochs,984.9647190570831
rl4crn_rne_oscillator_trace_risk09_lr1e4_entropy001_s4_c03,seed009,9,664,66400,100,16,117.01989684355968,153.9018707837146,105.62074293184175,False,max_epochs,986.3449442386627
rl4crn_rne_oscillator_trace_risk09_lr1e4_entropy001_s4_c03,seed009,9,665,66500,100,16,118.65395407976033,152.61594881348339,105.62074293184175,False,max_epochs,987.5597372055054
rl4crn_rne_oscillator_trace_risk09_lr1e4_entropy001_s4_c03,seed009,9,666,66600,100,16,119.36068605497906,162.50843104647333,105.62074293184175,False,max_epochs,988.7176818847656
rl4crn_rne_oscillator_trace_risk09_lr1e4_entropy001_s4_c03,seed009,9,667,66700,100,16,117.9830403060645,153.2284663387482,105.62074293184175,False,max_epochs,990.0836610794067
rl4crn_rne_oscillator_trace_risk09_lr1e4_entropy001_s4_c03,seed009,9,668,66800,100,16,117.27416292756936,159.70372877310444,105.62074293184175,False,max_epochs,991.2934639453888
rl4crn_rne_oscillator_trace_risk09_lr1e4_entropy001_s4_c03,seed009,9,669,66900,100,16,119.6388007971867,153.14243218149713,105.62074293184175,False,max_epochs,992.6638495922089
rl4crn_rne_oscillator_trace_risk09_lr1e4_entropy001_s4_c03,seed009,9,670,67000,100,16,117.30683854218375,151.4717982845636,105.62074293184175,False,max_epochs,993.9283764362335
rl4crn_rne_oscillator_trace_risk09_lr1e4_entropy001_s4_c03,seed009,9,671,67100,100,16,114.93707302154928,152.71018234297318,105.62074293184175,False,max_epochs,995.2522766590118
rl4crn_rne_oscillator_trace_risk09_lr1e4_entropy001_s4_c03,seed009,9,672,67200,100,16,118.19086340735585,150.45918886222546,105.62074293184175,False,max_epochs,996.6690640449524
rl4crn_rne_oscillator_trace_risk09_lr1e4_entropy001_s4_c03,seed009,9,673,67300,100,16,118.52241537508206,150.87237477558153,105.62074293184175,False,max_epochs,998.3070073127747
rl4crn_rne_oscillator_trace_risk09_lr1e4_entropy001_s4_c03,seed009,9,674,67400,100,16,118.95371858339777,153.199716717087,105.62074293184175,False,max_epochs,999.6335859298706
rl4crn_rne_oscillator_trace_risk09_lr1e4_entropy001_s4_c03,seed009,9,675,67500,100,16,118.79662375862222,154.16259766214563,105.62074293184175,False,max_epochs,1000.9111015796661
rl4crn_rne_oscillator_trace_risk09_lr1e4_entropy001_s4_c03,seed009,9,676,67600,100,16,119.96042167180188,152.8634306884333,105.62074293184175,False,max_epochs,1002.3324978351593
rl4crn_rne_oscillator_trace_risk09_lr1e4_entropy001_s4_c03,seed009,9,677,67700,100,16,116.4063120370412,152.33969290510368,105.62074293184175,False,max_epochs,1003.469274520874
rl4crn_rne_oscillator_trace_risk09_lr1e4_entropy001_s4_c03,seed009,9,678,67800,100,16,113.57582761015824,145.2186681958687,105.62074293184175,False,max_epochs,1004.7397363185883
rl4crn_rne_oscillator_trace_risk09_lr1e4_entropy001_s4_c03,seed009,9,679,67900,100,16,117.90540093349,151.97904592499845,105.62074293184175,False,max_epochs,1006.0342898368835
rl4crn_rne_oscillator_trace_risk09_lr1e4_entropy001_s4_c03,seed009,9,680,68000,100,16,117.99930267541701,155.8543479676178,105.62074293184175,False,max_epochs,1007.3111796379089
rl4crn_rne_oscillator_trace_risk09_lr1e4_entropy001_s4_c03,seed009,9,681,68100,100,16,107.39488122712767,150.70783658766538,105.62074293184175,False,max_epochs,1008.6502416133881
rl4crn_rne_oscillator_trace_risk09_lr1e4_entropy001_s4_c03,seed009,9,682,68200,100,16,114.18259212746017,153.2179758680074,105.62074293184175,False,max_epochs,1009.809775352478
rl4crn_rne_oscillator_trace_risk09_lr1e4_entropy001_s4_c03,seed009,9,683,68300,100,16,117.11722696908019,152.3904341353255,105.62074293184175,False,max_epochs,1011.0739200115204
rl4crn_rne_oscillator_trace_risk09_lr1e4_entropy001_s4_c03,seed009,9,684,68400,100,16,115.67339642053314,153.23416826163532,105.62074293184175,False,max_epochs,1012.4662127494812
rl4crn_rne_oscillator_trace_risk09_lr1e4_entropy001_s4_c03,seed009,9,685,68500,100,16,116.9172494538412,151.23219887223127,105.62074293184175,False,max_epochs,1013.6710464954376
rl4crn_rne_oscillator_trace_risk09_lr1e4_entropy001_s4_c03,seed009,9,686,68600,100,16,114.24524528216475,150.87016144852947,105.62074293184175,False,max_epochs,1015.1020622253418
rl4crn_rne_oscillator_trace_risk09_lr1e4_entropy001_s4_c03,seed009,9,687,68700,100,16,115.2244114884613,147.91422277873932,105.62074293184175,False,max_epochs,1016.3112392425537
rl4crn_rne_oscillator_trace_risk09_lr1e4_entropy001_s4_c03,seed009,9,688,68800,100,16,112.49007480968613,151.05165432489142,105.62074293184175,False,max_epochs,1017.8393149375916
rl4crn_rne_oscillator_trace_risk09_lr1e4_entropy001_s4_c03,seed009,9,689,68900,100,16,116.4496609434761,151.25207052384707,105.62074293184175,False,max_epochs,1019.2183961868286
rl4crn_rne_oscillator_trace_risk09_lr1e4_entropy001_s4_c03,seed009,9,690,69000,100,16,118.6436709703501,156.0264763663373,105.62074293184175,False,max_epochs,1021.1940116882324
rl4crn_rne_oscillator_trace_risk09_lr1e4_entropy001_s4_c03,seed009,9,691,69100,100,16,118.06042553404163,146.53941358092175,105.62074293184175,False,max_epochs,1024.279635667801
rl4crn_rne_oscillator_trace_risk09_lr1e4_entropy001_s4_c03,seed009,9,692,69200,100,16,112.75736777002102,150.37465632892747,105.62074293184175,False,max_epochs,1027.4251916408539
rl4crn_rne_oscillator_trace_risk09_lr1e4_entropy001_s4_c03,seed009,9,693,69300,100,16,115.78798261699671,143.18551645160227,105.62074293184175,False,max_epochs,1030.3343091011047
rl4crn_rne_oscillator_trace_risk09_lr1e4_entropy001_s4_c03,seed009,9,694,69400,100,16,116.60029359728149,151.07023899754716,105.62074293184175,False,max_epochs,1032.0301661491394
rl4crn_rne_oscillator_trace_risk09_lr1e4_entropy001_s4_c03,seed009,9,695,69500,100,16,119.03793186310396,153.2273833479103,105.62074293184175,False,max_epochs,1033.287620306015
rl4crn_rne_oscillator_trace_risk09_lr1e4_entropy001_s4_c03,seed009,9,696,69600,100,16,118.53075072383515,155.726485785619,105.62074293184175,False,max_epochs,1034.6443448066711
rl4crn_rne_oscillator_trace_risk09_lr1e4_entropy001_s4_c03,seed009,9,697,69700,100,16,112.0708782543668,149.68620285060356,105.62074293184175,False,max_epochs,1035.8629519939423
rl4crn_rne_oscillator_trace_risk09_lr1e4_entropy001_s4_c03,seed009,9,698,69800,100,16,118.63640353099302,149.85419023538844,105.62074293184175,False,max_epochs,1037.2161977291107
rl4crn_rne_oscillator_trace_risk09_lr1e4_entropy001_s4_c03,seed009,9,699,69900,100,16,113.88007131451552,153.89788453680572,105.62074293184175,False,max_epochs,1038.4051949977875
rl4crn_rne_oscillator_trace_risk09_lr1e4_entropy001_s4_c03,seed009,9,700,70000,100,16,113.84213069716222,150.91160787186726,105.62074293184175,False,max_epochs,1039.8284788131714
rl4crn_rne_oscillator_trace_risk09_lr1e4_entropy001_s4_c03,seed009,9,701,70100,100,16,117.27568896763663,153.5305228332847,105.62074293184175,False,max_epochs,1041.1131732463837
rl4crn_rne_oscillator_trace_risk09_lr1e4_entropy001_s4_c03,seed009,9,702,70200,100,16,114.47813395957634,157.5596758959967,105.62074293184175,False,max_epochs,1042.4242160320282
rl4crn_rne_oscillator_trace_risk09_lr1e4_entropy001_s4_c03,seed009,9,703,70300,100,16,115.32935624045683,152.9359042227473,105.62074293184175,False,max_epochs,1043.7902822494507
rl4crn_rne_oscillator_trace_risk09_lr1e4_entropy001_s4_c03,seed009,9,704,70400,100,16,113.74695520414272,153.63990780318832,105.62074293184175,False,max_epochs,1045.1846528053284
rl4crn_rne_oscillator_trace_risk09_lr1e4_entropy001_s4_c03,seed009,9,705,70500,100,16,112.54138044523016,152.09873551228117,105.62074293184175,False,max_epochs,1046.729404449463
rl4crn_rne_oscillator_trace_risk09_lr1e4_entropy001_s4_c03,seed009,9,706,70600,100,16,117.29194817754829,149.8528971028396,105.62074293184175,False,max_epochs,1047.8781657218933
rl4crn_rne_oscillator_trace_risk09_lr1e4_entropy001_s4_c03,seed009,9,707,70700,100,16,115.95245299381357,153.52406964561837,105.62074293184175,False,max_epochs,1049.501450061798
rl4crn_rne_oscillator_trace_risk09_lr1e4_entropy001_s4_c03,seed009,9,708,70800,100,16,116.85163128931866,142.4877787163289,105.62074293184175,False,max_epochs,1051.016513824463
rl4crn_rne_oscillator_trace_risk09_lr1e4_entropy001_s4_c03,seed009,9,709,70900,100,16,117.16960703058335,156.4097383140848,105.62074293184175,False,max_epochs,1052.3299539089203
rl4crn_rne_oscillator_trace_risk09_lr1e4_entropy001_s4_c03,seed009,9,710,71000,100,16,114.50034095329345,151.01316746914978,105.62074293184175,False,max_epochs,1053.6458458900452
rl4crn_rne_oscillator_trace_risk09_lr1e4_entropy001_s4_c03,seed009,9,711,71100,100,16,116.75098874287056,155.7866855889095,105.62074293184175,False,max_epochs,1055.0672030448914
rl4crn_rne_oscillator_trace_risk09_lr1e4_entropy001_s4_c03,seed009,9,712,71200,100,16,115.50675762415342,154.06548612484153,105.62074293184175,False,max_epochs,1056.4156563282013
rl4crn_rne_oscillator_trace_risk09_lr1e4_entropy001_s4_c03,seed009,9,713,71300,100,16,117.07156196418748,147.97438817752231,105.62074293184175,False,max_epochs,1057.9912989139557
rl4crn_rne_oscillator_trace_risk09_lr1e4_entropy001_s4_c03,seed009,9,714,71400,100,16,115.66056825966233,155.37294704117983,105.62074293184175,False,max_epochs,1059.191962480545
rl4crn_rne_oscillator_trace_risk09_lr1e4_entropy001_s4_c03,seed009,9,715,71500,100,16,119.8875527820706,153.14932511952946,105.62074293184175,False,max_epochs,1060.3884797096252
rl4crn_rne_oscillator_trace_risk09_lr1e4_entropy001_s4_c03,seed009,9,716,71600,100,16,117.17892073373069,150.83594648518778,105.62074293184175,False,max_epochs,1061.7747750282288
rl4crn_rne_oscillator_trace_risk09_lr1e4_entropy001_s4_c03,seed009,9,717,71700,100,16,115.70097001204047,154.8708264234442,105.62074293184175,False,max_epochs,1062.9459192752838
rl4crn_rne_oscillator_trace_risk09_lr1e4_entropy001_s4_c03,seed009,9,718,71800,100,16,120.10129079030484,159.79357558009173,105.62074293184175,False,max_epochs,1064.4118428230286
rl4crn_rne_oscillator_trace_risk09_lr1e4_entropy001_s4_c03,seed009,9,719,71900,100,16,114.72346807229123,154.5033772550766,105.62074293184175,False,max_epochs,1065.6181781291962
rl4crn_rne_oscillator_trace_risk09_lr1e4_entropy001_s4_c03,seed009,9,720,72000,100,16,119.35968453390583,161.28974214746523,105.62074293184175,False,max_epochs,1066.9508624076843
rl4crn_rne_oscillator_trace_risk09_lr1e4_entropy001_s4_c03,seed009,9,721,72100,100,16,114.37189350260962,154.0883442431574,105.62074293184175,False,max_epochs,1068.2062594890594
rl4crn_rne_oscillator_trace_risk09_lr1e4_entropy001_s4_c03,seed009,9,722,72200,100,16,119.01723898260194,154.62234786256874,105.62074293184175,False,max_epochs,1069.5312073230743
rl4crn_rne_oscillator_trace_risk09_lr1e4_entropy001_s4_c03,seed009,9,723,72300,100,16,119.68213896094868,151.22856400388315,105.62074293184175,False,max_epochs,1070.7112777233124
rl4crn_rne_oscillator_trace_risk09_lr1e4_entropy001_s4_c03,seed009,9,724,72400,100,16,118.73599442582642,154.43182072650148,105.62074293184175,False,max_epochs,1072.0987780094147
rl4crn_rne_oscillator_trace_risk09_lr1e4_entropy001_s4_c03,seed009,9,725,72500,100,16,119.2444797264356,153.77288261164153,105.62074293184175,False,max_epochs,1073.3067362308502
rl4crn_rne_oscillator_trace_risk09_lr1e4_entropy001_s4_c03,seed009,9,726,72600,100,16,110.85484521430662,158.73546101954244,105.62074293184175,False,max_epochs,1074.5320777893066
rl4crn_rne_oscillator_trace_risk09_lr1e4_entropy001_s4_c03,seed009,9,727,72700,100,16,113.78655919324996,151.59104496031247,105.62074293184175,False,max_epochs,1075.8720543384552
rl4crn_rne_oscillator_trace_risk09_lr1e4_entropy001_s4_c03,seed009,9,728,72800,100,16,113.72828922741002,153.94707181833564,105.62074293184175,False,max_epochs,1077.054624080658
rl4crn_rne_oscillator_trace_risk09_lr1e4_entropy001_s4_c03,seed009,9,729,72900,100,16,115.2609341070158,147.39527368246974,105.62074293184175,False,max_epochs,1078.262576341629
rl4crn_rne_oscillator_trace_risk09_lr1e4_entropy001_s4_c03,seed009,9,730,73000,100,16,112.9763480842582,153.3367062356271,105.62074293184175,False,max_epochs,1079.5847387313843
rl4crn_rne_oscillator_trace_risk09_lr1e4_entropy001_s4_c03,seed009,9,731,73100,100,16,112.40139837043286,152.0977549536061,105.62074293184175,False,max_epochs,1080.8125166893005
rl4crn_rne_oscillator_trace_risk09_lr1e4_entropy001_s4_c03,seed009,9,732,73200,100,16,118.86223877321649,151.921105704282,105.62074293184175,False,max_epochs,1082.1821551322937
rl4crn_rne_oscillator_trace_risk09_lr1e4_entropy001_s4_c03,seed009,9,733,73300,100,16,120.11923871110666,149.77030624135142,105.62074293184175,False,max_epochs,1083.404262304306
rl4crn_rne_oscillator_trace_risk09_lr1e4_entropy001_s4_c03,seed009,9,734,73400,100,16,113.03773036355723,144.8738868233467,105.62074293184175,False,max_epochs,1084.8030805587769
rl4crn_rne_oscillator_trace_risk09_lr1e4_entropy001_s4_c03,seed009,9,735,73500,100,16,117.7067817667467,150.58769062416695,105.62074293184175,False,max_epochs,1086.1713469028473
rl4crn_rne_oscillator_trace_risk09_lr1e4_entropy001_s4_c03,seed009,9,736,73600,100,16,117.80677786591009,153.46252049759957,105.62074293184175,False,max_epochs,1087.5731947422028
rl4crn_rne_oscillator_trace_risk09_lr1e4_entropy001_s4_c03,seed009,9,737,73700,100,16,116.83822520704504,154.12709206354964,105.62074293184175,False,max_epochs,1088.9992589950562
rl4crn_rne_oscillator_trace_risk09_lr1e4_entropy001_s4_c03,seed009,9,738,73800,100,16,116.66995264758806,147.7977657424663,105.62074293184175,False,max_epochs,1090.2261917591095
rl4crn_rne_oscillator_trace_risk09_lr1e4_entropy001_s4_c03,seed009,9,739,73900,100,16,117.05650518390135,151.87719502798325,105.62074293184175,False,max_epochs,1091.6447660923004
rl4crn_rne_oscillator_trace_risk09_lr1e4_entropy001_s4_c03,seed009,9,740,74000,100,16,119.98028081269263,156.6876899845133,105.62074293184175,False,max_epochs,1093.0267102718353
rl4crn_rne_oscillator_trace_risk09_lr1e4_entropy001_s4_c03,seed009,9,741,74100,100,16,116.12662437755735,152.33665285951662,105.62074293184175,False,max_epochs,1094.2798218727112
rl4crn_rne_oscillator_trace_risk09_lr1e4_entropy001_s4_c03,seed009,9,742,74200,100,16,113.86723012809979,155.7898094438934,105.62074293184175,False,max_epochs,1095.933560848236
rl4crn_rne_oscillator_trace_risk09_lr1e4_entropy001_s4_c03,seed009,9,743,74300,100,16,117.6998642452849,147.05797309850777,105.62074293184175,False,max_epochs,1097.2449011802673
rl4crn_rne_oscillator_trace_risk09_lr1e4_entropy001_s4_c03,seed009,9,744,74400,100,16,114.5190669506953,144.76518099711248,105.62074293184175,False,max_epochs,1098.643628358841
rl4crn_rne_oscillator_trace_risk09_lr1e4_entropy001_s4_c03,seed009,9,745,74500,100,16,117.26541575352489,150.57946745510492,105.62074293184175,False,max_epochs,1100.0205600261688
rl4crn_rne_oscillator_trace_risk09_lr1e4_entropy001_s4_c03,seed009,9,746,74600,100,16,111.84753258977105,151.67578299278802,105.62074293184175,False,max_epochs,1101.2365159988403
rl4crn_rne_oscillator_trace_risk09_lr1e4_entropy001_s4_c03,seed009,9,747,74700,100,16,117.34938530870326,147.6051119279889,105.62074293184175,False,max_epochs,1102.694636106491
rl4crn_rne_oscillator_trace_risk09_lr1e4_entropy001_s4_c03,seed009,9,748,74800,100,16,115.46014717102591,152.3189919089347,105.62074293184175,False,max_epochs,1104.2368776798248
rl4crn_rne_oscillator_trace_risk09_lr1e4_entropy001_s4_c03,seed009,9,749,74900,100,16,115.5249632885897,148.6972092535755,105.62074293184175,False,max_epochs,1105.6186978816986
rl4crn_rne_oscillator_trace_risk09_lr1e4_entropy001_s4_c03,seed009,9,750,75000,100,16,116.21099566134419,157.04180228782613,105.62074293184175,False,max_epochs,1107.2216584682465
rl4crn_rne_oscillator_trace_risk09_lr1e4_entropy001_s4_c03,seed009,9,751,75100,100,16,116.97925790406512,143.22039414893334,105.62074293184175,False,max_epochs,1108.5943040847778
rl4crn_rne_oscillator_trace_risk09_lr1e4_entropy001_s4_c03,seed009,9,752,75200,100,16,115.92208545808438,153.31199514286666,105.62074293184175,False,max_epochs,1110.094577074051
rl4crn_rne_oscillator_trace_risk09_lr1e4_entropy001_s4_c03,seed009,9,753,75300,100,16,116.02198956476124,153.10915517499336,105.62074293184175,False,max_epochs,1111.8072724342346
rl4crn_rne_oscillator_trace_risk09_lr1e4_entropy001_s4_c03,seed009,9,754,75400,100,16,111.88289000307941,153.7386776488343,105.62074293184175,False,max_epochs,1113.1427519321442
rl4crn_rne_oscillator_trace_risk09_lr1e4_entropy001_s4_c03,seed009,9,755,75500,100,16,114.96761209122816,158.22980880559925,105.62074293184175,False,max_epochs,1115.0317392349243
rl4crn_rne_oscillator_trace_risk09_lr1e4_entropy001_s4_c03,seed009,9,756,75600,100,16,118.49501680110322,154.98555298238324,105.62074293184175,False,max_epochs,1117.4320721626282
rl4crn_rne_oscillator_trace_risk09_lr1e4_entropy001_s4_c03,seed009,9,757,75700,100,16,118.31030428865662,151.36255271357453,105.62074293184175,False,max_epochs,1119.6976671218872
rl4crn_rne_oscillator_trace_risk09_lr1e4_entropy001_s4_c03,seed009,9,758,75800,100,16,118.27450390118284,152.5888874395027,105.62074293184175,False,max_epochs,1122.6303799152374
rl4crn_rne_oscillator_trace_risk09_lr1e4_entropy001_s4_c03,seed009,9,759,75900,100,16,117.41920033252977,151.50891570053338,105.62074293184175,False,max_epochs,1125.0765130519867
rl4crn_rne_oscillator_trace_risk09_lr1e4_entropy001_s4_c03,seed009,9,760,76000,100,16,118.80889807814748,153.72831435946233,105.62074293184175,False,max_epochs,1127.1552140712738
rl4crn_rne_oscillator_trace_risk09_lr1e4_entropy001_s4_c03,seed009,9,761,76100,100,16,116.60881486577588,149.27911238466177,105.62074293184175,False,max_epochs,1128.3758771419525
rl4crn_rne_oscillator_trace_risk09_lr1e4_entropy001_s4_c03,seed009,9,762,76200,100,16,115.3254925015186,153.89492381250716,105.62074293184175,False,max_epochs,1129.5707824230194
rl4crn_rne_oscillator_trace_risk09_lr1e4_entropy001_s4_c03,seed009,9,763,76300,100,16,113.11835772638715,148.75826816965798,105.62074293184175,False,max_epochs,1130.9574754238129
rl4crn_rne_oscillator_trace_risk09_lr1e4_entropy001_s4_c03,seed009,9,764,76400,100,16,117.06459907017712,142.62593466816543,105.62074293184175,False,max_epochs,1132.460155248642
rl4crn_rne_oscillator_trace_risk09_lr1e4_entropy001_s4_c03,seed009,9,765,76500,100,16,116.60414764179995,144.43919656988112,105.62074293184175,False,max_epochs,1133.669139623642
rl4crn_rne_oscillator_trace_risk09_lr1e4_entropy001_s4_c03,seed009,9,766,76600,100,16,116.41413870911553,152.22700060524457,105.62074293184175,False,max_epochs,1134.9700255393982
rl4crn_rne_oscillator_trace_risk09_lr1e4_entropy001_s4_c03,seed009,9,767,76700,100,16,116.00336661159012,148.28340081333909,105.62074293184175,False,max_epochs,1136.5445928573608
rl4crn_rne_oscillator_trace_risk09_lr1e4_entropy001_s4_c03,seed009,9,768,76800,100,16,116.3502981777984,151.22840945771367,105.62074293184175,False,max_epochs,1138.04838180542
rl4crn_rne_oscillator_trace_risk09_lr1e4_entropy001_s4_c03,seed009,9,769,76900,100,16,116.24190066647583,150.38099809789335,105.62074293184175,False,max_epochs,1139.559417963028
rl4crn_rne_oscillator_trace_risk09_lr1e4_entropy001_s4_c03,seed009,9,770,77000,100,16,113.2442421911839,157.66852049237724,105.62074293184175,False,max_epochs,1140.8487377166748
rl4crn_rne_oscillator_trace_risk09_lr1e4_entropy001_s4_c03,seed009,9,771,77100,100,16,120.41690848869357,150.1699427486961,105.62074293184175,False,max_epochs,1142.3219220638275
rl4crn_rne_oscillator_trace_risk09_lr1e4_entropy001_s4_c03,seed009,9,772,77200,100,16,117.49182313583383,153.015571030946,105.62074293184175,False,max_epochs,1143.7571198940277
rl4crn_rne_oscillator_trace_risk09_lr1e4_entropy001_s4_c03,seed009,9,773,77300,100,16,117.58693242360722,149.21149205330295,105.62074293184175,False,max_epochs,1145.245165348053
rl4crn_rne_oscillator_trace_risk09_lr1e4_entropy001_s4_c03,seed009,9,774,77400,100,16,112.34152189475327,153.580459742762,105.62074293184175,False,max_epochs,1146.4985928535461
rl4crn_rne_oscillator_trace_risk09_lr1e4_entropy001_s4_c03,seed009,9,775,77500,100,16,110.14816518192909,154.50442815873413,105.62074293184175,False,max_epochs,1147.6503748893738
rl4crn_rne_oscillator_trace_risk09_lr1e4_entropy001_s4_c03,seed009,9,776,77600,100,16,118.36995122677868,156.52765081389092,105.62074293184175,False,max_epochs,1148.9972462654114
rl4crn_rne_oscillator_trace_risk09_lr1e4_entropy001_s4_c03,seed009,9,777,77700,100,16,113.50597767238112,150.7962819906942,105.62074293184175,False,max_epochs,1150.1790699958801
rl4crn_rne_oscillator_trace_risk09_lr1e4_entropy001_s4_c03,seed009,9,778,77800,100,16,112.81557427867172,151.40713293595138,105.62074293184175,False,max_epochs,1151.5763630867004
rl4crn_rne_oscillator_trace_risk09_lr1e4_entropy001_s4_c03,seed009,9,779,77900,100,16,115.1055376859876,153.86441574493458,105.62074293184175,False,max_epochs,1152.8049235343933
rl4crn_rne_oscillator_trace_risk09_lr1e4_entropy001_s4_c03,seed009,9,780,78000,100,16,116.79320735146567,146.64662266987304,105.62074293184175,False,max_epochs,1154.051097869873
rl4crn_rne_oscillator_trace_risk09_lr1e4_entropy001_s4_c03,seed009,9,781,78100,100,16,119.33045264216973,151.71339330650494,105.62074293184175,False,max_epochs,1155.423936843872
rl4crn_rne_oscillator_trace_risk09_lr1e4_entropy001_s4_c03,seed009,9,782,78200,100,16,119.26686808929634,151.8618305543796,105.62074293184175,False,max_epochs,1156.6162374019623
rl4crn_rne_oscillator_trace_risk09_lr1e4_entropy001_s4_c03,seed009,9,783,78300,100,16,115.03129344771715,152.6056302390109,105.62074293184175,False,max_epochs,1157.9361114501953
rl4crn_rne_oscillator_trace_risk09_lr1e4_entropy001_s4_c03,seed009,9,784,78400,100,16,115.68727853835462,152.70322084922725,105.62074293184175,False,max_epochs,1159.102736711502
rl4crn_rne_oscillator_trace_risk09_lr1e4_entropy001_s4_c03,seed009,9,785,78500,100,16,112.5251562027279,152.47570813088166,105.62074293184175,False,max_epochs,1160.4203588962555
rl4crn_rne_oscillator_trace_risk09_lr1e4_entropy001_s4_c03,seed009,9,786,78600,100,16,118.3868691698465,148.76495490993543,105.62074293184175,False,max_epochs,1161.9287803173065
rl4crn_rne_oscillator_trace_risk09_lr1e4_entropy001_s4_c03,seed009,9,787,78700,100,16,119.28436951875776,151.82943472824337,105.62074293184175,False,max_epochs,1163.3903555870056
rl4crn_rne_oscillator_trace_risk09_lr1e4_entropy001_s4_c03,seed009,9,788,78800,100,16,115.57199905211002,152.2055843413213,105.62074293184175,False,max_epochs,1167.0894031524658
rl4crn_rne_oscillator_trace_risk09_lr1e4_entropy001_s4_c03,seed009,9,789,78900,100,16,111.14787023655046,152.963661899421,105.62074293184175,False,max_epochs,1169.7334740161896
rl4crn_rne_oscillator_trace_risk09_lr1e4_entropy001_s4_c03,seed009,9,790,79000,100,16,109.85230525705252,151.39296304699792,105.62074293184175,False,max_epochs,1172.379953622818
rl4crn_rne_oscillator_trace_risk09_lr1e4_entropy001_s4_c03,seed009,9,791,79100,100,16,118.1327539245899,152.5794911502835,105.62074293184175,False,max_epochs,1174.2737882137299
rl4crn_rne_oscillator_trace_risk09_lr1e4_entropy001_s4_c03,seed009,9,792,79200,100,16,117.40783049672237,158.2392863669237,105.62074293184175,False,max_epochs,1175.4291458129883
rl4crn_rne_oscillator_trace_risk09_lr1e4_entropy001_s4_c03,seed009,9,793,79300,100,16,118.41141352288686,149.9841649734836,105.62074293184175,False,max_epochs,1176.925372838974
rl4crn_rne_oscillator_trace_risk09_lr1e4_entropy001_s4_c03,seed009,9,794,79400,100,16,119.61585849932541,158.37098609334615,105.62074293184175,False,max_epochs,1178.0652465820312
rl4crn_rne_oscillator_trace_risk09_lr1e4_entropy001_s4_c03,seed009,9,795,79500,100,16,118.9931580635133,150.58431052197687,105.62074293184175,False,max_epochs,1179.401146888733
rl4crn_rne_oscillator_trace_risk09_lr1e4_entropy001_s4_c03,seed009,9,796,79600,100,16,117.69364914542302,151.20412401052778,105.62074293184175,False,max_epochs,1180.6150238513947
rl4crn_rne_oscillator_trace_risk09_lr1e4_entropy001_s4_c03,seed009,9,797,79700,100,16,116.89844160568568,154.57598092052993,105.62074293184175,False,max_epochs,1181.8030354976654
rl4crn_rne_oscillator_trace_risk09_lr1e4_entropy001_s4_c03,seed009,9,798,79800,100,16,114.47344141012631,148.12205323577024,105.62074293184175,False,max_epochs,1183.2065403461456
rl4crn_rne_oscillator_trace_risk09_lr1e4_entropy001_s4_c03,seed009,9,799,79900,100,16,115.46552515806373,159.39957935253756,105.62074293184175,False,max_epochs,1184.3909549713135
rl4crn_rne_oscillator_trace_risk09_lr1e4_entropy001_s4_c03,seed009,9,800,80000,100,16,115.90002506232182,157.18016802019375,105.62074293184175,False,max_epochs,1185.7050535678864
rl4crn_rne_oscillator_trace_risk09_lr1e4_entropy001_s4_c03,seed009,9,801,80100,100,16,116.95234812960722,153.3958647830343,105.62074293184175,False,max_epochs,1186.9926908016205
