method,run_id,seed,epoch,candidate_evaluations,batch_size,n_cpus,epoch_best_loss,epoch_median_loss,saved_best_loss,success,stop_reason,elapsed_seconds
rl4crn_rne_oscillator_trace_8rxn_stop_risksched085to095_lr1e4_entropy01to005_s1_c1_rnetol_d256_depth3_p20,seed083,83,1,100,100,16,124.42900187390514,130.15306954394035,124.42900187390514,False,max_epochs,8.559664249420166
rl4crn_rne_oscillator_trace_8rxn_stop_risksched085to095_lr1e4_entropy01to005_s1_c1_rnetol_d256_depth3_p20,seed083,83,2,200,100,16,123.07866149387097,130.0915310540429,123.07866149387097,False,max_epochs,12.580462455749512
rl4crn_rne_oscillator_trace_8rxn_stop_risksched085to095_lr1e4_entropy01to005_s1_c1_rnetol_d256_depth3_p20,seed083,83,3,300,100,16,123.34409554052513,131.52349348609357,123.07866149387097,False,max_epochs,17.250191688537598
rl4crn_rne_oscillator_trace_8rxn_stop_risksched085to095_lr1e4_entropy01to005_s1_c1_rnetol_d256_depth3_p20,seed083,83,4,400,100,16,124.15396175252626,130.02464115521138,123.07866149387097,False,max_epochs,21.750154495239258
rl4crn_rne_oscillator_trace_8rxn_stop_risksched085to095_lr1e4_entropy01to005_s1_c1_rnetol_d256_depth3_p20,seed083,83,5,500,100,16,124.18393159561937,131.3193036810666,123.07866149387097,False,max_epochs,26.22313904762268
rl4crn_rne_oscillator_trace_8rxn_stop_risksched085to095_lr1e4_entropy01to005_s1_c1_rnetol_d256_depth3_p20,seed083,83,6,600,100,16,124.23968365222399,130.2997648749577,123.07866149387097,False,max_epochs,30.82537055015564
rl4crn_rne_oscillator_trace_8rxn_stop_risksched085to095_lr1e4_entropy01to005_s1_c1_rnetol_d256_depth3_p20,seed083,83,7,700,100,16,124.35374030245612,130.45317000080257,123.07866149387097,False,max_epochs,33.017499685287476
rl4crn_rne_oscillator_trace_8rxn_stop_risksched085to095_lr1e4_entropy01to005_s1_c1_rnetol_d256_depth3_p20,seed083,83,8,800,100,16,123.19296975501757,131.85430870057888,123.07866149387097,False,max_epochs,37.669116258621216
rl4crn_rne_oscillator_trace_8rxn_stop_risksched085to095_lr1e4_entropy01to005_s1_c1_rnetol_d256_depth3_p20,seed083,83,9,900,100,16,123.80178444669919,131.73990768534793,123.07866149387097,False,max_epochs,42.4698965549469
rl4crn_rne_oscillator_trace_8rxn_stop_risksched085to095_lr1e4_entropy01to005_s1_c1_rnetol_d256_depth3_p20,seed083,83,10,1000,100,16,124.2599309641367,131.8258879636859,123.07866149387097,False,max_epochs,47.298638105392456
rl4crn_rne_oscillator_trace_8rxn_stop_risksched085to095_lr1e4_entropy01to005_s1_c1_rnetol_d256_depth3_p20,seed083,83,11,1100,100,16,122.346347042239,131.11952929046748,122.346347042239,False,max_epochs,52.45665502548218
rl4crn_rne_oscillator_trace_8rxn_stop_risksched085to095_lr1e4_entropy01to005_s1_c1_rnetol_d256_depth3_p20,seed083,83,12,1200,100,16,124.11307905648702,130.16239948070753,122.346347042239,False,max_epochs,56.81935524940491
rl4crn_rne_oscillator_trace_8rxn_stop_risksched085to095_lr1e4_entropy01to005_s1_c1_rnetol_d256_depth3_p20,seed083,83,13,1300,100,16,123.68829302404308,132.4653184357854,122.346347042239,False,max_epochs,61.23831033706665
rl4crn_rne_oscillator_trace_8rxn_stop_risksched085to095_lr1e4_entropy01to005_s1_c1_rnetol_d256_depth3_p20,seed083,83,14,1400,100,16,124.42854881012386,130.56707894096434,122.346347042239,False,max_epochs,63.34875798225403
rl4crn_rne_oscillator_trace_8rxn_stop_risksched085to095_lr1e4_entropy01to005_s1_c1_rnetol_d256_depth3_p20,seed083,83,15,1500,100,16,123.47825344558517,131.35184833738526,122.346347042239,False,max_epochs,68.39291429519653
rl4crn_rne_oscillator_trace_8rxn_stop_risksched085to095_lr1e4_entropy01to005_s1_c1_rnetol_d256_depth3_p20,seed083,83,16,1600,100,16,122.86261418991911,130.337394356032,122.346347042239,False,max_epochs,73.04960608482361
rl4crn_rne_oscillator_trace_8rxn_stop_risksched085to095_lr1e4_entropy01to005_s1_c1_rnetol_d256_depth3_p20,seed083,83,17,1700,100,16,124.72037328214591,131.33923020268287,122.346347042239,False,max_epochs,78.47599124908447
rl4crn_rne_oscillator_trace_8rxn_stop_risksched085to095_lr1e4_entropy01to005_s1_c1_rnetol_d256_depth3_p20,seed083,83,18,1800,100,16,124.12906282092975,129.96637045812236,122.346347042239,False,max_epochs,83.08578538894653
rl4crn_rne_oscillator_trace_8rxn_stop_risksched085to095_lr1e4_entropy01to005_s1_c1_rnetol_d256_depth3_p20,seed083,83,19,1900,100,16,124.38590600475838,130.22296262072584,122.346347042239,False,max_epochs,88.37858390808105
rl4crn_rne_oscillator_trace_8rxn_stop_risksched085to095_lr1e4_entropy01to005_s1_c1_rnetol_d256_depth3_p20,seed083,83,20,2000,100,16,123.28790029383545,129.58004203231116,122.346347042239,False,max_epochs,92.73476433753967
rl4crn_rne_oscillator_trace_8rxn_stop_risksched085to095_lr1e4_entropy01to005_s1_c1_rnetol_d256_depth3_p20,seed083,83,21,2100,100,16,123.77307648528661,130.66423862841958,122.346347042239,False,max_epochs,97.45467615127563
rl4crn_rne_oscillator_trace_8rxn_stop_risksched085to095_lr1e4_entropy01to005_s1_c1_rnetol_d256_depth3_p20,seed083,83,22,2200,100,16,123.4194753057003,129.07748354074727,122.346347042239,False,max_epochs,100.7350664138794
rl4crn_rne_oscillator_trace_8rxn_stop_risksched085to095_lr1e4_entropy01to005_s1_c1_rnetol_d256_depth3_p20,seed083,83,23,2300,100,16,123.08794595052652,128.60933444699936,122.346347042239,False,max_epochs,104.20492792129517
rl4crn_rne_oscillator_trace_8rxn_stop_risksched085to095_lr1e4_entropy01to005_s1_c1_rnetol_d256_depth3_p20,seed083,83,24,2400,100,16,122.72562859443832,127.72632506253466,122.346347042239,False,max_epochs,108.84432005882263
rl4crn_rne_oscillator_trace_8rxn_stop_risksched085to095_lr1e4_entropy01to005_s1_c1_rnetol_d256_depth3_p20,seed083,83,25,2500,100,16,122.24873225250684,128.48489753060096,122.24873225250684,False,max_epochs,114.2585346698761
rl4crn_rne_oscillator_trace_8rxn_stop_risksched085to095_lr1e4_entropy01to005_s1_c1_rnetol_d256_depth3_p20,seed083,83,26,2600,100,16,121.48188013156764,126.54693675440274,121.48188013156764,False,max_epochs,119.04288101196289
rl4crn_rne_oscillator_trace_8rxn_stop_risksched085to095_lr1e4_entropy01to005_s1_c1_rnetol_d256_depth3_p20,seed083,83,27,2700,100,16,121.76936773955201,126.9964690511145,121.48188013156764,False,max_epochs,124.49325776100159
rl4crn_rne_oscillator_trace_8rxn_stop_risksched085to095_lr1e4_entropy01to005_s1_c1_rnetol_d256_depth3_p20,seed083,83,28,2800,100,16,120.99062485575453,126.3641847899539,120.99062485575453,False,max_epochs,129.18894624710083
rl4crn_rne_oscillator_trace_8rxn_stop_risksched085to095_lr1e4_entropy01to005_s1_c1_rnetol_d256_depth3_p20,seed083,83,29,2900,100,16,122.33865619981572,126.30781325671015,120.99062485575453,False,max_epochs,134.10087251663208
rl4crn_rne_oscillator_trace_8rxn_stop_risksched085to095_lr1e4_entropy01to005_s1_c1_rnetol_d256_depth3_p20,seed083,83,30,3000,100,16,121.08657405616613,126.925431247668,120.99062485575453,False,max_epochs,138.9525647163391
rl4crn_rne_oscillator_trace_8rxn_stop_risksched085to095_lr1e4_entropy01to005_s1_c1_rnetol_d256_depth3_p20,seed083,83,31,3100,100,16,121.6203292995551,126.84135953901776,120.99062485575453,False,max_epochs,143.3829836845398
rl4crn_rne_oscillator_trace_8rxn_stop_risksched085to095_lr1e4_entropy01to005_s1_c1_rnetol_d256_depth3_p20,seed083,83,32,3200,100,16,121.88966782480114,129.7852173023714,120.99062485575453,False,max_epochs,147.6906337738037
rl4crn_rne_oscillator_trace_8rxn_stop_risksched085to095_lr1e4_entropy01to005_s1_c1_rnetol_d256_depth3_p20,seed083,83,33,3300,100,16,120.66349356027021,126.61950280605934,120.66349356027021,False,max_epochs,150.0467917919159
rl4crn_rne_oscillator_trace_8rxn_stop_risksched085to095_lr1e4_entropy01to005_s1_c1_rnetol_d256_depth3_p20,seed083,83,34,3400,100,16,121.47392823998184,126.4605016557085,120.66349356027021,False,max_epochs,154.40077948570251
rl4crn_rne_oscillator_trace_8rxn_stop_risksched085to095_lr1e4_entropy01to005_s1_c1_rnetol_d256_depth3_p20,seed083,83,35,3500,100,16,122.18034980257296,127.1051332893515,120.66349356027021,False,max_epochs,159.06476593017578
rl4crn_rne_oscillator_trace_8rxn_stop_risksched085to095_lr1e4_entropy01to005_s1_c1_rnetol_d256_depth3_p20,seed083,83,36,3600,100,16,120.93446089567956,126.47957958845453,120.66349356027021,False,max_epochs,163.67098331451416
rl4crn_rne_oscillator_trace_8rxn_stop_risksched085to095_lr1e4_entropy01to005_s1_c1_rnetol_d256_depth3_p20,seed083,83,37,3700,100,16,120.8448225059952,126.51285436776921,120.66349356027021,False,max_epochs,168.32444024085999
rl4crn_rne_oscillator_trace_8rxn_stop_risksched085to095_lr1e4_entropy01to005_s1_c1_rnetol_d256_depth3_p20,seed083,83,38,3800,100,16,121.3359477006279,125.69562617205148,120.66349356027021,False,max_epochs,170.56742906570435
rl4crn_rne_oscillator_trace_8rxn_stop_risksched085to095_lr1e4_entropy01to005_s1_c1_rnetol_d256_depth3_p20,seed083,83,39,3900,100,16,120.81664163576386,126.04407641326344,120.66349356027021,False,max_epochs,174.7579424381256
rl4crn_rne_oscillator_trace_8rxn_stop_risksched085to095_lr1e4_entropy01to005_s1_c1_rnetol_d256_depth3_p20,seed083,83,40,4000,100,16,121.73899105200053,130.30946398563444,120.66349356027021,False,max_epochs,180.0606336593628
rl4crn_rne_oscillator_trace_8rxn_stop_risksched085to095_lr1e4_entropy01to005_s1_c1_rnetol_d256_depth3_p20,seed083,83,41,4100,100,16,120.94270909047306,127.48060918752066,120.66349356027021,False,max_epochs,184.70878434181213
rl4crn_rne_oscillator_trace_8rxn_stop_risksched085to095_lr1e4_entropy01to005_s1_c1_rnetol_d256_depth3_p20,seed083,83,42,4200,100,16,120.71527929330006,127.66437604693091,120.66349356027021,False,max_epochs,190.0122194290161
rl4crn_rne_oscillator_trace_8rxn_stop_risksched085to095_lr1e4_entropy01to005_s1_c1_rnetol_d256_depth3_p20,seed083,83,43,4300,100,16,120.82751171444288,128.5891846905209,120.66349356027021,False,max_epochs,194.9341905117035
rl4crn_rne_oscillator_trace_8rxn_stop_risksched085to095_lr1e4_entropy01to005_s1_c1_rnetol_d256_depth3_p20,seed083,83,44,4400,100,16,120.51884164497524,128.51254127899978,120.51884164497524,False,max_epochs,200.34297704696655
rl4crn_rne_oscillator_trace_8rxn_stop_risksched085to095_lr1e4_entropy01to005_s1_c1_rnetol_d256_depth3_p20,seed083,83,45,4500,100,16,121.00168594423613,126.20325673975933,120.51884164497524,False,max_epochs,204.72468614578247
rl4crn_rne_oscillator_trace_8rxn_stop_risksched085to095_lr1e4_entropy01to005_s1_c1_rnetol_d256_depth3_p20,seed083,83,46,4600,100,16,120.65355928704244,128.73789004494813,120.51884164497524,False,max_epochs,209.8305766582489
rl4crn_rne_oscillator_trace_8rxn_stop_risksched085to095_lr1e4_entropy01to005_s1_c1_rnetol_d256_depth3_p20,seed083,83,47,4700,100,16,120.52099226034366,127.62104642467975,120.51884164497524,False,max_epochs,214.65661787986755
rl4crn_rne_oscillator_trace_8rxn_stop_risksched085to095_lr1e4_entropy01to005_s1_c1_rnetol_d256_depth3_p20,seed083,83,48,4800,100,16,120.88133635375587,128.0594360674744,120.51884164497524,False,max_epochs,219.56466054916382
rl4crn_rne_oscillator_trace_8rxn_stop_risksched085to095_lr1e4_entropy01to005_s1_c1_rnetol_d256_depth3_p20,seed083,83,49,4900,100,16,120.77836402245771,127.50770475057081,120.51884164497524,False,max_epochs,224.1107316017151
rl4crn_rne_oscillator_trace_8rxn_stop_risksched085to095_lr1e4_entropy01to005_s1_c1_rnetol_d256_depth3_p20,seed083,83,50,5000,100,16,120.8662261321705,128.1442110661274,120.51884164497524,False,max_epochs,228.812273979187
rl4crn_rne_oscillator_trace_8rxn_stop_risksched085to095_lr1e4_entropy01to005_s1_c1_rnetol_d256_depth3_p20,seed083,83,51,5100,100,16,120.90556534284163,127.04238971198964,120.51884164497524,False,max_epochs,233.16353106498718
rl4crn_rne_oscillator_trace_8rxn_stop_risksched085to095_lr1e4_entropy01to005_s1_c1_rnetol_d256_depth3_p20,seed083,83,52,5200,100,16,120.82774274229334,132.6418963947071,120.51884164497524,False,max_epochs,235.30945825576782
rl4crn_rne_oscillator_trace_8rxn_stop_risksched085to095_lr1e4_entropy01to005_s1_c1_rnetol_d256_depth3_p20,seed083,83,53,5300,100,16,120.28086856899434,130.21522181163144,120.28086856899434,False,max_epochs,240.07052493095398
rl4crn_rne_oscillator_trace_8rxn_stop_risksched085to095_lr1e4_entropy01to005_s1_c1_rnetol_d256_depth3_p20,seed083,83,54,5400,100,16,121.70059370322984,131.90517456602083,120.28086856899434,False,max_epochs,244.95873188972473
rl4crn_rne_oscillator_trace_8rxn_stop_risksched085to095_lr1e4_entropy01to005_s1_c1_rnetol_d256_depth3_p20,seed083,83,55,5500,100,16,120.09704756892643,127.30199049635544,120.09704756892643,False,max_epochs,250.2568392753601
rl4crn_rne_oscillator_trace_8rxn_stop_risksched085to095_lr1e4_entropy01to005_s1_c1_rnetol_d256_depth3_p20,seed083,83,56,5600,100,16,120.49908841742764,131.39513461070393,120.09704756892643,False,max_epochs,255.65627479553223
rl4crn_rne_oscillator_trace_8rxn_stop_risksched085to095_lr1e4_entropy01to005_s1_c1_rnetol_d256_depth3_p20,seed083,83,57,5700,100,16,120.80686941502344,136.6985539383638,120.09704756892643,False,max_epochs,260.4582235813141
rl4crn_rne_oscillator_trace_8rxn_stop_risksched085to095_lr1e4_entropy01to005_s1_c1_rnetol_d256_depth3_p20,seed083,83,58,5800,100,16,119.38831022367532,134.22624908935836,119.38831022367532,False,max_epochs,265.4648072719574
rl4crn_rne_oscillator_trace_8rxn_stop_risksched085to095_lr1e4_entropy01to005_s1_c1_rnetol_d256_depth3_p20,seed083,83,59,5900,100,16,118.86881735256632,136.9798898480988,118.86881735256632,False,max_epochs,270.3660931587219
rl4crn_rne_oscillator_trace_8rxn_stop_risksched085to095_lr1e4_entropy01to005_s1_c1_rnetol_d256_depth3_p20,seed083,83,60,6000,100,16,121.31767073097973,137.99983419496286,118.86881735256632,False,max_epochs,274.9353971481323
rl4crn_rne_oscillator_trace_8rxn_stop_risksched085to095_lr1e4_entropy01to005_s1_c1_rnetol_d256_depth3_p20,seed083,83,61,6100,100,16,118.42893857447146,129.31690645188354,118.42893857447146,False,max_epochs,280.4326980113983
rl4crn_rne_oscillator_trace_8rxn_stop_risksched085to095_lr1e4_entropy01to005_s1_c1_rnetol_d256_depth3_p20,seed083,83,62,6200,100,16,119.98874659718136,132.26888968870617,118.42893857447146,False,max_epochs,285.44335889816284
rl4crn_rne_oscillator_trace_8rxn_stop_risksched085to095_lr1e4_entropy01to005_s1_c1_rnetol_d256_depth3_p20,seed083,83,63,6300,100,16,116.8971357618448,129.13884431900163,116.8971357618448,False,max_epochs,290.21394324302673
rl4crn_rne_oscillator_trace_8rxn_stop_risksched085to095_lr1e4_entropy01to005_s1_c1_rnetol_d256_depth3_p20,seed083,83,64,6400,100,16,116.68260655645122,127.15991324130191,116.68260655645122,False,max_epochs,295.2771623134613
rl4crn_rne_oscillator_trace_8rxn_stop_risksched085to095_lr1e4_entropy01to005_s1_c1_rnetol_d256_depth3_p20,seed083,83,65,6500,100,16,120.65546018894001,129.47147358967692,116.68260655645122,False,max_epochs,299.8918640613556
rl4crn_rne_oscillator_trace_8rxn_stop_risksched085to095_lr1e4_entropy01to005_s1_c1_rnetol_d256_depth3_p20,seed083,83,66,6600,100,16,120.67552068009154,129.55878713839604,116.68260655645122,False,max_epochs,304.37669706344604
rl4crn_rne_oscillator_trace_8rxn_stop_risksched085to095_lr1e4_entropy01to005_s1_c1_rnetol_d256_depth3_p20,seed083,83,67,6700,100,16,117.15861213739188,130.81977319311324,116.68260655645122,False,max_epochs,309.0554060935974
rl4crn_rne_oscillator_trace_8rxn_stop_risksched085to095_lr1e4_entropy01to005_s1_c1_rnetol_d256_depth3_p20,seed083,83,68,6800,100,16,120.15747461359554,128.95394359315276,116.68260655645122,False,max_epochs,311.6676535606384
rl4crn_rne_oscillator_trace_8rxn_stop_risksched085to095_lr1e4_entropy01to005_s1_c1_rnetol_d256_depth3_p20,seed083,83,69,6900,100,16,115.45138494608142,131.2762665626982,115.45138494608142,False,max_epochs,315.5648076534271
rl4crn_rne_oscillator_trace_8rxn_stop_risksched085to095_lr1e4_entropy01to005_s1_c1_rnetol_d256_depth3_p20,seed083,83,70,7000,100,16,117.95660991317239,131.41705786708502,115.45138494608142,False,max_epochs,320.7489564418793
rl4crn_rne_oscillator_trace_8rxn_stop_risksched085to095_lr1e4_entropy01to005_s1_c1_rnetol_d256_depth3_p20,seed083,83,71,7100,100,16,118.57087741925835,134.86201010274448,115.45138494608142,False,max_epochs,325.67360854148865
rl4crn_rne_oscillator_trace_8rxn_stop_risksched085to095_lr1e4_entropy01to005_s1_c1_rnetol_d256_depth3_p20,seed083,83,72,7200,100,16,120.81511703604599,131.71354215518875,115.45138494608142,False,max_epochs,330.5882959365845
rl4crn_rne_oscillator_trace_8rxn_stop_risksched085to095_lr1e4_entropy01to005_s1_c1_rnetol_d256_depth3_p20,seed083,83,73,7300,100,16,116.5125841226478,131.4353214610411,115.45138494608142,False,max_epochs,334.9337954521179
rl4crn_rne_oscillator_trace_8rxn_stop_risksched085to095_lr1e4_entropy01to005_s1_c1_rnetol_d256_depth3_p20,seed083,83,74,7400,100,16,120.30425402749057,130.00490589751723,115.45138494608142,False,max_epochs,339.5148115158081
rl4crn_rne_oscillator_trace_8rxn_stop_risksched085to095_lr1e4_entropy01to005_s1_c1_rnetol_d256_depth3_p20,seed083,83,75,7500,100,16,119.88530540206892,128.2916947935338,115.45138494608142,False,max_epochs,342.5479714870453
rl4crn_rne_oscillator_trace_8rxn_stop_risksched085to095_lr1e4_entropy01to005_s1_c1_rnetol_d256_depth3_p20,seed083,83,76,7600,100,16,120.18587593216941,130.78705896070846,115.45138494608142,False,max_epochs,346.0980613231659
rl4crn_rne_oscillator_trace_8rxn_stop_risksched085to095_lr1e4_entropy01to005_s1_c1_rnetol_d256_depth3_p20,seed083,83,77,7700,100,16,120.51715579532573,129.41723736359296,115.45138494608142,False,max_epochs,350.8788626194
rl4crn_rne_oscillator_trace_8rxn_stop_risksched085to095_lr1e4_entropy01to005_s1_c1_rnetol_d256_depth3_p20,seed083,83,78,7800,100,16,119.89676454668079,128.9132411673454,115.45138494608142,False,max_epochs,356.1781289577484
rl4crn_rne_oscillator_trace_8rxn_stop_risksched085to095_lr1e4_entropy01to005_s1_c1_rnetol_d256_depth3_p20,seed083,83,79,7900,100,16,119.65720887665819,132.23138708687387,115.45138494608142,False,max_epochs,360.79979181289673
rl4crn_rne_oscillator_trace_8rxn_stop_risksched085to095_lr1e4_entropy01to005_s1_c1_rnetol_d256_depth3_p20,seed083,83,80,8000,100,16,119.23083813162344,129.53900817497365,115.45138494608142,False,max_epochs,366.06667947769165
rl4crn_rne_oscillator_trace_8rxn_stop_risksched085to095_lr1e4_entropy01to005_s1_c1_rnetol_d256_depth3_p20,seed083,83,81,8100,100,16,120.13471086323028,133.88480857416835,115.45138494608142,False,max_epochs,370.4154074192047
rl4crn_rne_oscillator_trace_8rxn_stop_risksched085to095_lr1e4_entropy01to005_s1_c1_rnetol_d256_depth3_p20,seed083,83,82,8200,100,16,117.98945940911595,130.3644097420176,115.45138494608142,False,max_epochs,374.8684539794922
rl4crn_rne_oscillator_trace_8rxn_stop_risksched085to095_lr1e4_entropy01to005_s1_c1_rnetol_d256_depth3_p20,seed083,83,83,8300,100,16,119.46213950856156,131.76688153107466,115.45138494608142,False,max_epochs,378.3406937122345
rl4crn_rne_oscillator_trace_8rxn_stop_risksched085to095_lr1e4_entropy01to005_s1_c1_rnetol_d256_depth3_p20,seed083,83,84,8400,100,16,117.802106845635,129.0871175363514,115.45138494608142,False,max_epochs,381.49098682403564
rl4crn_rne_oscillator_trace_8rxn_stop_risksched085to095_lr1e4_entropy01to005_s1_c1_rnetol_d256_depth3_p20,seed083,83,85,8500,100,16,120.75876136410433,130.64383885259977,115.45138494608142,False,max_epochs,386.3859770298004
rl4crn_rne_oscillator_trace_8rxn_stop_risksched085to095_lr1e4_entropy01to005_s1_c1_rnetol_d256_depth3_p20,seed083,83,86,8600,100,16,118.66341182719471,129.10753411464628,115.45138494608142,False,max_epochs,391.2130825519562
rl4crn_rne_oscillator_trace_8rxn_stop_risksched085to095_lr1e4_entropy01to005_s1_c1_rnetol_d256_depth3_p20,seed083,83,87,8700,100,16,118.97858552219964,127.74111982108491,115.45138494608142,False,max_epochs,396.22425270080566
rl4crn_rne_oscillator_trace_8rxn_stop_risksched085to095_lr1e4_entropy01to005_s1_c1_rnetol_d256_depth3_p20,seed083,83,88,8800,100,16,118.94567459616353,128.79982094238983,115.45138494608142,False,max_epochs,400.69243121147156
rl4crn_rne_oscillator_trace_8rxn_stop_risksched085to095_lr1e4_entropy01to005_s1_c1_rnetol_d256_depth3_p20,seed083,83,89,8900,100,16,118.4433686118627,131.00186453796658,115.45138494608142,False,max_epochs,405.4023938179016
rl4crn_rne_oscillator_trace_8rxn_stop_risksched085to095_lr1e4_entropy01to005_s1_c1_rnetol_d256_depth3_p20,seed083,83,90,9000,100,16,116.54972236562774,133.60674318548573,115.45138494608142,False,max_epochs,408.1158125400543
rl4crn_rne_oscillator_trace_8rxn_stop_risksched085to095_lr1e4_entropy01to005_s1_c1_rnetol_d256_depth3_p20,seed083,83,91,9100,100,16,117.4653917639865,130.92947409505817,115.45138494608142,False,max_epochs,411.93860721588135
rl4crn_rne_oscillator_trace_8rxn_stop_risksched085to095_lr1e4_entropy01to005_s1_c1_rnetol_d256_depth3_p20,seed083,83,92,9200,100,16,116.38330114064826,136.28266498897108,115.45138494608142,False,max_epochs,416.8959639072418
rl4crn_rne_oscillator_trace_8rxn_stop_risksched085to095_lr1e4_entropy01to005_s1_c1_rnetol_d256_depth3_p20,seed083,83,93,9300,100,16,120.1921098016215,128.71970759841616,115.45138494608142,False,max_epochs,421.8607099056244
rl4crn_rne_oscillator_trace_8rxn_stop_risksched085to095_lr1e4_entropy01to005_s1_c1_rnetol_d256_depth3_p20,seed083,83,94,9400,100,16,120.12667714071573,129.83830517897883,115.45138494608142,False,max_epochs,426.15443563461304
rl4crn_rne_oscillator_trace_8rxn_stop_risksched085to095_lr1e4_entropy01to005_s1_c1_rnetol_d256_depth3_p20,seed083,83,95,9500,100,16,120.02981934149388,129.2732260567767,115.45138494608142,False,max_epochs,430.6056754589081
rl4crn_rne_oscillator_trace_8rxn_stop_risksched085to095_lr1e4_entropy01to005_s1_c1_rnetol_d256_depth3_p20,seed083,83,96,9600,100,16,120.02258598224275,126.5426354460099,115.45138494608142,False,max_epochs,434.3224678039551
rl4crn_rne_oscillator_trace_8rxn_stop_risksched085to095_lr1e4_entropy01to005_s1_c1_rnetol_d256_depth3_p20,seed083,83,97,9700,100,16,119.88610916667679,128.85477850446588,115.45138494608142,False,max_epochs,437.47985339164734
rl4crn_rne_oscillator_trace_8rxn_stop_risksched085to095_lr1e4_entropy01to005_s1_c1_rnetol_d256_depth3_p20,seed083,83,98,9800,100,16,118.7338886406642,127.39412828192535,115.45138494608142,False,max_epochs,442.24528455734253
rl4crn_rne_oscillator_trace_8rxn_stop_risksched085to095_lr1e4_entropy01to005_s1_c1_rnetol_d256_depth3_p20,seed083,83,99,9900,100,16,120.01422226806591,128.26262268418816,115.45138494608142,False,max_epochs,447.57334327697754
rl4crn_rne_oscillator_trace_8rxn_stop_risksched085to095_lr1e4_entropy01to005_s1_c1_rnetol_d256_depth3_p20,seed083,83,100,10000,100,16,120.0287456116852,132.14328778082285,115.45138494608142,False,max_epochs,452.2860813140869
rl4crn_rne_oscillator_trace_8rxn_stop_risksched085to095_lr1e4_entropy01to005_s1_c1_rnetol_d256_depth3_p20,seed083,83,101,10100,100,16,118.43672299346,134.61937483050588,115.45138494608142,False,max_epochs,457.5945522785187
rl4crn_rne_oscillator_trace_8rxn_stop_risksched085to095_lr1e4_entropy01to005_s1_c1_rnetol_d256_depth3_p20,seed083,83,102,10200,100,16,120.24210682358488,131.95924734373665,115.45138494608142,False,max_epochs,462.49314427375793
rl4crn_rne_oscillator_trace_8rxn_stop_risksched085to095_lr1e4_entropy01to005_s1_c1_rnetol_d256_depth3_p20,seed083,83,103,10300,100,16,118.77731924887587,134.17221957763633,115.45138494608142,False,max_epochs,467.8129529953003
rl4crn_rne_oscillator_trace_8rxn_stop_risksched085to095_lr1e4_entropy01to005_s1_c1_rnetol_d256_depth3_p20,seed083,83,104,10400,100,16,119.60921855627778,133.78723267471975,115.45138494608142,False,max_epochs,472.6843888759613
rl4crn_rne_oscillator_trace_8rxn_stop_risksched085to095_lr1e4_entropy01to005_s1_c1_rnetol_d256_depth3_p20,seed083,83,105,10500,100,16,118.87990637926761,131.81011603855703,115.45138494608142,False,max_epochs,478.07861042022705
rl4crn_rne_oscillator_trace_8rxn_stop_risksched085to095_lr1e4_entropy01to005_s1_c1_rnetol_d256_depth3_p20,seed083,83,106,10600,100,16,118.5875254734501,132.83797664893513,115.45138494608142,False,max_epochs,482.86840415000916
rl4crn_rne_oscillator_trace_8rxn_stop_risksched085to095_lr1e4_entropy01to005_s1_c1_rnetol_d256_depth3_p20,seed083,83,107,10700,100,16,119.96613463329557,130.07888062467947,115.45138494608142,False,max_epochs,488.19963479042053
rl4crn_rne_oscillator_trace_8rxn_stop_risksched085to095_lr1e4_entropy01to005_s1_c1_rnetol_d256_depth3_p20,seed083,83,108,10800,100,16,119.7978885207967,130.4398957453813,115.45138494608142,False,max_epochs,492.8128378391266
rl4crn_rne_oscillator_trace_8rxn_stop_risksched085to095_lr1e4_entropy01to005_s1_c1_rnetol_d256_depth3_p20,seed083,83,109,10900,100,16,116.42935378444223,130.81486367756526,115.45138494608142,False,max_epochs,497.1445198059082
rl4crn_rne_oscillator_trace_8rxn_stop_risksched085to095_lr1e4_entropy01to005_s1_c1_rnetol_d256_depth3_p20,seed083,83,110,11000,100,16,117.19935646605238,129.6519346816533,115.45138494608142,False,max_epochs,501.7279438972473
rl4crn_rne_oscillator_trace_8rxn_stop_risksched085to095_lr1e4_entropy01to005_s1_c1_rnetol_d256_depth3_p20,seed083,83,111,11100,100,16,119.70256974032911,133.89875056665642,115.45138494608142,False,max_epochs,503.8790371417999
rl4crn_rne_oscillator_trace_8rxn_stop_risksched085to095_lr1e4_entropy01to005_s1_c1_rnetol_d256_depth3_p20,seed083,83,112,11200,100,16,120.48180146901356,134.64058863741775,115.45138494608142,False,max_epochs,508.5709249973297
rl4crn_rne_oscillator_trace_8rxn_stop_risksched085to095_lr1e4_entropy01to005_s1_c1_rnetol_d256_depth3_p20,seed083,83,113,11300,100,16,120.21749756881276,131.95086714098122,115.45138494608142,False,max_epochs,513.3881318569183
rl4crn_rne_oscillator_trace_8rxn_stop_risksched085to095_lr1e4_entropy01to005_s1_c1_rnetol_d256_depth3_p20,seed083,83,114,11400,100,16,119.59267373389667,130.88895975117129,115.45138494608142,False,max_epochs,518.3334224224091
rl4crn_rne_oscillator_trace_8rxn_stop_risksched085to095_lr1e4_entropy01to005_s1_c1_rnetol_d256_depth3_p20,seed083,83,115,11500,100,16,118.62199780048552,130.2755644593638,115.45138494608142,False,max_epochs,522.9070193767548
rl4crn_rne_oscillator_trace_8rxn_stop_risksched085to095_lr1e4_entropy01to005_s1_c1_rnetol_d256_depth3_p20,seed083,83,116,11600,100,16,118.38931684468817,131.0589707442714,115.45138494608142,False,max_epochs,527.8473026752472
rl4crn_rne_oscillator_trace_8rxn_stop_risksched085to095_lr1e4_entropy01to005_s1_c1_rnetol_d256_depth3_p20,seed083,83,117,11700,100,16,118.75967966046457,130.6344652670764,115.45138494608142,False,max_epochs,532.4149987697601
rl4crn_rne_oscillator_trace_8rxn_stop_risksched085to095_lr1e4_entropy01to005_s1_c1_rnetol_d256_depth3_p20,seed083,83,118,11800,100,16,116.46391135879007,132.28406732367858,115.45138494608142,False,max_epochs,536.7903552055359
rl4crn_rne_oscillator_trace_8rxn_stop_risksched085to095_lr1e4_entropy01to005_s1_c1_rnetol_d256_depth3_p20,seed083,83,119,11900,100,16,119.26732836218389,128.72874364092166,115.45138494608142,False,max_epochs,538.9446406364441
rl4crn_rne_oscillator_trace_8rxn_stop_risksched085to095_lr1e4_entropy01to005_s1_c1_rnetol_d256_depth3_p20,seed083,83,120,12000,100,16,120.44704207975649,129.54642317126684,115.45138494608142,False,max_epochs,543.4027650356293
rl4crn_rne_oscillator_trace_8rxn_stop_risksched085to095_lr1e4_entropy01to005_s1_c1_rnetol_d256_depth3_p20,seed083,83,121,12100,100,16,120.5413299389104,130.5717501841585,115.45138494608142,False,max_epochs,547.8117027282715
rl4crn_rne_oscillator_trace_8rxn_stop_risksched085to095_lr1e4_entropy01to005_s1_c1_rnetol_d256_depth3_p20,seed083,83,122,12200,100,16,119.35540360028855,133.58679032196696,115.45138494608142,False,max_epochs,552.1341123580933
rl4crn_rne_oscillator_trace_8rxn_stop_risksched085to095_lr1e4_entropy01to005_s1_c1_rnetol_d256_depth3_p20,seed083,83,123,12300,100,16,120.18744493657937,130.18566550228763,115.45138494608142,False,max_epochs,556.7331268787384
rl4crn_rne_oscillator_trace_8rxn_stop_risksched085to095_lr1e4_entropy01to005_s1_c1_rnetol_d256_depth3_p20,seed083,83,124,12400,100,16,116.22921201963337,132.16331489117772,115.45138494608142,False,max_epochs,559.0067768096924
rl4crn_rne_oscillator_trace_8rxn_stop_risksched085to095_lr1e4_entropy01to005_s1_c1_rnetol_d256_depth3_p20,seed083,83,125,12500,100,16,118.57423495423141,130.65630710863394,115.45138494608142,False,max_epochs,563.2159082889557
rl4crn_rne_oscillator_trace_8rxn_stop_risksched085to095_lr1e4_entropy01to005_s1_c1_rnetol_d256_depth3_p20,seed083,83,126,12600,100,16,118.3720350979682,133.19227550205233,115.45138494608142,False,max_epochs,568.417811870575
rl4crn_rne_oscillator_trace_8rxn_stop_risksched085to095_lr1e4_entropy01to005_s1_c1_rnetol_d256_depth3_p20,seed083,83,127,12700,100,16,118.59003807004127,133.87887446351618,115.45138494608142,False,max_epochs,573.31689453125
rl4crn_rne_oscillator_trace_8rxn_stop_risksched085to095_lr1e4_entropy01to005_s1_c1_rnetol_d256_depth3_p20,seed083,83,128,12800,100,16,113.99879216627954,131.9612614317202,113.99879216627954,False,max_epochs,578.1160709857941
rl4crn_rne_oscillator_trace_8rxn_stop_risksched085to095_lr1e4_entropy01to005_s1_c1_rnetol_d256_depth3_p20,seed083,83,129,12900,100,16,119.74540397121743,126.09104817813136,113.99879216627954,False,max_epochs,582.7433905601501
rl4crn_rne_oscillator_trace_8rxn_stop_risksched085to095_lr1e4_entropy01to005_s1_c1_rnetol_d256_depth3_p20,seed083,83,130,13000,100,16,116.69892928414126,130.0459581430748,113.99879216627954,False,max_epochs,587.2688694000244
rl4crn_rne_oscillator_trace_8rxn_stop_risksched085to095_lr1e4_entropy01to005_s1_c1_rnetol_d256_depth3_p20,seed083,83,131,13100,100,16,119.51285691592338,130.94842058721014,113.99879216627954,False,max_epochs,591.6862494945526
rl4crn_rne_oscillator_trace_8rxn_stop_risksched085to095_lr1e4_entropy01to005_s1_c1_rnetol_d256_depth3_p20,seed083,83,132,13200,100,16,119.73435191250115,133.00043119630877,113.99879216627954,False,max_epochs,593.8264911174774
rl4crn_rne_oscillator_trace_8rxn_stop_risksched085to095_lr1e4_entropy01to005_s1_c1_rnetol_d256_depth3_p20,seed083,83,133,13300,100,16,120.2542482853328,131.47157584520303,113.99879216627954,False,max_epochs,597.9988842010498
rl4crn_rne_oscillator_trace_8rxn_stop_risksched085to095_lr1e4_entropy01to005_s1_c1_rnetol_d256_depth3_p20,seed083,83,134,13400,100,16,116.8540300070197,132.70816726183543,113.99879216627954,False,max_epochs,603.0840320587158
rl4crn_rne_oscillator_trace_8rxn_stop_risksched085to095_lr1e4_entropy01to005_s1_c1_rnetol_d256_depth3_p20,seed083,83,135,13500,100,16,119.82376656123267,128.33336562179835,113.99879216627954,False,max_epochs,607.8929340839386
rl4crn_rne_oscillator_trace_8rxn_stop_risksched085to095_lr1e4_entropy01to005_s1_c1_rnetol_d256_depth3_p20,seed083,83,136,13600,100,16,118.56781391532704,128.71053050469754,113.99879216627954,False,max_epochs,612.3657689094543
rl4crn_rne_oscillator_trace_8rxn_stop_risksched085to095_lr1e4_entropy01to005_s1_c1_rnetol_d256_depth3_p20,seed083,83,137,13700,100,16,119.57075221306023,130.70547727074518,113.99879216627954,False,max_epochs,617.0206377506256
rl4crn_rne_oscillator_trace_8rxn_stop_risksched085to095_lr1e4_entropy01to005_s1_c1_rnetol_d256_depth3_p20,seed083,83,138,13800,100,16,113.81606639790213,130.48569342122266,113.81606639790213,False,max_epochs,619.1388142108917
rl4crn_rne_oscillator_trace_8rxn_stop_risksched085to095_lr1e4_entropy01to005_s1_c1_rnetol_d256_depth3_p20,seed083,83,139,13900,100,16,117.81628790751296,129.81120452198803,113.81606639790213,False,max_epochs,623.3174784183502
rl4crn_rne_oscillator_trace_8rxn_stop_risksched085to095_lr1e4_entropy01to005_s1_c1_rnetol_d256_depth3_p20,seed083,83,140,14000,100,16,116.02550379336125,128.89848085126727,113.81606639790213,False,max_epochs,628.0459551811218
rl4crn_rne_oscillator_trace_8rxn_stop_risksched085to095_lr1e4_entropy01to005_s1_c1_rnetol_d256_depth3_p20,seed083,83,141,14100,100,16,119.62102960128021,127.27658843608862,113.81606639790213,False,max_epochs,632.6823065280914
rl4crn_rne_oscillator_trace_8rxn_stop_risksched085to095_lr1e4_entropy01to005_s1_c1_rnetol_d256_depth3_p20,seed083,83,142,14200,100,16,118.97891063669155,125.39297609795196,113.81606639790213,False,max_epochs,637.1343820095062
rl4crn_rne_oscillator_trace_8rxn_stop_risksched085to095_lr1e4_entropy01to005_s1_c1_rnetol_d256_depth3_p20,seed083,83,143,14300,100,16,113.87218367383835,128.53015256136268,113.81606639790213,False,max_epochs,641.3975682258606
rl4crn_rne_oscillator_trace_8rxn_stop_risksched085to095_lr1e4_entropy01to005_s1_c1_rnetol_d256_depth3_p20,seed083,83,144,14400,100,16,117.9954443963113,127.94830069528899,113.81606639790213,False,max_epochs,643.8650934696198
rl4crn_rne_oscillator_trace_8rxn_stop_risksched085to095_lr1e4_entropy01to005_s1_c1_rnetol_d256_depth3_p20,seed083,83,145,14500,100,16,117.73776162535141,127.95667674329238,113.81606639790213,False,max_epochs,648.4925329685211
rl4crn_rne_oscillator_trace_8rxn_stop_risksched085to095_lr1e4_entropy01to005_s1_c1_rnetol_d256_depth3_p20,seed083,83,146,14600,100,16,120.06786757275722,130.0234193349679,113.81606639790213,False,max_epochs,653.2751545906067
rl4crn_rne_oscillator_trace_8rxn_stop_risksched085to095_lr1e4_entropy01to005_s1_c1_rnetol_d256_depth3_p20,seed083,83,147,14700,100,16,117.16665943138295,130.05850073223777,113.81606639790213,False,max_epochs,658.312931060791
rl4crn_rne_oscillator_trace_8rxn_stop_risksched085to095_lr1e4_entropy01to005_s1_c1_rnetol_d256_depth3_p20,seed083,83,148,14800,100,16,116.53518521631328,128.9301944025168,113.81606639790213,False,max_epochs,662.7960045337677
rl4crn_rne_oscillator_trace_8rxn_stop_risksched085to095_lr1e4_entropy01to005_s1_c1_rnetol_d256_depth3_p20,seed083,83,149,14900,100,16,118.06809841634605,127.64242680110459,113.81606639790213,False,max_epochs,666.9527683258057
rl4crn_rne_oscillator_trace_8rxn_stop_risksched085to095_lr1e4_entropy01to005_s1_c1_rnetol_d256_depth3_p20,seed083,83,150,15000,100,16,118.9296053420576,127.12871824540775,113.81606639790213,False,max_epochs,669.3546118736267
rl4crn_rne_oscillator_trace_8rxn_stop_risksched085to095_lr1e4_entropy01to005_s1_c1_rnetol_d256_depth3_p20,seed083,83,151,15100,100,16,116.20615348074527,128.93485854466059,113.81606639790213,False,max_epochs,674.5908570289612
rl4crn_rne_oscillator_trace_8rxn_stop_risksched085to095_lr1e4_entropy01to005_s1_c1_rnetol_d256_depth3_p20,seed083,83,152,15200,100,16,114.36516376705632,131.2146647340403,113.81606639790213,False,max_epochs,679.3613498210907
rl4crn_rne_oscillator_trace_8rxn_stop_risksched085to095_lr1e4_entropy01to005_s1_c1_rnetol_d256_depth3_p20,seed083,83,153,15300,100,16,119.11285856513273,130.21331003139193,113.81606639790213,False,max_epochs,684.7854199409485
rl4crn_rne_oscillator_trace_8rxn_stop_risksched085to095_lr1e4_entropy01to005_s1_c1_rnetol_d256_depth3_p20,seed083,83,154,15400,100,16,115.11717520220719,127.08861255376624,113.81606639790213,False,max_epochs,689.503564119339
rl4crn_rne_oscillator_trace_8rxn_stop_risksched085to095_lr1e4_entropy01to005_s1_c1_rnetol_d256_depth3_p20,seed083,83,155,15500,100,16,118.31371503221919,127.82439843390247,113.81606639790213,False,max_epochs,694.0723948478699
rl4crn_rne_oscillator_trace_8rxn_stop_risksched085to095_lr1e4_entropy01to005_s1_c1_rnetol_d256_depth3_p20,seed083,83,156,15600,100,16,116.1228548087076,124.52758210169642,113.81606639790213,False,max_epochs,698.5977473258972
rl4crn_rne_oscillator_trace_8rxn_stop_risksched085to095_lr1e4_entropy01to005_s1_c1_rnetol_d256_depth3_p20,seed083,83,157,15700,100,16,116.20559741164874,127.95645350413722,113.81606639790213,False,max_epochs,701.9468410015106
rl4crn_rne_oscillator_trace_8rxn_stop_risksched085to095_lr1e4_entropy01to005_s1_c1_rnetol_d256_depth3_p20,seed083,83,158,15800,100,16,115.46538489127794,130.32479946603638,113.81606639790213,False,max_epochs,705.1429769992828
rl4crn_rne_oscillator_trace_8rxn_stop_risksched085to095_lr1e4_entropy01to005_s1_c1_rnetol_d256_depth3_p20,seed083,83,159,15900,100,16,116.04473421835219,127.45847873607883,113.81606639790213,False,max_epochs,710.2322919368744
rl4crn_rne_oscillator_trace_8rxn_stop_risksched085to095_lr1e4_entropy01to005_s1_c1_rnetol_d256_depth3_p20,seed083,83,160,16000,100,16,115.1137864797071,128.68669039647736,113.81606639790213,False,max_epochs,714.8978204727173
rl4crn_rne_oscillator_trace_8rxn_stop_risksched085to095_lr1e4_entropy01to005_s1_c1_rnetol_d256_depth3_p20,seed083,83,161,16100,100,16,119.04378405566027,128.24727734988022,113.81606639790213,False,max_epochs,719.8205950260162
rl4crn_rne_oscillator_trace_8rxn_stop_risksched085to095_lr1e4_entropy01to005_s1_c1_rnetol_d256_depth3_p20,seed083,83,162,16200,100,16,114.98755797164398,126.39547930417808,113.81606639790213,False,max_epochs,724.3660337924957
rl4crn_rne_oscillator_trace_8rxn_stop_risksched085to095_lr1e4_entropy01to005_s1_c1_rnetol_d256_depth3_p20,seed083,83,163,16300,100,16,115.56824300376397,125.71004853797328,113.81606639790213,False,max_epochs,729.0006036758423
rl4crn_rne_oscillator_trace_8rxn_stop_risksched085to095_lr1e4_entropy01to005_s1_c1_rnetol_d256_depth3_p20,seed083,83,164,16400,100,16,113.72078589261342,127.73561248740077,113.72078589261342,False,max_epochs,731.1003615856171
rl4crn_rne_oscillator_trace_8rxn_stop_risksched085to095_lr1e4_entropy01to005_s1_c1_rnetol_d256_depth3_p20,seed083,83,165,16500,100,16,113.10229244781742,129.56400547354326,113.10229244781742,False,max_epochs,735.8261466026306
rl4crn_rne_oscillator_trace_8rxn_stop_risksched085to095_lr1e4_entropy01to005_s1_c1_rnetol_d256_depth3_p20,seed083,83,166,16600,100,16,116.56304331078293,131.41781004294688,113.10229244781742,False,max_epochs,740.4717202186584
rl4crn_rne_oscillator_trace_8rxn_stop_risksched085to095_lr1e4_entropy01to005_s1_c1_rnetol_d256_depth3_p20,seed083,83,167,16700,100,16,118.13308530394445,129.07021990541782,113.10229244781742,False,max_epochs,745.6954956054688
rl4crn_rne_oscillator_trace_8rxn_stop_risksched085to095_lr1e4_entropy01to005_s1_c1_rnetol_d256_depth3_p20,seed083,83,168,16800,100,16,115.66651064106448,129.24500144034937,113.10229244781742,False,max_epochs,750.6732904911041
rl4crn_rne_oscillator_trace_8rxn_stop_risksched085to095_lr1e4_entropy01to005_s1_c1_rnetol_d256_depth3_p20,seed083,83,169,16900,100,16,110.80732481580664,127.22282764946581,110.80732481580664,False,max_epochs,755.6507334709167
rl4crn_rne_oscillator_trace_8rxn_stop_risksched085to095_lr1e4_entropy01to005_s1_c1_rnetol_d256_depth3_p20,seed083,83,170,17000,100,16,110.90798179500003,125.55448595351523,110.80732481580664,False,max_epochs,760.0101480484009
rl4crn_rne_oscillator_trace_8rxn_stop_risksched085to095_lr1e4_entropy01to005_s1_c1_rnetol_d256_depth3_p20,seed083,83,171,17100,100,16,116.51576351650255,124.84348173792247,110.80732481580664,False,max_epochs,764.5428736209869
rl4crn_rne_oscillator_trace_8rxn_stop_risksched085to095_lr1e4_entropy01to005_s1_c1_rnetol_d256_depth3_p20,seed083,83,172,17200,100,16,106.35548256452839,125.00202009350448,106.35548256452839,False,max_epochs,768.9833059310913
rl4crn_rne_oscillator_trace_8rxn_stop_risksched085to095_lr1e4_entropy01to005_s1_c1_rnetol_d256_depth3_p20,seed083,83,173,17300,100,16,119.49766812931014,125.39750460257446,106.35548256452839,False,max_epochs,773.2534492015839
rl4crn_rne_oscillator_trace_8rxn_stop_risksched085to095_lr1e4_entropy01to005_s1_c1_rnetol_d256_depth3_p20,seed083,83,174,17400,100,16,116.93445018733607,125.19665812459212,106.35548256452839,False,max_epochs,777.8037295341492
rl4crn_rne_oscillator_trace_8rxn_stop_risksched085to095_lr1e4_entropy01to005_s1_c1_rnetol_d256_depth3_p20,seed083,83,175,17500,100,16,115.32835614541541,126.10827708869643,106.35548256452839,False,max_epochs,780.3664093017578
rl4crn_rne_oscillator_trace_8rxn_stop_risksched085to095_lr1e4_entropy01to005_s1_c1_rnetol_d256_depth3_p20,seed083,83,176,17600,100,16,110.91883937629453,126.8649132576841,106.35548256452839,False,max_epochs,784.8961539268494
rl4crn_rne_oscillator_trace_8rxn_stop_risksched085to095_lr1e4_entropy01to005_s1_c1_rnetol_d256_depth3_p20,seed083,83,177,17700,100,16,112.66533201061198,125.76707558830589,106.35548256452839,False,max_epochs,790.0476701259613
rl4crn_rne_oscillator_trace_8rxn_stop_risksched085to095_lr1e4_entropy01to005_s1_c1_rnetol_d256_depth3_p20,seed083,83,178,17800,100,16,116.04566647337332,126.45690394064592,106.35548256452839,False,max_epochs,794.9689335823059
rl4crn_rne_oscillator_trace_8rxn_stop_risksched085to095_lr1e4_entropy01to005_s1_c1_rnetol_d256_depth3_p20,seed083,83,179,17900,100,16,114.50747025857845,127.55862227595671,106.35548256452839,False,max_epochs,799.7187476158142
rl4crn_rne_oscillator_trace_8rxn_stop_risksched085to095_lr1e4_entropy01to005_s1_c1_rnetol_d256_depth3_p20,seed083,83,180,18000,100,16,110.70869705779552,126.2781497566156,106.35548256452839,False,max_epochs,804.7106816768646
rl4crn_rne_oscillator_trace_8rxn_stop_risksched085to095_lr1e4_entropy01to005_s1_c1_rnetol_d256_depth3_p20,seed083,83,181,18100,100,16,114.28222182775973,126.1710354125384,106.35548256452839,False,max_epochs,809.2139675617218
rl4crn_rne_oscillator_trace_8rxn_stop_risksched085to095_lr1e4_entropy01to005_s1_c1_rnetol_d256_depth3_p20,seed083,83,182,18200,100,16,110.75616977102636,127.06957345381574,106.35548256452839,False,max_epochs,813.9332647323608
rl4crn_rne_oscillator_trace_8rxn_stop_risksched085to095_lr1e4_entropy01to005_s1_c1_rnetol_d256_depth3_p20,seed083,83,183,18300,100,16,117.23483500324501,127.73416083810028,106.35548256452839,False,max_epochs,818.3045399188995
rl4crn_rne_oscillator_trace_8rxn_stop_risksched085to095_lr1e4_entropy01to005_s1_c1_rnetol_d256_depth3_p20,seed083,83,184,18400,100,16,107.89119919738249,125.49645115730652,106.35548256452839,False,max_epochs,820.4791984558105
rl4crn_rne_oscillator_trace_8rxn_stop_risksched085to095_lr1e4_entropy01to005_s1_c1_rnetol_d256_depth3_p20,seed083,83,185,18500,100,16,113.74342343792725,126.25831463978294,106.35548256452839,False,max_epochs,825.4641952514648
rl4crn_rne_oscillator_trace_8rxn_stop_risksched085to095_lr1e4_entropy01to005_s1_c1_rnetol_d256_depth3_p20,seed083,83,186,18600,100,16,110.66854876849594,124.92183557060633,106.35548256452839,False,max_epochs,830.3310360908508
rl4crn_rne_oscillator_trace_8rxn_stop_risksched085to095_lr1e4_entropy01to005_s1_c1_rnetol_d256_depth3_p20,seed083,83,187,18700,100,16,108.45059368909263,126.79243456194422,106.35548256452839,False,max_epochs,835.6017830371857
rl4crn_rne_oscillator_trace_8rxn_stop_risksched085to095_lr1e4_entropy01to005_s1_c1_rnetol_d256_depth3_p20,seed083,83,188,18800,100,16,109.54240312115674,127.65469485437578,106.35548256452839,False,max_epochs,840.4938671588898
rl4crn_rne_oscillator_trace_8rxn_stop_risksched085to095_lr1e4_entropy01to005_s1_c1_rnetol_d256_depth3_p20,seed083,83,189,18900,100,16,105.3246605297048,126.92057104235164,105.3246605297048,False,max_epochs,845.3549606800079
rl4crn_rne_oscillator_trace_8rxn_stop_risksched085to095_lr1e4_entropy01to005_s1_c1_rnetol_d256_depth3_p20,seed083,83,190,19000,100,16,109.48055824494962,125.70756585884561,105.3246605297048,False,max_epochs,850.2236623764038
rl4crn_rne_oscillator_trace_8rxn_stop_risksched085to095_lr1e4_entropy01to005_s1_c1_rnetol_d256_depth3_p20,seed083,83,191,19100,100,16,110.1510829880134,125.96536320329241,105.3246605297048,False,max_epochs,854.9399054050446
rl4crn_rne_oscillator_trace_8rxn_stop_risksched085to095_lr1e4_entropy01to005_s1_c1_rnetol_d256_depth3_p20,seed083,83,192,19200,100,16,112.5508937016036,125.07154061820692,105.3246605297048,False,max_epochs,859.4474527835846
rl4crn_rne_oscillator_trace_8rxn_stop_risksched085to095_lr1e4_entropy01to005_s1_c1_rnetol_d256_depth3_p20,seed083,83,193,19300,100,16,105.04181396807283,124.4643495343798,105.04181396807283,False,max_epochs,861.7422399520874
rl4crn_rne_oscillator_trace_8rxn_stop_risksched085to095_lr1e4_entropy01to005_s1_c1_rnetol_d256_depth3_p20,seed083,83,194,19400,100,16,106.79542856391818,125.16270613673478,105.04181396807283,False,max_epochs,866.0525884628296
rl4crn_rne_oscillator_trace_8rxn_stop_risksched085to095_lr1e4_entropy01to005_s1_c1_rnetol_d256_depth3_p20,seed083,83,195,19500,100,16,111.82195221954271,125.82886737072938,105.04181396807283,False,max_epochs,870.9948859214783
rl4crn_rne_oscillator_trace_8rxn_stop_risksched085to095_lr1e4_entropy01to005_s1_c1_rnetol_d256_depth3_p20,seed083,83,196,19600,100,16,111.22290532159583,124.68192611436305,105.04181396807283,False,max_epochs,876.0348355770111
rl4crn_rne_oscillator_trace_8rxn_stop_risksched085to095_lr1e4_entropy01to005_s1_c1_rnetol_d256_depth3_p20,seed083,83,197,19700,100,16,107.56501675526248,124.41397876316353,105.04181396807283,False,max_epochs,880.4181914329529
rl4crn_rne_oscillator_trace_8rxn_stop_risksched085to095_lr1e4_entropy01to005_s1_c1_rnetol_d256_depth3_p20,seed083,83,198,19800,100,16,110.8684459156507,124.9603692582052,105.04181396807283,False,max_epochs,885.1133093833923
rl4crn_rne_oscillator_trace_8rxn_stop_risksched085to095_lr1e4_entropy01to005_s1_c1_rnetol_d256_depth3_p20,seed083,83,199,19900,100,16,102.10269007187932,124.17327118184664,102.10269007187932,False,max_epochs,887.3199093341827
rl4crn_rne_oscillator_trace_8rxn_stop_risksched085to095_lr1e4_entropy01to005_s1_c1_rnetol_d256_depth3_p20,seed083,83,200,20000,100,16,103.60494018207484,123.85964718967048,102.10269007187932,False,max_epochs,891.4489665031433
rl4crn_rne_oscillator_trace_8rxn_stop_risksched085to095_lr1e4_entropy01to005_s1_c1_rnetol_d256_depth3_p20,seed083,83,201,20100,100,16,106.30436493115981,124.37552959686765,102.10269007187932,False,max_epochs,896.8412919044495
rl4crn_rne_oscillator_trace_8rxn_stop_risksched085to095_lr1e4_entropy01to005_s1_c1_rnetol_d256_depth3_p20,seed083,83,202,20200,100,16,109.26074178561663,124.94060141905672,102.10269007187932,False,max_epochs,901.5240588188171
rl4crn_rne_oscillator_trace_8rxn_stop_risksched085to095_lr1e4_entropy01to005_s1_c1_rnetol_d256_depth3_p20,seed083,83,203,20300,100,16,107.89391566930705,123.33310622021224,102.10269007187932,False,max_epochs,906.2802293300629
rl4crn_rne_oscillator_trace_8rxn_stop_risksched085to095_lr1e4_entropy01to005_s1_c1_rnetol_d256_depth3_p20,seed083,83,204,20400,100,16,108.502224058761,124.08482941134056,102.10269007187932,False,max_epochs,911.0560863018036
rl4crn_rne_oscillator_trace_8rxn_stop_risksched085to095_lr1e4_entropy01to005_s1_c1_rnetol_d256_depth3_p20,seed083,83,205,20500,100,16,106.98608066776563,124.76477858609753,102.10269007187932,False,max_epochs,915.3516583442688
rl4crn_rne_oscillator_trace_8rxn_stop_risksched085to095_lr1e4_entropy01to005_s1_c1_rnetol_d256_depth3_p20,seed083,83,206,20600,100,16,104.34012457799615,124.8231296024571,102.10269007187932,False,max_epochs,917.632355928421
rl4crn_rne_oscillator_trace_8rxn_stop_risksched085to095_lr1e4_entropy01to005_s1_c1_rnetol_d256_depth3_p20,seed083,83,207,20700,100,16,113.76164497099768,124.37256766365729,102.10269007187932,False,max_epochs,922.1630973815918
rl4crn_rne_oscillator_trace_8rxn_stop_risksched085to095_lr1e4_entropy01to005_s1_c1_rnetol_d256_depth3_p20,seed083,83,208,20800,100,16,119.1509823619232,124.43182347000199,102.10269007187932,False,max_epochs,926.8584427833557
rl4crn_rne_oscillator_trace_8rxn_stop_risksched085to095_lr1e4_entropy01to005_s1_c1_rnetol_d256_depth3_p20,seed083,83,209,20900,100,16,98.2079891531267,126.12448327448352,98.2079891531267,False,max_epochs,932.2493259906769
rl4crn_rne_oscillator_trace_8rxn_stop_risksched085to095_lr1e4_entropy01to005_s1_c1_rnetol_d256_depth3_p20,seed083,83,210,21000,100,16,105.3619655610375,124.41193549752452,98.2079891531267,False,max_epochs,937.0247583389282
rl4crn_rne_oscillator_trace_8rxn_stop_risksched085to095_lr1e4_entropy01to005_s1_c1_rnetol_d256_depth3_p20,seed083,83,211,21100,100,16,96.04063985940076,125.37200388338334,96.04063985940076,False,max_epochs,942.2192666530609
rl4crn_rne_oscillator_trace_8rxn_stop_risksched085to095_lr1e4_entropy01to005_s1_c1_rnetol_d256_depth3_p20,seed083,83,212,21200,100,16,101.22291220786047,124.78245546461781,96.04063985940076,False,max_epochs,946.5941128730774
rl4crn_rne_oscillator_trace_8rxn_stop_risksched085to095_lr1e4_entropy01to005_s1_c1_rnetol_d256_depth3_p20,seed083,83,213,21300,100,16,95.48719238216637,125.39867856160112,95.48719238216637,False,max_epochs,951.2562966346741
rl4crn_rne_oscillator_trace_8rxn_stop_risksched085to095_lr1e4_entropy01to005_s1_c1_rnetol_d256_depth3_p20,seed083,83,214,21400,100,16,95.95964839036158,125.5296787611399,95.48719238216637,False,max_epochs,955.8186311721802
rl4crn_rne_oscillator_trace_8rxn_stop_risksched085to095_lr1e4_entropy01to005_s1_c1_rnetol_d256_depth3_p20,seed083,83,215,21500,100,16,102.14218919164597,125.8796034129164,95.48719238216637,False,max_epochs,957.9214360713959
rl4crn_rne_oscillator_trace_8rxn_stop_risksched085to095_lr1e4_entropy01to005_s1_c1_rnetol_d256_depth3_p20,seed083,83,216,21600,100,16,97.06517100441994,125.31582084567336,95.48719238216637,False,max_epochs,962.9027855396271
rl4crn_rne_oscillator_trace_8rxn_stop_risksched085to095_lr1e4_entropy01to005_s1_c1_rnetol_d256_depth3_p20,seed083,83,217,21700,100,16,104.79173740163529,126.79785123351681,95.48719238216637,False,max_epochs,968.1590838432312
rl4crn_rne_oscillator_trace_8rxn_stop_risksched085to095_lr1e4_entropy01to005_s1_c1_rnetol_d256_depth3_p20,seed083,83,218,21800,100,16,97.0040483569444,127.05176726587705,95.48719238216637,False,max_epochs,972.7956373691559
rl4crn_rne_oscillator_trace_8rxn_stop_risksched085to095_lr1e4_entropy01to005_s1_c1_rnetol_d256_depth3_p20,seed083,83,219,21900,100,16,91.45839082113471,127.10108537993106,91.45839082113471,False,max_epochs,978.2322399616241
rl4crn_rne_oscillator_trace_8rxn_stop_risksched085to095_lr1e4_entropy01to005_s1_c1_rnetol_d256_depth3_p20,seed083,83,220,22000,100,16,103.9608366654283,125.66496289022152,91.45839082113471,False,max_epochs,982.9588696956635
rl4crn_rne_oscillator_trace_8rxn_stop_risksched085to095_lr1e4_entropy01to005_s1_c1_rnetol_d256_depth3_p20,seed083,83,221,22100,100,16,90.32818497709522,126.8064960621691,90.32818497709522,False,max_epochs,988.4614145755768
rl4crn_rne_oscillator_trace_8rxn_stop_risksched085to095_lr1e4_entropy01to005_s1_c1_rnetol_d256_depth3_p20,seed083,83,222,22200,100,16,85.93766641006485,126.77199090847256,85.93766641006485,False,max_epochs,993.4564516544342
rl4crn_rne_oscillator_trace_8rxn_stop_risksched085to095_lr1e4_entropy01to005_s1_c1_rnetol_d256_depth3_p20,seed083,83,223,22300,100,16,97.32774605325565,124.45764164147482,85.93766641006485,False,max_epochs,998.8127729892731
rl4crn_rne_oscillator_trace_8rxn_stop_risksched085to095_lr1e4_entropy01to005_s1_c1_rnetol_d256_depth3_p20,seed083,83,224,22400,100,16,94.87602758984664,125.90781791375545,85.93766641006485,False,max_epochs,1003.67942070961
rl4crn_rne_oscillator_trace_8rxn_stop_risksched085to095_lr1e4_entropy01to005_s1_c1_rnetol_d256_depth3_p20,seed083,83,225,22500,100,16,87.26487261759357,126.05610117789656,85.93766641006485,False,max_epochs,1009.0556681156158
rl4crn_rne_oscillator_trace_8rxn_stop_risksched085to095_lr1e4_entropy01to005_s1_c1_rnetol_d256_depth3_p20,seed083,83,226,22600,100,16,94.15795858420752,123.5583731002139,85.93766641006485,False,max_epochs,1013.7790179252625
rl4crn_rne_oscillator_trace_8rxn_stop_risksched085to095_lr1e4_entropy01to005_s1_c1_rnetol_d256_depth3_p20,seed083,83,227,22700,100,16,97.89024355044347,128.27456521512045,85.93766641006485,False,max_epochs,1018.889007806778
rl4crn_rne_oscillator_trace_8rxn_stop_risksched085to095_lr1e4_entropy01to005_s1_c1_rnetol_d256_depth3_p20,seed083,83,228,22800,100,16,92.64528853484792,127.49220948737289,85.93766641006485,False,max_epochs,1023.9203715324402
rl4crn_rne_oscillator_trace_8rxn_stop_risksched085to095_lr1e4_entropy01to005_s1_c1_rnetol_d256_depth3_p20,seed083,83,229,22900,100,16,81.61271860369492,127.30722007683329,81.61271860369492,False,max_epochs,1028.9552488327026
rl4crn_rne_oscillator_trace_8rxn_stop_risksched085to095_lr1e4_entropy01to005_s1_c1_rnetol_d256_depth3_p20,seed083,83,230,23000,100,16,88.21910488517653,125.70638953169117,81.61271860369492,False,max_epochs,1034.3384883403778
rl4crn_rne_oscillator_trace_8rxn_stop_risksched085to095_lr1e4_entropy01to005_s1_c1_rnetol_d256_depth3_p20,seed083,83,231,23100,100,16,107.7344114434996,124.68023333563573,81.61271860369492,False,max_epochs,1039.2651085853577
rl4crn_rne_oscillator_trace_8rxn_stop_risksched085to095_lr1e4_entropy01to005_s1_c1_rnetol_d256_depth3_p20,seed083,83,232,23200,100,16,103.17057251099936,125.0670647101109,81.61271860369492,False,max_epochs,1044.3006019592285
rl4crn_rne_oscillator_trace_8rxn_stop_risksched085to095_lr1e4_entropy01to005_s1_c1_rnetol_d256_depth3_p20,seed083,83,233,23300,100,16,89.74735370295619,124.6187759468612,81.61271860369492,False,max_epochs,1049.11319065094
rl4crn_rne_oscillator_trace_8rxn_stop_risksched085to095_lr1e4_entropy01to005_s1_c1_rnetol_d256_depth3_p20,seed083,83,234,23400,100,16,98.71692055188095,126.43208880024648,81.61271860369492,False,max_epochs,1054.2640047073364
rl4crn_rne_oscillator_trace_8rxn_stop_risksched085to095_lr1e4_entropy01to005_s1_c1_rnetol_d256_depth3_p20,seed083,83,235,23500,100,16,74.28683628313163,123.4623945255637,74.28683628313163,False,max_epochs,1059.326488018036
rl4crn_rne_oscillator_trace_8rxn_stop_risksched085to095_lr1e4_entropy01to005_s1_c1_rnetol_d256_depth3_p20,seed083,83,236,23600,100,16,88.69433830833971,127.04617348969835,74.28683628313163,False,max_epochs,1063.8736140727997
rl4crn_rne_oscillator_trace_8rxn_stop_risksched085to095_lr1e4_entropy01to005_s1_c1_rnetol_d256_depth3_p20,seed083,83,237,23700,100,16,74.44999734687713,127.63185591134678,74.28683628313163,False,max_epochs,1068.530351638794
rl4crn_rne_oscillator_trace_8rxn_stop_risksched085to095_lr1e4_entropy01to005_s1_c1_rnetol_d256_depth3_p20,seed083,83,238,23800,100,16,78.70865676300774,126.53871320609974,74.28683628313163,False,max_epochs,1073.4967257976532
rl4crn_rne_oscillator_trace_8rxn_stop_risksched085to095_lr1e4_entropy01to005_s1_c1_rnetol_d256_depth3_p20,seed083,83,239,23900,100,16,78.89704872171386,127.8156383748816,74.28683628313163,False,max_epochs,1077.5718731880188
rl4crn_rne_oscillator_trace_8rxn_stop_risksched085to095_lr1e4_entropy01to005_s1_c1_rnetol_d256_depth3_p20,seed083,83,240,24000,100,16,85.45601971385396,123.93988944099743,74.28683628313163,False,max_epochs,1082.6309170722961
rl4crn_rne_oscillator_trace_8rxn_stop_risksched085to095_lr1e4_entropy01to005_s1_c1_rnetol_d256_depth3_p20,seed083,83,241,24100,100,16,81.7839759930701,125.88820036969523,74.28683628313163,False,max_epochs,1086.9906227588654
rl4crn_rne_oscillator_trace_8rxn_stop_risksched085to095_lr1e4_entropy01to005_s1_c1_rnetol_d256_depth3_p20,seed083,83,242,24200,100,16,80.74079002334285,127.27059023473755,74.28683628313163,False,max_epochs,1089.4768905639648
rl4crn_rne_oscillator_trace_8rxn_stop_risksched085to095_lr1e4_entropy01to005_s1_c1_rnetol_d256_depth3_p20,seed083,83,243,24300,100,16,79.02532825263484,127.2846685180345,74.28683628313163,False,max_epochs,1093.7058775424957
rl4crn_rne_oscillator_trace_8rxn_stop_risksched085to095_lr1e4_entropy01to005_s1_c1_rnetol_d256_depth3_p20,seed083,83,244,24400,100,16,81.58537050468813,126.55451999002247,74.28683628313163,False,max_epochs,1098.6042432785034
rl4crn_rne_oscillator_trace_8rxn_stop_risksched085to095_lr1e4_entropy01to005_s1_c1_rnetol_d256_depth3_p20,seed083,83,245,24500,100,16,82.7348085185365,126.76420657501573,74.28683628313163,False,max_epochs,1103.2090260982513
rl4crn_rne_oscillator_trace_8rxn_stop_risksched085to095_lr1e4_entropy01to005_s1_c1_rnetol_d256_depth3_p20,seed083,83,246,24600,100,16,86.93827228858726,127.88816487477935,74.28683628313163,False,max_epochs,1108.502913236618
rl4crn_rne_oscillator_trace_8rxn_stop_risksched085to095_lr1e4_entropy01to005_s1_c1_rnetol_d256_depth3_p20,seed083,83,247,24700,100,16,77.18344877375922,126.77504018211854,74.28683628313163,False,max_epochs,1113.1062648296356
rl4crn_rne_oscillator_trace_8rxn_stop_risksched085to095_lr1e4_entropy01to005_s1_c1_rnetol_d256_depth3_p20,seed083,83,248,24800,100,16,77.9151822315877,122.71817623363856,74.28683628313163,False,max_epochs,1118.3063740730286
rl4crn_rne_oscillator_trace_8rxn_stop_risksched085to095_lr1e4_entropy01to005_s1_c1_rnetol_d256_depth3_p20,seed083,83,249,24900,100,16,77.40586580390209,127.00248484960905,74.28683628313163,False,max_epochs,1123.5215775966644
rl4crn_rne_oscillator_trace_8rxn_stop_risksched085to095_lr1e4_entropy01to005_s1_c1_rnetol_d256_depth3_p20,seed083,83,250,25000,100,16,80.86150700595232,125.65144895112218,74.28683628313163,False,max_epochs,1128.8871331214905
rl4crn_rne_oscillator_trace_8rxn_stop_risksched085to095_lr1e4_entropy01to005_s1_c1_rnetol_d256_depth3_p20,seed083,83,251,25100,100,16,74.95568847427516,120.8770249548003,74.28683628313163,False,max_epochs,1133.7278327941895
rl4crn_rne_oscillator_trace_8rxn_stop_risksched085to095_lr1e4_entropy01to005_s1_c1_rnetol_d256_depth3_p20,seed083,83,252,25200,100,16,75.76835472405942,122.43731875994592,74.28683628313163,False,max_epochs,1138.1256024837494
rl4crn_rne_oscillator_trace_8rxn_stop_risksched085to095_lr1e4_entropy01to005_s1_c1_rnetol_d256_depth3_p20,seed083,83,253,25300,100,16,76.3211739223058,125.57310074796737,74.28683628313163,False,max_epochs,1142.6965465545654
rl4crn_rne_oscillator_trace_8rxn_stop_risksched085to095_lr1e4_entropy01to005_s1_c1_rnetol_d256_depth3_p20,seed083,83,254,25400,100,16,81.64263686569984,123.56713522091303,74.28683628313163,False,max_epochs,1147.0140838623047
rl4crn_rne_oscillator_trace_8rxn_stop_risksched085to095_lr1e4_entropy01to005_s1_c1_rnetol_d256_depth3_p20,seed083,83,255,25500,100,16,82.29932136711481,126.48520309814339,74.28683628313163,False,max_epochs,1149.1135892868042
rl4crn_rne_oscillator_trace_8rxn_stop_risksched085to095_lr1e4_entropy01to005_s1_c1_rnetol_d256_depth3_p20,seed083,83,256,25600,100,16,78.1174875226823,125.5907889124691,74.28683628313163,False,max_epochs,1153.7469215393066
rl4crn_rne_oscillator_trace_8rxn_stop_risksched085to095_lr1e4_entropy01to005_s1_c1_rnetol_d256_depth3_p20,seed083,83,257,25700,100,16,79.36518994803961,122.88678067792286,74.28683628313163,False,max_epochs,1158.592885017395
rl4crn_rne_oscillator_trace_8rxn_stop_risksched085to095_lr1e4_entropy01to005_s1_c1_rnetol_d256_depth3_p20,seed083,83,258,25800,100,16,82.99326986389792,119.35860355693876,74.28683628313163,False,max_epochs,1163.3465085029602
rl4crn_rne_oscillator_trace_8rxn_stop_risksched085to095_lr1e4_entropy01to005_s1_c1_rnetol_d256_depth3_p20,seed083,83,259,25900,100,16,79.27123908247519,120.99880132873719,74.28683628313163,False,max_epochs,1168.1892058849335
rl4crn_rne_oscillator_trace_8rxn_stop_risksched085to095_lr1e4_entropy01to005_s1_c1_rnetol_d256_depth3_p20,seed083,83,260,26000,100,16,71.11723899690756,120.64495331972715,71.11723899690756,False,max_epochs,1172.8545935153961
rl4crn_rne_oscillator_trace_8rxn_stop_risksched085to095_lr1e4_entropy01to005_s1_c1_rnetol_d256_depth3_p20,seed083,83,261,26100,100,16,73.80548038373088,121.57847824154922,71.11723899690756,False,max_epochs,1175.383231163025
rl4crn_rne_oscillator_trace_8rxn_stop_risksched085to095_lr1e4_entropy01to005_s1_c1_rnetol_d256_depth3_p20,seed083,83,262,26200,100,16,72.49538563134597,127.10287975349644,71.11723899690756,False,max_epochs,1179.4544672966003
rl4crn_rne_oscillator_trace_8rxn_stop_risksched085to095_lr1e4_entropy01to005_s1_c1_rnetol_d256_depth3_p20,seed083,83,263,26300,100,16,77.7572967071914,127.84027507276232,71.11723899690756,False,max_epochs,1183.978814125061
rl4crn_rne_oscillator_trace_8rxn_stop_risksched085to095_lr1e4_entropy01to005_s1_c1_rnetol_d256_depth3_p20,seed083,83,264,26400,100,16,73.47579942272888,120.88304915796961,71.11723899690756,False,max_epochs,1188.478754043579
rl4crn_rne_oscillator_trace_8rxn_stop_risksched085to095_lr1e4_entropy01to005_s1_c1_rnetol_d256_depth3_p20,seed083,83,265,26500,100,16,74.49703271848173,124.8866782114718,71.11723899690756,False,max_epochs,1193.0578043460846
rl4crn_rne_oscillator_trace_8rxn_stop_risksched085to095_lr1e4_entropy01to005_s1_c1_rnetol_d256_depth3_p20,seed083,83,266,26600,100,16,73.7935696568002,127.87932984358825,71.11723899690756,False,max_epochs,1198.125550031662
rl4crn_rne_oscillator_trace_8rxn_stop_risksched085to095_lr1e4_entropy01to005_s1_c1_rnetol_d256_depth3_p20,seed083,83,267,26700,100,16,77.5774224518886,126.26143197966184,71.11723899690756,False,max_epochs,1203.00736784935
rl4crn_rne_oscillator_trace_8rxn_stop_risksched085to095_lr1e4_entropy01to005_s1_c1_rnetol_d256_depth3_p20,seed083,83,268,26800,100,16,72.39078824861753,119.29714959650576,71.11723899690756,False,max_epochs,1208.3116466999054
rl4crn_rne_oscillator_trace_8rxn_stop_risksched085to095_lr1e4_entropy01to005_s1_c1_rnetol_d256_depth3_p20,seed083,83,269,26900,100,16,77.1698737680807,121.28279425059921,71.11723899690756,False,max_epochs,1213.2883863449097
rl4crn_rne_oscillator_trace_8rxn_stop_risksched085to095_lr1e4_entropy01to005_s1_c1_rnetol_d256_depth3_p20,seed083,83,270,27000,100,16,76.1878640745899,125.98923327576938,71.11723899690756,False,max_epochs,1218.0812978744507
rl4crn_rne_oscillator_trace_8rxn_stop_risksched085to095_lr1e4_entropy01to005_s1_c1_rnetol_d256_depth3_p20,seed083,83,271,27100,100,16,69.78599050600569,126.33524490050937,69.78599050600569,False,max_epochs,1223.4749703407288
rl4crn_rne_oscillator_trace_8rxn_stop_risksched085to095_lr1e4_entropy01to005_s1_c1_rnetol_d256_depth3_p20,seed083,83,272,27200,100,16,75.3397223499216,124.90384104340298,69.78599050600569,False,max_epochs,1228.7366247177124
rl4crn_rne_oscillator_trace_8rxn_stop_risksched085to095_lr1e4_entropy01to005_s1_c1_rnetol_d256_depth3_p20,seed083,83,273,27300,100,16,71.88951749682063,126.08213708937969,69.78599050600569,False,max_epochs,1233.7200264930725
rl4crn_rne_oscillator_trace_8rxn_stop_risksched085to095_lr1e4_entropy01to005_s1_c1_rnetol_d256_depth3_p20,seed083,83,274,27400,100,16,69.31463673424754,124.97217774370648,69.31463673424754,False,max_epochs,1238.9796640872955
rl4crn_rne_oscillator_trace_8rxn_stop_risksched085to095_lr1e4_entropy01to005_s1_c1_rnetol_d256_depth3_p20,seed083,83,275,27500,100,16,76.2580304690275,128.12694104314218,69.31463673424754,False,max_epochs,1243.854510307312
rl4crn_rne_oscillator_trace_8rxn_stop_risksched085to095_lr1e4_entropy01to005_s1_c1_rnetol_d256_depth3_p20,seed083,83,276,27600,100,16,80.04180709824706,125.78987153727681,69.31463673424754,False,max_epochs,1248.90123295784
rl4crn_rne_oscillator_trace_8rxn_stop_risksched085to095_lr1e4_entropy01to005_s1_c1_rnetol_d256_depth3_p20,seed083,83,277,27700,100,16,72.64482860740578,125.67705406739198,69.31463673424754,False,max_epochs,1253.5859713554382
rl4crn_rne_oscillator_trace_8rxn_stop_risksched085to095_lr1e4_entropy01to005_s1_c1_rnetol_d256_depth3_p20,seed083,83,278,27800,100,16,69.9595418302088,121.60689006001434,69.31463673424754,False,max_epochs,1258.4718961715698
rl4crn_rne_oscillator_trace_8rxn_stop_risksched085to095_lr1e4_entropy01to005_s1_c1_rnetol_d256_depth3_p20,seed083,83,279,27900,100,16,73.19593695926511,124.49434806101841,69.31463673424754,False,max_epochs,1263.0659699440002
rl4crn_rne_oscillator_trace_8rxn_stop_risksched085to095_lr1e4_entropy01to005_s1_c1_rnetol_d256_depth3_p20,seed083,83,280,28000,100,16,67.34602263328162,123.54179390413191,67.34602263328162,False,max_epochs,1267.60715842247
rl4crn_rne_oscillator_trace_8rxn_stop_risksched085to095_lr1e4_entropy01to005_s1_c1_rnetol_d256_depth3_p20,seed083,83,281,28100,100,16,67.51101610073898,121.31775227189567,67.34602263328162,False,max_epochs,1269.9940490722656
rl4crn_rne_oscillator_trace_8rxn_stop_risksched085to095_lr1e4_entropy01to005_s1_c1_rnetol_d256_depth3_p20,seed083,83,282,28200,100,16,76.55749749426093,124.2091332548471,67.34602263328162,False,max_epochs,1274.4844114780426
rl4crn_rne_oscillator_trace_8rxn_stop_risksched085to095_lr1e4_entropy01to005_s1_c1_rnetol_d256_depth3_p20,seed083,83,283,28300,100,16,66.81960660526917,122.53977874272132,66.81960660526917,False,max_epochs,1279.4195058345795
rl4crn_rne_oscillator_trace_8rxn_stop_risksched085to095_lr1e4_entropy01to005_s1_c1_rnetol_d256_depth3_p20,seed083,83,284,28400,100,16,70.87385050697398,120.2869380149859,66.81960660526917,False,max_epochs,1284.4375705718994
rl4crn_rne_oscillator_trace_8rxn_stop_risksched085to095_lr1e4_entropy01to005_s1_c1_rnetol_d256_depth3_p20,seed083,83,285,28500,100,16,72.15115808174735,122.08205847153809,66.81960660526917,False,max_epochs,1289.5992312431335
rl4crn_rne_oscillator_trace_8rxn_stop_risksched085to095_lr1e4_entropy01to005_s1_c1_rnetol_d256_depth3_p20,seed083,83,286,28600,100,16,67.99431071611264,124.81317917594684,66.81960660526917,False,max_epochs,1294.6209065914154
rl4crn_rne_oscillator_trace_8rxn_stop_risksched085to095_lr1e4_entropy01to005_s1_c1_rnetol_d256_depth3_p20,seed083,83,287,28700,100,16,70.30349193484909,121.62521761485303,66.81960660526917,False,max_epochs,1299.676396369934
rl4crn_rne_oscillator_trace_8rxn_stop_risksched085to095_lr1e4_entropy01to005_s1_c1_rnetol_d256_depth3_p20,seed083,83,288,28800,100,16,71.06035852020615,127.92861508355588,66.81960660526917,False,max_epochs,1304.359457731247
rl4crn_rne_oscillator_trace_8rxn_stop_risksched085to095_lr1e4_entropy01to005_s1_c1_rnetol_d256_depth3_p20,seed083,83,289,28900,100,16,71.1875875225562,125.60322841066767,66.81960660526917,False,max_epochs,1309.404530763626
rl4crn_rne_oscillator_trace_8rxn_stop_risksched085to095_lr1e4_entropy01to005_s1_c1_rnetol_d256_depth3_p20,seed083,83,290,29000,100,16,67.19724785684657,124.02562412072577,66.81960660526917,False,max_epochs,1314.0616161823273
rl4crn_rne_oscillator_trace_8rxn_stop_risksched085to095_lr1e4_entropy01to005_s1_c1_rnetol_d256_depth3_p20,seed083,83,291,29100,100,16,69.21992027789469,125.25601897559717,66.81960660526917,False,max_epochs,1318.6460497379303
rl4crn_rne_oscillator_trace_8rxn_stop_risksched085to095_lr1e4_entropy01to005_s1_c1_rnetol_d256_depth3_p20,seed083,83,292,29200,100,16,70.39760330997727,125.73032981081738,66.81960660526917,False,max_epochs,1320.7772450447083
rl4crn_rne_oscillator_trace_8rxn_stop_risksched085to095_lr1e4_entropy01to005_s1_c1_rnetol_d256_depth3_p20,seed083,83,293,29300,100,16,67.4526680632667,123.38489956786418,66.81960660526917,False,max_epochs,1324.8630137443542
rl4crn_rne_oscillator_trace_8rxn_stop_risksched085to095_lr1e4_entropy01to005_s1_c1_rnetol_d256_depth3_p20,seed083,83,294,29400,100,16,70.71477354319289,122.80280633719806,66.81960660526917,False,max_epochs,1329.2950344085693
rl4crn_rne_oscillator_trace_8rxn_stop_risksched085to095_lr1e4_entropy01to005_s1_c1_rnetol_d256_depth3_p20,seed083,83,295,29500,100,16,73.95290850277611,123.14762073026725,66.81960660526917,False,max_epochs,1334.0352711677551
rl4crn_rne_oscillator_trace_8rxn_stop_risksched085to095_lr1e4_entropy01to005_s1_c1_rnetol_d256_depth3_p20,seed083,83,296,29600,100,16,76.74679213285734,126.7650988784372,66.81960660526917,False,max_epochs,1338.2369339466095
rl4crn_rne_oscillator_trace_8rxn_stop_risksched085to095_lr1e4_entropy01to005_s1_c1_rnetol_d256_depth3_p20,seed083,83,297,29700,100,16,75.04099980928191,129.08113794058033,66.81960660526917,False,max_epochs,1340.4956002235413
rl4crn_rne_oscillator_trace_8rxn_stop_risksched085to095_lr1e4_entropy01to005_s1_c1_rnetol_d256_depth3_p20,seed083,83,298,29800,100,16,72.40625333677337,126.49899360611217,66.81960660526917,False,max_epochs,1345.0085220336914
rl4crn_rne_oscillator_trace_8rxn_stop_risksched085to095_lr1e4_entropy01to005_s1_c1_rnetol_d256_depth3_p20,seed083,83,299,29900,100,16,68.6975983242024,122.74996691738872,66.81960660526917,False,max_epochs,1349.9943552017212
rl4crn_rne_oscillator_trace_8rxn_stop_risksched085to095_lr1e4_entropy01to005_s1_c1_rnetol_d256_depth3_p20,seed083,83,300,30000,100,16,69.03701873028633,125.0076891968258,66.81960660526917,False,max_epochs,1354.5522334575653
rl4crn_rne_oscillator_trace_8rxn_stop_risksched085to095_lr1e4_entropy01to005_s1_c1_rnetol_d256_depth3_p20,seed083,83,301,30100,100,16,67.08575889508117,125.05886018706215,66.81960660526917,False,max_epochs,1359.2994694709778
rl4crn_rne_oscillator_trace_8rxn_stop_risksched085to095_lr1e4_entropy01to005_s1_c1_rnetol_d256_depth3_p20,seed083,83,302,30200,100,16,68.22656260202702,117.75748824431192,66.81960660526917,False,max_epochs,1364.1947441101074
rl4crn_rne_oscillator_trace_8rxn_stop_risksched085to095_lr1e4_entropy01to005_s1_c1_rnetol_d256_depth3_p20,seed083,83,303,30300,100,16,69.44162833467102,120.72676596334009,66.81960660526917,False,max_epochs,1369.4509181976318
rl4crn_rne_oscillator_trace_8rxn_stop_risksched085to095_lr1e4_entropy01to005_s1_c1_rnetol_d256_depth3_p20,seed083,83,304,30400,100,16,67.23268408676869,124.32119332485823,66.81960660526917,False,max_epochs,1374.037567615509
rl4crn_rne_oscillator_trace_8rxn_stop_risksched085to095_lr1e4_entropy01to005_s1_c1_rnetol_d256_depth3_p20,seed083,83,305,30500,100,16,70.17119411021113,119.8569334182057,66.81960660526917,False,max_epochs,1378.5698161125183
rl4crn_rne_oscillator_trace_8rxn_stop_risksched085to095_lr1e4_entropy01to005_s1_c1_rnetol_d256_depth3_p20,seed083,83,306,30600,100,16,73.10364984776635,129.52734350126755,66.81960660526917,False,max_epochs,1382.0479924678802
rl4crn_rne_oscillator_trace_8rxn_stop_risksched085to095_lr1e4_entropy01to005_s1_c1_rnetol_d256_depth3_p20,seed083,83,307,30700,100,16,71.57467136373296,130.8224553813011,66.81960660526917,False,max_epochs,1385.591097831726
rl4crn_rne_oscillator_trace_8rxn_stop_risksched085to095_lr1e4_entropy01to005_s1_c1_rnetol_d256_depth3_p20,seed083,83,308,30800,100,16,66.7237623897094,126.360615878187,66.7237623897094,False,max_epochs,1390.2813057899475
rl4crn_rne_oscillator_trace_8rxn_stop_risksched085to095_lr1e4_entropy01to005_s1_c1_rnetol_d256_depth3_p20,seed083,83,309,30900,100,16,70.44186436530234,126.24630226439358,66.7237623897094,False,max_epochs,1395.4898295402527
rl4crn_rne_oscillator_trace_8rxn_stop_risksched085to095_lr1e4_entropy01to005_s1_c1_rnetol_d256_depth3_p20,seed083,83,310,31000,100,16,71.02093960060715,123.84344121510632,66.7237623897094,False,max_epochs,1400.418548822403
rl4crn_rne_oscillator_trace_8rxn_stop_risksched085to095_lr1e4_entropy01to005_s1_c1_rnetol_d256_depth3_p20,seed083,83,311,31100,100,16,68.16139412505126,122.46303593453595,66.7237623897094,False,max_epochs,1405.4612329006195
rl4crn_rne_oscillator_trace_8rxn_stop_risksched085to095_lr1e4_entropy01to005_s1_c1_rnetol_d256_depth3_p20,seed083,83,312,31200,100,16,69.64532101219532,117.97411490797765,66.7237623897094,False,max_epochs,1410.5081918239594
rl4crn_rne_oscillator_trace_8rxn_stop_risksched085to095_lr1e4_entropy01to005_s1_c1_rnetol_d256_depth3_p20,seed083,83,313,31300,100,16,66.45263678484346,119.99179559250337,66.45263678484346,False,max_epochs,1415.826672077179
rl4crn_rne_oscillator_trace_8rxn_stop_risksched085to095_lr1e4_entropy01to005_s1_c1_rnetol_d256_depth3_p20,seed083,83,314,31400,100,16,70.8572979036128,125.00916720163141,66.45263678484346,False,max_epochs,1420.5742230415344
rl4crn_rne_oscillator_trace_8rxn_stop_risksched085to095_lr1e4_entropy01to005_s1_c1_rnetol_d256_depth3_p20,seed083,83,315,31500,100,16,69.0559590023637,124.3329501463106,66.45263678484346,False,max_epochs,1425.6738209724426
rl4crn_rne_oscillator_trace_8rxn_stop_risksched085to095_lr1e4_entropy01to005_s1_c1_rnetol_d256_depth3_p20,seed083,83,316,31600,100,16,73.11737120155895,124.4669071361288,66.45263678484346,False,max_epochs,1430.4506492614746
rl4crn_rne_oscillator_trace_8rxn_stop_risksched085to095_lr1e4_entropy01to005_s1_c1_rnetol_d256_depth3_p20,seed083,83,317,31700,100,16,74.26344842066335,125.04325395871919,66.45263678484346,False,max_epochs,1435.8236536979675
rl4crn_rne_oscillator_trace_8rxn_stop_risksched085to095_lr1e4_entropy01to005_s1_c1_rnetol_d256_depth3_p20,seed083,83,318,31800,100,16,69.59751420419981,125.05461611133704,66.45263678484346,False,max_epochs,1440.554170846939
rl4crn_rne_oscillator_trace_8rxn_stop_risksched085to095_lr1e4_entropy01to005_s1_c1_rnetol_d256_depth3_p20,seed083,83,319,31900,100,16,69.52588447427611,125.10251920353588,66.45263678484346,False,max_epochs,1445.7243239879608
rl4crn_rne_oscillator_trace_8rxn_stop_risksched085to095_lr1e4_entropy01to005_s1_c1_rnetol_d256_depth3_p20,seed083,83,320,32000,100,16,67.08223405126066,130.5643839995683,66.45263678484346,False,max_epochs,1450.3424108028412
rl4crn_rne_oscillator_trace_8rxn_stop_risksched085to095_lr1e4_entropy01to005_s1_c1_rnetol_d256_depth3_p20,seed083,83,321,32100,100,16,70.11423879395771,120.84879616593281,66.45263678484346,False,max_epochs,1454.8413219451904
rl4crn_rne_oscillator_trace_8rxn_stop_risksched085to095_lr1e4_entropy01to005_s1_c1_rnetol_d256_depth3_p20,seed083,83,322,32200,100,16,77.63480977963209,125.54679300254716,66.45263678484346,False,max_epochs,1459.6566376686096
rl4crn_rne_oscillator_trace_8rxn_stop_risksched085to095_lr1e4_entropy01to005_s1_c1_rnetol_d256_depth3_p20,seed083,83,323,32300,100,16,71.81437163062897,125.58888216194285,66.45263678484346,False,max_epochs,1462.9323134422302
rl4crn_rne_oscillator_trace_8rxn_stop_risksched085to095_lr1e4_entropy01to005_s1_c1_rnetol_d256_depth3_p20,seed083,83,324,32400,100,16,72.55443617254639,125.02238670942164,66.45263678484346,False,max_epochs,1466.0110428333282
rl4crn_rne_oscillator_trace_8rxn_stop_risksched085to095_lr1e4_entropy01to005_s1_c1_rnetol_d256_depth3_p20,seed083,83,325,32500,100,16,68.94424228523167,123.55582495788532,66.45263678484346,False,max_epochs,1470.9176721572876
rl4crn_rne_oscillator_trace_8rxn_stop_risksched085to095_lr1e4_entropy01to005_s1_c1_rnetol_d256_depth3_p20,seed083,83,326,32600,100,16,68.92519843608036,125.41445617440667,66.45263678484346,False,max_epochs,1475.612818479538
rl4crn_rne_oscillator_trace_8rxn_stop_risksched085to095_lr1e4_entropy01to005_s1_c1_rnetol_d256_depth3_p20,seed083,83,327,32700,100,16,65.22518906834983,124.6991212238564,65.22518906834983,False,max_epochs,1480.6813259124756
rl4crn_rne_oscillator_trace_8rxn_stop_risksched085to095_lr1e4_entropy01to005_s1_c1_rnetol_d256_depth3_p20,seed083,83,328,32800,100,16,65.8095466172719,124.03066583614202,65.22518906834983,False,max_epochs,1485.4239251613617
rl4crn_rne_oscillator_trace_8rxn_stop_risksched085to095_lr1e4_entropy01to005_s1_c1_rnetol_d256_depth3_p20,seed083,83,329,32900,100,16,64.62544645194463,126.25723289367698,64.62544645194463,False,max_epochs,1490.2906286716461
rl4crn_rne_oscillator_trace_8rxn_stop_risksched085to095_lr1e4_entropy01to005_s1_c1_rnetol_d256_depth3_p20,seed083,83,330,33000,100,16,69.21641516801468,123.10282703500233,64.62544645194463,False,max_epochs,1495.2913160324097
rl4crn_rne_oscillator_trace_8rxn_stop_risksched085to095_lr1e4_entropy01to005_s1_c1_rnetol_d256_depth3_p20,seed083,83,331,33100,100,16,70.37970715079703,125.5927848056661,64.62544645194463,False,max_epochs,1500.731407403946
rl4crn_rne_oscillator_trace_8rxn_stop_risksched085to095_lr1e4_entropy01to005_s1_c1_rnetol_d256_depth3_p20,seed083,83,332,33200,100,16,71.02650556505091,125.00733369460718,64.62544645194463,False,max_epochs,1505.5355353355408
rl4crn_rne_oscillator_trace_8rxn_stop_risksched085to095_lr1e4_entropy01to005_s1_c1_rnetol_d256_depth3_p20,seed083,83,333,33300,100,16,67.18959507645855,122.43354535702811,64.62544645194463,False,max_epochs,1510.6521391868591
rl4crn_rne_oscillator_trace_8rxn_stop_risksched085to095_lr1e4_entropy01to005_s1_c1_rnetol_d256_depth3_p20,seed083,83,334,33400,100,16,73.27777791031876,125.87433667923715,64.62544645194463,False,max_epochs,1515.7753267288208
rl4crn_rne_oscillator_trace_8rxn_stop_risksched085to095_lr1e4_entropy01to005_s1_c1_rnetol_d256_depth3_p20,seed083,83,335,33500,100,16,65.87758667785077,123.79441525598654,64.62544645194463,False,max_epochs,1521.1586680412292
rl4crn_rne_oscillator_trace_8rxn_stop_risksched085to095_lr1e4_entropy01to005_s1_c1_rnetol_d256_depth3_p20,seed083,83,336,33600,100,16,67.14701320650198,119.0504000493548,64.62544645194463,False,max_epochs,1526.2160058021545
rl4crn_rne_oscillator_trace_8rxn_stop_risksched085to095_lr1e4_entropy01to005_s1_c1_rnetol_d256_depth3_p20,seed083,83,337,33700,100,16,67.05001196046139,124.95098573346351,64.62544645194463,False,max_epochs,1531.2156422138214
rl4crn_rne_oscillator_trace_8rxn_stop_risksched085to095_lr1e4_entropy01to005_s1_c1_rnetol_d256_depth3_p20,seed083,83,338,33800,100,16,65.60803224828862,127.05581000235642,64.62544645194463,False,max_epochs,1536.2798883914948
rl4crn_rne_oscillator_trace_8rxn_stop_risksched085to095_lr1e4_entropy01to005_s1_c1_rnetol_d256_depth3_p20,seed083,83,339,33900,100,16,68.46925123702022,124.67357710643257,64.62544645194463,False,max_epochs,1540.9907965660095
rl4crn_rne_oscillator_trace_8rxn_stop_risksched085to095_lr1e4_entropy01to005_s1_c1_rnetol_d256_depth3_p20,seed083,83,340,34000,100,16,73.2488226591148,125.07259198280758,64.62544645194463,False,max_epochs,1545.531281709671
rl4crn_rne_oscillator_trace_8rxn_stop_risksched085to095_lr1e4_entropy01to005_s1_c1_rnetol_d256_depth3_p20,seed083,83,341,34100,100,16,72.97203682096256,129.0930727334138,64.62544645194463,False,max_epochs,1550.0399584770203
rl4crn_rne_oscillator_trace_8rxn_stop_risksched085to095_lr1e4_entropy01to005_s1_c1_rnetol_d256_depth3_p20,seed083,83,342,34200,100,16,75.3520931783014,127.75477600941518,64.62544645194463,False,max_epochs,1552.5952866077423
rl4crn_rne_oscillator_trace_8rxn_stop_risksched085to095_lr1e4_entropy01to005_s1_c1_rnetol_d256_depth3_p20,seed083,83,343,34300,100,16,69.61874696206327,124.75449706311554,64.62544645194463,False,max_epochs,1556.6532609462738
rl4crn_rne_oscillator_trace_8rxn_stop_risksched085to095_lr1e4_entropy01to005_s1_c1_rnetol_d256_depth3_p20,seed083,83,344,34400,100,16,74.19466360182435,132.77661731784636,64.62544645194463,False,max_epochs,1561.954325914383
rl4crn_rne_oscillator_trace_8rxn_stop_risksched085to095_lr1e4_entropy01to005_s1_c1_rnetol_d256_depth3_p20,seed083,83,345,34500,100,16,97.10265716614366,133.27441465575131,64.62544645194463,False,max_epochs,1567.0242063999176
rl4crn_rne_oscillator_trace_8rxn_stop_risksched085to095_lr1e4_entropy01to005_s1_c1_rnetol_d256_depth3_p20,seed083,83,346,34600,100,16,78.60341462712196,130.64081891052035,64.62544645194463,False,max_epochs,1572.2204840183258
rl4crn_rne_oscillator_trace_8rxn_stop_risksched085to095_lr1e4_entropy01to005_s1_c1_rnetol_d256_depth3_p20,seed083,83,347,34700,100,16,72.5511926718392,125.02925550673592,64.62544645194463,False,max_epochs,1576.9844617843628
rl4crn_rne_oscillator_trace_8rxn_stop_risksched085to095_lr1e4_entropy01to005_s1_c1_rnetol_d256_depth3_p20,seed083,83,348,34800,100,16,68.2863454798604,126.81941894843018,64.62544645194463,False,max_epochs,1581.9671051502228
rl4crn_rne_oscillator_trace_8rxn_stop_risksched085to095_lr1e4_entropy01to005_s1_c1_rnetol_d256_depth3_p20,seed083,83,349,34900,100,16,70.98580251247516,127.57485875018133,64.62544645194463,False,max_epochs,1587.068993806839
rl4crn_rne_oscillator_trace_8rxn_stop_risksched085to095_lr1e4_entropy01to005_s1_c1_rnetol_d256_depth3_p20,seed083,83,350,35000,100,16,73.7552396459367,125.17409999761858,64.62544645194463,False,max_epochs,1591.7942304611206
rl4crn_rne_oscillator_trace_8rxn_stop_risksched085to095_lr1e4_entropy01to005_s1_c1_rnetol_d256_depth3_p20,seed083,83,351,35100,100,16,74.16387055753256,128.4039031781385,64.62544645194463,False,max_epochs,1596.6388771533966
rl4crn_rne_oscillator_trace_8rxn_stop_risksched085to095_lr1e4_entropy01to005_s1_c1_rnetol_d256_depth3_p20,seed083,83,352,35200,100,16,75.54659309782717,125.21440875199644,64.62544645194463,False,max_epochs,1601.1300206184387
rl4crn_rne_oscillator_trace_8rxn_stop_risksched085to095_lr1e4_entropy01to005_s1_c1_rnetol_d256_depth3_p20,seed083,83,353,35300,100,16,68.3307927023919,125.0255676230511,64.62544645194463,False,max_epochs,1605.7491586208344
rl4crn_rne_oscillator_trace_8rxn_stop_risksched085to095_lr1e4_entropy01to005_s1_c1_rnetol_d256_depth3_p20,seed083,83,354,35400,100,16,67.7865801742424,125.00292644719343,64.62544645194463,False,max_epochs,1607.8339557647705
rl4crn_rne_oscillator_trace_8rxn_stop_risksched085to095_lr1e4_entropy01to005_s1_c1_rnetol_d256_depth3_p20,seed083,83,355,35500,100,16,70.09760609925083,124.15834579986628,64.62544645194463,False,max_epochs,1612.387427330017
rl4crn_rne_oscillator_trace_8rxn_stop_risksched085to095_lr1e4_entropy01to005_s1_c1_rnetol_d256_depth3_p20,seed083,83,356,35600,100,16,70.44314477923875,127.15374370556567,64.62544645194463,False,max_epochs,1617.4502155780792
rl4crn_rne_oscillator_trace_8rxn_stop_risksched085to095_lr1e4_entropy01to005_s1_c1_rnetol_d256_depth3_p20,seed083,83,357,35700,100,16,61.162471008915674,129.21690227759768,61.162471008915674,False,max_epochs,1622.1529862880707
rl4crn_rne_oscillator_trace_8rxn_stop_risksched085to095_lr1e4_entropy01to005_s1_c1_rnetol_d256_depth3_p20,seed083,83,358,35800,100,16,72.70649637329642,119.47511944890957,61.162471008915674,False,max_epochs,1626.7842440605164
rl4crn_rne_oscillator_trace_8rxn_stop_risksched085to095_lr1e4_entropy01to005_s1_c1_rnetol_d256_depth3_p20,seed083,83,359,35900,100,16,71.97368793749807,123.31973550223461,61.162471008915674,False,max_epochs,1631.5310411453247
rl4crn_rne_oscillator_trace_8rxn_stop_risksched085to095_lr1e4_entropy01to005_s1_c1_rnetol_d256_depth3_p20,seed083,83,360,36000,100,16,75.26734430480789,125.33431600367919,61.162471008915674,False,max_epochs,1634.7500967979431
rl4crn_rne_oscillator_trace_8rxn_stop_risksched085to095_lr1e4_entropy01to005_s1_c1_rnetol_d256_depth3_p20,seed083,83,361,36100,100,16,72.54154884023094,123.67749949722432,61.162471008915674,False,max_epochs,1637.9937512874603
rl4crn_rne_oscillator_trace_8rxn_stop_risksched085to095_lr1e4_entropy01to005_s1_c1_rnetol_d256_depth3_p20,seed083,83,362,36200,100,16,76.67936428521546,126.45897560591825,61.162471008915674,False,max_epochs,1642.870748758316
rl4crn_rne_oscillator_trace_8rxn_stop_risksched085to095_lr1e4_entropy01to005_s1_c1_rnetol_d256_depth3_p20,seed083,83,363,36300,100,16,66.85939974186383,129.4134205574694,61.162471008915674,False,max_epochs,1647.7020027637482
rl4crn_rne_oscillator_trace_8rxn_stop_risksched085to095_lr1e4_entropy01to005_s1_c1_rnetol_d256_depth3_p20,seed083,83,364,36400,100,16,69.01693981290005,124.76044624452516,61.162471008915674,False,max_epochs,1652.6287360191345
rl4crn_rne_oscillator_trace_8rxn_stop_risksched085to095_lr1e4_entropy01to005_s1_c1_rnetol_d256_depth3_p20,seed083,83,365,36500,100,16,70.09133907780932,123.80756910294075,61.162471008915674,False,max_epochs,1657.660267829895
rl4crn_rne_oscillator_trace_8rxn_stop_risksched085to095_lr1e4_entropy01to005_s1_c1_rnetol_d256_depth3_p20,seed083,83,366,36600,100,16,71.30609705073208,125.81128559685686,61.162471008915674,False,max_epochs,1662.381159543991
rl4crn_rne_oscillator_trace_8rxn_stop_risksched085to095_lr1e4_entropy01to005_s1_c1_rnetol_d256_depth3_p20,seed083,83,367,36700,100,16,67.53388232781242,119.12308954069519,61.162471008915674,False,max_epochs,1666.8978972434998
rl4crn_rne_oscillator_trace_8rxn_stop_risksched085to095_lr1e4_entropy01to005_s1_c1_rnetol_d256_depth3_p20,seed083,83,368,36800,100,16,67.19271985489242,128.46970890777067,61.162471008915674,False,max_epochs,1671.6250929832458
rl4crn_rne_oscillator_trace_8rxn_stop_risksched085to095_lr1e4_entropy01to005_s1_c1_rnetol_d256_depth3_p20,seed083,83,369,36900,100,16,78.28119538365625,130.678505685715,61.162471008915674,False,max_epochs,1673.8213396072388
rl4crn_rne_oscillator_trace_8rxn_stop_risksched085to095_lr1e4_entropy01to005_s1_c1_rnetol_d256_depth3_p20,seed083,83,370,37000,100,16,67.99648763105527,124.61826386136335,61.162471008915674,False,max_epochs,1678.1008884906769
rl4crn_rne_oscillator_trace_8rxn_stop_risksched085to095_lr1e4_entropy01to005_s1_c1_rnetol_d256_depth3_p20,seed083,83,371,37100,100,16,70.22449884288825,117.91101932644091,61.162471008915674,False,max_epochs,1683.0899710655212
rl4crn_rne_oscillator_trace_8rxn_stop_risksched085to095_lr1e4_entropy01to005_s1_c1_rnetol_d256_depth3_p20,seed083,83,372,37200,100,16,73.56173253941492,123.86783211305728,61.162471008915674,False,max_epochs,1687.8663728237152
rl4crn_rne_oscillator_trace_8rxn_stop_risksched085to095_lr1e4_entropy01to005_s1_c1_rnetol_d256_depth3_p20,seed083,83,373,37300,100,16,66.80516632247125,122.40834652559188,61.162471008915674,False,max_epochs,1692.4355733394623
rl4crn_rne_oscillator_trace_8rxn_stop_risksched085to095_lr1e4_entropy01to005_s1_c1_rnetol_d256_depth3_p20,seed083,83,374,37400,100,16,72.24857583854983,122.35325317072596,61.162471008915674,False,max_epochs,1697.311636209488
rl4crn_rne_oscillator_trace_8rxn_stop_risksched085to095_lr1e4_entropy01to005_s1_c1_rnetol_d256_depth3_p20,seed083,83,375,37500,100,16,68.54806352489359,125.741974609386,61.162471008915674,False,max_epochs,1702.1056008338928
rl4crn_rne_oscillator_trace_8rxn_stop_risksched085to095_lr1e4_entropy01to005_s1_c1_rnetol_d256_depth3_p20,seed083,83,376,37600,100,16,65.6325906466037,121.42154418637622,61.162471008915674,False,max_epochs,1706.4920523166656
rl4crn_rne_oscillator_trace_8rxn_stop_risksched085to095_lr1e4_entropy01to005_s1_c1_rnetol_d256_depth3_p20,seed083,83,377,37700,100,16,64.78249390608917,125.61210989580454,61.162471008915674,False,max_epochs,1708.6070289611816
rl4crn_rne_oscillator_trace_8rxn_stop_risksched085to095_lr1e4_entropy01to005_s1_c1_rnetol_d256_depth3_p20,seed083,83,378,37800,100,16,72.89320146387814,116.75273408158802,61.162471008915674,False,max_epochs,1713.5091760158539
rl4crn_rne_oscillator_trace_8rxn_stop_risksched085to095_lr1e4_entropy01to005_s1_c1_rnetol_d256_depth3_p20,seed083,83,379,37900,100,16,70.41548057606538,119.63730862257052,61.162471008915674,False,max_epochs,1718.7255861759186
rl4crn_rne_oscillator_trace_8rxn_stop_risksched085to095_lr1e4_entropy01to005_s1_c1_rnetol_d256_depth3_p20,seed083,83,380,38000,100,16,72.78438781648647,121.30619527590584,61.162471008915674,False,max_epochs,1723.4946856498718
rl4crn_rne_oscillator_trace_8rxn_stop_risksched085to095_lr1e4_entropy01to005_s1_c1_rnetol_d256_depth3_p20,seed083,83,381,38100,100,16,54.22377273907396,117.6344689983008,54.22377273907396,False,max_epochs,1728.3089318275452
rl4crn_rne_oscillator_trace_8rxn_stop_risksched085to095_lr1e4_entropy01to005_s1_c1_rnetol_d256_depth3_p20,seed083,83,382,38200,100,16,62.23818796773239,122.2247501636273,54.22377273907396,False,max_epochs,1733.3936874866486
rl4crn_rne_oscillator_trace_8rxn_stop_risksched085to095_lr1e4_entropy01to005_s1_c1_rnetol_d256_depth3_p20,seed083,83,383,38300,100,16,68.57463561226727,121.48178124662581,54.22377273907396,False,max_epochs,1738.7225468158722
rl4crn_rne_oscillator_trace_8rxn_stop_risksched085to095_lr1e4_entropy01to005_s1_c1_rnetol_d256_depth3_p20,seed083,83,384,38400,100,16,66.41503443404385,117.63267760160979,54.22377273907396,False,max_epochs,1743.8169379234314
rl4crn_rne_oscillator_trace_8rxn_stop_risksched085to095_lr1e4_entropy01to005_s1_c1_rnetol_d256_depth3_p20,seed083,83,385,38500,100,16,67.95667362314376,114.92503483121473,54.22377273907396,False,max_epochs,1748.7049927711487
rl4crn_rne_oscillator_trace_8rxn_stop_risksched085to095_lr1e4_entropy01to005_s1_c1_rnetol_d256_depth3_p20,seed083,83,386,38600,100,16,76.22427324752756,123.1353725615393,54.22377273907396,False,max_epochs,1753.6406819820404
rl4crn_rne_oscillator_trace_8rxn_stop_risksched085to095_lr1e4_entropy01to005_s1_c1_rnetol_d256_depth3_p20,seed083,83,387,38700,100,16,84.43861269807795,123.93401722321734,54.22377273907396,False,max_epochs,1759.0045793056488
rl4crn_rne_oscillator_trace_8rxn_stop_risksched085to095_lr1e4_entropy01to005_s1_c1_rnetol_d256_depth3_p20,seed083,83,388,38800,100,16,63.31974564341319,126.2723570077864,54.22377273907396,False,max_epochs,1764.013019323349
rl4crn_rne_oscillator_trace_8rxn_stop_risksched085to095_lr1e4_entropy01to005_s1_c1_rnetol_d256_depth3_p20,seed083,83,389,38900,100,16,67.71946669197466,123.9891937131246,54.22377273907396,False,max_epochs,1769.0342810153961
rl4crn_rne_oscillator_trace_8rxn_stop_risksched085to095_lr1e4_entropy01to005_s1_c1_rnetol_d256_depth3_p20,seed083,83,390,39000,100,16,69.6548067861327,125.0104044133141,54.22377273907396,False,max_epochs,1773.9761135578156
rl4crn_rne_oscillator_trace_8rxn_stop_risksched085to095_lr1e4_entropy01to005_s1_c1_rnetol_d256_depth3_p20,seed083,83,391,39100,100,16,63.12494982603319,117.71510739628368,54.22377273907396,False,max_epochs,1779.3646395206451
rl4crn_rne_oscillator_trace_8rxn_stop_risksched085to095_lr1e4_entropy01to005_s1_c1_rnetol_d256_depth3_p20,seed083,83,392,39200,100,16,57.38094997547472,125.68237328694005,54.22377273907396,False,max_epochs,1784.2968442440033
rl4crn_rne_oscillator_trace_8rxn_stop_risksched085to095_lr1e4_entropy01to005_s1_c1_rnetol_d256_depth3_p20,seed083,83,393,39300,100,16,60.34122449095511,129.859060474474,54.22377273907396,False,max_epochs,1789.266141653061
rl4crn_rne_oscillator_trace_8rxn_stop_risksched085to095_lr1e4_entropy01to005_s1_c1_rnetol_d256_depth3_p20,seed083,83,394,39400,100,16,62.06799643245734,121.88080585997812,54.22377273907396,False,max_epochs,1794.1942644119263
rl4crn_rne_oscillator_trace_8rxn_stop_risksched085to095_lr1e4_entropy01to005_s1_c1_rnetol_d256_depth3_p20,seed083,83,395,39500,100,16,58.73052616821814,116.53156056369853,54.22377273907396,False,max_epochs,1799.70121717453
rl4crn_rne_oscillator_trace_8rxn_stop_risksched085to095_lr1e4_entropy01to005_s1_c1_rnetol_d256_depth3_p20,seed083,83,396,39600,100,16,68.81668900487874,125.48355898524474,54.22377273907396,False,max_epochs,1804.7577774524689
rl4crn_rne_oscillator_trace_8rxn_stop_risksched085to095_lr1e4_entropy01to005_s1_c1_rnetol_d256_depth3_p20,seed083,83,397,39700,100,16,62.42694226591415,125.02730214279828,54.22377273907396,False,max_epochs,1809.7836384773254
rl4crn_rne_oscillator_trace_8rxn_stop_risksched085to095_lr1e4_entropy01to005_s1_c1_rnetol_d256_depth3_p20,seed083,83,398,39800,100,16,59.217423203710254,124.78661414874063,54.22377273907396,False,max_epochs,1814.6419603824615
rl4crn_rne_oscillator_trace_8rxn_stop_risksched085to095_lr1e4_entropy01to005_s1_c1_rnetol_d256_depth3_p20,seed083,83,399,39900,100,16,63.42409104553569,125.00410762826102,54.22377273907396,False,max_epochs,1819.9532968997955
rl4crn_rne_oscillator_trace_8rxn_stop_risksched085to095_lr1e4_entropy01to005_s1_c1_rnetol_d256_depth3_p20,seed083,83,400,40000,100,16,51.447379192895056,122.9624126760248,51.447379192895056,False,max_epochs,1824.9655129909515
rl4crn_rne_oscillator_trace_8rxn_stop_risksched085to095_lr1e4_entropy01to005_s1_c1_rnetol_d256_depth3_p20,seed083,83,401,40100,100,16,50.11618712286971,123.97206582874009,50.11618712286971,False,max_epochs,1829.7880289554596
rl4crn_rne_oscillator_trace_8rxn_stop_risksched085to095_lr1e4_entropy01to005_s1_c1_rnetol_d256_depth3_p20,seed083,83,402,40200,100,16,63.709863328881355,125.00294300805103,50.11618712286971,False,max_epochs,1834.7305552959442
rl4crn_rne_oscillator_trace_8rxn_stop_risksched085to095_lr1e4_entropy01to005_s1_c1_rnetol_d256_depth3_p20,seed083,83,403,40300,100,16,61.48759356643416,121.44587812242179,50.11618712286971,False,max_epochs,1839.5985012054443
rl4crn_rne_oscillator_trace_8rxn_stop_risksched085to095_lr1e4_entropy01to005_s1_c1_rnetol_d256_depth3_p20,seed083,83,404,40400,100,16,59.05757919337805,119.76041196573308,50.11618712286971,False,max_epochs,1844.5602192878723
rl4crn_rne_oscillator_trace_8rxn_stop_risksched085to095_lr1e4_entropy01to005_s1_c1_rnetol_d256_depth3_p20,seed083,83,405,40500,100,16,61.516492420873256,125.0080338152085,50.11618712286971,False,max_epochs,1849.2606847286224
rl4crn_rne_oscillator_trace_8rxn_stop_risksched085to095_lr1e4_entropy01to005_s1_c1_rnetol_d256_depth3_p20,seed083,83,406,40600,100,16,53.40794802692279,125.84817500240487,50.11618712286971,False,max_epochs,1854.2000436782837
rl4crn_rne_oscillator_trace_8rxn_stop_risksched085to095_lr1e4_entropy01to005_s1_c1_rnetol_d256_depth3_p20,seed083,83,407,40700,100,16,43.74571243035298,122.64082679430521,43.74571243035298,False,max_epochs,1858.2607865333557
rl4crn_rne_oscillator_trace_8rxn_stop_risksched085to095_lr1e4_entropy01to005_s1_c1_rnetol_d256_depth3_p20,seed083,83,408,40800,100,16,53.194097472939866,125.49433059595206,43.74571243035298,False,max_epochs,1861.0005297660828
rl4crn_rne_oscillator_trace_8rxn_stop_risksched085to095_lr1e4_entropy01to005_s1_c1_rnetol_d256_depth3_p20,seed083,83,409,40900,100,16,46.76815249859651,124.91752631682161,43.74571243035298,False,max_epochs,1865.9243984222412
rl4crn_rne_oscillator_trace_8rxn_stop_risksched085to095_lr1e4_entropy01to005_s1_c1_rnetol_d256_depth3_p20,seed083,83,410,41000,100,16,53.24250863933733,125.00348049486959,43.74571243035298,False,max_epochs,1870.6929426193237
rl4crn_rne_oscillator_trace_8rxn_stop_risksched085to095_lr1e4_entropy01to005_s1_c1_rnetol_d256_depth3_p20,seed083,83,411,41100,100,16,53.79392272875987,124.57292695805842,43.74571243035298,False,max_epochs,1875.744470357895
rl4crn_rne_oscillator_trace_8rxn_stop_risksched085to095_lr1e4_entropy01to005_s1_c1_rnetol_d256_depth3_p20,seed083,83,412,41200,100,16,42.83460689086571,125.25090127441393,42.83460689086571,False,max_epochs,1880.747277021408
rl4crn_rne_oscillator_trace_8rxn_stop_risksched085to095_lr1e4_entropy01to005_s1_c1_rnetol_d256_depth3_p20,seed083,83,413,41300,100,16,55.41676915102068,125.0009865227464,42.83460689086571,False,max_epochs,1886.1946260929108
rl4crn_rne_oscillator_trace_8rxn_stop_risksched085to095_lr1e4_entropy01to005_s1_c1_rnetol_d256_depth3_p20,seed083,83,414,41400,100,16,54.207868699265006,128.26243582622737,42.83460689086571,False,max_epochs,1891.280701637268
rl4crn_rne_oscillator_trace_8rxn_stop_risksched085to095_lr1e4_entropy01to005_s1_c1_rnetol_d256_depth3_p20,seed083,83,415,41500,100,16,50.46729697574197,123.26573848684515,42.83460689086571,False,max_epochs,1896.401338815689
rl4crn_rne_oscillator_trace_8rxn_stop_risksched085to095_lr1e4_entropy01to005_s1_c1_rnetol_d256_depth3_p20,seed083,83,416,41600,100,16,46.91118484787671,125.28685595705699,42.83460689086571,False,max_epochs,1901.410921573639
rl4crn_rne_oscillator_trace_8rxn_stop_risksched085to095_lr1e4_entropy01to005_s1_c1_rnetol_d256_depth3_p20,seed083,83,417,41700,100,16,57.574941184698616,122.67740663848102,42.83460689086571,False,max_epochs,1906.5124726295471
rl4crn_rne_oscillator_trace_8rxn_stop_risksched085to095_lr1e4_entropy01to005_s1_c1_rnetol_d256_depth3_p20,seed083,83,418,41800,100,16,45.10891464475599,125.02127189205106,42.83460689086571,False,max_epochs,1911.453840970993
rl4crn_rne_oscillator_trace_8rxn_stop_risksched085to095_lr1e4_entropy01to005_s1_c1_rnetol_d256_depth3_p20,seed083,83,419,41900,100,16,51.083502227361606,124.89196220192403,42.83460689086571,False,max_epochs,1916.1320033073425
rl4crn_rne_oscillator_trace_8rxn_stop_risksched085to095_lr1e4_entropy01to005_s1_c1_rnetol_d256_depth3_p20,seed083,83,420,42000,100,16,38.98730954791728,125.00041072403411,38.98730954791728,False,max_epochs,1921.316129207611
rl4crn_rne_oscillator_trace_8rxn_stop_risksched085to095_lr1e4_entropy01to005_s1_c1_rnetol_d256_depth3_p20,seed083,83,421,42100,100,16,66.8560546786998,128.98392280740208,38.98730954791728,False,max_epochs,1926.941767692566
rl4crn_rne_oscillator_trace_8rxn_stop_risksched085to095_lr1e4_entropy01to005_s1_c1_rnetol_d256_depth3_p20,seed083,83,422,42200,100,16,61.12661806728771,128.6695973973452,38.98730954791728,False,max_epochs,1931.9639189243317
rl4crn_rne_oscillator_trace_8rxn_stop_risksched085to095_lr1e4_entropy01to005_s1_c1_rnetol_d256_depth3_p20,seed083,83,423,42300,100,16,43.80076610578125,123.73166376560644,38.98730954791728,False,max_epochs,1936.976348400116
rl4crn_rne_oscillator_trace_8rxn_stop_risksched085to095_lr1e4_entropy01to005_s1_c1_rnetol_d256_depth3_p20,seed083,83,424,42400,100,16,64.98610567214172,125.73314826896367,38.98730954791728,False,max_epochs,1942.0806939601898
rl4crn_rne_oscillator_trace_8rxn_stop_risksched085to095_lr1e4_entropy01to005_s1_c1_rnetol_d256_depth3_p20,seed083,83,425,42500,100,16,62.33983206789874,125.15104382789477,38.98730954791728,False,max_epochs,1947.3195769786835
rl4crn_rne_oscillator_trace_8rxn_stop_risksched085to095_lr1e4_entropy01to005_s1_c1_rnetol_d256_depth3_p20,seed083,83,426,42600,100,16,48.87786357383348,125.00831884752785,38.98730954791728,False,max_epochs,1952.082337141037
rl4crn_rne_oscillator_trace_8rxn_stop_risksched085to095_lr1e4_entropy01to005_s1_c1_rnetol_d256_depth3_p20,seed083,83,427,42700,100,16,54.59014796679832,127.63785767866662,38.98730954791728,False,max_epochs,1957.0500383377075
rl4crn_rne_oscillator_trace_8rxn_stop_risksched085to095_lr1e4_entropy01to005_s1_c1_rnetol_d256_depth3_p20,seed083,83,428,42800,100,16,48.82732189472059,129.0809477976788,38.98730954791728,False,max_epochs,1962.1925921440125
rl4crn_rne_oscillator_trace_8rxn_stop_risksched085to095_lr1e4_entropy01to005_s1_c1_rnetol_d256_depth3_p20,seed083,83,429,42900,100,16,43.931470412130444,126.15947845582339,38.98730954791728,False,max_epochs,1967.451647758484
rl4crn_rne_oscillator_trace_8rxn_stop_risksched085to095_lr1e4_entropy01to005_s1_c1_rnetol_d256_depth3_p20,seed083,83,430,43000,100,16,71.44740826818617,125.23715017204852,38.98730954791728,False,max_epochs,1972.0930268764496
rl4crn_rne_oscillator_trace_8rxn_stop_risksched085to095_lr1e4_entropy01to005_s1_c1_rnetol_d256_depth3_p20,seed083,83,431,43100,100,16,100.04876437788015,125.05502218874119,38.98730954791728,False,max_epochs,1976.7128608226776
rl4crn_rne_oscillator_trace_8rxn_stop_risksched085to095_lr1e4_entropy01to005_s1_c1_rnetol_d256_depth3_p20,seed083,83,432,43200,100,16,96.39837754258497,126.52924910309709,38.98730954791728,False,max_epochs,1981.46333527565
rl4crn_rne_oscillator_trace_8rxn_stop_risksched085to095_lr1e4_entropy01to005_s1_c1_rnetol_d256_depth3_p20,seed083,83,433,43300,100,16,101.19306002511374,125.92793635642583,38.98730954791728,False,max_epochs,1985.9486908912659
rl4crn_rne_oscillator_trace_8rxn_stop_risksched085to095_lr1e4_entropy01to005_s1_c1_rnetol_d256_depth3_p20,seed083,83,434,43400,100,16,94.21474393310325,126.4534694869356,38.98730954791728,False,max_epochs,1988.2031693458557
rl4crn_rne_oscillator_trace_8rxn_stop_risksched085to095_lr1e4_entropy01to005_s1_c1_rnetol_d256_depth3_p20,seed083,83,435,43500,100,16,51.49822638468259,125.17493232634388,38.98730954791728,False,max_epochs,1992.725121974945
rl4crn_rne_oscillator_trace_8rxn_stop_risksched085to095_lr1e4_entropy01to005_s1_c1_rnetol_d256_depth3_p20,seed083,83,436,43600,100,16,69.85474759942173,126.1880031083909,38.98730954791728,False,max_epochs,1997.785969734192
rl4crn_rne_oscillator_trace_8rxn_stop_risksched085to095_lr1e4_entropy01to005_s1_c1_rnetol_d256_depth3_p20,seed083,83,437,43700,100,16,86.2635708358209,126.53994634918203,38.98730954791728,False,max_epochs,2002.7960987091064
rl4crn_rne_oscillator_trace_8rxn_stop_risksched085to095_lr1e4_entropy01to005_s1_c1_rnetol_d256_depth3_p20,seed083,83,438,43800,100,16,80.34455478886969,125.05277373694452,38.98730954791728,False,max_epochs,2007.9001824855804
rl4crn_rne_oscillator_trace_8rxn_stop_risksched085to095_lr1e4_entropy01to005_s1_c1_rnetol_d256_depth3_p20,seed083,83,439,43900,100,16,86.72689566547292,127.31845689637035,38.98730954791728,False,max_epochs,2013.0724520683289
rl4crn_rne_oscillator_trace_8rxn_stop_risksched085to095_lr1e4_entropy01to005_s1_c1_rnetol_d256_depth3_p20,seed083,83,440,44000,100,16,74.95519000242929,128.5605353205783,38.98730954791728,False,max_epochs,2017.933972120285
rl4crn_rne_oscillator_trace_8rxn_stop_risksched085to095_lr1e4_entropy01to005_s1_c1_rnetol_d256_depth3_p20,seed083,83,441,44100,100,16,52.032973703025775,125.16870240656844,38.98730954791728,False,max_epochs,2022.3887021541595
rl4crn_rne_oscillator_trace_8rxn_stop_risksched085to095_lr1e4_entropy01to005_s1_c1_rnetol_d256_depth3_p20,seed083,83,442,44200,100,16,83.2611615935037,124.71291511471932,38.98730954791728,False,max_epochs,2027.1089053153992
rl4crn_rne_oscillator_trace_8rxn_stop_risksched085to095_lr1e4_entropy01to005_s1_c1_rnetol_d256_depth3_p20,seed083,83,443,44300,100,16,88.61401901686884,125.75333501972118,38.98730954791728,False,max_epochs,2031.4661297798157
rl4crn_rne_oscillator_trace_8rxn_stop_risksched085to095_lr1e4_entropy01to005_s1_c1_rnetol_d256_depth3_p20,seed083,83,444,44400,100,16,60.884563420390776,133.89742008204752,38.98730954791728,False,max_epochs,2034.030799150467
rl4crn_rne_oscillator_trace_8rxn_stop_risksched085to095_lr1e4_entropy01to005_s1_c1_rnetol_d256_depth3_p20,seed083,83,445,44500,100,16,46.69487952063379,131.49635078582207,38.98730954791728,False,max_epochs,2038.8487801551819
rl4crn_rne_oscillator_trace_8rxn_stop_risksched085to095_lr1e4_entropy01to005_s1_c1_rnetol_d256_depth3_p20,seed083,83,446,44600,100,16,79.92921659221032,131.1285885565111,38.98730954791728,False,max_epochs,2043.7248737812042
rl4crn_rne_oscillator_trace_8rxn_stop_risksched085to095_lr1e4_entropy01to005_s1_c1_rnetol_d256_depth3_p20,seed083,83,447,44700,100,16,75.8786748148158,129.6277156567894,38.98730954791728,False,max_epochs,2048.86660861969
rl4crn_rne_oscillator_trace_8rxn_stop_risksched085to095_lr1e4_entropy01to005_s1_c1_rnetol_d256_depth3_p20,seed083,83,448,44800,100,16,63.50585471344443,125.99115084486789,38.98730954791728,False,max_epochs,2053.979071378708
rl4crn_rne_oscillator_trace_8rxn_stop_risksched085to095_lr1e4_entropy01to005_s1_c1_rnetol_d256_depth3_p20,seed083,83,449,44900,100,16,71.29192614848941,128.93083329473058,38.98730954791728,False,max_epochs,2059.18785071373
rl4crn_rne_oscillator_trace_8rxn_stop_risksched085to095_lr1e4_entropy01to005_s1_c1_rnetol_d256_depth3_p20,seed083,83,450,45000,100,16,75.87308105970651,128.66628575793402,38.98730954791728,False,max_epochs,2063.76220369339
rl4crn_rne_oscillator_trace_8rxn_stop_risksched085to095_lr1e4_entropy01to005_s1_c1_rnetol_d256_depth3_p20,seed083,83,451,45100,100,16,75.56003416070035,129.31190301077982,38.98730954791728,False,max_epochs,2069.016190767288
rl4crn_rne_oscillator_trace_8rxn_stop_risksched085to095_lr1e4_entropy01to005_s1_c1_rnetol_d256_depth3_p20,seed083,83,452,45200,100,16,69.91695279975556,127.44139361210489,38.98730954791728,False,max_epochs,2074.3076450824738
rl4crn_rne_oscillator_trace_8rxn_stop_risksched085to095_lr1e4_entropy01to005_s1_c1_rnetol_d256_depth3_p20,seed083,83,453,45300,100,16,69.48539229672286,128.4042441036425,38.98730954791728,False,max_epochs,2079.64217877388
rl4crn_rne_oscillator_trace_8rxn_stop_risksched085to095_lr1e4_entropy01to005_s1_c1_rnetol_d256_depth3_p20,seed083,83,454,45400,100,16,78.15026392653549,128.19501219028896,38.98730954791728,False,max_epochs,2084.6944983005524
rl4crn_rne_oscillator_trace_8rxn_stop_risksched085to095_lr1e4_entropy01to005_s1_c1_rnetol_d256_depth3_p20,seed083,83,455,45500,100,16,70.45217766173803,127.7608742810296,38.98730954791728,False,max_epochs,2089.9017481803894
rl4crn_rne_oscillator_trace_8rxn_stop_risksched085to095_lr1e4_entropy01to005_s1_c1_rnetol_d256_depth3_p20,seed083,83,456,45600,100,16,71.90995911875491,130.06589424272642,38.98730954791728,False,max_epochs,2094.845378637314
rl4crn_rne_oscillator_trace_8rxn_stop_risksched085to095_lr1e4_entropy01to005_s1_c1_rnetol_d256_depth3_p20,seed083,83,457,45700,100,16,70.34302793520419,127.05662258101326,38.98730954791728,False,max_epochs,2100.1025886535645
rl4crn_rne_oscillator_trace_8rxn_stop_risksched085to095_lr1e4_entropy01to005_s1_c1_rnetol_d256_depth3_p20,seed083,83,458,45800,100,16,69.49715630012184,125.56855152505358,38.98730954791728,False,max_epochs,2104.855226278305
rl4crn_rne_oscillator_trace_8rxn_stop_risksched085to095_lr1e4_entropy01to005_s1_c1_rnetol_d256_depth3_p20,seed083,83,459,45900,100,16,77.35525922648974,126.62785654597167,38.98730954791728,False,max_epochs,2110.0199539661407
rl4crn_rne_oscillator_trace_8rxn_stop_risksched085to095_lr1e4_entropy01to005_s1_c1_rnetol_d256_depth3_p20,seed083,83,460,46000,100,16,63.15471089665635,125.03174025018359,38.98730954791728,False,max_epochs,2115.0704832077026
rl4crn_rne_oscillator_trace_8rxn_stop_risksched085to095_lr1e4_entropy01to005_s1_c1_rnetol_d256_depth3_p20,seed083,83,461,46100,100,16,61.38594675105778,125.12636930731452,38.98730954791728,False,max_epochs,2120.1866352558136
rl4crn_rne_oscillator_trace_8rxn_stop_risksched085to095_lr1e4_entropy01to005_s1_c1_rnetol_d256_depth3_p20,seed083,83,462,46200,100,16,41.76960314280229,125.00263259865527,38.98730954791728,False,max_epochs,2125.1589646339417
rl4crn_rne_oscillator_trace_8rxn_stop_risksched085to095_lr1e4_entropy01to005_s1_c1_rnetol_d256_depth3_p20,seed083,83,463,46300,100,16,76.16287557383669,123.36207227440406,38.98730954791728,False,max_epochs,2130.146635532379
rl4crn_rne_oscillator_trace_8rxn_stop_risksched085to095_lr1e4_entropy01to005_s1_c1_rnetol_d256_depth3_p20,seed083,83,464,46400,100,16,70.34760885948019,125.00376973548657,38.98730954791728,False,max_epochs,2135.116222143173
rl4crn_rne_oscillator_trace_8rxn_stop_risksched085to095_lr1e4_entropy01to005_s1_c1_rnetol_d256_depth3_p20,seed083,83,465,46500,100,16,57.164834980991095,124.36375689037024,38.98730954791728,False,max_epochs,2139.7216262817383
rl4crn_rne_oscillator_trace_8rxn_stop_risksched085to095_lr1e4_entropy01to005_s1_c1_rnetol_d256_depth3_p20,seed083,83,466,46600,100,16,81.5270706324268,126.56091411201055,38.98730954791728,False,max_epochs,2144.6833505630493
rl4crn_rne_oscillator_trace_8rxn_stop_risksched085to095_lr1e4_entropy01to005_s1_c1_rnetol_d256_depth3_p20,seed083,83,467,46700,100,16,91.05717158028565,128.5638989526617,38.98730954791728,False,max_epochs,2149.217207670212
rl4crn_rne_oscillator_trace_8rxn_stop_risksched085to095_lr1e4_entropy01to005_s1_c1_rnetol_d256_depth3_p20,seed083,83,468,46800,100,16,84.43408329605104,127.55049021934911,38.98730954791728,False,max_epochs,2151.527888059616
rl4crn_rne_oscillator_trace_8rxn_stop_risksched085to095_lr1e4_entropy01to005_s1_c1_rnetol_d256_depth3_p20,seed083,83,469,46900,100,16,63.27790300410029,124.02042431301325,38.98730954791728,False,max_epochs,2155.8785769939423
rl4crn_rne_oscillator_trace_8rxn_stop_risksched085to095_lr1e4_entropy01to005_s1_c1_rnetol_d256_depth3_p20,seed083,83,470,47000,100,16,89.08282116895606,128.10115471914304,38.98730954791728,False,max_epochs,2160.7983887195587
rl4crn_rne_oscillator_trace_8rxn_stop_risksched085to095_lr1e4_entropy01to005_s1_c1_rnetol_d256_depth3_p20,seed083,83,471,47100,100,16,105.37508733768426,128.7227986059462,38.98730954791728,False,max_epochs,2165.71822309494
rl4crn_rne_oscillator_trace_8rxn_stop_risksched085to095_lr1e4_entropy01to005_s1_c1_rnetol_d256_depth3_p20,seed083,83,472,47200,100,16,66.54677418138569,128.20906472506832,38.98730954791728,False,max_epochs,2171.3333463668823
rl4crn_rne_oscillator_trace_8rxn_stop_risksched085to095_lr1e4_entropy01to005_s1_c1_rnetol_d256_depth3_p20,seed083,83,473,47300,100,16,56.30941153844416,124.50062322530553,38.98730954791728,False,max_epochs,2176.1153330802917
rl4crn_rne_oscillator_trace_8rxn_stop_risksched085to095_lr1e4_entropy01to005_s1_c1_rnetol_d256_depth3_p20,seed083,83,474,47400,100,16,75.92888753515398,126.30104682732207,38.98730954791728,False,max_epochs,2181.1453442573547
rl4crn_rne_oscillator_trace_8rxn_stop_risksched085to095_lr1e4_entropy01to005_s1_c1_rnetol_d256_depth3_p20,seed083,83,475,47500,100,16,67.73494795452356,125.56301876964883,38.98730954791728,False,max_epochs,2186.245773077011
rl4crn_rne_oscillator_trace_8rxn_stop_risksched085to095_lr1e4_entropy01to005_s1_c1_rnetol_d256_depth3_p20,seed083,83,476,47600,100,16,51.76615966206874,126.0547983709142,38.98730954791728,False,max_epochs,2191.5837535858154
rl4crn_rne_oscillator_trace_8rxn_stop_risksched085to095_lr1e4_entropy01to005_s1_c1_rnetol_d256_depth3_p20,seed083,83,477,47700,100,16,75.51157795873914,125.06472189643327,38.98730954791728,False,max_epochs,2196.63495016098
rl4crn_rne_oscillator_trace_8rxn_stop_risksched085to095_lr1e4_entropy01to005_s1_c1_rnetol_d256_depth3_p20,seed083,83,478,47800,100,16,64.93059470811782,126.2328446462632,38.98730954791728,False,max_epochs,2201.6297221183777
rl4crn_rne_oscillator_trace_8rxn_stop_risksched085to095_lr1e4_entropy01to005_s1_c1_rnetol_d256_depth3_p20,seed083,83,479,47900,100,16,65.96510399703742,125.01370702106934,38.98730954791728,False,max_epochs,2206.573442220688
rl4crn_rne_oscillator_trace_8rxn_stop_risksched085to095_lr1e4_entropy01to005_s1_c1_rnetol_d256_depth3_p20,seed083,83,480,48000,100,16,54.09312094071216,130.89358415217396,38.98730954791728,False,max_epochs,2211.9695024490356
rl4crn_rne_oscillator_trace_8rxn_stop_risksched085to095_lr1e4_entropy01to005_s1_c1_rnetol_d256_depth3_p20,seed083,83,481,48100,100,16,66.27133386038597,128.89585533759376,38.98730954791728,False,max_epochs,2216.914637327194
rl4crn_rne_oscillator_trace_8rxn_stop_risksched085to095_lr1e4_entropy01to005_s1_c1_rnetol_d256_depth3_p20,seed083,83,482,48200,100,16,55.788380555650235,129.20930863166421,38.98730954791728,False,max_epochs,2222.014281988144
rl4crn_rne_oscillator_trace_8rxn_stop_risksched085to095_lr1e4_entropy01to005_s1_c1_rnetol_d256_depth3_p20,seed083,83,483,48300,100,16,66.79850645225831,125.0305620185998,38.98730954791728,False,max_epochs,2227.212251186371
rl4crn_rne_oscillator_trace_8rxn_stop_risksched085to095_lr1e4_entropy01to005_s1_c1_rnetol_d256_depth3_p20,seed083,83,484,48400,100,16,53.38107669541336,125.04302041582736,38.98730954791728,False,max_epochs,2232.493751525879
rl4crn_rne_oscillator_trace_8rxn_stop_risksched085to095_lr1e4_entropy01to005_s1_c1_rnetol_d256_depth3_p20,seed083,83,485,48500,100,16,58.88609527664132,125.01639050803553,38.98730954791728,False,max_epochs,2237.57195019722
rl4crn_rne_oscillator_trace_8rxn_stop_risksched085to095_lr1e4_entropy01to005_s1_c1_rnetol_d256_depth3_p20,seed083,83,486,48600,100,16,57.56584436188988,127.64812338055069,38.98730954791728,False,max_epochs,2242.7707448005676
rl4crn_rne_oscillator_trace_8rxn_stop_risksched085to095_lr1e4_entropy01to005_s1_c1_rnetol_d256_depth3_p20,seed083,83,487,48700,100,16,48.19303053148445,125.00179652433052,38.98730954791728,False,max_epochs,2247.6946160793304
rl4crn_rne_oscillator_trace_8rxn_stop_risksched085to095_lr1e4_entropy01to005_s1_c1_rnetol_d256_depth3_p20,seed083,83,488,48800,100,16,45.12020673755569,125.43263256741805,38.98730954791728,False,max_epochs,2252.9276869297028
rl4crn_rne_oscillator_trace_8rxn_stop_risksched085to095_lr1e4_entropy01to005_s1_c1_rnetol_d256_depth3_p20,seed083,83,489,48900,100,16,49.13229879090478,125.00492995310917,38.98730954791728,False,max_epochs,2257.7833712100983
rl4crn_rne_oscillator_trace_8rxn_stop_risksched085to095_lr1e4_entropy01to005_s1_c1_rnetol_d256_depth3_p20,seed083,83,490,49000,100,16,47.428688617997906,125.00623424169416,38.98730954791728,False,max_epochs,2262.7826058864594
rl4crn_rne_oscillator_trace_8rxn_stop_risksched085to095_lr1e4_entropy01to005_s1_c1_rnetol_d256_depth3_p20,seed083,83,491,49100,100,16,46.928055928030226,125.33030260550765,38.98730954791728,False,max_epochs,2267.921552658081
rl4crn_rne_oscillator_trace_8rxn_stop_risksched085to095_lr1e4_entropy01to005_s1_c1_rnetol_d256_depth3_p20,seed083,83,492,49200,100,16,75.01145753736272,122.25569111073445,38.98730954791728,False,max_epochs,2273.2761991024017
rl4crn_rne_oscillator_trace_8rxn_stop_risksched085to095_lr1e4_entropy01to005_s1_c1_rnetol_d256_depth3_p20,seed083,83,493,49300,100,16,91.4754177399699,125.03278008584371,38.98730954791728,False,max_epochs,2277.678681373596
rl4crn_rne_oscillator_trace_8rxn_stop_risksched085to095_lr1e4_entropy01to005_s1_c1_rnetol_d256_depth3_p20,seed083,83,494,49400,100,16,44.55425518301862,117.38203445513231,38.98730954791728,False,max_epochs,2282.5176939964294
rl4crn_rne_oscillator_trace_8rxn_stop_risksched085to095_lr1e4_entropy01to005_s1_c1_rnetol_d256_depth3_p20,seed083,83,495,49500,100,16,78.42316965544785,134.04115145610797,38.98730954791728,False,max_epochs,2287.757056236267
rl4crn_rne_oscillator_trace_8rxn_stop_risksched085to095_lr1e4_entropy01to005_s1_c1_rnetol_d256_depth3_p20,seed083,83,496,49600,100,16,76.32356583474213,134.83311646854492,38.98730954791728,False,max_epochs,2292.8584520816803
rl4crn_rne_oscillator_trace_8rxn_stop_risksched085to095_lr1e4_entropy01to005_s1_c1_rnetol_d256_depth3_p20,seed083,83,497,49700,100,16,80.25592277732375,132.27526069231914,38.98730954791728,False,max_epochs,2297.699218273163
rl4crn_rne_oscillator_trace_8rxn_stop_risksched085to095_lr1e4_entropy01to005_s1_c1_rnetol_d256_depth3_p20,seed083,83,498,49800,100,16,48.374614187199775,122.71162457470776,38.98730954791728,False,max_epochs,2302.9412908554077
rl4crn_rne_oscillator_trace_8rxn_stop_risksched085to095_lr1e4_entropy01to005_s1_c1_rnetol_d256_depth3_p20,seed083,83,499,49900,100,16,71.46796363096871,126.68035121273617,38.98730954791728,False,max_epochs,2307.7616217136383
rl4crn_rne_oscillator_trace_8rxn_stop_risksched085to095_lr1e4_entropy01to005_s1_c1_rnetol_d256_depth3_p20,seed083,83,500,50000,100,16,93.49795664558526,131.31729092248986,38.98730954791728,False,max_epochs,2312.7061173915863
rl4crn_rne_oscillator_trace_8rxn_stop_risksched085to095_lr1e4_entropy01to005_s1_c1_rnetol_d256_depth3_p20,seed083,83,501,50100,100,16,86.89242383839144,127.98629295383857,38.98730954791728,False,max_epochs,2317.479990720749
rl4crn_rne_oscillator_trace_8rxn_stop_risksched085to095_lr1e4_entropy01to005_s1_c1_rnetol_d256_depth3_p20,seed083,83,502,50200,100,16,93.57181410072528,129.8443261358276,38.98730954791728,False,max_epochs,2322.8554792404175
rl4crn_rne_oscillator_trace_8rxn_stop_risksched085to095_lr1e4_entropy01to005_s1_c1_rnetol_d256_depth3_p20,seed083,83,503,50300,100,16,49.441310307016145,125.41125908658944,38.98730954791728,False,max_epochs,2327.8479495048523
rl4crn_rne_oscillator_trace_8rxn_stop_risksched085to095_lr1e4_entropy01to005_s1_c1_rnetol_d256_depth3_p20,seed083,83,504,50400,100,16,60.59607017593117,129.95734648561142,38.98730954791728,False,max_epochs,2333.0650177001953
rl4crn_rne_oscillator_trace_8rxn_stop_risksched085to095_lr1e4_entropy01to005_s1_c1_rnetol_d256_depth3_p20,seed083,83,505,50500,100,16,70.78909558930845,133.9766190767525,38.98730954791728,False,max_epochs,2338.3775720596313
rl4crn_rne_oscillator_trace_8rxn_stop_risksched085to095_lr1e4_entropy01to005_s1_c1_rnetol_d256_depth3_p20,seed083,83,506,50600,100,16,64.28676700353887,133.33734698548005,38.98730954791728,False,max_epochs,2343.455560207367
rl4crn_rne_oscillator_trace_8rxn_stop_risksched085to095_lr1e4_entropy01to005_s1_c1_rnetol_d256_depth3_p20,seed083,83,507,50700,100,16,41.05624682861268,125.69844269953688,38.98730954791728,False,max_epochs,2348.3391213417053
rl4crn_rne_oscillator_trace_8rxn_stop_risksched085to095_lr1e4_entropy01to005_s1_c1_rnetol_d256_depth3_p20,seed083,83,508,50800,100,16,37.62188791390505,125.00201645674917,37.62188791390505,False,max_epochs,2353.433705329895
rl4crn_rne_oscillator_trace_8rxn_stop_risksched085to095_lr1e4_entropy01to005_s1_c1_rnetol_d256_depth3_p20,seed083,83,509,50900,100,16,62.89456884055466,125.14383523624758,37.62188791390505,False,max_epochs,2358.569725751877
rl4crn_rne_oscillator_trace_8rxn_stop_risksched085to095_lr1e4_entropy01to005_s1_c1_rnetol_d256_depth3_p20,seed083,83,510,51000,100,16,56.156812238529675,125.02747958707076,37.62188791390505,False,max_epochs,2363.818883419037
rl4crn_rne_oscillator_trace_8rxn_stop_risksched085to095_lr1e4_entropy01to005_s1_c1_rnetol_d256_depth3_p20,seed083,83,511,51100,100,16,60.81787670379511,128.16573732078902,37.62188791390505,False,max_epochs,2368.8393833637238
rl4crn_rne_oscillator_trace_8rxn_stop_risksched085to095_lr1e4_entropy01to005_s1_c1_rnetol_d256_depth3_p20,seed083,83,512,51200,100,16,56.5822246786056,128.9151699182547,37.62188791390505,False,max_epochs,2374.0164136886597
rl4crn_rne_oscillator_trace_8rxn_stop_risksched085to095_lr1e4_entropy01to005_s1_c1_rnetol_d256_depth3_p20,seed083,83,513,51300,100,16,54.253986570373755,130.22741662351586,37.62188791390505,False,max_epochs,2379.0949878692627
rl4crn_rne_oscillator_trace_8rxn_stop_risksched085to095_lr1e4_entropy01to005_s1_c1_rnetol_d256_depth3_p20,seed083,83,514,51400,100,16,63.06939696071955,125.11582049325432,37.62188791390505,False,max_epochs,2384.271091222763
rl4crn_rne_oscillator_trace_8rxn_stop_risksched085to095_lr1e4_entropy01to005_s1_c1_rnetol_d256_depth3_p20,seed083,83,515,51500,100,16,59.314440935871275,129.34331254170434,37.62188791390505,False,max_epochs,2389.2135932445526
rl4crn_rne_oscillator_trace_8rxn_stop_risksched085to095_lr1e4_entropy01to005_s1_c1_rnetol_d256_depth3_p20,seed083,83,516,51600,100,16,40.422455446878,125.01309227336816,37.62188791390505,False,max_epochs,2394.1915674209595
rl4crn_rne_oscillator_trace_8rxn_stop_risksched085to095_lr1e4_entropy01to005_s1_c1_rnetol_d256_depth3_p20,seed083,83,517,51700,100,16,52.80999017293506,125.0222309032473,37.62188791390505,False,max_epochs,2399.3925018310547
rl4crn_rne_oscillator_trace_8rxn_stop_risksched085to095_lr1e4_entropy01to005_s1_c1_rnetol_d256_depth3_p20,seed083,83,518,51800,100,16,62.56029472861447,125.01671560818784,37.62188791390505,False,max_epochs,2404.775087118149
rl4crn_rne_oscillator_trace_8rxn_stop_risksched085to095_lr1e4_entropy01to005_s1_c1_rnetol_d256_depth3_p20,seed083,83,519,51900,100,16,38.70172160224585,127.95570825237323,37.62188791390505,False,max_epochs,2409.557585000992
rl4crn_rne_oscillator_trace_8rxn_stop_risksched085to095_lr1e4_entropy01to005_s1_c1_rnetol_d256_depth3_p20,seed083,83,520,52000,100,16,40.26997915877329,126.70446742392294,37.62188791390505,False,max_epochs,2414.6273720264435
rl4crn_rne_oscillator_trace_8rxn_stop_risksched085to095_lr1e4_entropy01to005_s1_c1_rnetol_d256_depth3_p20,seed083,83,521,52100,100,16,41.061070254707765,125.02277853138763,37.62188791390505,False,max_epochs,2419.860408306122
rl4crn_rne_oscillator_trace_8rxn_stop_risksched085to095_lr1e4_entropy01to005_s1_c1_rnetol_d256_depth3_p20,seed083,83,522,52200,100,16,38.441657414522,125.02249328641561,37.62188791390505,False,max_epochs,2425.1633791923523
rl4crn_rne_oscillator_trace_8rxn_stop_risksched085to095_lr1e4_entropy01to005_s1_c1_rnetol_d256_depth3_p20,seed083,83,523,52300,100,16,62.083052544160935,125.04180324649545,37.62188791390505,False,max_epochs,2430.0297310352325
rl4crn_rne_oscillator_trace_8rxn_stop_risksched085to095_lr1e4_entropy01to005_s1_c1_rnetol_d256_depth3_p20,seed083,83,524,52400,100,16,44.94904521780899,126.95212352237921,37.62188791390505,False,max_epochs,2435.113748550415
rl4crn_rne_oscillator_trace_8rxn_stop_risksched085to095_lr1e4_entropy01to005_s1_c1_rnetol_d256_depth3_p20,seed083,83,525,52500,100,16,51.47407985879458,125.06299024483766,37.62188791390505,False,max_epochs,2440.1274218559265
rl4crn_rne_oscillator_trace_8rxn_stop_risksched085to095_lr1e4_entropy01to005_s1_c1_rnetol_d256_depth3_p20,seed083,83,526,52600,100,16,36.9502538115902,125.03112779714678,36.9502538115902,False,max_epochs,2445.5466582775116
rl4crn_rne_oscillator_trace_8rxn_stop_risksched085to095_lr1e4_entropy01to005_s1_c1_rnetol_d256_depth3_p20,seed083,83,527,52700,100,16,48.994879345678186,125.25272311176336,36.9502538115902,False,max_epochs,2450.344161748886
rl4crn_rne_oscillator_trace_8rxn_stop_risksched085to095_lr1e4_entropy01to005_s1_c1_rnetol_d256_depth3_p20,seed083,83,528,52800,100,16,40.5503920659562,125.03276111380902,36.9502538115902,False,max_epochs,2455.348154783249
rl4crn_rne_oscillator_trace_8rxn_stop_risksched085to095_lr1e4_entropy01to005_s1_c1_rnetol_d256_depth3_p20,seed083,83,529,52900,100,16,40.095121024477265,125.00971977147859,36.9502538115902,False,max_epochs,2460.4413208961487
rl4crn_rne_oscillator_trace_8rxn_stop_risksched085to095_lr1e4_entropy01to005_s1_c1_rnetol_d256_depth3_p20,seed083,83,530,53000,100,16,45.67969818845572,131.43848231855765,36.9502538115902,False,max_epochs,2465.8981420993805
rl4crn_rne_oscillator_trace_8rxn_stop_risksched085to095_lr1e4_entropy01to005_s1_c1_rnetol_d256_depth3_p20,seed083,83,531,53100,100,16,33.114532793054046,125.9774256046995,33.114532793054046,False,max_epochs,2470.7883031368256
rl4crn_rne_oscillator_trace_8rxn_stop_risksched085to095_lr1e4_entropy01to005_s1_c1_rnetol_d256_depth3_p20,seed083,83,532,53200,100,16,65.80837687643482,125.08477868311238,33.114532793054046,False,max_epochs,2475.7623584270477
rl4crn_rne_oscillator_trace_8rxn_stop_risksched085to095_lr1e4_entropy01to005_s1_c1_rnetol_d256_depth3_p20,seed083,83,533,53300,100,16,37.83563102288812,125.0885498906664,33.114532793054046,False,max_epochs,2480.969131708145
rl4crn_rne_oscillator_trace_8rxn_stop_risksched085to095_lr1e4_entropy01to005_s1_c1_rnetol_d256_depth3_p20,seed083,83,534,53400,100,16,54.66250586927242,130.71263330714663,33.114532793054046,False,max_epochs,2486.2438926696777
rl4crn_rne_oscillator_trace_8rxn_stop_risksched085to095_lr1e4_entropy01to005_s1_c1_rnetol_d256_depth3_p20,seed083,83,535,53500,100,16,41.041215340867154,128.63529578731067,33.114532793054046,False,max_epochs,2490.973264694214
rl4crn_rne_oscillator_trace_8rxn_stop_risksched085to095_lr1e4_entropy01to005_s1_c1_rnetol_d256_depth3_p20,seed083,83,536,53600,100,16,37.0875484680097,125.08481889187996,33.114532793054046,False,max_epochs,2495.65389585495
rl4crn_rne_oscillator_trace_8rxn_stop_risksched085to095_lr1e4_entropy01to005_s1_c1_rnetol_d256_depth3_p20,seed083,83,537,53700,100,16,63.87818799808455,127.3817031521479,33.114532793054046,False,max_epochs,2500.3303763866425
rl4crn_rne_oscillator_trace_8rxn_stop_risksched085to095_lr1e4_entropy01to005_s1_c1_rnetol_d256_depth3_p20,seed083,83,538,53800,100,16,69.84072950631469,129.8887647561067,33.114532793054046,False,max_epochs,2504.9825024604797
rl4crn_rne_oscillator_trace_8rxn_stop_risksched085to095_lr1e4_entropy01to005_s1_c1_rnetol_d256_depth3_p20,seed083,83,539,53900,100,16,59.011455959958525,130.30917559003362,33.114532793054046,False,max_epochs,2507.077634334564
rl4crn_rne_oscillator_trace_8rxn_stop_risksched085to095_lr1e4_entropy01to005_s1_c1_rnetol_d256_depth3_p20,seed083,83,540,54000,100,16,36.00014207468477,129.92922783507385,33.114532793054046,False,max_epochs,2511.582846403122
rl4crn_rne_oscillator_trace_8rxn_stop_risksched085to095_lr1e4_entropy01to005_s1_c1_rnetol_d256_depth3_p20,seed083,83,541,54100,100,16,51.19654335996169,130.16848955105846,33.114532793054046,False,max_epochs,2516.477281808853
rl4crn_rne_oscillator_trace_8rxn_stop_risksched085to095_lr1e4_entropy01to005_s1_c1_rnetol_d256_depth3_p20,seed083,83,542,54200,100,16,35.39905410412765,127.43896114726812,33.114532793054046,False,max_epochs,2521.804993867874
rl4crn_rne_oscillator_trace_8rxn_stop_risksched085to095_lr1e4_entropy01to005_s1_c1_rnetol_d256_depth3_p20,seed083,83,543,54300,100,16,34.008949731723675,131.39504277850173,33.114532793054046,False,max_epochs,2526.7759160995483
rl4crn_rne_oscillator_trace_8rxn_stop_risksched085to095_lr1e4_entropy01to005_s1_c1_rnetol_d256_depth3_p20,seed083,83,544,54400,100,16,41.82568356826527,129.9597341882702,33.114532793054046,False,max_epochs,2531.781844854355
rl4crn_rne_oscillator_trace_8rxn_stop_risksched085to095_lr1e4_entropy01to005_s1_c1_rnetol_d256_depth3_p20,seed083,83,545,54500,100,16,37.34235845797813,128.9652606914533,33.114532793054046,False,max_epochs,2536.9413986206055
rl4crn_rne_oscillator_trace_8rxn_stop_risksched085to095_lr1e4_entropy01to005_s1_c1_rnetol_d256_depth3_p20,seed083,83,546,54600,100,16,40.201856752161234,132.96941430453006,33.114532793054046,False,max_epochs,2542.0004472732544
rl4crn_rne_oscillator_trace_8rxn_stop_risksched085to095_lr1e4_entropy01to005_s1_c1_rnetol_d256_depth3_p20,seed083,83,547,54700,100,16,44.195066166192035,129.4575204091278,33.114532793054046,False,max_epochs,2546.800798177719
rl4crn_rne_oscillator_trace_8rxn_stop_risksched085to095_lr1e4_entropy01to005_s1_c1_rnetol_d256_depth3_p20,seed083,83,548,54800,100,16,40.01509318584959,127.43127398398833,33.114532793054046,False,max_epochs,2551.7577290534973
rl4crn_rne_oscillator_trace_8rxn_stop_risksched085to095_lr1e4_entropy01to005_s1_c1_rnetol_d256_depth3_p20,seed083,83,549,54900,100,16,42.52702790277466,134.62635445800726,33.114532793054046,False,max_epochs,2556.5671424865723
rl4crn_rne_oscillator_trace_8rxn_stop_risksched085to095_lr1e4_entropy01to005_s1_c1_rnetol_d256_depth3_p20,seed083,83,550,55000,100,16,40.76861537082086,126.06145213647835,33.114532793054046,False,max_epochs,2561.243842124939
rl4crn_rne_oscillator_trace_8rxn_stop_risksched085to095_lr1e4_entropy01to005_s1_c1_rnetol_d256_depth3_p20,seed083,83,551,55100,100,16,44.418643463862914,131.698075395667,33.114532793054046,False,max_epochs,2566.1490383148193
rl4crn_rne_oscillator_trace_8rxn_stop_risksched085to095_lr1e4_entropy01to005_s1_c1_rnetol_d256_depth3_p20,seed083,83,552,55200,100,16,35.91012495993738,129.4556184050907,33.114532793054046,False,max_epochs,2571.456487417221
rl4crn_rne_oscillator_trace_8rxn_stop_risksched085to095_lr1e4_entropy01to005_s1_c1_rnetol_d256_depth3_p20,seed083,83,553,55300,100,16,48.14394637900807,131.11489995095098,33.114532793054046,False,max_epochs,2576.3400354385376
rl4crn_rne_oscillator_trace_8rxn_stop_risksched085to095_lr1e4_entropy01to005_s1_c1_rnetol_d256_depth3_p20,seed083,83,554,55400,100,16,53.05379857810304,132.97609975204927,33.114532793054046,False,max_epochs,2581.2280702590942
rl4crn_rne_oscillator_trace_8rxn_stop_risksched085to095_lr1e4_entropy01to005_s1_c1_rnetol_d256_depth3_p20,seed083,83,555,55500,100,16,48.32604472392429,125.14935717659668,33.114532793054046,False,max_epochs,2585.952441930771
rl4crn_rne_oscillator_trace_8rxn_stop_risksched085to095_lr1e4_entropy01to005_s1_c1_rnetol_d256_depth3_p20,seed083,83,556,55600,100,16,71.200475300212,126.88703395518705,33.114532793054046,False,max_epochs,2590.7978751659393
rl4crn_rne_oscillator_trace_8rxn_stop_risksched085to095_lr1e4_entropy01to005_s1_c1_rnetol_d256_depth3_p20,seed083,83,557,55700,100,16,40.033517397161035,125.76385287947048,33.114532793054046,False,max_epochs,2595.5980553627014
rl4crn_rne_oscillator_trace_8rxn_stop_risksched085to095_lr1e4_entropy01to005_s1_c1_rnetol_d256_depth3_p20,seed083,83,558,55800,100,16,99.99475295907415,128.6982781469789,33.114532793054046,False,max_epochs,2600.9726667404175
rl4crn_rne_oscillator_trace_8rxn_stop_risksched085to095_lr1e4_entropy01to005_s1_c1_rnetol_d256_depth3_p20,seed083,83,559,55900,100,16,41.998734405027186,130.53161564784293,33.114532793054046,False,max_epochs,2605.9762465953827
rl4crn_rne_oscillator_trace_8rxn_stop_risksched085to095_lr1e4_entropy01to005_s1_c1_rnetol_d256_depth3_p20,seed083,83,560,56000,100,16,39.412264516142386,132.9542232570388,33.114532793054046,False,max_epochs,2611.110671520233
rl4crn_rne_oscillator_trace_8rxn_stop_risksched085to095_lr1e4_entropy01to005_s1_c1_rnetol_d256_depth3_p20,seed083,83,561,56100,100,16,39.02804815836545,125.15453265953536,33.114532793054046,False,max_epochs,2615.973141670227
rl4crn_rne_oscillator_trace_8rxn_stop_risksched085to095_lr1e4_entropy01to005_s1_c1_rnetol_d256_depth3_p20,seed083,83,562,56200,100,16,51.66232952509985,128.57933606115137,33.114532793054046,False,max_epochs,2621.4666056632996
rl4crn_rne_oscillator_trace_8rxn_stop_risksched085to095_lr1e4_entropy01to005_s1_c1_rnetol_d256_depth3_p20,seed083,83,563,56300,100,16,77.29351177856482,134.527208727816,33.114532793054046,False,max_epochs,2626.256038427353
rl4crn_rne_oscillator_trace_8rxn_stop_risksched085to095_lr1e4_entropy01to005_s1_c1_rnetol_d256_depth3_p20,seed083,83,564,56400,100,16,42.17968269368399,133.56542103340925,33.114532793054046,False,max_epochs,2631.3404874801636
rl4crn_rne_oscillator_trace_8rxn_stop_risksched085to095_lr1e4_entropy01to005_s1_c1_rnetol_d256_depth3_p20,seed083,83,565,56500,100,16,39.97631949367107,129.4921181791056,33.114532793054046,False,max_epochs,2636.44842672348
rl4crn_rne_oscillator_trace_8rxn_stop_risksched085to095_lr1e4_entropy01to005_s1_c1_rnetol_d256_depth3_p20,seed083,83,566,56600,100,16,40.18063524085579,125.21307011562533,33.114532793054046,False,max_epochs,2641.8779022693634
rl4crn_rne_oscillator_trace_8rxn_stop_risksched085to095_lr1e4_entropy01to005_s1_c1_rnetol_d256_depth3_p20,seed083,83,567,56700,100,16,43.28344883222625,128.4819663014166,33.114532793054046,False,max_epochs,2646.75851726532
rl4crn_rne_oscillator_trace_8rxn_stop_risksched085to095_lr1e4_entropy01to005_s1_c1_rnetol_d256_depth3_p20,seed083,83,568,56800,100,16,42.47475268886342,131.01947790435736,33.114532793054046,False,max_epochs,2652.010354280472
rl4crn_rne_oscillator_trace_8rxn_stop_risksched085to095_lr1e4_entropy01to005_s1_c1_rnetol_d256_depth3_p20,seed083,83,569,56900,100,16,42.05797880831131,125.0728378559276,33.114532793054046,False,max_epochs,2657.173257827759
rl4crn_rne_oscillator_trace_8rxn_stop_risksched085to095_lr1e4_entropy01to005_s1_c1_rnetol_d256_depth3_p20,seed083,83,570,57000,100,16,40.481170230174946,126.73379742971787,33.114532793054046,False,max_epochs,2662.278682947159
rl4crn_rne_oscillator_trace_8rxn_stop_risksched085to095_lr1e4_entropy01to005_s1_c1_rnetol_d256_depth3_p20,seed083,83,571,57100,100,16,31.691686976924952,125.07860550119034,31.691686976924952,False,max_epochs,2667.30975484848
rl4crn_rne_oscillator_trace_8rxn_stop_risksched085to095_lr1e4_entropy01to005_s1_c1_rnetol_d256_depth3_p20,seed083,83,572,57200,100,16,38.519691131063134,121.38941962544729,31.691686976924952,False,max_epochs,2672.3438317775726
rl4crn_rne_oscillator_trace_8rxn_stop_risksched085to095_lr1e4_entropy01to005_s1_c1_rnetol_d256_depth3_p20,seed083,83,573,57300,100,16,47.46674785392925,123.1810315134985,31.691686976924952,False,max_epochs,2677.2526047229767
rl4crn_rne_oscillator_trace_8rxn_stop_risksched085to095_lr1e4_entropy01to005_s1_c1_rnetol_d256_depth3_p20,seed083,83,574,57400,100,16,46.67746027229366,126.76176976890102,31.691686976924952,False,max_epochs,2682.627515554428
rl4crn_rne_oscillator_trace_8rxn_stop_risksched085to095_lr1e4_entropy01to005_s1_c1_rnetol_d256_depth3_p20,seed083,83,575,57500,100,16,75.11615265783897,127.95937748045553,31.691686976924952,False,max_epochs,2687.5339891910553
rl4crn_rne_oscillator_trace_8rxn_stop_risksched085to095_lr1e4_entropy01to005_s1_c1_rnetol_d256_depth3_p20,seed083,83,576,57600,100,16,76.69878523155039,126.73334912363418,31.691686976924952,False,max_epochs,2692.832844734192
rl4crn_rne_oscillator_trace_8rxn_stop_risksched085to095_lr1e4_entropy01to005_s1_c1_rnetol_d256_depth3_p20,seed083,83,577,57700,100,16,69.71162940505653,116.95082651134194,31.691686976924952,False,max_epochs,2697.42906165123
rl4crn_rne_oscillator_trace_8rxn_stop_risksched085to095_lr1e4_entropy01to005_s1_c1_rnetol_d256_depth3_p20,seed083,83,578,57800,100,16,101.09712219843323,119.71185104498522,31.691686976924952,False,max_epochs,2701.854592561722
rl4crn_rne_oscillator_trace_8rxn_stop_risksched085to095_lr1e4_entropy01to005_s1_c1_rnetol_d256_depth3_p20,seed083,83,579,57900,100,16,66.38060941492098,118.2064941165345,31.691686976924952,False,max_epochs,2706.553617954254
rl4crn_rne_oscillator_trace_8rxn_stop_risksched085to095_lr1e4_entropy01to005_s1_c1_rnetol_d256_depth3_p20,seed083,83,580,58000,100,16,78.60403862521353,126.1592041858793,31.691686976924952,False,max_epochs,2711.826825618744
rl4crn_rne_oscillator_trace_8rxn_stop_risksched085to095_lr1e4_entropy01to005_s1_c1_rnetol_d256_depth3_p20,seed083,83,581,58100,100,16,85.14636788911665,128.4416593162842,31.691686976924952,False,max_epochs,2716.75510931015
rl4crn_rne_oscillator_trace_8rxn_stop_risksched085to095_lr1e4_entropy01to005_s1_c1_rnetol_d256_depth3_p20,seed083,83,582,58200,100,16,40.26644718360052,127.57320648297636,31.691686976924952,False,max_epochs,2721.4361505508423
rl4crn_rne_oscillator_trace_8rxn_stop_risksched085to095_lr1e4_entropy01to005_s1_c1_rnetol_d256_depth3_p20,seed083,83,583,58300,100,16,65.43676321835214,119.42466061017004,31.691686976924952,False,max_epochs,2726.33881688118
rl4crn_rne_oscillator_trace_8rxn_stop_risksched085to095_lr1e4_entropy01to005_s1_c1_rnetol_d256_depth3_p20,seed083,83,584,58400,100,16,45.69672228945232,117.35734158710899,31.691686976924952,False,max_epochs,2731.567563056946
rl4crn_rne_oscillator_trace_8rxn_stop_risksched085to095_lr1e4_entropy01to005_s1_c1_rnetol_d256_depth3_p20,seed083,83,585,58500,100,16,46.541402585543075,125.26051891507794,31.691686976924952,False,max_epochs,2736.2566242218018
rl4crn_rne_oscillator_trace_8rxn_stop_risksched085to095_lr1e4_entropy01to005_s1_c1_rnetol_d256_depth3_p20,seed083,83,586,58600,100,16,37.42658029910709,127.79872914186222,31.691686976924952,False,max_epochs,2740.8176453113556
rl4crn_rne_oscillator_trace_8rxn_stop_risksched085to095_lr1e4_entropy01to005_s1_c1_rnetol_d256_depth3_p20,seed083,83,587,58700,100,16,48.91471105637839,125.17017362348997,31.691686976924952,False,max_epochs,2745.3584246635437
rl4crn_rne_oscillator_trace_8rxn_stop_risksched085to095_lr1e4_entropy01to005_s1_c1_rnetol_d256_depth3_p20,seed083,83,588,58800,100,16,42.00412534205888,125.94349207260512,31.691686976924952,False,max_epochs,2747.724940776825
rl4crn_rne_oscillator_trace_8rxn_stop_risksched085to095_lr1e4_entropy01to005_s1_c1_rnetol_d256_depth3_p20,seed083,83,589,58900,100,16,42.37708214498979,125.27080659590854,31.691686976924952,False,max_epochs,2752.2251620292664
rl4crn_rne_oscillator_trace_8rxn_stop_risksched085to095_lr1e4_entropy01to005_s1_c1_rnetol_d256_depth3_p20,seed083,83,590,59000,100,16,52.44902101146826,125.86865064367805,31.691686976924952,False,max_epochs,2757.206223011017
rl4crn_rne_oscillator_trace_8rxn_stop_risksched085to095_lr1e4_entropy01to005_s1_c1_rnetol_d256_depth3_p20,seed083,83,591,59100,100,16,44.712580952811045,126.71552879587966,31.691686976924952,False,max_epochs,2762.016354084015
rl4crn_rne_oscillator_trace_8rxn_stop_risksched085to095_lr1e4_entropy01to005_s1_c1_rnetol_d256_depth3_p20,seed083,83,592,59200,100,16,43.23526400334517,128.43871173552668,31.691686976924952,False,max_epochs,2767.2712123394012
rl4crn_rne_oscillator_trace_8rxn_stop_risksched085to095_lr1e4_entropy01to005_s1_c1_rnetol_d256_depth3_p20,seed083,83,593,59300,100,16,38.84160863261683,127.99565521863022,31.691686976924952,False,max_epochs,2772.233836889267
rl4crn_rne_oscillator_trace_8rxn_stop_risksched085to095_lr1e4_entropy01to005_s1_c1_rnetol_d256_depth3_p20,seed083,83,594,59400,100,16,46.69246867534726,125.05262766767974,31.691686976924952,False,max_epochs,2776.96657538414
rl4crn_rne_oscillator_trace_8rxn_stop_risksched085to095_lr1e4_entropy01to005_s1_c1_rnetol_d256_depth3_p20,seed083,83,595,59500,100,16,38.87226062914771,130.49405235751698,31.691686976924952,False,max_epochs,2781.914724588394
rl4crn_rne_oscillator_trace_8rxn_stop_risksched085to095_lr1e4_entropy01to005_s1_c1_rnetol_d256_depth3_p20,seed083,83,596,59600,100,16,40.854884647098885,125.21233998665593,31.691686976924952,False,max_epochs,2787.1781520843506
rl4crn_rne_oscillator_trace_8rxn_stop_risksched085to095_lr1e4_entropy01to005_s1_c1_rnetol_d256_depth3_p20,seed083,83,597,59700,100,16,41.63786122158547,125.29812233342092,31.691686976924952,False,max_epochs,2791.923820257187
rl4crn_rne_oscillator_trace_8rxn_stop_risksched085to095_lr1e4_entropy01to005_s1_c1_rnetol_d256_depth3_p20,seed083,83,598,59800,100,16,36.30908785065501,125.02327390105862,31.691686976924952,False,max_epochs,2796.4027531147003
rl4crn_rne_oscillator_trace_8rxn_stop_risksched085to095_lr1e4_entropy01to005_s1_c1_rnetol_d256_depth3_p20,seed083,83,599,59900,100,16,35.076020052291206,125.14940838940737,31.691686976924952,False,max_epochs,2800.896211862564
rl4crn_rne_oscillator_trace_8rxn_stop_risksched085to095_lr1e4_entropy01to005_s1_c1_rnetol_d256_depth3_p20,seed083,83,600,60000,100,16,33.55222180874269,125.09194608510037,31.691686976924952,False,max_epochs,2803.305684566498
rl4crn_rne_oscillator_trace_8rxn_stop_risksched085to095_lr1e4_entropy01to005_s1_c1_rnetol_d256_depth3_p20,seed083,83,601,60100,100,16,46.17963875710247,127.79092122976243,31.691686976924952,False,max_epochs,2807.8124651908875
rl4crn_rne_oscillator_trace_8rxn_stop_risksched085to095_lr1e4_entropy01to005_s1_c1_rnetol_d256_depth3_p20,seed083,83,602,60200,100,16,43.69744286285017,125.21875685143597,31.691686976924952,False,max_epochs,2812.7166850566864
rl4crn_rne_oscillator_trace_8rxn_stop_risksched085to095_lr1e4_entropy01to005_s1_c1_rnetol_d256_depth3_p20,seed083,83,603,60300,100,16,40.09759848392537,125.1527736394946,31.691686976924952,False,max_epochs,2817.8553154468536
rl4crn_rne_oscillator_trace_8rxn_stop_risksched085to095_lr1e4_entropy01to005_s1_c1_rnetol_d256_depth3_p20,seed083,83,604,60400,100,16,32.49527950708469,125.13484363311366,31.691686976924952,False,max_epochs,2823.2185623645782
rl4crn_rne_oscillator_trace_8rxn_stop_risksched085to095_lr1e4_entropy01to005_s1_c1_rnetol_d256_depth3_p20,seed083,83,605,60500,100,16,35.063062914939195,124.48299913221138,31.691686976924952,False,max_epochs,2828.309887647629
rl4crn_rne_oscillator_trace_8rxn_stop_risksched085to095_lr1e4_entropy01to005_s1_c1_rnetol_d256_depth3_p20,seed083,83,606,60600,100,16,32.64651478749578,120.84839955921731,31.691686976924952,False,max_epochs,2832.6866195201874
rl4crn_rne_oscillator_trace_8rxn_stop_risksched085to095_lr1e4_entropy01to005_s1_c1_rnetol_d256_depth3_p20,seed083,83,607,60700,100,16,35.11500044926876,117.37708204642578,31.691686976924952,False,max_epochs,2837.461776971817
rl4crn_rne_oscillator_trace_8rxn_stop_risksched085to095_lr1e4_entropy01to005_s1_c1_rnetol_d256_depth3_p20,seed083,83,608,60800,100,16,44.1237024891886,125.05867628497742,31.691686976924952,False,max_epochs,2841.89591383934
rl4crn_rne_oscillator_trace_8rxn_stop_risksched085to095_lr1e4_entropy01to005_s1_c1_rnetol_d256_depth3_p20,seed083,83,609,60900,100,16,42.15837730138205,125.10179362556595,31.691686976924952,False,max_epochs,2844.0251092910767
rl4crn_rne_oscillator_trace_8rxn_stop_risksched085to095_lr1e4_entropy01to005_s1_c1_rnetol_d256_depth3_p20,seed083,83,610,61000,100,16,38.65976577926074,121.12338705139061,31.691686976924952,False,max_epochs,2848.75838971138
rl4crn_rne_oscillator_trace_8rxn_stop_risksched085to095_lr1e4_entropy01to005_s1_c1_rnetol_d256_depth3_p20,seed083,83,611,61100,100,16,32.8852660996829,121.38577544896695,31.691686976924952,False,max_epochs,2853.5993225574493
rl4crn_rne_oscillator_trace_8rxn_stop_risksched085to095_lr1e4_entropy01to005_s1_c1_rnetol_d256_depth3_p20,seed083,83,612,61200,100,16,48.73787050631344,125.09182553107647,31.691686976924952,False,max_epochs,2858.9384598731995
rl4crn_rne_oscillator_trace_8rxn_stop_risksched085to095_lr1e4_entropy01to005_s1_c1_rnetol_d256_depth3_p20,seed083,83,613,61300,100,16,38.82870627251728,124.30674413698588,31.691686976924952,False,max_epochs,2863.802758216858
rl4crn_rne_oscillator_trace_8rxn_stop_risksched085to095_lr1e4_entropy01to005_s1_c1_rnetol_d256_depth3_p20,seed083,83,614,61400,100,16,43.609558170337955,124.25025542783564,31.691686976924952,False,max_epochs,2868.820514202118
rl4crn_rne_oscillator_trace_8rxn_stop_risksched085to095_lr1e4_entropy01to005_s1_c1_rnetol_d256_depth3_p20,seed083,83,615,61500,100,16,49.970994353450244,125.16177753825207,31.691686976924952,False,max_epochs,2873.960916042328
rl4crn_rne_oscillator_trace_8rxn_stop_risksched085to095_lr1e4_entropy01to005_s1_c1_rnetol_d256_depth3_p20,seed083,83,616,61600,100,16,42.457948526749036,125.10929880978985,31.691686976924952,False,max_epochs,2878.914387702942
rl4crn_rne_oscillator_trace_8rxn_stop_risksched085to095_lr1e4_entropy01to005_s1_c1_rnetol_d256_depth3_p20,seed083,83,617,61700,100,16,32.89089520530633,125.21248230694042,31.691686976924952,False,max_epochs,2883.946477651596
rl4crn_rne_oscillator_trace_8rxn_stop_risksched085to095_lr1e4_entropy01to005_s1_c1_rnetol_d256_depth3_p20,seed083,83,618,61800,100,16,33.52371234261646,127.5326871202274,31.691686976924952,False,max_epochs,2888.7492306232452
rl4crn_rne_oscillator_trace_8rxn_stop_risksched085to095_lr1e4_entropy01to005_s1_c1_rnetol_d256_depth3_p20,seed083,83,619,61900,100,16,36.22209460867884,125.26818409460805,31.691686976924952,False,max_epochs,2893.491867542267
rl4crn_rne_oscillator_trace_8rxn_stop_risksched085to095_lr1e4_entropy01to005_s1_c1_rnetol_d256_depth3_p20,seed083,83,620,62000,100,16,50.60922036110317,129.5187535493402,31.691686976924952,False,max_epochs,2897.9393906593323
rl4crn_rne_oscillator_trace_8rxn_stop_risksched085to095_lr1e4_entropy01to005_s1_c1_rnetol_d256_depth3_p20,seed083,83,621,62100,100,16,42.1410096386973,125.42330245340688,31.691686976924952,False,max_epochs,2900.3195428848267
rl4crn_rne_oscillator_trace_8rxn_stop_risksched085to095_lr1e4_entropy01to005_s1_c1_rnetol_d256_depth3_p20,seed083,83,622,62200,100,16,31.694806097804694,125.4013772537864,31.691686976924952,False,max_epochs,2905.0277812480927
rl4crn_rne_oscillator_trace_8rxn_stop_risksched085to095_lr1e4_entropy01to005_s1_c1_rnetol_d256_depth3_p20,seed083,83,623,62300,100,16,30.96705784982124,128.47963869504136,30.96705784982124,False,max_epochs,2909.824975967407
rl4crn_rne_oscillator_trace_8rxn_stop_risksched085to095_lr1e4_entropy01to005_s1_c1_rnetol_d256_depth3_p20,seed083,83,624,62400,100,16,34.22319819293348,128.56411671116712,30.96705784982124,False,max_epochs,2915.0608801841736
rl4crn_rne_oscillator_trace_8rxn_stop_risksched085to095_lr1e4_entropy01to005_s1_c1_rnetol_d256_depth3_p20,seed083,83,625,62500,100,16,40.03324009586685,128.05471295719514,30.96705784982124,False,max_epochs,2919.9569516181946
rl4crn_rne_oscillator_trace_8rxn_stop_risksched085to095_lr1e4_entropy01to005_s1_c1_rnetol_d256_depth3_p20,seed083,83,626,62600,100,16,31.355084239719254,128.63583087067,30.96705784982124,False,max_epochs,2925.187199831009
rl4crn_rne_oscillator_trace_8rxn_stop_risksched085to095_lr1e4_entropy01to005_s1_c1_rnetol_d256_depth3_p20,seed083,83,627,62700,100,16,43.978526983221705,131.31913420438374,30.96705784982124,False,max_epochs,2929.965366601944
rl4crn_rne_oscillator_trace_8rxn_stop_risksched085to095_lr1e4_entropy01to005_s1_c1_rnetol_d256_depth3_p20,seed083,83,628,62800,100,16,36.58939045284334,129.58742418210323,30.96705784982124,False,max_epochs,2934.932855606079
rl4crn_rne_oscillator_trace_8rxn_stop_risksched085to095_lr1e4_entropy01to005_s1_c1_rnetol_d256_depth3_p20,seed083,83,629,62900,100,16,35.514601125235714,130.46363438401528,30.96705784982124,False,max_epochs,2940.051005125046
rl4crn_rne_oscillator_trace_8rxn_stop_risksched085to095_lr1e4_entropy01to005_s1_c1_rnetol_d256_depth3_p20,seed083,83,630,63000,100,16,23.988332382078543,131.05667706812739,23.988332382078543,False,max_epochs,2945.4992382526398
rl4crn_rne_oscillator_trace_8rxn_stop_risksched085to095_lr1e4_entropy01to005_s1_c1_rnetol_d256_depth3_p20,seed083,83,631,63100,100,16,37.73652801821308,127.44777382257611,23.988332382078543,False,max_epochs,2950.4112741947174
rl4crn_rne_oscillator_trace_8rxn_stop_risksched085to095_lr1e4_entropy01to005_s1_c1_rnetol_d256_depth3_p20,seed083,83,632,63200,100,16,30.180151244738365,113.86826592063532,23.988332382078543,False,max_epochs,2955.3922328948975
rl4crn_rne_oscillator_trace_8rxn_stop_risksched085to095_lr1e4_entropy01to005_s1_c1_rnetol_d256_depth3_p20,seed083,83,633,63300,100,16,42.484596578725316,120.61733791209201,23.988332382078543,False,max_epochs,2960.6337370872498
rl4crn_rne_oscillator_trace_8rxn_stop_risksched085to095_lr1e4_entropy01to005_s1_c1_rnetol_d256_depth3_p20,seed083,83,634,63400,100,16,44.23714332211126,127.14838279837811,23.988332382078543,False,max_epochs,2966.0123784542084
rl4crn_rne_oscillator_trace_8rxn_stop_risksched085to095_lr1e4_entropy01to005_s1_c1_rnetol_d256_depth3_p20,seed083,83,635,63500,100,16,45.97734782428846,125.04404177219045,23.988332382078543,False,max_epochs,2970.6287231445312
rl4crn_rne_oscillator_trace_8rxn_stop_risksched085to095_lr1e4_entropy01to005_s1_c1_rnetol_d256_depth3_p20,seed083,83,636,63600,100,16,38.46425410626735,124.97690160856955,23.988332382078543,False,max_epochs,2975.67418885231
rl4crn_rne_oscillator_trace_8rxn_stop_risksched085to095_lr1e4_entropy01to005_s1_c1_rnetol_d256_depth3_p20,seed083,83,637,63700,100,16,41.402212930323884,117.92758045914451,23.988332382078543,False,max_epochs,2980.3788011074066
rl4crn_rne_oscillator_trace_8rxn_stop_risksched085to095_lr1e4_entropy01to005_s1_c1_rnetol_d256_depth3_p20,seed083,83,638,63800,100,16,44.40178654731774,122.77344966876119,23.988332382078543,False,max_epochs,2985.8192443847656
rl4crn_rne_oscillator_trace_8rxn_stop_risksched085to095_lr1e4_entropy01to005_s1_c1_rnetol_d256_depth3_p20,seed083,83,639,63900,100,16,41.18970532788678,121.61630735685279,23.988332382078543,False,max_epochs,2990.787395954132
rl4crn_rne_oscillator_trace_8rxn_stop_risksched085to095_lr1e4_entropy01to005_s1_c1_rnetol_d256_depth3_p20,seed083,83,640,64000,100,16,38.65910238002281,125.31608555815839,23.988332382078543,False,max_epochs,2995.5917532444
rl4crn_rne_oscillator_trace_8rxn_stop_risksched085to095_lr1e4_entropy01to005_s1_c1_rnetol_d256_depth3_p20,seed083,83,641,64100,100,16,46.497483224808235,119.05063464996863,23.988332382078543,False,max_epochs,3000.4558975696564
rl4crn_rne_oscillator_trace_8rxn_stop_risksched085to095_lr1e4_entropy01to005_s1_c1_rnetol_d256_depth3_p20,seed083,83,642,64200,100,16,31.83362404969685,125.02185520752533,23.988332382078543,False,max_epochs,3005.119422197342
rl4crn_rne_oscillator_trace_8rxn_stop_risksched085to095_lr1e4_entropy01to005_s1_c1_rnetol_d256_depth3_p20,seed083,83,643,64300,100,16,28.479460509527527,124.00089624008726,23.988332382078543,False,max_epochs,3007.1353447437286
rl4crn_rne_oscillator_trace_8rxn_stop_risksched085to095_lr1e4_entropy01to005_s1_c1_rnetol_d256_depth3_p20,seed083,83,644,64400,100,16,43.72577168932368,127.7431812483804,23.988332382078543,False,max_epochs,3011.6723124980927
rl4crn_rne_oscillator_trace_8rxn_stop_risksched085to095_lr1e4_entropy01to005_s1_c1_rnetol_d256_depth3_p20,seed083,83,645,64500,100,16,39.69395921207329,131.90468350066163,23.988332382078543,False,max_epochs,3016.732438325882
rl4crn_rne_oscillator_trace_8rxn_stop_risksched085to095_lr1e4_entropy01to005_s1_c1_rnetol_d256_depth3_p20,seed083,83,646,64600,100,16,49.903974169125455,135.44026032680728,23.988332382078543,False,max_epochs,3021.906363248825
rl4crn_rne_oscillator_trace_8rxn_stop_risksched085to095_lr1e4_entropy01to005_s1_c1_rnetol_d256_depth3_p20,seed083,83,647,64700,100,16,37.609744658939256,135.54676115919227,23.988332382078543,False,max_epochs,3026.9378814697266
rl4crn_rne_oscillator_trace_8rxn_stop_risksched085to095_lr1e4_entropy01to005_s1_c1_rnetol_d256_depth3_p20,seed083,83,648,64800,100,16,38.37432840246211,132.02711917018541,23.988332382078543,False,max_epochs,3031.945373773575
rl4crn_rne_oscillator_trace_8rxn_stop_risksched085to095_lr1e4_entropy01to005_s1_c1_rnetol_d256_depth3_p20,seed083,83,649,64900,100,16,29.549527893653895,125.22266170877253,23.988332382078543,False,max_epochs,3037.2111473083496
rl4crn_rne_oscillator_trace_8rxn_stop_risksched085to095_lr1e4_entropy01to005_s1_c1_rnetol_d256_depth3_p20,seed083,83,650,65000,100,16,40.649279019883764,130.6414558461817,23.988332382078543,False,max_epochs,3042.5862970352173
rl4crn_rne_oscillator_trace_8rxn_stop_risksched085to095_lr1e4_entropy01to005_s1_c1_rnetol_d256_depth3_p20,seed083,83,651,65100,100,16,29.186630058447278,130.4679886334695,23.988332382078543,False,max_epochs,3047.220847606659
rl4crn_rne_oscillator_trace_8rxn_stop_risksched085to095_lr1e4_entropy01to005_s1_c1_rnetol_d256_depth3_p20,seed083,83,652,65200,100,16,41.942889657239036,129.2965826474409,23.988332382078543,False,max_epochs,3051.941137313843
rl4crn_rne_oscillator_trace_8rxn_stop_risksched085to095_lr1e4_entropy01to005_s1_c1_rnetol_d256_depth3_p20,seed083,83,653,65300,100,16,38.71038199784768,130.12371091677,23.988332382078543,False,max_epochs,3056.6387701034546
rl4crn_rne_oscillator_trace_8rxn_stop_risksched085to095_lr1e4_entropy01to005_s1_c1_rnetol_d256_depth3_p20,seed083,83,654,65400,100,16,47.54087479795878,125.16086778149293,23.988332382078543,False,max_epochs,3061.161474466324
rl4crn_rne_oscillator_trace_8rxn_stop_risksched085to095_lr1e4_entropy01to005_s1_c1_rnetol_d256_depth3_p20,seed083,83,655,65500,100,16,44.235863042371065,123.87115316426087,23.988332382078543,False,max_epochs,3063.334612607956
rl4crn_rne_oscillator_trace_8rxn_stop_risksched085to095_lr1e4_entropy01to005_s1_c1_rnetol_d256_depth3_p20,seed083,83,656,65600,100,16,47.31985191658515,125.94767651114503,23.988332382078543,False,max_epochs,3067.9809260368347
rl4crn_rne_oscillator_trace_8rxn_stop_risksched085to095_lr1e4_entropy01to005_s1_c1_rnetol_d256_depth3_p20,seed083,83,657,65700,100,16,29.610506677836145,122.87723087490926,23.988332382078543,False,max_epochs,3072.96594786644
rl4crn_rne_oscillator_trace_8rxn_stop_risksched085to095_lr1e4_entropy01to005_s1_c1_rnetol_d256_depth3_p20,seed083,83,658,65800,100,16,51.7708806486252,125.14970377625983,23.988332382078543,False,max_epochs,3078.2665297985077
rl4crn_rne_oscillator_trace_8rxn_stop_risksched085to095_lr1e4_entropy01to005_s1_c1_rnetol_d256_depth3_p20,seed083,83,659,65900,100,16,37.207923706196745,124.83073158031888,23.988332382078543,False,max_epochs,3083.110111474991
rl4crn_rne_oscillator_trace_8rxn_stop_risksched085to095_lr1e4_entropy01to005_s1_c1_rnetol_d256_depth3_p20,seed083,83,660,66000,100,16,30.30547499826847,123.7359896623277,23.988332382078543,False,max_epochs,3087.799041032791
rl4crn_rne_oscillator_trace_8rxn_stop_risksched085to095_lr1e4_entropy01to005_s1_c1_rnetol_d256_depth3_p20,seed083,83,661,66100,100,16,36.562220366455705,121.3199055998555,23.988332382078543,False,max_epochs,3092.7011835575104
rl4crn_rne_oscillator_trace_8rxn_stop_risksched085to095_lr1e4_entropy01to005_s1_c1_rnetol_d256_depth3_p20,seed083,83,662,66200,100,16,42.391998488863656,121.32983696364761,23.988332382078543,False,max_epochs,3097.357563495636
rl4crn_rne_oscillator_trace_8rxn_stop_risksched085to095_lr1e4_entropy01to005_s1_c1_rnetol_d256_depth3_p20,seed083,83,663,66300,100,16,31.11468011494203,119.86416425245537,23.988332382078543,False,max_epochs,3101.8699157238007
rl4crn_rne_oscillator_trace_8rxn_stop_risksched085to095_lr1e4_entropy01to005_s1_c1_rnetol_d256_depth3_p20,seed083,83,664,66400,100,16,33.45395910382365,128.44583866850206,23.988332382078543,False,max_epochs,3103.996289730072
rl4crn_rne_oscillator_trace_8rxn_stop_risksched085to095_lr1e4_entropy01to005_s1_c1_rnetol_d256_depth3_p20,seed083,83,665,66500,100,16,26.311194747034854,126.2817364482523,23.988332382078543,False,max_epochs,3108.490959405899
rl4crn_rne_oscillator_trace_8rxn_stop_risksched085to095_lr1e4_entropy01to005_s1_c1_rnetol_d256_depth3_p20,seed083,83,666,66600,100,16,26.049706956561646,131.60014981350264,23.988332382078543,False,max_epochs,3113.78431391716
rl4crn_rne_oscillator_trace_8rxn_stop_risksched085to095_lr1e4_entropy01to005_s1_c1_rnetol_d256_depth3_p20,seed083,83,667,66700,100,16,39.738169537043284,131.3179092866075,23.988332382078543,False,max_epochs,3118.726475715637
rl4crn_rne_oscillator_trace_8rxn_stop_risksched085to095_lr1e4_entropy01to005_s1_c1_rnetol_d256_depth3_p20,seed083,83,668,66800,100,16,38.96030258529561,129.30004930122266,23.988332382078543,False,max_epochs,3123.760814666748
rl4crn_rne_oscillator_trace_8rxn_stop_risksched085to095_lr1e4_entropy01to005_s1_c1_rnetol_d256_depth3_p20,seed083,83,669,66900,100,16,36.84146298146313,129.8833045445221,23.988332382078543,False,max_epochs,3128.8701889514923
rl4crn_rne_oscillator_trace_8rxn_stop_risksched085to095_lr1e4_entropy01to005_s1_c1_rnetol_d256_depth3_p20,seed083,83,670,67000,100,16,30.96547101194626,125.21804809951897,23.988332382078543,False,max_epochs,3134.1267607212067
rl4crn_rne_oscillator_trace_8rxn_stop_risksched085to095_lr1e4_entropy01to005_s1_c1_rnetol_d256_depth3_p20,seed083,83,671,67100,100,16,36.58497226513801,131.50921364238826,23.988332382078543,False,max_epochs,3138.9107115268707
rl4crn_rne_oscillator_trace_8rxn_stop_risksched085to095_lr1e4_entropy01to005_s1_c1_rnetol_d256_depth3_p20,seed083,83,672,67200,100,16,30.91098652554202,127.44650566561832,23.988332382078543,False,max_epochs,3143.945641040802
rl4crn_rne_oscillator_trace_8rxn_stop_risksched085to095_lr1e4_entropy01to005_s1_c1_rnetol_d256_depth3_p20,seed083,83,673,67300,100,16,33.58357038179054,129.6132883928812,23.988332382078543,False,max_epochs,3148.9548904895782
rl4crn_rne_oscillator_trace_8rxn_stop_risksched085to095_lr1e4_entropy01to005_s1_c1_rnetol_d256_depth3_p20,seed083,83,674,67400,100,16,33.6495364422982,125.10163256431076,23.988332382078543,False,max_epochs,3154.500908613205
rl4crn_rne_oscillator_trace_8rxn_stop_risksched085to095_lr1e4_entropy01to005_s1_c1_rnetol_d256_depth3_p20,seed083,83,675,67500,100,16,30.195342920180195,123.09004179532357,23.988332382078543,False,max_epochs,3159.724313020706
rl4crn_rne_oscillator_trace_8rxn_stop_risksched085to095_lr1e4_entropy01to005_s1_c1_rnetol_d256_depth3_p20,seed083,83,676,67600,100,16,35.13887224620303,118.10930311552019,23.988332382078543,False,max_epochs,3164.738320827484
rl4crn_rne_oscillator_trace_8rxn_stop_risksched085to095_lr1e4_entropy01to005_s1_c1_rnetol_d256_depth3_p20,seed083,83,677,67700,100,16,31.757164981117025,121.86695405316969,23.988332382078543,False,max_epochs,3169.897219181061
rl4crn_rne_oscillator_trace_8rxn_stop_risksched085to095_lr1e4_entropy01to005_s1_c1_rnetol_d256_depth3_p20,seed083,83,678,67800,100,16,29.511861866809088,125.32045596113637,23.988332382078543,False,max_epochs,3175.251612663269
rl4crn_rne_oscillator_trace_8rxn_stop_risksched085to095_lr1e4_entropy01to005_s1_c1_rnetol_d256_depth3_p20,seed083,83,679,67900,100,16,37.60845001894938,125.23853085300787,23.988332382078543,False,max_epochs,3180.394893169403
rl4crn_rne_oscillator_trace_8rxn_stop_risksched085to095_lr1e4_entropy01to005_s1_c1_rnetol_d256_depth3_p20,seed083,83,680,68000,100,16,43.28431127788702,128.32155305919824,23.988332382078543,False,max_epochs,3185.5058975219727
rl4crn_rne_oscillator_trace_8rxn_stop_risksched085to095_lr1e4_entropy01to005_s1_c1_rnetol_d256_depth3_p20,seed083,83,681,68100,100,16,42.4608759181058,125.76201849159077,23.988332382078543,False,max_epochs,3190.3815360069275
rl4crn_rne_oscillator_trace_8rxn_stop_risksched085to095_lr1e4_entropy01to005_s1_c1_rnetol_d256_depth3_p20,seed083,83,682,68200,100,16,23.925597073708296,125.10420942012885,23.925597073708296,False,max_epochs,3195.630476951599
rl4crn_rne_oscillator_trace_8rxn_stop_risksched085to095_lr1e4_entropy01to005_s1_c1_rnetol_d256_depth3_p20,seed083,83,683,68300,100,16,27.511487578848854,124.65008972441225,23.925597073708296,False,max_epochs,3200.59663939476
rl4crn_rne_oscillator_trace_8rxn_stop_risksched085to095_lr1e4_entropy01to005_s1_c1_rnetol_d256_depth3_p20,seed083,83,684,68400,100,16,38.78315562948302,121.76894271423147,23.925597073708296,False,max_epochs,3205.6821944713593
rl4crn_rne_oscillator_trace_8rxn_stop_risksched085to095_lr1e4_entropy01to005_s1_c1_rnetol_d256_depth3_p20,seed083,83,685,68500,100,16,53.03152301437298,124.70518885759952,23.925597073708296,False,max_epochs,3210.746584892273
rl4crn_rne_oscillator_trace_8rxn_stop_risksched085to095_lr1e4_entropy01to005_s1_c1_rnetol_d256_depth3_p20,seed083,83,686,68600,100,16,27.508006228823312,119.88957003543541,23.925597073708296,False,max_epochs,3216.1094155311584
rl4crn_rne_oscillator_trace_8rxn_stop_risksched085to095_lr1e4_entropy01to005_s1_c1_rnetol_d256_depth3_p20,seed083,83,687,68700,100,16,32.08064629439719,125.10137741155921,23.925597073708296,False,max_epochs,3221.1878883838654
rl4crn_rne_oscillator_trace_8rxn_stop_risksched085to095_lr1e4_entropy01to005_s1_c1_rnetol_d256_depth3_p20,seed083,83,688,68800,100,16,41.90932201924546,126.189205151136,23.925597073708296,False,max_epochs,3226.1438949108124
rl4crn_rne_oscillator_trace_8rxn_stop_risksched085to095_lr1e4_entropy01to005_s1_c1_rnetol_d256_depth3_p20,seed083,83,689,68900,100,16,26.081615488667914,129.53821869813822,23.925597073708296,False,max_epochs,3231.240431547165
rl4crn_rne_oscillator_trace_8rxn_stop_risksched085to095_lr1e4_entropy01to005_s1_c1_rnetol_d256_depth3_p20,seed083,83,690,69000,100,16,32.91796865041232,125.65532290821906,23.925597073708296,False,max_epochs,3236.4441754817963
rl4crn_rne_oscillator_trace_8rxn_stop_risksched085to095_lr1e4_entropy01to005_s1_c1_rnetol_d256_depth3_p20,seed083,83,691,69100,100,16,27.061950908016257,123.10114022402041,23.925597073708296,False,max_epochs,3241.4107670783997
rl4crn_rne_oscillator_trace_8rxn_stop_risksched085to095_lr1e4_entropy01to005_s1_c1_rnetol_d256_depth3_p20,seed083,83,692,69200,100,16,29.301260347964906,130.74134492969262,23.925597073708296,False,max_epochs,3246.3879585266113
rl4crn_rne_oscillator_trace_8rxn_stop_risksched085to095_lr1e4_entropy01to005_s1_c1_rnetol_d256_depth3_p20,seed083,83,693,69300,100,16,30.96842976678307,132.55411925527926,23.925597073708296,False,max_epochs,3251.385689020157
rl4crn_rne_oscillator_trace_8rxn_stop_risksched085to095_lr1e4_entropy01to005_s1_c1_rnetol_d256_depth3_p20,seed083,83,694,69400,100,16,37.64155011400228,128.20598006904322,23.925597073708296,False,max_epochs,3256.8521795272827
rl4crn_rne_oscillator_trace_8rxn_stop_risksched085to095_lr1e4_entropy01to005_s1_c1_rnetol_d256_depth3_p20,seed083,83,695,69500,100,16,34.529734299634924,128.84186974524752,23.925597073708296,False,max_epochs,3261.726877450943
rl4crn_rne_oscillator_trace_8rxn_stop_risksched085to095_lr1e4_entropy01to005_s1_c1_rnetol_d256_depth3_p20,seed083,83,696,69600,100,16,25.501656466101945,121.26171717773356,23.925597073708296,False,max_epochs,3266.911503314972
rl4crn_rne_oscillator_trace_8rxn_stop_risksched085to095_lr1e4_entropy01to005_s1_c1_rnetol_d256_depth3_p20,seed083,83,697,69700,100,16,35.99467600885235,117.40018591305426,23.925597073708296,False,max_epochs,3271.5452671051025
rl4crn_rne_oscillator_trace_8rxn_stop_risksched085to095_lr1e4_entropy01to005_s1_c1_rnetol_d256_depth3_p20,seed083,83,698,69800,100,16,41.030201424569036,121.23164320982879,23.925597073708296,False,max_epochs,3276.9252455234528
rl4crn_rne_oscillator_trace_8rxn_stop_risksched085to095_lr1e4_entropy01to005_s1_c1_rnetol_d256_depth3_p20,seed083,83,699,69900,100,16,32.330369083468725,121.8256701553917,23.925597073708296,False,max_epochs,3281.265484571457
rl4crn_rne_oscillator_trace_8rxn_stop_risksched085to095_lr1e4_entropy01to005_s1_c1_rnetol_d256_depth3_p20,seed083,83,700,70000,100,16,40.1201818127038,119.36422826249057,23.925597073708296,False,max_epochs,3285.920370578766
rl4crn_rne_oscillator_trace_8rxn_stop_risksched085to095_lr1e4_entropy01to005_s1_c1_rnetol_d256_depth3_p20,seed083,83,701,70100,100,16,37.87551672847841,123.8130958032174,23.925597073708296,False,max_epochs,3289.41490483284
rl4crn_rne_oscillator_trace_8rxn_stop_risksched085to095_lr1e4_entropy01to005_s1_c1_rnetol_d256_depth3_p20,seed083,83,702,70200,100,16,25.613616431924285,122.83128948412188,23.925597073708296,False,max_epochs,3292.8793342113495
rl4crn_rne_oscillator_trace_8rxn_stop_risksched085to095_lr1e4_entropy01to005_s1_c1_rnetol_d256_depth3_p20,seed083,83,703,70300,100,16,39.01083325393283,124.2993552371957,23.925597073708296,False,max_epochs,3297.588390111923
rl4crn_rne_oscillator_trace_8rxn_stop_risksched085to095_lr1e4_entropy01to005_s1_c1_rnetol_d256_depth3_p20,seed083,83,704,70400,100,16,30.835247895026747,126.74859367364056,23.925597073708296,False,max_epochs,3302.4396805763245
rl4crn_rne_oscillator_trace_8rxn_stop_risksched085to095_lr1e4_entropy01to005_s1_c1_rnetol_d256_depth3_p20,seed083,83,705,70500,100,16,21.239052433892947,125.30779316931246,21.239052433892947,False,max_epochs,3307.586827278137
rl4crn_rne_oscillator_trace_8rxn_stop_risksched085to095_lr1e4_entropy01to005_s1_c1_rnetol_d256_depth3_p20,seed083,83,706,70600,100,16,39.52002125922031,124.7091479499073,21.239052433892947,False,max_epochs,3312.878079175949
rl4crn_rne_oscillator_trace_8rxn_stop_risksched085to095_lr1e4_entropy01to005_s1_c1_rnetol_d256_depth3_p20,seed083,83,707,70700,100,16,31.387161491688488,125.11194793951391,21.239052433892947,False,max_epochs,3317.4370176792145
rl4crn_rne_oscillator_trace_8rxn_stop_risksched085to095_lr1e4_entropy01to005_s1_c1_rnetol_d256_depth3_p20,seed083,83,708,70800,100,16,38.34359261038999,121.23420350768563,21.239052433892947,False,max_epochs,3322.364184856415
rl4crn_rne_oscillator_trace_8rxn_stop_risksched085to095_lr1e4_entropy01to005_s1_c1_rnetol_d256_depth3_p20,seed083,83,709,70900,100,16,51.55146368557314,124.7960229093143,21.239052433892947,False,max_epochs,3327.5200963020325
rl4crn_rne_oscillator_trace_8rxn_stop_risksched085to095_lr1e4_entropy01to005_s1_c1_rnetol_d256_depth3_p20,seed083,83,710,71000,100,16,30.14356684533883,115.81339801870283,21.239052433892947,False,max_epochs,3332.9918808937073
rl4crn_rne_oscillator_trace_8rxn_stop_risksched085to095_lr1e4_entropy01to005_s1_c1_rnetol_d256_depth3_p20,seed083,83,711,71100,100,16,35.1079031658897,118.36866016393903,21.239052433892947,False,max_epochs,3337.9316346645355
rl4crn_rne_oscillator_trace_8rxn_stop_risksched085to095_lr1e4_entropy01to005_s1_c1_rnetol_d256_depth3_p20,seed083,83,712,71200,100,16,38.332427376254465,124.26113169900289,21.239052433892947,False,max_epochs,3342.548838376999
rl4crn_rne_oscillator_trace_8rxn_stop_risksched085to095_lr1e4_entropy01to005_s1_c1_rnetol_d256_depth3_p20,seed083,83,713,71300,100,16,35.721073471415906,119.97534989725054,21.239052433892947,False,max_epochs,3347.195044517517
rl4crn_rne_oscillator_trace_8rxn_stop_risksched085to095_lr1e4_entropy01to005_s1_c1_rnetol_d256_depth3_p20,seed083,83,714,71400,100,16,31.0456885003834,121.26437300582747,21.239052433892947,False,max_epochs,3352.129516839981
rl4crn_rne_oscillator_trace_8rxn_stop_risksched085to095_lr1e4_entropy01to005_s1_c1_rnetol_d256_depth3_p20,seed083,83,715,71500,100,16,40.874987342539924,113.00017819410003,21.239052433892947,False,max_epochs,3356.5202593803406
rl4crn_rne_oscillator_trace_8rxn_stop_risksched085to095_lr1e4_entropy01to005_s1_c1_rnetol_d256_depth3_p20,seed083,83,716,71600,100,16,43.70670377389078,112.96232356011036,21.239052433892947,False,max_epochs,3358.7003195285797
rl4crn_rne_oscillator_trace_8rxn_stop_risksched085to095_lr1e4_entropy01to005_s1_c1_rnetol_d256_depth3_p20,seed083,83,717,71700,100,16,27.280406290857854,118.20233885403957,21.239052433892947,False,max_epochs,3363.341433286667
rl4crn_rne_oscillator_trace_8rxn_stop_risksched085to095_lr1e4_entropy01to005_s1_c1_rnetol_d256_depth3_p20,seed083,83,718,71800,100,16,38.53850852897864,127.48808043290323,21.239052433892947,False,max_epochs,3368.608941078186
rl4crn_rne_oscillator_trace_8rxn_stop_risksched085to095_lr1e4_entropy01to005_s1_c1_rnetol_d256_depth3_p20,seed083,83,719,71900,100,16,36.28398419044452,130.63022098817245,21.239052433892947,False,max_epochs,3373.073049545288
rl4crn_rne_oscillator_trace_8rxn_stop_risksched085to095_lr1e4_entropy01to005_s1_c1_rnetol_d256_depth3_p20,seed083,83,720,72000,100,16,27.46923634920439,128.63577148725926,21.239052433892947,False,max_epochs,3378.0425832271576
rl4crn_rne_oscillator_trace_8rxn_stop_risksched085to095_lr1e4_entropy01to005_s1_c1_rnetol_d256_depth3_p20,seed083,83,721,72100,100,16,27.101257464365126,125.93029044260328,21.239052433892947,False,max_epochs,3383.2847135066986
rl4crn_rne_oscillator_trace_8rxn_stop_risksched085to095_lr1e4_entropy01to005_s1_c1_rnetol_d256_depth3_p20,seed083,83,722,72200,100,16,28.52747309059044,125.06564403282297,21.239052433892947,False,max_epochs,3388.240037918091
rl4crn_rne_oscillator_trace_8rxn_stop_risksched085to095_lr1e4_entropy01to005_s1_c1_rnetol_d256_depth3_p20,seed083,83,723,72300,100,16,28.717816177106368,125.26045313048647,21.239052433892947,False,max_epochs,3393.1139566898346
rl4crn_rne_oscillator_trace_8rxn_stop_risksched085to095_lr1e4_entropy01to005_s1_c1_rnetol_d256_depth3_p20,seed083,83,724,72400,100,16,29.36095233204844,126.04611634322282,21.239052433892947,False,max_epochs,3397.8182320594788
rl4crn_rne_oscillator_trace_8rxn_stop_risksched085to095_lr1e4_entropy01to005_s1_c1_rnetol_d256_depth3_p20,seed083,83,725,72500,100,16,24.845815711844875,126.9180454896883,21.239052433892947,False,max_epochs,3402.6758251190186
rl4crn_rne_oscillator_trace_8rxn_stop_risksched085to095_lr1e4_entropy01to005_s1_c1_rnetol_d256_depth3_p20,seed083,83,726,72600,100,16,21.061822590356556,121.19047689520248,21.061822590356556,False,max_epochs,3407.800998687744
rl4crn_rne_oscillator_trace_8rxn_stop_risksched085to095_lr1e4_entropy01to005_s1_c1_rnetol_d256_depth3_p20,seed083,83,727,72700,100,16,28.224692476034765,126.05010372777494,21.061822590356556,False,max_epochs,3412.2491750717163
rl4crn_rne_oscillator_trace_8rxn_stop_risksched085to095_lr1e4_entropy01to005_s1_c1_rnetol_d256_depth3_p20,seed083,83,728,72800,100,16,35.19152899763593,121.95405372397752,21.061822590356556,False,max_epochs,3414.4065005779266
rl4crn_rne_oscillator_trace_8rxn_stop_risksched085to095_lr1e4_entropy01to005_s1_c1_rnetol_d256_depth3_p20,seed083,83,729,72900,100,16,33.28930905656266,125.27032131187381,21.061822590356556,False,max_epochs,3418.879997730255
rl4crn_rne_oscillator_trace_8rxn_stop_risksched085to095_lr1e4_entropy01to005_s1_c1_rnetol_d256_depth3_p20,seed083,83,730,73000,100,16,48.0429606487841,126.80553511954847,21.061822590356556,False,max_epochs,3423.913464307785
rl4crn_rne_oscillator_trace_8rxn_stop_risksched085to095_lr1e4_entropy01to005_s1_c1_rnetol_d256_depth3_p20,seed083,83,731,73100,100,16,64.02037816614778,123.85093617992621,21.061822590356556,False,max_epochs,3428.949923992157
rl4crn_rne_oscillator_trace_8rxn_stop_risksched085to095_lr1e4_entropy01to005_s1_c1_rnetol_d256_depth3_p20,seed083,83,732,73200,100,16,59.072852230616476,126.07766456262331,21.061822590356556,False,max_epochs,3433.859752178192
rl4crn_rne_oscillator_trace_8rxn_stop_risksched085to095_lr1e4_entropy01to005_s1_c1_rnetol_d256_depth3_p20,seed083,83,733,73300,100,16,78.74872952614173,125.0724676902951,21.061822590356556,False,max_epochs,3439.080765724182
rl4crn_rne_oscillator_trace_8rxn_stop_risksched085to095_lr1e4_entropy01to005_s1_c1_rnetol_d256_depth3_p20,seed083,83,734,73400,100,16,88.35095783586061,121.82823993892609,21.061822590356556,False,max_epochs,3444.3198821544647
rl4crn_rne_oscillator_trace_8rxn_stop_risksched085to095_lr1e4_entropy01to005_s1_c1_rnetol_d256_depth3_p20,seed083,83,735,73500,100,16,84.81545369647488,132.48785069592427,21.061822590356556,False,max_epochs,3449.1011397838593
rl4crn_rne_oscillator_trace_8rxn_stop_risksched085to095_lr1e4_entropy01to005_s1_c1_rnetol_d256_depth3_p20,seed083,83,736,73600,100,16,97.24351889423382,137.86982330941555,21.061822590356556,False,max_epochs,3454.076756000519
rl4crn_rne_oscillator_trace_8rxn_stop_risksched085to095_lr1e4_entropy01to005_s1_c1_rnetol_d256_depth3_p20,seed083,83,737,73700,100,16,60.3706679669006,141.6791613795623,21.061822590356556,False,max_epochs,3459.2810480594635
rl4crn_rne_oscillator_trace_8rxn_stop_risksched085to095_lr1e4_entropy01to005_s1_c1_rnetol_d256_depth3_p20,seed083,83,738,73800,100,16,36.06798410845256,147.5473753483854,21.061822590356556,False,max_epochs,3464.6339790821075
rl4crn_rne_oscillator_trace_8rxn_stop_risksched085to095_lr1e4_entropy01to005_s1_c1_rnetol_d256_depth3_p20,seed083,83,739,73900,100,16,40.55034180865392,141.3458308138609,21.061822590356556,False,max_epochs,3469.5728256702423
rl4crn_rne_oscillator_trace_8rxn_stop_risksched085to095_lr1e4_entropy01to005_s1_c1_rnetol_d256_depth3_p20,seed083,83,740,74000,100,16,34.55802289535129,139.37868353587362,21.061822590356556,False,max_epochs,3474.6135931015015
rl4crn_rne_oscillator_trace_8rxn_stop_risksched085to095_lr1e4_entropy01to005_s1_c1_rnetol_d256_depth3_p20,seed083,83,741,74100,100,16,46.64100101013521,140.81641102468012,21.061822590356556,False,max_epochs,3479.6366951465607
rl4crn_rne_oscillator_trace_8rxn_stop_risksched085to095_lr1e4_entropy01to005_s1_c1_rnetol_d256_depth3_p20,seed083,83,742,74200,100,16,49.16370528139281,138.53259117065923,21.061822590356556,False,max_epochs,3485.0476620197296
rl4crn_rne_oscillator_trace_8rxn_stop_risksched085to095_lr1e4_entropy01to005_s1_c1_rnetol_d256_depth3_p20,seed083,83,743,74300,100,16,24.323282467049516,134.01739923875442,21.061822590356556,False,max_epochs,3490.026743412018
rl4crn_rne_oscillator_trace_8rxn_stop_risksched085to095_lr1e4_entropy01to005_s1_c1_rnetol_d256_depth3_p20,seed083,83,744,74400,100,16,35.838191554029514,142.84876794301698,21.061822590356556,False,max_epochs,3495.227314710617
rl4crn_rne_oscillator_trace_8rxn_stop_risksched085to095_lr1e4_entropy01to005_s1_c1_rnetol_d256_depth3_p20,seed083,83,745,74500,100,16,37.15002066532385,132.6040267418371,21.061822590356556,False,max_epochs,3500.2936429977417
rl4crn_rne_oscillator_trace_8rxn_stop_risksched085to095_lr1e4_entropy01to005_s1_c1_rnetol_d256_depth3_p20,seed083,83,746,74600,100,16,43.532040730374135,137.38081639315044,21.061822590356556,False,max_epochs,3505.603728055954
rl4crn_rne_oscillator_trace_8rxn_stop_risksched085to095_lr1e4_entropy01to005_s1_c1_rnetol_d256_depth3_p20,seed083,83,747,74700,100,16,44.719480960834666,136.92439610036905,21.061822590356556,False,max_epochs,3510.5571477413177
rl4crn_rne_oscillator_trace_8rxn_stop_risksched085to095_lr1e4_entropy01to005_s1_c1_rnetol_d256_depth3_p20,seed083,83,748,74800,100,16,43.40868071763699,135.04419471593448,21.061822590356556,False,max_epochs,3515.1278879642487
rl4crn_rne_oscillator_trace_8rxn_stop_risksched085to095_lr1e4_entropy01to005_s1_c1_rnetol_d256_depth3_p20,seed083,83,749,74900,100,16,33.78915060259896,130.8410185872023,21.061822590356556,False,max_epochs,3520.087998151779
rl4crn_rne_oscillator_trace_8rxn_stop_risksched085to095_lr1e4_entropy01to005_s1_c1_rnetol_d256_depth3_p20,seed083,83,750,75000,100,16,42.709428002883186,129.5676859436245,21.061822590356556,False,max_epochs,3525.455756664276
rl4crn_rne_oscillator_trace_8rxn_stop_risksched085to095_lr1e4_entropy01to005_s1_c1_rnetol_d256_depth3_p20,seed083,83,751,75100,100,16,39.016003615747636,127.08276103623791,21.061822590356556,False,max_epochs,3529.7819526195526
rl4crn_rne_oscillator_trace_8rxn_stop_risksched085to095_lr1e4_entropy01to005_s1_c1_rnetol_d256_depth3_p20,seed083,83,752,75200,100,16,32.05530260132495,129.7999577647716,21.061822590356556,False,max_epochs,3534.342185974121
rl4crn_rne_oscillator_trace_8rxn_stop_risksched085to095_lr1e4_entropy01to005_s1_c1_rnetol_d256_depth3_p20,seed083,83,753,75300,100,16,34.25072117087934,126.28462537424099,21.061822590356556,False,max_epochs,3539.081856250763
rl4crn_rne_oscillator_trace_8rxn_stop_risksched085to095_lr1e4_entropy01to005_s1_c1_rnetol_d256_depth3_p20,seed083,83,754,75400,100,16,44.36195266717409,126.75368578218328,21.061822590356556,False,max_epochs,3541.366905450821
rl4crn_rne_oscillator_trace_8rxn_stop_risksched085to095_lr1e4_entropy01to005_s1_c1_rnetol_d256_depth3_p20,seed083,83,755,75500,100,16,41.34553808238713,125.07325813503829,21.061822590356556,False,max_epochs,3545.828251838684
rl4crn_rne_oscillator_trace_8rxn_stop_risksched085to095_lr1e4_entropy01to005_s1_c1_rnetol_d256_depth3_p20,seed083,83,756,75600,100,16,30.36014650505925,127.07997921326603,21.061822590356556,False,max_epochs,3550.695303916931
rl4crn_rne_oscillator_trace_8rxn_stop_risksched085to095_lr1e4_entropy01to005_s1_c1_rnetol_d256_depth3_p20,seed083,83,757,75700,100,16,26.55144287027119,125.23708717624726,21.061822590356556,False,max_epochs,3555.354017496109
rl4crn_rne_oscillator_trace_8rxn_stop_risksched085to095_lr1e4_entropy01to005_s1_c1_rnetol_d256_depth3_p20,seed083,83,758,75800,100,16,31.963410476369482,127.74160442158191,21.061822590356556,False,max_epochs,3560.3044996261597
rl4crn_rne_oscillator_trace_8rxn_stop_risksched085to095_lr1e4_entropy01to005_s1_c1_rnetol_d256_depth3_p20,seed083,83,759,75900,100,16,32.28360509888455,123.44000724758637,21.061822590356556,False,max_epochs,3564.8194766044617
rl4crn_rne_oscillator_trace_8rxn_stop_risksched085to095_lr1e4_entropy01to005_s1_c1_rnetol_d256_depth3_p20,seed083,83,760,76000,100,16,37.17701784833686,121.9262196905552,21.061822590356556,False,max_epochs,3569.0520417690277
rl4crn_rne_oscillator_trace_8rxn_stop_risksched085to095_lr1e4_entropy01to005_s1_c1_rnetol_d256_depth3_p20,seed083,83,761,76100,100,16,36.166606844407625,123.28608020590659,21.061822590356556,False,max_epochs,3571.517198562622
rl4crn_rne_oscillator_trace_8rxn_stop_risksched085to095_lr1e4_entropy01to005_s1_c1_rnetol_d256_depth3_p20,seed083,83,762,76200,100,16,28.926696577534415,125.87566997865082,21.061822590356556,False,max_epochs,3576.32377409935
rl4crn_rne_oscillator_trace_8rxn_stop_risksched085to095_lr1e4_entropy01to005_s1_c1_rnetol_d256_depth3_p20,seed083,83,763,76300,100,16,24.22485276927595,124.46148602614628,21.061822590356556,False,max_epochs,3581.1923537254333
rl4crn_rne_oscillator_trace_8rxn_stop_risksched085to095_lr1e4_entropy01to005_s1_c1_rnetol_d256_depth3_p20,seed083,83,764,76400,100,16,32.07153187317427,117.7755930119653,21.061822590356556,False,max_epochs,3586.0370292663574
rl4crn_rne_oscillator_trace_8rxn_stop_risksched085to095_lr1e4_entropy01to005_s1_c1_rnetol_d256_depth3_p20,seed083,83,765,76500,100,16,35.59586134883945,118.1215738254167,21.061822590356556,False,max_epochs,3590.730920791626
rl4crn_rne_oscillator_trace_8rxn_stop_risksched085to095_lr1e4_entropy01to005_s1_c1_rnetol_d256_depth3_p20,seed083,83,766,76600,100,16,27.232370648670724,128.59547868468434,21.061822590356556,False,max_epochs,3595.4248673915863
rl4crn_rne_oscillator_trace_8rxn_stop_risksched085to095_lr1e4_entropy01to005_s1_c1_rnetol_d256_depth3_p20,seed083,83,767,76700,100,16,31.710847251392032,121.12928800765843,21.061822590356556,False,max_epochs,3599.7065749168396
rl4crn_rne_oscillator_trace_8rxn_stop_risksched085to095_lr1e4_entropy01to005_s1_c1_rnetol_d256_depth3_p20,seed083,83,768,76800,100,16,24.027073751946574,116.89407360060281,21.061822590356556,False,max_epochs,3602.048906803131
rl4crn_rne_oscillator_trace_8rxn_stop_risksched085to095_lr1e4_entropy01to005_s1_c1_rnetol_d256_depth3_p20,seed083,83,769,76900,100,16,31.279748553516903,117.43634528857058,21.061822590356556,False,max_epochs,3606.873368501663
rl4crn_rne_oscillator_trace_8rxn_stop_risksched085to095_lr1e4_entropy01to005_s1_c1_rnetol_d256_depth3_p20,seed083,83,770,77000,100,16,44.9294419634495,118.98194628612977,21.061822590356556,False,max_epochs,3612.048935651779
rl4crn_rne_oscillator_trace_8rxn_stop_risksched085to095_lr1e4_entropy01to005_s1_c1_rnetol_d256_depth3_p20,seed083,83,771,77100,100,16,43.9572376026953,122.00067139520216,21.061822590356556,False,max_epochs,3616.854123353958
rl4crn_rne_oscillator_trace_8rxn_stop_risksched085to095_lr1e4_entropy01to005_s1_c1_rnetol_d256_depth3_p20,seed083,83,772,77200,100,16,31.06385420352446,120.76931636671613,21.061822590356556,False,max_epochs,3621.317330121994
rl4crn_rne_oscillator_trace_8rxn_stop_risksched085to095_lr1e4_entropy01to005_s1_c1_rnetol_d256_depth3_p20,seed083,83,773,77300,100,16,30.308025112328348,118.3355823927495,21.061822590356556,False,max_epochs,3626.005889892578
rl4crn_rne_oscillator_trace_8rxn_stop_risksched085to095_lr1e4_entropy01to005_s1_c1_rnetol_d256_depth3_p20,seed083,83,774,77400,100,16,40.21519374741115,121.59326509940107,21.061822590356556,False,max_epochs,3630.5442249774933
rl4crn_rne_oscillator_trace_8rxn_stop_risksched085to095_lr1e4_entropy01to005_s1_c1_rnetol_d256_depth3_p20,seed083,83,775,77500,100,16,34.73679172421239,115.87337486125753,21.061822590356556,False,max_epochs,3632.6790823936462
rl4crn_rne_oscillator_trace_8rxn_stop_risksched085to095_lr1e4_entropy01to005_s1_c1_rnetol_d256_depth3_p20,seed083,83,776,77600,100,16,46.23192075039133,125.4969895416223,21.061822590356556,False,max_epochs,3637.3053925037384
rl4crn_rne_oscillator_trace_8rxn_stop_risksched085to095_lr1e4_entropy01to005_s1_c1_rnetol_d256_depth3_p20,seed083,83,777,77700,100,16,35.614002971087,128.15415761952005,21.061822590356556,False,max_epochs,3642.4263203144073
rl4crn_rne_oscillator_trace_8rxn_stop_risksched085to095_lr1e4_entropy01to005_s1_c1_rnetol_d256_depth3_p20,seed083,83,778,77800,100,16,37.90168440313868,127.23572876117547,21.061822590356556,False,max_epochs,3647.603967189789
rl4crn_rne_oscillator_trace_8rxn_stop_risksched085to095_lr1e4_entropy01to005_s1_c1_rnetol_d256_depth3_p20,seed083,83,779,77900,100,16,37.29487028918438,127.899812428853,21.061822590356556,False,max_epochs,3652.4928715229034
rl4crn_rne_oscillator_trace_8rxn_stop_risksched085to095_lr1e4_entropy01to005_s1_c1_rnetol_d256_depth3_p20,seed083,83,780,78000,100,16,37.289870004796256,125.23560132964627,21.061822590356556,False,max_epochs,3657.3279156684875
rl4crn_rne_oscillator_trace_8rxn_stop_risksched085to095_lr1e4_entropy01to005_s1_c1_rnetol_d256_depth3_p20,seed083,83,781,78100,100,16,41.59383237796439,128.69340545624772,21.061822590356556,False,max_epochs,3662.4476058483124
rl4crn_rne_oscillator_trace_8rxn_stop_risksched085to095_lr1e4_entropy01to005_s1_c1_rnetol_d256_depth3_p20,seed083,83,782,78200,100,16,46.83104325467025,130.64530525583598,21.061822590356556,False,max_epochs,3667.9191670417786
rl4crn_rne_oscillator_trace_8rxn_stop_risksched085to095_lr1e4_entropy01to005_s1_c1_rnetol_d256_depth3_p20,seed083,83,783,78300,100,16,42.942591821435784,126.28915871646012,21.061822590356556,False,max_epochs,3672.7834634780884
rl4crn_rne_oscillator_trace_8rxn_stop_risksched085to095_lr1e4_entropy01to005_s1_c1_rnetol_d256_depth3_p20,seed083,83,784,78400,100,16,41.71208282685159,127.76964588721162,21.061822590356556,False,max_epochs,3677.437569141388
rl4crn_rne_oscillator_trace_8rxn_stop_risksched085to095_lr1e4_entropy01to005_s1_c1_rnetol_d256_depth3_p20,seed083,83,785,78500,100,16,26.623162504001435,129.21517430691364,21.061822590356556,False,max_epochs,3682.2281069755554
rl4crn_rne_oscillator_trace_8rxn_stop_risksched085to095_lr1e4_entropy01to005_s1_c1_rnetol_d256_depth3_p20,seed083,83,786,78600,100,16,36.62021494921556,129.10416787397816,21.061822590356556,False,max_epochs,3686.9024002552032
rl4crn_rne_oscillator_trace_8rxn_stop_risksched085to095_lr1e4_entropy01to005_s1_c1_rnetol_d256_depth3_p20,seed083,83,787,78700,100,16,21.806370158726168,130.2695175253584,21.061822590356556,False,max_epochs,3690.311369895935
rl4crn_rne_oscillator_trace_8rxn_stop_risksched085to095_lr1e4_entropy01to005_s1_c1_rnetol_d256_depth3_p20,seed083,83,788,78800,100,16,23.217512869666134,128.3620012909114,21.061822590356556,False,max_epochs,3693.584335565567
rl4crn_rne_oscillator_trace_8rxn_stop_risksched085to095_lr1e4_entropy01to005_s1_c1_rnetol_d256_depth3_p20,seed083,83,789,78900,100,16,32.573854656798645,127.63893896285029,21.061822590356556,False,max_epochs,3698.580696105957
rl4crn_rne_oscillator_trace_8rxn_stop_risksched085to095_lr1e4_entropy01to005_s1_c1_rnetol_d256_depth3_p20,seed083,83,790,79000,100,16,35.65838611151048,127.2153495731792,21.061822590356556,False,max_epochs,3703.8361508846283
rl4crn_rne_oscillator_trace_8rxn_stop_risksched085to095_lr1e4_entropy01to005_s1_c1_rnetol_d256_depth3_p20,seed083,83,791,79100,100,16,33.333199769239,124.74072119617664,21.061822590356556,False,max_epochs,3708.580007314682
rl4crn_rne_oscillator_trace_8rxn_stop_risksched085to095_lr1e4_entropy01to005_s1_c1_rnetol_d256_depth3_p20,seed083,83,792,79200,100,16,29.42419984272476,127.34162198734387,21.061822590356556,False,max_epochs,3713.7769989967346
rl4crn_rne_oscillator_trace_8rxn_stop_risksched085to095_lr1e4_entropy01to005_s1_c1_rnetol_d256_depth3_p20,seed083,83,793,79300,100,16,32.16966949047613,128.71148998560787,21.061822590356556,False,max_epochs,3718.978361606598
rl4crn_rne_oscillator_trace_8rxn_stop_risksched085to095_lr1e4_entropy01to005_s1_c1_rnetol_d256_depth3_p20,seed083,83,794,79400,100,16,35.78760963258457,127.053679026966,21.061822590356556,False,max_epochs,3724.238020181656
rl4crn_rne_oscillator_trace_8rxn_stop_risksched085to095_lr1e4_entropy01to005_s1_c1_rnetol_d256_depth3_p20,seed083,83,795,79500,100,16,24.91512640938045,125.44010851838706,21.061822590356556,False,max_epochs,3729.046811580658
rl4crn_rne_oscillator_trace_8rxn_stop_risksched085to095_lr1e4_entropy01to005_s1_c1_rnetol_d256_depth3_p20,seed083,83,796,79600,100,16,39.355954634811354,123.35752952247407,21.061822590356556,False,max_epochs,3733.872168779373
rl4crn_rne_oscillator_trace_8rxn_stop_risksched085to095_lr1e4_entropy01to005_s1_c1_rnetol_d256_depth3_p20,seed083,83,797,79700,100,16,31.470256522797648,124.05972276877652,21.061822590356556,False,max_epochs,3738.8734362125397
rl4crn_rne_oscillator_trace_8rxn_stop_risksched085to095_lr1e4_entropy01to005_s1_c1_rnetol_d256_depth3_p20,seed083,83,798,79800,100,16,33.22334024181724,122.92843450183895,21.061822590356556,False,max_epochs,3744.162232398987
rl4crn_rne_oscillator_trace_8rxn_stop_risksched085to095_lr1e4_entropy01to005_s1_c1_rnetol_d256_depth3_p20,seed083,83,799,79900,100,16,45.18942577741895,120.82129176761208,21.061822590356556,False,max_epochs,3748.861931324005
rl4crn_rne_oscillator_trace_8rxn_stop_risksched085to095_lr1e4_entropy01to005_s1_c1_rnetol_d256_depth3_p20,seed083,83,800,80000,100,16,19.70291773073312,123.41536530762899,19.70291773073312,True,success,3753.3781983852386
