method,run_id,seed,epoch,candidate_evaluations,batch_size,n_cpus,epoch_best_loss,epoch_median_loss,saved_best_loss,success,stop_reason,elapsed_seconds
rl4crn_rne_oscillator_trace_8rxn_stop_risksched085to09_lr1e4_entropy005_s4_c1_rnetol_d256_depth3_p20,seed284,284,1,100,100,16,124.205101960717,131.36348252653937,124.205101960717,False,max_epochs,6.298717975616455
rl4crn_rne_oscillator_trace_8rxn_stop_risksched085to09_lr1e4_entropy005_s4_c1_rnetol_d256_depth3_p20,seed284,284,2,200,100,16,124.94938245568042,131.12653533954273,124.205101960717,False,max_epochs,8.49168872833252
rl4crn_rne_oscillator_trace_8rxn_stop_risksched085to09_lr1e4_entropy005_s4_c1_rnetol_d256_depth3_p20,seed284,284,3,300,100,16,123.44017160391212,131.9035619358208,123.44017160391212,False,max_epochs,13.306550979614258
rl4crn_rne_oscillator_trace_8rxn_stop_risksched085to09_lr1e4_entropy005_s4_c1_rnetol_d256_depth3_p20,seed284,284,4,400,100,16,123.3797585564022,130.619782589622,123.3797585564022,False,max_epochs,18.525035858154297
rl4crn_rne_oscillator_trace_8rxn_stop_risksched085to09_lr1e4_entropy005_s4_c1_rnetol_d256_depth3_p20,seed284,284,5,500,100,16,122.44758822377402,130.63657577754142,122.44758822377402,False,max_epochs,23.525834321975708
rl4crn_rne_oscillator_trace_8rxn_stop_risksched085to09_lr1e4_entropy005_s4_c1_rnetol_d256_depth3_p20,seed284,284,6,600,100,16,122.08100650646873,132.79790197037102,122.08100650646873,False,max_epochs,28.545084476470947
rl4crn_rne_oscillator_trace_8rxn_stop_risksched085to09_lr1e4_entropy005_s4_c1_rnetol_d256_depth3_p20,seed284,284,7,700,100,16,123.9469081018238,130.27628340476312,122.08100650646873,False,max_epochs,33.26933717727661
rl4crn_rne_oscillator_trace_8rxn_stop_risksched085to09_lr1e4_entropy005_s4_c1_rnetol_d256_depth3_p20,seed284,284,8,800,100,16,124.4536196062053,130.60989118335615,122.08100650646873,False,max_epochs,35.69957256317139
rl4crn_rne_oscillator_trace_8rxn_stop_risksched085to09_lr1e4_entropy005_s4_c1_rnetol_d256_depth3_p20,seed284,284,9,900,100,16,125.0,130.9076145309801,122.08100650646873,False,max_epochs,40.99287533760071
rl4crn_rne_oscillator_trace_8rxn_stop_risksched085to09_lr1e4_entropy005_s4_c1_rnetol_d256_depth3_p20,seed284,284,10,1000,100,16,123.84815069191777,131.9200161709315,122.08100650646873,False,max_epochs,46.09058976173401
rl4crn_rne_oscillator_trace_8rxn_stop_risksched085to09_lr1e4_entropy005_s4_c1_rnetol_d256_depth3_p20,seed284,284,11,1100,100,16,123.99772603384677,131.89086808363425,122.08100650646873,False,max_epochs,51.53118443489075
rl4crn_rne_oscillator_trace_8rxn_stop_risksched085to09_lr1e4_entropy005_s4_c1_rnetol_d256_depth3_p20,seed284,284,12,1200,100,16,123.9876867931679,131.5354423187248,122.08100650646873,False,max_epochs,56.547733783721924
rl4crn_rne_oscillator_trace_8rxn_stop_risksched085to09_lr1e4_entropy005_s4_c1_rnetol_d256_depth3_p20,seed284,284,13,1300,100,16,124.18821946909169,130.87295797643912,122.08100650646873,False,max_epochs,62.25322651863098
rl4crn_rne_oscillator_trace_8rxn_stop_risksched085to09_lr1e4_entropy005_s4_c1_rnetol_d256_depth3_p20,seed284,284,14,1400,100,16,123.81289953201134,130.11609792419426,122.08100650646873,False,max_epochs,67.21592378616333
rl4crn_rne_oscillator_trace_8rxn_stop_risksched085to09_lr1e4_entropy005_s4_c1_rnetol_d256_depth3_p20,seed284,284,15,1500,100,16,123.854398635667,131.26087802729475,122.08100650646873,False,max_epochs,72.72202014923096
rl4crn_rne_oscillator_trace_8rxn_stop_risksched085to09_lr1e4_entropy005_s4_c1_rnetol_d256_depth3_p20,seed284,284,16,1600,100,16,123.62403273849527,132.16603950118528,122.08100650646873,False,max_epochs,77.86546802520752
rl4crn_rne_oscillator_trace_8rxn_stop_risksched085to09_lr1e4_entropy005_s4_c1_rnetol_d256_depth3_p20,seed284,284,17,1700,100,16,123.9274002598728,132.9403177048939,122.08100650646873,False,max_epochs,83.00626850128174
rl4crn_rne_oscillator_trace_8rxn_stop_risksched085to09_lr1e4_entropy005_s4_c1_rnetol_d256_depth3_p20,seed284,284,18,1800,100,16,122.46247149844389,130.0579341213706,122.08100650646873,False,max_epochs,87.82548880577087
rl4crn_rne_oscillator_trace_8rxn_stop_risksched085to09_lr1e4_entropy005_s4_c1_rnetol_d256_depth3_p20,seed284,284,19,1900,100,16,124.64550716398468,129.31003935996037,122.08100650646873,False,max_epochs,90.30852317810059
rl4crn_rne_oscillator_trace_8rxn_stop_risksched085to09_lr1e4_entropy005_s4_c1_rnetol_d256_depth3_p20,seed284,284,20,2000,100,16,122.86728859967786,129.49464348358742,122.08100650646873,False,max_epochs,94.98929238319397
rl4crn_rne_oscillator_trace_8rxn_stop_risksched085to09_lr1e4_entropy005_s4_c1_rnetol_d256_depth3_p20,seed284,284,21,2100,100,16,122.32054944329558,129.32696498515247,122.08100650646873,False,max_epochs,99.9910295009613
rl4crn_rne_oscillator_trace_8rxn_stop_risksched085to09_lr1e4_entropy005_s4_c1_rnetol_d256_depth3_p20,seed284,284,22,2200,100,16,121.93129403744034,128.41224778398072,121.93129403744034,False,max_epochs,104.81483602523804
rl4crn_rne_oscillator_trace_8rxn_stop_risksched085to09_lr1e4_entropy005_s4_c1_rnetol_d256_depth3_p20,seed284,284,23,2300,100,16,121.10172322537949,127.4436173349012,121.10172322537949,False,max_epochs,109.7560293674469
rl4crn_rne_oscillator_trace_8rxn_stop_risksched085to09_lr1e4_entropy005_s4_c1_rnetol_d256_depth3_p20,seed284,284,24,2400,100,16,122.58481969577745,127.70271614586244,121.10172322537949,False,max_epochs,111.90082740783691
rl4crn_rne_oscillator_trace_8rxn_stop_risksched085to09_lr1e4_entropy005_s4_c1_rnetol_d256_depth3_p20,seed284,284,25,2500,100,16,120.92347054354401,126.70753699253771,120.92347054354401,False,max_epochs,116.54078364372253
rl4crn_rne_oscillator_trace_8rxn_stop_risksched085to09_lr1e4_entropy005_s4_c1_rnetol_d256_depth3_p20,seed284,284,26,2600,100,16,121.01527017782476,128.95732099181495,120.92347054354401,False,max_epochs,121.92289924621582
rl4crn_rne_oscillator_trace_8rxn_stop_risksched085to09_lr1e4_entropy005_s4_c1_rnetol_d256_depth3_p20,seed284,284,27,2700,100,16,121.07039418257602,127.9104286189079,120.92347054354401,False,max_epochs,127.8255410194397
rl4crn_rne_oscillator_trace_8rxn_stop_risksched085to09_lr1e4_entropy005_s4_c1_rnetol_d256_depth3_p20,seed284,284,28,2800,100,16,120.95976586090988,133.98570523567972,120.92347054354401,False,max_epochs,133.0039451122284
rl4crn_rne_oscillator_trace_8rxn_stop_risksched085to09_lr1e4_entropy005_s4_c1_rnetol_d256_depth3_p20,seed284,284,29,2900,100,16,121.2077985460497,137.69201230187934,120.92347054354401,False,max_epochs,138.66978240013123
rl4crn_rne_oscillator_trace_8rxn_stop_risksched085to09_lr1e4_entropy005_s4_c1_rnetol_d256_depth3_p20,seed284,284,30,3000,100,16,121.04566330660397,137.77839670872464,120.92347054354401,False,max_epochs,143.9066870212555
rl4crn_rne_oscillator_trace_8rxn_stop_risksched085to09_lr1e4_entropy005_s4_c1_rnetol_d256_depth3_p20,seed284,284,31,3100,100,16,120.28462738848516,136.6600038798642,120.28462738848516,False,max_epochs,149.5207920074463
rl4crn_rne_oscillator_trace_8rxn_stop_risksched085to09_lr1e4_entropy005_s4_c1_rnetol_d256_depth3_p20,seed284,284,32,3200,100,16,120.42789847940651,136.42309311660478,120.28462738848516,False,max_epochs,154.84744095802307
rl4crn_rne_oscillator_trace_8rxn_stop_risksched085to09_lr1e4_entropy005_s4_c1_rnetol_d256_depth3_p20,seed284,284,33,3300,100,16,120.19815874112086,137.8400495555287,120.19815874112086,False,max_epochs,160.49850606918335
rl4crn_rne_oscillator_trace_8rxn_stop_risksched085to09_lr1e4_entropy005_s4_c1_rnetol_d256_depth3_p20,seed284,284,34,3400,100,16,120.42502347948134,133.5901173133566,120.19815874112086,False,max_epochs,165.74429726600647
rl4crn_rne_oscillator_trace_8rxn_stop_risksched085to09_lr1e4_entropy005_s4_c1_rnetol_d256_depth3_p20,seed284,284,35,3500,100,16,120.67161462476295,131.9196651629643,120.19815874112086,False,max_epochs,171.04592490196228
rl4crn_rne_oscillator_trace_8rxn_stop_risksched085to09_lr1e4_entropy005_s4_c1_rnetol_d256_depth3_p20,seed284,284,36,3600,100,16,119.54515659551923,134.52450906630116,119.54515659551923,False,max_epochs,176.11523342132568
rl4crn_rne_oscillator_trace_8rxn_stop_risksched085to09_lr1e4_entropy005_s4_c1_rnetol_d256_depth3_p20,seed284,284,37,3700,100,16,120.6516220237245,131.84922966038738,119.54515659551923,False,max_epochs,181.8640582561493
rl4crn_rne_oscillator_trace_8rxn_stop_risksched085to09_lr1e4_entropy005_s4_c1_rnetol_d256_depth3_p20,seed284,284,38,3800,100,16,120.55353601490722,132.279102935863,119.54515659551923,False,max_epochs,186.7888958454132
rl4crn_rne_oscillator_trace_8rxn_stop_risksched085to09_lr1e4_entropy005_s4_c1_rnetol_d256_depth3_p20,seed284,284,39,3900,100,16,120.70002677263695,134.64759808426413,119.54515659551923,False,max_epochs,191.944509267807
rl4crn_rne_oscillator_trace_8rxn_stop_risksched085to09_lr1e4_entropy005_s4_c1_rnetol_d256_depth3_p20,seed284,284,40,4000,100,16,120.19260685133452,127.53859337632268,119.54515659551923,False,max_epochs,196.7072925567627
rl4crn_rne_oscillator_trace_8rxn_stop_risksched085to09_lr1e4_entropy005_s4_c1_rnetol_d256_depth3_p20,seed284,284,41,4100,100,16,120.50625929380425,134.8986305800502,119.54515659551923,False,max_epochs,199.31873416900635
rl4crn_rne_oscillator_trace_8rxn_stop_risksched085to09_lr1e4_entropy005_s4_c1_rnetol_d256_depth3_p20,seed284,284,42,4200,100,16,119.84266974308917,134.87756755496235,119.54515659551923,False,max_epochs,204.13467812538147
rl4crn_rne_oscillator_trace_8rxn_stop_risksched085to09_lr1e4_entropy005_s4_c1_rnetol_d256_depth3_p20,seed284,284,43,4300,100,16,120.62142761514713,136.45572153065888,119.54515659551923,False,max_epochs,209.7977979183197
rl4crn_rne_oscillator_trace_8rxn_stop_risksched085to09_lr1e4_entropy005_s4_c1_rnetol_d256_depth3_p20,seed284,284,44,4400,100,16,120.10184318942251,137.9938322961766,119.54515659551923,False,max_epochs,215.0421862602234
rl4crn_rne_oscillator_trace_8rxn_stop_risksched085to09_lr1e4_entropy005_s4_c1_rnetol_d256_depth3_p20,seed284,284,45,4500,100,16,120.35048842720501,131.46842206882803,119.54515659551923,False,max_epochs,220.66236519813538
rl4crn_rne_oscillator_trace_8rxn_stop_risksched085to09_lr1e4_entropy005_s4_c1_rnetol_d256_depth3_p20,seed284,284,46,4600,100,16,120.04496544557362,144.86012402849227,119.54515659551923,False,max_epochs,226.1530795097351
rl4crn_rne_oscillator_trace_8rxn_stop_risksched085to09_lr1e4_entropy005_s4_c1_rnetol_d256_depth3_p20,seed284,284,47,4700,100,16,120.1054884167844,137.822465547234,119.54515659551923,False,max_epochs,231.3985719680786
rl4crn_rne_oscillator_trace_8rxn_stop_risksched085to09_lr1e4_entropy005_s4_c1_rnetol_d256_depth3_p20,seed284,284,48,4800,100,16,120.35408636710028,135.1830000935357,119.54515659551923,False,max_epochs,236.81097865104675
rl4crn_rne_oscillator_trace_8rxn_stop_risksched085to09_lr1e4_entropy005_s4_c1_rnetol_d256_depth3_p20,seed284,284,49,4900,100,16,119.43505199736052,131.9863508909351,119.43505199736052,False,max_epochs,242.5646526813507
rl4crn_rne_oscillator_trace_8rxn_stop_risksched085to09_lr1e4_entropy005_s4_c1_rnetol_d256_depth3_p20,seed284,284,50,5000,100,16,120.03357318239736,133.6218941518431,119.43505199736052,False,max_epochs,247.86542773246765
rl4crn_rne_oscillator_trace_8rxn_stop_risksched085to09_lr1e4_entropy005_s4_c1_rnetol_d256_depth3_p20,seed284,284,51,5100,100,16,120.7959577606189,136.1143412537646,119.43505199736052,False,max_epochs,253.71340918540955
rl4crn_rne_oscillator_trace_8rxn_stop_risksched085to09_lr1e4_entropy005_s4_c1_rnetol_d256_depth3_p20,seed284,284,52,5200,100,16,120.07274342507222,129.41731226897105,119.43505199736052,False,max_epochs,258.79802656173706
rl4crn_rne_oscillator_trace_8rxn_stop_risksched085to09_lr1e4_entropy005_s4_c1_rnetol_d256_depth3_p20,seed284,284,53,5300,100,16,120.45693853793051,132.9074404714613,119.43505199736052,False,max_epochs,264.3197193145752
rl4crn_rne_oscillator_trace_8rxn_stop_risksched085to09_lr1e4_entropy005_s4_c1_rnetol_d256_depth3_p20,seed284,284,54,5400,100,16,120.27019951513978,138.8565890669729,119.43505199736052,False,max_epochs,268.9755005836487
rl4crn_rne_oscillator_trace_8rxn_stop_risksched085to09_lr1e4_entropy005_s4_c1_rnetol_d256_depth3_p20,seed284,284,55,5500,100,16,119.81889410007278,136.89147949026685,119.43505199736052,False,max_epochs,273.7157623767853
rl4crn_rne_oscillator_trace_8rxn_stop_risksched085to09_lr1e4_entropy005_s4_c1_rnetol_d256_depth3_p20,seed284,284,56,5600,100,16,120.15241789857104,138.03905555548323,119.43505199736052,False,max_epochs,276.08161878585815
rl4crn_rne_oscillator_trace_8rxn_stop_risksched085to09_lr1e4_entropy005_s4_c1_rnetol_d256_depth3_p20,seed284,284,57,5700,100,16,120.80108137858993,132.416589665969,119.43505199736052,False,max_epochs,281.21188831329346
rl4crn_rne_oscillator_trace_8rxn_stop_risksched085to09_lr1e4_entropy005_s4_c1_rnetol_d256_depth3_p20,seed284,284,58,5800,100,16,120.00741208873845,126.01820787334904,119.43505199736052,False,max_epochs,286.5043170452118
rl4crn_rne_oscillator_trace_8rxn_stop_risksched085to09_lr1e4_entropy005_s4_c1_rnetol_d256_depth3_p20,seed284,284,59,5900,100,16,120.37252416421592,129.29236333396113,119.43505199736052,False,max_epochs,292.06332564353943
rl4crn_rne_oscillator_trace_8rxn_stop_risksched085to09_lr1e4_entropy005_s4_c1_rnetol_d256_depth3_p20,seed284,284,60,6000,100,16,120.55334310191368,124.42109405823044,119.43505199736052,False,max_epochs,297.04604482650757
rl4crn_rne_oscillator_trace_8rxn_stop_risksched085to09_lr1e4_entropy005_s4_c1_rnetol_d256_depth3_p20,seed284,284,61,6100,100,16,120.47532764761715,125.80083101366833,119.43505199736052,False,max_epochs,302.7070755958557
rl4crn_rne_oscillator_trace_8rxn_stop_risksched085to09_lr1e4_entropy005_s4_c1_rnetol_d256_depth3_p20,seed284,284,62,6200,100,16,118.16343852034966,128.97486785274646,118.16343852034966,False,max_epochs,307.71044063568115
rl4crn_rne_oscillator_trace_8rxn_stop_risksched085to09_lr1e4_entropy005_s4_c1_rnetol_d256_depth3_p20,seed284,284,63,6300,100,16,118.15301512397792,128.1745000217171,118.15301512397792,False,max_epochs,313.32550144195557
rl4crn_rne_oscillator_trace_8rxn_stop_risksched085to09_lr1e4_entropy005_s4_c1_rnetol_d256_depth3_p20,seed284,284,64,6400,100,16,117.60609369700948,136.6520254352708,117.60609369700948,False,max_epochs,318.63474440574646
rl4crn_rne_oscillator_trace_8rxn_stop_risksched085to09_lr1e4_entropy005_s4_c1_rnetol_d256_depth3_p20,seed284,284,65,6500,100,16,119.99157114494747,128.72599058809917,117.60609369700948,False,max_epochs,324.349570274353
rl4crn_rne_oscillator_trace_8rxn_stop_risksched085to09_lr1e4_entropy005_s4_c1_rnetol_d256_depth3_p20,seed284,284,66,6600,100,16,120.4978573592015,131.66730408205848,117.60609369700948,False,max_epochs,329.602667093277
rl4crn_rne_oscillator_trace_8rxn_stop_risksched085to09_lr1e4_entropy005_s4_c1_rnetol_d256_depth3_p20,seed284,284,67,6700,100,16,120.27955207400649,134.15568503645198,117.60609369700948,False,max_epochs,335.18626260757446
rl4crn_rne_oscillator_trace_8rxn_stop_risksched085to09_lr1e4_entropy005_s4_c1_rnetol_d256_depth3_p20,seed284,284,68,6800,100,16,119.04293808551537,136.9170941764956,117.60609369700948,False,max_epochs,340.52513670921326
rl4crn_rne_oscillator_trace_8rxn_stop_risksched085to09_lr1e4_entropy005_s4_c1_rnetol_d256_depth3_p20,seed284,284,69,6900,100,16,120.54918455827692,135.38793250933276,117.60609369700948,False,max_epochs,345.5635197162628
rl4crn_rne_oscillator_trace_8rxn_stop_risksched085to09_lr1e4_entropy005_s4_c1_rnetol_d256_depth3_p20,seed284,284,70,7000,100,16,120.26038034703163,131.49818271082725,117.60609369700948,False,max_epochs,350.72147512435913
rl4crn_rne_oscillator_trace_8rxn_stop_risksched085to09_lr1e4_entropy005_s4_c1_rnetol_d256_depth3_p20,seed284,284,71,7100,100,16,117.125165894536,132.90645838556384,117.125165894536,False,max_epochs,355.7298240661621
rl4crn_rne_oscillator_trace_8rxn_stop_risksched085to09_lr1e4_entropy005_s4_c1_rnetol_d256_depth3_p20,seed284,284,72,7200,100,16,119.86572658291232,127.52294686805108,117.125165894536,False,max_epochs,360.4760990142822
rl4crn_rne_oscillator_trace_8rxn_stop_risksched085to09_lr1e4_entropy005_s4_c1_rnetol_d256_depth3_p20,seed284,284,73,7300,100,16,119.56452933441444,127.18253418866317,117.125165894536,False,max_epochs,363.03398418426514
rl4crn_rne_oscillator_trace_8rxn_stop_risksched085to09_lr1e4_entropy005_s4_c1_rnetol_d256_depth3_p20,seed284,284,74,7400,100,16,117.5821971427602,125.5922958459566,117.125165894536,False,max_epochs,367.7507402896881
rl4crn_rne_oscillator_trace_8rxn_stop_risksched085to09_lr1e4_entropy005_s4_c1_rnetol_d256_depth3_p20,seed284,284,75,7500,100,16,119.72439428663942,127.1131609737512,117.125165894536,False,max_epochs,373.45487880706787
rl4crn_rne_oscillator_trace_8rxn_stop_risksched085to09_lr1e4_entropy005_s4_c1_rnetol_d256_depth3_p20,seed284,284,76,7600,100,16,118.53793658193447,125.19880472345312,117.125165894536,False,max_epochs,378.84268283843994
rl4crn_rne_oscillator_trace_8rxn_stop_risksched085to09_lr1e4_entropy005_s4_c1_rnetol_d256_depth3_p20,seed284,284,77,7700,100,16,119.17734583906193,126.92194371036057,117.125165894536,False,max_epochs,384.5090796947479
rl4crn_rne_oscillator_trace_8rxn_stop_risksched085to09_lr1e4_entropy005_s4_c1_rnetol_d256_depth3_p20,seed284,284,78,7800,100,16,118.74621026401692,127.59979903703282,117.125165894536,False,max_epochs,389.81982707977295
rl4crn_rne_oscillator_trace_8rxn_stop_risksched085to09_lr1e4_entropy005_s4_c1_rnetol_d256_depth3_p20,seed284,284,79,7900,100,16,119.20191074229871,131.47669298510664,117.125165894536,False,max_epochs,395.4538643360138
rl4crn_rne_oscillator_trace_8rxn_stop_risksched085to09_lr1e4_entropy005_s4_c1_rnetol_d256_depth3_p20,seed284,284,80,8000,100,16,116.30152401469006,134.32830874808508,116.30152401469006,False,max_epochs,400.49075746536255
rl4crn_rne_oscillator_trace_8rxn_stop_risksched085to09_lr1e4_entropy005_s4_c1_rnetol_d256_depth3_p20,seed284,284,81,8100,100,16,119.32084530207646,134.65996903683657,116.30152401469006,False,max_epochs,405.78509736061096
rl4crn_rne_oscillator_trace_8rxn_stop_risksched085to09_lr1e4_entropy005_s4_c1_rnetol_d256_depth3_p20,seed284,284,82,8200,100,16,119.58165775406971,131.7233525475794,116.30152401469006,False,max_epochs,410.6123342514038
rl4crn_rne_oscillator_trace_8rxn_stop_risksched085to09_lr1e4_entropy005_s4_c1_rnetol_d256_depth3_p20,seed284,284,83,8300,100,16,119.1622683369353,132.64634475404188,116.30152401469006,False,max_epochs,415.3136022090912
rl4crn_rne_oscillator_trace_8rxn_stop_risksched085to09_lr1e4_entropy005_s4_c1_rnetol_d256_depth3_p20,seed284,284,84,8400,100,16,113.81077880850987,131.11913790563506,113.81077880850987,False,max_epochs,419.4058847427368
rl4crn_rne_oscillator_trace_8rxn_stop_risksched085to09_lr1e4_entropy005_s4_c1_rnetol_d256_depth3_p20,seed284,284,85,8500,100,16,118.05525733966539,132.01257072091303,113.81077880850987,False,max_epochs,422.56580901145935
rl4crn_rne_oscillator_trace_8rxn_stop_risksched085to09_lr1e4_entropy005_s4_c1_rnetol_d256_depth3_p20,seed284,284,86,8600,100,16,118.13005101068737,126.33548648733591,113.81077880850987,False,max_epochs,427.68605279922485
rl4crn_rne_oscillator_trace_8rxn_stop_risksched085to09_lr1e4_entropy005_s4_c1_rnetol_d256_depth3_p20,seed284,284,87,8700,100,16,115.56692081236918,129.87442698927003,113.81077880850987,False,max_epochs,433.28480339050293
rl4crn_rne_oscillator_trace_8rxn_stop_risksched085to09_lr1e4_entropy005_s4_c1_rnetol_d256_depth3_p20,seed284,284,88,8800,100,16,116.77599313363513,134.3502827760065,113.81077880850987,False,max_epochs,438.27378606796265
rl4crn_rne_oscillator_trace_8rxn_stop_risksched085to09_lr1e4_entropy005_s4_c1_rnetol_d256_depth3_p20,seed284,284,89,8900,100,16,117.5073991093608,129.57820282115108,113.81077880850987,False,max_epochs,443.98290181159973
rl4crn_rne_oscillator_trace_8rxn_stop_risksched085to09_lr1e4_entropy005_s4_c1_rnetol_d256_depth3_p20,seed284,284,90,9000,100,16,117.32234559835632,136.1790609296599,113.81077880850987,False,max_epochs,449.3110976219177
rl4crn_rne_oscillator_trace_8rxn_stop_risksched085to09_lr1e4_entropy005_s4_c1_rnetol_d256_depth3_p20,seed284,284,91,9100,100,16,118.93604781200371,130.88588274241042,113.81077880850987,False,max_epochs,454.7087678909302
rl4crn_rne_oscillator_trace_8rxn_stop_risksched085to09_lr1e4_entropy005_s4_c1_rnetol_d256_depth3_p20,seed284,284,92,9200,100,16,118.18453409289344,129.1993619856385,113.81077880850987,False,max_epochs,459.83005690574646
rl4crn_rne_oscillator_trace_8rxn_stop_risksched085to09_lr1e4_entropy005_s4_c1_rnetol_d256_depth3_p20,seed284,284,93,9300,100,16,116.8817820513183,132.89648887046255,113.81077880850987,False,max_epochs,465.6976156234741
rl4crn_rne_oscillator_trace_8rxn_stop_risksched085to09_lr1e4_entropy005_s4_c1_rnetol_d256_depth3_p20,seed284,284,94,9400,100,16,117.38882524215623,132.21599280844993,113.81077880850987,False,max_epochs,470.72333240509033
rl4crn_rne_oscillator_trace_8rxn_stop_risksched085to09_lr1e4_entropy005_s4_c1_rnetol_d256_depth3_p20,seed284,284,95,9500,100,16,115.96291694562086,133.62293203983518,113.81077880850987,False,max_epochs,476.2561056613922
rl4crn_rne_oscillator_trace_8rxn_stop_risksched085to09_lr1e4_entropy005_s4_c1_rnetol_d256_depth3_p20,seed284,284,96,9600,100,16,117.3264458261147,130.7847093151563,113.81077880850987,False,max_epochs,481.21900391578674
rl4crn_rne_oscillator_trace_8rxn_stop_risksched085to09_lr1e4_entropy005_s4_c1_rnetol_d256_depth3_p20,seed284,284,97,9700,100,16,117.48749388529917,133.2183193661582,113.81077880850987,False,max_epochs,486.352796792984
rl4crn_rne_oscillator_trace_8rxn_stop_risksched085to09_lr1e4_entropy005_s4_c1_rnetol_d256_depth3_p20,seed284,284,98,9800,100,16,115.23481986347322,129.88585219391842,113.81077880850987,False,max_epochs,490.49808645248413
rl4crn_rne_oscillator_trace_8rxn_stop_risksched085to09_lr1e4_entropy005_s4_c1_rnetol_d256_depth3_p20,seed284,284,99,9900,100,16,114.37796488965101,126.94436826813477,113.81077880850987,False,max_epochs,493.41871905326843
rl4crn_rne_oscillator_trace_8rxn_stop_risksched085to09_lr1e4_entropy005_s4_c1_rnetol_d256_depth3_p20,seed284,284,100,10000,100,16,116.10471849522958,131.20787844083,113.81077880850987,False,max_epochs,498.48695969581604
rl4crn_rne_oscillator_trace_8rxn_stop_risksched085to09_lr1e4_entropy005_s4_c1_rnetol_d256_depth3_p20,seed284,284,101,10100,100,16,116.08189297741097,137.89812882995022,113.81077880850987,False,max_epochs,503.78914880752563
rl4crn_rne_oscillator_trace_8rxn_stop_risksched085to09_lr1e4_entropy005_s4_c1_rnetol_d256_depth3_p20,seed284,284,102,10200,100,16,115.31289582326981,131.07354908458512,113.81077880850987,False,max_epochs,509.3181166648865
rl4crn_rne_oscillator_trace_8rxn_stop_risksched085to09_lr1e4_entropy005_s4_c1_rnetol_d256_depth3_p20,seed284,284,103,10300,100,16,116.75581165382735,125.03681930893372,113.81077880850987,False,max_epochs,514.5102579593658
rl4crn_rne_oscillator_trace_8rxn_stop_risksched085to09_lr1e4_entropy005_s4_c1_rnetol_d256_depth3_p20,seed284,284,104,10400,100,16,115.16193355847417,128.64926551225417,113.81077880850987,False,max_epochs,519.4874107837677
rl4crn_rne_oscillator_trace_8rxn_stop_risksched085to09_lr1e4_entropy005_s4_c1_rnetol_d256_depth3_p20,seed284,284,105,10500,100,16,116.02494007260466,137.8526924864863,113.81077880850987,False,max_epochs,524.43847823143
rl4crn_rne_oscillator_trace_8rxn_stop_risksched085to09_lr1e4_entropy005_s4_c1_rnetol_d256_depth3_p20,seed284,284,106,10600,100,16,116.51726429075157,135.7586072554605,113.81077880850987,False,max_epochs,526.8431415557861
rl4crn_rne_oscillator_trace_8rxn_stop_risksched085to09_lr1e4_entropy005_s4_c1_rnetol_d256_depth3_p20,seed284,284,107,10700,100,16,115.51209527546179,133.7963370660732,113.81077880850987,False,max_epochs,531.9743921756744
rl4crn_rne_oscillator_trace_8rxn_stop_risksched085to09_lr1e4_entropy005_s4_c1_rnetol_d256_depth3_p20,seed284,284,108,10800,100,16,116.59159455209718,128.61157207083124,113.81077880850987,False,max_epochs,537.1651260852814
rl4crn_rne_oscillator_trace_8rxn_stop_risksched085to09_lr1e4_entropy005_s4_c1_rnetol_d256_depth3_p20,seed284,284,109,10900,100,16,113.0206289338773,133.46093129870712,113.0206289338773,False,max_epochs,542.5365171432495
rl4crn_rne_oscillator_trace_8rxn_stop_risksched085to09_lr1e4_entropy005_s4_c1_rnetol_d256_depth3_p20,seed284,284,110,11000,100,16,114.76078705195074,129.102384499109,113.0206289338773,False,max_epochs,547.3724834918976
rl4crn_rne_oscillator_trace_8rxn_stop_risksched085to09_lr1e4_entropy005_s4_c1_rnetol_d256_depth3_p20,seed284,284,111,11100,100,16,114.53091963135614,128.15256313892374,113.0206289338773,False,max_epochs,552.1694366931915
rl4crn_rne_oscillator_trace_8rxn_stop_risksched085to09_lr1e4_entropy005_s4_c1_rnetol_d256_depth3_p20,seed284,284,112,11200,100,16,115.19514047718535,139.19742438941591,113.0206289338773,False,max_epochs,557.2062976360321
rl4crn_rne_oscillator_trace_8rxn_stop_risksched085to09_lr1e4_entropy005_s4_c1_rnetol_d256_depth3_p20,seed284,284,113,11300,100,16,115.39318618015248,135.62146663759012,113.0206289338773,False,max_epochs,559.4400577545166
rl4crn_rne_oscillator_trace_8rxn_stop_risksched085to09_lr1e4_entropy005_s4_c1_rnetol_d256_depth3_p20,seed284,284,114,11400,100,16,114.69060160748893,134.7100149841898,113.0206289338773,False,max_epochs,564.220762014389
rl4crn_rne_oscillator_trace_8rxn_stop_risksched085to09_lr1e4_entropy005_s4_c1_rnetol_d256_depth3_p20,seed284,284,115,11500,100,16,115.2502052292691,132.69230537827002,113.0206289338773,False,max_epochs,569.6179306507111
rl4crn_rne_oscillator_trace_8rxn_stop_risksched085to09_lr1e4_entropy005_s4_c1_rnetol_d256_depth3_p20,seed284,284,116,11600,100,16,115.71981942252893,131.1368178585264,113.0206289338773,False,max_epochs,574.7682635784149
rl4crn_rne_oscillator_trace_8rxn_stop_risksched085to09_lr1e4_entropy005_s4_c1_rnetol_d256_depth3_p20,seed284,284,117,11700,100,16,113.23235078570352,136.63386098327823,113.0206289338773,False,max_epochs,580.2391822338104
rl4crn_rne_oscillator_trace_8rxn_stop_risksched085to09_lr1e4_entropy005_s4_c1_rnetol_d256_depth3_p20,seed284,284,118,11800,100,16,112.97904735146737,130.93772289331994,112.97904735146737,False,max_epochs,585.699738740921
rl4crn_rne_oscillator_trace_8rxn_stop_risksched085to09_lr1e4_entropy005_s4_c1_rnetol_d256_depth3_p20,seed284,284,119,11900,100,16,114.75822515327249,129.03961707371946,112.97904735146737,False,max_epochs,591.3448877334595
rl4crn_rne_oscillator_trace_8rxn_stop_risksched085to09_lr1e4_entropy005_s4_c1_rnetol_d256_depth3_p20,seed284,284,120,12000,100,16,115.57748166350274,131.05660674649704,112.97904735146737,False,max_epochs,596.7674205303192
rl4crn_rne_oscillator_trace_8rxn_stop_risksched085to09_lr1e4_entropy005_s4_c1_rnetol_d256_depth3_p20,seed284,284,121,12100,100,16,115.25239860212122,133.35764407513574,112.97904735146737,False,max_epochs,602.3077714443207
rl4crn_rne_oscillator_trace_8rxn_stop_risksched085to09_lr1e4_entropy005_s4_c1_rnetol_d256_depth3_p20,seed284,284,122,12200,100,16,115.11110290504838,129.56473272005277,112.97904735146737,False,max_epochs,607.9293451309204
rl4crn_rne_oscillator_trace_8rxn_stop_risksched085to09_lr1e4_entropy005_s4_c1_rnetol_d256_depth3_p20,seed284,284,123,12300,100,16,114.72259544155952,129.45830250402156,112.97904735146737,False,max_epochs,613.5328114032745
rl4crn_rne_oscillator_trace_8rxn_stop_risksched085to09_lr1e4_entropy005_s4_c1_rnetol_d256_depth3_p20,seed284,284,124,12400,100,16,114.5771134427501,128.62815430427793,112.97904735146737,False,max_epochs,618.9580314159393
rl4crn_rne_oscillator_trace_8rxn_stop_risksched085to09_lr1e4_entropy005_s4_c1_rnetol_d256_depth3_p20,seed284,284,125,12500,100,16,113.98837464363538,139.48295900575184,112.97904735146737,False,max_epochs,624.363196849823
rl4crn_rne_oscillator_trace_8rxn_stop_risksched085to09_lr1e4_entropy005_s4_c1_rnetol_d256_depth3_p20,seed284,284,126,12600,100,16,113.20805752708739,129.58628808519,112.97904735146737,False,max_epochs,629.6480903625488
rl4crn_rne_oscillator_trace_8rxn_stop_risksched085to09_lr1e4_entropy005_s4_c1_rnetol_d256_depth3_p20,seed284,284,127,12700,100,16,113.62596680957705,124.6870400131161,112.97904735146737,False,max_epochs,634.3637158870697
rl4crn_rne_oscillator_trace_8rxn_stop_risksched085to09_lr1e4_entropy005_s4_c1_rnetol_d256_depth3_p20,seed284,284,128,12800,100,16,114.63664224281737,131.96264632906127,112.97904735146737,False,max_epochs,639.1222245693207
rl4crn_rne_oscillator_trace_8rxn_stop_risksched085to09_lr1e4_entropy005_s4_c1_rnetol_d256_depth3_p20,seed284,284,129,12900,100,16,114.62260519488997,130.06303482971714,112.97904735146737,False,max_epochs,641.4983646869659
rl4crn_rne_oscillator_trace_8rxn_stop_risksched085to09_lr1e4_entropy005_s4_c1_rnetol_d256_depth3_p20,seed284,284,130,13000,100,16,114.7700052404843,129.8133983615073,112.97904735146737,False,max_epochs,646.407292842865
rl4crn_rne_oscillator_trace_8rxn_stop_risksched085to09_lr1e4_entropy005_s4_c1_rnetol_d256_depth3_p20,seed284,284,131,13100,100,16,112.7561141492498,136.15972861645008,112.7561141492498,False,max_epochs,651.6080915927887
rl4crn_rne_oscillator_trace_8rxn_stop_risksched085to09_lr1e4_entropy005_s4_c1_rnetol_d256_depth3_p20,seed284,284,132,13200,100,16,113.1316779249553,135.34094213682823,112.7561141492498,False,max_epochs,656.6628842353821
rl4crn_rne_oscillator_trace_8rxn_stop_risksched085to09_lr1e4_entropy005_s4_c1_rnetol_d256_depth3_p20,seed284,284,133,13300,100,16,115.30287805712264,131.66548611927442,112.7561141492498,False,max_epochs,661.8213021755219
rl4crn_rne_oscillator_trace_8rxn_stop_risksched085to09_lr1e4_entropy005_s4_c1_rnetol_d256_depth3_p20,seed284,284,134,13400,100,16,111.20729756219936,137.69348931866037,111.20729756219936,False,max_epochs,666.7863717079163
rl4crn_rne_oscillator_trace_8rxn_stop_risksched085to09_lr1e4_entropy005_s4_c1_rnetol_d256_depth3_p20,seed284,284,135,13500,100,16,113.85732674626342,128.76989476187495,111.20729756219936,False,max_epochs,669.4947922229767
rl4crn_rne_oscillator_trace_8rxn_stop_risksched085to09_lr1e4_entropy005_s4_c1_rnetol_d256_depth3_p20,seed284,284,136,13600,100,16,116.15527523423245,135.10318152309316,111.20729756219936,False,max_epochs,673.9009792804718
rl4crn_rne_oscillator_trace_8rxn_stop_risksched085to09_lr1e4_entropy005_s4_c1_rnetol_d256_depth3_p20,seed284,284,137,13700,100,16,114.0112860846628,128.61842398453948,111.20729756219936,False,max_epochs,679.1851463317871
rl4crn_rne_oscillator_trace_8rxn_stop_risksched085to09_lr1e4_entropy005_s4_c1_rnetol_d256_depth3_p20,seed284,284,138,13800,100,16,114.45875680802202,125.42209082159857,111.20729756219936,False,max_epochs,684.906988620758
rl4crn_rne_oscillator_trace_8rxn_stop_risksched085to09_lr1e4_entropy005_s4_c1_rnetol_d256_depth3_p20,seed284,284,139,13900,100,16,114.27971175283596,139.34216487424789,111.20729756219936,False,max_epochs,690.1433770656586
rl4crn_rne_oscillator_trace_8rxn_stop_risksched085to09_lr1e4_entropy005_s4_c1_rnetol_d256_depth3_p20,seed284,284,140,14000,100,16,113.61289809416009,131.47493486211562,111.20729756219936,False,max_epochs,695.6174910068512
rl4crn_rne_oscillator_trace_8rxn_stop_risksched085to09_lr1e4_entropy005_s4_c1_rnetol_d256_depth3_p20,seed284,284,141,14100,100,16,113.04733262808105,130.91320589066066,111.20729756219936,False,max_epochs,700.9637546539307
rl4crn_rne_oscillator_trace_8rxn_stop_risksched085to09_lr1e4_entropy005_s4_c1_rnetol_d256_depth3_p20,seed284,284,142,14200,100,16,114.33280368866663,129.97268918456766,111.20729756219936,False,max_epochs,706.7694478034973
rl4crn_rne_oscillator_trace_8rxn_stop_risksched085to09_lr1e4_entropy005_s4_c1_rnetol_d256_depth3_p20,seed284,284,143,14300,100,16,111.47284288046389,137.6045077311744,111.20729756219936,False,max_epochs,711.9920482635498
rl4crn_rne_oscillator_trace_8rxn_stop_risksched085to09_lr1e4_entropy005_s4_c1_rnetol_d256_depth3_p20,seed284,284,144,14400,100,16,112.43206613527842,131.5802167629696,111.20729756219936,False,max_epochs,716.9571871757507
rl4crn_rne_oscillator_trace_8rxn_stop_risksched085to09_lr1e4_entropy005_s4_c1_rnetol_d256_depth3_p20,seed284,284,145,14500,100,16,113.4620642366061,128.93135429683701,111.20729756219936,False,max_epochs,722.2080283164978
rl4crn_rne_oscillator_trace_8rxn_stop_risksched085to09_lr1e4_entropy005_s4_c1_rnetol_d256_depth3_p20,seed284,284,146,14600,100,16,112.90537946787045,134.6056020203815,111.20729756219936,False,max_epochs,728.0114378929138
rl4crn_rne_oscillator_trace_8rxn_stop_risksched085to09_lr1e4_entropy005_s4_c1_rnetol_d256_depth3_p20,seed284,284,147,14700,100,16,112.68098534396856,135.8928416779131,111.20729756219936,False,max_epochs,733.0774338245392
rl4crn_rne_oscillator_trace_8rxn_stop_risksched085to09_lr1e4_entropy005_s4_c1_rnetol_d256_depth3_p20,seed284,284,148,14800,100,16,113.08589830625382,134.9512876340131,111.20729756219936,False,max_epochs,738.5247137546539
rl4crn_rne_oscillator_trace_8rxn_stop_risksched085to09_lr1e4_entropy005_s4_c1_rnetol_d256_depth3_p20,seed284,284,149,14900,100,16,114.69440664924018,149.49530019478578,111.20729756219936,False,max_epochs,743.3947186470032
rl4crn_rne_oscillator_trace_8rxn_stop_risksched085to09_lr1e4_entropy005_s4_c1_rnetol_d256_depth3_p20,seed284,284,150,15000,100,16,113.17518196989133,155.04031658951538,111.20729756219936,False,max_epochs,748.1045694351196
rl4crn_rne_oscillator_trace_8rxn_stop_risksched085to09_lr1e4_entropy005_s4_c1_rnetol_d256_depth3_p20,seed284,284,151,15100,100,16,112.56629293626311,134.62993905215308,111.20729756219936,False,max_epochs,750.4834022521973
rl4crn_rne_oscillator_trace_8rxn_stop_risksched085to09_lr1e4_entropy005_s4_c1_rnetol_d256_depth3_p20,seed284,284,152,15200,100,16,113.37699614922312,137.35929176766314,111.20729756219936,False,max_epochs,755.484236240387
rl4crn_rne_oscillator_trace_8rxn_stop_risksched085to09_lr1e4_entropy005_s4_c1_rnetol_d256_depth3_p20,seed284,284,153,15300,100,16,113.59053643802953,130.77630479883643,111.20729756219936,False,max_epochs,760.5445082187653
rl4crn_rne_oscillator_trace_8rxn_stop_risksched085to09_lr1e4_entropy005_s4_c1_rnetol_d256_depth3_p20,seed284,284,154,15400,100,16,113.36602438670839,146.58792930922863,111.20729756219936,False,max_epochs,765.532356262207
rl4crn_rne_oscillator_trace_8rxn_stop_risksched085to09_lr1e4_entropy005_s4_c1_rnetol_d256_depth3_p20,seed284,284,155,15500,100,16,113.12711524869682,149.71403142891154,111.20729756219936,False,max_epochs,770.6539030075073
rl4crn_rne_oscillator_trace_8rxn_stop_risksched085to09_lr1e4_entropy005_s4_c1_rnetol_d256_depth3_p20,seed284,284,156,15600,100,16,111.73771270997636,132.12965659218838,111.20729756219936,False,max_epochs,775.4382779598236
rl4crn_rne_oscillator_trace_8rxn_stop_risksched085to09_lr1e4_entropy005_s4_c1_rnetol_d256_depth3_p20,seed284,284,157,15700,100,16,112.09491312033298,138.2373907859576,111.20729756219936,False,max_epochs,777.8369472026825
rl4crn_rne_oscillator_trace_8rxn_stop_risksched085to09_lr1e4_entropy005_s4_c1_rnetol_d256_depth3_p20,seed284,284,158,15800,100,16,114.35712493055712,145.36081681613229,111.20729756219936,False,max_epochs,782.4668266773224
rl4crn_rne_oscillator_trace_8rxn_stop_risksched085to09_lr1e4_entropy005_s4_c1_rnetol_d256_depth3_p20,seed284,284,159,15900,100,16,112.70363279824197,128.75429041823156,111.20729756219936,False,max_epochs,787.7105703353882
rl4crn_rne_oscillator_trace_8rxn_stop_risksched085to09_lr1e4_entropy005_s4_c1_rnetol_d256_depth3_p20,seed284,284,160,16000,100,16,113.28142923193178,138.79684341306674,111.20729756219936,False,max_epochs,793.2123217582703
rl4crn_rne_oscillator_trace_8rxn_stop_risksched085to09_lr1e4_entropy005_s4_c1_rnetol_d256_depth3_p20,seed284,284,161,16100,100,16,112.62407712644801,148.7634944648471,111.20729756219936,False,max_epochs,798.1622538566589
rl4crn_rne_oscillator_trace_8rxn_stop_risksched085to09_lr1e4_entropy005_s4_c1_rnetol_d256_depth3_p20,seed284,284,162,16200,100,16,111.47600062745923,144.97067353149077,111.20729756219936,False,max_epochs,802.9795877933502
rl4crn_rne_oscillator_trace_8rxn_stop_risksched085to09_lr1e4_entropy005_s4_c1_rnetol_d256_depth3_p20,seed284,284,163,16300,100,16,112.16000717705653,131.52547008552528,111.20729756219936,False,max_epochs,808.0004577636719
rl4crn_rne_oscillator_trace_8rxn_stop_risksched085to09_lr1e4_entropy005_s4_c1_rnetol_d256_depth3_p20,seed284,284,164,16400,100,16,112.49756377522777,127.38298504476046,111.20729756219936,False,max_epochs,810.3771436214447
rl4crn_rne_oscillator_trace_8rxn_stop_risksched085to09_lr1e4_entropy005_s4_c1_rnetol_d256_depth3_p20,seed284,284,165,16500,100,16,112.95025223114153,121.65348914602403,111.20729756219936,False,max_epochs,815.5537872314453
rl4crn_rne_oscillator_trace_8rxn_stop_risksched085to09_lr1e4_entropy005_s4_c1_rnetol_d256_depth3_p20,seed284,284,166,16600,100,16,112.36817079330608,125.10121079848966,111.20729756219936,False,max_epochs,821.10271692276
rl4crn_rne_oscillator_trace_8rxn_stop_risksched085to09_lr1e4_entropy005_s4_c1_rnetol_d256_depth3_p20,seed284,284,167,16700,100,16,112.5655631654448,147.74389124996875,111.20729756219936,False,max_epochs,826.2484745979309
rl4crn_rne_oscillator_trace_8rxn_stop_risksched085to09_lr1e4_entropy005_s4_c1_rnetol_d256_depth3_p20,seed284,284,168,16800,100,16,113.60294699296402,131.07931865804144,111.20729756219936,False,max_epochs,830.827077627182
rl4crn_rne_oscillator_trace_8rxn_stop_risksched085to09_lr1e4_entropy005_s4_c1_rnetol_d256_depth3_p20,seed284,284,169,16900,100,16,113.40867117267041,122.57060808805562,111.20729756219936,False,max_epochs,835.8180658817291
rl4crn_rne_oscillator_trace_8rxn_stop_risksched085to09_lr1e4_entropy005_s4_c1_rnetol_d256_depth3_p20,seed284,284,170,17000,100,16,112.29419131041234,119.37019990153136,111.20729756219936,False,max_epochs,838.39333319664
rl4crn_rne_oscillator_trace_8rxn_stop_risksched085to09_lr1e4_entropy005_s4_c1_rnetol_d256_depth3_p20,seed284,284,171,17100,100,16,111.74451559728914,120.08939441802275,111.20729756219936,False,max_epochs,842.9271855354309
rl4crn_rne_oscillator_trace_8rxn_stop_risksched085to09_lr1e4_entropy005_s4_c1_rnetol_d256_depth3_p20,seed284,284,172,17200,100,16,114.20680259402603,120.28279393211318,111.20729756219936,False,max_epochs,848.5027070045471
rl4crn_rne_oscillator_trace_8rxn_stop_risksched085to09_lr1e4_entropy005_s4_c1_rnetol_d256_depth3_p20,seed284,284,173,17300,100,16,111.65264402145712,127.8257972562302,111.20729756219936,False,max_epochs,853.605384349823
rl4crn_rne_oscillator_trace_8rxn_stop_risksched085to09_lr1e4_entropy005_s4_c1_rnetol_d256_depth3_p20,seed284,284,174,17400,100,16,112.20023183733247,124.36183560044694,111.20729756219936,False,max_epochs,859.5688264369965
rl4crn_rne_oscillator_trace_8rxn_stop_risksched085to09_lr1e4_entropy005_s4_c1_rnetol_d256_depth3_p20,seed284,284,175,17500,100,16,112.27191646402285,122.4607032212376,111.20729756219936,False,max_epochs,864.7822957038879
rl4crn_rne_oscillator_trace_8rxn_stop_risksched085to09_lr1e4_entropy005_s4_c1_rnetol_d256_depth3_p20,seed284,284,176,17600,100,16,111.9014712536814,124.13187437244902,111.20729756219936,False,max_epochs,869.6192483901978
rl4crn_rne_oscillator_trace_8rxn_stop_risksched085to09_lr1e4_entropy005_s4_c1_rnetol_d256_depth3_p20,seed284,284,177,17700,100,16,111.92908599459567,123.23731338013621,111.20729756219936,False,max_epochs,874.937196969986
rl4crn_rne_oscillator_trace_8rxn_stop_risksched085to09_lr1e4_entropy005_s4_c1_rnetol_d256_depth3_p20,seed284,284,178,17800,100,16,111.82796171473665,121.13934865868939,111.20729756219936,False,max_epochs,880.680581331253
rl4crn_rne_oscillator_trace_8rxn_stop_risksched085to09_lr1e4_entropy005_s4_c1_rnetol_d256_depth3_p20,seed284,284,179,17900,100,16,112.72858314451284,124.08420704513671,111.20729756219936,False,max_epochs,885.9827394485474
rl4crn_rne_oscillator_trace_8rxn_stop_risksched085to09_lr1e4_entropy005_s4_c1_rnetol_d256_depth3_p20,seed284,284,180,18000,100,16,112.75016665631604,131.94376196858008,111.20729756219936,False,max_epochs,891.1912348270416
rl4crn_rne_oscillator_trace_8rxn_stop_risksched085to09_lr1e4_entropy005_s4_c1_rnetol_d256_depth3_p20,seed284,284,181,18100,100,16,111.44979604094758,121.91595282182824,111.20729756219936,False,max_epochs,896.3290369510651
rl4crn_rne_oscillator_trace_8rxn_stop_risksched085to09_lr1e4_entropy005_s4_c1_rnetol_d256_depth3_p20,seed284,284,182,18200,100,16,112.73710345298358,126.5321615431997,111.20729756219936,False,max_epochs,901.499169588089
rl4crn_rne_oscillator_trace_8rxn_stop_risksched085to09_lr1e4_entropy005_s4_c1_rnetol_d256_depth3_p20,seed284,284,183,18300,100,16,111.326613281187,124.97161055386104,111.20729756219936,False,max_epochs,905.7019853591919
rl4crn_rne_oscillator_trace_8rxn_stop_risksched085to09_lr1e4_entropy005_s4_c1_rnetol_d256_depth3_p20,seed284,284,184,18400,100,16,112.02442241453065,121.7483092324037,111.20729756219936,False,max_epochs,908.6769473552704
rl4crn_rne_oscillator_trace_8rxn_stop_risksched085to09_lr1e4_entropy005_s4_c1_rnetol_d256_depth3_p20,seed284,284,185,18500,100,16,112.2906136266334,124.90114741981446,111.20729756219936,False,max_epochs,913.7449109554291
rl4crn_rne_oscillator_trace_8rxn_stop_risksched085to09_lr1e4_entropy005_s4_c1_rnetol_d256_depth3_p20,seed284,284,186,18600,100,16,111.45530201187124,128.9646411508142,111.20729756219936,False,max_epochs,919.0409123897552
rl4crn_rne_oscillator_trace_8rxn_stop_risksched085to09_lr1e4_entropy005_s4_c1_rnetol_d256_depth3_p20,seed284,284,187,18700,100,16,111.55437830232397,134.38286722078465,111.20729756219936,False,max_epochs,924.378876209259
rl4crn_rne_oscillator_trace_8rxn_stop_risksched085to09_lr1e4_entropy005_s4_c1_rnetol_d256_depth3_p20,seed284,284,188,18800,100,16,111.74492009889484,128.52107178282603,111.20729756219936,False,max_epochs,929.2160086631775
rl4crn_rne_oscillator_trace_8rxn_stop_risksched085to09_lr1e4_entropy005_s4_c1_rnetol_d256_depth3_p20,seed284,284,189,18900,100,16,112.3102837707463,132.33197546395485,111.20729756219936,False,max_epochs,934.3586404323578
rl4crn_rne_oscillator_trace_8rxn_stop_risksched085to09_lr1e4_entropy005_s4_c1_rnetol_d256_depth3_p20,seed284,284,190,19000,100,16,112.49486946606974,136.67674246959803,111.20729756219936,False,max_epochs,936.5918211936951
rl4crn_rne_oscillator_trace_8rxn_stop_risksched085to09_lr1e4_entropy005_s4_c1_rnetol_d256_depth3_p20,seed284,284,191,19100,100,16,113.17550157094024,130.43730426133772,111.20729756219936,False,max_epochs,941.2977545261383
rl4crn_rne_oscillator_trace_8rxn_stop_risksched085to09_lr1e4_entropy005_s4_c1_rnetol_d256_depth3_p20,seed284,284,192,19200,100,16,112.59521531064404,130.2052743024508,111.20729756219936,False,max_epochs,946.824428319931
rl4crn_rne_oscillator_trace_8rxn_stop_risksched085to09_lr1e4_entropy005_s4_c1_rnetol_d256_depth3_p20,seed284,284,193,19300,100,16,112.22284636667446,123.30378576757558,111.20729756219936,False,max_epochs,951.860223531723
rl4crn_rne_oscillator_trace_8rxn_stop_risksched085to09_lr1e4_entropy005_s4_c1_rnetol_d256_depth3_p20,seed284,284,194,19400,100,16,112.32167503034486,132.42025524725221,111.20729756219936,False,max_epochs,957.8927550315857
rl4crn_rne_oscillator_trace_8rxn_stop_risksched085to09_lr1e4_entropy005_s4_c1_rnetol_d256_depth3_p20,seed284,284,195,19500,100,16,113.11022801325024,128.09086675383324,111.20729756219936,False,max_epochs,963.1726801395416
rl4crn_rne_oscillator_trace_8rxn_stop_risksched085to09_lr1e4_entropy005_s4_c1_rnetol_d256_depth3_p20,seed284,284,196,19600,100,16,111.78523045616228,128.40224067192224,111.20729756219936,False,max_epochs,968.448704957962
rl4crn_rne_oscillator_trace_8rxn_stop_risksched085to09_lr1e4_entropy005_s4_c1_rnetol_d256_depth3_p20,seed284,284,197,19700,100,16,111.87459336756932,128.28112855552865,111.20729756219936,False,max_epochs,973.1705050468445
rl4crn_rne_oscillator_trace_8rxn_stop_risksched085to09_lr1e4_entropy005_s4_c1_rnetol_d256_depth3_p20,seed284,284,198,19800,100,16,112.80589913613912,129.8434106991766,111.20729756219936,False,max_epochs,978.1942608356476
rl4crn_rne_oscillator_trace_8rxn_stop_risksched085to09_lr1e4_entropy005_s4_c1_rnetol_d256_depth3_p20,seed284,284,199,19900,100,16,111.82571839685045,124.67705698471428,111.20729756219936,False,max_epochs,982.6249215602875
rl4crn_rne_oscillator_trace_8rxn_stop_risksched085to09_lr1e4_entropy005_s4_c1_rnetol_d256_depth3_p20,seed284,284,200,20000,100,16,113.5026924855871,129.43862833111325,111.20729756219936,False,max_epochs,985.4917175769806
rl4crn_rne_oscillator_trace_8rxn_stop_risksched085to09_lr1e4_entropy005_s4_c1_rnetol_d256_depth3_p20,seed284,284,201,20100,100,16,112.50772298387515,130.78979441881089,111.20729756219936,False,max_epochs,990.4123818874359
rl4crn_rne_oscillator_trace_8rxn_stop_risksched085to09_lr1e4_entropy005_s4_c1_rnetol_d256_depth3_p20,seed284,284,202,20200,100,16,112.26930259454336,128.31812486210114,111.20729756219936,False,max_epochs,995.920812368393
rl4crn_rne_oscillator_trace_8rxn_stop_risksched085to09_lr1e4_entropy005_s4_c1_rnetol_d256_depth3_p20,seed284,284,203,20300,100,16,112.36838798330676,123.60656174476861,111.20729756219936,False,max_epochs,1001.1388568878174
rl4crn_rne_oscillator_trace_8rxn_stop_risksched085to09_lr1e4_entropy005_s4_c1_rnetol_d256_depth3_p20,seed284,284,204,20400,100,16,112.47886523871264,130.5497051583468,111.20729756219936,False,max_epochs,1006.8311154842377
rl4crn_rne_oscillator_trace_8rxn_stop_risksched085to09_lr1e4_entropy005_s4_c1_rnetol_d256_depth3_p20,seed284,284,205,20500,100,16,111.62674090996256,127.1883227321409,111.20729756219936,False,max_epochs,1012.0749704837799
rl4crn_rne_oscillator_trace_8rxn_stop_risksched085to09_lr1e4_entropy005_s4_c1_rnetol_d256_depth3_p20,seed284,284,206,20600,100,16,112.20680972365608,128.31164643705597,111.20729756219936,False,max_epochs,1016.7452213764191
rl4crn_rne_oscillator_trace_8rxn_stop_risksched085to09_lr1e4_entropy005_s4_c1_rnetol_d256_depth3_p20,seed284,284,207,20700,100,16,113.50571836577703,134.05057257612194,111.20729756219936,False,max_epochs,1021.796802520752
rl4crn_rne_oscillator_trace_8rxn_stop_risksched085to09_lr1e4_entropy005_s4_c1_rnetol_d256_depth3_p20,seed284,284,208,20800,100,16,112.71392012937147,124.52357885990995,111.20729756219936,False,max_epochs,1025.4260184764862
rl4crn_rne_oscillator_trace_8rxn_stop_risksched085to09_lr1e4_entropy005_s4_c1_rnetol_d256_depth3_p20,seed284,284,209,20900,100,16,111.54722723286815,123.80983099679868,111.20729756219936,False,max_epochs,1028.7289011478424
rl4crn_rne_oscillator_trace_8rxn_stop_risksched085to09_lr1e4_entropy005_s4_c1_rnetol_d256_depth3_p20,seed284,284,210,21000,100,16,112.93924442164611,127.1105885283838,111.20729756219936,False,max_epochs,1033.6533246040344
rl4crn_rne_oscillator_trace_8rxn_stop_risksched085to09_lr1e4_entropy005_s4_c1_rnetol_d256_depth3_p20,seed284,284,211,21100,100,16,112.57051798880546,121.77004706189057,111.20729756219936,False,max_epochs,1039.0985157489777
rl4crn_rne_oscillator_trace_8rxn_stop_risksched085to09_lr1e4_entropy005_s4_c1_rnetol_d256_depth3_p20,seed284,284,212,21200,100,16,111.4532704018772,119.2690511977028,111.20729756219936,False,max_epochs,1044.1051836013794
rl4crn_rne_oscillator_trace_8rxn_stop_risksched085to09_lr1e4_entropy005_s4_c1_rnetol_d256_depth3_p20,seed284,284,213,21300,100,16,111.9837617267806,127.36725920693186,111.20729756219936,False,max_epochs,1048.8992619514465
rl4crn_rne_oscillator_trace_8rxn_stop_risksched085to09_lr1e4_entropy005_s4_c1_rnetol_d256_depth3_p20,seed284,284,214,21400,100,16,113.05483535142311,121.1080100020887,111.20729756219936,False,max_epochs,1052.7009649276733
rl4crn_rne_oscillator_trace_8rxn_stop_risksched085to09_lr1e4_entropy005_s4_c1_rnetol_d256_depth3_p20,seed284,284,215,21500,100,16,111.36090010946805,118.34079517909396,111.20729756219936,False,max_epochs,1056.3170256614685
rl4crn_rne_oscillator_trace_8rxn_stop_risksched085to09_lr1e4_entropy005_s4_c1_rnetol_d256_depth3_p20,seed284,284,216,21600,100,16,111.53875128360518,120.40225146386248,111.20729756219936,False,max_epochs,1061.4752168655396
rl4crn_rne_oscillator_trace_8rxn_stop_risksched085to09_lr1e4_entropy005_s4_c1_rnetol_d256_depth3_p20,seed284,284,217,21700,100,16,111.8461605031029,121.06287566225262,111.20729756219936,False,max_epochs,1066.7413413524628
rl4crn_rne_oscillator_trace_8rxn_stop_risksched085to09_lr1e4_entropy005_s4_c1_rnetol_d256_depth3_p20,seed284,284,218,21800,100,16,111.86188638875946,121.6576631091329,111.20729756219936,False,max_epochs,1072.5063610076904
rl4crn_rne_oscillator_trace_8rxn_stop_risksched085to09_lr1e4_entropy005_s4_c1_rnetol_d256_depth3_p20,seed284,284,219,21900,100,16,111.39730945629914,118.16235827154085,111.20729756219936,False,max_epochs,1077.74760055542
rl4crn_rne_oscillator_trace_8rxn_stop_risksched085to09_lr1e4_entropy005_s4_c1_rnetol_d256_depth3_p20,seed284,284,220,22000,100,16,112.31493621214219,118.71646855944735,111.20729756219936,False,max_epochs,1082.8084526062012
rl4crn_rne_oscillator_trace_8rxn_stop_risksched085to09_lr1e4_entropy005_s4_c1_rnetol_d256_depth3_p20,seed284,284,221,22100,100,16,111.79440909947995,120.0450312020781,111.20729756219936,False,max_epochs,1088.0001184940338
rl4crn_rne_oscillator_trace_8rxn_stop_risksched085to09_lr1e4_entropy005_s4_c1_rnetol_d256_depth3_p20,seed284,284,222,22200,100,16,111.26001822197044,119.78257448334023,111.20729756219936,False,max_epochs,1093.1891791820526
rl4crn_rne_oscillator_trace_8rxn_stop_risksched085to09_lr1e4_entropy005_s4_c1_rnetol_d256_depth3_p20,seed284,284,223,22300,100,16,111.83691632306403,117.90681937888469,111.20729756219936,False,max_epochs,1097.9659209251404
rl4crn_rne_oscillator_trace_8rxn_stop_risksched085to09_lr1e4_entropy005_s4_c1_rnetol_d256_depth3_p20,seed284,284,224,22400,100,16,113.05824025379646,120.52677611590327,111.20729756219936,False,max_epochs,1100.3244400024414
rl4crn_rne_oscillator_trace_8rxn_stop_risksched085to09_lr1e4_entropy005_s4_c1_rnetol_d256_depth3_p20,seed284,284,225,22500,100,16,112.86066662981973,123.80302259168738,111.20729756219936,False,max_epochs,1105.304651260376
rl4crn_rne_oscillator_trace_8rxn_stop_risksched085to09_lr1e4_entropy005_s4_c1_rnetol_d256_depth3_p20,seed284,284,226,22600,100,16,112.08979161012276,118.57346496664742,111.20729756219936,False,max_epochs,1110.5033028125763
rl4crn_rne_oscillator_trace_8rxn_stop_risksched085to09_lr1e4_entropy005_s4_c1_rnetol_d256_depth3_p20,seed284,284,227,22700,100,16,111.98452496995336,122.44533657689499,111.20729756219936,False,max_epochs,1115.935792684555
rl4crn_rne_oscillator_trace_8rxn_stop_risksched085to09_lr1e4_entropy005_s4_c1_rnetol_d256_depth3_p20,seed284,284,228,22800,100,16,111.96231409298804,118.94708121209163,111.20729756219936,False,max_epochs,1121.466968536377
rl4crn_rne_oscillator_trace_8rxn_stop_risksched085to09_lr1e4_entropy005_s4_c1_rnetol_d256_depth3_p20,seed284,284,229,22900,100,16,112.493995987348,120.42238109991675,111.20729756219936,False,max_epochs,1126.7986080646515
rl4crn_rne_oscillator_trace_8rxn_stop_risksched085to09_lr1e4_entropy005_s4_c1_rnetol_d256_depth3_p20,seed284,284,230,23000,100,16,111.82098616251027,119.03059207445429,111.20729756219936,False,max_epochs,1131.8605329990387
rl4crn_rne_oscillator_trace_8rxn_stop_risksched085to09_lr1e4_entropy005_s4_c1_rnetol_d256_depth3_p20,seed284,284,231,23100,100,16,111.59985934757901,118.46516670136526,111.20729756219936,False,max_epochs,1136.9059927463531
rl4crn_rne_oscillator_trace_8rxn_stop_risksched085to09_lr1e4_entropy005_s4_c1_rnetol_d256_depth3_p20,seed284,284,232,23200,100,16,111.84943481065673,121.0874280947913,111.20729756219936,False,max_epochs,1139.437724351883
rl4crn_rne_oscillator_trace_8rxn_stop_risksched085to09_lr1e4_entropy005_s4_c1_rnetol_d256_depth3_p20,seed284,284,233,23300,100,16,111.82150124458225,117.56279591053641,111.20729756219936,False,max_epochs,1143.953190088272
rl4crn_rne_oscillator_trace_8rxn_stop_risksched085to09_lr1e4_entropy005_s4_c1_rnetol_d256_depth3_p20,seed284,284,234,23400,100,16,112.5078432978536,118.1426377721349,111.20729756219936,False,max_epochs,1149.2226691246033
rl4crn_rne_oscillator_trace_8rxn_stop_risksched085to09_lr1e4_entropy005_s4_c1_rnetol_d256_depth3_p20,seed284,284,235,23500,100,16,111.54799253995543,119.58833114150266,111.20729756219936,False,max_epochs,1154.740959405899
rl4crn_rne_oscillator_trace_8rxn_stop_risksched085to09_lr1e4_entropy005_s4_c1_rnetol_d256_depth3_p20,seed284,284,236,23600,100,16,112.20785298482674,124.4180558262572,111.20729756219936,False,max_epochs,1159.8921129703522
rl4crn_rne_oscillator_trace_8rxn_stop_risksched085to09_lr1e4_entropy005_s4_c1_rnetol_d256_depth3_p20,seed284,284,237,23700,100,16,111.59112482198015,118.4556515768856,111.20729756219936,False,max_epochs,1164.7499780654907
rl4crn_rne_oscillator_trace_8rxn_stop_risksched085to09_lr1e4_entropy005_s4_c1_rnetol_d256_depth3_p20,seed284,284,238,23800,100,16,111.90770443689965,121.51662996894362,111.20729756219936,False,max_epochs,1169.8382205963135
rl4crn_rne_oscillator_trace_8rxn_stop_risksched085to09_lr1e4_entropy005_s4_c1_rnetol_d256_depth3_p20,seed284,284,239,23900,100,16,111.81313187937793,117.86836509493429,111.20729756219936,False,max_epochs,1172.207036972046
rl4crn_rne_oscillator_trace_8rxn_stop_risksched085to09_lr1e4_entropy005_s4_c1_rnetol_d256_depth3_p20,seed284,284,240,24000,100,16,112.0810578836255,125.36163217224421,111.20729756219936,False,max_epochs,1177.0971536636353
rl4crn_rne_oscillator_trace_8rxn_stop_risksched085to09_lr1e4_entropy005_s4_c1_rnetol_d256_depth3_p20,seed284,284,241,24100,100,16,111.25208819777353,118.71035790089672,111.20729756219936,False,max_epochs,1182.4069056510925
rl4crn_rne_oscillator_trace_8rxn_stop_risksched085to09_lr1e4_entropy005_s4_c1_rnetol_d256_depth3_p20,seed284,284,242,24200,100,16,112.31435539602485,121.39369188844235,111.20729756219936,False,max_epochs,1187.7123022079468
rl4crn_rne_oscillator_trace_8rxn_stop_risksched085to09_lr1e4_entropy005_s4_c1_rnetol_d256_depth3_p20,seed284,284,243,24300,100,16,111.95508982348554,120.13919178253403,111.20729756219936,False,max_epochs,1193.142987728119
rl4crn_rne_oscillator_trace_8rxn_stop_risksched085to09_lr1e4_entropy005_s4_c1_rnetol_d256_depth3_p20,seed284,284,244,24400,100,16,111.85885108148058,118.01651092251335,111.20729756219936,False,max_epochs,1198.3622891902924
rl4crn_rne_oscillator_trace_8rxn_stop_risksched085to09_lr1e4_entropy005_s4_c1_rnetol_d256_depth3_p20,seed284,284,245,24500,100,16,112.01662763751125,122.35008216233629,111.20729756219936,False,max_epochs,1203.165005683899
rl4crn_rne_oscillator_trace_8rxn_stop_risksched085to09_lr1e4_entropy005_s4_c1_rnetol_d256_depth3_p20,seed284,284,246,24600,100,16,111.5562035731876,119.11660891307369,111.20729756219936,False,max_epochs,1208.1765627861023
rl4crn_rne_oscillator_trace_8rxn_stop_risksched085to09_lr1e4_entropy005_s4_c1_rnetol_d256_depth3_p20,seed284,284,247,24700,100,16,111.75466131782527,122.83338397964623,111.20729756219936,False,max_epochs,1210.312021970749
rl4crn_rne_oscillator_trace_8rxn_stop_risksched085to09_lr1e4_entropy005_s4_c1_rnetol_d256_depth3_p20,seed284,284,248,24800,100,16,111.45267209848974,121.13682474691848,111.20729756219936,False,max_epochs,1215.117681503296
rl4crn_rne_oscillator_trace_8rxn_stop_risksched085to09_lr1e4_entropy005_s4_c1_rnetol_d256_depth3_p20,seed284,284,249,24900,100,16,112.31205737163862,120.71600388167738,111.20729756219936,False,max_epochs,1220.27082157135
rl4crn_rne_oscillator_trace_8rxn_stop_risksched085to09_lr1e4_entropy005_s4_c1_rnetol_d256_depth3_p20,seed284,284,250,25000,100,16,112.28928018943232,117.92922313532571,111.20729756219936,False,max_epochs,1225.1524827480316
rl4crn_rne_oscillator_trace_8rxn_stop_risksched085to09_lr1e4_entropy005_s4_c1_rnetol_d256_depth3_p20,seed284,284,251,25100,100,16,111.46880116716608,125.64991031349228,111.20729756219936,False,max_epochs,1229.9992785453796
rl4crn_rne_oscillator_trace_8rxn_stop_risksched085to09_lr1e4_entropy005_s4_c1_rnetol_d256_depth3_p20,seed284,284,252,25200,100,16,111.60036824864012,122.47772254639005,111.20729756219936,False,max_epochs,1234.4861574172974
rl4crn_rne_oscillator_trace_8rxn_stop_risksched085to09_lr1e4_entropy005_s4_c1_rnetol_d256_depth3_p20,seed284,284,253,25300,100,16,111.87664132178303,149.53419962597894,111.20729756219936,False,max_epochs,1237.2530183792114
rl4crn_rne_oscillator_trace_8rxn_stop_risksched085to09_lr1e4_entropy005_s4_c1_rnetol_d256_depth3_p20,seed284,284,254,25400,100,16,111.85315257957996,119.04295815071966,111.20729756219936,False,max_epochs,1242.428503036499
rl4crn_rne_oscillator_trace_8rxn_stop_risksched085to09_lr1e4_entropy005_s4_c1_rnetol_d256_depth3_p20,seed284,284,255,25500,100,16,112.52206742195395,130.37629845066473,111.20729756219936,False,max_epochs,1247.9246363639832
rl4crn_rne_oscillator_trace_8rxn_stop_risksched085to09_lr1e4_entropy005_s4_c1_rnetol_d256_depth3_p20,seed284,284,256,25600,100,16,112.02319513932547,120.18294951235319,111.20729756219936,False,max_epochs,1253.2987434864044
rl4crn_rne_oscillator_trace_8rxn_stop_risksched085to09_lr1e4_entropy005_s4_c1_rnetol_d256_depth3_p20,seed284,284,257,25700,100,16,111.7424287640017,123.01586573880292,111.20729756219936,False,max_epochs,1258.3985049724579
rl4crn_rne_oscillator_trace_8rxn_stop_risksched085to09_lr1e4_entropy005_s4_c1_rnetol_d256_depth3_p20,seed284,284,258,25800,100,16,111.38849101985285,124.00321154488131,111.20729756219936,False,max_epochs,1263.4996700286865
rl4crn_rne_oscillator_trace_8rxn_stop_risksched085to09_lr1e4_entropy005_s4_c1_rnetol_d256_depth3_p20,seed284,284,259,25900,100,16,111.22927463966239,124.62675321762944,111.20729756219936,False,max_epochs,1268.2969753742218
rl4crn_rne_oscillator_trace_8rxn_stop_risksched085to09_lr1e4_entropy005_s4_c1_rnetol_d256_depth3_p20,seed284,284,260,26000,100,16,111.66296507465098,119.13469751711153,111.20729756219936,False,max_epochs,1272.1738409996033
rl4crn_rne_oscillator_trace_8rxn_stop_risksched085to09_lr1e4_entropy005_s4_c1_rnetol_d256_depth3_p20,seed284,284,261,26100,100,16,112.26993251683116,124.92055878114303,111.20729756219936,False,max_epochs,1275.7082827091217
rl4crn_rne_oscillator_trace_8rxn_stop_risksched085to09_lr1e4_entropy005_s4_c1_rnetol_d256_depth3_p20,seed284,284,262,26200,100,16,111.45676231343663,121.56004017517127,111.20729756219936,False,max_epochs,1280.9384758472443
rl4crn_rne_oscillator_trace_8rxn_stop_risksched085to09_lr1e4_entropy005_s4_c1_rnetol_d256_depth3_p20,seed284,284,263,26300,100,16,111.64453204171265,124.60571103969087,111.20729756219936,False,max_epochs,1286.3660671710968
rl4crn_rne_oscillator_trace_8rxn_stop_risksched085to09_lr1e4_entropy005_s4_c1_rnetol_d256_depth3_p20,seed284,284,264,26400,100,16,112.2155298035024,121.87149797758966,111.20729756219936,False,max_epochs,1291.8397724628448
rl4crn_rne_oscillator_trace_8rxn_stop_risksched085to09_lr1e4_entropy005_s4_c1_rnetol_d256_depth3_p20,seed284,284,265,26500,100,16,112.25976911788703,119.73482128411638,111.20729756219936,False,max_epochs,1296.6574492454529
rl4crn_rne_oscillator_trace_8rxn_stop_risksched085to09_lr1e4_entropy005_s4_c1_rnetol_d256_depth3_p20,seed284,284,266,26600,100,16,112.60051142711433,126.06300180004506,111.20729756219936,False,max_epochs,1301.3559310436249
rl4crn_rne_oscillator_trace_8rxn_stop_risksched085to09_lr1e4_entropy005_s4_c1_rnetol_d256_depth3_p20,seed284,284,267,26700,100,16,112.1632228832938,119.09708407407516,111.20729756219936,False,max_epochs,1306.0708577632904
rl4crn_rne_oscillator_trace_8rxn_stop_risksched085to09_lr1e4_entropy005_s4_c1_rnetol_d256_depth3_p20,seed284,284,268,26800,100,16,111.58299308517245,126.05687449218007,111.20729756219936,False,max_epochs,1308.5607371330261
rl4crn_rne_oscillator_trace_8rxn_stop_risksched085to09_lr1e4_entropy005_s4_c1_rnetol_d256_depth3_p20,seed284,284,269,26900,100,16,111.63870042267385,121.23117626691555,111.20729756219936,False,max_epochs,1313.6574747562408
rl4crn_rne_oscillator_trace_8rxn_stop_risksched085to09_lr1e4_entropy005_s4_c1_rnetol_d256_depth3_p20,seed284,284,270,27000,100,16,111.89624309527304,117.8655156672777,111.20729756219936,False,max_epochs,1318.7469775676727
rl4crn_rne_oscillator_trace_8rxn_stop_risksched085to09_lr1e4_entropy005_s4_c1_rnetol_d256_depth3_p20,seed284,284,271,27100,100,16,112.6070148409089,121.23329332592094,111.20729756219936,False,max_epochs,1323.6922891139984
rl4crn_rne_oscillator_trace_8rxn_stop_risksched085to09_lr1e4_entropy005_s4_c1_rnetol_d256_depth3_p20,seed284,284,272,27200,100,16,111.27389889773234,119.79192422798232,111.20729756219936,False,max_epochs,1328.7502026557922
rl4crn_rne_oscillator_trace_8rxn_stop_risksched085to09_lr1e4_entropy005_s4_c1_rnetol_d256_depth3_p20,seed284,284,273,27300,100,16,111.09419532544085,120.76223487706403,111.09419532544085,False,max_epochs,1330.981526851654
rl4crn_rne_oscillator_trace_8rxn_stop_risksched085to09_lr1e4_entropy005_s4_c1_rnetol_d256_depth3_p20,seed284,284,274,27400,100,16,112.05379351450895,120.11994507441001,111.09419532544085,False,max_epochs,1335.9190335273743
rl4crn_rne_oscillator_trace_8rxn_stop_risksched085to09_lr1e4_entropy005_s4_c1_rnetol_d256_depth3_p20,seed284,284,275,27500,100,16,112.26150332081899,132.0746932290177,111.09419532544085,False,max_epochs,1341.0753769874573
rl4crn_rne_oscillator_trace_8rxn_stop_risksched085to09_lr1e4_entropy005_s4_c1_rnetol_d256_depth3_p20,seed284,284,276,27600,100,16,112.16766981452896,117.43124534571565,111.09419532544085,False,max_epochs,1346.7219562530518
rl4crn_rne_oscillator_trace_8rxn_stop_risksched085to09_lr1e4_entropy005_s4_c1_rnetol_d256_depth3_p20,seed284,284,277,27700,100,16,112.09026869111754,117.69985035538123,111.09419532544085,False,max_epochs,1351.9626233577728
rl4crn_rne_oscillator_trace_8rxn_stop_risksched085to09_lr1e4_entropy005_s4_c1_rnetol_d256_depth3_p20,seed284,284,278,27800,100,16,111.67681602708215,122.3935227091986,111.09419532544085,False,max_epochs,1357.3472106456757
rl4crn_rne_oscillator_trace_8rxn_stop_risksched085to09_lr1e4_entropy005_s4_c1_rnetol_d256_depth3_p20,seed284,284,279,27900,100,16,112.19149344392467,120.14534932452952,111.09419532544085,False,max_epochs,1362.8953082561493
rl4crn_rne_oscillator_trace_8rxn_stop_risksched085to09_lr1e4_entropy005_s4_c1_rnetol_d256_depth3_p20,seed284,284,280,28000,100,16,111.42328922729922,119.03279609703546,111.09419532544085,False,max_epochs,1368.1964890956879
rl4crn_rne_oscillator_trace_8rxn_stop_risksched085to09_lr1e4_entropy005_s4_c1_rnetol_d256_depth3_p20,seed284,284,281,28100,100,16,111.72668132529164,119.27485535203019,111.09419532544085,False,max_epochs,1373.3188390731812
rl4crn_rne_oscillator_trace_8rxn_stop_risksched085to09_lr1e4_entropy005_s4_c1_rnetol_d256_depth3_p20,seed284,284,282,28200,100,16,112.63102799377927,120.3007489780853,111.09419532544085,False,max_epochs,1378.2295897006989
rl4crn_rne_oscillator_trace_8rxn_stop_risksched085to09_lr1e4_entropy005_s4_c1_rnetol_d256_depth3_p20,seed284,284,283,28300,100,16,111.8499724389404,119.88376568452908,111.09419532544085,False,max_epochs,1383.1435499191284
rl4crn_rne_oscillator_trace_8rxn_stop_risksched085to09_lr1e4_entropy005_s4_c1_rnetol_d256_depth3_p20,seed284,284,284,28400,100,16,112.10072966202065,119.47075563982418,111.09419532544085,False,max_epochs,1385.3876101970673
rl4crn_rne_oscillator_trace_8rxn_stop_risksched085to09_lr1e4_entropy005_s4_c1_rnetol_d256_depth3_p20,seed284,284,285,28500,100,16,111.7663036212886,121.5460956126918,111.09419532544085,False,max_epochs,1390.4359202384949
rl4crn_rne_oscillator_trace_8rxn_stop_risksched085to09_lr1e4_entropy005_s4_c1_rnetol_d256_depth3_p20,seed284,284,286,28600,100,16,111.06473731146788,118.1414366160397,111.06473731146788,False,max_epochs,1395.9255676269531
rl4crn_rne_oscillator_trace_8rxn_stop_risksched085to09_lr1e4_entropy005_s4_c1_rnetol_d256_depth3_p20,seed284,284,287,28700,100,16,112.01400332119917,123.06686490097812,111.06473731146788,False,max_epochs,1401.3448164463043
rl4crn_rne_oscillator_trace_8rxn_stop_risksched085to09_lr1e4_entropy005_s4_c1_rnetol_d256_depth3_p20,seed284,284,288,28800,100,16,111.696323031823,120.8649123094057,111.06473731146788,False,max_epochs,1406.6530332565308
rl4crn_rne_oscillator_trace_8rxn_stop_risksched085to09_lr1e4_entropy005_s4_c1_rnetol_d256_depth3_p20,seed284,284,289,28900,100,16,111.84770154303848,118.80225777245678,111.06473731146788,False,max_epochs,1412.7917122840881
rl4crn_rne_oscillator_trace_8rxn_stop_risksched085to09_lr1e4_entropy005_s4_c1_rnetol_d256_depth3_p20,seed284,284,290,29000,100,16,111.50951496336698,118.08220961414622,111.06473731146788,False,max_epochs,1418.4613621234894
rl4crn_rne_oscillator_trace_8rxn_stop_risksched085to09_lr1e4_entropy005_s4_c1_rnetol_d256_depth3_p20,seed284,284,291,29100,100,16,111.9558803866882,118.33055770793507,111.06473731146788,False,max_epochs,1424.0382401943207
rl4crn_rne_oscillator_trace_8rxn_stop_risksched085to09_lr1e4_entropy005_s4_c1_rnetol_d256_depth3_p20,seed284,284,292,29200,100,16,111.97056288874184,122.74035680166128,111.06473731146788,False,max_epochs,1429.3079953193665
rl4crn_rne_oscillator_trace_8rxn_stop_risksched085to09_lr1e4_entropy005_s4_c1_rnetol_d256_depth3_p20,seed284,284,293,29300,100,16,111.59625853865347,118.979332722393,111.06473731146788,False,max_epochs,1434.9752881526947
rl4crn_rne_oscillator_trace_8rxn_stop_risksched085to09_lr1e4_entropy005_s4_c1_rnetol_d256_depth3_p20,seed284,284,294,29400,100,16,111.51686622565236,118.87768852214036,111.06473731146788,False,max_epochs,1440.2157742977142
rl4crn_rne_oscillator_trace_8rxn_stop_risksched085to09_lr1e4_entropy005_s4_c1_rnetol_d256_depth3_p20,seed284,284,295,29500,100,16,112.11287539810745,120.85606010982325,111.06473731146788,False,max_epochs,1445.4141855239868
rl4crn_rne_oscillator_trace_8rxn_stop_risksched085to09_lr1e4_entropy005_s4_c1_rnetol_d256_depth3_p20,seed284,284,296,29600,100,16,112.40571832165595,118.48212850447814,111.06473731146788,False,max_epochs,1450.2436318397522
rl4crn_rne_oscillator_trace_8rxn_stop_risksched085to09_lr1e4_entropy005_s4_c1_rnetol_d256_depth3_p20,seed284,284,297,29700,100,16,111.81286111661073,119.81574150124331,111.06473731146788,False,max_epochs,1455.10631275177
rl4crn_rne_oscillator_trace_8rxn_stop_risksched085to09_lr1e4_entropy005_s4_c1_rnetol_d256_depth3_p20,seed284,284,298,29800,100,16,112.01819268728075,117.23177197839473,111.06473731146788,False,max_epochs,1459.7038011550903
rl4crn_rne_oscillator_trace_8rxn_stop_risksched085to09_lr1e4_entropy005_s4_c1_rnetol_d256_depth3_p20,seed284,284,299,29900,100,16,112.4259443277234,118.71407731700674,111.06473731146788,False,max_epochs,1462.6258754730225
rl4crn_rne_oscillator_trace_8rxn_stop_risksched085to09_lr1e4_entropy005_s4_c1_rnetol_d256_depth3_p20,seed284,284,300,30000,100,16,112.40364305768185,120.49154545200712,111.06473731146788,False,max_epochs,1467.60391664505
rl4crn_rne_oscillator_trace_8rxn_stop_risksched085to09_lr1e4_entropy005_s4_c1_rnetol_d256_depth3_p20,seed284,284,301,30100,100,16,111.84712133068791,122.02169726795769,111.06473731146788,False,max_epochs,1472.9454646110535
rl4crn_rne_oscillator_trace_8rxn_stop_risksched085to09_lr1e4_entropy005_s4_c1_rnetol_d256_depth3_p20,seed284,284,302,30200,100,16,112.27645156555758,117.42115537856114,111.06473731146788,False,max_epochs,1478.1599254608154
rl4crn_rne_oscillator_trace_8rxn_stop_risksched085to09_lr1e4_entropy005_s4_c1_rnetol_d256_depth3_p20,seed284,284,303,30300,100,16,111.833288986604,119.95695293631472,111.06473731146788,False,max_epochs,1483.632690191269
rl4crn_rne_oscillator_trace_8rxn_stop_risksched085to09_lr1e4_entropy005_s4_c1_rnetol_d256_depth3_p20,seed284,284,304,30400,100,16,112.7108018158565,128.22826739681548,111.06473731146788,False,max_epochs,1488.4632470607758
rl4crn_rne_oscillator_trace_8rxn_stop_risksched085to09_lr1e4_entropy005_s4_c1_rnetol_d256_depth3_p20,seed284,284,305,30500,100,16,111.58061793987684,121.14050838091455,111.06473731146788,False,max_epochs,1493.334157705307
rl4crn_rne_oscillator_trace_8rxn_stop_risksched085to09_lr1e4_entropy005_s4_c1_rnetol_d256_depth3_p20,seed284,284,306,30600,100,16,112.08491366380265,117.73588376268873,111.06473731146788,False,max_epochs,1497.8381869792938
rl4crn_rne_oscillator_trace_8rxn_stop_risksched085to09_lr1e4_entropy005_s4_c1_rnetol_d256_depth3_p20,seed284,284,307,30700,100,16,111.39221887272572,120.14218780510487,111.06473731146788,False,max_epochs,1500.2661106586456
rl4crn_rne_oscillator_trace_8rxn_stop_risksched085to09_lr1e4_entropy005_s4_c1_rnetol_d256_depth3_p20,seed284,284,308,30800,100,16,111.72864028323744,120.6002114804003,111.06473731146788,False,max_epochs,1505.4188394546509
rl4crn_rne_oscillator_trace_8rxn_stop_risksched085to09_lr1e4_entropy005_s4_c1_rnetol_d256_depth3_p20,seed284,284,309,30900,100,16,112.00092706969264,119.81861871462382,111.06473731146788,False,max_epochs,1510.624359846115
rl4crn_rne_oscillator_trace_8rxn_stop_risksched085to09_lr1e4_entropy005_s4_c1_rnetol_d256_depth3_p20,seed284,284,310,31000,100,16,110.8940181212319,121.19933854017029,110.8940181212319,False,max_epochs,1515.916887998581
rl4crn_rne_oscillator_trace_8rxn_stop_risksched085to09_lr1e4_entropy005_s4_c1_rnetol_d256_depth3_p20,seed284,284,311,31100,100,16,111.65507601622636,116.90588003227954,110.8940181212319,False,max_epochs,1520.987676858902
rl4crn_rne_oscillator_trace_8rxn_stop_risksched085to09_lr1e4_entropy005_s4_c1_rnetol_d256_depth3_p20,seed284,284,312,31200,100,16,111.17430528950736,120.01726364272432,110.8940181212319,False,max_epochs,1526.0579736232758
rl4crn_rne_oscillator_trace_8rxn_stop_risksched085to09_lr1e4_entropy005_s4_c1_rnetol_d256_depth3_p20,seed284,284,313,31300,100,16,111.90870761954305,120.2369671861688,110.8940181212319,False,max_epochs,1530.8198459148407
rl4crn_rne_oscillator_trace_8rxn_stop_risksched085to09_lr1e4_entropy005_s4_c1_rnetol_d256_depth3_p20,seed284,284,314,31400,100,16,111.74047855165297,121.05751447300787,110.8940181212319,False,max_epochs,1534.7784142494202
rl4crn_rne_oscillator_trace_8rxn_stop_risksched085to09_lr1e4_entropy005_s4_c1_rnetol_d256_depth3_p20,seed284,284,315,31500,100,16,111.62378253204264,125.67394265354918,110.8940181212319,False,max_epochs,1538.0126640796661
rl4crn_rne_oscillator_trace_8rxn_stop_risksched085to09_lr1e4_entropy005_s4_c1_rnetol_d256_depth3_p20,seed284,284,316,31600,100,16,111.98182800541716,120.71311304082177,110.8940181212319,False,max_epochs,1543.4675123691559
rl4crn_rne_oscillator_trace_8rxn_stop_risksched085to09_lr1e4_entropy005_s4_c1_rnetol_d256_depth3_p20,seed284,284,317,31700,100,16,111.38605823677206,129.8942808088816,110.8940181212319,False,max_epochs,1548.5852999687195
rl4crn_rne_oscillator_trace_8rxn_stop_risksched085to09_lr1e4_entropy005_s4_c1_rnetol_d256_depth3_p20,seed284,284,318,31800,100,16,111.90318677286552,120.83147841875683,110.8940181212319,False,max_epochs,1553.282681941986
rl4crn_rne_oscillator_trace_8rxn_stop_risksched085to09_lr1e4_entropy005_s4_c1_rnetol_d256_depth3_p20,seed284,284,319,31900,100,16,111.56018131859662,120.52139695686454,110.8940181212319,False,max_epochs,1558.3625094890594
rl4crn_rne_oscillator_trace_8rxn_stop_risksched085to09_lr1e4_entropy005_s4_c1_rnetol_d256_depth3_p20,seed284,284,320,32000,100,16,111.81357259403785,120.33033612718717,110.8940181212319,False,max_epochs,1561.6967604160309
rl4crn_rne_oscillator_trace_8rxn_stop_risksched085to09_lr1e4_entropy005_s4_c1_rnetol_d256_depth3_p20,seed284,284,321,32100,100,16,111.92345284808285,120.74174241102943,110.8940181212319,False,max_epochs,1565.1508073806763
rl4crn_rne_oscillator_trace_8rxn_stop_risksched085to09_lr1e4_entropy005_s4_c1_rnetol_d256_depth3_p20,seed284,284,322,32200,100,16,111.85239660472617,118.79411900944518,110.8940181212319,False,max_epochs,1570.9356272220612
rl4crn_rne_oscillator_trace_8rxn_stop_risksched085to09_lr1e4_entropy005_s4_c1_rnetol_d256_depth3_p20,seed284,284,323,32300,100,16,111.88679106535942,125.43028115984879,110.8940181212319,False,max_epochs,1576.0639383792877
rl4crn_rne_oscillator_trace_8rxn_stop_risksched085to09_lr1e4_entropy005_s4_c1_rnetol_d256_depth3_p20,seed284,284,324,32400,100,16,111.57329860356535,127.52509370893185,110.8940181212319,False,max_epochs,1581.3746724128723
rl4crn_rne_oscillator_trace_8rxn_stop_risksched085to09_lr1e4_entropy005_s4_c1_rnetol_d256_depth3_p20,seed284,284,325,32500,100,16,111.26998198357693,126.86164842325266,110.8940181212319,False,max_epochs,1586.525782585144
rl4crn_rne_oscillator_trace_8rxn_stop_risksched085to09_lr1e4_entropy005_s4_c1_rnetol_d256_depth3_p20,seed284,284,326,32600,100,16,111.47423389185255,122.80523498017797,110.8940181212319,False,max_epochs,1591.4060792922974
rl4crn_rne_oscillator_trace_8rxn_stop_risksched085to09_lr1e4_entropy005_s4_c1_rnetol_d256_depth3_p20,seed284,284,327,32700,100,16,111.266486878175,122.77584498480988,110.8940181212319,False,max_epochs,1596.3709001541138
rl4crn_rne_oscillator_trace_8rxn_stop_risksched085to09_lr1e4_entropy005_s4_c1_rnetol_d256_depth3_p20,seed284,284,328,32800,100,16,111.76968020426608,121.24787642889152,110.8940181212319,False,max_epochs,1598.8432829380035
rl4crn_rne_oscillator_trace_8rxn_stop_risksched085to09_lr1e4_entropy005_s4_c1_rnetol_d256_depth3_p20,seed284,284,329,32900,100,16,111.80372012974115,122.6502224585418,110.8940181212319,False,max_epochs,1603.6669096946716
rl4crn_rne_oscillator_trace_8rxn_stop_risksched085to09_lr1e4_entropy005_s4_c1_rnetol_d256_depth3_p20,seed284,284,330,33000,100,16,113.10279020408197,123.00989884853854,110.8940181212319,False,max_epochs,1608.226125717163
rl4crn_rne_oscillator_trace_8rxn_stop_risksched085to09_lr1e4_entropy005_s4_c1_rnetol_d256_depth3_p20,seed284,284,331,33100,100,16,111.92578397154071,117.81777771031179,110.8940181212319,False,max_epochs,1613.274470090866
rl4crn_rne_oscillator_trace_8rxn_stop_risksched085to09_lr1e4_entropy005_s4_c1_rnetol_d256_depth3_p20,seed284,284,332,33200,100,16,111.61075369039514,125.67063316164749,110.8940181212319,False,max_epochs,1617.1365966796875
rl4crn_rne_oscillator_trace_8rxn_stop_risksched085to09_lr1e4_entropy005_s4_c1_rnetol_d256_depth3_p20,seed284,284,333,33300,100,16,112.28787941858464,120.8582902649716,110.8940181212319,False,max_epochs,1620.3480682373047
rl4crn_rne_oscillator_trace_8rxn_stop_risksched085to09_lr1e4_entropy005_s4_c1_rnetol_d256_depth3_p20,seed284,284,334,33400,100,16,112.98441976851092,119.36289344223815,110.8940181212319,False,max_epochs,1625.5973689556122
rl4crn_rne_oscillator_trace_8rxn_stop_risksched085to09_lr1e4_entropy005_s4_c1_rnetol_d256_depth3_p20,seed284,284,335,33500,100,16,112.95650513539886,119.97232743779031,110.8940181212319,False,max_epochs,1631.269821882248
rl4crn_rne_oscillator_trace_8rxn_stop_risksched085to09_lr1e4_entropy005_s4_c1_rnetol_d256_depth3_p20,seed284,284,336,33600,100,16,111.634760306452,118.54368250124728,110.8940181212319,False,max_epochs,1636.5626475811005
rl4crn_rne_oscillator_trace_8rxn_stop_risksched085to09_lr1e4_entropy005_s4_c1_rnetol_d256_depth3_p20,seed284,284,337,33700,100,16,111.4901312964523,121.77713897609856,110.8940181212319,False,max_epochs,1641.6592252254486
rl4crn_rne_oscillator_trace_8rxn_stop_risksched085to09_lr1e4_entropy005_s4_c1_rnetol_d256_depth3_p20,seed284,284,338,33800,100,16,111.48649039935707,123.41623378560719,110.8940181212319,False,max_epochs,1646.46795296669
rl4crn_rne_oscillator_trace_8rxn_stop_risksched085to09_lr1e4_entropy005_s4_c1_rnetol_d256_depth3_p20,seed284,284,339,33900,100,16,112.52054359117014,119.38950604724181,110.8940181212319,False,max_epochs,1651.5585718154907
rl4crn_rne_oscillator_trace_8rxn_stop_risksched085to09_lr1e4_entropy005_s4_c1_rnetol_d256_depth3_p20,seed284,284,340,34000,100,16,112.6615865281985,120.7418715819831,110.8940181212319,False,max_epochs,1656.2473239898682
rl4crn_rne_oscillator_trace_8rxn_stop_risksched085to09_lr1e4_entropy005_s4_c1_rnetol_d256_depth3_p20,seed284,284,341,34100,100,16,111.85400942829158,118.0479304705741,110.8940181212319,False,max_epochs,1658.5512557029724
rl4crn_rne_oscillator_trace_8rxn_stop_risksched085to09_lr1e4_entropy005_s4_c1_rnetol_d256_depth3_p20,seed284,284,342,34200,100,16,112.38212774601169,122.03826589212022,110.8940181212319,False,max_epochs,1663.4132542610168
rl4crn_rne_oscillator_trace_8rxn_stop_risksched085to09_lr1e4_entropy005_s4_c1_rnetol_d256_depth3_p20,seed284,284,343,34300,100,16,111.38317100815138,120.91826157802173,110.8940181212319,False,max_epochs,1668.9113166332245
rl4crn_rne_oscillator_trace_8rxn_stop_risksched085to09_lr1e4_entropy005_s4_c1_rnetol_d256_depth3_p20,seed284,284,344,34400,100,16,111.17422057079122,118.90543298131824,110.8940181212319,False,max_epochs,1674.0642609596252
rl4crn_rne_oscillator_trace_8rxn_stop_risksched085to09_lr1e4_entropy005_s4_c1_rnetol_d256_depth3_p20,seed284,284,345,34500,100,16,111.60315255794453,121.39540920467522,110.8940181212319,False,max_epochs,1679.4589097499847
rl4crn_rne_oscillator_trace_8rxn_stop_risksched085to09_lr1e4_entropy005_s4_c1_rnetol_d256_depth3_p20,seed284,284,346,34600,100,16,111.55493112044948,117.73158087268496,110.8940181212319,False,max_epochs,1684.5211324691772
rl4crn_rne_oscillator_trace_8rxn_stop_risksched085to09_lr1e4_entropy005_s4_c1_rnetol_d256_depth3_p20,seed284,284,347,34700,100,16,111.68191324013769,119.5434469273842,110.8940181212319,False,max_epochs,1689.2996621131897
rl4crn_rne_oscillator_trace_8rxn_stop_risksched085to09_lr1e4_entropy005_s4_c1_rnetol_d256_depth3_p20,seed284,284,348,34800,100,16,111.7767016775762,120.05295006152234,110.8940181212319,False,max_epochs,1694.420331954956
rl4crn_rne_oscillator_trace_8rxn_stop_risksched085to09_lr1e4_entropy005_s4_c1_rnetol_d256_depth3_p20,seed284,284,349,34900,100,16,111.89419522831659,119.31041244033895,110.8940181212319,False,max_epochs,1697.167673110962
rl4crn_rne_oscillator_trace_8rxn_stop_risksched085to09_lr1e4_entropy005_s4_c1_rnetol_d256_depth3_p20,seed284,284,350,35000,100,16,111.27601124167742,116.98767520908201,110.8940181212319,False,max_epochs,1701.3729696273804
rl4crn_rne_oscillator_trace_8rxn_stop_risksched085to09_lr1e4_entropy005_s4_c1_rnetol_d256_depth3_p20,seed284,284,351,35100,100,16,111.88666950329213,119.08818481045151,110.8940181212319,False,max_epochs,1706.8676662445068
rl4crn_rne_oscillator_trace_8rxn_stop_risksched085to09_lr1e4_entropy005_s4_c1_rnetol_d256_depth3_p20,seed284,284,352,35200,100,16,111.14247891867487,116.74494234118994,110.8940181212319,False,max_epochs,1712.342609167099
rl4crn_rne_oscillator_trace_8rxn_stop_risksched085to09_lr1e4_entropy005_s4_c1_rnetol_d256_depth3_p20,seed284,284,353,35300,100,16,111.53159532847924,119.86129948230453,110.8940181212319,False,max_epochs,1717.831222295761
rl4crn_rne_oscillator_trace_8rxn_stop_risksched085to09_lr1e4_entropy005_s4_c1_rnetol_d256_depth3_p20,seed284,284,354,35400,100,16,112.30155563602916,121.0078569544416,110.8940181212319,False,max_epochs,1723.3099884986877
rl4crn_rne_oscillator_trace_8rxn_stop_risksched085to09_lr1e4_entropy005_s4_c1_rnetol_d256_depth3_p20,seed284,284,355,35500,100,16,111.36951683830067,117.42874186263668,110.8940181212319,False,max_epochs,1728.871873140335
rl4crn_rne_oscillator_trace_8rxn_stop_risksched085to09_lr1e4_entropy005_s4_c1_rnetol_d256_depth3_p20,seed284,284,356,35600,100,16,111.30558531060123,122.16464245623453,110.8940181212319,False,max_epochs,1733.8444895744324
rl4crn_rne_oscillator_trace_8rxn_stop_risksched085to09_lr1e4_entropy005_s4_c1_rnetol_d256_depth3_p20,seed284,284,357,35700,100,16,111.21634028522601,118.47987907313995,110.8940181212319,False,max_epochs,1739.00488448143
rl4crn_rne_oscillator_trace_8rxn_stop_risksched085to09_lr1e4_entropy005_s4_c1_rnetol_d256_depth3_p20,seed284,284,358,35800,100,16,111.13503357090578,116.97186815755688,110.8940181212319,False,max_epochs,1744.0345854759216
rl4crn_rne_oscillator_trace_8rxn_stop_risksched085to09_lr1e4_entropy005_s4_c1_rnetol_d256_depth3_p20,seed284,284,359,35900,100,16,112.55981229220659,121.53205436311382,110.8940181212319,False,max_epochs,1748.842057466507
rl4crn_rne_oscillator_trace_8rxn_stop_risksched085to09_lr1e4_entropy005_s4_c1_rnetol_d256_depth3_p20,seed284,284,360,36000,100,16,112.98514938776722,120.08644286280332,110.8940181212319,False,max_epochs,1751.4215137958527
rl4crn_rne_oscillator_trace_8rxn_stop_risksched085to09_lr1e4_entropy005_s4_c1_rnetol_d256_depth3_p20,seed284,284,361,36100,100,16,111.90040965574154,118.81599245377689,110.8940181212319,False,max_epochs,1756.3235051631927
rl4crn_rne_oscillator_trace_8rxn_stop_risksched085to09_lr1e4_entropy005_s4_c1_rnetol_d256_depth3_p20,seed284,284,362,36200,100,16,110.86289914699384,118.12037442487218,110.86289914699384,False,max_epochs,1761.9856748580933
rl4crn_rne_oscillator_trace_8rxn_stop_risksched085to09_lr1e4_entropy005_s4_c1_rnetol_d256_depth3_p20,seed284,284,363,36300,100,16,112.03029475504104,121.37439952435578,110.86289914699384,False,max_epochs,1767.2666988372803
rl4crn_rne_oscillator_trace_8rxn_stop_risksched085to09_lr1e4_entropy005_s4_c1_rnetol_d256_depth3_p20,seed284,284,364,36400,100,16,111.76259459016491,120.48361180629652,110.86289914699384,False,max_epochs,1772.925615787506
rl4crn_rne_oscillator_trace_8rxn_stop_risksched085to09_lr1e4_entropy005_s4_c1_rnetol_d256_depth3_p20,seed284,284,365,36500,100,16,111.79071345609209,120.41851445352887,110.86289914699384,False,max_epochs,1778.3181748390198
rl4crn_rne_oscillator_trace_8rxn_stop_risksched085to09_lr1e4_entropy005_s4_c1_rnetol_d256_depth3_p20,seed284,284,366,36600,100,16,111.3426570536687,119.07175310608295,110.86289914699384,False,max_epochs,1783.6293606758118
rl4crn_rne_oscillator_trace_8rxn_stop_risksched085to09_lr1e4_entropy005_s4_c1_rnetol_d256_depth3_p20,seed284,284,367,36700,100,16,111.36467404613086,118.77227735958687,110.86289914699384,False,max_epochs,1789.0406889915466
rl4crn_rne_oscillator_trace_8rxn_stop_risksched085to09_lr1e4_entropy005_s4_c1_rnetol_d256_depth3_p20,seed284,284,368,36800,100,16,111.75556432559688,119.09726246781034,110.86289914699384,False,max_epochs,1794.838322877884
rl4crn_rne_oscillator_trace_8rxn_stop_risksched085to09_lr1e4_entropy005_s4_c1_rnetol_d256_depth3_p20,seed284,284,369,36900,100,16,111.49358463441207,118.34368969453973,110.86289914699384,False,max_epochs,1799.8924233913422
rl4crn_rne_oscillator_trace_8rxn_stop_risksched085to09_lr1e4_entropy005_s4_c1_rnetol_d256_depth3_p20,seed284,284,370,37000,100,16,111.27762350583585,117.51519983553024,110.86289914699384,False,max_epochs,1804.7070429325104
rl4crn_rne_oscillator_trace_8rxn_stop_risksched085to09_lr1e4_entropy005_s4_c1_rnetol_d256_depth3_p20,seed284,284,371,37100,100,16,111.61929645536127,122.18639109703159,110.86289914699384,False,max_epochs,1809.6463618278503
rl4crn_rne_oscillator_trace_8rxn_stop_risksched085to09_lr1e4_entropy005_s4_c1_rnetol_d256_depth3_p20,seed284,284,372,37200,100,16,111.35723003836706,118.21807141325502,110.86289914699384,False,max_epochs,1812.09765291214
rl4crn_rne_oscillator_trace_8rxn_stop_risksched085to09_lr1e4_entropy005_s4_c1_rnetol_d256_depth3_p20,seed284,284,373,37300,100,16,112.0158544231142,119.22813164881643,110.86289914699384,False,max_epochs,1816.823114156723
rl4crn_rne_oscillator_trace_8rxn_stop_risksched085to09_lr1e4_entropy005_s4_c1_rnetol_d256_depth3_p20,seed284,284,374,37400,100,16,111.68920979847505,119.86119387911167,110.86289914699384,False,max_epochs,1822.3315725326538
rl4crn_rne_oscillator_trace_8rxn_stop_risksched085to09_lr1e4_entropy005_s4_c1_rnetol_d256_depth3_p20,seed284,284,375,37500,100,16,111.94839625313155,120.95004640464799,110.86289914699384,False,max_epochs,1827.6856775283813
rl4crn_rne_oscillator_trace_8rxn_stop_risksched085to09_lr1e4_entropy005_s4_c1_rnetol_d256_depth3_p20,seed284,284,376,37600,100,16,111.65180343836101,117.02401244319637,110.86289914699384,False,max_epochs,1832.4273631572723
rl4crn_rne_oscillator_trace_8rxn_stop_risksched085to09_lr1e4_entropy005_s4_c1_rnetol_d256_depth3_p20,seed284,284,377,37700,100,16,111.71219647491871,119.60252611158242,110.86289914699384,False,max_epochs,1837.5494816303253
rl4crn_rne_oscillator_trace_8rxn_stop_risksched085to09_lr1e4_entropy005_s4_c1_rnetol_d256_depth3_p20,seed284,284,378,37800,100,16,111.30631640236656,120.08768299752117,110.86289914699384,False,max_epochs,1840.1949574947357
rl4crn_rne_oscillator_trace_8rxn_stop_risksched085to09_lr1e4_entropy005_s4_c1_rnetol_d256_depth3_p20,seed284,284,379,37900,100,16,110.92130509202937,117.56977067809095,110.86289914699384,False,max_epochs,1844.5982828140259
rl4crn_rne_oscillator_trace_8rxn_stop_risksched085to09_lr1e4_entropy005_s4_c1_rnetol_d256_depth3_p20,seed284,284,380,38000,100,16,111.45367687442851,120.45375399822541,110.86289914699384,False,max_epochs,1849.7928524017334
rl4crn_rne_oscillator_trace_8rxn_stop_risksched085to09_lr1e4_entropy005_s4_c1_rnetol_d256_depth3_p20,seed284,284,381,38100,100,16,111.75591507685738,118.84819726647032,110.86289914699384,False,max_epochs,1855.245599269867
rl4crn_rne_oscillator_trace_8rxn_stop_risksched085to09_lr1e4_entropy005_s4_c1_rnetol_d256_depth3_p20,seed284,284,382,38200,100,16,111.26924063850737,117.99029545562058,110.86289914699384,False,max_epochs,1860.8854241371155
rl4crn_rne_oscillator_trace_8rxn_stop_risksched085to09_lr1e4_entropy005_s4_c1_rnetol_d256_depth3_p20,seed284,284,383,38300,100,16,111.44579231169054,118.25418778759486,110.86289914699384,False,max_epochs,1866.1632852554321
rl4crn_rne_oscillator_trace_8rxn_stop_risksched085to09_lr1e4_entropy005_s4_c1_rnetol_d256_depth3_p20,seed284,284,384,38400,100,16,111.1977417926236,121.0172144827406,110.86289914699384,False,max_epochs,1871.3767158985138
rl4crn_rne_oscillator_trace_8rxn_stop_risksched085to09_lr1e4_entropy005_s4_c1_rnetol_d256_depth3_p20,seed284,284,385,38500,100,16,111.24907546795448,120.27335992777071,110.86289914699384,False,max_epochs,1876.5637092590332
rl4crn_rne_oscillator_trace_8rxn_stop_risksched085to09_lr1e4_entropy005_s4_c1_rnetol_d256_depth3_p20,seed284,284,386,38600,100,16,111.8402868635582,119.40126267902289,110.86289914699384,False,max_epochs,1881.6479279994965
rl4crn_rne_oscillator_trace_8rxn_stop_risksched085to09_lr1e4_entropy005_s4_c1_rnetol_d256_depth3_p20,seed284,284,387,38700,100,16,111.58696709025496,118.34171178380814,110.86289914699384,False,max_epochs,1886.3875541687012
rl4crn_rne_oscillator_trace_8rxn_stop_risksched085to09_lr1e4_entropy005_s4_c1_rnetol_d256_depth3_p20,seed284,284,388,38800,100,16,111.68253051386486,117.3520329222955,110.86289914699384,False,max_epochs,1888.6720011234283
rl4crn_rne_oscillator_trace_8rxn_stop_risksched085to09_lr1e4_entropy005_s4_c1_rnetol_d256_depth3_p20,seed284,284,389,38900,100,16,111.87410179168369,118.78260417831981,110.86289914699384,False,max_epochs,1893.7634029388428
rl4crn_rne_oscillator_trace_8rxn_stop_risksched085to09_lr1e4_entropy005_s4_c1_rnetol_d256_depth3_p20,seed284,284,390,39000,100,16,110.95271840774149,119.99778591686908,110.86289914699384,False,max_epochs,1899.011049747467
rl4crn_rne_oscillator_trace_8rxn_stop_risksched085to09_lr1e4_entropy005_s4_c1_rnetol_d256_depth3_p20,seed284,284,391,39100,100,16,111.48068164432114,118.21536845440713,110.86289914699384,False,max_epochs,1904.100726366043
rl4crn_rne_oscillator_trace_8rxn_stop_risksched085to09_lr1e4_entropy005_s4_c1_rnetol_d256_depth3_p20,seed284,284,392,39200,100,16,110.9807086749895,124.35292819983984,110.86289914699384,False,max_epochs,1909.2118790149689
rl4crn_rne_oscillator_trace_8rxn_stop_risksched085to09_lr1e4_entropy005_s4_c1_rnetol_d256_depth3_p20,seed284,284,393,39300,100,16,111.60444648191802,119.91856683581634,110.86289914699384,False,max_epochs,1913.7091710567474
rl4crn_rne_oscillator_trace_8rxn_stop_risksched085to09_lr1e4_entropy005_s4_c1_rnetol_d256_depth3_p20,seed284,284,394,39400,100,16,111.31722372245461,118.2460819586203,110.86289914699384,False,max_epochs,1916.2091989517212
rl4crn_rne_oscillator_trace_8rxn_stop_risksched085to09_lr1e4_entropy005_s4_c1_rnetol_d256_depth3_p20,seed284,284,395,39500,100,16,111.56477348784983,119.6187432387263,110.86289914699384,False,max_epochs,1921.3374724388123
rl4crn_rne_oscillator_trace_8rxn_stop_risksched085to09_lr1e4_entropy005_s4_c1_rnetol_d256_depth3_p20,seed284,284,396,39600,100,16,111.77170747862478,123.48699289881564,110.86289914699384,False,max_epochs,1926.6630885601044
rl4crn_rne_oscillator_trace_8rxn_stop_risksched085to09_lr1e4_entropy005_s4_c1_rnetol_d256_depth3_p20,seed284,284,397,39700,100,16,111.45813790687839,122.53807158836929,110.86289914699384,False,max_epochs,1931.7919554710388
rl4crn_rne_oscillator_trace_8rxn_stop_risksched085to09_lr1e4_entropy005_s4_c1_rnetol_d256_depth3_p20,seed284,284,398,39800,100,16,111.87835815350401,122.12395313120194,110.86289914699384,False,max_epochs,1937.4516191482544
rl4crn_rne_oscillator_trace_8rxn_stop_risksched085to09_lr1e4_entropy005_s4_c1_rnetol_d256_depth3_p20,seed284,284,399,39900,100,16,111.12041460992829,120.70842526071715,110.86289914699384,False,max_epochs,1942.3021245002747
rl4crn_rne_oscillator_trace_8rxn_stop_risksched085to09_lr1e4_entropy005_s4_c1_rnetol_d256_depth3_p20,seed284,284,400,40000,100,16,111.40539904807143,120.01397515064959,110.86289914699384,False,max_epochs,1947.11478805542
rl4crn_rne_oscillator_trace_8rxn_stop_risksched085to09_lr1e4_entropy005_s4_c1_rnetol_d256_depth3_p20,seed284,284,401,40100,100,16,111.6030234109754,122.30008003671489,110.86289914699384,False,max_epochs,1950.7031087875366
rl4crn_rne_oscillator_trace_8rxn_stop_risksched085to09_lr1e4_entropy005_s4_c1_rnetol_d256_depth3_p20,seed284,284,402,40200,100,16,112.01457434274622,120.9027406344247,110.86289914699384,False,max_epochs,1954.8724162578583
rl4crn_rne_oscillator_trace_8rxn_stop_risksched085to09_lr1e4_entropy005_s4_c1_rnetol_d256_depth3_p20,seed284,284,403,40300,100,16,111.55200323836331,119.6477808686912,110.86289914699384,False,max_epochs,1959.8320050239563
rl4crn_rne_oscillator_trace_8rxn_stop_risksched085to09_lr1e4_entropy005_s4_c1_rnetol_d256_depth3_p20,seed284,284,404,40400,100,16,111.16315860808984,123.46884566994078,110.86289914699384,False,max_epochs,1965.2532069683075
rl4crn_rne_oscillator_trace_8rxn_stop_risksched085to09_lr1e4_entropy005_s4_c1_rnetol_d256_depth3_p20,seed284,284,405,40500,100,16,111.46070227777832,119.37380141168804,110.86289914699384,False,max_epochs,1970.5422656536102
rl4crn_rne_oscillator_trace_8rxn_stop_risksched085to09_lr1e4_entropy005_s4_c1_rnetol_d256_depth3_p20,seed284,284,406,40600,100,16,111.39293272498682,120.29064652681933,110.86289914699384,False,max_epochs,1976.4786622524261
rl4crn_rne_oscillator_trace_8rxn_stop_risksched085to09_lr1e4_entropy005_s4_c1_rnetol_d256_depth3_p20,seed284,284,407,40700,100,16,112.04526608739491,119.38262760564517,110.86289914699384,False,max_epochs,1981.7221779823303
rl4crn_rne_oscillator_trace_8rxn_stop_risksched085to09_lr1e4_entropy005_s4_c1_rnetol_d256_depth3_p20,seed284,284,408,40800,100,16,111.64290906801834,124.44574539801974,110.86289914699384,False,max_epochs,1986.879870891571
rl4crn_rne_oscillator_trace_8rxn_stop_risksched085to09_lr1e4_entropy005_s4_c1_rnetol_d256_depth3_p20,seed284,284,409,40900,100,16,112.24179305694703,121.347470823491,110.86289914699384,False,max_epochs,1992.3273301124573
rl4crn_rne_oscillator_trace_8rxn_stop_risksched085to09_lr1e4_entropy005_s4_c1_rnetol_d256_depth3_p20,seed284,284,410,41000,100,16,111.89042098131459,124.4319112473809,110.86289914699384,False,max_epochs,1997.7878222465515
rl4crn_rne_oscillator_trace_8rxn_stop_risksched085to09_lr1e4_entropy005_s4_c1_rnetol_d256_depth3_p20,seed284,284,411,41100,100,16,111.46499219906497,119.23729723344162,110.86289914699384,False,max_epochs,2002.7416059970856
rl4crn_rne_oscillator_trace_8rxn_stop_risksched085to09_lr1e4_entropy005_s4_c1_rnetol_d256_depth3_p20,seed284,284,412,41200,100,16,111.90329731219298,119.7698674816165,110.86289914699384,False,max_epochs,2005.8112616539001
rl4crn_rne_oscillator_trace_8rxn_stop_risksched085to09_lr1e4_entropy005_s4_c1_rnetol_d256_depth3_p20,seed284,284,413,41300,100,16,111.20812897332969,119.3621601562611,110.86289914699384,False,max_epochs,2009.6691331863403
rl4crn_rne_oscillator_trace_8rxn_stop_risksched085to09_lr1e4_entropy005_s4_c1_rnetol_d256_depth3_p20,seed284,284,414,41400,100,16,111.86781352321587,119.62289437483714,110.86289914699384,False,max_epochs,2015.3538177013397
rl4crn_rne_oscillator_trace_8rxn_stop_risksched085to09_lr1e4_entropy005_s4_c1_rnetol_d256_depth3_p20,seed284,284,415,41500,100,16,111.43623482585595,123.00941498678485,110.86289914699384,False,max_epochs,2020.5336723327637
rl4crn_rne_oscillator_trace_8rxn_stop_risksched085to09_lr1e4_entropy005_s4_c1_rnetol_d256_depth3_p20,seed284,284,416,41600,100,16,111.24914969133489,123.61771396617618,110.86289914699384,False,max_epochs,2025.5054557323456
rl4crn_rne_oscillator_trace_8rxn_stop_risksched085to09_lr1e4_entropy005_s4_c1_rnetol_d256_depth3_p20,seed284,284,417,41700,100,16,111.45822258256241,118.78516544208622,110.86289914699384,False,max_epochs,2030.6586668491364
rl4crn_rne_oscillator_trace_8rxn_stop_risksched085to09_lr1e4_entropy005_s4_c1_rnetol_d256_depth3_p20,seed284,284,418,41800,100,16,111.49070164608403,117.77949437051512,110.86289914699384,False,max_epochs,2035.6152656078339
rl4crn_rne_oscillator_trace_8rxn_stop_risksched085to09_lr1e4_entropy005_s4_c1_rnetol_d256_depth3_p20,seed284,284,419,41900,100,16,111.31595370464045,124.3853839188949,110.86289914699384,False,max_epochs,2037.8719313144684
rl4crn_rne_oscillator_trace_8rxn_stop_risksched085to09_lr1e4_entropy005_s4_c1_rnetol_d256_depth3_p20,seed284,284,420,42000,100,16,111.26947895101408,120.987942543266,110.86289914699384,False,max_epochs,2042.6009829044342
rl4crn_rne_oscillator_trace_8rxn_stop_risksched085to09_lr1e4_entropy005_s4_c1_rnetol_d256_depth3_p20,seed284,284,421,42100,100,16,111.96790662504345,123.98528964218644,110.86289914699384,False,max_epochs,2048.018361568451
rl4crn_rne_oscillator_trace_8rxn_stop_risksched085to09_lr1e4_entropy005_s4_c1_rnetol_d256_depth3_p20,seed284,284,422,42200,100,16,111.3844755485785,122.3550984131999,110.86289914699384,False,max_epochs,2053.3867602348328
rl4crn_rne_oscillator_trace_8rxn_stop_risksched085to09_lr1e4_entropy005_s4_c1_rnetol_d256_depth3_p20,seed284,284,423,42300,100,16,111.71930293405747,120.52551531998768,110.86289914699384,False,max_epochs,2058.696540594101
rl4crn_rne_oscillator_trace_8rxn_stop_risksched085to09_lr1e4_entropy005_s4_c1_rnetol_d256_depth3_p20,seed284,284,424,42400,100,16,111.98166740423517,120.08804016131944,110.86289914699384,False,max_epochs,2063.6046934127808
rl4crn_rne_oscillator_trace_8rxn_stop_risksched085to09_lr1e4_entropy005_s4_c1_rnetol_d256_depth3_p20,seed284,284,425,42500,100,16,112.22857024299826,121.54266703882374,110.86289914699384,False,max_epochs,2068.78244304657
rl4crn_rne_oscillator_trace_8rxn_stop_risksched085to09_lr1e4_entropy005_s4_c1_rnetol_d256_depth3_p20,seed284,284,426,42600,100,16,112.1146671589946,120.93012781451878,110.86289914699384,False,max_epochs,2072.4901196956635
rl4crn_rne_oscillator_trace_8rxn_stop_risksched085to09_lr1e4_entropy005_s4_c1_rnetol_d256_depth3_p20,seed284,284,427,42700,100,16,111.71592216318919,123.03417259522513,110.86289914699384,False,max_epochs,2075.7164578437805
rl4crn_rne_oscillator_trace_8rxn_stop_risksched085to09_lr1e4_entropy005_s4_c1_rnetol_d256_depth3_p20,seed284,284,428,42800,100,16,111.09486692249322,119.65978626536113,110.86289914699384,False,max_epochs,2080.781057357788
rl4crn_rne_oscillator_trace_8rxn_stop_risksched085to09_lr1e4_entropy005_s4_c1_rnetol_d256_depth3_p20,seed284,284,429,42900,100,16,111.96066640071635,119.58232482252083,110.86289914699384,False,max_epochs,2085.549215078354
rl4crn_rne_oscillator_trace_8rxn_stop_risksched085to09_lr1e4_entropy005_s4_c1_rnetol_d256_depth3_p20,seed284,284,430,43000,100,16,111.85768601132028,122.79450803028705,110.86289914699384,False,max_epochs,2090.3157885074615
rl4crn_rne_oscillator_trace_8rxn_stop_risksched085to09_lr1e4_entropy005_s4_c1_rnetol_d256_depth3_p20,seed284,284,431,43100,100,16,111.52453620904598,120.31334899400434,110.86289914699384,False,max_epochs,2095.1429314613342
rl4crn_rne_oscillator_trace_8rxn_stop_risksched085to09_lr1e4_entropy005_s4_c1_rnetol_d256_depth3_p20,seed284,284,432,43200,100,16,111.50341281682691,118.7812404830338,110.86289914699384,False,max_epochs,2099.6860756874084
rl4crn_rne_oscillator_trace_8rxn_stop_risksched085to09_lr1e4_entropy005_s4_c1_rnetol_d256_depth3_p20,seed284,284,433,43300,100,16,112.03735027620523,118.06080318456983,110.86289914699384,False,max_epochs,2102.0232474803925
rl4crn_rne_oscillator_trace_8rxn_stop_risksched085to09_lr1e4_entropy005_s4_c1_rnetol_d256_depth3_p20,seed284,284,434,43400,100,16,111.59575543648151,118.82242202652337,110.86289914699384,False,max_epochs,2107.5550503730774
rl4crn_rne_oscillator_trace_8rxn_stop_risksched085to09_lr1e4_entropy005_s4_c1_rnetol_d256_depth3_p20,seed284,284,435,43500,100,16,112.4037332692724,120.52455613654801,110.86289914699384,False,max_epochs,2112.614680290222
rl4crn_rne_oscillator_trace_8rxn_stop_risksched085to09_lr1e4_entropy005_s4_c1_rnetol_d256_depth3_p20,seed284,284,436,43600,100,16,111.75664518286104,121.08400408668419,110.86289914699384,False,max_epochs,2118.4996740818024
rl4crn_rne_oscillator_trace_8rxn_stop_risksched085to09_lr1e4_entropy005_s4_c1_rnetol_d256_depth3_p20,seed284,284,437,43700,100,16,111.60445062434943,120.9573829046424,110.86289914699384,False,max_epochs,2123.5677285194397
rl4crn_rne_oscillator_trace_8rxn_stop_risksched085to09_lr1e4_entropy005_s4_c1_rnetol_d256_depth3_p20,seed284,284,438,43800,100,16,111.27056288817859,121.94870121491253,110.86289914699384,False,max_epochs,2128.8203444480896
rl4crn_rne_oscillator_trace_8rxn_stop_risksched085to09_lr1e4_entropy005_s4_c1_rnetol_d256_depth3_p20,seed284,284,439,43900,100,16,112.13149475083657,121.11328072889579,110.86289914699384,False,max_epochs,2134.233875513077
rl4crn_rne_oscillator_trace_8rxn_stop_risksched085to09_lr1e4_entropy005_s4_c1_rnetol_d256_depth3_p20,seed284,284,440,44000,100,16,112.057964767987,117.88342711199584,110.86289914699384,False,max_epochs,2138.8693838119507
rl4crn_rne_oscillator_trace_8rxn_stop_risksched085to09_lr1e4_entropy005_s4_c1_rnetol_d256_depth3_p20,seed284,284,441,44100,100,16,111.70889567974457,118.14548170026187,110.86289914699384,False,max_epochs,2143.788739681244
rl4crn_rne_oscillator_trace_8rxn_stop_risksched085to09_lr1e4_entropy005_s4_c1_rnetol_d256_depth3_p20,seed284,284,442,44200,100,16,111.57494014238242,118.0431954626593,110.86289914699384,False,max_epochs,2146.6130287647247
rl4crn_rne_oscillator_trace_8rxn_stop_risksched085to09_lr1e4_entropy005_s4_c1_rnetol_d256_depth3_p20,seed284,284,443,44300,100,16,111.71079634425651,118.27089935202474,110.86289914699384,False,max_epochs,2150.690646648407
rl4crn_rne_oscillator_trace_8rxn_stop_risksched085to09_lr1e4_entropy005_s4_c1_rnetol_d256_depth3_p20,seed284,284,444,44400,100,16,111.50940133685911,116.95563122976367,110.86289914699384,False,max_epochs,2155.9344596862793
rl4crn_rne_oscillator_trace_8rxn_stop_risksched085to09_lr1e4_entropy005_s4_c1_rnetol_d256_depth3_p20,seed284,284,445,44500,100,16,111.67707990190493,120.36903589310697,110.86289914699384,False,max_epochs,2161.128067970276
rl4crn_rne_oscillator_trace_8rxn_stop_risksched085to09_lr1e4_entropy005_s4_c1_rnetol_d256_depth3_p20,seed284,284,446,44600,100,16,111.84366473260832,119.51795268556079,110.86289914699384,False,max_epochs,2165.9530460834503
rl4crn_rne_oscillator_trace_8rxn_stop_risksched085to09_lr1e4_entropy005_s4_c1_rnetol_d256_depth3_p20,seed284,284,447,44700,100,16,111.3388178324161,119.32684360598604,110.86289914699384,False,max_epochs,2171.128443002701
rl4crn_rne_oscillator_trace_8rxn_stop_risksched085to09_lr1e4_entropy005_s4_c1_rnetol_d256_depth3_p20,seed284,284,448,44800,100,16,111.44514800446535,119.48843429336097,110.86289914699384,False,max_epochs,2175.40283036232
rl4crn_rne_oscillator_trace_8rxn_stop_risksched085to09_lr1e4_entropy005_s4_c1_rnetol_d256_depth3_p20,seed284,284,449,44900,100,16,111.75084745512302,116.90667176396806,110.86289914699384,False,max_epochs,2178.4164357185364
rl4crn_rne_oscillator_trace_8rxn_stop_risksched085to09_lr1e4_entropy005_s4_c1_rnetol_d256_depth3_p20,seed284,284,450,45000,100,16,111.6671248264498,121.35464146100955,110.86289914699384,False,max_epochs,2182.249687433243
rl4crn_rne_oscillator_trace_8rxn_stop_risksched085to09_lr1e4_entropy005_s4_c1_rnetol_d256_depth3_p20,seed284,284,451,45100,100,16,111.66856762196898,118.17897014146158,110.86289914699384,False,max_epochs,2187.694725751877
rl4crn_rne_oscillator_trace_8rxn_stop_risksched085to09_lr1e4_entropy005_s4_c1_rnetol_d256_depth3_p20,seed284,284,452,45200,100,16,112.22008462753203,117.83417963558512,110.86289914699384,False,max_epochs,2192.3622529506683
rl4crn_rne_oscillator_trace_8rxn_stop_risksched085to09_lr1e4_entropy005_s4_c1_rnetol_d256_depth3_p20,seed284,284,453,45300,100,16,111.64060354213592,119.48957910105436,110.86289914699384,False,max_epochs,2197.646639108658
rl4crn_rne_oscillator_trace_8rxn_stop_risksched085to09_lr1e4_entropy005_s4_c1_rnetol_d256_depth3_p20,seed284,284,454,45400,100,16,111.47895401155138,117.21109244253097,110.86289914699384,False,max_epochs,2202.6642758846283
rl4crn_rne_oscillator_trace_8rxn_stop_risksched085to09_lr1e4_entropy005_s4_c1_rnetol_d256_depth3_p20,seed284,284,455,45500,100,16,111.85422714128002,118.54024908006852,110.86289914699384,False,max_epochs,2207.569144964218
rl4crn_rne_oscillator_trace_8rxn_stop_risksched085to09_lr1e4_entropy005_s4_c1_rnetol_d256_depth3_p20,seed284,284,456,45600,100,16,110.99130132406167,120.74564611145678,110.86289914699384,False,max_epochs,2212.483044862747
rl4crn_rne_oscillator_trace_8rxn_stop_risksched085to09_lr1e4_entropy005_s4_c1_rnetol_d256_depth3_p20,seed284,284,457,45700,100,16,111.00895453408043,117.55484481859276,110.86289914699384,False,max_epochs,2217.2933292388916
rl4crn_rne_oscillator_trace_8rxn_stop_risksched085to09_lr1e4_entropy005_s4_c1_rnetol_d256_depth3_p20,seed284,284,458,45800,100,16,111.49117450322981,123.20934340139658,110.86289914699384,False,max_epochs,2219.98308968544
rl4crn_rne_oscillator_trace_8rxn_stop_risksched085to09_lr1e4_entropy005_s4_c1_rnetol_d256_depth3_p20,seed284,284,459,45900,100,16,111.46465206638011,118.10449031704277,110.86289914699384,False,max_epochs,2225.2671461105347
rl4crn_rne_oscillator_trace_8rxn_stop_risksched085to09_lr1e4_entropy005_s4_c1_rnetol_d256_depth3_p20,seed284,284,460,46000,100,16,111.38411291942414,120.79950211149608,110.86289914699384,False,max_epochs,2230.163469314575
rl4crn_rne_oscillator_trace_8rxn_stop_risksched085to09_lr1e4_entropy005_s4_c1_rnetol_d256_depth3_p20,seed284,284,461,46100,100,16,111.37492565433993,116.81436630808685,110.86289914699384,False,max_epochs,2235.6052989959717
rl4crn_rne_oscillator_trace_8rxn_stop_risksched085to09_lr1e4_entropy005_s4_c1_rnetol_d256_depth3_p20,seed284,284,462,46200,100,16,111.06010846253213,117.83719634514273,110.86289914699384,False,max_epochs,2240.671630859375
rl4crn_rne_oscillator_trace_8rxn_stop_risksched085to09_lr1e4_entropy005_s4_c1_rnetol_d256_depth3_p20,seed284,284,463,46300,100,16,111.15545188041703,121.48105480728408,110.86289914699384,False,max_epochs,2245.248744249344
rl4crn_rne_oscillator_trace_8rxn_stop_risksched085to09_lr1e4_entropy005_s4_c1_rnetol_d256_depth3_p20,seed284,284,464,46400,100,16,111.12244290845362,117.42587215321657,110.86289914699384,False,max_epochs,2249.8703298568726
rl4crn_rne_oscillator_trace_8rxn_stop_risksched085to09_lr1e4_entropy005_s4_c1_rnetol_d256_depth3_p20,seed284,284,465,46500,100,16,111.40045570386948,118.56931792851813,110.86289914699384,False,max_epochs,2254.0547802448273
rl4crn_rne_oscillator_trace_8rxn_stop_risksched085to09_lr1e4_entropy005_s4_c1_rnetol_d256_depth3_p20,seed284,284,466,46600,100,16,111.26271957841371,116.26756866794533,110.86289914699384,False,max_epochs,2257.1987347602844
rl4crn_rne_oscillator_trace_8rxn_stop_risksched085to09_lr1e4_entropy005_s4_c1_rnetol_d256_depth3_p20,seed284,284,467,46700,100,16,111.10126239228423,117.30803358570913,110.86289914699384,False,max_epochs,2261.8600175380707
rl4crn_rne_oscillator_trace_8rxn_stop_risksched085to09_lr1e4_entropy005_s4_c1_rnetol_d256_depth3_p20,seed284,284,468,46800,100,16,111.26376463563507,119.31566747061115,110.86289914699384,False,max_epochs,2267.2166755199432
rl4crn_rne_oscillator_trace_8rxn_stop_risksched085to09_lr1e4_entropy005_s4_c1_rnetol_d256_depth3_p20,seed284,284,469,46900,100,16,111.89184161548386,121.22374959823236,110.86289914699384,False,max_epochs,2272.80349445343
rl4crn_rne_oscillator_trace_8rxn_stop_risksched085to09_lr1e4_entropy005_s4_c1_rnetol_d256_depth3_p20,seed284,284,470,47000,100,16,112.03637703935098,119.58050048225314,110.86289914699384,False,max_epochs,2277.7683033943176
rl4crn_rne_oscillator_trace_8rxn_stop_risksched085to09_lr1e4_entropy005_s4_c1_rnetol_d256_depth3_p20,seed284,284,471,47100,100,16,111.45619898557825,115.74705563671723,110.86289914699384,False,max_epochs,2282.6492009162903
rl4crn_rne_oscillator_trace_8rxn_stop_risksched085to09_lr1e4_entropy005_s4_c1_rnetol_d256_depth3_p20,seed284,284,472,47200,100,16,111.43527789774693,118.2121742321279,110.86289914699384,False,max_epochs,2287.6076033115387
rl4crn_rne_oscillator_trace_8rxn_stop_risksched085to09_lr1e4_entropy005_s4_c1_rnetol_d256_depth3_p20,seed284,284,473,47300,100,16,111.86661496364515,116.56831630170772,110.86289914699384,False,max_epochs,2292.485559940338
rl4crn_rne_oscillator_trace_8rxn_stop_risksched085to09_lr1e4_entropy005_s4_c1_rnetol_d256_depth3_p20,seed284,284,474,47400,100,16,111.57296180066538,115.92604866590136,110.86289914699384,False,max_epochs,2295.1415691375732
rl4crn_rne_oscillator_trace_8rxn_stop_risksched085to09_lr1e4_entropy005_s4_c1_rnetol_d256_depth3_p20,seed284,284,475,47500,100,16,110.99844674810994,119.24142689483458,110.86289914699384,False,max_epochs,2299.492374897003
rl4crn_rne_oscillator_trace_8rxn_stop_risksched085to09_lr1e4_entropy005_s4_c1_rnetol_d256_depth3_p20,seed284,284,476,47600,100,16,111.71101334777694,117.49028329610931,110.86289914699384,False,max_epochs,2304.5030007362366
rl4crn_rne_oscillator_trace_8rxn_stop_risksched085to09_lr1e4_entropy005_s4_c1_rnetol_d256_depth3_p20,seed284,284,477,47700,100,16,111.27661062583442,116.84838550280372,110.86289914699384,False,max_epochs,2310.0868968963623
rl4crn_rne_oscillator_trace_8rxn_stop_risksched085to09_lr1e4_entropy005_s4_c1_rnetol_d256_depth3_p20,seed284,284,478,47800,100,16,111.31744858150998,117.98370823002321,110.86289914699384,False,max_epochs,2315.22483086586
rl4crn_rne_oscillator_trace_8rxn_stop_risksched085to09_lr1e4_entropy005_s4_c1_rnetol_d256_depth3_p20,seed284,284,479,47900,100,16,111.29043379208231,120.78737239775174,110.86289914699384,False,max_epochs,2320.6262242794037
rl4crn_rne_oscillator_trace_8rxn_stop_risksched085to09_lr1e4_entropy005_s4_c1_rnetol_d256_depth3_p20,seed284,284,480,48000,100,16,111.49170003960205,117.81490205369914,110.86289914699384,False,max_epochs,2325.8934218883514
rl4crn_rne_oscillator_trace_8rxn_stop_risksched085to09_lr1e4_entropy005_s4_c1_rnetol_d256_depth3_p20,seed284,284,481,48100,100,16,111.12930790310698,118.57467414139603,110.86289914699384,False,max_epochs,2330.567240715027
rl4crn_rne_oscillator_trace_8rxn_stop_risksched085to09_lr1e4_entropy005_s4_c1_rnetol_d256_depth3_p20,seed284,284,482,48200,100,16,111.28902161855301,118.72739955551738,110.86289914699384,False,max_epochs,2335.671845436096
rl4crn_rne_oscillator_trace_8rxn_stop_risksched085to09_lr1e4_entropy005_s4_c1_rnetol_d256_depth3_p20,seed284,284,483,48300,100,16,111.91260511225757,119.10630407977797,110.86289914699384,False,max_epochs,2338.799571990967
rl4crn_rne_oscillator_trace_8rxn_stop_risksched085to09_lr1e4_entropy005_s4_c1_rnetol_d256_depth3_p20,seed284,284,484,48400,100,16,111.22776374075433,118.86532320389537,110.86289914699384,False,max_epochs,2342.5695860385895
rl4crn_rne_oscillator_trace_8rxn_stop_risksched085to09_lr1e4_entropy005_s4_c1_rnetol_d256_depth3_p20,seed284,284,485,48500,100,16,111.08622359246522,118.52409848802866,110.86289914699384,False,max_epochs,2347.727139234543
rl4crn_rne_oscillator_trace_8rxn_stop_risksched085to09_lr1e4_entropy005_s4_c1_rnetol_d256_depth3_p20,seed284,284,486,48600,100,16,111.57207881214772,116.69476449408965,110.86289914699384,False,max_epochs,2352.9834423065186
rl4crn_rne_oscillator_trace_8rxn_stop_risksched085to09_lr1e4_entropy005_s4_c1_rnetol_d256_depth3_p20,seed284,284,487,48700,100,16,111.06721598660901,117.34441334582738,110.86289914699384,False,max_epochs,2357.872112751007
rl4crn_rne_oscillator_trace_8rxn_stop_risksched085to09_lr1e4_entropy005_s4_c1_rnetol_d256_depth3_p20,seed284,284,488,48800,100,16,111.35481235808028,117.4770115596633,110.86289914699384,False,max_epochs,2362.8897902965546
rl4crn_rne_oscillator_trace_8rxn_stop_risksched085to09_lr1e4_entropy005_s4_c1_rnetol_d256_depth3_p20,seed284,284,489,48900,100,16,111.22085176039901,119.19019422768886,110.86289914699384,False,max_epochs,2367.235193014145
rl4crn_rne_oscillator_trace_8rxn_stop_risksched085to09_lr1e4_entropy005_s4_c1_rnetol_d256_depth3_p20,seed284,284,490,49000,100,16,111.19312055141982,117.0440295494723,110.86289914699384,False,max_epochs,2370.1081285476685
rl4crn_rne_oscillator_trace_8rxn_stop_risksched085to09_lr1e4_entropy005_s4_c1_rnetol_d256_depth3_p20,seed284,284,491,49100,100,16,111.13026123627283,119.0022057465674,110.86289914699384,False,max_epochs,2375.1353118419647
rl4crn_rne_oscillator_trace_8rxn_stop_risksched085to09_lr1e4_entropy005_s4_c1_rnetol_d256_depth3_p20,seed284,284,492,49200,100,16,111.2063971057109,118.20189650243391,110.86289914699384,False,max_epochs,2380.4711639881134
rl4crn_rne_oscillator_trace_8rxn_stop_risksched085to09_lr1e4_entropy005_s4_c1_rnetol_d256_depth3_p20,seed284,284,493,49300,100,16,111.07633333100983,116.56634549509731,110.86289914699384,False,max_epochs,2385.785138607025
rl4crn_rne_oscillator_trace_8rxn_stop_risksched085to09_lr1e4_entropy005_s4_c1_rnetol_d256_depth3_p20,seed284,284,494,49400,100,16,111.2132813733521,118.22677328716989,110.86289914699384,False,max_epochs,2391.2365596294403
rl4crn_rne_oscillator_trace_8rxn_stop_risksched085to09_lr1e4_entropy005_s4_c1_rnetol_d256_depth3_p20,seed284,284,495,49500,100,16,111.31101409319074,116.8477761353219,110.86289914699384,False,max_epochs,2396.4817860126495
rl4crn_rne_oscillator_trace_8rxn_stop_risksched085to09_lr1e4_entropy005_s4_c1_rnetol_d256_depth3_p20,seed284,284,496,49600,100,16,111.03849636376268,115.91680932158289,110.86289914699384,False,max_epochs,2401.608613014221
rl4crn_rne_oscillator_trace_8rxn_stop_risksched085to09_lr1e4_entropy005_s4_c1_rnetol_d256_depth3_p20,seed284,284,497,49700,100,16,111.26497227063564,117.53159612696507,110.86289914699384,False,max_epochs,2406.6401312351227
rl4crn_rne_oscillator_trace_8rxn_stop_risksched085to09_lr1e4_entropy005_s4_c1_rnetol_d256_depth3_p20,seed284,284,498,49800,100,16,111.19434471821044,120.26302658148987,110.86289914699384,False,max_epochs,2411.335695743561
rl4crn_rne_oscillator_trace_8rxn_stop_risksched085to09_lr1e4_entropy005_s4_c1_rnetol_d256_depth3_p20,seed284,284,499,49900,100,16,111.7112188969268,118.74689575212619,110.86289914699384,False,max_epochs,2414.79327750206
rl4crn_rne_oscillator_trace_8rxn_stop_risksched085to09_lr1e4_entropy005_s4_c1_rnetol_d256_depth3_p20,seed284,284,500,50000,100,16,111.21428370713858,116.74524881001683,110.86289914699384,False,max_epochs,2418.970160007477
rl4crn_rne_oscillator_trace_8rxn_stop_risksched085to09_lr1e4_entropy005_s4_c1_rnetol_d256_depth3_p20,seed284,284,501,50100,100,16,111.44620793406335,116.8054105973452,110.86289914699384,False,max_epochs,2423.734357357025
rl4crn_rne_oscillator_trace_8rxn_stop_risksched085to09_lr1e4_entropy005_s4_c1_rnetol_d256_depth3_p20,seed284,284,502,50200,100,16,111.04101898872224,117.95633316450817,110.86289914699384,False,max_epochs,2428.605741739273
rl4crn_rne_oscillator_trace_8rxn_stop_risksched085to09_lr1e4_entropy005_s4_c1_rnetol_d256_depth3_p20,seed284,284,503,50300,100,16,111.81699543576475,118.33419013823922,110.86289914699384,False,max_epochs,2433.8424921035767
rl4crn_rne_oscillator_trace_8rxn_stop_risksched085to09_lr1e4_entropy005_s4_c1_rnetol_d256_depth3_p20,seed284,284,504,50400,100,16,111.3167508593018,117.21487756771523,110.86289914699384,False,max_epochs,2438.937301158905
rl4crn_rne_oscillator_trace_8rxn_stop_risksched085to09_lr1e4_entropy005_s4_c1_rnetol_d256_depth3_p20,seed284,284,505,50500,100,16,111.26525761592181,120.52452003802321,110.86289914699384,False,max_epochs,2443.7763192653656
rl4crn_rne_oscillator_trace_8rxn_stop_risksched085to09_lr1e4_entropy005_s4_c1_rnetol_d256_depth3_p20,seed284,284,506,50600,100,16,111.25565755760965,116.9100692411604,110.86289914699384,False,max_epochs,2448.0908012390137
rl4crn_rne_oscillator_trace_8rxn_stop_risksched085to09_lr1e4_entropy005_s4_c1_rnetol_d256_depth3_p20,seed284,284,507,50700,100,16,111.26385425031604,119.2705493904503,110.86289914699384,False,max_epochs,2451.053405046463
rl4crn_rne_oscillator_trace_8rxn_stop_risksched085to09_lr1e4_entropy005_s4_c1_rnetol_d256_depth3_p20,seed284,284,508,50800,100,16,111.11839174826389,116.75379955085492,110.86289914699384,False,max_epochs,2456.165349960327
rl4crn_rne_oscillator_trace_8rxn_stop_risksched085to09_lr1e4_entropy005_s4_c1_rnetol_d256_depth3_p20,seed284,284,509,50900,100,16,111.02831340621039,116.45947333406016,110.86289914699384,False,max_epochs,2461.454800605774
rl4crn_rne_oscillator_trace_8rxn_stop_risksched085to09_lr1e4_entropy005_s4_c1_rnetol_d256_depth3_p20,seed284,284,510,51000,100,16,111.00541176569436,117.04144630905998,110.86289914699384,False,max_epochs,2466.1929059028625
rl4crn_rne_oscillator_trace_8rxn_stop_risksched085to09_lr1e4_entropy005_s4_c1_rnetol_d256_depth3_p20,seed284,284,511,51100,100,16,111.07083473589267,115.99585418977064,110.86289914699384,False,max_epochs,2471.338532447815
rl4crn_rne_oscillator_trace_8rxn_stop_risksched085to09_lr1e4_entropy005_s4_c1_rnetol_d256_depth3_p20,seed284,284,512,51200,100,16,111.52107893914892,116.0062648803431,110.86289914699384,False,max_epochs,2475.8443472385406
rl4crn_rne_oscillator_trace_8rxn_stop_risksched085to09_lr1e4_entropy005_s4_c1_rnetol_d256_depth3_p20,seed284,284,513,51300,100,16,111.55694149743522,116.19356128651279,110.86289914699384,False,max_epochs,2478.33540892601
rl4crn_rne_oscillator_trace_8rxn_stop_risksched085to09_lr1e4_entropy005_s4_c1_rnetol_d256_depth3_p20,seed284,284,514,51400,100,16,111.30627720895902,115.93438837082263,110.86289914699384,False,max_epochs,2483.4970507621765
rl4crn_rne_oscillator_trace_8rxn_stop_risksched085to09_lr1e4_entropy005_s4_c1_rnetol_d256_depth3_p20,seed284,284,515,51500,100,16,111.41657747900057,116.44087259782728,110.86289914699384,False,max_epochs,2488.9793272018433
rl4crn_rne_oscillator_trace_8rxn_stop_risksched085to09_lr1e4_entropy005_s4_c1_rnetol_d256_depth3_p20,seed284,284,516,51600,100,16,111.51380067048898,117.26691600197199,110.86289914699384,False,max_epochs,2493.9230930805206
rl4crn_rne_oscillator_trace_8rxn_stop_risksched085to09_lr1e4_entropy005_s4_c1_rnetol_d256_depth3_p20,seed284,284,517,51700,100,16,111.47893522615001,117.44862592638347,110.86289914699384,False,max_epochs,2499.6351420879364
rl4crn_rne_oscillator_trace_8rxn_stop_risksched085to09_lr1e4_entropy005_s4_c1_rnetol_d256_depth3_p20,seed284,284,518,51800,100,16,110.91905470939645,115.96014917557561,110.86289914699384,False,max_epochs,2504.5358035564423
rl4crn_rne_oscillator_trace_8rxn_stop_risksched085to09_lr1e4_entropy005_s4_c1_rnetol_d256_depth3_p20,seed284,284,519,51900,100,16,111.60971294336271,115.57039009353686,110.86289914699384,False,max_epochs,2509.5636670589447
rl4crn_rne_oscillator_trace_8rxn_stop_risksched085to09_lr1e4_entropy005_s4_c1_rnetol_d256_depth3_p20,seed284,284,520,52000,100,16,111.79928742989294,116.28356081998939,110.86289914699384,False,max_epochs,2514.0384118556976
rl4crn_rne_oscillator_trace_8rxn_stop_risksched085to09_lr1e4_entropy005_s4_c1_rnetol_d256_depth3_p20,seed284,284,521,52100,100,16,111.56628138595885,116.87311475741512,110.86289914699384,False,max_epochs,2516.7517104148865
rl4crn_rne_oscillator_trace_8rxn_stop_risksched085to09_lr1e4_entropy005_s4_c1_rnetol_d256_depth3_p20,seed284,284,522,52200,100,16,111.57485807139713,115.29213277209443,110.86289914699384,False,max_epochs,2521.6923508644104
rl4crn_rne_oscillator_trace_8rxn_stop_risksched085to09_lr1e4_entropy005_s4_c1_rnetol_d256_depth3_p20,seed284,284,523,52300,100,16,111.20314505100242,116.3049726720939,110.86289914699384,False,max_epochs,2526.8927006721497
rl4crn_rne_oscillator_trace_8rxn_stop_risksched085to09_lr1e4_entropy005_s4_c1_rnetol_d256_depth3_p20,seed284,284,524,52400,100,16,111.4650957258496,117.07412773321889,110.86289914699384,False,max_epochs,2531.769197702408
rl4crn_rne_oscillator_trace_8rxn_stop_risksched085to09_lr1e4_entropy005_s4_c1_rnetol_d256_depth3_p20,seed284,284,525,52500,100,16,111.34466563057448,116.59592195289376,110.86289914699384,False,max_epochs,2536.611009120941
rl4crn_rne_oscillator_trace_8rxn_stop_risksched085to09_lr1e4_entropy005_s4_c1_rnetol_d256_depth3_p20,seed284,284,526,52600,100,16,111.10348877384827,115.69367021924067,110.86289914699384,False,max_epochs,2538.9839160442352
rl4crn_rne_oscillator_trace_8rxn_stop_risksched085to09_lr1e4_entropy005_s4_c1_rnetol_d256_depth3_p20,seed284,284,527,52700,100,16,111.37276812372698,115.84008156128228,110.86289914699384,False,max_epochs,2543.727145910263
rl4crn_rne_oscillator_trace_8rxn_stop_risksched085to09_lr1e4_entropy005_s4_c1_rnetol_d256_depth3_p20,seed284,284,528,52800,100,16,111.18307125725352,115.2063086975248,110.86289914699384,False,max_epochs,2549.1371715068817
rl4crn_rne_oscillator_trace_8rxn_stop_risksched085to09_lr1e4_entropy005_s4_c1_rnetol_d256_depth3_p20,seed284,284,529,52900,100,16,112.07971187202158,116.28004042270993,110.86289914699384,False,max_epochs,2554.548092842102
rl4crn_rne_oscillator_trace_8rxn_stop_risksched085to09_lr1e4_entropy005_s4_c1_rnetol_d256_depth3_p20,seed284,284,530,53000,100,16,111.66296137453985,116.29766675017962,110.86289914699384,False,max_epochs,2560.1656370162964
rl4crn_rne_oscillator_trace_8rxn_stop_risksched085to09_lr1e4_entropy005_s4_c1_rnetol_d256_depth3_p20,seed284,284,531,53100,100,16,111.6545878956442,116.51247141194476,110.86289914699384,False,max_epochs,2565.6901247501373
rl4crn_rne_oscillator_trace_8rxn_stop_risksched085to09_lr1e4_entropy005_s4_c1_rnetol_d256_depth3_p20,seed284,284,532,53200,100,16,111.93283973990216,116.34475891383985,110.86289914699384,False,max_epochs,2571.0628209114075
rl4crn_rne_oscillator_trace_8rxn_stop_risksched085to09_lr1e4_entropy005_s4_c1_rnetol_d256_depth3_p20,seed284,284,533,53300,100,16,111.14067661188821,116.93225548196452,110.86289914699384,False,max_epochs,2576.390414953232
rl4crn_rne_oscillator_trace_8rxn_stop_risksched085to09_lr1e4_entropy005_s4_c1_rnetol_d256_depth3_p20,seed284,284,534,53400,100,16,111.57156279877914,116.1808551431999,110.86289914699384,False,max_epochs,2581.2691609859467
rl4crn_rne_oscillator_trace_8rxn_stop_risksched085to09_lr1e4_entropy005_s4_c1_rnetol_d256_depth3_p20,seed284,284,535,53500,100,16,110.99813360504136,115.76702264481779,110.86289914699384,False,max_epochs,2586.222911119461
rl4crn_rne_oscillator_trace_8rxn_stop_risksched085to09_lr1e4_entropy005_s4_c1_rnetol_d256_depth3_p20,seed284,284,536,53600,100,16,111.7982710252767,117.32477277765558,110.86289914699384,False,max_epochs,2590.8411343097687
rl4crn_rne_oscillator_trace_8rxn_stop_risksched085to09_lr1e4_entropy005_s4_c1_rnetol_d256_depth3_p20,seed284,284,537,53700,100,16,111.33549463974443,115.21737983898439,110.86289914699384,False,max_epochs,2593.0262954235077
rl4crn_rne_oscillator_trace_8rxn_stop_risksched085to09_lr1e4_entropy005_s4_c1_rnetol_d256_depth3_p20,seed284,284,538,53800,100,16,111.47283261385496,115.73655913913085,110.86289914699384,False,max_epochs,2598.227362394333
rl4crn_rne_oscillator_trace_8rxn_stop_risksched085to09_lr1e4_entropy005_s4_c1_rnetol_d256_depth3_p20,seed284,284,539,53900,100,16,111.80838509219286,117.42574042697908,110.86289914699384,False,max_epochs,2603.3023476600647
rl4crn_rne_oscillator_trace_8rxn_stop_risksched085to09_lr1e4_entropy005_s4_c1_rnetol_d256_depth3_p20,seed284,284,540,54000,100,16,111.2080803302875,119.55421445940846,110.86289914699384,False,max_epochs,2608.8260657787323
rl4crn_rne_oscillator_trace_8rxn_stop_risksched085to09_lr1e4_entropy005_s4_c1_rnetol_d256_depth3_p20,seed284,284,541,54100,100,16,111.44676580416969,116.74248906002941,110.86289914699384,False,max_epochs,2614.0772688388824
rl4crn_rne_oscillator_trace_8rxn_stop_risksched085to09_lr1e4_entropy005_s4_c1_rnetol_d256_depth3_p20,seed284,284,542,54200,100,16,111.46622952895356,119.23363364133529,110.86289914699384,False,max_epochs,2619.1936700344086
rl4crn_rne_oscillator_trace_8rxn_stop_risksched085to09_lr1e4_entropy005_s4_c1_rnetol_d256_depth3_p20,seed284,284,543,54300,100,16,111.31040163143686,119.01143472979825,110.86289914699384,False,max_epochs,2624.5075635910034
rl4crn_rne_oscillator_trace_8rxn_stop_risksched085to09_lr1e4_entropy005_s4_c1_rnetol_d256_depth3_p20,seed284,284,544,54400,100,16,111.29252042932332,121.31128913200646,110.86289914699384,False,max_epochs,2629.6616258621216
rl4crn_rne_oscillator_trace_8rxn_stop_risksched085to09_lr1e4_entropy005_s4_c1_rnetol_d256_depth3_p20,seed284,284,545,54500,100,16,111.29612989373855,116.733741222477,110.86289914699384,False,max_epochs,2634.49894118309
rl4crn_rne_oscillator_trace_8rxn_stop_risksched085to09_lr1e4_entropy005_s4_c1_rnetol_d256_depth3_p20,seed284,284,546,54600,100,16,111.88299029145173,119.02710258843486,110.86289914699384,False,max_epochs,2636.9383606910706
rl4crn_rne_oscillator_trace_8rxn_stop_risksched085to09_lr1e4_entropy005_s4_c1_rnetol_d256_depth3_p20,seed284,284,547,54700,100,16,111.4160697204216,117.9053146768859,110.86289914699384,False,max_epochs,2641.761518239975
rl4crn_rne_oscillator_trace_8rxn_stop_risksched085to09_lr1e4_entropy005_s4_c1_rnetol_d256_depth3_p20,seed284,284,548,54800,100,16,111.54627404544604,118.86190884275959,110.86289914699384,False,max_epochs,2647.0828692913055
rl4crn_rne_oscillator_trace_8rxn_stop_risksched085to09_lr1e4_entropy005_s4_c1_rnetol_d256_depth3_p20,seed284,284,549,54900,100,16,111.14346619806288,120.52758593856265,110.86289914699384,False,max_epochs,2652.4457416534424
rl4crn_rne_oscillator_trace_8rxn_stop_risksched085to09_lr1e4_entropy005_s4_c1_rnetol_d256_depth3_p20,seed284,284,550,55000,100,16,111.20880398993063,116.72265593384282,110.86289914699384,False,max_epochs,2656.995978116989
rl4crn_rne_oscillator_trace_8rxn_stop_risksched085to09_lr1e4_entropy005_s4_c1_rnetol_d256_depth3_p20,seed284,284,551,55100,100,16,111.84798480063452,121.0403371571247,110.86289914699384,False,max_epochs,2661.943183660507
rl4crn_rne_oscillator_trace_8rxn_stop_risksched085to09_lr1e4_entropy005_s4_c1_rnetol_d256_depth3_p20,seed284,284,552,55200,100,16,111.14901313980306,121.45099059751021,110.86289914699384,False,max_epochs,2664.3565032482147
rl4crn_rne_oscillator_trace_8rxn_stop_risksched085to09_lr1e4_entropy005_s4_c1_rnetol_d256_depth3_p20,seed284,284,553,55300,100,16,111.06220327060194,121.22301440795513,110.86289914699384,False,max_epochs,2668.9329912662506
rl4crn_rne_oscillator_trace_8rxn_stop_risksched085to09_lr1e4_entropy005_s4_c1_rnetol_d256_depth3_p20,seed284,284,554,55400,100,16,112.10752961612147,118.40280587905494,110.86289914699384,False,max_epochs,2673.87660074234
rl4crn_rne_oscillator_trace_8rxn_stop_risksched085to09_lr1e4_entropy005_s4_c1_rnetol_d256_depth3_p20,seed284,284,555,55500,100,16,111.39176531793123,116.97946026950467,110.86289914699384,False,max_epochs,2679.0105216503143
rl4crn_rne_oscillator_trace_8rxn_stop_risksched085to09_lr1e4_entropy005_s4_c1_rnetol_d256_depth3_p20,seed284,284,556,55600,100,16,110.98987957328113,119.19322873807232,110.86289914699384,False,max_epochs,2684.0390038490295
rl4crn_rne_oscillator_trace_8rxn_stop_risksched085to09_lr1e4_entropy005_s4_c1_rnetol_d256_depth3_p20,seed284,284,557,55700,100,16,111.36164391647218,120.08642659226257,110.86289914699384,False,max_epochs,2686.2876768112183
rl4crn_rne_oscillator_trace_8rxn_stop_risksched085to09_lr1e4_entropy005_s4_c1_rnetol_d256_depth3_p20,seed284,284,558,55800,100,16,111.19189359947174,120.55040767196763,110.86289914699384,False,max_epochs,2691.08358001709
rl4crn_rne_oscillator_trace_8rxn_stop_risksched085to09_lr1e4_entropy005_s4_c1_rnetol_d256_depth3_p20,seed284,284,559,55900,100,16,111.62745579810313,119.47790123561236,110.86289914699384,False,max_epochs,2696.3250913619995
rl4crn_rne_oscillator_trace_8rxn_stop_risksched085to09_lr1e4_entropy005_s4_c1_rnetol_d256_depth3_p20,seed284,284,560,56000,100,16,111.40076049767981,118.34445998570928,110.86289914699384,False,max_epochs,2701.8528521060944
rl4crn_rne_oscillator_trace_8rxn_stop_risksched085to09_lr1e4_entropy005_s4_c1_rnetol_d256_depth3_p20,seed284,284,561,56100,100,16,111.67885569770284,118.68058984962613,110.86289914699384,False,max_epochs,2707.32071518898
rl4crn_rne_oscillator_trace_8rxn_stop_risksched085to09_lr1e4_entropy005_s4_c1_rnetol_d256_depth3_p20,seed284,284,562,56200,100,16,111.94344098018398,120.12231837404158,110.86289914699384,False,max_epochs,2712.587555170059
rl4crn_rne_oscillator_trace_8rxn_stop_risksched085to09_lr1e4_entropy005_s4_c1_rnetol_d256_depth3_p20,seed284,284,563,56300,100,16,111.1421549766187,117.85201555699241,110.86289914699384,False,max_epochs,2717.931739807129
rl4crn_rne_oscillator_trace_8rxn_stop_risksched085to09_lr1e4_entropy005_s4_c1_rnetol_d256_depth3_p20,seed284,284,564,56400,100,16,111.56801789857454,118.66327739681202,110.86289914699384,False,max_epochs,2723.0098667144775
rl4crn_rne_oscillator_trace_8rxn_stop_risksched085to09_lr1e4_entropy005_s4_c1_rnetol_d256_depth3_p20,seed284,284,565,56500,100,16,111.06059747940047,120.52406048419564,110.86289914699384,False,max_epochs,2727.974400997162
rl4crn_rne_oscillator_trace_8rxn_stop_risksched085to09_lr1e4_entropy005_s4_c1_rnetol_d256_depth3_p20,seed284,284,566,56600,100,16,111.12182307544478,116.27092636940444,110.86289914699384,False,max_epochs,2732.7399623394012
rl4crn_rne_oscillator_trace_8rxn_stop_risksched085to09_lr1e4_entropy005_s4_c1_rnetol_d256_depth3_p20,seed284,284,567,56700,100,16,111.86330265390767,118.26800204303908,110.86289914699384,False,max_epochs,2735.2222394943237
rl4crn_rne_oscillator_trace_8rxn_stop_risksched085to09_lr1e4_entropy005_s4_c1_rnetol_d256_depth3_p20,seed284,284,568,56800,100,16,111.41101388060343,119.1710250685157,110.86289914699384,False,max_epochs,2740.2026658058167
rl4crn_rne_oscillator_trace_8rxn_stop_risksched085to09_lr1e4_entropy005_s4_c1_rnetol_d256_depth3_p20,seed284,284,569,56900,100,16,111.11360548212669,117.34349848097614,110.86289914699384,False,max_epochs,2745.204581260681
rl4crn_rne_oscillator_trace_8rxn_stop_risksched085to09_lr1e4_entropy005_s4_c1_rnetol_d256_depth3_p20,seed284,284,570,57000,100,16,111.33380266244652,117.89175930130952,110.86289914699384,False,max_epochs,2750.79314160347
rl4crn_rne_oscillator_trace_8rxn_stop_risksched085to09_lr1e4_entropy005_s4_c1_rnetol_d256_depth3_p20,seed284,284,571,57100,100,16,111.48532915817292,120.05207045643564,110.86289914699384,False,max_epochs,2755.5462362766266
rl4crn_rne_oscillator_trace_8rxn_stop_risksched085to09_lr1e4_entropy005_s4_c1_rnetol_d256_depth3_p20,seed284,284,572,57200,100,16,110.97523360933903,118.60238325663639,110.86289914699384,False,max_epochs,2760.5687704086304
rl4crn_rne_oscillator_trace_8rxn_stop_risksched085to09_lr1e4_entropy005_s4_c1_rnetol_d256_depth3_p20,seed284,284,573,57300,100,16,111.32891045810555,122.04740195547302,110.86289914699384,False,max_epochs,2762.728466272354
rl4crn_rne_oscillator_trace_8rxn_stop_risksched085to09_lr1e4_entropy005_s4_c1_rnetol_d256_depth3_p20,seed284,284,574,57400,100,16,111.13536212309299,118.59695903380597,110.86289914699384,False,max_epochs,2767.910367012024
rl4crn_rne_oscillator_trace_8rxn_stop_risksched085to09_lr1e4_entropy005_s4_c1_rnetol_d256_depth3_p20,seed284,284,575,57500,100,16,111.44362707597334,119.29803882954117,110.86289914699384,False,max_epochs,2773.1787810325623
rl4crn_rne_oscillator_trace_8rxn_stop_risksched085to09_lr1e4_entropy005_s4_c1_rnetol_d256_depth3_p20,seed284,284,576,57600,100,16,111.87079407608373,117.29207847665145,110.86289914699384,False,max_epochs,2778.4567239284515
rl4crn_rne_oscillator_trace_8rxn_stop_risksched085to09_lr1e4_entropy005_s4_c1_rnetol_d256_depth3_p20,seed284,284,577,57700,100,16,111.32891572506684,117.01255427991471,110.86289914699384,False,max_epochs,2783.955703496933
rl4crn_rne_oscillator_trace_8rxn_stop_risksched085to09_lr1e4_entropy005_s4_c1_rnetol_d256_depth3_p20,seed284,284,578,57800,100,16,110.96809569995746,117.14600898898397,110.86289914699384,False,max_epochs,2788.613139629364
rl4crn_rne_oscillator_trace_8rxn_stop_risksched085to09_lr1e4_entropy005_s4_c1_rnetol_d256_depth3_p20,seed284,284,579,57900,100,16,111.34247037352377,116.39618734719028,110.86289914699384,False,max_epochs,2793.771237850189
rl4crn_rne_oscillator_trace_8rxn_stop_risksched085to09_lr1e4_entropy005_s4_c1_rnetol_d256_depth3_p20,seed284,284,580,58000,100,16,111.20675619015341,116.93035284273745,110.86289914699384,False,max_epochs,2798.48446726799
rl4crn_rne_oscillator_trace_8rxn_stop_risksched085to09_lr1e4_entropy005_s4_c1_rnetol_d256_depth3_p20,seed284,284,581,58100,100,16,110.96090761871315,117.88339385034688,110.86289914699384,False,max_epochs,2800.695149421692
rl4crn_rne_oscillator_trace_8rxn_stop_risksched085to09_lr1e4_entropy005_s4_c1_rnetol_d256_depth3_p20,seed284,284,582,58200,100,16,111.11208249944224,117.62964707022005,110.86289914699384,False,max_epochs,2805.8682758808136
rl4crn_rne_oscillator_trace_8rxn_stop_risksched085to09_lr1e4_entropy005_s4_c1_rnetol_d256_depth3_p20,seed284,284,583,58300,100,16,111.0163556375898,117.59992509149905,110.86289914699384,False,max_epochs,2811.4846379756927
rl4crn_rne_oscillator_trace_8rxn_stop_risksched085to09_lr1e4_entropy005_s4_c1_rnetol_d256_depth3_p20,seed284,284,584,58400,100,16,111.12619939397044,116.22169549605873,110.86289914699384,False,max_epochs,2817.139673471451
rl4crn_rne_oscillator_trace_8rxn_stop_risksched085to09_lr1e4_entropy005_s4_c1_rnetol_d256_depth3_p20,seed284,284,585,58500,100,16,111.08675862108043,116.21387101897872,110.86289914699384,False,max_epochs,2822.2259316444397
rl4crn_rne_oscillator_trace_8rxn_stop_risksched085to09_lr1e4_entropy005_s4_c1_rnetol_d256_depth3_p20,seed284,284,586,58600,100,16,111.20252070240879,115.84274674150006,110.86289914699384,False,max_epochs,2827.4990916252136
rl4crn_rne_oscillator_trace_8rxn_stop_risksched085to09_lr1e4_entropy005_s4_c1_rnetol_d256_depth3_p20,seed284,284,587,58700,100,16,111.16979407121644,117.40940397785442,110.86289914699384,False,max_epochs,2833.127633333206
rl4crn_rne_oscillator_trace_8rxn_stop_risksched085to09_lr1e4_entropy005_s4_c1_rnetol_d256_depth3_p20,seed284,284,588,58800,100,16,111.40738178073235,115.82880960340734,110.86289914699384,False,max_epochs,2838.5287985801697
rl4crn_rne_oscillator_trace_8rxn_stop_risksched085to09_lr1e4_entropy005_s4_c1_rnetol_d256_depth3_p20,seed284,284,589,58900,100,16,111.18871925351685,116.14878516876908,110.86289914699384,False,max_epochs,2843.8982706069946
rl4crn_rne_oscillator_trace_8rxn_stop_risksched085to09_lr1e4_entropy005_s4_c1_rnetol_d256_depth3_p20,seed284,284,590,59000,100,16,111.46700650696523,116.91532218805152,110.86289914699384,False,max_epochs,2848.6818900108337
rl4crn_rne_oscillator_trace_8rxn_stop_risksched085to09_lr1e4_entropy005_s4_c1_rnetol_d256_depth3_p20,seed284,284,591,59100,100,16,111.54997632500192,116.5447464989348,110.86289914699384,False,max_epochs,2853.735208272934
rl4crn_rne_oscillator_trace_8rxn_stop_risksched085to09_lr1e4_entropy005_s4_c1_rnetol_d256_depth3_p20,seed284,284,592,59200,100,16,111.86665761715811,116.10963568348889,110.86289914699384,False,max_epochs,2857.105719566345
rl4crn_rne_oscillator_trace_8rxn_stop_risksched085to09_lr1e4_entropy005_s4_c1_rnetol_d256_depth3_p20,seed284,284,593,59300,100,16,111.33576816851792,115.80338588228807,110.86289914699384,False,max_epochs,2860.7930805683136
rl4crn_rne_oscillator_trace_8rxn_stop_risksched085to09_lr1e4_entropy005_s4_c1_rnetol_d256_depth3_p20,seed284,284,594,59400,100,16,111.32962745519845,115.72105439567014,110.86289914699384,False,max_epochs,2865.9110996723175
rl4crn_rne_oscillator_trace_8rxn_stop_risksched085to09_lr1e4_entropy005_s4_c1_rnetol_d256_depth3_p20,seed284,284,595,59500,100,16,111.0187995465641,116.45967152760215,110.86289914699384,False,max_epochs,2871.530968427658
rl4crn_rne_oscillator_trace_8rxn_stop_risksched085to09_lr1e4_entropy005_s4_c1_rnetol_d256_depth3_p20,seed284,284,596,59600,100,16,111.51154655109612,116.80863204981122,110.86289914699384,False,max_epochs,2876.5642874240875
rl4crn_rne_oscillator_trace_8rxn_stop_risksched085to09_lr1e4_entropy005_s4_c1_rnetol_d256_depth3_p20,seed284,284,597,59700,100,16,111.56692580591901,117.75860546495855,110.86289914699384,False,max_epochs,2881.235961675644
rl4crn_rne_oscillator_trace_8rxn_stop_risksched085to09_lr1e4_entropy005_s4_c1_rnetol_d256_depth3_p20,seed284,284,598,59800,100,16,111.43929727980766,116.44692271107735,110.86289914699384,False,max_epochs,2886.2715125083923
rl4crn_rne_oscillator_trace_8rxn_stop_risksched085to09_lr1e4_entropy005_s4_c1_rnetol_d256_depth3_p20,seed284,284,599,59900,100,16,111.2166912339048,115.30046877709273,110.86289914699384,False,max_epochs,2889.375523328781
rl4crn_rne_oscillator_trace_8rxn_stop_risksched085to09_lr1e4_entropy005_s4_c1_rnetol_d256_depth3_p20,seed284,284,600,60000,100,16,111.14025604965472,115.98892802319966,110.86289914699384,False,max_epochs,2893.398089647293
rl4crn_rne_oscillator_trace_8rxn_stop_risksched085to09_lr1e4_entropy005_s4_c1_rnetol_d256_depth3_p20,seed284,284,601,60100,100,16,111.3772430357601,115.47816525367372,110.86289914699384,False,max_epochs,2898.9675142765045
rl4crn_rne_oscillator_trace_8rxn_stop_risksched085to09_lr1e4_entropy005_s4_c1_rnetol_d256_depth3_p20,seed284,284,602,60200,100,16,111.15386066106574,116.53967583717264,110.86289914699384,False,max_epochs,2904.208728313446
rl4crn_rne_oscillator_trace_8rxn_stop_risksched085to09_lr1e4_entropy005_s4_c1_rnetol_d256_depth3_p20,seed284,284,603,60300,100,16,110.91266948813421,115.99467799307185,110.86289914699384,False,max_epochs,2909.7430913448334
rl4crn_rne_oscillator_trace_8rxn_stop_risksched085to09_lr1e4_entropy005_s4_c1_rnetol_d256_depth3_p20,seed284,284,604,60400,100,16,111.21758829052217,116.07877387382419,110.86289914699384,False,max_epochs,2915.0567100048065
rl4crn_rne_oscillator_trace_8rxn_stop_risksched085to09_lr1e4_entropy005_s4_c1_rnetol_d256_depth3_p20,seed284,284,605,60500,100,16,111.38648755382205,116.48657283659094,110.86289914699384,False,max_epochs,2920.40500164032
rl4crn_rne_oscillator_trace_8rxn_stop_risksched085to09_lr1e4_entropy005_s4_c1_rnetol_d256_depth3_p20,seed284,284,606,60600,100,16,111.51318902834386,115.94111434186891,110.86289914699384,False,max_epochs,2925.4506402015686
rl4crn_rne_oscillator_trace_8rxn_stop_risksched085to09_lr1e4_entropy005_s4_c1_rnetol_d256_depth3_p20,seed284,284,607,60700,100,16,111.5644792887672,115.26482444536421,110.86289914699384,False,max_epochs,2930.38516998291
rl4crn_rne_oscillator_trace_8rxn_stop_risksched085to09_lr1e4_entropy005_s4_c1_rnetol_d256_depth3_p20,seed284,284,608,60800,100,16,111.35578511597248,115.49579580519244,110.86289914699384,False,max_epochs,2932.7213311195374
rl4crn_rne_oscillator_trace_8rxn_stop_risksched085to09_lr1e4_entropy005_s4_c1_rnetol_d256_depth3_p20,seed284,284,609,60900,100,16,111.09023663874078,116.92437277196262,110.86289914699384,False,max_epochs,2937.5476496219635
rl4crn_rne_oscillator_trace_8rxn_stop_risksched085to09_lr1e4_entropy005_s4_c1_rnetol_d256_depth3_p20,seed284,284,610,61000,100,16,111.41444338778389,115.7605816857519,110.86289914699384,False,max_epochs,2942.646424293518
rl4crn_rne_oscillator_trace_8rxn_stop_risksched085to09_lr1e4_entropy005_s4_c1_rnetol_d256_depth3_p20,seed284,284,611,61100,100,16,111.28564979103705,117.08053538070622,110.86289914699384,False,max_epochs,2947.791004180908
rl4crn_rne_oscillator_trace_8rxn_stop_risksched085to09_lr1e4_entropy005_s4_c1_rnetol_d256_depth3_p20,seed284,284,612,61200,100,16,110.97657875993787,116.89823510494043,110.86289914699384,False,max_epochs,2952.677447080612
rl4crn_rne_oscillator_trace_8rxn_stop_risksched085to09_lr1e4_entropy005_s4_c1_rnetol_d256_depth3_p20,seed284,284,613,61300,100,16,111.01527709912487,115.70735067196509,110.86289914699384,False,max_epochs,2957.669046163559
rl4crn_rne_oscillator_trace_8rxn_stop_risksched085to09_lr1e4_entropy005_s4_c1_rnetol_d256_depth3_p20,seed284,284,614,61400,100,16,111.58700152074202,116.04640132116985,110.86289914699384,False,max_epochs,2960.092672586441
rl4crn_rne_oscillator_trace_8rxn_stop_risksched085to09_lr1e4_entropy005_s4_c1_rnetol_d256_depth3_p20,seed284,284,615,61500,100,16,111.05664502397323,115.9461443010722,110.86289914699384,False,max_epochs,2964.509154319763
rl4crn_rne_oscillator_trace_8rxn_stop_risksched085to09_lr1e4_entropy005_s4_c1_rnetol_d256_depth3_p20,seed284,284,616,61600,100,16,111.23239176813395,117.22053826143434,110.86289914699384,False,max_epochs,2970.3044369220734
rl4crn_rne_oscillator_trace_8rxn_stop_risksched085to09_lr1e4_entropy005_s4_c1_rnetol_d256_depth3_p20,seed284,284,617,61700,100,16,111.27832392372797,116.53908306825161,110.86289914699384,False,max_epochs,2975.2805092334747
rl4crn_rne_oscillator_trace_8rxn_stop_risksched085to09_lr1e4_entropy005_s4_c1_rnetol_d256_depth3_p20,seed284,284,618,61800,100,16,111.46105111434184,116.24671737548934,110.86289914699384,False,max_epochs,2980.8746020793915
rl4crn_rne_oscillator_trace_8rxn_stop_risksched085to09_lr1e4_entropy005_s4_c1_rnetol_d256_depth3_p20,seed284,284,619,61900,100,16,111.42175748406373,116.57478604408382,110.86289914699384,False,max_epochs,2986.1365082263947
rl4crn_rne_oscillator_trace_8rxn_stop_risksched085to09_lr1e4_entropy005_s4_c1_rnetol_d256_depth3_p20,seed284,284,620,62000,100,16,111.3365905493905,119.78784454437762,110.86289914699384,False,max_epochs,2991.0854363441467
rl4crn_rne_oscillator_trace_8rxn_stop_risksched085to09_lr1e4_entropy005_s4_c1_rnetol_d256_depth3_p20,seed284,284,621,62100,100,16,111.30642205929097,116.45565666964603,110.86289914699384,False,max_epochs,2996.0544877052307
rl4crn_rne_oscillator_trace_8rxn_stop_risksched085to09_lr1e4_entropy005_s4_c1_rnetol_d256_depth3_p20,seed284,284,622,62200,100,16,111.64345044528474,116.78098072662306,110.86289914699384,False,max_epochs,3000.7645094394684
rl4crn_rne_oscillator_trace_8rxn_stop_risksched085to09_lr1e4_entropy005_s4_c1_rnetol_d256_depth3_p20,seed284,284,623,62300,100,16,111.16075971792938,117.78260373190584,110.86289914699384,False,max_epochs,3003.047320842743
rl4crn_rne_oscillator_trace_8rxn_stop_risksched085to09_lr1e4_entropy005_s4_c1_rnetol_d256_depth3_p20,seed284,284,624,62400,100,16,111.43068230840778,118.95171533092562,110.86289914699384,False,max_epochs,3008.019525051117
rl4crn_rne_oscillator_trace_8rxn_stop_risksched085to09_lr1e4_entropy005_s4_c1_rnetol_d256_depth3_p20,seed284,284,625,62500,100,16,111.57506566972934,116.1560630828385,110.86289914699384,False,max_epochs,3013.088219642639
rl4crn_rne_oscillator_trace_8rxn_stop_risksched085to09_lr1e4_entropy005_s4_c1_rnetol_d256_depth3_p20,seed284,284,626,62600,100,16,111.25127211330071,115.92861825769862,110.86289914699384,False,max_epochs,3018.28537940979
rl4crn_rne_oscillator_trace_8rxn_stop_risksched085to09_lr1e4_entropy005_s4_c1_rnetol_d256_depth3_p20,seed284,284,627,62700,100,16,111.08785355661175,118.67075748644619,110.86289914699384,False,max_epochs,3023.6447970867157
rl4crn_rne_oscillator_trace_8rxn_stop_risksched085to09_lr1e4_entropy005_s4_c1_rnetol_d256_depth3_p20,seed284,284,628,62800,100,16,111.37954327945143,118.90041347330066,110.86289914699384,False,max_epochs,3028.7879469394684
rl4crn_rne_oscillator_trace_8rxn_stop_risksched085to09_lr1e4_entropy005_s4_c1_rnetol_d256_depth3_p20,seed284,284,629,62900,100,16,111.04173058254902,117.80980209463816,110.86289914699384,False,max_epochs,3033.761522769928
rl4crn_rne_oscillator_trace_8rxn_stop_risksched085to09_lr1e4_entropy005_s4_c1_rnetol_d256_depth3_p20,seed284,284,630,63000,100,16,111.10276043297152,116.00745222314713,110.86289914699384,False,max_epochs,3038.6172449588776
rl4crn_rne_oscillator_trace_8rxn_stop_risksched085to09_lr1e4_entropy005_s4_c1_rnetol_d256_depth3_p20,seed284,284,631,63100,100,16,111.50185565718238,117.14486638165808,110.86289914699384,False,max_epochs,3040.767753601074
rl4crn_rne_oscillator_trace_8rxn_stop_risksched085to09_lr1e4_entropy005_s4_c1_rnetol_d256_depth3_p20,seed284,284,632,63200,100,16,111.7359738941847,117.5905724075347,110.86289914699384,False,max_epochs,3045.7463405132294
rl4crn_rne_oscillator_trace_8rxn_stop_risksched085to09_lr1e4_entropy005_s4_c1_rnetol_d256_depth3_p20,seed284,284,633,63300,100,16,111.2715096222881,115.79965728948655,110.86289914699384,False,max_epochs,3051.1160984039307
rl4crn_rne_oscillator_trace_8rxn_stop_risksched085to09_lr1e4_entropy005_s4_c1_rnetol_d256_depth3_p20,seed284,284,634,63400,100,16,110.9953527677553,117.4148721180125,110.86289914699384,False,max_epochs,3055.993073940277
rl4crn_rne_oscillator_trace_8rxn_stop_risksched085to09_lr1e4_entropy005_s4_c1_rnetol_d256_depth3_p20,seed284,284,635,63500,100,16,111.27936382744694,116.01512039302264,110.86289914699384,False,max_epochs,3061.165743112564
rl4crn_rne_oscillator_trace_8rxn_stop_risksched085to09_lr1e4_entropy005_s4_c1_rnetol_d256_depth3_p20,seed284,284,636,63600,100,16,111.27683034959766,116.24789112192548,110.86289914699384,False,max_epochs,3066.343714237213
rl4crn_rne_oscillator_trace_8rxn_stop_risksched085to09_lr1e4_entropy005_s4_c1_rnetol_d256_depth3_p20,seed284,284,637,63700,100,16,111.11042541154144,115.9987496812673,110.86289914699384,False,max_epochs,3071.2558748722076
rl4crn_rne_oscillator_trace_8rxn_stop_risksched085to09_lr1e4_entropy005_s4_c1_rnetol_d256_depth3_p20,seed284,284,638,63800,100,16,111.53457840301931,118.62227347368217,110.86289914699384,False,max_epochs,3076.2262902259827
rl4crn_rne_oscillator_trace_8rxn_stop_risksched085to09_lr1e4_entropy005_s4_c1_rnetol_d256_depth3_p20,seed284,284,639,63900,100,16,111.06941915804873,117.4027578278613,110.86289914699384,False,max_epochs,3078.5505282878876
rl4crn_rne_oscillator_trace_8rxn_stop_risksched085to09_lr1e4_entropy005_s4_c1_rnetol_d256_depth3_p20,seed284,284,640,64000,100,16,111.30338448195785,115.68690655960529,110.86289914699384,False,max_epochs,3083.355861186981
rl4crn_rne_oscillator_trace_8rxn_stop_risksched085to09_lr1e4_entropy005_s4_c1_rnetol_d256_depth3_p20,seed284,284,641,64100,100,16,111.21940089330583,116.06677299397623,110.86289914699384,False,max_epochs,3089.0821692943573
rl4crn_rne_oscillator_trace_8rxn_stop_risksched085to09_lr1e4_entropy005_s4_c1_rnetol_d256_depth3_p20,seed284,284,642,64200,100,16,111.27656017852756,116.07957645410337,110.86289914699384,False,max_epochs,3094.265711545944
rl4crn_rne_oscillator_trace_8rxn_stop_risksched085to09_lr1e4_entropy005_s4_c1_rnetol_d256_depth3_p20,seed284,284,643,64300,100,16,111.05795579619077,116.38931398588248,110.86289914699384,False,max_epochs,3099.3885457515717
rl4crn_rne_oscillator_trace_8rxn_stop_risksched085to09_lr1e4_entropy005_s4_c1_rnetol_d256_depth3_p20,seed284,284,644,64400,100,16,111.00405881187072,115.9833925872448,110.86289914699384,False,max_epochs,3105.0376596450806
rl4crn_rne_oscillator_trace_8rxn_stop_risksched085to09_lr1e4_entropy005_s4_c1_rnetol_d256_depth3_p20,seed284,284,645,64500,100,16,111.10185965657838,116.30213140379186,110.86289914699384,False,max_epochs,3110.183149576187
rl4crn_rne_oscillator_trace_8rxn_stop_risksched085to09_lr1e4_entropy005_s4_c1_rnetol_d256_depth3_p20,seed284,284,646,64600,100,16,111.10467903161145,115.78427689819854,110.86289914699384,False,max_epochs,3115.58216381073
rl4crn_rne_oscillator_trace_8rxn_stop_risksched085to09_lr1e4_entropy005_s4_c1_rnetol_d256_depth3_p20,seed284,284,647,64700,100,16,111.16761544341537,117.84507202433016,110.86289914699384,False,max_epochs,3120.231618642807
rl4crn_rne_oscillator_trace_8rxn_stop_risksched085to09_lr1e4_entropy005_s4_c1_rnetol_d256_depth3_p20,seed284,284,648,64800,100,16,111.18887642540834,116.15658569850441,110.86289914699384,False,max_epochs,3125.193916797638
rl4crn_rne_oscillator_trace_8rxn_stop_risksched085to09_lr1e4_entropy005_s4_c1_rnetol_d256_depth3_p20,seed284,284,649,64900,100,16,111.51670962445668,116.03756789731787,110.86289914699384,False,max_epochs,3127.4242610931396
rl4crn_rne_oscillator_trace_8rxn_stop_risksched085to09_lr1e4_entropy005_s4_c1_rnetol_d256_depth3_p20,seed284,284,650,65000,100,16,111.39957437240048,116.55090981813382,110.86289914699384,False,max_epochs,3132.1384341716766
rl4crn_rne_oscillator_trace_8rxn_stop_risksched085to09_lr1e4_entropy005_s4_c1_rnetol_d256_depth3_p20,seed284,284,651,65100,100,16,111.13157450403864,115.13353288548478,110.86289914699384,False,max_epochs,3137.6488540172577
rl4crn_rne_oscillator_trace_8rxn_stop_risksched085to09_lr1e4_entropy005_s4_c1_rnetol_d256_depth3_p20,seed284,284,652,65200,100,16,111.15631408510853,116.05337683005428,110.86289914699384,False,max_epochs,3142.687715768814
rl4crn_rne_oscillator_trace_8rxn_stop_risksched085to09_lr1e4_entropy005_s4_c1_rnetol_d256_depth3_p20,seed284,284,653,65300,100,16,111.31253159184496,116.37841540025484,110.86289914699384,False,max_epochs,3147.591039419174
rl4crn_rne_oscillator_trace_8rxn_stop_risksched085to09_lr1e4_entropy005_s4_c1_rnetol_d256_depth3_p20,seed284,284,654,65400,100,16,111.13367668655104,115.98465911561789,110.86289914699384,False,max_epochs,3152.517525434494
rl4crn_rne_oscillator_trace_8rxn_stop_risksched085to09_lr1e4_entropy005_s4_c1_rnetol_d256_depth3_p20,seed284,284,655,65500,100,16,111.05947754554889,115.19941385777825,110.86289914699384,False,max_epochs,3154.6785538196564
rl4crn_rne_oscillator_trace_8rxn_stop_risksched085to09_lr1e4_entropy005_s4_c1_rnetol_d256_depth3_p20,seed284,284,656,65600,100,16,111.09239323198702,115.67750771466523,110.86289914699384,False,max_epochs,3159.4357533454895
rl4crn_rne_oscillator_trace_8rxn_stop_risksched085to09_lr1e4_entropy005_s4_c1_rnetol_d256_depth3_p20,seed284,284,657,65700,100,16,111.15135646316813,116.68557663162025,110.86289914699384,False,max_epochs,3164.7445714473724
rl4crn_rne_oscillator_trace_8rxn_stop_risksched085to09_lr1e4_entropy005_s4_c1_rnetol_d256_depth3_p20,seed284,284,658,65800,100,16,111.52941951522128,115.8090156567344,110.86289914699384,False,max_epochs,3170.2761681079865
rl4crn_rne_oscillator_trace_8rxn_stop_risksched085to09_lr1e4_entropy005_s4_c1_rnetol_d256_depth3_p20,seed284,284,659,65900,100,16,111.06503185643386,116.10361739245599,110.86289914699384,False,max_epochs,3175.517154932022
rl4crn_rne_oscillator_trace_8rxn_stop_risksched085to09_lr1e4_entropy005_s4_c1_rnetol_d256_depth3_p20,seed284,284,660,66000,100,16,111.57362351438117,116.17019253272508,110.86289914699384,False,max_epochs,3180.7881948947906
rl4crn_rne_oscillator_trace_8rxn_stop_risksched085to09_lr1e4_entropy005_s4_c1_rnetol_d256_depth3_p20,seed284,284,661,66100,100,16,110.89460112559264,115.6419617259223,110.86289914699384,False,max_epochs,3185.601175069809
rl4crn_rne_oscillator_trace_8rxn_stop_risksched085to09_lr1e4_entropy005_s4_c1_rnetol_d256_depth3_p20,seed284,284,662,66200,100,16,111.12064761000464,116.02646494885289,110.86289914699384,False,max_epochs,3190.3603014945984
rl4crn_rne_oscillator_trace_8rxn_stop_risksched085to09_lr1e4_entropy005_s4_c1_rnetol_d256_depth3_p20,seed284,284,663,66300,100,16,111.23261091341962,116.28668259457439,110.86289914699384,False,max_epochs,3192.8607318401337
rl4crn_rne_oscillator_trace_8rxn_stop_risksched085to09_lr1e4_entropy005_s4_c1_rnetol_d256_depth3_p20,seed284,284,664,66400,100,16,111.01597059305902,115.58840771797793,110.86289914699384,False,max_epochs,3197.313758611679
rl4crn_rne_oscillator_trace_8rxn_stop_risksched085to09_lr1e4_entropy005_s4_c1_rnetol_d256_depth3_p20,seed284,284,665,66500,100,16,111.10872013724446,116.23666526789168,110.86289914699384,False,max_epochs,3202.9310042858124
rl4crn_rne_oscillator_trace_8rxn_stop_risksched085to09_lr1e4_entropy005_s4_c1_rnetol_d256_depth3_p20,seed284,284,666,66600,100,16,111.52193971803028,116.12965922009894,110.86289914699384,False,max_epochs,3208.0424513816833
rl4crn_rne_oscillator_trace_8rxn_stop_risksched085to09_lr1e4_entropy005_s4_c1_rnetol_d256_depth3_p20,seed284,284,667,66700,100,16,111.14324462310717,115.39812814201366,110.86289914699384,False,max_epochs,3213.3330914974213
rl4crn_rne_oscillator_trace_8rxn_stop_risksched085to09_lr1e4_entropy005_s4_c1_rnetol_d256_depth3_p20,seed284,284,668,66800,100,16,111.299499405536,117.2833561755995,110.86289914699384,False,max_epochs,3218.507376432419
rl4crn_rne_oscillator_trace_8rxn_stop_risksched085to09_lr1e4_entropy005_s4_c1_rnetol_d256_depth3_p20,seed284,284,669,66900,100,16,111.17721584982642,115.82890553119407,110.86289914699384,False,max_epochs,3223.1502764225006
rl4crn_rne_oscillator_trace_8rxn_stop_risksched085to09_lr1e4_entropy005_s4_c1_rnetol_d256_depth3_p20,seed284,284,670,67000,100,16,111.39449052582572,116.68259013721017,110.86289914699384,False,max_epochs,3228.185464859009
rl4crn_rne_oscillator_trace_8rxn_stop_risksched085to09_lr1e4_entropy005_s4_c1_rnetol_d256_depth3_p20,seed284,284,671,67100,100,16,111.47920863280942,116.6560056232141,110.86289914699384,False,max_epochs,3232.868891477585
rl4crn_rne_oscillator_trace_8rxn_stop_risksched085to09_lr1e4_entropy005_s4_c1_rnetol_d256_depth3_p20,seed284,284,672,67200,100,16,111.58544430549179,115.57353556317939,110.86289914699384,False,max_epochs,3235.4725165367126
rl4crn_rne_oscillator_trace_8rxn_stop_risksched085to09_lr1e4_entropy005_s4_c1_rnetol_d256_depth3_p20,seed284,284,673,67300,100,16,111.14011818904505,117.88161268007596,110.86289914699384,False,max_epochs,3240.3854773044586
rl4crn_rne_oscillator_trace_8rxn_stop_risksched085to09_lr1e4_entropy005_s4_c1_rnetol_d256_depth3_p20,seed284,284,674,67400,100,16,111.16378481881009,117.20608317027734,110.86289914699384,False,max_epochs,3245.7614872455597
rl4crn_rne_oscillator_trace_8rxn_stop_risksched085to09_lr1e4_entropy005_s4_c1_rnetol_d256_depth3_p20,seed284,284,675,67500,100,16,110.97696272737058,117.05913149372358,110.86289914699384,False,max_epochs,3251.395646572113
rl4crn_rne_oscillator_trace_8rxn_stop_risksched085to09_lr1e4_entropy005_s4_c1_rnetol_d256_depth3_p20,seed284,284,676,67600,100,16,111.69774401001683,116.90897930527194,110.86289914699384,False,max_epochs,3256.7625963687897
rl4crn_rne_oscillator_trace_8rxn_stop_risksched085to09_lr1e4_entropy005_s4_c1_rnetol_d256_depth3_p20,seed284,284,677,67700,100,16,110.86282809437034,116.96915500237482,110.86282809437034,False,max_epochs,3261.723517179489
rl4crn_rne_oscillator_trace_8rxn_stop_risksched085to09_lr1e4_entropy005_s4_c1_rnetol_d256_depth3_p20,seed284,284,678,67800,100,16,111.25286903152517,116.66790757350196,110.86282809437034,False,max_epochs,3266.707521677017
rl4crn_rne_oscillator_trace_8rxn_stop_risksched085to09_lr1e4_entropy005_s4_c1_rnetol_d256_depth3_p20,seed284,284,679,67900,100,16,111.1375384439932,116.32974835594098,110.86282809437034,False,max_epochs,3271.8357226848602
rl4crn_rne_oscillator_trace_8rxn_stop_risksched085to09_lr1e4_entropy005_s4_c1_rnetol_d256_depth3_p20,seed284,284,680,68000,100,16,111.37801866168581,116.68329519462017,110.86282809437034,False,max_epochs,3276.0350501537323
rl4crn_rne_oscillator_trace_8rxn_stop_risksched085to09_lr1e4_entropy005_s4_c1_rnetol_d256_depth3_p20,seed284,284,681,68100,100,16,111.86347059597655,117.92625388525707,110.86282809437034,False,max_epochs,3279.064521074295
rl4crn_rne_oscillator_trace_8rxn_stop_risksched085to09_lr1e4_entropy005_s4_c1_rnetol_d256_depth3_p20,seed284,284,682,68200,100,16,111.21951741260038,116.66916238911864,110.86282809437034,False,max_epochs,3283.716121673584
rl4crn_rne_oscillator_trace_8rxn_stop_risksched085to09_lr1e4_entropy005_s4_c1_rnetol_d256_depth3_p20,seed284,284,683,68300,100,16,111.04437830411626,115.53348908139247,110.86282809437034,False,max_epochs,3288.3809802532196
rl4crn_rne_oscillator_trace_8rxn_stop_risksched085to09_lr1e4_entropy005_s4_c1_rnetol_d256_depth3_p20,seed284,284,684,68400,100,16,112.16161456465144,118.85791652328447,110.86282809437034,False,max_epochs,3293.66481089592
rl4crn_rne_oscillator_trace_8rxn_stop_risksched085to09_lr1e4_entropy005_s4_c1_rnetol_d256_depth3_p20,seed284,284,685,68500,100,16,111.23679191395965,116.14792044198799,110.86282809437034,False,max_epochs,3298.211340904236
rl4crn_rne_oscillator_trace_8rxn_stop_risksched085to09_lr1e4_entropy005_s4_c1_rnetol_d256_depth3_p20,seed284,284,686,68600,100,16,111.2108716921387,115.10091247292286,110.86282809437034,False,max_epochs,3300.813688993454
rl4crn_rne_oscillator_trace_8rxn_stop_risksched085to09_lr1e4_entropy005_s4_c1_rnetol_d256_depth3_p20,seed284,284,687,68700,100,16,111.0726495863065,117.45523461860722,110.86282809437034,False,max_epochs,3305.8308193683624
rl4crn_rne_oscillator_trace_8rxn_stop_risksched085to09_lr1e4_entropy005_s4_c1_rnetol_d256_depth3_p20,seed284,284,688,68800,100,16,110.89586087867035,116.74549693222278,110.86282809437034,False,max_epochs,3311.0414838790894
rl4crn_rne_oscillator_trace_8rxn_stop_risksched085to09_lr1e4_entropy005_s4_c1_rnetol_d256_depth3_p20,seed284,284,689,68900,100,16,111.05341271066153,116.49085631985591,110.86282809437034,False,max_epochs,3316.615514278412
rl4crn_rne_oscillator_trace_8rxn_stop_risksched085to09_lr1e4_entropy005_s4_c1_rnetol_d256_depth3_p20,seed284,284,690,69000,100,16,111.31140421684773,116.98462015230174,110.86282809437034,False,max_epochs,3322.1168653964996
rl4crn_rne_oscillator_trace_8rxn_stop_risksched085to09_lr1e4_entropy005_s4_c1_rnetol_d256_depth3_p20,seed284,284,691,69100,100,16,111.22999572764873,116.09950486335015,110.86282809437034,False,max_epochs,3326.873873233795
rl4crn_rne_oscillator_trace_8rxn_stop_risksched085to09_lr1e4_entropy005_s4_c1_rnetol_d256_depth3_p20,seed284,284,692,69200,100,16,111.19059273139639,115.66509595209561,110.86282809437034,False,max_epochs,3332.097862958908
rl4crn_rne_oscillator_trace_8rxn_stop_risksched085to09_lr1e4_entropy005_s4_c1_rnetol_d256_depth3_p20,seed284,284,693,69300,100,16,111.43746115795213,116.00894118538824,110.86282809437034,False,max_epochs,3336.3232731819153
rl4crn_rne_oscillator_trace_8rxn_stop_risksched085to09_lr1e4_entropy005_s4_c1_rnetol_d256_depth3_p20,seed284,284,694,69400,100,16,111.2392991893214,115.96750437422227,110.86282809437034,False,max_epochs,3339.35315990448
rl4crn_rne_oscillator_trace_8rxn_stop_risksched085to09_lr1e4_entropy005_s4_c1_rnetol_d256_depth3_p20,seed284,284,695,69500,100,16,111.60363888238723,115.33231103389048,110.86282809437034,False,max_epochs,3344.308911561966
rl4crn_rne_oscillator_trace_8rxn_stop_risksched085to09_lr1e4_entropy005_s4_c1_rnetol_d256_depth3_p20,seed284,284,696,69600,100,16,111.37182598452544,116.12196297049661,110.86282809437034,False,max_epochs,3349.607022047043
rl4crn_rne_oscillator_trace_8rxn_stop_risksched085to09_lr1e4_entropy005_s4_c1_rnetol_d256_depth3_p20,seed284,284,697,69700,100,16,111.40416982725654,115.68631250220423,110.86282809437034,False,max_epochs,3354.8430650234222
rl4crn_rne_oscillator_trace_8rxn_stop_risksched085to09_lr1e4_entropy005_s4_c1_rnetol_d256_depth3_p20,seed284,284,698,69800,100,16,111.09789503871846,116.41932929278197,110.86282809437034,False,max_epochs,3359.7800583839417
rl4crn_rne_oscillator_trace_8rxn_stop_risksched085to09_lr1e4_entropy005_s4_c1_rnetol_d256_depth3_p20,seed284,284,699,69900,100,16,110.94640740132509,116.14288512742777,110.86282809437034,False,max_epochs,3364.6909992694855
rl4crn_rne_oscillator_trace_8rxn_stop_risksched085to09_lr1e4_entropy005_s4_c1_rnetol_d256_depth3_p20,seed284,284,700,70000,100,16,111.18184109941309,115.48483266618351,110.86282809437034,False,max_epochs,3367.2529590129852
rl4crn_rne_oscillator_trace_8rxn_stop_risksched085to09_lr1e4_entropy005_s4_c1_rnetol_d256_depth3_p20,seed284,284,701,70100,100,16,111.37555734704591,116.02271135061008,110.86282809437034,False,max_epochs,3371.5544698238373
rl4crn_rne_oscillator_trace_8rxn_stop_risksched085to09_lr1e4_entropy005_s4_c1_rnetol_d256_depth3_p20,seed284,284,702,70200,100,16,111.61050722688769,116.04898148008557,110.86282809437034,False,max_epochs,3376.811896800995
rl4crn_rne_oscillator_trace_8rxn_stop_risksched085to09_lr1e4_entropy005_s4_c1_rnetol_d256_depth3_p20,seed284,284,703,70300,100,16,111.3504905781411,117.14285627609732,110.86282809437034,False,max_epochs,3382.138618707657
rl4crn_rne_oscillator_trace_8rxn_stop_risksched085to09_lr1e4_entropy005_s4_c1_rnetol_d256_depth3_p20,seed284,284,704,70400,100,16,112.0546146369453,116.14050224638197,110.86282809437034,False,max_epochs,3387.370083808899
rl4crn_rne_oscillator_trace_8rxn_stop_risksched085to09_lr1e4_entropy005_s4_c1_rnetol_d256_depth3_p20,seed284,284,705,70500,100,16,111.03271019250285,116.68584682103693,110.86282809437034,False,max_epochs,3392.5022871494293
rl4crn_rne_oscillator_trace_8rxn_stop_risksched085to09_lr1e4_entropy005_s4_c1_rnetol_d256_depth3_p20,seed284,284,706,70600,100,16,110.99298341582255,117.23397207372824,110.86282809437034,False,max_epochs,3397.274731397629
rl4crn_rne_oscillator_trace_8rxn_stop_risksched085to09_lr1e4_entropy005_s4_c1_rnetol_d256_depth3_p20,seed284,284,707,70700,100,16,110.97807067545696,116.44948818461222,110.86282809437034,False,max_epochs,3402.2823824882507
rl4crn_rne_oscillator_trace_8rxn_stop_risksched085to09_lr1e4_entropy005_s4_c1_rnetol_d256_depth3_p20,seed284,284,708,70800,100,16,111.24993622825444,115.98776897801949,110.86282809437034,False,max_epochs,3404.490745782852
rl4crn_rne_oscillator_trace_8rxn_stop_risksched085to09_lr1e4_entropy005_s4_c1_rnetol_d256_depth3_p20,seed284,284,709,70900,100,16,110.9301234780196,115.67996325539679,110.86282809437034,False,max_epochs,3409.290196418762
rl4crn_rne_oscillator_trace_8rxn_stop_risksched085to09_lr1e4_entropy005_s4_c1_rnetol_d256_depth3_p20,seed284,284,710,71000,100,16,111.09096926125478,116.86351195288293,110.86282809437034,False,max_epochs,3414.488067150116
rl4crn_rne_oscillator_trace_8rxn_stop_risksched085to09_lr1e4_entropy005_s4_c1_rnetol_d256_depth3_p20,seed284,284,711,71100,100,16,111.38384139362064,116.58549171873528,110.86282809437034,False,max_epochs,3420.342908859253
rl4crn_rne_oscillator_trace_8rxn_stop_risksched085to09_lr1e4_entropy005_s4_c1_rnetol_d256_depth3_p20,seed284,284,712,71200,100,16,111.54372718836986,118.53252391525129,110.86282809437034,False,max_epochs,3425.8415393829346
rl4crn_rne_oscillator_trace_8rxn_stop_risksched085to09_lr1e4_entropy005_s4_c1_rnetol_d256_depth3_p20,seed284,284,713,71300,100,16,110.8998441022465,115.4540367830217,110.86282809437034,False,max_epochs,3431.0954761505127
rl4crn_rne_oscillator_trace_8rxn_stop_risksched085to09_lr1e4_entropy005_s4_c1_rnetol_d256_depth3_p20,seed284,284,714,71400,100,16,111.05208774961267,115.3919802043701,110.86282809437034,False,max_epochs,3436.555822610855
rl4crn_rne_oscillator_trace_8rxn_stop_risksched085to09_lr1e4_entropy005_s4_c1_rnetol_d256_depth3_p20,seed284,284,715,71500,100,16,111.05626167689661,116.89037134388698,110.86282809437034,False,max_epochs,3442.3147892951965
rl4crn_rne_oscillator_trace_8rxn_stop_risksched085to09_lr1e4_entropy005_s4_c1_rnetol_d256_depth3_p20,seed284,284,716,71600,100,16,111.02654138974184,116.46605636059067,110.86282809437034,False,max_epochs,3447.6052010059357
rl4crn_rne_oscillator_trace_8rxn_stop_risksched085to09_lr1e4_entropy005_s4_c1_rnetol_d256_depth3_p20,seed284,284,717,71700,100,16,110.98607837817706,115.80767154766605,110.86282809437034,False,max_epochs,3452.8840429782867
rl4crn_rne_oscillator_trace_8rxn_stop_risksched085to09_lr1e4_entropy005_s4_c1_rnetol_d256_depth3_p20,seed284,284,718,71800,100,16,111.21344466475081,115.83545001296542,110.86282809437034,False,max_epochs,3458.301002264023
rl4crn_rne_oscillator_trace_8rxn_stop_risksched085to09_lr1e4_entropy005_s4_c1_rnetol_d256_depth3_p20,seed284,284,719,71900,100,16,111.31552809478882,115.45211248113566,110.86282809437034,False,max_epochs,3463.4918229579926
rl4crn_rne_oscillator_trace_8rxn_stop_risksched085to09_lr1e4_entropy005_s4_c1_rnetol_d256_depth3_p20,seed284,284,720,72000,100,16,111.28760567909484,115.63396795709627,110.86282809437034,False,max_epochs,3468.3805646896362
rl4crn_rne_oscillator_trace_8rxn_stop_risksched085to09_lr1e4_entropy005_s4_c1_rnetol_d256_depth3_p20,seed284,284,721,72100,100,16,111.11689937736428,114.69145369723954,110.86282809437034,False,max_epochs,3470.757568836212
rl4crn_rne_oscillator_trace_8rxn_stop_risksched085to09_lr1e4_entropy005_s4_c1_rnetol_d256_depth3_p20,seed284,284,722,72200,100,16,111.03994819881319,116.04134558986678,110.86282809437034,False,max_epochs,3475.3002440929413
rl4crn_rne_oscillator_trace_8rxn_stop_risksched085to09_lr1e4_entropy005_s4_c1_rnetol_d256_depth3_p20,seed284,284,723,72300,100,16,111.0038109886549,118.32014358897632,110.86282809437034,False,max_epochs,3480.407015323639
rl4crn_rne_oscillator_trace_8rxn_stop_risksched085to09_lr1e4_entropy005_s4_c1_rnetol_d256_depth3_p20,seed284,284,724,72400,100,16,111.20792574237328,117.38466976218574,110.86282809437034,False,max_epochs,3485.7174260616302
rl4crn_rne_oscillator_trace_8rxn_stop_risksched085to09_lr1e4_entropy005_s4_c1_rnetol_d256_depth3_p20,seed284,284,725,72500,100,16,111.07869199161837,116.04834312828388,110.86282809437034,False,max_epochs,3490.7111678123474
rl4crn_rne_oscillator_trace_8rxn_stop_risksched085to09_lr1e4_entropy005_s4_c1_rnetol_d256_depth3_p20,seed284,284,726,72600,100,16,111.30215461076665,116.27253016271902,110.86282809437034,False,max_epochs,3495.7519443035126
rl4crn_rne_oscillator_trace_8rxn_stop_risksched085to09_lr1e4_entropy005_s4_c1_rnetol_d256_depth3_p20,seed284,284,727,72700,100,16,111.27150675087958,114.90836570316227,110.86282809437034,False,max_epochs,3500.6873502731323
rl4crn_rne_oscillator_trace_8rxn_stop_risksched085to09_lr1e4_entropy005_s4_c1_rnetol_d256_depth3_p20,seed284,284,728,72800,100,16,111.19969068694967,115.81180542205585,110.86282809437034,False,max_epochs,3502.946129322052
rl4crn_rne_oscillator_trace_8rxn_stop_risksched085to09_lr1e4_entropy005_s4_c1_rnetol_d256_depth3_p20,seed284,284,729,72900,100,16,111.07553641502864,116.04067787588181,110.86282809437034,False,max_epochs,3507.7840659618378
rl4crn_rne_oscillator_trace_8rxn_stop_risksched085to09_lr1e4_entropy005_s4_c1_rnetol_d256_depth3_p20,seed284,284,730,73000,100,16,111.12418653234766,114.92056671952714,110.86282809437034,False,max_epochs,3513.00949382782
rl4crn_rne_oscillator_trace_8rxn_stop_risksched085to09_lr1e4_entropy005_s4_c1_rnetol_d256_depth3_p20,seed284,284,731,73100,100,16,111.34278284382091,115.56453426967983,110.86282809437034,False,max_epochs,3518.6361134052277
rl4crn_rne_oscillator_trace_8rxn_stop_risksched085to09_lr1e4_entropy005_s4_c1_rnetol_d256_depth3_p20,seed284,284,732,73200,100,16,111.48213166028243,114.66174278959355,110.86282809437034,False,max_epochs,3523.8599138259888
rl4crn_rne_oscillator_trace_8rxn_stop_risksched085to09_lr1e4_entropy005_s4_c1_rnetol_d256_depth3_p20,seed284,284,733,73300,100,16,111.35647561048125,115.3106764498965,110.86282809437034,False,max_epochs,3529.336121082306
rl4crn_rne_oscillator_trace_8rxn_stop_risksched085to09_lr1e4_entropy005_s4_c1_rnetol_d256_depth3_p20,seed284,284,734,73400,100,16,111.60180386959061,114.09042747715611,110.86282809437034,False,max_epochs,3534.33407330513
rl4crn_rne_oscillator_trace_8rxn_stop_risksched085to09_lr1e4_entropy005_s4_c1_rnetol_d256_depth3_p20,seed284,284,735,73500,100,16,111.52000809145163,114.78163567706048,110.86282809437034,False,max_epochs,3539.266308069229
rl4crn_rne_oscillator_trace_8rxn_stop_risksched085to09_lr1e4_entropy005_s4_c1_rnetol_d256_depth3_p20,seed284,284,736,73600,100,16,111.39319212709496,115.126233990359,110.86282809437034,False,max_epochs,3544.262790441513
rl4crn_rne_oscillator_trace_8rxn_stop_risksched085to09_lr1e4_entropy005_s4_c1_rnetol_d256_depth3_p20,seed284,284,737,73700,100,16,111.98364656223171,115.93542281788471,110.86282809437034,False,max_epochs,3546.7718031406403
rl4crn_rne_oscillator_trace_8rxn_stop_risksched085to09_lr1e4_entropy005_s4_c1_rnetol_d256_depth3_p20,seed284,284,738,73800,100,16,112.52295650516683,117.08832413282556,110.86282809437034,False,max_epochs,3551.429565668106
rl4crn_rne_oscillator_trace_8rxn_stop_risksched085to09_lr1e4_entropy005_s4_c1_rnetol_d256_depth3_p20,seed284,284,739,73900,100,16,112.2735784222505,116.58496271420216,110.86282809437034,False,max_epochs,3556.5330007076263
rl4crn_rne_oscillator_trace_8rxn_stop_risksched085to09_lr1e4_entropy005_s4_c1_rnetol_d256_depth3_p20,seed284,284,740,74000,100,16,111.99523290851128,116.77865970629772,110.86282809437034,False,max_epochs,3561.4851660728455
rl4crn_rne_oscillator_trace_8rxn_stop_risksched085to09_lr1e4_entropy005_s4_c1_rnetol_d256_depth3_p20,seed284,284,741,74100,100,16,111.23919574130632,116.92415762597801,110.86282809437034,False,max_epochs,3566.425854921341
rl4crn_rne_oscillator_trace_8rxn_stop_risksched085to09_lr1e4_entropy005_s4_c1_rnetol_d256_depth3_p20,seed284,284,742,74200,100,16,111.26362051945719,115.52136159106138,110.86282809437034,False,max_epochs,3571.164128303528
rl4crn_rne_oscillator_trace_8rxn_stop_risksched085to09_lr1e4_entropy005_s4_c1_rnetol_d256_depth3_p20,seed284,284,743,74300,100,16,111.6143322701054,115.67337439488365,110.86282809437034,False,max_epochs,3573.2883303165436
rl4crn_rne_oscillator_trace_8rxn_stop_risksched085to09_lr1e4_entropy005_s4_c1_rnetol_d256_depth3_p20,seed284,284,744,74400,100,16,111.89990386715272,114.88626274301723,110.86282809437034,False,max_epochs,3578.3955812454224
rl4crn_rne_oscillator_trace_8rxn_stop_risksched085to09_lr1e4_entropy005_s4_c1_rnetol_d256_depth3_p20,seed284,284,745,74500,100,16,111.11320368060395,115.5813478348979,110.86282809437034,False,max_epochs,3583.6851375102997
rl4crn_rne_oscillator_trace_8rxn_stop_risksched085to09_lr1e4_entropy005_s4_c1_rnetol_d256_depth3_p20,seed284,284,746,74600,100,16,111.44887310668513,115.06167517109105,110.86282809437034,False,max_epochs,3589.0403966903687
rl4crn_rne_oscillator_trace_8rxn_stop_risksched085to09_lr1e4_entropy005_s4_c1_rnetol_d256_depth3_p20,seed284,284,747,74700,100,16,111.7606527670266,115.68179521645683,110.86282809437034,False,max_epochs,3594.8499886989594
rl4crn_rne_oscillator_trace_8rxn_stop_risksched085to09_lr1e4_entropy005_s4_c1_rnetol_d256_depth3_p20,seed284,284,748,74800,100,16,111.53337098002072,115.62907598504793,110.86282809437034,False,max_epochs,3600.0734741687775
rl4crn_rne_oscillator_trace_8rxn_stop_risksched085to09_lr1e4_entropy005_s4_c1_rnetol_d256_depth3_p20,seed284,284,749,74900,100,16,111.36799110129412,115.69348348240646,110.86282809437034,False,max_epochs,3605.40487742424
rl4crn_rne_oscillator_trace_8rxn_stop_risksched085to09_lr1e4_entropy005_s4_c1_rnetol_d256_depth3_p20,seed284,284,750,75000,100,16,111.28389679975115,116.27192510300131,110.86282809437034,False,max_epochs,3610.889164686203
rl4crn_rne_oscillator_trace_8rxn_stop_risksched085to09_lr1e4_entropy005_s4_c1_rnetol_d256_depth3_p20,seed284,284,751,75100,100,16,111.80445903676612,118.85546764224588,110.86282809437034,False,max_epochs,3616.2286138534546
rl4crn_rne_oscillator_trace_8rxn_stop_risksched085to09_lr1e4_entropy005_s4_c1_rnetol_d256_depth3_p20,seed284,284,752,75200,100,16,111.24137437332897,116.34104910639985,110.86282809437034,False,max_epochs,3621.433784008026
rl4crn_rne_oscillator_trace_8rxn_stop_risksched085to09_lr1e4_entropy005_s4_c1_rnetol_d256_depth3_p20,seed284,284,753,75300,100,16,111.61982234893864,116.77859208904513,110.86282809437034,False,max_epochs,3626.733857870102
rl4crn_rne_oscillator_trace_8rxn_stop_risksched085to09_lr1e4_entropy005_s4_c1_rnetol_d256_depth3_p20,seed284,284,754,75400,100,16,111.41884016499937,115.93115782026074,110.86282809437034,False,max_epochs,3631.9426062107086
rl4crn_rne_oscillator_trace_8rxn_stop_risksched085to09_lr1e4_entropy005_s4_c1_rnetol_d256_depth3_p20,seed284,284,755,75500,100,16,111.20619571012698,116.34295207365025,110.86282809437034,False,max_epochs,3636.7637901306152
rl4crn_rne_oscillator_trace_8rxn_stop_risksched085to09_lr1e4_entropy005_s4_c1_rnetol_d256_depth3_p20,seed284,284,756,75600,100,16,111.333009406801,117.72535227304581,110.86282809437034,False,max_epochs,3639.158485174179
rl4crn_rne_oscillator_trace_8rxn_stop_risksched085to09_lr1e4_entropy005_s4_c1_rnetol_d256_depth3_p20,seed284,284,757,75700,100,16,111.21077717340587,116.88885504185772,110.86282809437034,False,max_epochs,3643.7836973667145
rl4crn_rne_oscillator_trace_8rxn_stop_risksched085to09_lr1e4_entropy005_s4_c1_rnetol_d256_depth3_p20,seed284,284,758,75800,100,16,111.20349945528629,115.79112780012957,110.86282809437034,False,max_epochs,3649.1889407634735
rl4crn_rne_oscillator_trace_8rxn_stop_risksched085to09_lr1e4_entropy005_s4_c1_rnetol_d256_depth3_p20,seed284,284,759,75900,100,16,111.39033518136081,116.90566331705031,110.86282809437034,False,max_epochs,3654.460732460022
rl4crn_rne_oscillator_trace_8rxn_stop_risksched085to09_lr1e4_entropy005_s4_c1_rnetol_d256_depth3_p20,seed284,284,760,76000,100,16,111.02400971541263,118.5507640696929,110.86282809437034,False,max_epochs,3660.105272769928
rl4crn_rne_oscillator_trace_8rxn_stop_risksched085to09_lr1e4_entropy005_s4_c1_rnetol_d256_depth3_p20,seed284,284,761,76100,100,16,111.33459415838946,116.17692224246252,110.86282809437034,False,max_epochs,3665.0916204452515
rl4crn_rne_oscillator_trace_8rxn_stop_risksched085to09_lr1e4_entropy005_s4_c1_rnetol_d256_depth3_p20,seed284,284,762,76200,100,16,111.22884330017831,116.59504592975358,110.86282809437034,False,max_epochs,3670.101821899414
rl4crn_rne_oscillator_trace_8rxn_stop_risksched085to09_lr1e4_entropy005_s4_c1_rnetol_d256_depth3_p20,seed284,284,763,76300,100,16,111.52259622085101,116.90870210868133,110.86282809437034,False,max_epochs,3675.0451924800873
rl4crn_rne_oscillator_trace_8rxn_stop_risksched085to09_lr1e4_entropy005_s4_c1_rnetol_d256_depth3_p20,seed284,284,764,76400,100,16,111.90092380157805,115.776986376145,110.86282809437034,False,max_epochs,3677.237211704254
rl4crn_rne_oscillator_trace_8rxn_stop_risksched085to09_lr1e4_entropy005_s4_c1_rnetol_d256_depth3_p20,seed284,284,765,76500,100,16,111.79296296536947,116.12444559548132,110.86282809437034,False,max_epochs,3682.349898815155
rl4crn_rne_oscillator_trace_8rxn_stop_risksched085to09_lr1e4_entropy005_s4_c1_rnetol_d256_depth3_p20,seed284,284,766,76600,100,16,111.41825770763283,116.40607012696111,110.86282809437034,False,max_epochs,3687.5858862400055
rl4crn_rne_oscillator_trace_8rxn_stop_risksched085to09_lr1e4_entropy005_s4_c1_rnetol_d256_depth3_p20,seed284,284,767,76700,100,16,110.92914239014416,116.19467695341756,110.86282809437034,False,max_epochs,3693.2293787002563
rl4crn_rne_oscillator_trace_8rxn_stop_risksched085to09_lr1e4_entropy005_s4_c1_rnetol_d256_depth3_p20,seed284,284,768,76800,100,16,111.6207933982923,115.07371031383315,110.86282809437034,False,max_epochs,3698.666252851486
rl4crn_rne_oscillator_trace_8rxn_stop_risksched085to09_lr1e4_entropy005_s4_c1_rnetol_d256_depth3_p20,seed284,284,769,76900,100,16,111.54528978576379,116.8520153240089,110.86282809437034,False,max_epochs,3704.072256565094
rl4crn_rne_oscillator_trace_8rxn_stop_risksched085to09_lr1e4_entropy005_s4_c1_rnetol_d256_depth3_p20,seed284,284,770,77000,100,16,111.76695413522462,115.99845095456732,110.86282809437034,False,max_epochs,3709.2406799793243
rl4crn_rne_oscillator_trace_8rxn_stop_risksched085to09_lr1e4_entropy005_s4_c1_rnetol_d256_depth3_p20,seed284,284,771,77100,100,16,111.30439786016318,115.5088659936417,110.86282809437034,False,max_epochs,3714.2670664787292
rl4crn_rne_oscillator_trace_8rxn_stop_risksched085to09_lr1e4_entropy005_s4_c1_rnetol_d256_depth3_p20,seed284,284,772,77200,100,16,111.29887477631101,115.52082600147648,110.86282809437034,False,max_epochs,3719.0710484981537
rl4crn_rne_oscillator_trace_8rxn_stop_risksched085to09_lr1e4_entropy005_s4_c1_rnetol_d256_depth3_p20,seed284,284,773,77300,100,16,110.97585814594558,115.84709407997349,110.86282809437034,False,max_epochs,3721.3101744651794
rl4crn_rne_oscillator_trace_8rxn_stop_risksched085to09_lr1e4_entropy005_s4_c1_rnetol_d256_depth3_p20,seed284,284,774,77400,100,16,111.02324684641346,116.25205463460705,110.86282809437034,False,max_epochs,3726.328597545624
rl4crn_rne_oscillator_trace_8rxn_stop_risksched085to09_lr1e4_entropy005_s4_c1_rnetol_d256_depth3_p20,seed284,284,775,77500,100,16,111.16075464030347,115.79558824005912,110.86282809437034,False,max_epochs,3732.0328817367554
rl4crn_rne_oscillator_trace_8rxn_stop_risksched085to09_lr1e4_entropy005_s4_c1_rnetol_d256_depth3_p20,seed284,284,776,77600,100,16,111.4016864505217,115.83652499108311,110.86282809437034,False,max_epochs,3737.484973192215
rl4crn_rne_oscillator_trace_8rxn_stop_risksched085to09_lr1e4_entropy005_s4_c1_rnetol_d256_depth3_p20,seed284,284,777,77700,100,16,111.27526185600347,115.88330675362764,110.86282809437034,False,max_epochs,3742.664376974106
rl4crn_rne_oscillator_trace_8rxn_stop_risksched085to09_lr1e4_entropy005_s4_c1_rnetol_d256_depth3_p20,seed284,284,778,77800,100,16,111.15211499138562,115.80909498780262,110.86282809437034,False,max_epochs,3748.0064101219177
rl4crn_rne_oscillator_trace_8rxn_stop_risksched085to09_lr1e4_entropy005_s4_c1_rnetol_d256_depth3_p20,seed284,284,779,77900,100,16,111.33499851102525,116.48319959353803,110.86282809437034,False,max_epochs,3753.062963485718
rl4crn_rne_oscillator_trace_8rxn_stop_risksched085to09_lr1e4_entropy005_s4_c1_rnetol_d256_depth3_p20,seed284,284,780,78000,100,16,111.09338598528159,116.21131109986763,110.86282809437034,False,max_epochs,3758.023071050644
rl4crn_rne_oscillator_trace_8rxn_stop_risksched085to09_lr1e4_entropy005_s4_c1_rnetol_d256_depth3_p20,seed284,284,781,78100,100,16,111.53373524133704,116.94507898763246,110.86282809437034,False,max_epochs,3762.8204305171967
rl4crn_rne_oscillator_trace_8rxn_stop_risksched085to09_lr1e4_entropy005_s4_c1_rnetol_d256_depth3_p20,seed284,284,782,78200,100,16,110.85086889564232,116.37912224719892,110.85086889564232,False,max_epochs,3765.0776097774506
rl4crn_rne_oscillator_trace_8rxn_stop_risksched085to09_lr1e4_entropy005_s4_c1_rnetol_d256_depth3_p20,seed284,284,783,78300,100,16,111.21609378725569,116.19503806566877,110.85086889564232,False,max_epochs,3770.179533481598
rl4crn_rne_oscillator_trace_8rxn_stop_risksched085to09_lr1e4_entropy005_s4_c1_rnetol_d256_depth3_p20,seed284,284,784,78400,100,16,111.35737824400415,117.98889710445309,110.85086889564232,False,max_epochs,3775.0478703975677
rl4crn_rne_oscillator_trace_8rxn_stop_risksched085to09_lr1e4_entropy005_s4_c1_rnetol_d256_depth3_p20,seed284,284,785,78500,100,16,110.89981054082645,117.22278777483218,110.85086889564232,False,max_epochs,3780.688774585724
rl4crn_rne_oscillator_trace_8rxn_stop_risksched085to09_lr1e4_entropy005_s4_c1_rnetol_d256_depth3_p20,seed284,284,786,78600,100,16,111.50828734569288,117.24861513300142,110.85086889564232,False,max_epochs,3785.538394212723
rl4crn_rne_oscillator_trace_8rxn_stop_risksched085to09_lr1e4_entropy005_s4_c1_rnetol_d256_depth3_p20,seed284,284,787,78700,100,16,111.20700536468897,116.83790740580876,110.85086889564232,False,max_epochs,3790.374691963196
rl4crn_rne_oscillator_trace_8rxn_stop_risksched085to09_lr1e4_entropy005_s4_c1_rnetol_d256_depth3_p20,seed284,284,788,78800,100,16,111.1031632339662,115.88202256168252,110.85086889564232,False,max_epochs,3795.2836561203003
rl4crn_rne_oscillator_trace_8rxn_stop_risksched085to09_lr1e4_entropy005_s4_c1_rnetol_d256_depth3_p20,seed284,284,789,78900,100,16,111.4701532139633,118.4180262415797,110.85086889564232,False,max_epochs,3797.562620162964
rl4crn_rne_oscillator_trace_8rxn_stop_risksched085to09_lr1e4_entropy005_s4_c1_rnetol_d256_depth3_p20,seed284,284,790,79000,100,16,111.01552954353227,115.37794606050244,110.85086889564232,False,max_epochs,3802.5794656276703
rl4crn_rne_oscillator_trace_8rxn_stop_risksched085to09_lr1e4_entropy005_s4_c1_rnetol_d256_depth3_p20,seed284,284,791,79100,100,16,111.88837374544121,117.63622717575491,110.85086889564232,False,max_epochs,3807.818160057068
rl4crn_rne_oscillator_trace_8rxn_stop_risksched085to09_lr1e4_entropy005_s4_c1_rnetol_d256_depth3_p20,seed284,284,792,79200,100,16,111.35140701933761,116.25492045800388,110.85086889564232,False,max_epochs,3813.16926074028
rl4crn_rne_oscillator_trace_8rxn_stop_risksched085to09_lr1e4_entropy005_s4_c1_rnetol_d256_depth3_p20,seed284,284,793,79300,100,16,111.66084352664916,117.33486376526649,110.85086889564232,False,max_epochs,3817.8903782367706
rl4crn_rne_oscillator_trace_8rxn_stop_risksched085to09_lr1e4_entropy005_s4_c1_rnetol_d256_depth3_p20,seed284,284,794,79400,100,16,111.50782308731033,115.18023151225665,110.85086889564232,False,max_epochs,3822.562197446823
rl4crn_rne_oscillator_trace_8rxn_stop_risksched085to09_lr1e4_entropy005_s4_c1_rnetol_d256_depth3_p20,seed284,284,795,79500,100,16,111.09948357743941,116.77196163054649,110.85086889564232,False,max_epochs,3824.82616519928
rl4crn_rne_oscillator_trace_8rxn_stop_risksched085to09_lr1e4_entropy005_s4_c1_rnetol_d256_depth3_p20,seed284,284,796,79600,100,16,111.14048970999286,116.51423644357149,110.85086889564232,False,max_epochs,3830.373340368271
rl4crn_rne_oscillator_trace_8rxn_stop_risksched085to09_lr1e4_entropy005_s4_c1_rnetol_d256_depth3_p20,seed284,284,797,79700,100,16,110.99684693869428,116.82711755813838,110.85086889564232,False,max_epochs,3835.453459739685
rl4crn_rne_oscillator_trace_8rxn_stop_risksched085to09_lr1e4_entropy005_s4_c1_rnetol_d256_depth3_p20,seed284,284,798,79800,100,16,111.30298194265599,116.3344954587763,110.85086889564232,False,max_epochs,3840.4620435237885
rl4crn_rne_oscillator_trace_8rxn_stop_risksched085to09_lr1e4_entropy005_s4_c1_rnetol_d256_depth3_p20,seed284,284,799,79900,100,16,111.19408551017618,115.6023932804147,110.85086889564232,False,max_epochs,3845.689751625061
rl4crn_rne_oscillator_trace_8rxn_stop_risksched085to09_lr1e4_entropy005_s4_c1_rnetol_d256_depth3_p20,seed284,284,800,80000,100,16,111.12366329324568,115.26047585620483,110.85086889564232,False,max_epochs,3850.5853340625763
rl4crn_rne_oscillator_trace_8rxn_stop_risksched085to09_lr1e4_entropy005_s4_c1_rnetol_d256_depth3_p20,seed284,284,801,80100,100,16,111.1499724092383,117.11620695611721,110.85086889564232,False,max_epochs,3854.4237010478973
