method,run_id,seed,epoch,candidate_evaluations,batch_size,n_cpus,epoch_best_loss,epoch_median_loss,saved_best_loss,success,stop_reason,elapsed_seconds
rl4crn_rne_oscillator_trace_8rxn_stop_risksched085to09_lr1e4_entropy005_s4_c1_rnetol_d256_depth3_p20,seed306,306,1,100,100,16,123.92988462581529,130.57009661099397,123.92988462581529,False,max_epochs,6.372933387756348
rl4crn_rne_oscillator_trace_8rxn_stop_risksched085to09_lr1e4_entropy005_s4_c1_rnetol_d256_depth3_p20,seed306,306,2,200,100,16,124.53260244370195,130.7605803514889,123.92988462581529,False,max_epochs,9.93191933631897
rl4crn_rne_oscillator_trace_8rxn_stop_risksched085to09_lr1e4_entropy005_s4_c1_rnetol_d256_depth3_p20,seed306,306,3,300,100,16,123.95433331655599,130.8202268802711,123.92988462581529,False,max_epochs,14.897135496139526
rl4crn_rne_oscillator_trace_8rxn_stop_risksched085to09_lr1e4_entropy005_s4_c1_rnetol_d256_depth3_p20,seed306,306,4,400,100,16,123.4158233461085,130.61565530410604,123.4158233461085,False,max_epochs,20.201699256896973
rl4crn_rne_oscillator_trace_8rxn_stop_risksched085to09_lr1e4_entropy005_s4_c1_rnetol_d256_depth3_p20,seed306,306,5,500,100,16,124.25646315859227,131.8965199215354,123.4158233461085,False,max_epochs,25.391921520233154
rl4crn_rne_oscillator_trace_8rxn_stop_risksched085to09_lr1e4_entropy005_s4_c1_rnetol_d256_depth3_p20,seed306,306,6,600,100,16,123.59142311207266,131.48769756670424,123.4158233461085,False,max_epochs,30.491987466812134
rl4crn_rne_oscillator_trace_8rxn_stop_risksched085to09_lr1e4_entropy005_s4_c1_rnetol_d256_depth3_p20,seed306,306,7,700,100,16,122.64592326734702,132.88109459038992,122.64592326734702,False,max_epochs,35.96397018432617
rl4crn_rne_oscillator_trace_8rxn_stop_risksched085to09_lr1e4_entropy005_s4_c1_rnetol_d256_depth3_p20,seed306,306,8,800,100,16,123.98763588361948,132.40385022520954,122.64592326734702,False,max_epochs,40.681808948516846
rl4crn_rne_oscillator_trace_8rxn_stop_risksched085to09_lr1e4_entropy005_s4_c1_rnetol_d256_depth3_p20,seed306,306,9,900,100,16,123.56512337596901,130.79674329061373,122.64592326734702,False,max_epochs,45.04607033729553
rl4crn_rne_oscillator_trace_8rxn_stop_risksched085to09_lr1e4_entropy005_s4_c1_rnetol_d256_depth3_p20,seed306,306,10,1000,100,16,123.26158619590457,130.99274428710515,122.64592326734702,False,max_epochs,47.499685764312744
rl4crn_rne_oscillator_trace_8rxn_stop_risksched085to09_lr1e4_entropy005_s4_c1_rnetol_d256_depth3_p20,seed306,306,11,1100,100,16,123.36953747068895,131.499967178755,122.64592326734702,False,max_epochs,53.13422751426697
rl4crn_rne_oscillator_trace_8rxn_stop_risksched085to09_lr1e4_entropy005_s4_c1_rnetol_d256_depth3_p20,seed306,306,12,1200,100,16,124.56468800032245,131.45373141068754,122.64592326734702,False,max_epochs,58.27681851387024
rl4crn_rne_oscillator_trace_8rxn_stop_risksched085to09_lr1e4_entropy005_s4_c1_rnetol_d256_depth3_p20,seed306,306,13,1300,100,16,124.67717567364534,131.7963017591814,122.64592326734702,False,max_epochs,63.53978109359741
rl4crn_rne_oscillator_trace_8rxn_stop_risksched085to09_lr1e4_entropy005_s4_c1_rnetol_d256_depth3_p20,seed306,306,14,1400,100,16,124.07000663022909,131.34371488705568,122.64592326734702,False,max_epochs,68.72289681434631
rl4crn_rne_oscillator_trace_8rxn_stop_risksched085to09_lr1e4_entropy005_s4_c1_rnetol_d256_depth3_p20,seed306,306,15,1500,100,16,122.40619180216355,131.2859692981824,122.40619180216355,False,max_epochs,73.87406516075134
rl4crn_rne_oscillator_trace_8rxn_stop_risksched085to09_lr1e4_entropy005_s4_c1_rnetol_d256_depth3_p20,seed306,306,16,1600,100,16,123.91180324119392,132.7144923492093,122.40619180216355,False,max_epochs,78.83000135421753
rl4crn_rne_oscillator_trace_8rxn_stop_risksched085to09_lr1e4_entropy005_s4_c1_rnetol_d256_depth3_p20,seed306,306,17,1700,100,16,124.3008619046147,133.8510240888398,122.40619180216355,False,max_epochs,82.98988723754883
rl4crn_rne_oscillator_trace_8rxn_stop_risksched085to09_lr1e4_entropy005_s4_c1_rnetol_d256_depth3_p20,seed306,306,18,1800,100,16,123.46838623453199,131.1995305789066,122.40619180216355,False,max_epochs,86.11166882514954
rl4crn_rne_oscillator_trace_8rxn_stop_risksched085to09_lr1e4_entropy005_s4_c1_rnetol_d256_depth3_p20,seed306,306,19,1900,100,16,124.28810877438318,131.27755402416403,122.40619180216355,False,max_epochs,90.79966282844543
rl4crn_rne_oscillator_trace_8rxn_stop_risksched085to09_lr1e4_entropy005_s4_c1_rnetol_d256_depth3_p20,seed306,306,20,2000,100,16,123.6591897216895,131.87707127830873,122.40619180216355,False,max_epochs,96.28977465629578
rl4crn_rne_oscillator_trace_8rxn_stop_risksched085to09_lr1e4_entropy005_s4_c1_rnetol_d256_depth3_p20,seed306,306,21,2100,100,16,123.83412095496743,131.8073164853369,122.40619180216355,False,max_epochs,101.81335973739624
rl4crn_rne_oscillator_trace_8rxn_stop_risksched085to09_lr1e4_entropy005_s4_c1_rnetol_d256_depth3_p20,seed306,306,22,2200,100,16,123.78363498970755,129.23336620196403,122.40619180216355,False,max_epochs,106.86603927612305
rl4crn_rne_oscillator_trace_8rxn_stop_risksched085to09_lr1e4_entropy005_s4_c1_rnetol_d256_depth3_p20,seed306,306,23,2300,100,16,123.66668024685569,129.9149316511672,122.40619180216355,False,max_epochs,111.82021379470825
rl4crn_rne_oscillator_trace_8rxn_stop_risksched085to09_lr1e4_entropy005_s4_c1_rnetol_d256_depth3_p20,seed306,306,24,2400,100,16,123.63241595292301,129.069012946226,122.40619180216355,False,max_epochs,116.57893204689026
rl4crn_rne_oscillator_trace_8rxn_stop_risksched085to09_lr1e4_entropy005_s4_c1_rnetol_d256_depth3_p20,seed306,306,25,2500,100,16,121.13141465270003,128.55443721922887,121.13141465270003,False,max_epochs,119.14832878112793
rl4crn_rne_oscillator_trace_8rxn_stop_risksched085to09_lr1e4_entropy005_s4_c1_rnetol_d256_depth3_p20,seed306,306,26,2600,100,16,122.51628729474551,127.3324257601245,121.13141465270003,False,max_epochs,123.99165940284729
rl4crn_rne_oscillator_trace_8rxn_stop_risksched085to09_lr1e4_entropy005_s4_c1_rnetol_d256_depth3_p20,seed306,306,27,2700,100,16,122.8839227634688,127.52774411083792,121.13141465270003,False,max_epochs,129.4087109565735
rl4crn_rne_oscillator_trace_8rxn_stop_risksched085to09_lr1e4_entropy005_s4_c1_rnetol_d256_depth3_p20,seed306,306,28,2800,100,16,121.56014458981973,128.09041381630487,121.13141465270003,False,max_epochs,134.57295870780945
rl4crn_rne_oscillator_trace_8rxn_stop_risksched085to09_lr1e4_entropy005_s4_c1_rnetol_d256_depth3_p20,seed306,306,29,2900,100,16,121.57979803226452,125.5305690599265,121.13141465270003,False,max_epochs,139.87677645683289
rl4crn_rne_oscillator_trace_8rxn_stop_risksched085to09_lr1e4_entropy005_s4_c1_rnetol_d256_depth3_p20,seed306,306,30,3000,100,16,121.6434192175785,126.46700352288886,121.13141465270003,False,max_epochs,144.8228211402893
rl4crn_rne_oscillator_trace_8rxn_stop_risksched085to09_lr1e4_entropy005_s4_c1_rnetol_d256_depth3_p20,seed306,306,31,3100,100,16,121.30554001738935,125.93300248589696,121.13141465270003,False,max_epochs,149.59895253181458
rl4crn_rne_oscillator_trace_8rxn_stop_risksched085to09_lr1e4_entropy005_s4_c1_rnetol_d256_depth3_p20,seed306,306,32,3200,100,16,121.69260730579643,125.70641926646698,121.13141465270003,False,max_epochs,152.0852439403534
rl4crn_rne_oscillator_trace_8rxn_stop_risksched085to09_lr1e4_entropy005_s4_c1_rnetol_d256_depth3_p20,seed306,306,33,3300,100,16,121.7117677411435,125.16727872671527,121.13141465270003,False,max_epochs,157.32329630851746
rl4crn_rne_oscillator_trace_8rxn_stop_risksched085to09_lr1e4_entropy005_s4_c1_rnetol_d256_depth3_p20,seed306,306,34,3400,100,16,121.27037814412198,125.9377383777026,121.13141465270003,False,max_epochs,162.431866645813
rl4crn_rne_oscillator_trace_8rxn_stop_risksched085to09_lr1e4_entropy005_s4_c1_rnetol_d256_depth3_p20,seed306,306,35,3500,100,16,121.4090315641731,125.00886218363539,121.13141465270003,False,max_epochs,168.16330432891846
rl4crn_rne_oscillator_trace_8rxn_stop_risksched085to09_lr1e4_entropy005_s4_c1_rnetol_d256_depth3_p20,seed306,306,36,3600,100,16,121.45109457782402,124.24052800718513,121.13141465270003,False,max_epochs,173.35615801811218
rl4crn_rne_oscillator_trace_8rxn_stop_risksched085to09_lr1e4_entropy005_s4_c1_rnetol_d256_depth3_p20,seed306,306,37,3700,100,16,121.11976339387712,125.28279271129486,121.11976339387712,False,max_epochs,178.7030987739563
rl4crn_rne_oscillator_trace_8rxn_stop_risksched085to09_lr1e4_entropy005_s4_c1_rnetol_d256_depth3_p20,seed306,306,38,3800,100,16,121.16344130696588,125.58321561163561,121.11976339387712,False,max_epochs,183.71057748794556
rl4crn_rne_oscillator_trace_8rxn_stop_risksched085to09_lr1e4_entropy005_s4_c1_rnetol_d256_depth3_p20,seed306,306,39,3900,100,16,121.0884224027302,124.27113609538077,121.0884224027302,False,max_epochs,189.20364260673523
rl4crn_rne_oscillator_trace_8rxn_stop_risksched085to09_lr1e4_entropy005_s4_c1_rnetol_d256_depth3_p20,seed306,306,40,4000,100,16,120.93533841210059,126.86595740574305,120.93533841210059,False,max_epochs,194.41729640960693
rl4crn_rne_oscillator_trace_8rxn_stop_risksched085to09_lr1e4_entropy005_s4_c1_rnetol_d256_depth3_p20,seed306,306,41,4100,100,16,120.79553088605925,125.6458830671406,120.79553088605925,False,max_epochs,199.69137978553772
rl4crn_rne_oscillator_trace_8rxn_stop_risksched085to09_lr1e4_entropy005_s4_c1_rnetol_d256_depth3_p20,seed306,306,42,4200,100,16,121.02646707523385,126.6710694836944,120.79553088605925,False,max_epochs,204.44973063468933
rl4crn_rne_oscillator_trace_8rxn_stop_risksched085to09_lr1e4_entropy005_s4_c1_rnetol_d256_depth3_p20,seed306,306,43,4300,100,16,120.77018950756701,127.73960992119362,120.77018950756701,False,max_epochs,209.42097640037537
rl4crn_rne_oscillator_trace_8rxn_stop_risksched085to09_lr1e4_entropy005_s4_c1_rnetol_d256_depth3_p20,seed306,306,44,4400,100,16,120.90760545896967,126.75456880439057,120.77018950756701,False,max_epochs,213.3325629234314
rl4crn_rne_oscillator_trace_8rxn_stop_risksched085to09_lr1e4_entropy005_s4_c1_rnetol_d256_depth3_p20,seed306,306,45,4500,100,16,120.90797134810984,125.74352021871219,120.77018950756701,False,max_epochs,216.44000053405762
rl4crn_rne_oscillator_trace_8rxn_stop_risksched085to09_lr1e4_entropy005_s4_c1_rnetol_d256_depth3_p20,seed306,306,46,4600,100,16,120.65053859796257,126.79490350723464,120.65053859796257,False,max_epochs,221.267982006073
rl4crn_rne_oscillator_trace_8rxn_stop_risksched085to09_lr1e4_entropy005_s4_c1_rnetol_d256_depth3_p20,seed306,306,47,4700,100,16,121.12003561788718,124.37416586008618,120.65053859796257,False,max_epochs,226.49454498291016
rl4crn_rne_oscillator_trace_8rxn_stop_risksched085to09_lr1e4_entropy005_s4_c1_rnetol_d256_depth3_p20,seed306,306,48,4800,100,16,120.94835841011488,124.49322339902386,120.65053859796257,False,max_epochs,231.60715579986572
rl4crn_rne_oscillator_trace_8rxn_stop_risksched085to09_lr1e4_entropy005_s4_c1_rnetol_d256_depth3_p20,seed306,306,49,4900,100,16,120.74336412681335,124.45111613649658,120.65053859796257,False,max_epochs,236.34134078025818
rl4crn_rne_oscillator_trace_8rxn_stop_risksched085to09_lr1e4_entropy005_s4_c1_rnetol_d256_depth3_p20,seed306,306,50,5000,100,16,120.86204617636997,125.39003490164727,120.65053859796257,False,max_epochs,238.8514518737793
rl4crn_rne_oscillator_trace_8rxn_stop_risksched085to09_lr1e4_entropy005_s4_c1_rnetol_d256_depth3_p20,seed306,306,51,5100,100,16,120.74098630625775,126.93343324250216,120.65053859796257,False,max_epochs,243.88725638389587
rl4crn_rne_oscillator_trace_8rxn_stop_risksched085to09_lr1e4_entropy005_s4_c1_rnetol_d256_depth3_p20,seed306,306,52,5200,100,16,119.96074444100236,128.99303973793656,119.96074444100236,False,max_epochs,249.37507438659668
rl4crn_rne_oscillator_trace_8rxn_stop_risksched085to09_lr1e4_entropy005_s4_c1_rnetol_d256_depth3_p20,seed306,306,53,5300,100,16,120.32493688309751,126.69398667376048,119.96074444100236,False,max_epochs,254.7530837059021
rl4crn_rne_oscillator_trace_8rxn_stop_risksched085to09_lr1e4_entropy005_s4_c1_rnetol_d256_depth3_p20,seed306,306,54,5400,100,16,120.71478676428133,127.45314932165135,119.96074444100236,False,max_epochs,260.3171293735504
rl4crn_rne_oscillator_trace_8rxn_stop_risksched085to09_lr1e4_entropy005_s4_c1_rnetol_d256_depth3_p20,seed306,306,55,5500,100,16,120.50731822640581,126.51384768149536,119.96074444100236,False,max_epochs,265.72860169410706
rl4crn_rne_oscillator_trace_8rxn_stop_risksched085to09_lr1e4_entropy005_s4_c1_rnetol_d256_depth3_p20,seed306,306,56,5600,100,16,120.1128410810155,128.31203303521363,119.96074444100236,False,max_epochs,271.47657895088196
rl4crn_rne_oscillator_trace_8rxn_stop_risksched085to09_lr1e4_entropy005_s4_c1_rnetol_d256_depth3_p20,seed306,306,57,5700,100,16,120.5737692029668,132.9544491480438,119.96074444100236,False,max_epochs,276.5663311481476
rl4crn_rne_oscillator_trace_8rxn_stop_risksched085to09_lr1e4_entropy005_s4_c1_rnetol_d256_depth3_p20,seed306,306,58,5800,100,16,120.02023195794942,129.5833940219377,119.96074444100236,False,max_epochs,282.4449644088745
rl4crn_rne_oscillator_trace_8rxn_stop_risksched085to09_lr1e4_entropy005_s4_c1_rnetol_d256_depth3_p20,seed306,306,59,5900,100,16,119.07803237819243,133.8377540167812,119.07803237819243,False,max_epochs,287.3758337497711
rl4crn_rne_oscillator_trace_8rxn_stop_risksched085to09_lr1e4_entropy005_s4_c1_rnetol_d256_depth3_p20,seed306,306,60,6000,100,16,118.3949013501103,132.13130749269553,118.3949013501103,False,max_epochs,292.9734523296356
rl4crn_rne_oscillator_trace_8rxn_stop_risksched085to09_lr1e4_entropy005_s4_c1_rnetol_d256_depth3_p20,seed306,306,61,6100,100,16,118.81627390511069,133.0721575643815,118.3949013501103,False,max_epochs,298.3299877643585
rl4crn_rne_oscillator_trace_8rxn_stop_risksched085to09_lr1e4_entropy005_s4_c1_rnetol_d256_depth3_p20,seed306,306,62,6200,100,16,119.52205581089878,132.18895367282684,118.3949013501103,False,max_epochs,303.79608631134033
rl4crn_rne_oscillator_trace_8rxn_stop_risksched085to09_lr1e4_entropy005_s4_c1_rnetol_d256_depth3_p20,seed306,306,63,6300,100,16,118.44009055087608,130.55174578468177,118.3949013501103,False,max_epochs,309.0062608718872
rl4crn_rne_oscillator_trace_8rxn_stop_risksched085to09_lr1e4_entropy005_s4_c1_rnetol_d256_depth3_p20,seed306,306,64,6400,100,16,119.69332526877882,133.2566935867362,118.3949013501103,False,max_epochs,314.5450391769409
rl4crn_rne_oscillator_trace_8rxn_stop_risksched085to09_lr1e4_entropy005_s4_c1_rnetol_d256_depth3_p20,seed306,306,65,6500,100,16,120.01673050885576,134.0457279480364,118.3949013501103,False,max_epochs,319.74298071861267
rl4crn_rne_oscillator_trace_8rxn_stop_risksched085to09_lr1e4_entropy005_s4_c1_rnetol_d256_depth3_p20,seed306,306,66,6600,100,16,119.65098325449743,129.88065928798483,118.3949013501103,False,max_epochs,325.3628103733063
rl4crn_rne_oscillator_trace_8rxn_stop_risksched085to09_lr1e4_entropy005_s4_c1_rnetol_d256_depth3_p20,seed306,306,67,6700,100,16,119.50662877582913,128.03340024164956,118.3949013501103,False,max_epochs,330.7748911380768
rl4crn_rne_oscillator_trace_8rxn_stop_risksched085to09_lr1e4_entropy005_s4_c1_rnetol_d256_depth3_p20,seed306,306,68,6800,100,16,118.65282841084948,131.41328168008624,118.3949013501103,False,max_epochs,336.51208686828613
rl4crn_rne_oscillator_trace_8rxn_stop_risksched085to09_lr1e4_entropy005_s4_c1_rnetol_d256_depth3_p20,seed306,306,69,6900,100,16,117.19381203143828,130.94836582339067,117.19381203143828,False,max_epochs,341.8607077598572
rl4crn_rne_oscillator_trace_8rxn_stop_risksched085to09_lr1e4_entropy005_s4_c1_rnetol_d256_depth3_p20,seed306,306,70,7000,100,16,115.3086523400943,135.78650039468357,115.3086523400943,False,max_epochs,347.725928068161
rl4crn_rne_oscillator_trace_8rxn_stop_risksched085to09_lr1e4_entropy005_s4_c1_rnetol_d256_depth3_p20,seed306,306,71,7100,100,16,114.1781018445181,135.17338320658905,114.1781018445181,False,max_epochs,352.93189334869385
rl4crn_rne_oscillator_trace_8rxn_stop_risksched085to09_lr1e4_entropy005_s4_c1_rnetol_d256_depth3_p20,seed306,306,72,7200,100,16,118.11051998689267,139.17019788344453,114.1781018445181,False,max_epochs,358.33859968185425
rl4crn_rne_oscillator_trace_8rxn_stop_risksched085to09_lr1e4_entropy005_s4_c1_rnetol_d256_depth3_p20,seed306,306,73,7300,100,16,114.63649712754486,137.80045167230566,114.1781018445181,False,max_epochs,363.6425139904022
rl4crn_rne_oscillator_trace_8rxn_stop_risksched085to09_lr1e4_entropy005_s4_c1_rnetol_d256_depth3_p20,seed306,306,74,7400,100,16,116.16228544159196,138.34694879976033,114.1781018445181,False,max_epochs,369.52962851524353
rl4crn_rne_oscillator_trace_8rxn_stop_risksched085to09_lr1e4_entropy005_s4_c1_rnetol_d256_depth3_p20,seed306,306,75,7500,100,16,115.49310904318529,138.7293244053323,114.1781018445181,False,max_epochs,374.52707958221436
rl4crn_rne_oscillator_trace_8rxn_stop_risksched085to09_lr1e4_entropy005_s4_c1_rnetol_d256_depth3_p20,seed306,306,76,7600,100,16,115.99219923889123,135.07695512475274,114.1781018445181,False,max_epochs,379.78896927833557
rl4crn_rne_oscillator_trace_8rxn_stop_risksched085to09_lr1e4_entropy005_s4_c1_rnetol_d256_depth3_p20,seed306,306,77,7700,100,16,115.45027408695319,134.4231059027253,114.1781018445181,False,max_epochs,384.9805290699005
rl4crn_rne_oscillator_trace_8rxn_stop_risksched085to09_lr1e4_entropy005_s4_c1_rnetol_d256_depth3_p20,seed306,306,78,7800,100,16,114.98042789398988,133.2255036386939,114.1781018445181,False,max_epochs,390.3936445713043
rl4crn_rne_oscillator_trace_8rxn_stop_risksched085to09_lr1e4_entropy005_s4_c1_rnetol_d256_depth3_p20,seed306,306,79,7900,100,16,115.3242562745255,135.60339038448143,114.1781018445181,False,max_epochs,395.1795153617859
rl4crn_rne_oscillator_trace_8rxn_stop_risksched085to09_lr1e4_entropy005_s4_c1_rnetol_d256_depth3_p20,seed306,306,80,8000,100,16,115.7495751222149,132.57492281137047,114.1781018445181,False,max_epochs,400.23417806625366
rl4crn_rne_oscillator_trace_8rxn_stop_risksched085to09_lr1e4_entropy005_s4_c1_rnetol_d256_depth3_p20,seed306,306,81,8100,100,16,113.74031605729036,135.25170435208193,113.74031605729036,False,max_epochs,402.61328387260437
rl4crn_rne_oscillator_trace_8rxn_stop_risksched085to09_lr1e4_entropy005_s4_c1_rnetol_d256_depth3_p20,seed306,306,82,8200,100,16,113.83529620643526,130.13448302983687,113.74031605729036,False,max_epochs,407.46787667274475
rl4crn_rne_oscillator_trace_8rxn_stop_risksched085to09_lr1e4_entropy005_s4_c1_rnetol_d256_depth3_p20,seed306,306,83,8300,100,16,112.91057220671618,134.5950812857488,112.91057220671618,False,max_epochs,412.60427689552307
rl4crn_rne_oscillator_trace_8rxn_stop_risksched085to09_lr1e4_entropy005_s4_c1_rnetol_d256_depth3_p20,seed306,306,84,8400,100,16,112.8175337746833,135.14232226739193,112.8175337746833,False,max_epochs,418.19843077659607
rl4crn_rne_oscillator_trace_8rxn_stop_risksched085to09_lr1e4_entropy005_s4_c1_rnetol_d256_depth3_p20,seed306,306,85,8500,100,16,112.25001307923192,128.60348627322978,112.25001307923192,False,max_epochs,423.3754971027374
rl4crn_rne_oscillator_trace_8rxn_stop_risksched085to09_lr1e4_entropy005_s4_c1_rnetol_d256_depth3_p20,seed306,306,86,8600,100,16,113.0807071983061,137.54105692635324,112.25001307923192,False,max_epochs,429.0264699459076
rl4crn_rne_oscillator_trace_8rxn_stop_risksched085to09_lr1e4_entropy005_s4_c1_rnetol_d256_depth3_p20,seed306,306,87,8700,100,16,114.20018160480407,130.16175735554614,112.25001307923192,False,max_epochs,434.2804853916168
rl4crn_rne_oscillator_trace_8rxn_stop_risksched085to09_lr1e4_entropy005_s4_c1_rnetol_d256_depth3_p20,seed306,306,88,8800,100,16,113.67932125552322,133.68302637515706,112.25001307923192,False,max_epochs,439.6521453857422
rl4crn_rne_oscillator_trace_8rxn_stop_risksched085to09_lr1e4_entropy005_s4_c1_rnetol_d256_depth3_p20,seed306,306,89,8900,100,16,114.1790698416605,136.10478820375278,112.25001307923192,False,max_epochs,444.4369604587555
rl4crn_rne_oscillator_trace_8rxn_stop_risksched085to09_lr1e4_entropy005_s4_c1_rnetol_d256_depth3_p20,seed306,306,90,9000,100,16,111.5001544802696,136.80183471196787,111.5001544802696,False,max_epochs,449.4657635688782
rl4crn_rne_oscillator_trace_8rxn_stop_risksched085to09_lr1e4_entropy005_s4_c1_rnetol_d256_depth3_p20,seed306,306,91,9100,100,16,112.69400766989222,128.12850373733664,111.5001544802696,False,max_epochs,453.38629698753357
rl4crn_rne_oscillator_trace_8rxn_stop_risksched085to09_lr1e4_entropy005_s4_c1_rnetol_d256_depth3_p20,seed306,306,92,9200,100,16,112.07394179451926,130.6645013039626,111.5001544802696,False,max_epochs,456.7356240749359
rl4crn_rne_oscillator_trace_8rxn_stop_risksched085to09_lr1e4_entropy005_s4_c1_rnetol_d256_depth3_p20,seed306,306,93,9300,100,16,111.89805190577682,127.51132760984117,111.5001544802696,False,max_epochs,461.915070772171
rl4crn_rne_oscillator_trace_8rxn_stop_risksched085to09_lr1e4_entropy005_s4_c1_rnetol_d256_depth3_p20,seed306,306,94,9400,100,16,112.49796209929147,122.46695243312044,111.5001544802696,False,max_epochs,467.2211229801178
rl4crn_rne_oscillator_trace_8rxn_stop_risksched085to09_lr1e4_entropy005_s4_c1_rnetol_d256_depth3_p20,seed306,306,95,9500,100,16,111.03120029696343,120.35411816491052,111.03120029696343,False,max_epochs,472.56243109703064
rl4crn_rne_oscillator_trace_8rxn_stop_risksched085to09_lr1e4_entropy005_s4_c1_rnetol_d256_depth3_p20,seed306,306,96,9600,100,16,112.68495899640924,124.97407134113985,111.03120029696343,False,max_epochs,477.85206747055054
rl4crn_rne_oscillator_trace_8rxn_stop_risksched085to09_lr1e4_entropy005_s4_c1_rnetol_d256_depth3_p20,seed306,306,97,9700,100,16,112.07719419273977,124.99939619799753,111.03120029696343,False,max_epochs,483.269424200058
rl4crn_rne_oscillator_trace_8rxn_stop_risksched085to09_lr1e4_entropy005_s4_c1_rnetol_d256_depth3_p20,seed306,306,98,9800,100,16,111.46167175793744,121.27994149786076,111.03120029696343,False,max_epochs,489.06606912612915
rl4crn_rne_oscillator_trace_8rxn_stop_risksched085to09_lr1e4_entropy005_s4_c1_rnetol_d256_depth3_p20,seed306,306,99,9900,100,16,112.02387351366032,127.46767177225414,111.03120029696343,False,max_epochs,494.10890555381775
rl4crn_rne_oscillator_trace_8rxn_stop_risksched085to09_lr1e4_entropy005_s4_c1_rnetol_d256_depth3_p20,seed306,306,100,10000,100,16,112.37042757497971,124.05805481389648,111.03120029696343,False,max_epochs,499.9073486328125
rl4crn_rne_oscillator_trace_8rxn_stop_risksched085to09_lr1e4_entropy005_s4_c1_rnetol_d256_depth3_p20,seed306,306,101,10100,100,16,111.0098563646504,133.8494523971744,111.0098563646504,False,max_epochs,505.3204736709595
rl4crn_rne_oscillator_trace_8rxn_stop_risksched085to09_lr1e4_entropy005_s4_c1_rnetol_d256_depth3_p20,seed306,306,102,10200,100,16,111.48855356029352,126.83326076803925,111.0098563646504,False,max_epochs,511.2885117530823
rl4crn_rne_oscillator_trace_8rxn_stop_risksched085to09_lr1e4_entropy005_s4_c1_rnetol_d256_depth3_p20,seed306,306,103,10300,100,16,111.59089331861972,127.42688531228413,111.0098563646504,False,max_epochs,516.7425467967987
rl4crn_rne_oscillator_trace_8rxn_stop_risksched085to09_lr1e4_entropy005_s4_c1_rnetol_d256_depth3_p20,seed306,306,104,10400,100,16,111.52757907407548,123.64301716376394,111.0098563646504,False,max_epochs,521.9979512691498
rl4crn_rne_oscillator_trace_8rxn_stop_risksched085to09_lr1e4_entropy005_s4_c1_rnetol_d256_depth3_p20,seed306,306,105,10500,100,16,111.06934481183067,118.9631656179115,111.0098563646504,False,max_epochs,527.5482723712921
rl4crn_rne_oscillator_trace_8rxn_stop_risksched085to09_lr1e4_entropy005_s4_c1_rnetol_d256_depth3_p20,seed306,306,106,10600,100,16,111.08922599465188,122.3892639798463,111.0098563646504,False,max_epochs,533.3067080974579
rl4crn_rne_oscillator_trace_8rxn_stop_risksched085to09_lr1e4_entropy005_s4_c1_rnetol_d256_depth3_p20,seed306,306,107,10700,100,16,111.38095657168643,122.2741916910094,111.0098563646504,False,max_epochs,538.6730244159698
rl4crn_rne_oscillator_trace_8rxn_stop_risksched085to09_lr1e4_entropy005_s4_c1_rnetol_d256_depth3_p20,seed306,306,108,10800,100,16,111.09120247808568,131.88324192254478,111.0098563646504,False,max_epochs,543.4599378108978
rl4crn_rne_oscillator_trace_8rxn_stop_risksched085to09_lr1e4_entropy005_s4_c1_rnetol_d256_depth3_p20,seed306,306,109,10900,100,16,111.29267488425641,123.1503031126787,111.0098563646504,False,max_epochs,548.5888071060181
rl4crn_rne_oscillator_trace_8rxn_stop_risksched085to09_lr1e4_entropy005_s4_c1_rnetol_d256_depth3_p20,seed306,306,110,11000,100,16,111.37652055939662,124.13009785217443,111.0098563646504,False,max_epochs,550.8954246044159
rl4crn_rne_oscillator_trace_8rxn_stop_risksched085to09_lr1e4_entropy005_s4_c1_rnetol_d256_depth3_p20,seed306,306,111,11100,100,16,111.28808154494983,126.41028537727024,111.0098563646504,False,max_epochs,555.556398153305
rl4crn_rne_oscillator_trace_8rxn_stop_risksched085to09_lr1e4_entropy005_s4_c1_rnetol_d256_depth3_p20,seed306,306,112,11200,100,16,111.03284119639447,121.10287733093182,111.0098563646504,False,max_epochs,561.1594886779785
rl4crn_rne_oscillator_trace_8rxn_stop_risksched085to09_lr1e4_entropy005_s4_c1_rnetol_d256_depth3_p20,seed306,306,113,11300,100,16,111.1836634374912,120.60940426437703,111.0098563646504,False,max_epochs,566.3548173904419
rl4crn_rne_oscillator_trace_8rxn_stop_risksched085to09_lr1e4_entropy005_s4_c1_rnetol_d256_depth3_p20,seed306,306,114,11400,100,16,111.04721170456426,119.87133359236289,111.0098563646504,False,max_epochs,571.6782703399658
rl4crn_rne_oscillator_trace_8rxn_stop_risksched085to09_lr1e4_entropy005_s4_c1_rnetol_d256_depth3_p20,seed306,306,115,11500,100,16,111.3984902477466,120.56642972245712,111.0098563646504,False,max_epochs,577.2130715847015
rl4crn_rne_oscillator_trace_8rxn_stop_risksched085to09_lr1e4_entropy005_s4_c1_rnetol_d256_depth3_p20,seed306,306,116,11600,100,16,111.37724831019808,121.1232319829308,111.0098563646504,False,max_epochs,582.8238134384155
rl4crn_rne_oscillator_trace_8rxn_stop_risksched085to09_lr1e4_entropy005_s4_c1_rnetol_d256_depth3_p20,seed306,306,117,11700,100,16,111.39884742668272,119.44417601414666,111.0098563646504,False,max_epochs,588.0090446472168
rl4crn_rne_oscillator_trace_8rxn_stop_risksched085to09_lr1e4_entropy005_s4_c1_rnetol_d256_depth3_p20,seed306,306,118,11800,100,16,111.22397258931748,117.79310798596417,111.0098563646504,False,max_epochs,593.6549060344696
rl4crn_rne_oscillator_trace_8rxn_stop_risksched085to09_lr1e4_entropy005_s4_c1_rnetol_d256_depth3_p20,seed306,306,119,11900,100,16,111.01104670110364,119.71781419204987,111.0098563646504,False,max_epochs,598.8177509307861
rl4crn_rne_oscillator_trace_8rxn_stop_risksched085to09_lr1e4_entropy005_s4_c1_rnetol_d256_depth3_p20,seed306,306,120,12000,100,16,111.05021839802828,119.07416556172677,111.0098563646504,False,max_epochs,604.3203451633453
rl4crn_rne_oscillator_trace_8rxn_stop_risksched085to09_lr1e4_entropy005_s4_c1_rnetol_d256_depth3_p20,seed306,306,121,12100,100,16,111.24144285051949,120.80985275389122,111.0098563646504,False,max_epochs,609.6225779056549
rl4crn_rne_oscillator_trace_8rxn_stop_risksched085to09_lr1e4_entropy005_s4_c1_rnetol_d256_depth3_p20,seed306,306,122,12200,100,16,111.13904286659897,124.55750075652708,111.0098563646504,False,max_epochs,615.2392330169678
rl4crn_rne_oscillator_trace_8rxn_stop_risksched085to09_lr1e4_entropy005_s4_c1_rnetol_d256_depth3_p20,seed306,306,123,12300,100,16,111.45041184690545,120.10545505189873,111.0098563646504,False,max_epochs,620.4732935428619
rl4crn_rne_oscillator_trace_8rxn_stop_risksched085to09_lr1e4_entropy005_s4_c1_rnetol_d256_depth3_p20,seed306,306,124,12400,100,16,111.07683464503623,118.08453514215378,111.0098563646504,False,max_epochs,626.2046666145325
rl4crn_rne_oscillator_trace_8rxn_stop_risksched085to09_lr1e4_entropy005_s4_c1_rnetol_d256_depth3_p20,seed306,306,125,12500,100,16,111.2750043044875,117.74155865102998,111.0098563646504,False,max_epochs,631.2849545478821
rl4crn_rne_oscillator_trace_8rxn_stop_risksched085to09_lr1e4_entropy005_s4_c1_rnetol_d256_depth3_p20,seed306,306,126,12600,100,16,111.15500776227898,118.97129546336436,111.0098563646504,False,max_epochs,636.5028140544891
rl4crn_rne_oscillator_trace_8rxn_stop_risksched085to09_lr1e4_entropy005_s4_c1_rnetol_d256_depth3_p20,seed306,306,127,12700,100,16,111.179686196452,119.17634489457905,111.0098563646504,False,max_epochs,641.247772693634
rl4crn_rne_oscillator_trace_8rxn_stop_risksched085to09_lr1e4_entropy005_s4_c1_rnetol_d256_depth3_p20,seed306,306,128,12800,100,16,110.87909203755035,119.7566720283753,110.87909203755035,False,max_epochs,645.2760300636292
rl4crn_rne_oscillator_trace_8rxn_stop_risksched085to09_lr1e4_entropy005_s4_c1_rnetol_d256_depth3_p20,seed306,306,129,12900,100,16,111.39865878551711,120.39934356719056,110.87909203755035,False,max_epochs,648.1337285041809
rl4crn_rne_oscillator_trace_8rxn_stop_risksched085to09_lr1e4_entropy005_s4_c1_rnetol_d256_depth3_p20,seed306,306,130,13000,100,16,111.30876217727881,118.90127583784042,110.87909203755035,False,max_epochs,653.65638256073
rl4crn_rne_oscillator_trace_8rxn_stop_risksched085to09_lr1e4_entropy005_s4_c1_rnetol_d256_depth3_p20,seed306,306,131,13100,100,16,110.97886318448741,119.30201026848502,110.87909203755035,False,max_epochs,658.5763576030731
rl4crn_rne_oscillator_trace_8rxn_stop_risksched085to09_lr1e4_entropy005_s4_c1_rnetol_d256_depth3_p20,seed306,306,132,13200,100,16,111.3371077562008,117.453419816832,110.87909203755035,False,max_epochs,663.6130876541138
rl4crn_rne_oscillator_trace_8rxn_stop_risksched085to09_lr1e4_entropy005_s4_c1_rnetol_d256_depth3_p20,seed306,306,133,13300,100,16,111.00577403694417,116.8707860724394,110.87909203755035,False,max_epochs,668.6964604854584
rl4crn_rne_oscillator_trace_8rxn_stop_risksched085to09_lr1e4_entropy005_s4_c1_rnetol_d256_depth3_p20,seed306,306,134,13400,100,16,111.00738645146849,116.25981481452398,110.87909203755035,False,max_epochs,673.3809571266174
rl4crn_rne_oscillator_trace_8rxn_stop_risksched085to09_lr1e4_entropy005_s4_c1_rnetol_d256_depth3_p20,seed306,306,135,13500,100,16,111.04996741206529,117.04891678381199,110.87909203755035,False,max_epochs,678.3691215515137
rl4crn_rne_oscillator_trace_8rxn_stop_risksched085to09_lr1e4_entropy005_s4_c1_rnetol_d256_depth3_p20,seed306,306,136,13600,100,16,111.05424224050124,117.29536180892535,110.87909203755035,False,max_epochs,680.7058336734772
rl4crn_rne_oscillator_trace_8rxn_stop_risksched085to09_lr1e4_entropy005_s4_c1_rnetol_d256_depth3_p20,seed306,306,137,13700,100,16,111.45746700778618,117.11978792299394,110.87909203755035,False,max_epochs,685.5755443572998
rl4crn_rne_oscillator_trace_8rxn_stop_risksched085to09_lr1e4_entropy005_s4_c1_rnetol_d256_depth3_p20,seed306,306,138,13800,100,16,111.22729101287939,115.7065943849467,110.87909203755035,False,max_epochs,690.6959059238434
rl4crn_rne_oscillator_trace_8rxn_stop_risksched085to09_lr1e4_entropy005_s4_c1_rnetol_d256_depth3_p20,seed306,306,139,13900,100,16,111.10219940766372,117.47464861832226,110.87909203755035,False,max_epochs,695.9728465080261
rl4crn_rne_oscillator_trace_8rxn_stop_risksched085to09_lr1e4_entropy005_s4_c1_rnetol_d256_depth3_p20,seed306,306,140,14000,100,16,111.64511543546345,116.83416903781715,110.87909203755035,False,max_epochs,700.9230737686157
rl4crn_rne_oscillator_trace_8rxn_stop_risksched085to09_lr1e4_entropy005_s4_c1_rnetol_d256_depth3_p20,seed306,306,141,14100,100,16,111.06875791785453,118.2620323399394,110.87909203755035,False,max_epochs,705.6674938201904
rl4crn_rne_oscillator_trace_8rxn_stop_risksched085to09_lr1e4_entropy005_s4_c1_rnetol_d256_depth3_p20,seed306,306,142,14200,100,16,111.2518520712201,114.89321808370394,110.87909203755035,False,max_epochs,707.9834487438202
rl4crn_rne_oscillator_trace_8rxn_stop_risksched085to09_lr1e4_entropy005_s4_c1_rnetol_d256_depth3_p20,seed306,306,143,14300,100,16,110.92547062602948,115.75572084260037,110.87909203755035,False,max_epochs,712.8488442897797
rl4crn_rne_oscillator_trace_8rxn_stop_risksched085to09_lr1e4_entropy005_s4_c1_rnetol_d256_depth3_p20,seed306,306,144,14400,100,16,111.47447605729646,119.6805256438116,110.87909203755035,False,max_epochs,718.3213875293732
rl4crn_rne_oscillator_trace_8rxn_stop_risksched085to09_lr1e4_entropy005_s4_c1_rnetol_d256_depth3_p20,seed306,306,145,14500,100,16,111.5082204757671,120.18148916874944,110.87909203755035,False,max_epochs,723.2222139835358
rl4crn_rne_oscillator_trace_8rxn_stop_risksched085to09_lr1e4_entropy005_s4_c1_rnetol_d256_depth3_p20,seed306,306,146,14600,100,16,111.46738488916655,120.7831779828511,110.87909203755035,False,max_epochs,728.1025774478912
rl4crn_rne_oscillator_trace_8rxn_stop_risksched085to09_lr1e4_entropy005_s4_c1_rnetol_d256_depth3_p20,seed306,306,147,14700,100,16,110.98189961676242,117.96217453555863,110.87909203755035,False,max_epochs,733.1734099388123
rl4crn_rne_oscillator_trace_8rxn_stop_risksched085to09_lr1e4_entropy005_s4_c1_rnetol_d256_depth3_p20,seed306,306,148,14800,100,16,111.43903501788046,117.42401398856157,110.87909203755035,False,max_epochs,735.6441192626953
rl4crn_rne_oscillator_trace_8rxn_stop_risksched085to09_lr1e4_entropy005_s4_c1_rnetol_d256_depth3_p20,seed306,306,149,14900,100,16,111.12684395874405,118.61170370073039,110.87909203755035,False,max_epochs,740.3447210788727
rl4crn_rne_oscillator_trace_8rxn_stop_risksched085to09_lr1e4_entropy005_s4_c1_rnetol_d256_depth3_p20,seed306,306,150,15000,100,16,110.78902036549755,115.65199822556212,110.78902036549755,False,max_epochs,745.9404385089874
rl4crn_rne_oscillator_trace_8rxn_stop_risksched085to09_lr1e4_entropy005_s4_c1_rnetol_d256_depth3_p20,seed306,306,151,15100,100,16,111.20073727938075,118.86291744567782,110.78902036549755,False,max_epochs,751.0633635520935
rl4crn_rne_oscillator_trace_8rxn_stop_risksched085to09_lr1e4_entropy005_s4_c1_rnetol_d256_depth3_p20,seed306,306,152,15200,100,16,110.84224844740332,119.9875316766884,110.78902036549755,False,max_epochs,756.1240379810333
rl4crn_rne_oscillator_trace_8rxn_stop_risksched085to09_lr1e4_entropy005_s4_c1_rnetol_d256_depth3_p20,seed306,306,153,15300,100,16,111.362611285148,120.22820276934102,110.78902036549755,False,max_epochs,761.0710961818695
rl4crn_rne_oscillator_trace_8rxn_stop_risksched085to09_lr1e4_entropy005_s4_c1_rnetol_d256_depth3_p20,seed306,306,154,15400,100,16,111.53218156397054,118.23653195371568,110.78902036549755,False,max_epochs,765.5983335971832
rl4crn_rne_oscillator_trace_8rxn_stop_risksched085to09_lr1e4_entropy005_s4_c1_rnetol_d256_depth3_p20,seed306,306,155,15500,100,16,111.37652974565037,118.93884065752752,110.78902036549755,False,max_epochs,769.2914710044861
rl4crn_rne_oscillator_trace_8rxn_stop_risksched085to09_lr1e4_entropy005_s4_c1_rnetol_d256_depth3_p20,seed306,306,156,15600,100,16,111.52300230902745,118.20126425816349,110.78902036549755,False,max_epochs,772.7661619186401
rl4crn_rne_oscillator_trace_8rxn_stop_risksched085to09_lr1e4_entropy005_s4_c1_rnetol_d256_depth3_p20,seed306,306,157,15700,100,16,111.63708687170362,117.36524179815163,110.78902036549755,False,max_epochs,777.7893106937408
rl4crn_rne_oscillator_trace_8rxn_stop_risksched085to09_lr1e4_entropy005_s4_c1_rnetol_d256_depth3_p20,seed306,306,158,15800,100,16,111.3862549336185,117.36707294445317,110.78902036549755,False,max_epochs,782.9593238830566
rl4crn_rne_oscillator_trace_8rxn_stop_risksched085to09_lr1e4_entropy005_s4_c1_rnetol_d256_depth3_p20,seed306,306,159,15900,100,16,111.24985218128899,115.53707526100465,110.78902036549755,False,max_epochs,787.9196934700012
rl4crn_rne_oscillator_trace_8rxn_stop_risksched085to09_lr1e4_entropy005_s4_c1_rnetol_d256_depth3_p20,seed306,306,160,16000,100,16,111.33659106980105,117.01463514937575,110.78902036549755,False,max_epochs,792.8620734214783
rl4crn_rne_oscillator_trace_8rxn_stop_risksched085to09_lr1e4_entropy005_s4_c1_rnetol_d256_depth3_p20,seed306,306,161,16100,100,16,110.87327660699191,117.02007716772653,110.78902036549755,False,max_epochs,797.7826912403107
rl4crn_rne_oscillator_trace_8rxn_stop_risksched085to09_lr1e4_entropy005_s4_c1_rnetol_d256_depth3_p20,seed306,306,162,16200,100,16,111.01031170740887,115.26508256674245,110.78902036549755,False,max_epochs,800.0594182014465
rl4crn_rne_oscillator_trace_8rxn_stop_risksched085to09_lr1e4_entropy005_s4_c1_rnetol_d256_depth3_p20,seed306,306,163,16300,100,16,111.20188216550086,117.42205895314567,110.78902036549755,False,max_epochs,805.1152212619781
rl4crn_rne_oscillator_trace_8rxn_stop_risksched085to09_lr1e4_entropy005_s4_c1_rnetol_d256_depth3_p20,seed306,306,164,16400,100,16,110.96587240226376,114.68782628355741,110.78902036549755,False,max_epochs,810.2174937725067
rl4crn_rne_oscillator_trace_8rxn_stop_risksched085to09_lr1e4_entropy005_s4_c1_rnetol_d256_depth3_p20,seed306,306,165,16500,100,16,111.22134774680971,115.11226327545195,110.78902036549755,False,max_epochs,815.5140926837921
rl4crn_rne_oscillator_trace_8rxn_stop_risksched085to09_lr1e4_entropy005_s4_c1_rnetol_d256_depth3_p20,seed306,306,166,16600,100,16,111.1811906139437,118.79829368244644,110.78902036549755,False,max_epochs,820.4965102672577
rl4crn_rne_oscillator_trace_8rxn_stop_risksched085to09_lr1e4_entropy005_s4_c1_rnetol_d256_depth3_p20,seed306,306,167,16700,100,16,111.0294322848215,116.91330679760264,110.78902036549755,False,max_epochs,825.4577617645264
rl4crn_rne_oscillator_trace_8rxn_stop_risksched085to09_lr1e4_entropy005_s4_c1_rnetol_d256_depth3_p20,seed306,306,168,16800,100,16,110.9163334401638,115.39583953873944,110.78902036549755,False,max_epochs,827.705605506897
rl4crn_rne_oscillator_trace_8rxn_stop_risksched085to09_lr1e4_entropy005_s4_c1_rnetol_d256_depth3_p20,seed306,306,169,16900,100,16,111.12510155051442,114.50995712058858,110.78902036549755,False,max_epochs,832.4409818649292
rl4crn_rne_oscillator_trace_8rxn_stop_risksched085to09_lr1e4_entropy005_s4_c1_rnetol_d256_depth3_p20,seed306,306,170,17000,100,16,111.37778860479419,116.40597385805413,110.78902036549755,False,max_epochs,837.8335433006287
rl4crn_rne_oscillator_trace_8rxn_stop_risksched085to09_lr1e4_entropy005_s4_c1_rnetol_d256_depth3_p20,seed306,306,171,17100,100,16,111.1627707545814,116.64563511588085,110.78902036549755,False,max_epochs,843.1968007087708
rl4crn_rne_oscillator_trace_8rxn_stop_risksched085to09_lr1e4_entropy005_s4_c1_rnetol_d256_depth3_p20,seed306,306,172,17200,100,16,110.81810838610373,117.2740273144984,110.78902036549755,False,max_epochs,848.4333143234253
rl4crn_rne_oscillator_trace_8rxn_stop_risksched085to09_lr1e4_entropy005_s4_c1_rnetol_d256_depth3_p20,seed306,306,173,17300,100,16,111.18805343337547,117.47506854315566,110.78902036549755,False,max_epochs,853.8499889373779
rl4crn_rne_oscillator_trace_8rxn_stop_risksched085to09_lr1e4_entropy005_s4_c1_rnetol_d256_depth3_p20,seed306,306,174,17400,100,16,111.23814179773444,115.99873753386501,110.78902036549755,False,max_epochs,859.1562600135803
rl4crn_rne_oscillator_trace_8rxn_stop_risksched085to09_lr1e4_entropy005_s4_c1_rnetol_d256_depth3_p20,seed306,306,175,17500,100,16,111.41898104358312,116.79488808471837,110.78902036549755,False,max_epochs,864.3623671531677
rl4crn_rne_oscillator_trace_8rxn_stop_risksched085to09_lr1e4_entropy005_s4_c1_rnetol_d256_depth3_p20,seed306,306,176,17600,100,16,111.3072215204094,117.95223132095728,110.78902036549755,False,max_epochs,869.5806908607483
rl4crn_rne_oscillator_trace_8rxn_stop_risksched085to09_lr1e4_entropy005_s4_c1_rnetol_d256_depth3_p20,seed306,306,177,17700,100,16,111.07616321884191,117.43277424687449,110.78902036549755,False,max_epochs,874.6332123279572
rl4crn_rne_oscillator_trace_8rxn_stop_risksched085to09_lr1e4_entropy005_s4_c1_rnetol_d256_depth3_p20,seed306,306,178,17800,100,16,111.0739930217579,115.56343036680637,110.78902036549755,False,max_epochs,879.000165939331
rl4crn_rne_oscillator_trace_8rxn_stop_risksched085to09_lr1e4_entropy005_s4_c1_rnetol_d256_depth3_p20,seed306,306,179,17900,100,16,110.9977062883325,114.59193465007125,110.78902036549755,False,max_epochs,881.9008922576904
rl4crn_rne_oscillator_trace_8rxn_stop_risksched085to09_lr1e4_entropy005_s4_c1_rnetol_d256_depth3_p20,seed306,306,180,18000,100,16,110.89085297197533,114.59153288889902,110.78902036549755,False,max_epochs,887.1914348602295
rl4crn_rne_oscillator_trace_8rxn_stop_risksched085to09_lr1e4_entropy005_s4_c1_rnetol_d256_depth3_p20,seed306,306,181,18100,100,16,111.09751804851855,116.11102789855707,110.78902036549755,False,max_epochs,892.8285057544708
rl4crn_rne_oscillator_trace_8rxn_stop_risksched085to09_lr1e4_entropy005_s4_c1_rnetol_d256_depth3_p20,seed306,306,182,18200,100,16,111.22746936124067,116.93465188202848,110.78902036549755,False,max_epochs,898.0652477741241
rl4crn_rne_oscillator_trace_8rxn_stop_risksched085to09_lr1e4_entropy005_s4_c1_rnetol_d256_depth3_p20,seed306,306,183,18300,100,16,110.89966272397902,114.01707592495555,110.78902036549755,False,max_epochs,903.3869893550873
rl4crn_rne_oscillator_trace_8rxn_stop_risksched085to09_lr1e4_entropy005_s4_c1_rnetol_d256_depth3_p20,seed306,306,184,18400,100,16,111.04971489175601,116.17312240320119,110.78902036549755,False,max_epochs,908.8257319927216
rl4crn_rne_oscillator_trace_8rxn_stop_risksched085to09_lr1e4_entropy005_s4_c1_rnetol_d256_depth3_p20,seed306,306,185,18500,100,16,110.83570878426055,116.19095012039811,110.78902036549755,False,max_epochs,914.6710584163666
rl4crn_rne_oscillator_trace_8rxn_stop_risksched085to09_lr1e4_entropy005_s4_c1_rnetol_d256_depth3_p20,seed306,306,186,18600,100,16,110.99874539836927,114.80188428169897,110.78902036549755,False,max_epochs,919.9500980377197
rl4crn_rne_oscillator_trace_8rxn_stop_risksched085to09_lr1e4_entropy005_s4_c1_rnetol_d256_depth3_p20,seed306,306,187,18700,100,16,110.98998782329895,114.21365113980855,110.78902036549755,False,max_epochs,925.3468081951141
rl4crn_rne_oscillator_trace_8rxn_stop_risksched085to09_lr1e4_entropy005_s4_c1_rnetol_d256_depth3_p20,seed306,306,188,18800,100,16,111.07854219657213,113.84728141126845,110.78902036549755,False,max_epochs,930.542268037796
rl4crn_rne_oscillator_trace_8rxn_stop_risksched085to09_lr1e4_entropy005_s4_c1_rnetol_d256_depth3_p20,seed306,306,189,18900,100,16,110.91399576108213,114.4579599412966,110.78902036549755,False,max_epochs,935.452321767807
rl4crn_rne_oscillator_trace_8rxn_stop_risksched085to09_lr1e4_entropy005_s4_c1_rnetol_d256_depth3_p20,seed306,306,190,19000,100,16,111.05575936392997,113.69349343918128,110.78902036549755,False,max_epochs,940.3784878253937
rl4crn_rne_oscillator_trace_8rxn_stop_risksched085to09_lr1e4_entropy005_s4_c1_rnetol_d256_depth3_p20,seed306,306,191,19100,100,16,110.97147098195157,114.26472669120113,110.78902036549755,False,max_epochs,942.8008544445038
rl4crn_rne_oscillator_trace_8rxn_stop_risksched085to09_lr1e4_entropy005_s4_c1_rnetol_d256_depth3_p20,seed306,306,192,19200,100,16,110.91496725325844,114.39072373171999,110.78902036549755,False,max_epochs,947.7694404125214
rl4crn_rne_oscillator_trace_8rxn_stop_risksched085to09_lr1e4_entropy005_s4_c1_rnetol_d256_depth3_p20,seed306,306,193,19300,100,16,110.84465156260278,114.23231509618874,110.78902036549755,False,max_epochs,953.2200226783752
rl4crn_rne_oscillator_trace_8rxn_stop_risksched085to09_lr1e4_entropy005_s4_c1_rnetol_d256_depth3_p20,seed306,306,194,19400,100,16,111.01669450224799,114.60171695751679,110.78902036549755,False,max_epochs,958.165431022644
rl4crn_rne_oscillator_trace_8rxn_stop_risksched085to09_lr1e4_entropy005_s4_c1_rnetol_d256_depth3_p20,seed306,306,195,19500,100,16,111.0952911506401,116.00576024888272,110.78902036549755,False,max_epochs,963.3503608703613
rl4crn_rne_oscillator_trace_8rxn_stop_risksched085to09_lr1e4_entropy005_s4_c1_rnetol_d256_depth3_p20,seed306,306,196,19600,100,16,111.0971561153976,114.85498397723842,110.78902036549755,False,max_epochs,968.0964939594269
rl4crn_rne_oscillator_trace_8rxn_stop_risksched085to09_lr1e4_entropy005_s4_c1_rnetol_d256_depth3_p20,seed306,306,197,19700,100,16,111.02197036695294,114.63439810299589,110.78902036549755,False,max_epochs,970.3379685878754
rl4crn_rne_oscillator_trace_8rxn_stop_risksched085to09_lr1e4_entropy005_s4_c1_rnetol_d256_depth3_p20,seed306,306,198,19800,100,16,110.91237951195468,113.71727509002838,110.78902036549755,False,max_epochs,975.1104583740234
rl4crn_rne_oscillator_trace_8rxn_stop_risksched085to09_lr1e4_entropy005_s4_c1_rnetol_d256_depth3_p20,seed306,306,199,19900,100,16,111.0327833660963,113.8375437016662,110.78902036549755,False,max_epochs,980.8479385375977
rl4crn_rne_oscillator_trace_8rxn_stop_risksched085to09_lr1e4_entropy005_s4_c1_rnetol_d256_depth3_p20,seed306,306,200,20000,100,16,111.10755367450525,114.52811951508602,110.78902036549755,False,max_epochs,986.1806540489197
rl4crn_rne_oscillator_trace_8rxn_stop_risksched085to09_lr1e4_entropy005_s4_c1_rnetol_d256_depth3_p20,seed306,306,201,20100,100,16,111.72328777169515,116.26506276607547,110.78902036549755,False,max_epochs,991.7923457622528
rl4crn_rne_oscillator_trace_8rxn_stop_risksched085to09_lr1e4_entropy005_s4_c1_rnetol_d256_depth3_p20,seed306,306,202,20200,100,16,110.99408814319081,118.1572708107114,110.78902036549755,False,max_epochs,996.9234869480133
rl4crn_rne_oscillator_trace_8rxn_stop_risksched085to09_lr1e4_entropy005_s4_c1_rnetol_d256_depth3_p20,seed306,306,203,20300,100,16,111.00792612525947,115.19608114338268,110.78902036549755,False,max_epochs,1002.2059109210968
rl4crn_rne_oscillator_trace_8rxn_stop_risksched085to09_lr1e4_entropy005_s4_c1_rnetol_d256_depth3_p20,seed306,306,204,20400,100,16,111.00308228036143,115.40169252743446,110.78902036549755,False,max_epochs,1007.6427590847015
rl4crn_rne_oscillator_trace_8rxn_stop_risksched085to09_lr1e4_entropy005_s4_c1_rnetol_d256_depth3_p20,seed306,306,205,20500,100,16,110.79299725942631,114.69544981001243,110.78902036549755,False,max_epochs,1013.3239114284515
rl4crn_rne_oscillator_trace_8rxn_stop_risksched085to09_lr1e4_entropy005_s4_c1_rnetol_d256_depth3_p20,seed306,306,206,20600,100,16,110.94806569141099,115.62441068900065,110.78902036549755,False,max_epochs,1018.8182141780853
rl4crn_rne_oscillator_trace_8rxn_stop_risksched085to09_lr1e4_entropy005_s4_c1_rnetol_d256_depth3_p20,seed306,306,207,20700,100,16,110.92033840417731,115.54417905951414,110.78902036549755,False,max_epochs,1024.2912285327911
rl4crn_rne_oscillator_trace_8rxn_stop_risksched085to09_lr1e4_entropy005_s4_c1_rnetol_d256_depth3_p20,seed306,306,208,20800,100,16,110.85054096462989,116.67283247436235,110.78902036549755,False,max_epochs,1029.702607870102
rl4crn_rne_oscillator_trace_8rxn_stop_risksched085to09_lr1e4_entropy005_s4_c1_rnetol_d256_depth3_p20,seed306,306,209,20900,100,16,110.96647075616748,115.78676565296868,110.78902036549755,False,max_epochs,1034.4125111103058
rl4crn_rne_oscillator_trace_8rxn_stop_risksched085to09_lr1e4_entropy005_s4_c1_rnetol_d256_depth3_p20,seed306,306,210,21000,100,16,110.94784095802896,114.77842501176687,110.78902036549755,False,max_epochs,1039.5998666286469
rl4crn_rne_oscillator_trace_8rxn_stop_risksched085to09_lr1e4_entropy005_s4_c1_rnetol_d256_depth3_p20,seed306,306,211,21100,100,16,111.37098682092834,113.80986868390468,110.78902036549755,False,max_epochs,1041.8561182022095
rl4crn_rne_oscillator_trace_8rxn_stop_risksched085to09_lr1e4_entropy005_s4_c1_rnetol_d256_depth3_p20,seed306,306,212,21200,100,16,110.96543802287798,114.11047009550096,110.78902036549755,False,max_epochs,1046.3820278644562
rl4crn_rne_oscillator_trace_8rxn_stop_risksched085to09_lr1e4_entropy005_s4_c1_rnetol_d256_depth3_p20,seed306,306,213,21300,100,16,110.99841083110621,115.23434945046228,110.78902036549755,False,max_epochs,1051.5404706001282
rl4crn_rne_oscillator_trace_8rxn_stop_risksched085to09_lr1e4_entropy005_s4_c1_rnetol_d256_depth3_p20,seed306,306,214,21400,100,16,111.11459222970707,114.11351543253336,110.78902036549755,False,max_epochs,1056.2203624248505
rl4crn_rne_oscillator_trace_8rxn_stop_risksched085to09_lr1e4_entropy005_s4_c1_rnetol_d256_depth3_p20,seed306,306,215,21500,100,16,111.11640586894234,114.32639301894187,110.78902036549755,False,max_epochs,1061.1985652446747
rl4crn_rne_oscillator_trace_8rxn_stop_risksched085to09_lr1e4_entropy005_s4_c1_rnetol_d256_depth3_p20,seed306,306,216,21600,100,16,110.9091144116603,113.71889302515436,110.78902036549755,False,max_epochs,1063.6654598712921
rl4crn_rne_oscillator_trace_8rxn_stop_risksched085to09_lr1e4_entropy005_s4_c1_rnetol_d256_depth3_p20,seed306,306,217,21700,100,16,110.91520685188034,114.43968427218184,110.78902036549755,False,max_epochs,1068.3163170814514
rl4crn_rne_oscillator_trace_8rxn_stop_risksched085to09_lr1e4_entropy005_s4_c1_rnetol_d256_depth3_p20,seed306,306,218,21800,100,16,110.85652953854583,113.03999975858183,110.78902036549755,False,max_epochs,1073.8098289966583
rl4crn_rne_oscillator_trace_8rxn_stop_risksched085to09_lr1e4_entropy005_s4_c1_rnetol_d256_depth3_p20,seed306,306,219,21900,100,16,110.933789670674,114.33282389360603,110.78902036549755,False,max_epochs,1079.0318026542664
rl4crn_rne_oscillator_trace_8rxn_stop_risksched085to09_lr1e4_entropy005_s4_c1_rnetol_d256_depth3_p20,seed306,306,220,22000,100,16,110.92101482291814,113.75643880305117,110.78902036549755,False,max_epochs,1084.240341424942
rl4crn_rne_oscillator_trace_8rxn_stop_risksched085to09_lr1e4_entropy005_s4_c1_rnetol_d256_depth3_p20,seed306,306,221,22100,100,16,110.9654157710671,113.39401112418331,110.78902036549755,False,max_epochs,1088.9395263195038
rl4crn_rne_oscillator_trace_8rxn_stop_risksched085to09_lr1e4_entropy005_s4_c1_rnetol_d256_depth3_p20,seed306,306,222,22200,100,16,110.99697454563464,113.31784305261402,110.78902036549755,False,max_epochs,1093.9535653591156
rl4crn_rne_oscillator_trace_8rxn_stop_risksched085to09_lr1e4_entropy005_s4_c1_rnetol_d256_depth3_p20,seed306,306,223,22300,100,16,110.94979498404989,113.8844370403154,110.78902036549755,False,max_epochs,1097.330626964569
rl4crn_rne_oscillator_trace_8rxn_stop_risksched085to09_lr1e4_entropy005_s4_c1_rnetol_d256_depth3_p20,seed306,306,224,22400,100,16,110.9306252483172,112.84447086974006,110.78902036549755,False,max_epochs,1101.207973241806
rl4crn_rne_oscillator_trace_8rxn_stop_risksched085to09_lr1e4_entropy005_s4_c1_rnetol_d256_depth3_p20,seed306,306,225,22500,100,16,110.92064462234927,113.24695810169791,110.78902036549755,False,max_epochs,1106.3964414596558
rl4crn_rne_oscillator_trace_8rxn_stop_risksched085to09_lr1e4_entropy005_s4_c1_rnetol_d256_depth3_p20,seed306,306,226,22600,100,16,111.05851591136783,113.46252278507839,110.78902036549755,False,max_epochs,1112.0402822494507
rl4crn_rne_oscillator_trace_8rxn_stop_risksched085to09_lr1e4_entropy005_s4_c1_rnetol_d256_depth3_p20,seed306,306,227,22700,100,16,111.05506860394341,113.7577132372306,110.78902036549755,False,max_epochs,1117.227886915207
rl4crn_rne_oscillator_trace_8rxn_stop_risksched085to09_lr1e4_entropy005_s4_c1_rnetol_d256_depth3_p20,seed306,306,228,22800,100,16,110.89833656075079,114.41638339500794,110.78902036549755,False,max_epochs,1122.5715610980988
rl4crn_rne_oscillator_trace_8rxn_stop_risksched085to09_lr1e4_entropy005_s4_c1_rnetol_d256_depth3_p20,seed306,306,229,22900,100,16,110.93009535112748,113.77149078057874,110.78902036549755,False,max_epochs,1127.809089899063
rl4crn_rne_oscillator_trace_8rxn_stop_risksched085to09_lr1e4_entropy005_s4_c1_rnetol_d256_depth3_p20,seed306,306,230,23000,100,16,111.12192179961275,113.58821248177563,110.78902036549755,False,max_epochs,1133.7264232635498
rl4crn_rne_oscillator_trace_8rxn_stop_risksched085to09_lr1e4_entropy005_s4_c1_rnetol_d256_depth3_p20,seed306,306,231,23100,100,16,110.93817803668323,113.5435290618589,110.78902036549755,False,max_epochs,1139.0854005813599
rl4crn_rne_oscillator_trace_8rxn_stop_risksched085to09_lr1e4_entropy005_s4_c1_rnetol_d256_depth3_p20,seed306,306,232,23200,100,16,111.03171608128781,113.95413744431849,110.78902036549755,False,max_epochs,1144.845633983612
rl4crn_rne_oscillator_trace_8rxn_stop_risksched085to09_lr1e4_entropy005_s4_c1_rnetol_d256_depth3_p20,seed306,306,233,23300,100,16,110.99591836652111,113.91223522987214,110.78902036549755,False,max_epochs,1150.2227618694305
rl4crn_rne_oscillator_trace_8rxn_stop_risksched085to09_lr1e4_entropy005_s4_c1_rnetol_d256_depth3_p20,seed306,306,234,23400,100,16,111.0570370079941,114.01602834431517,110.78902036549755,False,max_epochs,1156.1479001045227
rl4crn_rne_oscillator_trace_8rxn_stop_risksched085to09_lr1e4_entropy005_s4_c1_rnetol_d256_depth3_p20,seed306,306,235,23500,100,16,110.8223180561116,113.39974983951785,110.78902036549755,False,max_epochs,1161.4260578155518
rl4crn_rne_oscillator_trace_8rxn_stop_risksched085to09_lr1e4_entropy005_s4_c1_rnetol_d256_depth3_p20,seed306,306,236,23600,100,16,110.88798817230072,114.12591956261542,110.78902036549755,False,max_epochs,1166.5321714878082
rl4crn_rne_oscillator_trace_8rxn_stop_risksched085to09_lr1e4_entropy005_s4_c1_rnetol_d256_depth3_p20,seed306,306,237,23700,100,16,110.86217565546345,113.84654965114389,110.78902036549755,False,max_epochs,1171.3237471580505
rl4crn_rne_oscillator_trace_8rxn_stop_risksched085to09_lr1e4_entropy005_s4_c1_rnetol_d256_depth3_p20,seed306,306,238,23800,100,16,110.98032932023297,113.46342156053248,110.78902036549755,False,max_epochs,1176.218006849289
rl4crn_rne_oscillator_trace_8rxn_stop_risksched085to09_lr1e4_entropy005_s4_c1_rnetol_d256_depth3_p20,seed306,306,239,23900,100,16,110.97903659569937,113.06839597292546,110.78902036549755,False,max_epochs,1180.0256514549255
rl4crn_rne_oscillator_trace_8rxn_stop_risksched085to09_lr1e4_entropy005_s4_c1_rnetol_d256_depth3_p20,seed306,306,240,24000,100,16,110.9582596944519,113.80930464594108,110.78902036549755,False,max_epochs,1183.2776136398315
rl4crn_rne_oscillator_trace_8rxn_stop_risksched085to09_lr1e4_entropy005_s4_c1_rnetol_d256_depth3_p20,seed306,306,241,24100,100,16,110.98872283733934,113.55005385342912,110.78902036549755,False,max_epochs,1188.4626173973083
rl4crn_rne_oscillator_trace_8rxn_stop_risksched085to09_lr1e4_entropy005_s4_c1_rnetol_d256_depth3_p20,seed306,306,242,24200,100,16,110.9746074032949,113.72264601628609,110.78902036549755,False,max_epochs,1194.3258047103882
rl4crn_rne_oscillator_trace_8rxn_stop_risksched085to09_lr1e4_entropy005_s4_c1_rnetol_d256_depth3_p20,seed306,306,243,24300,100,16,110.85997744269143,113.47337556418235,110.78902036549755,False,max_epochs,1199.314726114273
rl4crn_rne_oscillator_trace_8rxn_stop_risksched085to09_lr1e4_entropy005_s4_c1_rnetol_d256_depth3_p20,seed306,306,244,24400,100,16,110.93975705435624,113.93318413400448,110.78902036549755,False,max_epochs,1204.1771466732025
rl4crn_rne_oscillator_trace_8rxn_stop_risksched085to09_lr1e4_entropy005_s4_c1_rnetol_d256_depth3_p20,seed306,306,245,24500,100,16,110.91956442639503,113.96919954938238,110.78902036549755,False,max_epochs,1209.346025466919
rl4crn_rne_oscillator_trace_8rxn_stop_risksched085to09_lr1e4_entropy005_s4_c1_rnetol_d256_depth3_p20,seed306,306,246,24600,100,16,110.88997778978306,113.99388433492639,110.78902036549755,False,max_epochs,1214.443259716034
rl4crn_rne_oscillator_trace_8rxn_stop_risksched085to09_lr1e4_entropy005_s4_c1_rnetol_d256_depth3_p20,seed306,306,247,24700,100,16,111.01060934608329,113.93390390551342,110.78902036549755,False,max_epochs,1219.1272048950195
rl4crn_rne_oscillator_trace_8rxn_stop_risksched085to09_lr1e4_entropy005_s4_c1_rnetol_d256_depth3_p20,seed306,306,248,24800,100,16,110.90599991691533,113.11551487803115,110.78902036549755,False,max_epochs,1221.5718064308167
rl4crn_rne_oscillator_trace_8rxn_stop_risksched085to09_lr1e4_entropy005_s4_c1_rnetol_d256_depth3_p20,seed306,306,249,24900,100,16,110.82536702957717,114.86804776878819,110.78902036549755,False,max_epochs,1226.50541639328
rl4crn_rne_oscillator_trace_8rxn_stop_risksched085to09_lr1e4_entropy005_s4_c1_rnetol_d256_depth3_p20,seed306,306,250,25000,100,16,111.10964832472409,114.12921000189749,110.78902036549755,False,max_epochs,1231.870707988739
rl4crn_rne_oscillator_trace_8rxn_stop_risksched085to09_lr1e4_entropy005_s4_c1_rnetol_d256_depth3_p20,seed306,306,251,25100,100,16,110.9055358737817,112.6265229968206,110.78902036549755,False,max_epochs,1237.0496106147766
rl4crn_rne_oscillator_trace_8rxn_stop_risksched085to09_lr1e4_entropy005_s4_c1_rnetol_d256_depth3_p20,seed306,306,252,25200,100,16,111.04166705882315,115.38277065375769,110.78902036549755,False,max_epochs,1242.3536653518677
rl4crn_rne_oscillator_trace_8rxn_stop_risksched085to09_lr1e4_entropy005_s4_c1_rnetol_d256_depth3_p20,seed306,306,253,25300,100,16,111.10065086611101,115.70978227703878,110.78902036549755,False,max_epochs,1247.694736480713
rl4crn_rne_oscillator_trace_8rxn_stop_risksched085to09_lr1e4_entropy005_s4_c1_rnetol_d256_depth3_p20,seed306,306,254,25400,100,16,110.96258256139996,114.89672852126591,110.78902036549755,False,max_epochs,1253.3695359230042
rl4crn_rne_oscillator_trace_8rxn_stop_risksched085to09_lr1e4_entropy005_s4_c1_rnetol_d256_depth3_p20,seed306,306,255,25500,100,16,110.95754565382786,113.17052999988042,110.78902036549755,False,max_epochs,1258.511924982071
rl4crn_rne_oscillator_trace_8rxn_stop_risksched085to09_lr1e4_entropy005_s4_c1_rnetol_d256_depth3_p20,seed306,306,256,25600,100,16,110.863597675289,112.98463449501622,110.78902036549755,False,max_epochs,1263.7576758861542
rl4crn_rne_oscillator_trace_8rxn_stop_risksched085to09_lr1e4_entropy005_s4_c1_rnetol_d256_depth3_p20,seed306,306,257,25700,100,16,111.00241510059378,113.12351544734423,110.78902036549755,False,max_epochs,1268.7981553077698
rl4crn_rne_oscillator_trace_8rxn_stop_risksched085to09_lr1e4_entropy005_s4_c1_rnetol_d256_depth3_p20,seed306,306,258,25800,100,16,110.94502807864558,115.15402917863608,110.78902036549755,False,max_epochs,1273.7438824176788
rl4crn_rne_oscillator_trace_8rxn_stop_risksched085to09_lr1e4_entropy005_s4_c1_rnetol_d256_depth3_p20,seed306,306,259,25900,100,16,110.91301901298115,114.3053109202028,110.78902036549755,False,max_epochs,1276.2944085597992
rl4crn_rne_oscillator_trace_8rxn_stop_risksched085to09_lr1e4_entropy005_s4_c1_rnetol_d256_depth3_p20,seed306,306,260,26000,100,16,111.16291995026165,114.14923630667535,110.78902036549755,False,max_epochs,1280.6652297973633
rl4crn_rne_oscillator_trace_8rxn_stop_risksched085to09_lr1e4_entropy005_s4_c1_rnetol_d256_depth3_p20,seed306,306,261,26100,100,16,111.21451272859314,114.37109179891576,110.78902036549755,False,max_epochs,1286.067730665207
rl4crn_rne_oscillator_trace_8rxn_stop_risksched085to09_lr1e4_entropy005_s4_c1_rnetol_d256_depth3_p20,seed306,306,262,26200,100,16,110.94450386268747,114.39747733873534,110.78902036549755,False,max_epochs,1291.568389415741
rl4crn_rne_oscillator_trace_8rxn_stop_risksched085to09_lr1e4_entropy005_s4_c1_rnetol_d256_depth3_p20,seed306,306,263,26300,100,16,111.0755136222616,113.5456674088312,110.78902036549755,False,max_epochs,1296.4081273078918
rl4crn_rne_oscillator_trace_8rxn_stop_risksched085to09_lr1e4_entropy005_s4_c1_rnetol_d256_depth3_p20,seed306,306,264,26400,100,16,110.89244397737508,113.05290719982106,110.78902036549755,False,max_epochs,1301.0125169754028
rl4crn_rne_oscillator_trace_8rxn_stop_risksched085to09_lr1e4_entropy005_s4_c1_rnetol_d256_depth3_p20,seed306,306,265,26500,100,16,111.09565305949027,113.14729081020106,110.78902036549755,False,max_epochs,1305.9344444274902
rl4crn_rne_oscillator_trace_8rxn_stop_risksched085to09_lr1e4_entropy005_s4_c1_rnetol_d256_depth3_p20,seed306,306,266,26600,100,16,110.86141630579071,113.224054774269,110.78902036549755,False,max_epochs,1310.4032666683197
rl4crn_rne_oscillator_trace_8rxn_stop_risksched085to09_lr1e4_entropy005_s4_c1_rnetol_d256_depth3_p20,seed306,306,267,26700,100,16,110.9398454223006,114.85156139741264,110.78902036549755,False,max_epochs,1312.936339855194
rl4crn_rne_oscillator_trace_8rxn_stop_risksched085to09_lr1e4_entropy005_s4_c1_rnetol_d256_depth3_p20,seed306,306,268,26800,100,16,111.0778013121343,113.56845397567966,110.78902036549755,False,max_epochs,1318.4394013881683
rl4crn_rne_oscillator_trace_8rxn_stop_risksched085to09_lr1e4_entropy005_s4_c1_rnetol_d256_depth3_p20,seed306,306,269,26900,100,16,110.84120837415634,113.90066869068556,110.78902036549755,False,max_epochs,1323.4231007099152
rl4crn_rne_oscillator_trace_8rxn_stop_risksched085to09_lr1e4_entropy005_s4_c1_rnetol_d256_depth3_p20,seed306,306,270,27000,100,16,110.9092751626945,113.80321070900837,110.78902036549755,False,max_epochs,1328.4873659610748
rl4crn_rne_oscillator_trace_8rxn_stop_risksched085to09_lr1e4_entropy005_s4_c1_rnetol_d256_depth3_p20,seed306,306,271,27100,100,16,110.99565005936904,113.76058287412035,110.78902036549755,False,max_epochs,1333.604075908661
rl4crn_rne_oscillator_trace_8rxn_stop_risksched085to09_lr1e4_entropy005_s4_c1_rnetol_d256_depth3_p20,seed306,306,272,27200,100,16,110.86986280711028,113.37318836952983,110.78902036549755,False,max_epochs,1339.1875219345093
rl4crn_rne_oscillator_trace_8rxn_stop_risksched085to09_lr1e4_entropy005_s4_c1_rnetol_d256_depth3_p20,seed306,306,273,27300,100,16,110.90014306505064,113.55235841037339,110.78902036549755,False,max_epochs,1344.3974964618683
rl4crn_rne_oscillator_trace_8rxn_stop_risksched085to09_lr1e4_entropy005_s4_c1_rnetol_d256_depth3_p20,seed306,306,274,27400,100,16,110.93644081804365,114.34356333543306,110.78902036549755,False,max_epochs,1349.9196074008942
rl4crn_rne_oscillator_trace_8rxn_stop_risksched085to09_lr1e4_entropy005_s4_c1_rnetol_d256_depth3_p20,seed306,306,275,27500,100,16,110.8837781118043,113.42904060666916,110.78902036549755,False,max_epochs,1354.7569997310638
rl4crn_rne_oscillator_trace_8rxn_stop_risksched085to09_lr1e4_entropy005_s4_c1_rnetol_d256_depth3_p20,seed306,306,276,27600,100,16,110.94364111430946,113.49833565137857,110.78902036549755,False,max_epochs,1359.4719142913818
rl4crn_rne_oscillator_trace_8rxn_stop_risksched085to09_lr1e4_entropy005_s4_c1_rnetol_d256_depth3_p20,seed306,306,277,27700,100,16,111.03197203434614,113.44918100139635,110.78902036549755,False,max_epochs,1362.0326526165009
rl4crn_rne_oscillator_trace_8rxn_stop_risksched085to09_lr1e4_entropy005_s4_c1_rnetol_d256_depth3_p20,seed306,306,278,27800,100,16,111.11848961622728,113.7920337695804,110.78902036549755,False,max_epochs,1367.105473279953
rl4crn_rne_oscillator_trace_8rxn_stop_risksched085to09_lr1e4_entropy005_s4_c1_rnetol_d256_depth3_p20,seed306,306,279,27900,100,16,110.8822426552154,113.27774196968876,110.78902036549755,False,max_epochs,1371.8830816745758
rl4crn_rne_oscillator_trace_8rxn_stop_risksched085to09_lr1e4_entropy005_s4_c1_rnetol_d256_depth3_p20,seed306,306,280,28000,100,16,110.91876788594013,113.81294555148955,110.78902036549755,False,max_epochs,1377.096219778061
rl4crn_rne_oscillator_trace_8rxn_stop_risksched085to09_lr1e4_entropy005_s4_c1_rnetol_d256_depth3_p20,seed306,306,281,28100,100,16,111.04846748037211,114.09642678774188,110.78902036549755,False,max_epochs,1382.37753367424
rl4crn_rne_oscillator_trace_8rxn_stop_risksched085to09_lr1e4_entropy005_s4_c1_rnetol_d256_depth3_p20,seed306,306,282,28200,100,16,110.89587057332048,112.85842831485732,110.78902036549755,False,max_epochs,1387.5551669597626
rl4crn_rne_oscillator_trace_8rxn_stop_risksched085to09_lr1e4_entropy005_s4_c1_rnetol_d256_depth3_p20,seed306,306,283,28300,100,16,111.24945451077895,113.99449590694618,110.78902036549755,False,max_epochs,1392.462694644928
rl4crn_rne_oscillator_trace_8rxn_stop_risksched085to09_lr1e4_entropy005_s4_c1_rnetol_d256_depth3_p20,seed306,306,284,28400,100,16,110.92617421357846,113.94548173727627,110.78902036549755,False,max_epochs,1394.8995003700256
rl4crn_rne_oscillator_trace_8rxn_stop_risksched085to09_lr1e4_entropy005_s4_c1_rnetol_d256_depth3_p20,seed306,306,285,28500,100,16,110.96556611058716,112.6360974184505,110.78902036549755,False,max_epochs,1399.5121493339539
rl4crn_rne_oscillator_trace_8rxn_stop_risksched085to09_lr1e4_entropy005_s4_c1_rnetol_d256_depth3_p20,seed306,306,286,28600,100,16,111.0295026764948,112.69207394252719,110.78902036549755,False,max_epochs,1404.7764129638672
rl4crn_rne_oscillator_trace_8rxn_stop_risksched085to09_lr1e4_entropy005_s4_c1_rnetol_d256_depth3_p20,seed306,306,287,28700,100,16,110.86295596531733,113.19950679969932,110.78902036549755,False,max_epochs,1410.1063120365143
rl4crn_rne_oscillator_trace_8rxn_stop_risksched085to09_lr1e4_entropy005_s4_c1_rnetol_d256_depth3_p20,seed306,306,288,28800,100,16,111.08420021322203,113.99252553198187,110.78902036549755,False,max_epochs,1415.9964640140533
rl4crn_rne_oscillator_trace_8rxn_stop_risksched085to09_lr1e4_entropy005_s4_c1_rnetol_d256_depth3_p20,seed306,306,289,28900,100,16,110.98261434580257,114.49597005701247,110.78902036549755,False,max_epochs,1421.3076810836792
rl4crn_rne_oscillator_trace_8rxn_stop_risksched085to09_lr1e4_entropy005_s4_c1_rnetol_d256_depth3_p20,seed306,306,290,29000,100,16,110.94878353756926,112.82133297502378,110.78902036549755,False,max_epochs,1426.3715109825134
rl4crn_rne_oscillator_trace_8rxn_stop_risksched085to09_lr1e4_entropy005_s4_c1_rnetol_d256_depth3_p20,seed306,306,291,29100,100,16,111.07215811562304,113.41279171001531,110.78902036549755,False,max_epochs,1431.242933511734
rl4crn_rne_oscillator_trace_8rxn_stop_risksched085to09_lr1e4_entropy005_s4_c1_rnetol_d256_depth3_p20,seed306,306,292,29200,100,16,110.834775052937,113.88852418799348,110.78902036549755,False,max_epochs,1433.5332362651825
rl4crn_rne_oscillator_trace_8rxn_stop_risksched085to09_lr1e4_entropy005_s4_c1_rnetol_d256_depth3_p20,seed306,306,293,29300,100,16,110.9769128196251,112.8807723530104,110.78902036549755,False,max_epochs,1438.1077959537506
rl4crn_rne_oscillator_trace_8rxn_stop_risksched085to09_lr1e4_entropy005_s4_c1_rnetol_d256_depth3_p20,seed306,306,294,29400,100,16,110.84495473132732,113.8001431679894,110.78902036549755,False,max_epochs,1443.8617358207703
rl4crn_rne_oscillator_trace_8rxn_stop_risksched085to09_lr1e4_entropy005_s4_c1_rnetol_d256_depth3_p20,seed306,306,295,29500,100,16,110.81802907520589,114.81791511071351,110.78902036549755,False,max_epochs,1449.0028717517853
rl4crn_rne_oscillator_trace_8rxn_stop_risksched085to09_lr1e4_entropy005_s4_c1_rnetol_d256_depth3_p20,seed306,306,296,29600,100,16,111.01451473146615,113.98393034133238,110.78902036549755,False,max_epochs,1454.1888360977173
rl4crn_rne_oscillator_trace_8rxn_stop_risksched085to09_lr1e4_entropy005_s4_c1_rnetol_d256_depth3_p20,seed306,306,297,29700,100,16,111.1267553844454,113.29273261238279,110.78902036549755,False,max_epochs,1459.3600015640259
rl4crn_rne_oscillator_trace_8rxn_stop_risksched085to09_lr1e4_entropy005_s4_c1_rnetol_d256_depth3_p20,seed306,306,298,29800,100,16,110.92832907931137,113.38086830626692,110.78902036549755,False,max_epochs,1464.6849386692047
rl4crn_rne_oscillator_trace_8rxn_stop_risksched085to09_lr1e4_entropy005_s4_c1_rnetol_d256_depth3_p20,seed306,306,299,29900,100,16,110.93535406987868,112.9613943585706,110.78902036549755,False,max_epochs,1469.6674537658691
rl4crn_rne_oscillator_trace_8rxn_stop_risksched085to09_lr1e4_entropy005_s4_c1_rnetol_d256_depth3_p20,seed306,306,300,30000,100,16,110.8705099231187,113.03344684696307,110.78902036549755,False,max_epochs,1474.4128034114838
rl4crn_rne_oscillator_trace_8rxn_stop_risksched085to09_lr1e4_entropy005_s4_c1_rnetol_d256_depth3_p20,seed306,306,301,30100,100,16,110.86833602968979,112.89498591245517,110.78902036549755,False,max_epochs,1476.5411028862
rl4crn_rne_oscillator_trace_8rxn_stop_risksched085to09_lr1e4_entropy005_s4_c1_rnetol_d256_depth3_p20,seed306,306,302,30200,100,16,110.88531374597166,113.36017638076814,110.78902036549755,False,max_epochs,1481.7445240020752
rl4crn_rne_oscillator_trace_8rxn_stop_risksched085to09_lr1e4_entropy005_s4_c1_rnetol_d256_depth3_p20,seed306,306,303,30300,100,16,111.01482828154379,112.55804388306206,110.78902036549755,False,max_epochs,1487.0383703708649
rl4crn_rne_oscillator_trace_8rxn_stop_risksched085to09_lr1e4_entropy005_s4_c1_rnetol_d256_depth3_p20,seed306,306,304,30400,100,16,110.83453136435847,112.94854223043663,110.78902036549755,False,max_epochs,1492.9114305973053
rl4crn_rne_oscillator_trace_8rxn_stop_risksched085to09_lr1e4_entropy005_s4_c1_rnetol_d256_depth3_p20,seed306,306,305,30500,100,16,110.78707897567912,113.10866863237786,110.78707897567912,False,max_epochs,1497.897112607956
rl4crn_rne_oscillator_trace_8rxn_stop_risksched085to09_lr1e4_entropy005_s4_c1_rnetol_d256_depth3_p20,seed306,306,306,30600,100,16,110.94476340543346,112.81859614417539,110.78707897567912,False,max_epochs,1502.745279788971
rl4crn_rne_oscillator_trace_8rxn_stop_risksched085to09_lr1e4_entropy005_s4_c1_rnetol_d256_depth3_p20,seed306,306,307,30700,100,16,111.01860425806987,113.47602559190616,110.78707897567912,False,max_epochs,1507.7719535827637
rl4crn_rne_oscillator_trace_8rxn_stop_risksched085to09_lr1e4_entropy005_s4_c1_rnetol_d256_depth3_p20,seed306,306,308,30800,100,16,110.90122497607206,113.00691416792911,110.78707897567912,False,max_epochs,1510.2454376220703
rl4crn_rne_oscillator_trace_8rxn_stop_risksched085to09_lr1e4_entropy005_s4_c1_rnetol_d256_depth3_p20,seed306,306,309,30900,100,16,110.9403954263844,112.51008978916562,110.78707897567912,False,max_epochs,1514.6569609642029
rl4crn_rne_oscillator_trace_8rxn_stop_risksched085to09_lr1e4_entropy005_s4_c1_rnetol_d256_depth3_p20,seed306,306,310,31000,100,16,111.19630059366247,113.24745923509488,110.78707897567912,False,max_epochs,1519.6335663795471
rl4crn_rne_oscillator_trace_8rxn_stop_risksched085to09_lr1e4_entropy005_s4_c1_rnetol_d256_depth3_p20,seed306,306,311,31100,100,16,111.27403806695264,113.21048724562803,110.78707897567912,False,max_epochs,1524.7642641067505
rl4crn_rne_oscillator_trace_8rxn_stop_risksched085to09_lr1e4_entropy005_s4_c1_rnetol_d256_depth3_p20,seed306,306,312,31200,100,16,110.80460388217536,112.70307961355564,110.78707897567912,False,max_epochs,1530.3313391208649
rl4crn_rne_oscillator_trace_8rxn_stop_risksched085to09_lr1e4_entropy005_s4_c1_rnetol_d256_depth3_p20,seed306,306,313,31300,100,16,110.92343373900862,112.96016829934166,110.78707897567912,False,max_epochs,1535.3157796859741
rl4crn_rne_oscillator_trace_8rxn_stop_risksched085to09_lr1e4_entropy005_s4_c1_rnetol_d256_depth3_p20,seed306,306,314,31400,100,16,111.01553360289726,114.4230530433722,110.78707897567912,False,max_epochs,1540.0697689056396
rl4crn_rne_oscillator_trace_8rxn_stop_risksched085to09_lr1e4_entropy005_s4_c1_rnetol_d256_depth3_p20,seed306,306,315,31500,100,16,111.12647123953401,114.19817276866769,110.78707897567912,False,max_epochs,1545.0734341144562
rl4crn_rne_oscillator_trace_8rxn_stop_risksched085to09_lr1e4_entropy005_s4_c1_rnetol_d256_depth3_p20,seed306,306,316,31600,100,16,110.95731645487663,112.82627524782902,110.78707897567912,False,max_epochs,1548.938264131546
rl4crn_rne_oscillator_trace_8rxn_stop_risksched085to09_lr1e4_entropy005_s4_c1_rnetol_d256_depth3_p20,seed306,306,317,31700,100,16,110.8095673653806,112.28202238086479,110.78707897567912,False,max_epochs,1552.370609998703
rl4crn_rne_oscillator_trace_8rxn_stop_risksched085to09_lr1e4_entropy005_s4_c1_rnetol_d256_depth3_p20,seed306,306,318,31800,100,16,110.85884948284327,112.19502548802083,110.78707897567912,False,max_epochs,1557.5468757152557
rl4crn_rne_oscillator_trace_8rxn_stop_risksched085to09_lr1e4_entropy005_s4_c1_rnetol_d256_depth3_p20,seed306,306,319,31900,100,16,111.00647290654754,112.38194107622908,110.78707897567912,False,max_epochs,1562.820344209671
rl4crn_rne_oscillator_trace_8rxn_stop_risksched085to09_lr1e4_entropy005_s4_c1_rnetol_d256_depth3_p20,seed306,306,320,32000,100,16,110.83609635059928,113.6434324042695,110.78707897567912,False,max_epochs,1568.607807636261
rl4crn_rne_oscillator_trace_8rxn_stop_risksched085to09_lr1e4_entropy005_s4_c1_rnetol_d256_depth3_p20,seed306,306,321,32100,100,16,111.10458931493784,113.14281211395722,110.78707897567912,False,max_epochs,1573.6348888874054
rl4crn_rne_oscillator_trace_8rxn_stop_risksched085to09_lr1e4_entropy005_s4_c1_rnetol_d256_depth3_p20,seed306,306,322,32200,100,16,111.05462185278603,112.64087680092504,110.78707897567912,False,max_epochs,1578.57794713974
rl4crn_rne_oscillator_trace_8rxn_stop_risksched085to09_lr1e4_entropy005_s4_c1_rnetol_d256_depth3_p20,seed306,306,323,32300,100,16,110.94985632673469,114.21653016878776,110.78707897567912,False,max_epochs,1583.5577301979065
rl4crn_rne_oscillator_trace_8rxn_stop_risksched085to09_lr1e4_entropy005_s4_c1_rnetol_d256_depth3_p20,seed306,306,324,32400,100,16,111.10124822973751,114.35339052279771,110.78707897567912,False,max_epochs,1588.218374967575
rl4crn_rne_oscillator_trace_8rxn_stop_risksched085to09_lr1e4_entropy005_s4_c1_rnetol_d256_depth3_p20,seed306,306,325,32500,100,16,110.86033338448195,112.86800337541585,110.78707897567912,False,max_epochs,1590.4608931541443
rl4crn_rne_oscillator_trace_8rxn_stop_risksched085to09_lr1e4_entropy005_s4_c1_rnetol_d256_depth3_p20,seed306,306,326,32600,100,16,110.97919375059321,114.05709103041241,110.78707897567912,False,max_epochs,1595.8283898830414
rl4crn_rne_oscillator_trace_8rxn_stop_risksched085to09_lr1e4_entropy005_s4_c1_rnetol_d256_depth3_p20,seed306,306,327,32700,100,16,111.5113664553248,113.91305046775298,110.78707897567912,False,max_epochs,1601.074701309204
rl4crn_rne_oscillator_trace_8rxn_stop_risksched085to09_lr1e4_entropy005_s4_c1_rnetol_d256_depth3_p20,seed306,306,328,32800,100,16,110.91463400841897,113.98197261723006,110.78707897567912,False,max_epochs,1606.7096796035767
rl4crn_rne_oscillator_trace_8rxn_stop_risksched085to09_lr1e4_entropy005_s4_c1_rnetol_d256_depth3_p20,seed306,306,329,32900,100,16,110.9488392269637,113.3203768717469,110.78707897567912,False,max_epochs,1612.038226366043
rl4crn_rne_oscillator_trace_8rxn_stop_risksched085to09_lr1e4_entropy005_s4_c1_rnetol_d256_depth3_p20,seed306,306,330,33000,100,16,110.9575751293273,114.08334782319743,110.78707897567912,False,max_epochs,1617.2434203624725
rl4crn_rne_oscillator_trace_8rxn_stop_risksched085to09_lr1e4_entropy005_s4_c1_rnetol_d256_depth3_p20,seed306,306,331,33100,100,16,111.00310415337343,113.65346424408204,110.78707897567912,False,max_epochs,1622.5986709594727
rl4crn_rne_oscillator_trace_8rxn_stop_risksched085to09_lr1e4_entropy005_s4_c1_rnetol_d256_depth3_p20,seed306,306,332,33200,100,16,110.80517727725535,113.54587362184927,110.78707897567912,False,max_epochs,1628.4405813217163
rl4crn_rne_oscillator_trace_8rxn_stop_risksched085to09_lr1e4_entropy005_s4_c1_rnetol_d256_depth3_p20,seed306,306,333,33300,100,16,110.9383329807371,113.29808811641783,110.78707897567912,False,max_epochs,1633.8986628055573
rl4crn_rne_oscillator_trace_8rxn_stop_risksched085to09_lr1e4_entropy005_s4_c1_rnetol_d256_depth3_p20,seed306,306,334,33400,100,16,111.1433263689945,115.18434478926437,110.78707897567912,False,max_epochs,1639.0949656963348
rl4crn_rne_oscillator_trace_8rxn_stop_risksched085to09_lr1e4_entropy005_s4_c1_rnetol_d256_depth3_p20,seed306,306,335,33500,100,16,111.21445976942708,115.14298683867797,110.78707897567912,False,max_epochs,1644.0642206668854
rl4crn_rne_oscillator_trace_8rxn_stop_risksched085to09_lr1e4_entropy005_s4_c1_rnetol_d256_depth3_p20,seed306,306,336,33600,100,16,111.09976768358571,116.25942342654639,110.78707897567912,False,max_epochs,1649.045830488205
rl4crn_rne_oscillator_trace_8rxn_stop_risksched085to09_lr1e4_entropy005_s4_c1_rnetol_d256_depth3_p20,seed306,306,337,33700,100,16,111.12605234629325,114.83698047298273,110.78707897567912,False,max_epochs,1651.2591018676758
rl4crn_rne_oscillator_trace_8rxn_stop_risksched085to09_lr1e4_entropy005_s4_c1_rnetol_d256_depth3_p20,seed306,306,338,33800,100,16,110.9644109377541,113.34124982763385,110.78707897567912,False,max_epochs,1656.2422759532928
rl4crn_rne_oscillator_trace_8rxn_stop_risksched085to09_lr1e4_entropy005_s4_c1_rnetol_d256_depth3_p20,seed306,306,339,33900,100,16,110.9700781411509,113.31743351013606,110.78707897567912,False,max_epochs,1661.5990278720856
rl4crn_rne_oscillator_trace_8rxn_stop_risksched085to09_lr1e4_entropy005_s4_c1_rnetol_d256_depth3_p20,seed306,306,340,34000,100,16,110.97397219070938,113.15338719260734,110.78707897567912,False,max_epochs,1666.8072929382324
rl4crn_rne_oscillator_trace_8rxn_stop_risksched085to09_lr1e4_entropy005_s4_c1_rnetol_d256_depth3_p20,seed306,306,341,34100,100,16,110.9441683545752,112.78896279849323,110.78707897567912,False,max_epochs,1672.1818940639496
rl4crn_rne_oscillator_trace_8rxn_stop_risksched085to09_lr1e4_entropy005_s4_c1_rnetol_d256_depth3_p20,seed306,306,342,34200,100,16,110.85666200164746,112.34571993008113,110.78707897567912,False,max_epochs,1677.4447929859161
rl4crn_rne_oscillator_trace_8rxn_stop_risksched085to09_lr1e4_entropy005_s4_c1_rnetol_d256_depth3_p20,seed306,306,343,34300,100,16,110.90146597413984,113.1705617777929,110.78707897567912,False,max_epochs,1682.1064546108246
rl4crn_rne_oscillator_trace_8rxn_stop_risksched085to09_lr1e4_entropy005_s4_c1_rnetol_d256_depth3_p20,seed306,306,344,34400,100,16,110.83178597997711,112.36963470314015,110.78707897567912,False,max_epochs,1686.6484746932983
rl4crn_rne_oscillator_trace_8rxn_stop_risksched085to09_lr1e4_entropy005_s4_c1_rnetol_d256_depth3_p20,seed306,306,345,34500,100,16,110.81993335335477,112.98935683418523,110.78707897567912,False,max_epochs,1689.02588224411
rl4crn_rne_oscillator_trace_8rxn_stop_risksched085to09_lr1e4_entropy005_s4_c1_rnetol_d256_depth3_p20,seed306,306,346,34600,100,16,110.97719645666618,113.66251069886816,110.78707897567912,False,max_epochs,1694.1527347564697
rl4crn_rne_oscillator_trace_8rxn_stop_risksched085to09_lr1e4_entropy005_s4_c1_rnetol_d256_depth3_p20,seed306,306,347,34700,100,16,110.95084783183226,113.61726061293857,110.78707897567912,False,max_epochs,1699.1007533073425
rl4crn_rne_oscillator_trace_8rxn_stop_risksched085to09_lr1e4_entropy005_s4_c1_rnetol_d256_depth3_p20,seed306,306,348,34800,100,16,110.8997284100294,113.06912614374217,110.78707897567912,False,max_epochs,1704.2274560928345
rl4crn_rne_oscillator_trace_8rxn_stop_risksched085to09_lr1e4_entropy005_s4_c1_rnetol_d256_depth3_p20,seed306,306,349,34900,100,16,111.01821140923569,112.83021445791982,110.78707897567912,False,max_epochs,1709.2081928253174
rl4crn_rne_oscillator_trace_8rxn_stop_risksched085to09_lr1e4_entropy005_s4_c1_rnetol_d256_depth3_p20,seed306,306,350,35000,100,16,110.96557845614278,115.25988808284434,110.78707897567912,False,max_epochs,1714.0409588813782
rl4crn_rne_oscillator_trace_8rxn_stop_risksched085to09_lr1e4_entropy005_s4_c1_rnetol_d256_depth3_p20,seed306,306,351,35100,100,16,110.84345198215294,113.6958897113841,110.78707897567912,False,max_epochs,1716.5765702724457
rl4crn_rne_oscillator_trace_8rxn_stop_risksched085to09_lr1e4_entropy005_s4_c1_rnetol_d256_depth3_p20,seed306,306,352,35200,100,16,110.8944792670122,112.49753810165416,110.78707897567912,False,max_epochs,1721.3468346595764
rl4crn_rne_oscillator_trace_8rxn_stop_risksched085to09_lr1e4_entropy005_s4_c1_rnetol_d256_depth3_p20,seed306,306,353,35300,100,16,111.09524703265348,113.23515264993654,110.78707897567912,False,max_epochs,1726.7331640720367
rl4crn_rne_oscillator_trace_8rxn_stop_risksched085to09_lr1e4_entropy005_s4_c1_rnetol_d256_depth3_p20,seed306,306,354,35400,100,16,111.82973789609203,114.14911458498989,110.78707897567912,False,max_epochs,1732.410238981247
rl4crn_rne_oscillator_trace_8rxn_stop_risksched085to09_lr1e4_entropy005_s4_c1_rnetol_d256_depth3_p20,seed306,306,355,35500,100,16,110.96924741395107,113.79644289759312,110.78707897567912,False,max_epochs,1737.5503344535828
rl4crn_rne_oscillator_trace_8rxn_stop_risksched085to09_lr1e4_entropy005_s4_c1_rnetol_d256_depth3_p20,seed306,306,356,35600,100,16,111.01794218986069,112.68070044480748,110.78707897567912,False,max_epochs,1742.556062221527
rl4crn_rne_oscillator_trace_8rxn_stop_risksched085to09_lr1e4_entropy005_s4_c1_rnetol_d256_depth3_p20,seed306,306,357,35700,100,16,110.83865778838688,112.28559210939673,110.78707897567912,False,max_epochs,1747.9776186943054
rl4crn_rne_oscillator_trace_8rxn_stop_risksched085to09_lr1e4_entropy005_s4_c1_rnetol_d256_depth3_p20,seed306,306,358,35800,100,16,110.96963190769408,113.32801280164756,110.78707897567912,False,max_epochs,1753.331852197647
rl4crn_rne_oscillator_trace_8rxn_stop_risksched085to09_lr1e4_entropy005_s4_c1_rnetol_d256_depth3_p20,seed306,306,359,35900,100,16,110.83777142505906,113.00113259027609,110.78707897567912,False,max_epochs,1758.0729780197144
rl4crn_rne_oscillator_trace_8rxn_stop_risksched085to09_lr1e4_entropy005_s4_c1_rnetol_d256_depth3_p20,seed306,306,360,36000,100,16,110.82030774626652,113.35093533522993,110.78707897567912,False,max_epochs,1761.2176644802094
rl4crn_rne_oscillator_trace_8rxn_stop_risksched085to09_lr1e4_entropy005_s4_c1_rnetol_d256_depth3_p20,seed306,306,361,36100,100,16,110.93937891439009,113.05397272403258,110.78707897567912,False,max_epochs,1765.2353451251984
rl4crn_rne_oscillator_trace_8rxn_stop_risksched085to09_lr1e4_entropy005_s4_c1_rnetol_d256_depth3_p20,seed306,306,362,36200,100,16,110.9552105820764,112.67797335212066,110.78707897567912,False,max_epochs,1770.4632422924042
rl4crn_rne_oscillator_trace_8rxn_stop_risksched085to09_lr1e4_entropy005_s4_c1_rnetol_d256_depth3_p20,seed306,306,363,36300,100,16,110.85212439111692,112.5887015020566,110.78707897567912,False,max_epochs,1775.837084531784
rl4crn_rne_oscillator_trace_8rxn_stop_risksched085to09_lr1e4_entropy005_s4_c1_rnetol_d256_depth3_p20,seed306,306,364,36400,100,16,110.77651530911233,112.90912179871698,110.77651530911233,False,max_epochs,1781.4585845470428
rl4crn_rne_oscillator_trace_8rxn_stop_risksched085to09_lr1e4_entropy005_s4_c1_rnetol_d256_depth3_p20,seed306,306,365,36500,100,16,110.84581889972029,113.36832011365397,110.77651530911233,False,max_epochs,1786.3746469020844
rl4crn_rne_oscillator_trace_8rxn_stop_risksched085to09_lr1e4_entropy005_s4_c1_rnetol_d256_depth3_p20,seed306,306,366,36600,100,16,111.20678789700553,113.57464858216107,110.77651530911233,False,max_epochs,1791.3218038082123
rl4crn_rne_oscillator_trace_8rxn_stop_risksched085to09_lr1e4_entropy005_s4_c1_rnetol_d256_depth3_p20,seed306,306,367,36700,100,16,110.9781441610806,112.6368980924696,110.77651530911233,False,max_epochs,1796.2807278633118
rl4crn_rne_oscillator_trace_8rxn_stop_risksched085to09_lr1e4_entropy005_s4_c1_rnetol_d256_depth3_p20,seed306,306,368,36800,100,16,110.96704727018852,113.70349374896449,110.77651530911233,False,max_epochs,1799.097776889801
rl4crn_rne_oscillator_trace_8rxn_stop_risksched085to09_lr1e4_entropy005_s4_c1_rnetol_d256_depth3_p20,seed306,306,369,36900,100,16,110.79109508822083,112.92330891814079,110.77651530911233,False,max_epochs,1803.4267275333405
rl4crn_rne_oscillator_trace_8rxn_stop_risksched085to09_lr1e4_entropy005_s4_c1_rnetol_d256_depth3_p20,seed306,306,370,37000,100,16,110.98522716377641,112.90111483562288,110.77651530911233,False,max_epochs,1808.9723212718964
rl4crn_rne_oscillator_trace_8rxn_stop_risksched085to09_lr1e4_entropy005_s4_c1_rnetol_d256_depth3_p20,seed306,306,371,37100,100,16,110.93618054224699,112.14993931359979,110.77651530911233,False,max_epochs,1814.2095594406128
rl4crn_rne_oscillator_trace_8rxn_stop_risksched085to09_lr1e4_entropy005_s4_c1_rnetol_d256_depth3_p20,seed306,306,372,37200,100,16,110.87870788167287,112.20709091046554,110.77651530911233,False,max_epochs,1819.5028638839722
rl4crn_rne_oscillator_trace_8rxn_stop_risksched085to09_lr1e4_entropy005_s4_c1_rnetol_d256_depth3_p20,seed306,306,373,37300,100,16,110.93602981966414,112.88958913870819,110.77651530911233,False,max_epochs,1824.6226553916931
rl4crn_rne_oscillator_trace_8rxn_stop_risksched085to09_lr1e4_entropy005_s4_c1_rnetol_d256_depth3_p20,seed306,306,374,37400,100,16,110.8668241427918,112.2719770497255,110.77651530911233,False,max_epochs,1829.7875683307648
rl4crn_rne_oscillator_trace_8rxn_stop_risksched085to09_lr1e4_entropy005_s4_c1_rnetol_d256_depth3_p20,seed306,306,375,37500,100,16,110.8659523554652,112.43518366037483,110.77651530911233,False,max_epochs,1834.512000322342
rl4crn_rne_oscillator_trace_8rxn_stop_risksched085to09_lr1e4_entropy005_s4_c1_rnetol_d256_depth3_p20,seed306,306,376,37600,100,16,110.91086155789003,113.23667877194829,110.77651530911233,False,max_epochs,1837.0031332969666
rl4crn_rne_oscillator_trace_8rxn_stop_risksched085to09_lr1e4_entropy005_s4_c1_rnetol_d256_depth3_p20,seed306,306,377,37700,100,16,110.77914918801103,112.98150314813844,110.77651530911233,False,max_epochs,1841.786747932434
rl4crn_rne_oscillator_trace_8rxn_stop_risksched085to09_lr1e4_entropy005_s4_c1_rnetol_d256_depth3_p20,seed306,306,378,37800,100,16,110.93339528218776,113.9407028119535,110.77651530911233,False,max_epochs,1847.60488986969
rl4crn_rne_oscillator_trace_8rxn_stop_risksched085to09_lr1e4_entropy005_s4_c1_rnetol_d256_depth3_p20,seed306,306,379,37900,100,16,110.9833550168735,112.50400524947821,110.77651530911233,False,max_epochs,1852.8067231178284
rl4crn_rne_oscillator_trace_8rxn_stop_risksched085to09_lr1e4_entropy005_s4_c1_rnetol_d256_depth3_p20,seed306,306,380,38000,100,16,110.85798964413176,111.88189116214332,110.77651530911233,False,max_epochs,1858.095154285431
rl4crn_rne_oscillator_trace_8rxn_stop_risksched085to09_lr1e4_entropy005_s4_c1_rnetol_d256_depth3_p20,seed306,306,381,38100,100,16,110.8739805887715,112.11260957444632,110.77651530911233,False,max_epochs,1863.3583323955536
rl4crn_rne_oscillator_trace_8rxn_stop_risksched085to09_lr1e4_entropy005_s4_c1_rnetol_d256_depth3_p20,seed306,306,382,38200,100,16,110.84326412849101,112.01176078454682,110.77651530911233,False,max_epochs,1869.2843189239502
rl4crn_rne_oscillator_trace_8rxn_stop_risksched085to09_lr1e4_entropy005_s4_c1_rnetol_d256_depth3_p20,seed306,306,383,38300,100,16,110.88880230919247,111.88768525191588,110.77651530911233,False,max_epochs,1874.4722652435303
rl4crn_rne_oscillator_trace_8rxn_stop_risksched085to09_lr1e4_entropy005_s4_c1_rnetol_d256_depth3_p20,seed306,306,384,38400,100,16,110.8842120437065,111.92768976929334,110.77651530911233,False,max_epochs,1879.0496053695679
rl4crn_rne_oscillator_trace_8rxn_stop_risksched085to09_lr1e4_entropy005_s4_c1_rnetol_d256_depth3_p20,seed306,306,385,38500,100,16,110.84474411716725,112.25031032955923,110.77651530911233,False,max_epochs,1884.041484117508
rl4crn_rne_oscillator_trace_8rxn_stop_risksched085to09_lr1e4_entropy005_s4_c1_rnetol_d256_depth3_p20,seed306,306,386,38600,100,16,110.93399924219639,112.44478475135114,110.77651530911233,False,max_epochs,1886.4177649021149
rl4crn_rne_oscillator_trace_8rxn_stop_risksched085to09_lr1e4_entropy005_s4_c1_rnetol_d256_depth3_p20,seed306,306,387,38700,100,16,110.84209129778829,112.29411870237168,110.77651530911233,False,max_epochs,1891.1379969120026
rl4crn_rne_oscillator_trace_8rxn_stop_risksched085to09_lr1e4_entropy005_s4_c1_rnetol_d256_depth3_p20,seed306,306,388,38800,100,16,110.9392882624385,112.05798810388211,110.77651530911233,False,max_epochs,1896.5693855285645
rl4crn_rne_oscillator_trace_8rxn_stop_risksched085to09_lr1e4_entropy005_s4_c1_rnetol_d256_depth3_p20,seed306,306,389,38900,100,16,110.96692065650483,112.21384537777016,110.77651530911233,False,max_epochs,1901.8585577011108
rl4crn_rne_oscillator_trace_8rxn_stop_risksched085to09_lr1e4_entropy005_s4_c1_rnetol_d256_depth3_p20,seed306,306,390,39000,100,16,110.80976362720608,112.34096879259428,110.77651530911233,False,max_epochs,1907.2843980789185
rl4crn_rne_oscillator_trace_8rxn_stop_risksched085to09_lr1e4_entropy005_s4_c1_rnetol_d256_depth3_p20,seed306,306,391,39100,100,16,110.94819789381104,112.41756172188319,110.77651530911233,False,max_epochs,1912.5026919841766
rl4crn_rne_oscillator_trace_8rxn_stop_risksched085to09_lr1e4_entropy005_s4_c1_rnetol_d256_depth3_p20,seed306,306,392,39200,100,16,110.88659183249287,112.84510858652915,110.77651530911233,False,max_epochs,1917.4872174263
rl4crn_rne_oscillator_trace_8rxn_stop_risksched085to09_lr1e4_entropy005_s4_c1_rnetol_d256_depth3_p20,seed306,306,393,39300,100,16,110.86224608159965,112.21930886001132,110.77651530911233,False,max_epochs,1922.5191490650177
rl4crn_rne_oscillator_trace_8rxn_stop_risksched085to09_lr1e4_entropy005_s4_c1_rnetol_d256_depth3_p20,seed306,306,394,39400,100,16,110.94194026219911,112.67424182934212,110.77651530911233,False,max_epochs,1927.668227672577
rl4crn_rne_oscillator_trace_8rxn_stop_risksched085to09_lr1e4_entropy005_s4_c1_rnetol_d256_depth3_p20,seed306,306,395,39500,100,16,111.26665204512672,113.03282525508031,110.77651530911233,False,max_epochs,1932.388962507248
rl4crn_rne_oscillator_trace_8rxn_stop_risksched085to09_lr1e4_entropy005_s4_c1_rnetol_d256_depth3_p20,seed306,306,396,39600,100,16,110.93596293183026,112.46081271533326,110.77651530911233,False,max_epochs,1934.7104046344757
rl4crn_rne_oscillator_trace_8rxn_stop_risksched085to09_lr1e4_entropy005_s4_c1_rnetol_d256_depth3_p20,seed306,306,397,39700,100,16,110.82792492087182,112.05101500248963,110.77651530911233,False,max_epochs,1939.6216361522675
rl4crn_rne_oscillator_trace_8rxn_stop_risksched085to09_lr1e4_entropy005_s4_c1_rnetol_d256_depth3_p20,seed306,306,398,39800,100,16,111.00493179062741,112.52414667577766,110.77651530911233,False,max_epochs,1945.2646820545197
rl4crn_rne_oscillator_trace_8rxn_stop_risksched085to09_lr1e4_entropy005_s4_c1_rnetol_d256_depth3_p20,seed306,306,399,39900,100,16,110.82863019750876,111.83412366661665,110.77651530911233,False,max_epochs,1950.4920797348022
rl4crn_rne_oscillator_trace_8rxn_stop_risksched085to09_lr1e4_entropy005_s4_c1_rnetol_d256_depth3_p20,seed306,306,400,40000,100,16,110.99511468768263,112.59413038576746,110.77651530911233,False,max_epochs,1955.7571623325348
rl4crn_rne_oscillator_trace_8rxn_stop_risksched085to09_lr1e4_entropy005_s4_c1_rnetol_d256_depth3_p20,seed306,306,401,40100,100,16,110.99019691054387,112.92621975676391,110.77651530911233,False,max_epochs,1961.1481266021729
rl4crn_rne_oscillator_trace_8rxn_stop_risksched085to09_lr1e4_entropy005_s4_c1_rnetol_d256_depth3_p20,seed306,306,402,40200,100,16,110.90410602492926,112.22769190319991,110.77651530911233,False,max_epochs,1966.917163848877
rl4crn_rne_oscillator_trace_8rxn_stop_risksched085to09_lr1e4_entropy005_s4_c1_rnetol_d256_depth3_p20,seed306,306,403,40300,100,16,110.9200114615557,112.68698267607257,110.77651530911233,False,max_epochs,1972.177942276001
rl4crn_rne_oscillator_trace_8rxn_stop_risksched085to09_lr1e4_entropy005_s4_c1_rnetol_d256_depth3_p20,seed306,306,404,40400,100,16,110.87239729307753,112.90582812615406,110.77651530911233,False,max_epochs,1977.5212180614471
rl4crn_rne_oscillator_trace_8rxn_stop_risksched085to09_lr1e4_entropy005_s4_c1_rnetol_d256_depth3_p20,seed306,306,405,40500,100,16,110.80297552071538,112.99451851947,110.77651530911233,False,max_epochs,1982.937790632248
rl4crn_rne_oscillator_trace_8rxn_stop_risksched085to09_lr1e4_entropy005_s4_c1_rnetol_d256_depth3_p20,seed306,306,406,40600,100,16,110.86819181616086,111.99397793949355,110.77651530911233,False,max_epochs,1988.8099615573883
rl4crn_rne_oscillator_trace_8rxn_stop_risksched085to09_lr1e4_entropy005_s4_c1_rnetol_d256_depth3_p20,seed306,306,407,40700,100,16,110.79413070652247,111.8087585449682,110.77651530911233,False,max_epochs,1994.1975853443146
rl4crn_rne_oscillator_trace_8rxn_stop_risksched085to09_lr1e4_entropy005_s4_c1_rnetol_d256_depth3_p20,seed306,306,408,40800,100,16,110.83644355035406,112.23757674039123,110.77651530911233,False,max_epochs,1999.7456240653992
rl4crn_rne_oscillator_trace_8rxn_stop_risksched085to09_lr1e4_entropy005_s4_c1_rnetol_d256_depth3_p20,seed306,306,409,40900,100,16,110.82282048131101,112.74449524435714,110.77651530911233,False,max_epochs,2005.049485206604
rl4crn_rne_oscillator_trace_8rxn_stop_risksched085to09_lr1e4_entropy005_s4_c1_rnetol_d256_depth3_p20,seed306,306,410,41000,100,16,110.9524822136951,112.46663223798456,110.77651530911233,False,max_epochs,2010.7039909362793
rl4crn_rne_oscillator_trace_8rxn_stop_risksched085to09_lr1e4_entropy005_s4_c1_rnetol_d256_depth3_p20,seed306,306,411,41100,100,16,110.83825637131166,112.35928088789194,110.77651530911233,False,max_epochs,2016.13884973526
rl4crn_rne_oscillator_trace_8rxn_stop_risksched085to09_lr1e4_entropy005_s4_c1_rnetol_d256_depth3_p20,seed306,306,412,41200,100,16,110.83968928811616,112.05139955583473,110.77651530911233,False,max_epochs,2021.3898766040802
rl4crn_rne_oscillator_trace_8rxn_stop_risksched085to09_lr1e4_entropy005_s4_c1_rnetol_d256_depth3_p20,seed306,306,413,41300,100,16,110.8138963829327,112.26028692521167,110.77651530911233,False,max_epochs,2026.7327749729156
rl4crn_rne_oscillator_trace_8rxn_stop_risksched085to09_lr1e4_entropy005_s4_c1_rnetol_d256_depth3_p20,seed306,306,414,41400,100,16,110.84626079174483,112.63178098673578,110.77651530911233,False,max_epochs,2032.4639434814453
rl4crn_rne_oscillator_trace_8rxn_stop_risksched085to09_lr1e4_entropy005_s4_c1_rnetol_d256_depth3_p20,seed306,306,415,41500,100,16,110.78286204352193,112.47158080059918,110.77651530911233,False,max_epochs,2037.7197432518005
rl4crn_rne_oscillator_trace_8rxn_stop_risksched085to09_lr1e4_entropy005_s4_c1_rnetol_d256_depth3_p20,seed306,306,416,41600,100,16,110.79570267796235,111.72201439753411,110.77651530911233,False,max_epochs,2043.0983254909515
rl4crn_rne_oscillator_trace_8rxn_stop_risksched085to09_lr1e4_entropy005_s4_c1_rnetol_d256_depth3_p20,seed306,306,417,41700,100,16,111.17787168232225,112.87698304082679,110.77651530911233,False,max_epochs,2047.9675695896149
rl4crn_rne_oscillator_trace_8rxn_stop_risksched085to09_lr1e4_entropy005_s4_c1_rnetol_d256_depth3_p20,seed306,306,418,41800,100,16,110.88371854083663,113.03313910401162,110.77651530911233,False,max_epochs,2053.0472967624664
rl4crn_rne_oscillator_trace_8rxn_stop_risksched085to09_lr1e4_entropy005_s4_c1_rnetol_d256_depth3_p20,seed306,306,419,41900,100,16,110.8293952924446,112.37741338290613,110.77651530911233,False,max_epochs,2055.206280231476
rl4crn_rne_oscillator_trace_8rxn_stop_risksched085to09_lr1e4_entropy005_s4_c1_rnetol_d256_depth3_p20,seed306,306,420,42000,100,16,110.92324943746509,113.17774509800796,110.77651530911233,False,max_epochs,2059.9710760116577
rl4crn_rne_oscillator_trace_8rxn_stop_risksched085to09_lr1e4_entropy005_s4_c1_rnetol_d256_depth3_p20,seed306,306,421,42100,100,16,111.10352269707735,113.82063732702414,110.77651530911233,False,max_epochs,2065.375729084015
rl4crn_rne_oscillator_trace_8rxn_stop_risksched085to09_lr1e4_entropy005_s4_c1_rnetol_d256_depth3_p20,seed306,306,422,42200,100,16,110.88334656508091,113.15666744568115,110.77651530911233,False,max_epochs,2071.018924474716
rl4crn_rne_oscillator_trace_8rxn_stop_risksched085to09_lr1e4_entropy005_s4_c1_rnetol_d256_depth3_p20,seed306,306,423,42300,100,16,110.86734487347569,112.33702398225472,110.77651530911233,False,max_epochs,2076.1613988876343
rl4crn_rne_oscillator_trace_8rxn_stop_risksched085to09_lr1e4_entropy005_s4_c1_rnetol_d256_depth3_p20,seed306,306,424,42400,100,16,111.20743410435834,112.72201678575678,110.77651530911233,False,max_epochs,2081.475436925888
rl4crn_rne_oscillator_trace_8rxn_stop_risksched085to09_lr1e4_entropy005_s4_c1_rnetol_d256_depth3_p20,seed306,306,425,42500,100,16,110.91142087815254,112.87155956929806,110.77651530911233,False,max_epochs,2086.6663897037506
rl4crn_rne_oscillator_trace_8rxn_stop_risksched085to09_lr1e4_entropy005_s4_c1_rnetol_d256_depth3_p20,seed306,306,426,42600,100,16,110.94912352343592,112.46607709310595,110.77651530911233,False,max_epochs,2091.932121515274
rl4crn_rne_oscillator_trace_8rxn_stop_risksched085to09_lr1e4_entropy005_s4_c1_rnetol_d256_depth3_p20,seed306,306,427,42700,100,16,110.93738960883822,112.14907374370307,110.77651530911233,False,max_epochs,2096.834719657898
rl4crn_rne_oscillator_trace_8rxn_stop_risksched085to09_lr1e4_entropy005_s4_c1_rnetol_d256_depth3_p20,seed306,306,428,42800,100,16,111.07791635696961,114.49005220853316,110.77651530911233,False,max_epochs,2100.451221227646
rl4crn_rne_oscillator_trace_8rxn_stop_risksched085to09_lr1e4_entropy005_s4_c1_rnetol_d256_depth3_p20,seed306,306,429,42900,100,16,111.48356220839273,114.71282863183701,110.77651530911233,False,max_epochs,2104.0512285232544
rl4crn_rne_oscillator_trace_8rxn_stop_risksched085to09_lr1e4_entropy005_s4_c1_rnetol_d256_depth3_p20,seed306,306,430,43000,100,16,111.04026102720707,114.21444448511433,110.77651530911233,False,max_epochs,2109.516855955124
rl4crn_rne_oscillator_trace_8rxn_stop_risksched085to09_lr1e4_entropy005_s4_c1_rnetol_d256_depth3_p20,seed306,306,431,43100,100,16,110.94937916681167,112.38150299653316,110.77651530911233,False,max_epochs,2114.7487795352936
rl4crn_rne_oscillator_trace_8rxn_stop_risksched085to09_lr1e4_entropy005_s4_c1_rnetol_d256_depth3_p20,seed306,306,432,43200,100,16,110.88125125379452,112.22561110524569,110.77651530911233,False,max_epochs,2120.048723459244
rl4crn_rne_oscillator_trace_8rxn_stop_risksched085to09_lr1e4_entropy005_s4_c1_rnetol_d256_depth3_p20,seed306,306,433,43300,100,16,110.92432535499448,112.50755773628511,110.77651530911233,False,max_epochs,2125.5145077705383
rl4crn_rne_oscillator_trace_8rxn_stop_risksched085to09_lr1e4_entropy005_s4_c1_rnetol_d256_depth3_p20,seed306,306,434,43400,100,16,110.97807374173742,112.29102120760835,110.77651530911233,False,max_epochs,2131.3231222629547
rl4crn_rne_oscillator_trace_8rxn_stop_risksched085to09_lr1e4_entropy005_s4_c1_rnetol_d256_depth3_p20,seed306,306,435,43500,100,16,110.91057090055887,112.35043434359903,110.77651530911233,False,max_epochs,2136.5464956760406
rl4crn_rne_oscillator_trace_8rxn_stop_risksched085to09_lr1e4_entropy005_s4_c1_rnetol_d256_depth3_p20,seed306,306,436,43600,100,16,110.85041739536996,112.57306771986813,110.77651530911233,False,max_epochs,2141.641108751297
rl4crn_rne_oscillator_trace_8rxn_stop_risksched085to09_lr1e4_entropy005_s4_c1_rnetol_d256_depth3_p20,seed306,306,437,43700,100,16,110.88904788036155,113.26534565856167,110.77651530911233,False,max_epochs,2146.7057597637177
rl4crn_rne_oscillator_trace_8rxn_stop_risksched085to09_lr1e4_entropy005_s4_c1_rnetol_d256_depth3_p20,seed306,306,438,43800,100,16,110.92211884913158,112.41971354615818,110.77651530911233,False,max_epochs,2151.669455051422
rl4crn_rne_oscillator_trace_8rxn_stop_risksched085to09_lr1e4_entropy005_s4_c1_rnetol_d256_depth3_p20,seed306,306,439,43900,100,16,110.82390590944946,112.40992810866831,110.77651530911233,False,max_epochs,2153.813755750656
rl4crn_rne_oscillator_trace_8rxn_stop_risksched085to09_lr1e4_entropy005_s4_c1_rnetol_d256_depth3_p20,seed306,306,440,44000,100,16,110.99715278009973,112.57056773644887,110.77651530911233,False,max_epochs,2158.78809094429
rl4crn_rne_oscillator_trace_8rxn_stop_risksched085to09_lr1e4_entropy005_s4_c1_rnetol_d256_depth3_p20,seed306,306,441,44100,100,16,110.90911276802177,112.33588291576336,110.77651530911233,False,max_epochs,2163.9525952339172
rl4crn_rne_oscillator_trace_8rxn_stop_risksched085to09_lr1e4_entropy005_s4_c1_rnetol_d256_depth3_p20,seed306,306,442,44200,100,16,110.83283883018423,112.3288891640604,110.77651530911233,False,max_epochs,2169.91832947731
rl4crn_rne_oscillator_trace_8rxn_stop_risksched085to09_lr1e4_entropy005_s4_c1_rnetol_d256_depth3_p20,seed306,306,443,44300,100,16,111.06534388375867,112.77327569422417,110.77651530911233,False,max_epochs,2175.0614774227142
rl4crn_rne_oscillator_trace_8rxn_stop_risksched085to09_lr1e4_entropy005_s4_c1_rnetol_d256_depth3_p20,seed306,306,444,44400,100,16,111.32975004635529,112.9098484304993,110.77651530911233,False,max_epochs,2180.0874676704407
rl4crn_rne_oscillator_trace_8rxn_stop_risksched085to09_lr1e4_entropy005_s4_c1_rnetol_d256_depth3_p20,seed306,306,445,44500,100,16,110.87079862637265,112.3181436680599,110.77651530911233,False,max_epochs,2185.2628302574158
rl4crn_rne_oscillator_trace_8rxn_stop_risksched085to09_lr1e4_entropy005_s4_c1_rnetol_d256_depth3_p20,seed306,306,446,44600,100,16,110.85683417795003,112.2427542251277,110.77651530911233,False,max_epochs,2190.320385456085
rl4crn_rne_oscillator_trace_8rxn_stop_risksched085to09_lr1e4_entropy005_s4_c1_rnetol_d256_depth3_p20,seed306,306,447,44700,100,16,110.96763562516541,112.15408282821048,110.77651530911233,False,max_epochs,2195.0985486507416
rl4crn_rne_oscillator_trace_8rxn_stop_risksched085to09_lr1e4_entropy005_s4_c1_rnetol_d256_depth3_p20,seed306,306,448,44800,100,16,111.11799118861734,112.32527271013933,110.77651530911233,False,max_epochs,2197.430353164673
rl4crn_rne_oscillator_trace_8rxn_stop_risksched085to09_lr1e4_entropy005_s4_c1_rnetol_d256_depth3_p20,seed306,306,449,44900,100,16,111.04131602876768,112.38591286164365,110.77651530911233,False,max_epochs,2202.471216440201
rl4crn_rne_oscillator_trace_8rxn_stop_risksched085to09_lr1e4_entropy005_s4_c1_rnetol_d256_depth3_p20,seed306,306,450,45000,100,16,110.78015552212653,112.20485036394508,110.77651530911233,False,max_epochs,2207.994563817978
rl4crn_rne_oscillator_trace_8rxn_stop_risksched085to09_lr1e4_entropy005_s4_c1_rnetol_d256_depth3_p20,seed306,306,451,45100,100,16,110.91149084623613,112.45800749739594,110.77651530911233,False,max_epochs,2213.0916063785553
rl4crn_rne_oscillator_trace_8rxn_stop_risksched085to09_lr1e4_entropy005_s4_c1_rnetol_d256_depth3_p20,seed306,306,452,45200,100,16,111.42201929804588,113.78969094432128,110.77651530911233,False,max_epochs,2218.591443300247
rl4crn_rne_oscillator_trace_8rxn_stop_risksched085to09_lr1e4_entropy005_s4_c1_rnetol_d256_depth3_p20,seed306,306,453,45300,100,16,111.79510456154107,114.51776452053221,110.77651530911233,False,max_epochs,2223.672771215439
rl4crn_rne_oscillator_trace_8rxn_stop_risksched085to09_lr1e4_entropy005_s4_c1_rnetol_d256_depth3_p20,seed306,306,454,45400,100,16,111.8235699907265,114.53388670703592,110.77651530911233,False,max_epochs,2228.5694081783295
rl4crn_rne_oscillator_trace_8rxn_stop_risksched085to09_lr1e4_entropy005_s4_c1_rnetol_d256_depth3_p20,seed306,306,455,45500,100,16,111.59029851999243,114.29980178300386,110.77651530911233,False,max_epochs,2233.674293279648
rl4crn_rne_oscillator_trace_8rxn_stop_risksched085to09_lr1e4_entropy005_s4_c1_rnetol_d256_depth3_p20,seed306,306,456,45600,100,16,110.86629058121011,112.5177233129137,110.77651530911233,False,max_epochs,2238.4033784866333
rl4crn_rne_oscillator_trace_8rxn_stop_risksched085to09_lr1e4_entropy005_s4_c1_rnetol_d256_depth3_p20,seed306,306,457,45700,100,16,110.8186947223335,111.99189616051521,110.77651530911233,False,max_epochs,2240.9500160217285
rl4crn_rne_oscillator_trace_8rxn_stop_risksched085to09_lr1e4_entropy005_s4_c1_rnetol_d256_depth3_p20,seed306,306,458,45800,100,16,110.90438489315702,112.07848112699779,110.77651530911233,False,max_epochs,2245.8243362903595
rl4crn_rne_oscillator_trace_8rxn_stop_risksched085to09_lr1e4_entropy005_s4_c1_rnetol_d256_depth3_p20,seed306,306,459,45900,100,16,110.854859083032,111.91015963948979,110.77651530911233,False,max_epochs,2251.408323764801
rl4crn_rne_oscillator_trace_8rxn_stop_risksched085to09_lr1e4_entropy005_s4_c1_rnetol_d256_depth3_p20,seed306,306,460,46000,100,16,110.88027000265743,111.91955013378157,110.77651530911233,False,max_epochs,2256.5947966575623
rl4crn_rne_oscillator_trace_8rxn_stop_risksched085to09_lr1e4_entropy005_s4_c1_rnetol_d256_depth3_p20,seed306,306,461,46100,100,16,110.82820175425472,112.37098664353336,110.77651530911233,False,max_epochs,2262.0100667476654
rl4crn_rne_oscillator_trace_8rxn_stop_risksched085to09_lr1e4_entropy005_s4_c1_rnetol_d256_depth3_p20,seed306,306,462,46200,100,16,110.81614460807171,112.25966487461741,110.77651530911233,False,max_epochs,2267.1837203502655
rl4crn_rne_oscillator_trace_8rxn_stop_risksched085to09_lr1e4_entropy005_s4_c1_rnetol_d256_depth3_p20,seed306,306,463,46300,100,16,110.87407233860192,112.6910690939269,110.77651530911233,False,max_epochs,2272.6152024269104
rl4crn_rne_oscillator_trace_8rxn_stop_risksched085to09_lr1e4_entropy005_s4_c1_rnetol_d256_depth3_p20,seed306,306,464,46400,100,16,110.906455716884,112.69656040424488,110.77651530911233,False,max_epochs,2277.4332234859467
rl4crn_rne_oscillator_trace_8rxn_stop_risksched085to09_lr1e4_entropy005_s4_c1_rnetol_d256_depth3_p20,seed306,306,465,46500,100,16,110.87475139390817,112.50229266077194,110.77651530911233,False,max_epochs,2282.1237275600433
rl4crn_rne_oscillator_trace_8rxn_stop_risksched085to09_lr1e4_entropy005_s4_c1_rnetol_d256_depth3_p20,seed306,306,466,46600,100,16,110.88590506983773,112.7129987520286,110.77651530911233,False,max_epochs,2284.5325968265533
rl4crn_rne_oscillator_trace_8rxn_stop_risksched085to09_lr1e4_entropy005_s4_c1_rnetol_d256_depth3_p20,seed306,306,467,46700,100,16,111.04019974862986,112.52504459819787,110.77651530911233,False,max_epochs,2289.763525247574
rl4crn_rne_oscillator_trace_8rxn_stop_risksched085to09_lr1e4_entropy005_s4_c1_rnetol_d256_depth3_p20,seed306,306,468,46800,100,16,110.96819666301275,113.03689225856758,110.77651530911233,False,max_epochs,2294.865570306778
rl4crn_rne_oscillator_trace_8rxn_stop_risksched085to09_lr1e4_entropy005_s4_c1_rnetol_d256_depth3_p20,seed306,306,469,46900,100,16,110.94193408180324,113.11886015487286,110.77651530911233,False,max_epochs,2300.644208431244
rl4crn_rne_oscillator_trace_8rxn_stop_risksched085to09_lr1e4_entropy005_s4_c1_rnetol_d256_depth3_p20,seed306,306,470,47000,100,16,110.83898656052395,112.72269760655743,110.77651530911233,False,max_epochs,2306.1397864818573
rl4crn_rne_oscillator_trace_8rxn_stop_risksched085to09_lr1e4_entropy005_s4_c1_rnetol_d256_depth3_p20,seed306,306,471,47100,100,16,110.85533963032888,111.93829340883045,110.77651530911233,False,max_epochs,2311.5345487594604
rl4crn_rne_oscillator_trace_8rxn_stop_risksched085to09_lr1e4_entropy005_s4_c1_rnetol_d256_depth3_p20,seed306,306,472,47200,100,16,110.88630106673172,111.94279033589812,110.77651530911233,False,max_epochs,2316.9797234535217
rl4crn_rne_oscillator_trace_8rxn_stop_risksched085to09_lr1e4_entropy005_s4_c1_rnetol_d256_depth3_p20,seed306,306,473,47300,100,16,110.82361067959945,111.92818773928676,110.77651530911233,False,max_epochs,2322.037352323532
rl4crn_rne_oscillator_trace_8rxn_stop_risksched085to09_lr1e4_entropy005_s4_c1_rnetol_d256_depth3_p20,seed306,306,474,47400,100,16,110.87972274904337,111.80705039839816,110.77651530911233,False,max_epochs,2327.189648628235
rl4crn_rne_oscillator_trace_8rxn_stop_risksched085to09_lr1e4_entropy005_s4_c1_rnetol_d256_depth3_p20,seed306,306,475,47500,100,16,110.88443386940334,112.48920209319003,110.77651530911233,False,max_epochs,2332.0337212085724
rl4crn_rne_oscillator_trace_8rxn_stop_risksched085to09_lr1e4_entropy005_s4_c1_rnetol_d256_depth3_p20,seed306,306,476,47600,100,16,110.88820126550101,112.27095135799837,110.77651530911233,False,max_epochs,2334.371263027191
rl4crn_rne_oscillator_trace_8rxn_stop_risksched085to09_lr1e4_entropy005_s4_c1_rnetol_d256_depth3_p20,seed306,306,477,47700,100,16,110.88433578070334,112.43103212627946,110.77651530911233,False,max_epochs,2339.4591705799103
rl4crn_rne_oscillator_trace_8rxn_stop_risksched085to09_lr1e4_entropy005_s4_c1_rnetol_d256_depth3_p20,seed306,306,478,47800,100,16,110.859946699181,112.27486611563268,110.77651530911233,False,max_epochs,2344.6642656326294
rl4crn_rne_oscillator_trace_8rxn_stop_risksched085to09_lr1e4_entropy005_s4_c1_rnetol_d256_depth3_p20,seed306,306,479,47900,100,16,110.93058457978594,112.31050222012301,110.77651530911233,False,max_epochs,2350.0697252750397
rl4crn_rne_oscillator_trace_8rxn_stop_risksched085to09_lr1e4_entropy005_s4_c1_rnetol_d256_depth3_p20,seed306,306,480,48000,100,16,110.8741884830669,112.09011370213554,110.77651530911233,False,max_epochs,2355.3149349689484
rl4crn_rne_oscillator_trace_8rxn_stop_risksched085to09_lr1e4_entropy005_s4_c1_rnetol_d256_depth3_p20,seed306,306,481,48100,100,16,110.81855441574096,112.23184285728024,110.77651530911233,False,max_epochs,2361.1367580890656
rl4crn_rne_oscillator_trace_8rxn_stop_risksched085to09_lr1e4_entropy005_s4_c1_rnetol_d256_depth3_p20,seed306,306,482,48200,100,16,110.8619322996247,112.41060266867193,110.77651530911233,False,max_epochs,2366.466927051544
rl4crn_rne_oscillator_trace_8rxn_stop_risksched085to09_lr1e4_entropy005_s4_c1_rnetol_d256_depth3_p20,seed306,306,483,48300,100,16,110.83981766668109,111.78671858223697,110.77651530911233,False,max_epochs,2371.741963624954
rl4crn_rne_oscillator_trace_8rxn_stop_risksched085to09_lr1e4_entropy005_s4_c1_rnetol_d256_depth3_p20,seed306,306,484,48400,100,16,110.81765789940658,112.18555782896829,110.77651530911233,False,max_epochs,2377.0541009902954
rl4crn_rne_oscillator_trace_8rxn_stop_risksched085to09_lr1e4_entropy005_s4_c1_rnetol_d256_depth3_p20,seed306,306,485,48500,100,16,110.91889900815671,112.48187523785461,110.77651530911233,False,max_epochs,2382.940684080124
rl4crn_rne_oscillator_trace_8rxn_stop_risksched085to09_lr1e4_entropy005_s4_c1_rnetol_d256_depth3_p20,seed306,306,486,48600,100,16,110.80239291279587,112.58855613604578,110.77651530911233,False,max_epochs,2388.3118121623993
rl4crn_rne_oscillator_trace_8rxn_stop_risksched085to09_lr1e4_entropy005_s4_c1_rnetol_d256_depth3_p20,seed306,306,487,48700,100,16,110.8128499724652,111.60188549960421,110.77651530911233,False,max_epochs,2393.1845152378082
rl4crn_rne_oscillator_trace_8rxn_stop_risksched085to09_lr1e4_entropy005_s4_c1_rnetol_d256_depth3_p20,seed306,306,488,48800,100,16,110.93311770953082,112.14720393639948,110.77651530911233,False,max_epochs,2398.2722387313843
rl4crn_rne_oscillator_trace_8rxn_stop_risksched085to09_lr1e4_entropy005_s4_c1_rnetol_d256_depth3_p20,seed306,306,489,48900,100,16,110.81968700445377,112.23180556560192,110.77651530911233,False,max_epochs,2403.043666124344
rl4crn_rne_oscillator_trace_8rxn_stop_risksched085to09_lr1e4_entropy005_s4_c1_rnetol_d256_depth3_p20,seed306,306,490,49000,100,16,110.87813248085459,111.62284639254577,110.77651530911233,False,max_epochs,2405.2981581687927
rl4crn_rne_oscillator_trace_8rxn_stop_risksched085to09_lr1e4_entropy005_s4_c1_rnetol_d256_depth3_p20,seed306,306,491,49100,100,16,110.98982373731148,113.02508423354195,110.77651530911233,False,max_epochs,2410.4071278572083
rl4crn_rne_oscillator_trace_8rxn_stop_risksched085to09_lr1e4_entropy005_s4_c1_rnetol_d256_depth3_p20,seed306,306,492,49200,100,16,111.0181690595003,113.52444246810737,110.77651530911233,False,max_epochs,2415.979430437088
rl4crn_rne_oscillator_trace_8rxn_stop_risksched085to09_lr1e4_entropy005_s4_c1_rnetol_d256_depth3_p20,seed306,306,493,49300,100,16,110.89907301519875,113.00475375062743,110.77651530911233,False,max_epochs,2421.7055406570435
rl4crn_rne_oscillator_trace_8rxn_stop_risksched085to09_lr1e4_entropy005_s4_c1_rnetol_d256_depth3_p20,seed306,306,494,49400,100,16,110.84462677157923,112.52461449215664,110.77651530911233,False,max_epochs,2426.955820083618
rl4crn_rne_oscillator_trace_8rxn_stop_risksched085to09_lr1e4_entropy005_s4_c1_rnetol_d256_depth3_p20,seed306,306,495,49500,100,16,110.87453136629762,112.3279979180352,110.77651530911233,False,max_epochs,2432.3321528434753
rl4crn_rne_oscillator_trace_8rxn_stop_risksched085to09_lr1e4_entropy005_s4_c1_rnetol_d256_depth3_p20,seed306,306,496,49600,100,16,110.98897326316175,113.12574827540695,110.77651530911233,False,max_epochs,2437.7094678878784
rl4crn_rne_oscillator_trace_8rxn_stop_risksched085to09_lr1e4_entropy005_s4_c1_rnetol_d256_depth3_p20,seed306,306,497,49700,100,16,111.02552643455167,112.70845537230164,110.77651530911233,False,max_epochs,2443.2742524147034
rl4crn_rne_oscillator_trace_8rxn_stop_risksched085to09_lr1e4_entropy005_s4_c1_rnetol_d256_depth3_p20,seed306,306,498,49800,100,16,110.85583465983922,111.94264833196463,110.77651530911233,False,max_epochs,2448.2013716697693
rl4crn_rne_oscillator_trace_8rxn_stop_risksched085to09_lr1e4_entropy005_s4_c1_rnetol_d256_depth3_p20,seed306,306,499,49900,100,16,110.87310395132008,113.03878925018202,110.77651530911233,False,max_epochs,2453.07039642334
rl4crn_rne_oscillator_trace_8rxn_stop_risksched085to09_lr1e4_entropy005_s4_c1_rnetol_d256_depth3_p20,seed306,306,500,50000,100,16,110.87508419422485,112.35107258146928,110.77651530911233,False,max_epochs,2455.787005186081
rl4crn_rne_oscillator_trace_8rxn_stop_risksched085to09_lr1e4_entropy005_s4_c1_rnetol_d256_depth3_p20,seed306,306,501,50100,100,16,110.79108778144682,112.14292833508574,110.77651530911233,False,max_epochs,2460.501851081848
rl4crn_rne_oscillator_trace_8rxn_stop_risksched085to09_lr1e4_entropy005_s4_c1_rnetol_d256_depth3_p20,seed306,306,502,50200,100,16,110.93995607649873,112.4140988499588,110.77651530911233,False,max_epochs,2465.78541636467
rl4crn_rne_oscillator_trace_8rxn_stop_risksched085to09_lr1e4_entropy005_s4_c1_rnetol_d256_depth3_p20,seed306,306,503,50300,100,16,110.91808933071502,112.45680794590905,110.77651530911233,False,max_epochs,2471.088927745819
rl4crn_rne_oscillator_trace_8rxn_stop_risksched085to09_lr1e4_entropy005_s4_c1_rnetol_d256_depth3_p20,seed306,306,504,50400,100,16,110.8780535002271,112.55280799393458,110.77651530911233,False,max_epochs,2476.4570899009705
rl4crn_rne_oscillator_trace_8rxn_stop_risksched085to09_lr1e4_entropy005_s4_c1_rnetol_d256_depth3_p20,seed306,306,505,50500,100,16,110.99165984372848,112.67559054332372,110.77651530911233,False,max_epochs,2482.212548017502
rl4crn_rne_oscillator_trace_8rxn_stop_risksched085to09_lr1e4_entropy005_s4_c1_rnetol_d256_depth3_p20,seed306,306,506,50600,100,16,110.86007317695417,112.60621589334656,110.77651530911233,False,max_epochs,2487.4382495880127
rl4crn_rne_oscillator_trace_8rxn_stop_risksched085to09_lr1e4_entropy005_s4_c1_rnetol_d256_depth3_p20,seed306,306,507,50700,100,16,110.90987792487934,112.57298716612868,110.77651530911233,False,max_epochs,2492.328103542328
rl4crn_rne_oscillator_trace_8rxn_stop_risksched085to09_lr1e4_entropy005_s4_c1_rnetol_d256_depth3_p20,seed306,306,508,50800,100,16,110.89408116404971,112.71494396925004,110.77651530911233,False,max_epochs,2497.396264076233
rl4crn_rne_oscillator_trace_8rxn_stop_risksched085to09_lr1e4_entropy005_s4_c1_rnetol_d256_depth3_p20,seed306,306,509,50900,100,16,110.96333021538241,112.49789831282574,110.77651530911233,False,max_epochs,2502.1205632686615
rl4crn_rne_oscillator_trace_8rxn_stop_risksched085to09_lr1e4_entropy005_s4_c1_rnetol_d256_depth3_p20,seed306,306,510,51000,100,16,110.91193743990564,111.98592522981556,110.77651530911233,False,max_epochs,2504.756373167038
rl4crn_rne_oscillator_trace_8rxn_stop_risksched085to09_lr1e4_entropy005_s4_c1_rnetol_d256_depth3_p20,seed306,306,511,51100,100,16,110.88006288302947,112.60611077194898,110.77651530911233,False,max_epochs,2509.470636367798
rl4crn_rne_oscillator_trace_8rxn_stop_risksched085to09_lr1e4_entropy005_s4_c1_rnetol_d256_depth3_p20,seed306,306,512,51200,100,16,110.82467336406677,111.93005474835344,110.77651530911233,False,max_epochs,2514.6516604423523
rl4crn_rne_oscillator_trace_8rxn_stop_risksched085to09_lr1e4_entropy005_s4_c1_rnetol_d256_depth3_p20,seed306,306,513,51300,100,16,110.93047062875071,113.13417342521922,110.77651530911233,False,max_epochs,2519.953002691269
rl4crn_rne_oscillator_trace_8rxn_stop_risksched085to09_lr1e4_entropy005_s4_c1_rnetol_d256_depth3_p20,seed306,306,514,51400,100,16,110.9054912734943,113.35419094129537,110.77651530911233,False,max_epochs,2525.3880853652954
rl4crn_rne_oscillator_trace_8rxn_stop_risksched085to09_lr1e4_entropy005_s4_c1_rnetol_d256_depth3_p20,seed306,306,515,51500,100,16,110.92125322330541,113.04642318614509,110.77651530911233,False,max_epochs,2530.213230371475
rl4crn_rne_oscillator_trace_8rxn_stop_risksched085to09_lr1e4_entropy005_s4_c1_rnetol_d256_depth3_p20,seed306,306,516,51600,100,16,110.81941956812916,112.02547932671679,110.77651530911233,False,max_epochs,2535.1561720371246
rl4crn_rne_oscillator_trace_8rxn_stop_risksched085to09_lr1e4_entropy005_s4_c1_rnetol_d256_depth3_p20,seed306,306,517,51700,100,16,110.88950424520543,112.31407696902914,110.77651530911233,False,max_epochs,2537.474951028824
rl4crn_rne_oscillator_trace_8rxn_stop_risksched085to09_lr1e4_entropy005_s4_c1_rnetol_d256_depth3_p20,seed306,306,518,51800,100,16,110.88318434950534,112.64494788178246,110.77651530911233,False,max_epochs,2542.110602617264
rl4crn_rne_oscillator_trace_8rxn_stop_risksched085to09_lr1e4_entropy005_s4_c1_rnetol_d256_depth3_p20,seed306,306,519,51900,100,16,110.82291962261783,112.34527789509157,110.77651530911233,False,max_epochs,2547.5589530467987
rl4crn_rne_oscillator_trace_8rxn_stop_risksched085to09_lr1e4_entropy005_s4_c1_rnetol_d256_depth3_p20,seed306,306,520,52000,100,16,110.82861149044233,111.89980441706768,110.77651530911233,False,max_epochs,2552.9526851177216
rl4crn_rne_oscillator_trace_8rxn_stop_risksched085to09_lr1e4_entropy005_s4_c1_rnetol_d256_depth3_p20,seed306,306,521,52100,100,16,110.88719371594247,112.06981123223409,110.77651530911233,False,max_epochs,2558.4760625362396
rl4crn_rne_oscillator_trace_8rxn_stop_risksched085to09_lr1e4_entropy005_s4_c1_rnetol_d256_depth3_p20,seed306,306,522,52200,100,16,110.7991578554358,112.04406126537003,110.77651530911233,False,max_epochs,2564.1112360954285
rl4crn_rne_oscillator_trace_8rxn_stop_risksched085to09_lr1e4_entropy005_s4_c1_rnetol_d256_depth3_p20,seed306,306,523,52300,100,16,110.97148047175338,113.3227059463326,110.77651530911233,False,max_epochs,2569.41388630867
rl4crn_rne_oscillator_trace_8rxn_stop_risksched085to09_lr1e4_entropy005_s4_c1_rnetol_d256_depth3_p20,seed306,306,524,52400,100,16,110.87542889163878,113.27985542599285,110.77651530911233,False,max_epochs,2575.1776893138885
rl4crn_rne_oscillator_trace_8rxn_stop_risksched085to09_lr1e4_entropy005_s4_c1_rnetol_d256_depth3_p20,seed306,306,525,52500,100,16,110.84671549035694,112.05487938214425,110.77651530911233,False,max_epochs,2580.1307203769684
rl4crn_rne_oscillator_trace_8rxn_stop_risksched085to09_lr1e4_entropy005_s4_c1_rnetol_d256_depth3_p20,seed306,306,526,52600,100,16,110.9982541299916,112.31093489021671,110.77651530911233,False,max_epochs,2586.2824516296387
rl4crn_rne_oscillator_trace_8rxn_stop_risksched085to09_lr1e4_entropy005_s4_c1_rnetol_d256_depth3_p20,seed306,306,527,52700,100,16,110.89130915073358,112.25945443682599,110.77651530911233,False,max_epochs,2591.4298329353333
rl4crn_rne_oscillator_trace_8rxn_stop_risksched085to09_lr1e4_entropy005_s4_c1_rnetol_d256_depth3_p20,seed306,306,528,52800,100,16,111.13893187073327,113.15036867594823,110.77651530911233,False,max_epochs,2596.87225317955
rl4crn_rne_oscillator_trace_8rxn_stop_risksched085to09_lr1e4_entropy005_s4_c1_rnetol_d256_depth3_p20,seed306,306,529,52900,100,16,111.45570266760298,112.91109988460977,110.77651530911233,False,max_epochs,2602.151685476303
rl4crn_rne_oscillator_trace_8rxn_stop_risksched085to09_lr1e4_entropy005_s4_c1_rnetol_d256_depth3_p20,seed306,306,530,53000,100,16,110.98143623237966,112.30847955571761,110.77651530911233,False,max_epochs,2607.847524166107
rl4crn_rne_oscillator_trace_8rxn_stop_risksched085to09_lr1e4_entropy005_s4_c1_rnetol_d256_depth3_p20,seed306,306,531,53100,100,16,110.90058971871986,112.19512686788076,110.77651530911233,False,max_epochs,2613.0624210834503
rl4crn_rne_oscillator_trace_8rxn_stop_risksched085to09_lr1e4_entropy005_s4_c1_rnetol_d256_depth3_p20,seed306,306,532,53200,100,16,110.91481741683008,112.55974543739012,110.77651530911233,False,max_epochs,2618.3712787628174
rl4crn_rne_oscillator_trace_8rxn_stop_risksched085to09_lr1e4_entropy005_s4_c1_rnetol_d256_depth3_p20,seed306,306,533,53300,100,16,110.83747036599262,111.84952427865326,110.77651530911233,False,max_epochs,2623.283050298691
rl4crn_rne_oscillator_trace_8rxn_stop_risksched085to09_lr1e4_entropy005_s4_c1_rnetol_d256_depth3_p20,seed306,306,534,53400,100,16,110.9384484151738,112.64207142323406,110.77651530911233,False,max_epochs,2628.248989343643
rl4crn_rne_oscillator_trace_8rxn_stop_risksched085to09_lr1e4_entropy005_s4_c1_rnetol_d256_depth3_p20,seed306,306,535,53500,100,16,111.00687007271864,112.39919926662338,110.77651530911233,False,max_epochs,2631.2311091423035
rl4crn_rne_oscillator_trace_8rxn_stop_risksched085to09_lr1e4_entropy005_s4_c1_rnetol_d256_depth3_p20,seed306,306,536,53600,100,16,110.86041877939792,112.22397129744829,110.77651530911233,False,max_epochs,2635.2729313373566
rl4crn_rne_oscillator_trace_8rxn_stop_risksched085to09_lr1e4_entropy005_s4_c1_rnetol_d256_depth3_p20,seed306,306,537,53700,100,16,110.88038324533619,112.83824184420212,110.77651530911233,False,max_epochs,2640.4403581619263
rl4crn_rne_oscillator_trace_8rxn_stop_risksched085to09_lr1e4_entropy005_s4_c1_rnetol_d256_depth3_p20,seed306,306,538,53800,100,16,110.89292506521797,112.46708806289794,110.77651530911233,False,max_epochs,2646.045873641968
rl4crn_rne_oscillator_trace_8rxn_stop_risksched085to09_lr1e4_entropy005_s4_c1_rnetol_d256_depth3_p20,seed306,306,539,53900,100,16,110.8691048739125,111.97026311810714,110.77651530911233,False,max_epochs,2650.7281682491302
rl4crn_rne_oscillator_trace_8rxn_stop_risksched085to09_lr1e4_entropy005_s4_c1_rnetol_d256_depth3_p20,seed306,306,540,54000,100,16,110.80691916805378,111.9006402877219,110.77651530911233,False,max_epochs,2655.6121220588684
rl4crn_rne_oscillator_trace_8rxn_stop_risksched085to09_lr1e4_entropy005_s4_c1_rnetol_d256_depth3_p20,seed306,306,541,54100,100,16,110.7734696657976,111.92971361122548,110.7734696657976,False,max_epochs,2657.9355754852295
rl4crn_rne_oscillator_trace_8rxn_stop_risksched085to09_lr1e4_entropy005_s4_c1_rnetol_d256_depth3_p20,seed306,306,542,54200,100,16,110.90618979268484,112.2528283157317,110.7734696657976,False,max_epochs,2662.8561737537384
rl4crn_rne_oscillator_trace_8rxn_stop_risksched085to09_lr1e4_entropy005_s4_c1_rnetol_d256_depth3_p20,seed306,306,543,54300,100,16,110.80412840528297,111.65847256776976,110.7734696657976,False,max_epochs,2668.2882964611053
rl4crn_rne_oscillator_trace_8rxn_stop_risksched085to09_lr1e4_entropy005_s4_c1_rnetol_d256_depth3_p20,seed306,306,544,54400,100,16,110.85935044519002,112.69818531303505,110.7734696657976,False,max_epochs,2673.5500915050507
rl4crn_rne_oscillator_trace_8rxn_stop_risksched085to09_lr1e4_entropy005_s4_c1_rnetol_d256_depth3_p20,seed306,306,545,54500,100,16,110.81095159468407,113.47976223253849,110.7734696657976,False,max_epochs,2678.564386367798
rl4crn_rne_oscillator_trace_8rxn_stop_risksched085to09_lr1e4_entropy005_s4_c1_rnetol_d256_depth3_p20,seed306,306,546,54600,100,16,110.88391725710943,112.59036052820609,110.7734696657976,False,max_epochs,2683.4971346855164
rl4crn_rne_oscillator_trace_8rxn_stop_risksched085to09_lr1e4_entropy005_s4_c1_rnetol_d256_depth3_p20,seed306,306,547,54700,100,16,110.82130826895896,112.14660137674042,110.7734696657976,False,max_epochs,2688.1984429359436
rl4crn_rne_oscillator_trace_8rxn_stop_risksched085to09_lr1e4_entropy005_s4_c1_rnetol_d256_depth3_p20,seed306,306,548,54800,100,16,110.89875248664914,112.31599407155582,110.7734696657976,False,max_epochs,2690.6790704727173
rl4crn_rne_oscillator_trace_8rxn_stop_risksched085to09_lr1e4_entropy005_s4_c1_rnetol_d256_depth3_p20,seed306,306,549,54900,100,16,111.0011897424948,113.19202737912975,110.7734696657976,False,max_epochs,2695.7288649082184
rl4crn_rne_oscillator_trace_8rxn_stop_risksched085to09_lr1e4_entropy005_s4_c1_rnetol_d256_depth3_p20,seed306,306,550,55000,100,16,112.12291733575266,114.19848957497658,110.7734696657976,False,max_epochs,2701.0374858379364
rl4crn_rne_oscillator_trace_8rxn_stop_risksched085to09_lr1e4_entropy005_s4_c1_rnetol_d256_depth3_p20,seed306,306,551,55100,100,16,112.69341678938906,114.44844405257547,110.7734696657976,False,max_epochs,2706.5238587856293
rl4crn_rne_oscillator_trace_8rxn_stop_risksched085to09_lr1e4_entropy005_s4_c1_rnetol_d256_depth3_p20,seed306,306,552,55200,100,16,111.88357236162426,114.16541829651398,110.7734696657976,False,max_epochs,2712.2069704532623
rl4crn_rne_oscillator_trace_8rxn_stop_risksched085to09_lr1e4_entropy005_s4_c1_rnetol_d256_depth3_p20,seed306,306,553,55300,100,16,111.1346655818526,113.4892559753198,110.7734696657976,False,max_epochs,2717.428599357605
rl4crn_rne_oscillator_trace_8rxn_stop_risksched085to09_lr1e4_entropy005_s4_c1_rnetol_d256_depth3_p20,seed306,306,554,55400,100,16,110.95114010954049,112.56202024673291,110.7734696657976,False,max_epochs,2722.9366557598114
rl4crn_rne_oscillator_trace_8rxn_stop_risksched085to09_lr1e4_entropy005_s4_c1_rnetol_d256_depth3_p20,seed306,306,555,55500,100,16,110.8125311516168,112.5137333545656,110.7734696657976,False,max_epochs,2728.3741619586945
rl4crn_rne_oscillator_trace_8rxn_stop_risksched085to09_lr1e4_entropy005_s4_c1_rnetol_d256_depth3_p20,seed306,306,556,55600,100,16,110.85237722534754,112.88932085540819,110.7734696657976,False,max_epochs,2734.12246632576
rl4crn_rne_oscillator_trace_8rxn_stop_risksched085to09_lr1e4_entropy005_s4_c1_rnetol_d256_depth3_p20,seed306,306,557,55700,100,16,110.84402438179032,112.94661694952242,110.7734696657976,False,max_epochs,2738.990624189377
rl4crn_rne_oscillator_trace_8rxn_stop_risksched085to09_lr1e4_entropy005_s4_c1_rnetol_d256_depth3_p20,seed306,306,558,55800,100,16,110.83930390969682,113.11889697583626,110.7734696657976,False,max_epochs,2743.935654401779
rl4crn_rne_oscillator_trace_8rxn_stop_risksched085to09_lr1e4_entropy005_s4_c1_rnetol_d256_depth3_p20,seed306,306,559,55900,100,16,110.97894569635503,115.0792004007003,110.7734696657976,False,max_epochs,2748.89803647995
rl4crn_rne_oscillator_trace_8rxn_stop_risksched085to09_lr1e4_entropy005_s4_c1_rnetol_d256_depth3_p20,seed306,306,560,56000,100,16,110.92943778977397,113.25684028213783,110.7734696657976,False,max_epochs,2751.360211133957
rl4crn_rne_oscillator_trace_8rxn_stop_risksched085to09_lr1e4_entropy005_s4_c1_rnetol_d256_depth3_p20,seed306,306,561,56100,100,16,110.8900201993272,113.21494784118681,110.7734696657976,False,max_epochs,2756.06826877594
rl4crn_rne_oscillator_trace_8rxn_stop_risksched085to09_lr1e4_entropy005_s4_c1_rnetol_d256_depth3_p20,seed306,306,562,56200,100,16,110.87305064625897,112.86023169022906,110.7734696657976,False,max_epochs,2761.068353176117
rl4crn_rne_oscillator_trace_8rxn_stop_risksched085to09_lr1e4_entropy005_s4_c1_rnetol_d256_depth3_p20,seed306,306,563,56300,100,16,110.95344258199967,113.47550344471088,110.7734696657976,False,max_epochs,2766.3768825531006
rl4crn_rne_oscillator_trace_8rxn_stop_risksched085to09_lr1e4_entropy005_s4_c1_rnetol_d256_depth3_p20,seed306,306,564,56400,100,16,110.7743470671994,113.26257559876615,110.7734696657976,False,max_epochs,2772.164398908615
rl4crn_rne_oscillator_trace_8rxn_stop_risksched085to09_lr1e4_entropy005_s4_c1_rnetol_d256_depth3_p20,seed306,306,565,56500,100,16,110.98363832090226,113.3933324122317,110.7734696657976,False,max_epochs,2777.470247030258
rl4crn_rne_oscillator_trace_8rxn_stop_risksched085to09_lr1e4_entropy005_s4_c1_rnetol_d256_depth3_p20,seed306,306,566,56600,100,16,110.96020843608811,113.73340520149928,110.7734696657976,False,max_epochs,2782.296292066574
rl4crn_rne_oscillator_trace_8rxn_stop_risksched085to09_lr1e4_entropy005_s4_c1_rnetol_d256_depth3_p20,seed306,306,567,56700,100,16,110.90716236019955,113.94292140584592,110.7734696657976,False,max_epochs,2787.3375787734985
rl4crn_rne_oscillator_trace_8rxn_stop_risksched085to09_lr1e4_entropy005_s4_c1_rnetol_d256_depth3_p20,seed306,306,568,56800,100,16,111.04052136436633,112.9851599922925,110.7734696657976,False,max_epochs,2790.921056032181
rl4crn_rne_oscillator_trace_8rxn_stop_risksched085to09_lr1e4_entropy005_s4_c1_rnetol_d256_depth3_p20,seed306,306,569,56900,100,16,111.05093315416828,113.07399759748722,110.7734696657976,False,max_epochs,2794.8707263469696
rl4crn_rne_oscillator_trace_8rxn_stop_risksched085to09_lr1e4_entropy005_s4_c1_rnetol_d256_depth3_p20,seed306,306,570,57000,100,16,110.89851659659593,112.41141287970919,110.7734696657976,False,max_epochs,2800.0430908203125
rl4crn_rne_oscillator_trace_8rxn_stop_risksched085to09_lr1e4_entropy005_s4_c1_rnetol_d256_depth3_p20,seed306,306,571,57100,100,16,110.8749575368414,113.67817008884798,110.7734696657976,False,max_epochs,2805.3212127685547
rl4crn_rne_oscillator_trace_8rxn_stop_risksched085to09_lr1e4_entropy005_s4_c1_rnetol_d256_depth3_p20,seed306,306,572,57200,100,16,110.86528368484096,113.63949953795664,110.7734696657976,False,max_epochs,2810.9309463500977
rl4crn_rne_oscillator_trace_8rxn_stop_risksched085to09_lr1e4_entropy005_s4_c1_rnetol_d256_depth3_p20,seed306,306,573,57300,100,16,110.97972713282329,112.86633442545991,110.7734696657976,False,max_epochs,2816.12629032135
rl4crn_rne_oscillator_trace_8rxn_stop_risksched085to09_lr1e4_entropy005_s4_c1_rnetol_d256_depth3_p20,seed306,306,574,57400,100,16,110.89835743671652,112.59186610515346,110.7734696657976,False,max_epochs,2821.354510784149
rl4crn_rne_oscillator_trace_8rxn_stop_risksched085to09_lr1e4_entropy005_s4_c1_rnetol_d256_depth3_p20,seed306,306,575,57500,100,16,110.84121652789314,112.41976850242037,110.7734696657976,False,max_epochs,2826.49991106987
rl4crn_rne_oscillator_trace_8rxn_stop_risksched085to09_lr1e4_entropy005_s4_c1_rnetol_d256_depth3_p20,seed306,306,576,57600,100,16,110.9248938712956,112.84730085589965,110.7734696657976,False,max_epochs,2832.12695813179
rl4crn_rne_oscillator_trace_8rxn_stop_risksched085to09_lr1e4_entropy005_s4_c1_rnetol_d256_depth3_p20,seed306,306,577,57700,100,16,110.85993468730823,112.12604606375709,110.7734696657976,False,max_epochs,2837.2823362350464
rl4crn_rne_oscillator_trace_8rxn_stop_risksched085to09_lr1e4_entropy005_s4_c1_rnetol_d256_depth3_p20,seed306,306,578,57800,100,16,111.07638605426314,112.67205184832363,110.7734696657976,False,max_epochs,2842.6541018486023
rl4crn_rne_oscillator_trace_8rxn_stop_risksched085to09_lr1e4_entropy005_s4_c1_rnetol_d256_depth3_p20,seed306,306,579,57900,100,16,111.0778320292586,113.1588876755572,110.7734696657976,False,max_epochs,2847.888278245926
rl4crn_rne_oscillator_trace_8rxn_stop_risksched085to09_lr1e4_entropy005_s4_c1_rnetol_d256_depth3_p20,seed306,306,580,58000,100,16,110.88641528412383,112.9558900881465,110.7734696657976,False,max_epochs,2853.4450211524963
rl4crn_rne_oscillator_trace_8rxn_stop_risksched085to09_lr1e4_entropy005_s4_c1_rnetol_d256_depth3_p20,seed306,306,581,58100,100,16,110.99251622897725,112.51677970096213,110.7734696657976,False,max_epochs,2858.742560148239
rl4crn_rne_oscillator_trace_8rxn_stop_risksched085to09_lr1e4_entropy005_s4_c1_rnetol_d256_depth3_p20,seed306,306,582,58200,100,16,110.98650374736722,112.91909081952569,110.7734696657976,False,max_epochs,2864.073890209198
rl4crn_rne_oscillator_trace_8rxn_stop_risksched085to09_lr1e4_entropy005_s4_c1_rnetol_d256_depth3_p20,seed306,306,583,58300,100,16,111.01061494418923,112.97009824394915,110.7734696657976,False,max_epochs,2869.58735704422
rl4crn_rne_oscillator_trace_8rxn_stop_risksched085to09_lr1e4_entropy005_s4_c1_rnetol_d256_depth3_p20,seed306,306,584,58400,100,16,110.94275926381839,112.76025261324467,110.7734696657976,False,max_epochs,2875.3191001415253
rl4crn_rne_oscillator_trace_8rxn_stop_risksched085to09_lr1e4_entropy005_s4_c1_rnetol_d256_depth3_p20,seed306,306,585,58500,100,16,110.80401059793623,111.78182354305955,110.7734696657976,False,max_epochs,2880.704796075821
rl4crn_rne_oscillator_trace_8rxn_stop_risksched085to09_lr1e4_entropy005_s4_c1_rnetol_d256_depth3_p20,seed306,306,586,58600,100,16,110.83938210854697,112.73723725513932,110.7734696657976,False,max_epochs,2885.9820556640625
rl4crn_rne_oscillator_trace_8rxn_stop_risksched085to09_lr1e4_entropy005_s4_c1_rnetol_d256_depth3_p20,seed306,306,587,58700,100,16,110.9614842240367,113.06134926754805,110.7734696657976,False,max_epochs,2891.33855342865
rl4crn_rne_oscillator_trace_8rxn_stop_risksched085to09_lr1e4_entropy005_s4_c1_rnetol_d256_depth3_p20,seed306,306,588,58800,100,16,110.78518063518214,113.65276826496762,110.7734696657976,False,max_epochs,2897.127934217453
rl4crn_rne_oscillator_trace_8rxn_stop_risksched085to09_lr1e4_entropy005_s4_c1_rnetol_d256_depth3_p20,seed306,306,589,58900,100,16,111.45838155055111,115.12756762083366,110.7734696657976,False,max_epochs,2902.013193130493
rl4crn_rne_oscillator_trace_8rxn_stop_risksched085to09_lr1e4_entropy005_s4_c1_rnetol_d256_depth3_p20,seed306,306,590,59000,100,16,111.3996522939982,113.95191375377834,110.7734696657976,False,max_epochs,2907.274614572525
rl4crn_rne_oscillator_trace_8rxn_stop_risksched085to09_lr1e4_entropy005_s4_c1_rnetol_d256_depth3_p20,seed306,306,591,59100,100,16,111.05074748510415,112.92492357717452,110.7734696657976,False,max_epochs,2912.1964058876038
rl4crn_rne_oscillator_trace_8rxn_stop_risksched085to09_lr1e4_entropy005_s4_c1_rnetol_d256_depth3_p20,seed306,306,592,59200,100,16,110.93883651520376,111.76923382836392,110.7734696657976,False,max_epochs,2917.2112321853638
rl4crn_rne_oscillator_trace_8rxn_stop_risksched085to09_lr1e4_entropy005_s4_c1_rnetol_d256_depth3_p20,seed306,306,593,59300,100,16,110.82210491863069,112.00712464606502,110.7734696657976,False,max_epochs,2921.6373884677887
rl4crn_rne_oscillator_trace_8rxn_stop_risksched085to09_lr1e4_entropy005_s4_c1_rnetol_d256_depth3_p20,seed306,306,594,59400,100,16,110.89771715632148,112.18242249095053,110.7734696657976,False,max_epochs,2924.2400188446045
rl4crn_rne_oscillator_trace_8rxn_stop_risksched085to09_lr1e4_entropy005_s4_c1_rnetol_d256_depth3_p20,seed306,306,595,59500,100,16,110.80205044971602,112.53389950534682,110.7734696657976,False,max_epochs,2929.3388166427612
rl4crn_rne_oscillator_trace_8rxn_stop_risksched085to09_lr1e4_entropy005_s4_c1_rnetol_d256_depth3_p20,seed306,306,596,59600,100,16,110.97995547704673,112.78113897224412,110.7734696657976,False,max_epochs,2935.09553194046
rl4crn_rne_oscillator_trace_8rxn_stop_risksched085to09_lr1e4_entropy005_s4_c1_rnetol_d256_depth3_p20,seed306,306,597,59700,100,16,111.01818925704852,113.16541363174194,110.7734696657976,False,max_epochs,2940.384548187256
rl4crn_rne_oscillator_trace_8rxn_stop_risksched085to09_lr1e4_entropy005_s4_c1_rnetol_d256_depth3_p20,seed306,306,598,59800,100,16,110.99345227933654,112.83548866007916,110.7734696657976,False,max_epochs,2945.0594832897186
rl4crn_rne_oscillator_trace_8rxn_stop_risksched085to09_lr1e4_entropy005_s4_c1_rnetol_d256_depth3_p20,seed306,306,599,59900,100,16,110.8677640538721,111.99462481384863,110.7734696657976,False,max_epochs,2949.865846157074
rl4crn_rne_oscillator_trace_8rxn_stop_risksched085to09_lr1e4_entropy005_s4_c1_rnetol_d256_depth3_p20,seed306,306,600,60000,100,16,110.89648826714853,112.19681199335795,110.7734696657976,False,max_epochs,2954.1476871967316
rl4crn_rne_oscillator_trace_8rxn_stop_risksched085to09_lr1e4_entropy005_s4_c1_rnetol_d256_depth3_p20,seed306,306,601,60100,100,16,110.85367506818339,112.03400932142618,110.7734696657976,False,max_epochs,2956.74223613739
rl4crn_rne_oscillator_trace_8rxn_stop_risksched085to09_lr1e4_entropy005_s4_c1_rnetol_d256_depth3_p20,seed306,306,602,60200,100,16,110.8645944806343,111.91396320059431,110.7734696657976,False,max_epochs,2961.854360103607
rl4crn_rne_oscillator_trace_8rxn_stop_risksched085to09_lr1e4_entropy005_s4_c1_rnetol_d256_depth3_p20,seed306,306,603,60300,100,16,110.92618834232059,111.77534113607305,110.7734696657976,False,max_epochs,2967.3011934757233
rl4crn_rne_oscillator_trace_8rxn_stop_risksched085to09_lr1e4_entropy005_s4_c1_rnetol_d256_depth3_p20,seed306,306,604,60400,100,16,110.84480301436533,112.20343356246974,110.7734696657976,False,max_epochs,2972.955862045288
rl4crn_rne_oscillator_trace_8rxn_stop_risksched085to09_lr1e4_entropy005_s4_c1_rnetol_d256_depth3_p20,seed306,306,605,60500,100,16,110.85864869027702,111.81293243392736,110.7734696657976,False,max_epochs,2978.165550470352
rl4crn_rne_oscillator_trace_8rxn_stop_risksched085to09_lr1e4_entropy005_s4_c1_rnetol_d256_depth3_p20,seed306,306,606,60600,100,16,110.90927978833959,112.25025261836666,110.7734696657976,False,max_epochs,2983.1886155605316
rl4crn_rne_oscillator_trace_8rxn_stop_risksched085to09_lr1e4_entropy005_s4_c1_rnetol_d256_depth3_p20,seed306,306,607,60700,100,16,111.02297148232194,112.41515085324345,110.7734696657976,False,max_epochs,2988.4924540519714
rl4crn_rne_oscillator_trace_8rxn_stop_risksched085to09_lr1e4_entropy005_s4_c1_rnetol_d256_depth3_p20,seed306,306,608,60800,100,16,110.82355156270775,112.28538792589069,110.7734696657976,False,max_epochs,2993.4794590473175
rl4crn_rne_oscillator_trace_8rxn_stop_risksched085to09_lr1e4_entropy005_s4_c1_rnetol_d256_depth3_p20,seed306,306,609,60900,100,16,110.87032002668082,112.11701014517661,110.7734696657976,False,max_epochs,2998.182478427887
rl4crn_rne_oscillator_trace_8rxn_stop_risksched085to09_lr1e4_entropy005_s4_c1_rnetol_d256_depth3_p20,seed306,306,610,61000,100,16,110.99635983916474,112.70811659164208,110.7734696657976,False,max_epochs,3000.50199341774
rl4crn_rne_oscillator_trace_8rxn_stop_risksched085to09_lr1e4_entropy005_s4_c1_rnetol_d256_depth3_p20,seed306,306,611,61100,100,16,111.11507356570827,113.39690675733429,110.7734696657976,False,max_epochs,3005.6087522506714
rl4crn_rne_oscillator_trace_8rxn_stop_risksched085to09_lr1e4_entropy005_s4_c1_rnetol_d256_depth3_p20,seed306,306,612,61200,100,16,110.86120315684684,112.51204205639812,110.7734696657976,False,max_epochs,3011.21724486351
rl4crn_rne_oscillator_trace_8rxn_stop_risksched085to09_lr1e4_entropy005_s4_c1_rnetol_d256_depth3_p20,seed306,306,613,61300,100,16,110.86444923404456,112.30886159342197,110.7734696657976,False,max_epochs,3016.4456448554993
rl4crn_rne_oscillator_trace_8rxn_stop_risksched085to09_lr1e4_entropy005_s4_c1_rnetol_d256_depth3_p20,seed306,306,614,61400,100,16,110.85188608308165,112.46947135350098,110.7734696657976,False,max_epochs,3021.7808928489685
rl4crn_rne_oscillator_trace_8rxn_stop_risksched085to09_lr1e4_entropy005_s4_c1_rnetol_d256_depth3_p20,seed306,306,615,61500,100,16,110.98952098934927,112.17866363096269,110.7734696657976,False,max_epochs,3027.031757593155
rl4crn_rne_oscillator_trace_8rxn_stop_risksched085to09_lr1e4_entropy005_s4_c1_rnetol_d256_depth3_p20,seed306,306,616,61600,100,16,110.93051259165595,112.0162532875062,110.7734696657976,False,max_epochs,3032.37273645401
rl4crn_rne_oscillator_trace_8rxn_stop_risksched085to09_lr1e4_entropy005_s4_c1_rnetol_d256_depth3_p20,seed306,306,617,61700,100,16,110.82287711507897,111.69875768945118,110.7734696657976,False,max_epochs,3037.3435962200165
rl4crn_rne_oscillator_trace_8rxn_stop_risksched085to09_lr1e4_entropy005_s4_c1_rnetol_d256_depth3_p20,seed306,306,618,61800,100,16,110.97792701545471,111.97497481719252,110.7734696657976,False,max_epochs,3041.9930503368378
rl4crn_rne_oscillator_trace_8rxn_stop_risksched085to09_lr1e4_entropy005_s4_c1_rnetol_d256_depth3_p20,seed306,306,619,61900,100,16,110.88262770713763,111.61786101901242,110.7734696657976,False,max_epochs,3045.1617469787598
rl4crn_rne_oscillator_trace_8rxn_stop_risksched085to09_lr1e4_entropy005_s4_c1_rnetol_d256_depth3_p20,seed306,306,620,62000,100,16,110.84651045386494,111.64559645842468,110.7734696657976,False,max_epochs,3049.2164421081543
rl4crn_rne_oscillator_trace_8rxn_stop_risksched085to09_lr1e4_entropy005_s4_c1_rnetol_d256_depth3_p20,seed306,306,621,62100,100,16,110.8689801585007,111.67925651443377,110.7734696657976,False,max_epochs,3054.6817111968994
rl4crn_rne_oscillator_trace_8rxn_stop_risksched085to09_lr1e4_entropy005_s4_c1_rnetol_d256_depth3_p20,seed306,306,622,62200,100,16,110.9488556880174,111.92255487833056,110.7734696657976,False,max_epochs,3059.869702577591
rl4crn_rne_oscillator_trace_8rxn_stop_risksched085to09_lr1e4_entropy005_s4_c1_rnetol_d256_depth3_p20,seed306,306,623,62300,100,16,110.8347998841574,112.36261040306087,110.7734696657976,False,max_epochs,3065.194251060486
rl4crn_rne_oscillator_trace_8rxn_stop_risksched085to09_lr1e4_entropy005_s4_c1_rnetol_d256_depth3_p20,seed306,306,624,62400,100,16,110.96522042078917,111.84782033641471,110.7734696657976,False,max_epochs,3070.1419746875763
rl4crn_rne_oscillator_trace_8rxn_stop_risksched085to09_lr1e4_entropy005_s4_c1_rnetol_d256_depth3_p20,seed306,306,625,62500,100,16,110.8388453076841,111.54757436406908,110.7734696657976,False,max_epochs,3075.12646484375
rl4crn_rne_oscillator_trace_8rxn_stop_risksched085to09_lr1e4_entropy005_s4_c1_rnetol_d256_depth3_p20,seed306,306,626,62600,100,16,110.88986115615313,113.23188929332753,110.7734696657976,False,max_epochs,3077.5224120616913
rl4crn_rne_oscillator_trace_8rxn_stop_risksched085to09_lr1e4_entropy005_s4_c1_rnetol_d256_depth3_p20,seed306,306,627,62700,100,16,110.90527681397272,112.65053621080853,110.7734696657976,False,max_epochs,3082.1715862751007
rl4crn_rne_oscillator_trace_8rxn_stop_risksched085to09_lr1e4_entropy005_s4_c1_rnetol_d256_depth3_p20,seed306,306,628,62800,100,16,110.88354703396227,112.06681836688786,110.7734696657976,False,max_epochs,3087.517655611038
rl4crn_rne_oscillator_trace_8rxn_stop_risksched085to09_lr1e4_entropy005_s4_c1_rnetol_d256_depth3_p20,seed306,306,629,62900,100,16,110.84978181768918,112.31452930962593,110.7734696657976,False,max_epochs,3092.7768275737762
rl4crn_rne_oscillator_trace_8rxn_stop_risksched085to09_lr1e4_entropy005_s4_c1_rnetol_d256_depth3_p20,seed306,306,630,63000,100,16,111.0019102425411,112.99943679127861,110.7734696657976,False,max_epochs,3098.329514503479
rl4crn_rne_oscillator_trace_8rxn_stop_risksched085to09_lr1e4_entropy005_s4_c1_rnetol_d256_depth3_p20,seed306,306,631,63100,100,16,111.25376169824203,112.83014707654999,110.7734696657976,False,max_epochs,3103.449873447418
rl4crn_rne_oscillator_trace_8rxn_stop_risksched085to09_lr1e4_entropy005_s4_c1_rnetol_d256_depth3_p20,seed306,306,632,63200,100,16,110.84156418573984,111.97952034857448,110.7734696657976,False,max_epochs,3108.303585767746
rl4crn_rne_oscillator_trace_8rxn_stop_risksched085to09_lr1e4_entropy005_s4_c1_rnetol_d256_depth3_p20,seed306,306,633,63300,100,16,110.85617167112929,111.98543917445107,110.7734696657976,False,max_epochs,3113.3202352523804
rl4crn_rne_oscillator_trace_8rxn_stop_risksched085to09_lr1e4_entropy005_s4_c1_rnetol_d256_depth3_p20,seed306,306,634,63400,100,16,110.86480896810477,111.71765672830693,110.7734696657976,False,max_epochs,3116.627501964569
rl4crn_rne_oscillator_trace_8rxn_stop_risksched085to09_lr1e4_entropy005_s4_c1_rnetol_d256_depth3_p20,seed306,306,635,63500,100,16,110.90199772333254,111.88326835413974,110.7734696657976,False,max_epochs,3120.6857936382294
rl4crn_rne_oscillator_trace_8rxn_stop_risksched085to09_lr1e4_entropy005_s4_c1_rnetol_d256_depth3_p20,seed306,306,636,63600,100,16,110.9452022445673,112.39104844366787,110.7734696657976,False,max_epochs,3126.040772676468
rl4crn_rne_oscillator_trace_8rxn_stop_risksched085to09_lr1e4_entropy005_s4_c1_rnetol_d256_depth3_p20,seed306,306,637,63700,100,16,110.93416717617825,112.57008894826728,110.7734696657976,False,max_epochs,3131.5557510852814
rl4crn_rne_oscillator_trace_8rxn_stop_risksched085to09_lr1e4_entropy005_s4_c1_rnetol_d256_depth3_p20,seed306,306,638,63800,100,16,110.80279304400312,112.10873876130205,110.7734696657976,False,max_epochs,3136.799085378647
rl4crn_rne_oscillator_trace_8rxn_stop_risksched085to09_lr1e4_entropy005_s4_c1_rnetol_d256_depth3_p20,seed306,306,639,63900,100,16,110.83311749783012,112.00731544128348,110.7734696657976,False,max_epochs,3141.686561346054
rl4crn_rne_oscillator_trace_8rxn_stop_risksched085to09_lr1e4_entropy005_s4_c1_rnetol_d256_depth3_p20,seed306,306,640,64000,100,16,110.91296522588284,112.77612811584008,110.7734696657976,False,max_epochs,3146.7967536449432
rl4crn_rne_oscillator_trace_8rxn_stop_risksched085to09_lr1e4_entropy005_s4_c1_rnetol_d256_depth3_p20,seed306,306,641,64100,100,16,110.88213483493777,112.54200318860663,110.7734696657976,False,max_epochs,3151.953289747238
rl4crn_rne_oscillator_trace_8rxn_stop_risksched085to09_lr1e4_entropy005_s4_c1_rnetol_d256_depth3_p20,seed306,306,642,64200,100,16,110.84200095679188,111.83781382461498,110.7734696657976,False,max_epochs,3157.1571543216705
rl4crn_rne_oscillator_trace_8rxn_stop_risksched085to09_lr1e4_entropy005_s4_c1_rnetol_d256_depth3_p20,seed306,306,643,64300,100,16,110.83469488972534,111.99361683694764,110.7734696657976,False,max_epochs,3161.9333169460297
rl4crn_rne_oscillator_trace_8rxn_stop_risksched085to09_lr1e4_entropy005_s4_c1_rnetol_d256_depth3_p20,seed306,306,644,64400,100,16,110.87765564187048,111.92015531659233,110.7734696657976,False,max_epochs,3164.268233060837
rl4crn_rne_oscillator_trace_8rxn_stop_risksched085to09_lr1e4_entropy005_s4_c1_rnetol_d256_depth3_p20,seed306,306,645,64500,100,16,110.91669860596205,111.94822077526626,110.7734696657976,False,max_epochs,3169.2373793125153
rl4crn_rne_oscillator_trace_8rxn_stop_risksched085to09_lr1e4_entropy005_s4_c1_rnetol_d256_depth3_p20,seed306,306,646,64600,100,16,110.8351446207523,111.96393499702666,110.7734696657976,False,max_epochs,3174.7964522838593
rl4crn_rne_oscillator_trace_8rxn_stop_risksched085to09_lr1e4_entropy005_s4_c1_rnetol_d256_depth3_p20,seed306,306,647,64700,100,16,110.83202321494163,111.69781094289635,110.7734696657976,False,max_epochs,3180.0203235149384
rl4crn_rne_oscillator_trace_8rxn_stop_risksched085to09_lr1e4_entropy005_s4_c1_rnetol_d256_depth3_p20,seed306,306,648,64800,100,16,110.81363751219124,112.10322618252528,110.7734696657976,False,max_epochs,3185.4792647361755
rl4crn_rne_oscillator_trace_8rxn_stop_risksched085to09_lr1e4_entropy005_s4_c1_rnetol_d256_depth3_p20,seed306,306,649,64900,100,16,110.86674120466667,111.85947776260315,110.7734696657976,False,max_epochs,3190.942480802536
rl4crn_rne_oscillator_trace_8rxn_stop_risksched085to09_lr1e4_entropy005_s4_c1_rnetol_d256_depth3_p20,seed306,306,650,65000,100,16,111.03364199458483,111.72212344084453,110.7734696657976,False,max_epochs,3196.422287464142
rl4crn_rne_oscillator_trace_8rxn_stop_risksched085to09_lr1e4_entropy005_s4_c1_rnetol_d256_depth3_p20,seed306,306,651,65100,100,16,110.94727231057439,111.9377375279187,110.7734696657976,False,max_epochs,3201.6871020793915
rl4crn_rne_oscillator_trace_8rxn_stop_risksched085to09_lr1e4_entropy005_s4_c1_rnetol_d256_depth3_p20,seed306,306,652,65200,100,16,110.82470084376563,111.7290576549263,110.7734696657976,False,max_epochs,3206.621416091919
rl4crn_rne_oscillator_trace_8rxn_stop_risksched085to09_lr1e4_entropy005_s4_c1_rnetol_d256_depth3_p20,seed306,306,653,65300,100,16,110.86911146865482,111.73875288775977,110.7734696657976,False,max_epochs,3211.5476887226105
rl4crn_rne_oscillator_trace_8rxn_stop_risksched085to09_lr1e4_entropy005_s4_c1_rnetol_d256_depth3_p20,seed306,306,654,65400,100,16,110.81488826849497,111.68137416473449,110.7734696657976,False,max_epochs,3213.862130880356
rl4crn_rne_oscillator_trace_8rxn_stop_risksched085to09_lr1e4_entropy005_s4_c1_rnetol_d256_depth3_p20,seed306,306,655,65500,100,16,110.9168065912064,111.66520213910556,110.7734696657976,False,max_epochs,3218.7146351337433
rl4crn_rne_oscillator_trace_8rxn_stop_risksched085to09_lr1e4_entropy005_s4_c1_rnetol_d256_depth3_p20,seed306,306,656,65600,100,16,110.85876008522976,111.68313313287099,110.7734696657976,False,max_epochs,3224.198008298874
rl4crn_rne_oscillator_trace_8rxn_stop_risksched085to09_lr1e4_entropy005_s4_c1_rnetol_d256_depth3_p20,seed306,306,657,65700,100,16,110.80656839071268,111.84561072235181,110.7734696657976,False,max_epochs,3229.5498843193054
rl4crn_rne_oscillator_trace_8rxn_stop_risksched085to09_lr1e4_entropy005_s4_c1_rnetol_d256_depth3_p20,seed306,306,658,65800,100,16,110.89106376560945,111.68581611379983,110.7734696657976,False,max_epochs,3235.2197325229645
rl4crn_rne_oscillator_trace_8rxn_stop_risksched085to09_lr1e4_entropy005_s4_c1_rnetol_d256_depth3_p20,seed306,306,659,65900,100,16,110.87697703034506,112.21897491330499,110.7734696657976,False,max_epochs,3240.358823299408
rl4crn_rne_oscillator_trace_8rxn_stop_risksched085to09_lr1e4_entropy005_s4_c1_rnetol_d256_depth3_p20,seed306,306,660,66000,100,16,110.92967861934707,112.37479919126292,110.7734696657976,False,max_epochs,3245.704709291458
rl4crn_rne_oscillator_trace_8rxn_stop_risksched085to09_lr1e4_entropy005_s4_c1_rnetol_d256_depth3_p20,seed306,306,661,66100,100,16,110.83640687247618,111.36254074470952,110.7734696657976,False,max_epochs,3250.6668152809143
rl4crn_rne_oscillator_trace_8rxn_stop_risksched085to09_lr1e4_entropy005_s4_c1_rnetol_d256_depth3_p20,seed306,306,662,66200,100,16,110.84282864008149,111.40069028532369,110.7734696657976,False,max_epochs,3255.9241099357605
rl4crn_rne_oscillator_trace_8rxn_stop_risksched085to09_lr1e4_entropy005_s4_c1_rnetol_d256_depth3_p20,seed306,306,663,66300,100,16,110.78075736173798,111.70871467137047,110.7734696657976,False,max_epochs,3260.8166785240173
rl4crn_rne_oscillator_trace_8rxn_stop_risksched085to09_lr1e4_entropy005_s4_c1_rnetol_d256_depth3_p20,seed306,306,664,66400,100,16,110.7873635253732,111.50501102165109,110.7734696657976,False,max_epochs,3263.118997335434
rl4crn_rne_oscillator_trace_8rxn_stop_risksched085to09_lr1e4_entropy005_s4_c1_rnetol_d256_depth3_p20,seed306,306,665,66500,100,16,111.10434929132151,112.31734300751765,110.7734696657976,False,max_epochs,3268.0284082889557
rl4crn_rne_oscillator_trace_8rxn_stop_risksched085to09_lr1e4_entropy005_s4_c1_rnetol_d256_depth3_p20,seed306,306,666,66600,100,16,111.18300155389186,112.26261942702652,110.7734696657976,False,max_epochs,3273.6760132312775
rl4crn_rne_oscillator_trace_8rxn_stop_risksched085to09_lr1e4_entropy005_s4_c1_rnetol_d256_depth3_p20,seed306,306,667,66700,100,16,110.8523256700922,111.71452994729798,110.7734696657976,False,max_epochs,3278.824996471405
rl4crn_rne_oscillator_trace_8rxn_stop_risksched085to09_lr1e4_entropy005_s4_c1_rnetol_d256_depth3_p20,seed306,306,668,66800,100,16,111.02076707250713,112.09740884213153,110.7734696657976,False,max_epochs,3284.035281896591
rl4crn_rne_oscillator_trace_8rxn_stop_risksched085to09_lr1e4_entropy005_s4_c1_rnetol_d256_depth3_p20,seed306,306,669,66900,100,16,110.90166535209497,112.18498652422156,110.7734696657976,False,max_epochs,3289.2551820278168
rl4crn_rne_oscillator_trace_8rxn_stop_risksched085to09_lr1e4_entropy005_s4_c1_rnetol_d256_depth3_p20,seed306,306,670,67000,100,16,110.84744766913457,112.00741365411017,110.7734696657976,False,max_epochs,3294.8668336868286
rl4crn_rne_oscillator_trace_8rxn_stop_risksched085to09_lr1e4_entropy005_s4_c1_rnetol_d256_depth3_p20,seed306,306,671,67100,100,16,110.88076743626708,111.50796117962975,110.7734696657976,False,max_epochs,3300.1609902381897
rl4crn_rne_oscillator_trace_8rxn_stop_risksched085to09_lr1e4_entropy005_s4_c1_rnetol_d256_depth3_p20,seed306,306,672,67200,100,16,110.82680150795332,111.49652059303872,110.7734696657976,False,max_epochs,3305.2345702648163
rl4crn_rne_oscillator_trace_8rxn_stop_risksched085to09_lr1e4_entropy005_s4_c1_rnetol_d256_depth3_p20,seed306,306,673,67300,100,16,110.78812380581064,111.53989736672375,110.7734696657976,False,max_epochs,3310.243611574173
rl4crn_rne_oscillator_trace_8rxn_stop_risksched085to09_lr1e4_entropy005_s4_c1_rnetol_d256_depth3_p20,seed306,306,674,67400,100,16,110.96279904172434,111.85614386760592,110.7734696657976,False,max_epochs,3315.3291354179382
rl4crn_rne_oscillator_trace_8rxn_stop_risksched085to09_lr1e4_entropy005_s4_c1_rnetol_d256_depth3_p20,seed306,306,675,67500,100,16,110.87353242410514,111.64134241984388,110.7734696657976,False,max_epochs,3319.8757486343384
rl4crn_rne_oscillator_trace_8rxn_stop_risksched085to09_lr1e4_entropy005_s4_c1_rnetol_d256_depth3_p20,seed306,306,676,67600,100,16,110.84274562975742,111.85741585030925,110.7734696657976,False,max_epochs,3322.4560203552246
rl4crn_rne_oscillator_trace_8rxn_stop_risksched085to09_lr1e4_entropy005_s4_c1_rnetol_d256_depth3_p20,seed306,306,677,67700,100,16,110.85664668260758,111.50986807933,110.7734696657976,False,max_epochs,3327.524260044098
rl4crn_rne_oscillator_trace_8rxn_stop_risksched085to09_lr1e4_entropy005_s4_c1_rnetol_d256_depth3_p20,seed306,306,678,67800,100,16,110.82209903735419,111.83486442743799,110.7734696657976,False,max_epochs,3332.731998205185
rl4crn_rne_oscillator_trace_8rxn_stop_risksched085to09_lr1e4_entropy005_s4_c1_rnetol_d256_depth3_p20,seed306,306,679,67900,100,16,110.8607728101765,111.78711207895344,110.7734696657976,False,max_epochs,3338.2787392139435
rl4crn_rne_oscillator_trace_8rxn_stop_risksched085to09_lr1e4_entropy005_s4_c1_rnetol_d256_depth3_p20,seed306,306,680,68000,100,16,110.84668670167635,112.09413038059577,110.7734696657976,False,max_epochs,3343.773730278015
rl4crn_rne_oscillator_trace_8rxn_stop_risksched085to09_lr1e4_entropy005_s4_c1_rnetol_d256_depth3_p20,seed306,306,681,68100,100,16,110.82734467600838,111.86073428961491,110.7734696657976,False,max_epochs,3348.8602652549744
rl4crn_rne_oscillator_trace_8rxn_stop_risksched085to09_lr1e4_entropy005_s4_c1_rnetol_d256_depth3_p20,seed306,306,682,68200,100,16,110.82786269003667,111.94303752777283,110.7734696657976,False,max_epochs,3353.722634077072
rl4crn_rne_oscillator_trace_8rxn_stop_risksched085to09_lr1e4_entropy005_s4_c1_rnetol_d256_depth3_p20,seed306,306,683,68300,100,16,111.03207592615647,112.08797064034331,110.7734696657976,False,max_epochs,3358.7741074562073
rl4crn_rne_oscillator_trace_8rxn_stop_risksched085to09_lr1e4_entropy005_s4_c1_rnetol_d256_depth3_p20,seed306,306,684,68400,100,16,110.78231984516117,111.46533257511828,110.7734696657976,False,max_epochs,3363.549713611603
rl4crn_rne_oscillator_trace_8rxn_stop_risksched085to09_lr1e4_entropy005_s4_c1_rnetol_d256_depth3_p20,seed306,306,685,68500,100,16,110.86445282521714,111.68290044237574,110.7734696657976,False,max_epochs,3366.394922733307
rl4crn_rne_oscillator_trace_8rxn_stop_risksched085to09_lr1e4_entropy005_s4_c1_rnetol_d256_depth3_p20,seed306,306,686,68600,100,16,110.80221580488394,111.68341878118373,110.7734696657976,False,max_epochs,3370.954268693924
rl4crn_rne_oscillator_trace_8rxn_stop_risksched085to09_lr1e4_entropy005_s4_c1_rnetol_d256_depth3_p20,seed306,306,687,68700,100,16,110.83785565888945,111.60703134585778,110.7734696657976,False,max_epochs,3376.282189130783
rl4crn_rne_oscillator_trace_8rxn_stop_risksched085to09_lr1e4_entropy005_s4_c1_rnetol_d256_depth3_p20,seed306,306,688,68800,100,16,110.8979518963893,111.92679776324066,110.7734696657976,False,max_epochs,3381.4629294872284
rl4crn_rne_oscillator_trace_8rxn_stop_risksched085to09_lr1e4_entropy005_s4_c1_rnetol_d256_depth3_p20,seed306,306,689,68900,100,16,110.84806631010832,112.19987136871015,110.7734696657976,False,max_epochs,3386.701821088791
rl4crn_rne_oscillator_trace_8rxn_stop_risksched085to09_lr1e4_entropy005_s4_c1_rnetol_d256_depth3_p20,seed306,306,690,69000,100,16,110.83767366130049,111.73035617922845,110.7734696657976,False,max_epochs,3392.145064353943
rl4crn_rne_oscillator_trace_8rxn_stop_risksched085to09_lr1e4_entropy005_s4_c1_rnetol_d256_depth3_p20,seed306,306,691,69100,100,16,110.88865234723869,111.677051250436,110.7734696657976,False,max_epochs,3397.267991542816
rl4crn_rne_oscillator_trace_8rxn_stop_risksched085to09_lr1e4_entropy005_s4_c1_rnetol_d256_depth3_p20,seed306,306,692,69200,100,16,110.91470529787794,112.04855470104746,110.7734696657976,False,max_epochs,3402.161854982376
rl4crn_rne_oscillator_trace_8rxn_stop_risksched085to09_lr1e4_entropy005_s4_c1_rnetol_d256_depth3_p20,seed306,306,693,69300,100,16,110.89691102931366,111.61838666130605,110.7734696657976,False,max_epochs,3407.052346229553
rl4crn_rne_oscillator_trace_8rxn_stop_risksched085to09_lr1e4_entropy005_s4_c1_rnetol_d256_depth3_p20,seed306,306,694,69400,100,16,110.7897301191883,111.63377790838217,110.7734696657976,False,max_epochs,3409.4927802085876
rl4crn_rne_oscillator_trace_8rxn_stop_risksched085to09_lr1e4_entropy005_s4_c1_rnetol_d256_depth3_p20,seed306,306,695,69500,100,16,110.87209958511744,111.58961768147881,110.7734696657976,False,max_epochs,3414.77694439888
rl4crn_rne_oscillator_trace_8rxn_stop_risksched085to09_lr1e4_entropy005_s4_c1_rnetol_d256_depth3_p20,seed306,306,696,69600,100,16,110.84217453098209,111.68914842431022,110.7734696657976,False,max_epochs,3419.9855942726135
rl4crn_rne_oscillator_trace_8rxn_stop_risksched085to09_lr1e4_entropy005_s4_c1_rnetol_d256_depth3_p20,seed306,306,697,69700,100,16,110.89600374781068,112.12786057915474,110.7734696657976,False,max_epochs,3425.383356332779
rl4crn_rne_oscillator_trace_8rxn_stop_risksched085to09_lr1e4_entropy005_s4_c1_rnetol_d256_depth3_p20,seed306,306,698,69800,100,16,110.8278136456714,112.17022138436002,110.7734696657976,False,max_epochs,3431.190134525299
rl4crn_rne_oscillator_trace_8rxn_stop_risksched085to09_lr1e4_entropy005_s4_c1_rnetol_d256_depth3_p20,seed306,306,699,69900,100,16,110.84812720245183,111.78625339876702,110.7734696657976,False,max_epochs,3436.4742708206177
rl4crn_rne_oscillator_trace_8rxn_stop_risksched085to09_lr1e4_entropy005_s4_c1_rnetol_d256_depth3_p20,seed306,306,700,70000,100,16,110.86884844340089,111.65763639339978,110.7734696657976,False,max_epochs,3441.7577912807465
rl4crn_rne_oscillator_trace_8rxn_stop_risksched085to09_lr1e4_entropy005_s4_c1_rnetol_d256_depth3_p20,seed306,306,701,70100,100,16,110.77320643423464,111.70179112995393,110.77320643423464,False,max_epochs,3447.4556169509888
rl4crn_rne_oscillator_trace_8rxn_stop_risksched085to09_lr1e4_entropy005_s4_c1_rnetol_d256_depth3_p20,seed306,306,702,70200,100,16,110.84786346788687,111.6805003111516,110.77320643423464,False,max_epochs,3453.1235687732697
rl4crn_rne_oscillator_trace_8rxn_stop_risksched085to09_lr1e4_entropy005_s4_c1_rnetol_d256_depth3_p20,seed306,306,703,70300,100,16,110.93108968393548,112.3613907543834,110.77320643423464,False,max_epochs,3458.4073162078857
rl4crn_rne_oscillator_trace_8rxn_stop_risksched085to09_lr1e4_entropy005_s4_c1_rnetol_d256_depth3_p20,seed306,306,704,70400,100,16,110.85024598878275,112.36875557220517,110.77320643423464,False,max_epochs,3463.8740673065186
rl4crn_rne_oscillator_trace_8rxn_stop_risksched085to09_lr1e4_entropy005_s4_c1_rnetol_d256_depth3_p20,seed306,306,705,70500,100,16,110.82357678488833,111.70668474461552,110.77320643423464,False,max_epochs,3469.1489975452423
rl4crn_rne_oscillator_trace_8rxn_stop_risksched085to09_lr1e4_entropy005_s4_c1_rnetol_d256_depth3_p20,seed306,306,706,70600,100,16,110.84995234667772,111.86797453140483,110.77320643423464,False,max_epochs,3474.842838525772
rl4crn_rne_oscillator_trace_8rxn_stop_risksched085to09_lr1e4_entropy005_s4_c1_rnetol_d256_depth3_p20,seed306,306,707,70700,100,16,111.00271075692513,111.74653288378857,110.77320643423464,False,max_epochs,3480.0019319057465
rl4crn_rne_oscillator_trace_8rxn_stop_risksched085to09_lr1e4_entropy005_s4_c1_rnetol_d256_depth3_p20,seed306,306,708,70800,100,16,110.8869864620411,111.83033913396085,110.77320643423464,False,max_epochs,3485.2504618167877
rl4crn_rne_oscillator_trace_8rxn_stop_risksched085to09_lr1e4_entropy005_s4_c1_rnetol_d256_depth3_p20,seed306,306,709,70900,100,16,110.85852955540166,112.28741269283248,110.77320643423464,False,max_epochs,3490.357771873474
rl4crn_rne_oscillator_trace_8rxn_stop_risksched085to09_lr1e4_entropy005_s4_c1_rnetol_d256_depth3_p20,seed306,306,710,71000,100,16,110.87150343860193,111.8311251605542,110.77320643423464,False,max_epochs,3495.9165794849396
rl4crn_rne_oscillator_trace_8rxn_stop_risksched085to09_lr1e4_entropy005_s4_c1_rnetol_d256_depth3_p20,seed306,306,711,71100,100,16,110.98411172492227,112.11125328259187,110.77320643423464,False,max_epochs,3500.556617975235
rl4crn_rne_oscillator_trace_8rxn_stop_risksched085to09_lr1e4_entropy005_s4_c1_rnetol_d256_depth3_p20,seed306,306,712,71200,100,16,110.83696948592761,112.2974100385029,110.77320643423464,False,max_epochs,3503.0308063030243
rl4crn_rne_oscillator_trace_8rxn_stop_risksched085to09_lr1e4_entropy005_s4_c1_rnetol_d256_depth3_p20,seed306,306,713,71300,100,16,110.8311521088506,112.03620589655424,110.77320643423464,False,max_epochs,3507.4013669490814
rl4crn_rne_oscillator_trace_8rxn_stop_risksched085to09_lr1e4_entropy005_s4_c1_rnetol_d256_depth3_p20,seed306,306,714,71400,100,16,111.01586919297675,112.56511024624817,110.77320643423464,False,max_epochs,3513.021305322647
rl4crn_rne_oscillator_trace_8rxn_stop_risksched085to09_lr1e4_entropy005_s4_c1_rnetol_d256_depth3_p20,seed306,306,715,71500,100,16,111.23759267865078,112.67044071571331,110.77320643423464,False,max_epochs,3518.2584085464478
rl4crn_rne_oscillator_trace_8rxn_stop_risksched085to09_lr1e4_entropy005_s4_c1_rnetol_d256_depth3_p20,seed306,306,716,71600,100,16,110.92637995208092,112.21755142627936,110.77320643423464,False,max_epochs,3523.519800186157
rl4crn_rne_oscillator_trace_8rxn_stop_risksched085to09_lr1e4_entropy005_s4_c1_rnetol_d256_depth3_p20,seed306,306,717,71700,100,16,110.88811735084306,112.06002229287034,110.77320643423464,False,max_epochs,3528.6132345199585
rl4crn_rne_oscillator_trace_8rxn_stop_risksched085to09_lr1e4_entropy005_s4_c1_rnetol_d256_depth3_p20,seed306,306,718,71800,100,16,110.7792775190032,112.4051248687681,110.77320643423464,False,max_epochs,3534.302431344986
rl4crn_rne_oscillator_trace_8rxn_stop_risksched085to09_lr1e4_entropy005_s4_c1_rnetol_d256_depth3_p20,seed306,306,719,71900,100,16,110.81571626747655,111.88584025037287,110.77320643423464,False,max_epochs,3538.944808483124
rl4crn_rne_oscillator_trace_8rxn_stop_risksched085to09_lr1e4_entropy005_s4_c1_rnetol_d256_depth3_p20,seed306,306,720,72000,100,16,111.13057951945552,112.3861532521959,110.77320643423464,False,max_epochs,3543.700732946396
rl4crn_rne_oscillator_trace_8rxn_stop_risksched085to09_lr1e4_entropy005_s4_c1_rnetol_d256_depth3_p20,seed306,306,721,72100,100,16,111.05186159547739,112.56159531389721,110.77320643423464,False,max_epochs,3546.1115572452545
rl4crn_rne_oscillator_trace_8rxn_stop_risksched085to09_lr1e4_entropy005_s4_c1_rnetol_d256_depth3_p20,seed306,306,722,72200,100,16,110.82489399569533,111.78290143186322,110.77320643423464,False,max_epochs,3551.3957195281982
rl4crn_rne_oscillator_trace_8rxn_stop_risksched085to09_lr1e4_entropy005_s4_c1_rnetol_d256_depth3_p20,seed306,306,723,72300,100,16,110.91083801741645,112.34513626142844,110.77320643423464,False,max_epochs,3556.549178123474
rl4crn_rne_oscillator_trace_8rxn_stop_risksched085to09_lr1e4_entropy005_s4_c1_rnetol_d256_depth3_p20,seed306,306,724,72400,100,16,111.13544331205374,112.75988628903096,110.77320643423464,False,max_epochs,3561.95032453537
rl4crn_rne_oscillator_trace_8rxn_stop_risksched085to09_lr1e4_entropy005_s4_c1_rnetol_d256_depth3_p20,seed306,306,725,72500,100,16,110.80834528011552,111.73796627051085,110.77320643423464,False,max_epochs,3567.201343536377
rl4crn_rne_oscillator_trace_8rxn_stop_risksched085to09_lr1e4_entropy005_s4_c1_rnetol_d256_depth3_p20,seed306,306,726,72600,100,16,110.95647855318146,111.67485546325449,110.77320643423464,False,max_epochs,3572.763634443283
rl4crn_rne_oscillator_trace_8rxn_stop_risksched085to09_lr1e4_entropy005_s4_c1_rnetol_d256_depth3_p20,seed306,306,727,72700,100,16,110.88711331595167,111.79393006743192,110.77320643423464,False,max_epochs,3577.5661911964417
rl4crn_rne_oscillator_trace_8rxn_stop_risksched085to09_lr1e4_entropy005_s4_c1_rnetol_d256_depth3_p20,seed306,306,728,72800,100,16,110.82219249981495,111.65978851572277,110.77320643423464,False,max_epochs,3582.470072031021
rl4crn_rne_oscillator_trace_8rxn_stop_risksched085to09_lr1e4_entropy005_s4_c1_rnetol_d256_depth3_p20,seed306,306,729,72900,100,16,110.815049011382,111.57519111061664,110.77320643423464,False,max_epochs,3584.9251413345337
rl4crn_rne_oscillator_trace_8rxn_stop_risksched085to09_lr1e4_entropy005_s4_c1_rnetol_d256_depth3_p20,seed306,306,730,73000,100,16,110.91682680096318,112.149392846887,110.77320643423464,False,max_epochs,3590.098197698593
rl4crn_rne_oscillator_trace_8rxn_stop_risksched085to09_lr1e4_entropy005_s4_c1_rnetol_d256_depth3_p20,seed306,306,731,73100,100,16,110.8725474752029,112.16280057826393,110.77320643423464,False,max_epochs,3595.1889369487762
rl4crn_rne_oscillator_trace_8rxn_stop_risksched085to09_lr1e4_entropy005_s4_c1_rnetol_d256_depth3_p20,seed306,306,732,73200,100,16,110.80570948980876,111.60017034348039,110.77320643423464,False,max_epochs,3600.4698860645294
rl4crn_rne_oscillator_trace_8rxn_stop_risksched085to09_lr1e4_entropy005_s4_c1_rnetol_d256_depth3_p20,seed306,306,733,73300,100,16,110.89670765232822,112.60633488575513,110.77320643423464,False,max_epochs,3605.8074061870575
rl4crn_rne_oscillator_trace_8rxn_stop_risksched085to09_lr1e4_entropy005_s4_c1_rnetol_d256_depth3_p20,seed306,306,734,73400,100,16,110.88509920020678,112.74578969941697,110.77320643423464,False,max_epochs,3611.6498975753784
rl4crn_rne_oscillator_trace_8rxn_stop_risksched085to09_lr1e4_entropy005_s4_c1_rnetol_d256_depth3_p20,seed306,306,735,73500,100,16,110.89696610877625,111.71603255937009,110.77320643423464,False,max_epochs,3616.748809814453
rl4crn_rne_oscillator_trace_8rxn_stop_risksched085to09_lr1e4_entropy005_s4_c1_rnetol_d256_depth3_p20,seed306,306,736,73600,100,16,110.85138857050426,111.84380758397438,110.77320643423464,False,max_epochs,3621.6477859020233
rl4crn_rne_oscillator_trace_8rxn_stop_risksched085to09_lr1e4_entropy005_s4_c1_rnetol_d256_depth3_p20,seed306,306,737,73700,100,16,111.00639814390544,111.93055617719634,110.77320643423464,False,max_epochs,3626.7523939609528
rl4crn_rne_oscillator_trace_8rxn_stop_risksched085to09_lr1e4_entropy005_s4_c1_rnetol_d256_depth3_p20,seed306,306,738,73800,100,16,110.893653848427,111.86105604413206,110.77320643423464,False,max_epochs,3631.155392408371
rl4crn_rne_oscillator_trace_8rxn_stop_risksched085to09_lr1e4_entropy005_s4_c1_rnetol_d256_depth3_p20,seed306,306,739,73900,100,16,110.78890866420923,112.63844534015428,110.77320643423464,False,max_epochs,3633.971373319626
rl4crn_rne_oscillator_trace_8rxn_stop_risksched085to09_lr1e4_entropy005_s4_c1_rnetol_d256_depth3_p20,seed306,306,740,74000,100,16,110.8564383297451,112.45899104045662,110.77320643423464,False,max_epochs,3639.113121509552
rl4crn_rne_oscillator_trace_8rxn_stop_risksched085to09_lr1e4_entropy005_s4_c1_rnetol_d256_depth3_p20,seed306,306,741,74100,100,16,110.82293987604912,111.88986759579757,110.77320643423464,False,max_epochs,3644.407201528549
rl4crn_rne_oscillator_trace_8rxn_stop_risksched085to09_lr1e4_entropy005_s4_c1_rnetol_d256_depth3_p20,seed306,306,742,74200,100,16,110.81794157078973,112.38195054002895,110.77320643423464,False,max_epochs,3650.052438020706
rl4crn_rne_oscillator_trace_8rxn_stop_risksched085to09_lr1e4_entropy005_s4_c1_rnetol_d256_depth3_p20,seed306,306,743,74300,100,16,110.79656542615784,112.03918803319065,110.77320643423464,False,max_epochs,3655.1822938919067
rl4crn_rne_oscillator_trace_8rxn_stop_risksched085to09_lr1e4_entropy005_s4_c1_rnetol_d256_depth3_p20,seed306,306,744,74400,100,16,110.85527795857033,111.85075494060133,110.77320643423464,False,max_epochs,3660.735565185547
rl4crn_rne_oscillator_trace_8rxn_stop_risksched085to09_lr1e4_entropy005_s4_c1_rnetol_d256_depth3_p20,seed306,306,745,74500,100,16,110.8417291009297,111.7840685561779,110.77320643423464,False,max_epochs,3666.0972142219543
rl4crn_rne_oscillator_trace_8rxn_stop_risksched085to09_lr1e4_entropy005_s4_c1_rnetol_d256_depth3_p20,seed306,306,746,74600,100,16,110.83800112415722,111.99923528053833,110.77320643423464,False,max_epochs,3671.8141236305237
rl4crn_rne_oscillator_trace_8rxn_stop_risksched085to09_lr1e4_entropy005_s4_c1_rnetol_d256_depth3_p20,seed306,306,747,74700,100,16,110.83658436920878,111.96703687894257,110.77320643423464,False,max_epochs,3677.0866611003876
rl4crn_rne_oscillator_trace_8rxn_stop_risksched085to09_lr1e4_entropy005_s4_c1_rnetol_d256_depth3_p20,seed306,306,748,74800,100,16,110.8837526796545,111.74467995452261,110.77320643423464,False,max_epochs,3682.1226682662964
rl4crn_rne_oscillator_trace_8rxn_stop_risksched085to09_lr1e4_entropy005_s4_c1_rnetol_d256_depth3_p20,seed306,306,749,74900,100,16,110.8784734767217,112.31565765838103,110.77320643423464,False,max_epochs,3687.4209060668945
rl4crn_rne_oscillator_trace_8rxn_stop_risksched085to09_lr1e4_entropy005_s4_c1_rnetol_d256_depth3_p20,seed306,306,750,75000,100,16,110.84444350849323,111.8608772404806,110.77320643423464,False,max_epochs,3692.539832830429
rl4crn_rne_oscillator_trace_8rxn_stop_risksched085to09_lr1e4_entropy005_s4_c1_rnetol_d256_depth3_p20,seed306,306,751,75100,100,16,110.86460372017744,111.64724074567853,110.77320643423464,False,max_epochs,3697.4029099941254
rl4crn_rne_oscillator_trace_8rxn_stop_risksched085to09_lr1e4_entropy005_s4_c1_rnetol_d256_depth3_p20,seed306,306,752,75200,100,16,110.94827029108156,111.77435397808328,110.77320643423464,False,max_epochs,3699.6404633522034
rl4crn_rne_oscillator_trace_8rxn_stop_risksched085to09_lr1e4_entropy005_s4_c1_rnetol_d256_depth3_p20,seed306,306,753,75300,100,16,110.82337452552552,111.83874043235151,110.77320643423464,False,max_epochs,3704.75714635849
rl4crn_rne_oscillator_trace_8rxn_stop_risksched085to09_lr1e4_entropy005_s4_c1_rnetol_d256_depth3_p20,seed306,306,754,75400,100,16,110.77590626902462,111.58162599059713,110.77320643423464,False,max_epochs,3710.2700181007385
rl4crn_rne_oscillator_trace_8rxn_stop_risksched085to09_lr1e4_entropy005_s4_c1_rnetol_d256_depth3_p20,seed306,306,755,75500,100,16,110.8273369213018,111.64087947786898,110.77320643423464,False,max_epochs,3715.427395582199
rl4crn_rne_oscillator_trace_8rxn_stop_risksched085to09_lr1e4_entropy005_s4_c1_rnetol_d256_depth3_p20,seed306,306,756,75600,100,16,110.77821686703729,111.59284804364509,110.77320643423464,False,max_epochs,3720.61966753006
rl4crn_rne_oscillator_trace_8rxn_stop_risksched085to09_lr1e4_entropy005_s4_c1_rnetol_d256_depth3_p20,seed306,306,757,75700,100,16,110.88176309937444,111.6813449476505,110.77320643423464,False,max_epochs,3726.300278186798
rl4crn_rne_oscillator_trace_8rxn_stop_risksched085to09_lr1e4_entropy005_s4_c1_rnetol_d256_depth3_p20,seed306,306,758,75800,100,16,110.93480918849988,112.3621845208709,110.77320643423464,False,max_epochs,3731.9689662456512
rl4crn_rne_oscillator_trace_8rxn_stop_risksched085to09_lr1e4_entropy005_s4_c1_rnetol_d256_depth3_p20,seed306,306,759,75900,100,16,110.78973912024676,111.3580027343364,110.77320643423464,False,max_epochs,3737.2006130218506
rl4crn_rne_oscillator_trace_8rxn_stop_risksched085to09_lr1e4_entropy005_s4_c1_rnetol_d256_depth3_p20,seed306,306,760,76000,100,16,110.98423089787745,111.95315196886693,110.77320643423464,False,max_epochs,3742.4349348545074
rl4crn_rne_oscillator_trace_8rxn_stop_risksched085to09_lr1e4_entropy005_s4_c1_rnetol_d256_depth3_p20,seed306,306,761,76100,100,16,111.20670183673641,112.36882318795094,110.77320643423464,False,max_epochs,3747.7436184883118
rl4crn_rne_oscillator_trace_8rxn_stop_risksched085to09_lr1e4_entropy005_s4_c1_rnetol_d256_depth3_p20,seed306,306,762,76200,100,16,111.06649739920122,111.91806749545336,110.77320643423464,False,max_epochs,3753.3550896644592
rl4crn_rne_oscillator_trace_8rxn_stop_risksched085to09_lr1e4_entropy005_s4_c1_rnetol_d256_depth3_p20,seed306,306,763,76300,100,16,110.85350438108426,111.76455858075033,110.77320643423464,False,max_epochs,3758.268206834793
rl4crn_rne_oscillator_trace_8rxn_stop_risksched085to09_lr1e4_entropy005_s4_c1_rnetol_d256_depth3_p20,seed306,306,764,76400,100,16,110.76456905272492,112.07767956478943,110.76456905272492,False,max_epochs,3763.13205742836
rl4crn_rne_oscillator_trace_8rxn_stop_risksched085to09_lr1e4_entropy005_s4_c1_rnetol_d256_depth3_p20,seed306,306,765,76500,100,16,110.82733584305359,111.66520452413512,110.76456905272492,False,max_epochs,3767.9204726219177
rl4crn_rne_oscillator_trace_8rxn_stop_risksched085to09_lr1e4_entropy005_s4_c1_rnetol_d256_depth3_p20,seed306,306,766,76600,100,16,111.0464468878332,112.03321694697684,110.76456905272492,False,max_epochs,3770.336778640747
rl4crn_rne_oscillator_trace_8rxn_stop_risksched085to09_lr1e4_entropy005_s4_c1_rnetol_d256_depth3_p20,seed306,306,767,76700,100,16,111.03382229232666,112.11920412539533,110.76456905272492,False,max_epochs,3774.8317272663116
rl4crn_rne_oscillator_trace_8rxn_stop_risksched085to09_lr1e4_entropy005_s4_c1_rnetol_d256_depth3_p20,seed306,306,768,76800,100,16,110.81831462672153,111.95706684556934,110.76456905272492,False,max_epochs,3780.2215876579285
rl4crn_rne_oscillator_trace_8rxn_stop_risksched085to09_lr1e4_entropy005_s4_c1_rnetol_d256_depth3_p20,seed306,306,769,76900,100,16,110.94750882218688,113.4546440215496,110.76456905272492,False,max_epochs,3785.4827082157135
rl4crn_rne_oscillator_trace_8rxn_stop_risksched085to09_lr1e4_entropy005_s4_c1_rnetol_d256_depth3_p20,seed306,306,770,77000,100,16,111.0499203870824,114.2683274427902,110.76456905272492,False,max_epochs,3791.2045068740845
rl4crn_rne_oscillator_trace_8rxn_stop_risksched085to09_lr1e4_entropy005_s4_c1_rnetol_d256_depth3_p20,seed306,306,771,77100,100,16,110.88958244285652,112.63527557592059,110.76456905272492,False,max_epochs,3796.2612233161926
rl4crn_rne_oscillator_trace_8rxn_stop_risksched085to09_lr1e4_entropy005_s4_c1_rnetol_d256_depth3_p20,seed306,306,772,77200,100,16,110.83769152665481,112.01590421021854,110.76456905272492,False,max_epochs,3801.5269362926483
rl4crn_rne_oscillator_trace_8rxn_stop_risksched085to09_lr1e4_entropy005_s4_c1_rnetol_d256_depth3_p20,seed306,306,773,77300,100,16,110.86446540709775,112.18749959473439,110.76456905272492,False,max_epochs,3806.931100845337
rl4crn_rne_oscillator_trace_8rxn_stop_risksched085to09_lr1e4_entropy005_s4_c1_rnetol_d256_depth3_p20,seed306,306,774,77400,100,16,110.8691060080203,111.73961471989445,110.76456905272492,False,max_epochs,3811.6942188739777
rl4crn_rne_oscillator_trace_8rxn_stop_risksched085to09_lr1e4_entropy005_s4_c1_rnetol_d256_depth3_p20,seed306,306,775,77500,100,16,110.83201616206665,112.38867365415595,110.76456905272492,False,max_epochs,3816.7785363197327
rl4crn_rne_oscillator_trace_8rxn_stop_risksched085to09_lr1e4_entropy005_s4_c1_rnetol_d256_depth3_p20,seed306,306,776,77600,100,16,111.00955498239345,113.29477649823687,110.76456905272492,False,max_epochs,3820.991993188858
rl4crn_rne_oscillator_trace_8rxn_stop_risksched085to09_lr1e4_entropy005_s4_c1_rnetol_d256_depth3_p20,seed306,306,777,77700,100,16,110.94651489178709,112.11479232817794,110.76456905272492,False,max_epochs,3824.0030760765076
rl4crn_rne_oscillator_trace_8rxn_stop_risksched085to09_lr1e4_entropy005_s4_c1_rnetol_d256_depth3_p20,seed306,306,778,77800,100,16,110.79923744687773,111.83968905022274,110.76456905272492,False,max_epochs,3829.374881029129
rl4crn_rne_oscillator_trace_8rxn_stop_risksched085to09_lr1e4_entropy005_s4_c1_rnetol_d256_depth3_p20,seed306,306,779,77900,100,16,110.98375569561242,112.0593949808262,110.76456905272492,False,max_epochs,3834.6477291584015
rl4crn_rne_oscillator_trace_8rxn_stop_risksched085to09_lr1e4_entropy005_s4_c1_rnetol_d256_depth3_p20,seed306,306,780,78000,100,16,110.92385687608393,111.85821751046429,110.76456905272492,False,max_epochs,3840.147045135498
rl4crn_rne_oscillator_trace_8rxn_stop_risksched085to09_lr1e4_entropy005_s4_c1_rnetol_d256_depth3_p20,seed306,306,781,78100,100,16,110.78420123078627,111.76066173968633,110.76456905272492,False,max_epochs,3845.493640899658
rl4crn_rne_oscillator_trace_8rxn_stop_risksched085to09_lr1e4_entropy005_s4_c1_rnetol_d256_depth3_p20,seed306,306,782,78200,100,16,110.87885059283734,112.39692842719236,110.76456905272492,False,max_epochs,3851.141607284546
rl4crn_rne_oscillator_trace_8rxn_stop_risksched085to09_lr1e4_entropy005_s4_c1_rnetol_d256_depth3_p20,seed306,306,783,78300,100,16,110.9504317632713,112.57163624868141,110.76456905272492,False,max_epochs,3856.322134256363
rl4crn_rne_oscillator_trace_8rxn_stop_risksched085to09_lr1e4_entropy005_s4_c1_rnetol_d256_depth3_p20,seed306,306,784,78400,100,16,110.79037952897156,111.94322889524233,110.76456905272492,False,max_epochs,3861.3325023651123
rl4crn_rne_oscillator_trace_8rxn_stop_risksched085to09_lr1e4_entropy005_s4_c1_rnetol_d256_depth3_p20,seed306,306,785,78500,100,16,110.84305067480298,112.24128654354905,110.76456905272492,False,max_epochs,3866.47984790802
rl4crn_rne_oscillator_trace_8rxn_stop_risksched085to09_lr1e4_entropy005_s4_c1_rnetol_d256_depth3_p20,seed306,306,786,78600,100,16,110.90235244512078,112.22247807495887,110.76456905272492,False,max_epochs,3871.485837697983
rl4crn_rne_oscillator_trace_8rxn_stop_risksched085to09_lr1e4_entropy005_s4_c1_rnetol_d256_depth3_p20,seed306,306,787,78700,100,16,110.81117003024299,111.92107824312515,110.76456905272492,False,max_epochs,3873.5931420326233
rl4crn_rne_oscillator_trace_8rxn_stop_risksched085to09_lr1e4_entropy005_s4_c1_rnetol_d256_depth3_p20,seed306,306,788,78800,100,16,110.86909555351812,112.23091789579439,110.76456905272492,False,max_epochs,3878.4631612300873
rl4crn_rne_oscillator_trace_8rxn_stop_risksched085to09_lr1e4_entropy005_s4_c1_rnetol_d256_depth3_p20,seed306,306,789,78900,100,16,110.85449582428481,112.05935687165226,110.76456905272492,False,max_epochs,3883.6442856788635
rl4crn_rne_oscillator_trace_8rxn_stop_risksched085to09_lr1e4_entropy005_s4_c1_rnetol_d256_depth3_p20,seed306,306,790,79000,100,16,110.8087796611567,112.21706186679647,110.76456905272492,False,max_epochs,3889.2777769565582
rl4crn_rne_oscillator_trace_8rxn_stop_risksched085to09_lr1e4_entropy005_s4_c1_rnetol_d256_depth3_p20,seed306,306,791,79100,100,16,110.87794158080074,111.89731575864928,110.76456905272492,False,max_epochs,3894.554524898529
rl4crn_rne_oscillator_trace_8rxn_stop_risksched085to09_lr1e4_entropy005_s4_c1_rnetol_d256_depth3_p20,seed306,306,792,79200,100,16,110.86809182892966,111.86277834071224,110.76456905272492,False,max_epochs,3899.657833814621
rl4crn_rne_oscillator_trace_8rxn_stop_risksched085to09_lr1e4_entropy005_s4_c1_rnetol_d256_depth3_p20,seed306,306,793,79300,100,16,110.78210201368263,112.24793327381971,110.76456905272492,False,max_epochs,3904.6469078063965
rl4crn_rne_oscillator_trace_8rxn_stop_risksched085to09_lr1e4_entropy005_s4_c1_rnetol_d256_depth3_p20,seed306,306,794,79400,100,16,110.83604874571577,112.26509603185613,110.76456905272492,False,max_epochs,3909.4232182502747
rl4crn_rne_oscillator_trace_8rxn_stop_risksched085to09_lr1e4_entropy005_s4_c1_rnetol_d256_depth3_p20,seed306,306,795,79500,100,16,110.77965580831703,111.81131670352174,110.76456905272492,False,max_epochs,3911.652881383896
rl4crn_rne_oscillator_trace_8rxn_stop_risksched085to09_lr1e4_entropy005_s4_c1_rnetol_d256_depth3_p20,seed306,306,796,79600,100,16,110.81656742266071,111.9537292320422,110.76456905272492,False,max_epochs,3916.5626106262207
rl4crn_rne_oscillator_trace_8rxn_stop_risksched085to09_lr1e4_entropy005_s4_c1_rnetol_d256_depth3_p20,seed306,306,797,79700,100,16,110.7918821892236,111.96933118025066,110.76456905272492,False,max_epochs,3922.1072793006897
rl4crn_rne_oscillator_trace_8rxn_stop_risksched085to09_lr1e4_entropy005_s4_c1_rnetol_d256_depth3_p20,seed306,306,798,79800,100,16,110.78357104922763,111.76437977662769,110.76456905272492,False,max_epochs,3927.7695841789246
rl4crn_rne_oscillator_trace_8rxn_stop_risksched085to09_lr1e4_entropy005_s4_c1_rnetol_d256_depth3_p20,seed306,306,799,79900,100,16,110.80332965135246,111.66663338677063,110.76456905272492,False,max_epochs,3933.298250436783
rl4crn_rne_oscillator_trace_8rxn_stop_risksched085to09_lr1e4_entropy005_s4_c1_rnetol_d256_depth3_p20,seed306,306,800,80000,100,16,110.79023977371696,111.87862467809272,110.76456905272492,False,max_epochs,3938.9298231601715
rl4crn_rne_oscillator_trace_8rxn_stop_risksched085to09_lr1e4_entropy005_s4_c1_rnetol_d256_depth3_p20,seed306,306,801,80100,100,16,110.86379805547602,113.20274584531916,110.76456905272492,False,max_epochs,3944.108770608902
