method,run_id,seed,epoch,candidate_evaluations,batch_size,n_cpus,epoch_best_loss,epoch_median_loss,saved_best_loss,success,stop_reason,elapsed_seconds
rl4crn_rne_oscillator_trace_8rxn_stop_risksched085to09_lr1e4_entropy005_s4_c1_rnetol_d256_depth3_p20_bs200,seed011,11,1,200,200,16,123.55420067384463,131.31322291384467,123.55420067384463,False,max_epochs,19.617918491363525
rl4crn_rne_oscillator_trace_8rxn_stop_risksched085to09_lr1e4_entropy005_s4_c1_rnetol_d256_depth3_p20_bs200,seed011,11,2,400,200,16,124.28759011034282,130.98317151809283,123.55420067384463,False,max_epochs,28.955236434936523
rl4crn_rne_oscillator_trace_8rxn_stop_risksched085to09_lr1e4_entropy005_s4_c1_rnetol_d256_depth3_p20_bs200,seed011,11,3,600,200,16,124.04807802946526,130.84338131214307,123.55420067384463,False,max_epochs,38.447763204574585
rl4crn_rne_oscillator_trace_8rxn_stop_risksched085to09_lr1e4_entropy005_s4_c1_rnetol_d256_depth3_p20_bs200,seed011,11,4,800,200,16,123.76237160776823,130.55953161892091,123.55420067384463,False,max_epochs,47.250505208969116
rl4crn_rne_oscillator_trace_8rxn_stop_risksched085to09_lr1e4_entropy005_s4_c1_rnetol_d256_depth3_p20_bs200,seed011,11,5,1000,200,16,124.15571920843674,130.20370887025888,123.55420067384463,False,max_epochs,56.3327271938324
rl4crn_rne_oscillator_trace_8rxn_stop_risksched085to09_lr1e4_entropy005_s4_c1_rnetol_d256_depth3_p20_bs200,seed011,11,6,1200,200,16,122.41641607299682,131.08049731058605,122.41641607299682,False,max_epochs,65.42002439498901
rl4crn_rne_oscillator_trace_8rxn_stop_risksched085to09_lr1e4_entropy005_s4_c1_rnetol_d256_depth3_p20_bs200,seed011,11,7,1400,200,16,124.08342581251475,130.5623873656092,122.41641607299682,False,max_epochs,73.96345067024231
rl4crn_rne_oscillator_trace_8rxn_stop_risksched085to09_lr1e4_entropy005_s4_c1_rnetol_d256_depth3_p20_bs200,seed011,11,8,1600,200,16,123.2340749766315,130.59630209659952,122.41641607299682,False,max_epochs,81.84923076629639
rl4crn_rne_oscillator_trace_8rxn_stop_risksched085to09_lr1e4_entropy005_s4_c1_rnetol_d256_depth3_p20_bs200,seed011,11,9,1800,200,16,123.73932254562702,131.22170227006524,122.41641607299682,False,max_epochs,86.16113018989563
rl4crn_rne_oscillator_trace_8rxn_stop_risksched085to09_lr1e4_entropy005_s4_c1_rnetol_d256_depth3_p20_bs200,seed011,11,10,2000,200,16,124.03061024673367,130.81587147392065,122.41641607299682,False,max_epochs,94.87076234817505
rl4crn_rne_oscillator_trace_8rxn_stop_risksched085to09_lr1e4_entropy005_s4_c1_rnetol_d256_depth3_p20_bs200,seed011,11,11,2200,200,16,122.57383695445893,130.6882067918712,122.41641607299682,False,max_epochs,103.93806529045105
rl4crn_rne_oscillator_trace_8rxn_stop_risksched085to09_lr1e4_entropy005_s4_c1_rnetol_d256_depth3_p20_bs200,seed011,11,12,2400,200,16,123.77599072976291,130.55482834920372,122.41641607299682,False,max_epochs,113.38989400863647
rl4crn_rne_oscillator_trace_8rxn_stop_risksched085to09_lr1e4_entropy005_s4_c1_rnetol_d256_depth3_p20_bs200,seed011,11,13,2600,200,16,123.3997063337256,130.21113880080335,122.41641607299682,False,max_epochs,122.81628012657166
rl4crn_rne_oscillator_trace_8rxn_stop_risksched085to09_lr1e4_entropy005_s4_c1_rnetol_d256_depth3_p20_bs200,seed011,11,14,2800,200,16,123.68589167422894,130.0240279713736,122.41641607299682,False,max_epochs,132.258282661438
rl4crn_rne_oscillator_trace_8rxn_stop_risksched085to09_lr1e4_entropy005_s4_c1_rnetol_d256_depth3_p20_bs200,seed011,11,15,3000,200,16,123.57123403132866,129.6804065421386,122.41641607299682,False,max_epochs,141.73844051361084
rl4crn_rne_oscillator_trace_8rxn_stop_risksched085to09_lr1e4_entropy005_s4_c1_rnetol_d256_depth3_p20_bs200,seed011,11,16,3200,200,16,123.5086939304116,129.1672505958834,122.41641607299682,False,max_epochs,151.36757278442383
rl4crn_rne_oscillator_trace_8rxn_stop_risksched085to09_lr1e4_entropy005_s4_c1_rnetol_d256_depth3_p20_bs200,seed011,11,17,3400,200,16,122.53048297426223,129.0,122.41641607299682,False,max_epochs,160.7545564174652
rl4crn_rne_oscillator_trace_8rxn_stop_risksched085to09_lr1e4_entropy005_s4_c1_rnetol_d256_depth3_p20_bs200,seed011,11,18,3600,200,16,123.72415171200498,129.35935981591453,122.41641607299682,False,max_epochs,169.48022437095642
rl4crn_rne_oscillator_trace_8rxn_stop_risksched085to09_lr1e4_entropy005_s4_c1_rnetol_d256_depth3_p20_bs200,seed011,11,19,3800,200,16,122.95592709660096,129.0213020704549,122.41641607299682,False,max_epochs,178.93754482269287
rl4crn_rne_oscillator_trace_8rxn_stop_risksched085to09_lr1e4_entropy005_s4_c1_rnetol_d256_depth3_p20_bs200,seed011,11,20,4000,200,16,124.06872721403077,127.37139047858759,122.41641607299682,False,max_epochs,188.1120960712433
rl4crn_rne_oscillator_trace_8rxn_stop_risksched085to09_lr1e4_entropy005_s4_c1_rnetol_d256_depth3_p20_bs200,seed011,11,21,4200,200,16,122.49474764233366,127.14545276868857,122.41641607299682,False,max_epochs,197.3362958431244
rl4crn_rne_oscillator_trace_8rxn_stop_risksched085to09_lr1e4_entropy005_s4_c1_rnetol_d256_depth3_p20_bs200,seed011,11,22,4400,200,16,122.56468500837988,126.69754039918449,122.41641607299682,False,max_epochs,206.69720888137817
rl4crn_rne_oscillator_trace_8rxn_stop_risksched085to09_lr1e4_entropy005_s4_c1_rnetol_d256_depth3_p20_bs200,seed011,11,23,4600,200,16,122.34566205749603,126.32785563584143,122.34566205749603,False,max_epochs,215.72813725471497
rl4crn_rne_oscillator_trace_8rxn_stop_risksched085to09_lr1e4_entropy005_s4_c1_rnetol_d256_depth3_p20_bs200,seed011,11,24,4800,200,16,122.05094844824428,126.6738776151132,122.05094844824428,False,max_epochs,218.53663229942322
rl4crn_rne_oscillator_trace_8rxn_stop_risksched085to09_lr1e4_entropy005_s4_c1_rnetol_d256_depth3_p20_bs200,seed011,11,25,5000,200,16,122.09501558555033,126.25432438870315,122.05094844824428,False,max_epochs,227.73318004608154
rl4crn_rne_oscillator_trace_8rxn_stop_risksched085to09_lr1e4_entropy005_s4_c1_rnetol_d256_depth3_p20_bs200,seed011,11,26,5200,200,16,121.27743568619253,127.3970101956328,121.27743568619253,False,max_epochs,237.2585802078247
rl4crn_rne_oscillator_trace_8rxn_stop_risksched085to09_lr1e4_entropy005_s4_c1_rnetol_d256_depth3_p20_bs200,seed011,11,27,5400,200,16,121.05471920600087,126.54715981280748,121.05471920600087,False,max_epochs,247.21650743484497
rl4crn_rne_oscillator_trace_8rxn_stop_risksched085to09_lr1e4_entropy005_s4_c1_rnetol_d256_depth3_p20_bs200,seed011,11,28,5600,200,16,121.05871410259064,127.36424471033922,121.05471920600087,False,max_epochs,256.70079493522644
rl4crn_rne_oscillator_trace_8rxn_stop_risksched085to09_lr1e4_entropy005_s4_c1_rnetol_d256_depth3_p20_bs200,seed011,11,29,5800,200,16,121.2293314717347,127.2228876526368,121.05471920600087,False,max_epochs,266.0390784740448
rl4crn_rne_oscillator_trace_8rxn_stop_risksched085to09_lr1e4_entropy005_s4_c1_rnetol_d256_depth3_p20_bs200,seed011,11,30,6000,200,16,121.03698167135146,127.14503003419469,121.03698167135146,False,max_epochs,275.9347541332245
rl4crn_rne_oscillator_trace_8rxn_stop_risksched085to09_lr1e4_entropy005_s4_c1_rnetol_d256_depth3_p20_bs200,seed011,11,31,6200,200,16,120.8700756281972,126.4695143718717,120.8700756281972,False,max_epochs,285.65853691101074
rl4crn_rne_oscillator_trace_8rxn_stop_risksched085to09_lr1e4_entropy005_s4_c1_rnetol_d256_depth3_p20_bs200,seed011,11,32,6400,200,16,121.0275736816784,125.47169977380598,120.8700756281972,False,max_epochs,294.8031859397888
rl4crn_rne_oscillator_trace_8rxn_stop_risksched085to09_lr1e4_entropy005_s4_c1_rnetol_d256_depth3_p20_bs200,seed011,11,33,6600,200,16,121.18626927333835,125.74737745305134,120.8700756281972,False,max_epochs,304.099276304245
rl4crn_rne_oscillator_trace_8rxn_stop_risksched085to09_lr1e4_entropy005_s4_c1_rnetol_d256_depth3_p20_bs200,seed011,11,34,6800,200,16,120.94863687284654,125.99640548703378,120.8700756281972,False,max_epochs,314.1343288421631
rl4crn_rne_oscillator_trace_8rxn_stop_risksched085to09_lr1e4_entropy005_s4_c1_rnetol_d256_depth3_p20_bs200,seed011,11,35,7000,200,16,120.96080280698746,125.06074791083643,120.8700756281972,False,max_epochs,323.525643825531
rl4crn_rne_oscillator_trace_8rxn_stop_risksched085to09_lr1e4_entropy005_s4_c1_rnetol_d256_depth3_p20_bs200,seed011,11,36,7200,200,16,120.87281222715059,125.52453225981873,120.8700756281972,False,max_epochs,333.1334364414215
rl4crn_rne_oscillator_trace_8rxn_stop_risksched085to09_lr1e4_entropy005_s4_c1_rnetol_d256_depth3_p20_bs200,seed011,11,37,7400,200,16,120.8986034916613,126.04323161223711,120.8700756281972,False,max_epochs,342.37142610549927
rl4crn_rne_oscillator_trace_8rxn_stop_risksched085to09_lr1e4_entropy005_s4_c1_rnetol_d256_depth3_p20_bs200,seed011,11,38,7600,200,16,120.74614490527904,124.26147852258964,120.74614490527904,False,max_epochs,351.8880727291107
rl4crn_rne_oscillator_trace_8rxn_stop_risksched085to09_lr1e4_entropy005_s4_c1_rnetol_d256_depth3_p20_bs200,seed011,11,39,7800,200,16,120.69766999924673,123.45483026735997,120.69766999924673,False,max_epochs,361.8709714412689
rl4crn_rne_oscillator_trace_8rxn_stop_risksched085to09_lr1e4_entropy005_s4_c1_rnetol_d256_depth3_p20_bs200,seed011,11,40,8000,200,16,120.72440994631725,123.9911261073863,120.69766999924673,False,max_epochs,371.54908871650696
rl4crn_rne_oscillator_trace_8rxn_stop_risksched085to09_lr1e4_entropy005_s4_c1_rnetol_d256_depth3_p20_bs200,seed011,11,41,8200,200,16,120.53139529304335,122.80371238241202,120.53139529304335,False,max_epochs,380.29191422462463
rl4crn_rne_oscillator_trace_8rxn_stop_risksched085to09_lr1e4_entropy005_s4_c1_rnetol_d256_depth3_p20_bs200,seed011,11,42,8400,200,16,120.73558273626348,122.79835541385731,120.53139529304335,False,max_epochs,390.1468641757965
rl4crn_rne_oscillator_trace_8rxn_stop_risksched085to09_lr1e4_entropy005_s4_c1_rnetol_d256_depth3_p20_bs200,seed011,11,43,8600,200,16,120.52271375562843,122.97599855973411,120.52271375562843,False,max_epochs,398.9957857131958
rl4crn_rne_oscillator_trace_8rxn_stop_risksched085to09_lr1e4_entropy005_s4_c1_rnetol_d256_depth3_p20_bs200,seed011,11,44,8800,200,16,120.45844660988357,124.10709994172777,120.45844660988357,False,max_epochs,408.220739364624
rl4crn_rne_oscillator_trace_8rxn_stop_risksched085to09_lr1e4_entropy005_s4_c1_rnetol_d256_depth3_p20_bs200,seed011,11,45,9000,200,16,120.71113269012356,127.26696061347005,120.45844660988357,False,max_epochs,416.4399914741516
rl4crn_rne_oscillator_trace_8rxn_stop_risksched085to09_lr1e4_entropy005_s4_c1_rnetol_d256_depth3_p20_bs200,seed011,11,46,9200,200,16,120.45609309322464,130.92251096710135,120.45609309322464,False,max_epochs,420.07829332351685
rl4crn_rne_oscillator_trace_8rxn_stop_risksched085to09_lr1e4_entropy005_s4_c1_rnetol_d256_depth3_p20_bs200,seed011,11,47,9400,200,16,120.62773481025594,132.41751723512556,120.45609309322464,False,max_epochs,428.7717535495758
rl4crn_rne_oscillator_trace_8rxn_stop_risksched085to09_lr1e4_entropy005_s4_c1_rnetol_d256_depth3_p20_bs200,seed011,11,48,9600,200,16,120.48922505477078,127.06911368347329,120.45609309322464,False,max_epochs,438.4653899669647
rl4crn_rne_oscillator_trace_8rxn_stop_risksched085to09_lr1e4_entropy005_s4_c1_rnetol_d256_depth3_p20_bs200,seed011,11,49,9800,200,16,120.56833353823689,128.9525723834499,120.45609309322464,False,max_epochs,447.25867319107056
rl4crn_rne_oscillator_trace_8rxn_stop_risksched085to09_lr1e4_entropy005_s4_c1_rnetol_d256_depth3_p20_bs200,seed011,11,50,10000,200,16,120.47290337456386,124.77010989564778,120.45609309322464,False,max_epochs,456.7314212322235
rl4crn_rne_oscillator_trace_8rxn_stop_risksched085to09_lr1e4_entropy005_s4_c1_rnetol_d256_depth3_p20_bs200,seed011,11,51,10200,200,16,120.39948867859907,123.85545878399265,120.39948867859907,False,max_epochs,466.8198285102844
rl4crn_rne_oscillator_trace_8rxn_stop_risksched085to09_lr1e4_entropy005_s4_c1_rnetol_d256_depth3_p20_bs200,seed011,11,52,10400,200,16,120.36386419339213,123.59817842270539,120.36386419339213,False,max_epochs,475.72443103790283
rl4crn_rne_oscillator_trace_8rxn_stop_risksched085to09_lr1e4_entropy005_s4_c1_rnetol_d256_depth3_p20_bs200,seed011,11,53,10600,200,16,120.27525368723879,123.6392955278196,120.27525368723879,False,max_epochs,485.57837104797363
rl4crn_rne_oscillator_trace_8rxn_stop_risksched085to09_lr1e4_entropy005_s4_c1_rnetol_d256_depth3_p20_bs200,seed011,11,54,10800,200,16,120.12550898942854,123.83679261850924,120.12550898942854,False,max_epochs,495.4483051300049
rl4crn_rne_oscillator_trace_8rxn_stop_risksched085to09_lr1e4_entropy005_s4_c1_rnetol_d256_depth3_p20_bs200,seed011,11,55,11000,200,16,120.10706462859001,123.18604622814189,120.10706462859001,False,max_epochs,504.6667535305023
rl4crn_rne_oscillator_trace_8rxn_stop_risksched085to09_lr1e4_entropy005_s4_c1_rnetol_d256_depth3_p20_bs200,seed011,11,56,11200,200,16,120.32063491855423,123.46497591339815,120.10706462859001,False,max_epochs,514.3574335575104
rl4crn_rne_oscillator_trace_8rxn_stop_risksched085to09_lr1e4_entropy005_s4_c1_rnetol_d256_depth3_p20_bs200,seed011,11,57,11400,200,16,119.92822685324928,124.14064871300829,119.92822685324928,False,max_epochs,523.6506083011627
rl4crn_rne_oscillator_trace_8rxn_stop_risksched085to09_lr1e4_entropy005_s4_c1_rnetol_d256_depth3_p20_bs200,seed011,11,58,11600,200,16,120.13320898618011,128.6909610825851,119.92822685324928,False,max_epochs,533.3820698261261
rl4crn_rne_oscillator_trace_8rxn_stop_risksched085to09_lr1e4_entropy005_s4_c1_rnetol_d256_depth3_p20_bs200,seed011,11,59,11800,200,16,120.00000988355221,130.09593051648073,119.92822685324928,False,max_epochs,542.4085762500763
rl4crn_rne_oscillator_trace_8rxn_stop_risksched085to09_lr1e4_entropy005_s4_c1_rnetol_d256_depth3_p20_bs200,seed011,11,60,12000,200,16,120.01690105118806,130.18071004354744,119.92822685324928,False,max_epochs,552.3474304676056
rl4crn_rne_oscillator_trace_8rxn_stop_risksched085to09_lr1e4_entropy005_s4_c1_rnetol_d256_depth3_p20_bs200,seed011,11,61,12200,200,16,120.0910859958909,131.61889919080306,119.92822685324928,False,max_epochs,561.6007463932037
rl4crn_rne_oscillator_trace_8rxn_stop_risksched085to09_lr1e4_entropy005_s4_c1_rnetol_d256_depth3_p20_bs200,seed011,11,62,12400,200,16,120.15104910932071,125.73542105959164,119.92822685324928,False,max_epochs,570.0611672401428
rl4crn_rne_oscillator_trace_8rxn_stop_risksched085to09_lr1e4_entropy005_s4_c1_rnetol_d256_depth3_p20_bs200,seed011,11,63,12600,200,16,120.09933565851405,125.18209542700755,119.92822685324928,False,max_epochs,579.1316757202148
rl4crn_rne_oscillator_trace_8rxn_stop_risksched085to09_lr1e4_entropy005_s4_c1_rnetol_d256_depth3_p20_bs200,seed011,11,64,12800,200,16,119.93428714043006,123.93559494419955,119.92822685324928,False,max_epochs,588.3500528335571
rl4crn_rne_oscillator_trace_8rxn_stop_risksched085to09_lr1e4_entropy005_s4_c1_rnetol_d256_depth3_p20_bs200,seed011,11,65,13000,200,16,120.07440745995748,123.39916101564921,119.92822685324928,False,max_epochs,594.7466704845428
rl4crn_rne_oscillator_trace_8rxn_stop_risksched085to09_lr1e4_entropy005_s4_c1_rnetol_d256_depth3_p20_bs200,seed011,11,66,13200,200,16,119.76876158217804,122.80259314352963,119.76876158217804,False,max_epochs,599.5047993659973
rl4crn_rne_oscillator_trace_8rxn_stop_risksched085to09_lr1e4_entropy005_s4_c1_rnetol_d256_depth3_p20_bs200,seed011,11,67,13400,200,16,119.74989540048678,123.49419342898511,119.74989540048678,False,max_epochs,609.2062578201294
rl4crn_rne_oscillator_trace_8rxn_stop_risksched085to09_lr1e4_entropy005_s4_c1_rnetol_d256_depth3_p20_bs200,seed011,11,68,13600,200,16,119.9951326771058,122.32037298044727,119.74989540048678,False,max_epochs,618.5742788314819
rl4crn_rne_oscillator_trace_8rxn_stop_risksched085to09_lr1e4_entropy005_s4_c1_rnetol_d256_depth3_p20_bs200,seed011,11,69,13800,200,16,119.92870039081217,123.88895945796548,119.74989540048678,False,max_epochs,627.7930114269257
rl4crn_rne_oscillator_trace_8rxn_stop_risksched085to09_lr1e4_entropy005_s4_c1_rnetol_d256_depth3_p20_bs200,seed011,11,70,14000,200,16,119.90925512930806,123.02055129249064,119.74989540048678,False,max_epochs,636.828577041626
rl4crn_rne_oscillator_trace_8rxn_stop_risksched085to09_lr1e4_entropy005_s4_c1_rnetol_d256_depth3_p20_bs200,seed011,11,71,14200,200,16,119.88667899858206,122.05637177082798,119.74989540048678,False,max_epochs,646.8183219432831
rl4crn_rne_oscillator_trace_8rxn_stop_risksched085to09_lr1e4_entropy005_s4_c1_rnetol_d256_depth3_p20_bs200,seed011,11,72,14400,200,16,119.92369438598669,122.28695973919974,119.74989540048678,False,max_epochs,656.1654350757599
rl4crn_rne_oscillator_trace_8rxn_stop_risksched085to09_lr1e4_entropy005_s4_c1_rnetol_d256_depth3_p20_bs200,seed011,11,73,14600,200,16,119.74903782731376,123.31576868887062,119.74903782731376,False,max_epochs,665.2853047847748
rl4crn_rne_oscillator_trace_8rxn_stop_risksched085to09_lr1e4_entropy005_s4_c1_rnetol_d256_depth3_p20_bs200,seed011,11,74,14800,200,16,119.7445619010528,123.16874201630667,119.7445619010528,False,max_epochs,674.1721432209015
rl4crn_rne_oscillator_trace_8rxn_stop_risksched085to09_lr1e4_entropy005_s4_c1_rnetol_d256_depth3_p20_bs200,seed011,11,75,15000,200,16,119.6628618958192,124.18580935746317,119.6628618958192,False,max_epochs,683.5050692558289
rl4crn_rne_oscillator_trace_8rxn_stop_risksched085to09_lr1e4_entropy005_s4_c1_rnetol_d256_depth3_p20_bs200,seed011,11,76,15200,200,16,119.75066292050062,123.99740358169785,119.6628618958192,False,max_epochs,691.3674776554108
rl4crn_rne_oscillator_trace_8rxn_stop_risksched085to09_lr1e4_entropy005_s4_c1_rnetol_d256_depth3_p20_bs200,seed011,11,77,15400,200,16,119.70948750717312,126.09716567466057,119.6628618958192,False,max_epochs,696.1603493690491
rl4crn_rne_oscillator_trace_8rxn_stop_risksched085to09_lr1e4_entropy005_s4_c1_rnetol_d256_depth3_p20_bs200,seed011,11,78,15600,200,16,119.79830046551936,130.69889743543476,119.6628618958192,False,max_epochs,703.9957940578461
rl4crn_rne_oscillator_trace_8rxn_stop_risksched085to09_lr1e4_entropy005_s4_c1_rnetol_d256_depth3_p20_bs200,seed011,11,79,15800,200,16,119.81174593746982,125.04875433943124,119.6628618958192,False,max_epochs,713.3866286277771
rl4crn_rne_oscillator_trace_8rxn_stop_risksched085to09_lr1e4_entropy005_s4_c1_rnetol_d256_depth3_p20_bs200,seed011,11,80,16000,200,16,119.52852354633914,123.91917106657587,119.52852354633914,False,max_epochs,723.1232228279114
rl4crn_rne_oscillator_trace_8rxn_stop_risksched085to09_lr1e4_entropy005_s4_c1_rnetol_d256_depth3_p20_bs200,seed011,11,81,16200,200,16,119.31283859171377,122.19771660969398,119.31283859171377,False,max_epochs,732.5217800140381
rl4crn_rne_oscillator_trace_8rxn_stop_risksched085to09_lr1e4_entropy005_s4_c1_rnetol_d256_depth3_p20_bs200,seed011,11,82,16400,200,16,119.24607653311948,122.38874888653567,119.24607653311948,False,max_epochs,741.9856564998627
rl4crn_rne_oscillator_trace_8rxn_stop_risksched085to09_lr1e4_entropy005_s4_c1_rnetol_d256_depth3_p20_bs200,seed011,11,83,16600,200,16,119.41041088689938,122.11497774896833,119.24607653311948,False,max_epochs,751.5246548652649
rl4crn_rne_oscillator_trace_8rxn_stop_risksched085to09_lr1e4_entropy005_s4_c1_rnetol_d256_depth3_p20_bs200,seed011,11,84,16800,200,16,119.41378077530314,121.70650967450834,119.24607653311948,False,max_epochs,760.7250897884369
rl4crn_rne_oscillator_trace_8rxn_stop_risksched085to09_lr1e4_entropy005_s4_c1_rnetol_d256_depth3_p20_bs200,seed011,11,85,17000,200,16,119.37458778180485,121.8741197307368,119.24607653311948,False,max_epochs,769.9491255283356
rl4crn_rne_oscillator_trace_8rxn_stop_risksched085to09_lr1e4_entropy005_s4_c1_rnetol_d256_depth3_p20_bs200,seed011,11,86,17200,200,16,118.81648949132874,121.68694206805814,118.81648949132874,False,max_epochs,779.7732026576996
rl4crn_rne_oscillator_trace_8rxn_stop_risksched085to09_lr1e4_entropy005_s4_c1_rnetol_d256_depth3_p20_bs200,seed011,11,87,17400,200,16,118.76430493032926,123.38923630140722,118.76430493032926,False,max_epochs,788.5069587230682
rl4crn_rne_oscillator_trace_8rxn_stop_risksched085to09_lr1e4_entropy005_s4_c1_rnetol_d256_depth3_p20_bs200,seed011,11,88,17600,200,16,118.66571852687557,124.50351722719644,118.66571852687557,False,max_epochs,798.3244731426239
rl4crn_rne_oscillator_trace_8rxn_stop_risksched085to09_lr1e4_entropy005_s4_c1_rnetol_d256_depth3_p20_bs200,seed011,11,89,17800,200,16,118.5205956743793,126.97147400524219,118.5205956743793,False,max_epochs,807.9787485599518
rl4crn_rne_oscillator_trace_8rxn_stop_risksched085to09_lr1e4_entropy005_s4_c1_rnetol_d256_depth3_p20_bs200,seed011,11,90,18000,200,16,118.59102030126405,129.0668365872457,118.5205956743793,False,max_epochs,817.2858173847198
rl4crn_rne_oscillator_trace_8rxn_stop_risksched085to09_lr1e4_entropy005_s4_c1_rnetol_d256_depth3_p20_bs200,seed011,11,91,18200,200,16,118.41010377577228,125.98011958992527,118.41010377577228,False,max_epochs,826.9666185379028
rl4crn_rne_oscillator_trace_8rxn_stop_risksched085to09_lr1e4_entropy005_s4_c1_rnetol_d256_depth3_p20_bs200,seed011,11,92,18400,200,16,118.59316307679124,126.22207549735461,118.41010377577228,False,max_epochs,836.697018623352
rl4crn_rne_oscillator_trace_8rxn_stop_risksched085to09_lr1e4_entropy005_s4_c1_rnetol_d256_depth3_p20_bs200,seed011,11,93,18600,200,16,118.20165536475871,123.82316749581982,118.20165536475871,False,max_epochs,845.9627184867859
rl4crn_rne_oscillator_trace_8rxn_stop_risksched085to09_lr1e4_entropy005_s4_c1_rnetol_d256_depth3_p20_bs200,seed011,11,94,18800,200,16,118.00497441632626,121.4250936178918,118.00497441632626,False,max_epochs,855.5134890079498
rl4crn_rne_oscillator_trace_8rxn_stop_risksched085to09_lr1e4_entropy005_s4_c1_rnetol_d256_depth3_p20_bs200,seed011,11,95,19000,200,16,118.71443120404798,121.34300474076471,118.00497441632626,False,max_epochs,864.6446464061737
rl4crn_rne_oscillator_trace_8rxn_stop_risksched085to09_lr1e4_entropy005_s4_c1_rnetol_d256_depth3_p20_bs200,seed011,11,96,19200,200,16,118.22917480233043,121.41394749632926,118.00497441632626,False,max_epochs,874.4119045734406
rl4crn_rne_oscillator_trace_8rxn_stop_risksched085to09_lr1e4_entropy005_s4_c1_rnetol_d256_depth3_p20_bs200,seed011,11,97,19400,200,16,117.27637158311443,121.41344846672169,117.27637158311443,False,max_epochs,883.3654308319092
rl4crn_rne_oscillator_trace_8rxn_stop_risksched085to09_lr1e4_entropy005_s4_c1_rnetol_d256_depth3_p20_bs200,seed011,11,98,19600,200,16,117.72800132353704,121.2483810186603,117.27637158311443,False,max_epochs,892.7651135921478
rl4crn_rne_oscillator_trace_8rxn_stop_risksched085to09_lr1e4_entropy005_s4_c1_rnetol_d256_depth3_p20_bs200,seed011,11,99,19800,200,16,117.35163696981071,121.01906244472059,117.27637158311443,False,max_epochs,902.0736899375916
rl4crn_rne_oscillator_trace_8rxn_stop_risksched085to09_lr1e4_entropy005_s4_c1_rnetol_d256_depth3_p20_bs200,seed011,11,100,20000,200,16,117.54905204996098,121.97684845930854,117.27637158311443,False,max_epochs,910.9539742469788
rl4crn_rne_oscillator_trace_8rxn_stop_risksched085to09_lr1e4_entropy005_s4_c1_rnetol_d256_depth3_p20_bs200,seed011,11,101,20200,200,16,116.6637547573359,121.40192970347616,116.6637547573359,False,max_epochs,920.1748840808868
rl4crn_rne_oscillator_trace_8rxn_stop_risksched085to09_lr1e4_entropy005_s4_c1_rnetol_d256_depth3_p20_bs200,seed011,11,102,20400,200,16,117.1552347479144,121.96722873888487,116.6637547573359,False,max_epochs,929.2626085281372
rl4crn_rne_oscillator_trace_8rxn_stop_risksched085to09_lr1e4_entropy005_s4_c1_rnetol_d256_depth3_p20_bs200,seed011,11,103,20600,200,16,115.9787866112774,122.17613565308943,115.9787866112774,False,max_epochs,937.4457063674927
rl4crn_rne_oscillator_trace_8rxn_stop_risksched085to09_lr1e4_entropy005_s4_c1_rnetol_d256_depth3_p20_bs200,seed011,11,104,20800,200,16,114.9556508606129,121.78802472966238,114.9556508606129,False,max_epochs,941.3020768165588
rl4crn_rne_oscillator_trace_8rxn_stop_risksched085to09_lr1e4_entropy005_s4_c1_rnetol_d256_depth3_p20_bs200,seed011,11,105,21000,200,16,115.60404880469619,123.6333554934342,114.9556508606129,False,max_epochs,949.7288172245026
rl4crn_rne_oscillator_trace_8rxn_stop_risksched085to09_lr1e4_entropy005_s4_c1_rnetol_d256_depth3_p20_bs200,seed011,11,106,21200,200,16,114.8344389923732,125.09505755958492,114.8344389923732,False,max_epochs,959.3247368335724
rl4crn_rne_oscillator_trace_8rxn_stop_risksched085to09_lr1e4_entropy005_s4_c1_rnetol_d256_depth3_p20_bs200,seed011,11,107,21400,200,16,114.16615909080058,131.13707444081854,114.16615909080058,False,max_epochs,968.9217653274536
rl4crn_rne_oscillator_trace_8rxn_stop_risksched085to09_lr1e4_entropy005_s4_c1_rnetol_d256_depth3_p20_bs200,seed011,11,108,21600,200,16,114.13910576495405,130.29690743750143,114.13910576495405,False,max_epochs,977.6418962478638
rl4crn_rne_oscillator_trace_8rxn_stop_risksched085to09_lr1e4_entropy005_s4_c1_rnetol_d256_depth3_p20_bs200,seed011,11,109,21800,200,16,114.26312315640011,131.45332322690592,114.13910576495405,False,max_epochs,987.508216381073
rl4crn_rne_oscillator_trace_8rxn_stop_risksched085to09_lr1e4_entropy005_s4_c1_rnetol_d256_depth3_p20_bs200,seed011,11,110,22000,200,16,113.20797539496462,128.85611978367217,113.20797539496462,False,max_epochs,996.8156156539917
rl4crn_rne_oscillator_trace_8rxn_stop_risksched085to09_lr1e4_entropy005_s4_c1_rnetol_d256_depth3_p20_bs200,seed011,11,111,22200,200,16,112.67210577988016,130.9917128062441,112.67210577988016,False,max_epochs,1006.3221783638
rl4crn_rne_oscillator_trace_8rxn_stop_risksched085to09_lr1e4_entropy005_s4_c1_rnetol_d256_depth3_p20_bs200,seed011,11,112,22400,200,16,112.62946150295457,123.76583026941114,112.62946150295457,False,max_epochs,1016.0052206516266
rl4crn_rne_oscillator_trace_8rxn_stop_risksched085to09_lr1e4_entropy005_s4_c1_rnetol_d256_depth3_p20_bs200,seed011,11,113,22600,200,16,112.9465545775582,128.08828919021948,112.62946150295457,False,max_epochs,1025.5901651382446
rl4crn_rne_oscillator_trace_8rxn_stop_risksched085to09_lr1e4_entropy005_s4_c1_rnetol_d256_depth3_p20_bs200,seed011,11,114,22800,200,16,111.91065076454827,124.71412480216443,111.91065076454827,False,max_epochs,1034.877764225006
rl4crn_rne_oscillator_trace_8rxn_stop_risksched085to09_lr1e4_entropy005_s4_c1_rnetol_d256_depth3_p20_bs200,seed011,11,115,23000,200,16,112.74196300267387,127.33469319250409,111.91065076454827,False,max_epochs,1044.0239083766937
rl4crn_rne_oscillator_trace_8rxn_stop_risksched085to09_lr1e4_entropy005_s4_c1_rnetol_d256_depth3_p20_bs200,seed011,11,116,23200,200,16,112.64169218106994,125.00250092117875,111.91065076454827,False,max_epochs,1053.3627741336823
rl4crn_rne_oscillator_trace_8rxn_stop_risksched085to09_lr1e4_entropy005_s4_c1_rnetol_d256_depth3_p20_bs200,seed011,11,117,23400,200,16,112.91024523589076,122.83879823568584,111.91065076454827,False,max_epochs,1062.9665970802307
rl4crn_rne_oscillator_trace_8rxn_stop_risksched085to09_lr1e4_entropy005_s4_c1_rnetol_d256_depth3_p20_bs200,seed011,11,118,23600,200,16,112.88462158461667,122.11893152917872,111.91065076454827,False,max_epochs,1071.8953278064728
rl4crn_rne_oscillator_trace_8rxn_stop_risksched085to09_lr1e4_entropy005_s4_c1_rnetol_d256_depth3_p20_bs200,seed011,11,119,23800,200,16,111.954430956853,123.75288286141908,111.91065076454827,False,max_epochs,1081.4450643062592
rl4crn_rne_oscillator_trace_8rxn_stop_risksched085to09_lr1e4_entropy005_s4_c1_rnetol_d256_depth3_p20_bs200,seed011,11,120,24000,200,16,111.80272823642618,126.68646090142113,111.80272823642618,False,max_epochs,1091.063850402832
rl4crn_rne_oscillator_trace_8rxn_stop_risksched085to09_lr1e4_entropy005_s4_c1_rnetol_d256_depth3_p20_bs200,seed011,11,121,24200,200,16,112.56405757259128,135.8488497324256,111.80272823642618,False,max_epochs,1100.3861827850342
rl4crn_rne_oscillator_trace_8rxn_stop_risksched085to09_lr1e4_entropy005_s4_c1_rnetol_d256_depth3_p20_bs200,seed011,11,122,24400,200,16,113.0205805988587,137.55266298352512,111.80272823642618,False,max_epochs,1109.858020067215
rl4crn_rne_oscillator_trace_8rxn_stop_risksched085to09_lr1e4_entropy005_s4_c1_rnetol_d256_depth3_p20_bs200,seed011,11,123,24600,200,16,112.36128849218417,140.9250837831616,111.80272823642618,False,max_epochs,1119.4183495044708
rl4crn_rne_oscillator_trace_8rxn_stop_risksched085to09_lr1e4_entropy005_s4_c1_rnetol_d256_depth3_p20_bs200,seed011,11,124,24800,200,16,113.63550403510679,137.35654497707066,111.80272823642618,False,max_epochs,1128.3779509067535
rl4crn_rne_oscillator_trace_8rxn_stop_risksched085to09_lr1e4_entropy005_s4_c1_rnetol_d256_depth3_p20_bs200,seed011,11,125,25000,200,16,112.3851263900561,135.3938554527578,111.80272823642618,False,max_epochs,1136.8467326164246
rl4crn_rne_oscillator_trace_8rxn_stop_risksched085to09_lr1e4_entropy005_s4_c1_rnetol_d256_depth3_p20_bs200,seed011,11,126,25200,200,16,112.0627590767808,135.13974514046527,111.80272823642618,False,max_epochs,1146.0897901058197
rl4crn_rne_oscillator_trace_8rxn_stop_risksched085to09_lr1e4_entropy005_s4_c1_rnetol_d256_depth3_p20_bs200,seed011,11,127,25400,200,16,112.67419127957709,123.02634566680814,111.80272823642618,False,max_epochs,1155.2157158851624
rl4crn_rne_oscillator_trace_8rxn_stop_risksched085to09_lr1e4_entropy005_s4_c1_rnetol_d256_depth3_p20_bs200,seed011,11,128,25600,200,16,112.80058156806612,121.37004784145941,111.80272823642618,False,max_epochs,1159.6102647781372
rl4crn_rne_oscillator_trace_8rxn_stop_risksched085to09_lr1e4_entropy005_s4_c1_rnetol_d256_depth3_p20_bs200,seed011,11,129,25800,200,16,111.88077520003822,120.09919531210842,111.80272823642618,False,max_epochs,1166.6416261196136
rl4crn_rne_oscillator_trace_8rxn_stop_risksched085to09_lr1e4_entropy005_s4_c1_rnetol_d256_depth3_p20_bs200,seed011,11,130,26000,200,16,112.50018977558749,122.46788525494603,111.80272823642618,False,max_epochs,1175.9640164375305
rl4crn_rne_oscillator_trace_8rxn_stop_risksched085to09_lr1e4_entropy005_s4_c1_rnetol_d256_depth3_p20_bs200,seed011,11,131,26200,200,16,111.71601736260834,122.58965027778672,111.71601736260834,False,max_epochs,1185.6609632968903
rl4crn_rne_oscillator_trace_8rxn_stop_risksched085to09_lr1e4_entropy005_s4_c1_rnetol_d256_depth3_p20_bs200,seed011,11,132,26400,200,16,113.37892038502468,121.0260528375613,111.71601736260834,False,max_epochs,1194.9550375938416
rl4crn_rne_oscillator_trace_8rxn_stop_risksched085to09_lr1e4_entropy005_s4_c1_rnetol_d256_depth3_p20_bs200,seed011,11,133,26600,200,16,112.02543572060836,120.60904027965245,111.71601736260834,False,max_epochs,1204.5835356712341
rl4crn_rne_oscillator_trace_8rxn_stop_risksched085to09_lr1e4_entropy005_s4_c1_rnetol_d256_depth3_p20_bs200,seed011,11,134,26800,200,16,112.28587311363317,123.64180039738704,111.71601736260834,False,max_epochs,1214.267418384552
rl4crn_rne_oscillator_trace_8rxn_stop_risksched085to09_lr1e4_entropy005_s4_c1_rnetol_d256_depth3_p20_bs200,seed011,11,135,27000,200,16,112.35387966158538,124.29862850353568,111.71601736260834,False,max_epochs,1223.172044992447
rl4crn_rne_oscillator_trace_8rxn_stop_risksched085to09_lr1e4_entropy005_s4_c1_rnetol_d256_depth3_p20_bs200,seed011,11,136,27200,200,16,112.27473270483192,135.23264564527184,111.71601736260834,False,max_epochs,1232.0734372138977
rl4crn_rne_oscillator_trace_8rxn_stop_risksched085to09_lr1e4_entropy005_s4_c1_rnetol_d256_depth3_p20_bs200,seed011,11,137,27400,200,16,112.53448015551783,129.77349289451172,111.71601736260834,False,max_epochs,1241.421323299408
rl4crn_rne_oscillator_trace_8rxn_stop_risksched085to09_lr1e4_entropy005_s4_c1_rnetol_d256_depth3_p20_bs200,seed011,11,138,27600,200,16,111.63134048090741,122.22980933993746,111.63134048090741,False,max_epochs,1250.4931092262268
rl4crn_rne_oscillator_trace_8rxn_stop_risksched085to09_lr1e4_entropy005_s4_c1_rnetol_d256_depth3_p20_bs200,seed011,11,139,27800,200,16,111.22564228235238,122.93695546983284,111.22564228235238,False,max_epochs,1253.6019768714905
rl4crn_rne_oscillator_trace_8rxn_stop_risksched085to09_lr1e4_entropy005_s4_c1_rnetol_d256_depth3_p20_bs200,seed011,11,140,28000,200,16,112.5456086821558,122.69771154752763,111.22564228235238,False,max_epochs,1261.5606110095978
rl4crn_rne_oscillator_trace_8rxn_stop_risksched085to09_lr1e4_entropy005_s4_c1_rnetol_d256_depth3_p20_bs200,seed011,11,141,28200,200,16,112.12270020034478,123.52922555065771,111.22564228235238,False,max_epochs,1271.2232701778412
rl4crn_rne_oscillator_trace_8rxn_stop_risksched085to09_lr1e4_entropy005_s4_c1_rnetol_d256_depth3_p20_bs200,seed011,11,142,28400,200,16,111.57983535024889,123.28044952642861,111.22564228235238,False,max_epochs,1280.6507105827332
rl4crn_rne_oscillator_trace_8rxn_stop_risksched085to09_lr1e4_entropy005_s4_c1_rnetol_d256_depth3_p20_bs200,seed011,11,143,28600,200,16,112.57737803808396,123.18697626693309,111.22564228235238,False,max_epochs,1289.9191679954529
rl4crn_rne_oscillator_trace_8rxn_stop_risksched085to09_lr1e4_entropy005_s4_c1_rnetol_d256_depth3_p20_bs200,seed011,11,144,28800,200,16,112.39210255223634,122.16159167702521,111.22564228235238,False,max_epochs,1299.4850244522095
rl4crn_rne_oscillator_trace_8rxn_stop_risksched085to09_lr1e4_entropy005_s4_c1_rnetol_d256_depth3_p20_bs200,seed011,11,145,29000,200,16,112.02204412392383,125.05480736341747,111.22564228235238,False,max_epochs,1309.131091594696
rl4crn_rne_oscillator_trace_8rxn_stop_risksched085to09_lr1e4_entropy005_s4_c1_rnetol_d256_depth3_p20_bs200,seed011,11,146,29200,200,16,111.18576369004079,124.23783510360947,111.18576369004079,False,max_epochs,1318.2584261894226
rl4crn_rne_oscillator_trace_8rxn_stop_risksched085to09_lr1e4_entropy005_s4_c1_rnetol_d256_depth3_p20_bs200,seed011,11,147,29400,200,16,111.84277182725026,123.50957524756569,111.18576369004079,False,max_epochs,1327.8274900913239
rl4crn_rne_oscillator_trace_8rxn_stop_risksched085to09_lr1e4_entropy005_s4_c1_rnetol_d256_depth3_p20_bs200,seed011,11,148,29600,200,16,111.14702717133854,121.80496126931831,111.14702717133854,False,max_epochs,1337.3722438812256
rl4crn_rne_oscillator_trace_8rxn_stop_risksched085to09_lr1e4_entropy005_s4_c1_rnetol_d256_depth3_p20_bs200,seed011,11,149,29800,200,16,111.5831872683056,122.81111049426659,111.14702717133854,False,max_epochs,1346.9506413936615
rl4crn_rne_oscillator_trace_8rxn_stop_risksched085to09_lr1e4_entropy005_s4_c1_rnetol_d256_depth3_p20_bs200,seed011,11,150,30000,200,16,111.81683428410717,123.0611559914727,111.14702717133854,False,max_epochs,1355.5470416545868
rl4crn_rne_oscillator_trace_8rxn_stop_risksched085to09_lr1e4_entropy005_s4_c1_rnetol_d256_depth3_p20_bs200,seed011,11,151,30200,200,16,111.57888427809661,120.03749410294121,111.14702717133854,False,max_epochs,1365.308343410492
rl4crn_rne_oscillator_trace_8rxn_stop_risksched085to09_lr1e4_entropy005_s4_c1_rnetol_d256_depth3_p20_bs200,seed011,11,152,30400,200,16,111.3310911661939,120.75774834865064,111.14702717133854,False,max_epochs,1374.3728148937225
rl4crn_rne_oscillator_trace_8rxn_stop_risksched085to09_lr1e4_entropy005_s4_c1_rnetol_d256_depth3_p20_bs200,seed011,11,153,30600,200,16,111.66771628742241,122.66913772898269,111.14702717133854,False,max_epochs,1382.9484260082245
rl4crn_rne_oscillator_trace_8rxn_stop_risksched085to09_lr1e4_entropy005_s4_c1_rnetol_d256_depth3_p20_bs200,seed011,11,154,30800,200,16,111.3140788668973,120.20698431130265,111.14702717133854,False,max_epochs,1392.2531261444092
rl4crn_rne_oscillator_trace_8rxn_stop_risksched085to09_lr1e4_entropy005_s4_c1_rnetol_d256_depth3_p20_bs200,seed011,11,155,31000,200,16,110.83089491778193,119.73946041687056,110.83089491778193,False,max_epochs,1401.0313494205475
rl4crn_rne_oscillator_trace_8rxn_stop_risksched085to09_lr1e4_entropy005_s4_c1_rnetol_d256_depth3_p20_bs200,seed011,11,156,31200,200,16,111.61025210591718,118.58863524538128,110.83089491778193,False,max_epochs,1409.3467102050781
rl4crn_rne_oscillator_trace_8rxn_stop_risksched085to09_lr1e4_entropy005_s4_c1_rnetol_d256_depth3_p20_bs200,seed011,11,157,31400,200,16,111.31044052513244,118.15457461286223,110.83089491778193,False,max_epochs,1412.6143367290497
rl4crn_rne_oscillator_trace_8rxn_stop_risksched085to09_lr1e4_entropy005_s4_c1_rnetol_d256_depth3_p20_bs200,seed011,11,158,31600,200,16,111.47850426326826,120.78666304429825,110.83089491778193,False,max_epochs,1421.5894045829773
rl4crn_rne_oscillator_trace_8rxn_stop_risksched085to09_lr1e4_entropy005_s4_c1_rnetol_d256_depth3_p20_bs200,seed011,11,159,31800,200,16,111.59627070094736,119.00584437192396,110.83089491778193,False,max_epochs,1431.0160160064697
rl4crn_rne_oscillator_trace_8rxn_stop_risksched085to09_lr1e4_entropy005_s4_c1_rnetol_d256_depth3_p20_bs200,seed011,11,160,32000,200,16,111.50457801778929,117.6026972376894,110.83089491778193,False,max_epochs,1440.4399206638336
rl4crn_rne_oscillator_trace_8rxn_stop_risksched085to09_lr1e4_entropy005_s4_c1_rnetol_d256_depth3_p20_bs200,seed011,11,161,32200,200,16,111.03293361919131,118.01449824471838,110.83089491778193,False,max_epochs,1449.8398761749268
rl4crn_rne_oscillator_trace_8rxn_stop_risksched085to09_lr1e4_entropy005_s4_c1_rnetol_d256_depth3_p20_bs200,seed011,11,162,32400,200,16,111.17884772621652,118.57944039101127,110.83089491778193,False,max_epochs,1459.3351867198944
rl4crn_rne_oscillator_trace_8rxn_stop_risksched085to09_lr1e4_entropy005_s4_c1_rnetol_d256_depth3_p20_bs200,seed011,11,163,32600,200,16,111.56854606297894,118.94740799773535,110.83089491778193,False,max_epochs,1468.8004803657532
rl4crn_rne_oscillator_trace_8rxn_stop_risksched085to09_lr1e4_entropy005_s4_c1_rnetol_d256_depth3_p20_bs200,seed011,11,164,32800,200,16,110.99563852126725,120.20010332705037,110.83089491778193,False,max_epochs,1477.6379563808441
rl4crn_rne_oscillator_trace_8rxn_stop_risksched085to09_lr1e4_entropy005_s4_c1_rnetol_d256_depth3_p20_bs200,seed011,11,165,33000,200,16,111.11760004601058,121.82392474058983,110.83089491778193,False,max_epochs,1487.065547466278
rl4crn_rne_oscillator_trace_8rxn_stop_risksched085to09_lr1e4_entropy005_s4_c1_rnetol_d256_depth3_p20_bs200,seed011,11,166,33200,200,16,110.33861417359367,119.43766644878798,110.33861417359367,False,max_epochs,1496.2928178310394
rl4crn_rne_oscillator_trace_8rxn_stop_risksched085to09_lr1e4_entropy005_s4_c1_rnetol_d256_depth3_p20_bs200,seed011,11,167,33400,200,16,109.51878259846796,119.49168553697712,109.51878259846796,False,max_epochs,1505.1322810649872
rl4crn_rne_oscillator_trace_8rxn_stop_risksched085to09_lr1e4_entropy005_s4_c1_rnetol_d256_depth3_p20_bs200,seed011,11,168,33600,200,16,110.639861407072,118.1206119604899,109.51878259846796,False,max_epochs,1514.3500950336456
rl4crn_rne_oscillator_trace_8rxn_stop_risksched085to09_lr1e4_entropy005_s4_c1_rnetol_d256_depth3_p20_bs200,seed011,11,169,33800,200,16,111.6570273564577,117.47753205152104,109.51878259846796,False,max_epochs,1523.2665238380432
rl4crn_rne_oscillator_trace_8rxn_stop_risksched085to09_lr1e4_entropy005_s4_c1_rnetol_d256_depth3_p20_bs200,seed011,11,170,34000,200,16,103.49050033977846,119.29874964691754,103.49050033977846,False,max_epochs,1530.6040353775024
rl4crn_rne_oscillator_trace_8rxn_stop_risksched085to09_lr1e4_entropy005_s4_c1_rnetol_d256_depth3_p20_bs200,seed011,11,171,34200,200,16,109.53634797775902,122.73737106336843,103.49050033977846,False,max_epochs,1535.02512717247
rl4crn_rne_oscillator_trace_8rxn_stop_risksched085to09_lr1e4_entropy005_s4_c1_rnetol_d256_depth3_p20_bs200,seed011,11,172,34400,200,16,100.54128361524708,119.71429047339902,100.54128361524708,False,max_epochs,1544.3202934265137
rl4crn_rne_oscillator_trace_8rxn_stop_risksched085to09_lr1e4_entropy005_s4_c1_rnetol_d256_depth3_p20_bs200,seed011,11,173,34600,200,16,101.01272517405371,120.35817144349517,100.54128361524708,False,max_epochs,1554.1492631435394
rl4crn_rne_oscillator_trace_8rxn_stop_risksched085to09_lr1e4_entropy005_s4_c1_rnetol_d256_depth3_p20_bs200,seed011,11,174,34800,200,16,98.4877344950621,122.20949447672591,98.4877344950621,False,max_epochs,1563.3733305931091
rl4crn_rne_oscillator_trace_8rxn_stop_risksched085to09_lr1e4_entropy005_s4_c1_rnetol_d256_depth3_p20_bs200,seed011,11,175,35000,200,16,92.45601607750505,121.50306899450774,92.45601607750505,False,max_epochs,1572.3556032180786
rl4crn_rne_oscillator_trace_8rxn_stop_risksched085to09_lr1e4_entropy005_s4_c1_rnetol_d256_depth3_p20_bs200,seed011,11,176,35200,200,16,110.74277937699453,128.79113640731333,92.45601607750505,False,max_epochs,1581.3812110424042
rl4crn_rne_oscillator_trace_8rxn_stop_risksched085to09_lr1e4_entropy005_s4_c1_rnetol_d256_depth3_p20_bs200,seed011,11,177,35400,200,16,97.77164455699982,131.45545654949348,92.45601607750505,False,max_epochs,1590.929037809372
rl4crn_rne_oscillator_trace_8rxn_stop_risksched085to09_lr1e4_entropy005_s4_c1_rnetol_d256_depth3_p20_bs200,seed011,11,178,35600,200,16,104.54139337521568,135.04029638797812,92.45601607750505,False,max_epochs,1599.479015827179
rl4crn_rne_oscillator_trace_8rxn_stop_risksched085to09_lr1e4_entropy005_s4_c1_rnetol_d256_depth3_p20_bs200,seed011,11,179,35800,200,16,103.47982312156552,135.554182853827,92.45601607750505,False,max_epochs,1608.9622526168823
rl4crn_rne_oscillator_trace_8rxn_stop_risksched085to09_lr1e4_entropy005_s4_c1_rnetol_d256_depth3_p20_bs200,seed011,11,180,36000,200,16,102.2665382682197,129.82231776514544,92.45601607750505,False,max_epochs,1618.431921005249
rl4crn_rne_oscillator_trace_8rxn_stop_risksched085to09_lr1e4_entropy005_s4_c1_rnetol_d256_depth3_p20_bs200,seed011,11,181,36200,200,16,104.28515702621581,128.1762226456835,92.45601607750505,False,max_epochs,1627.3958506584167
rl4crn_rne_oscillator_trace_8rxn_stop_risksched085to09_lr1e4_entropy005_s4_c1_rnetol_d256_depth3_p20_bs200,seed011,11,182,36400,200,16,100.36465299922601,126.29343153409263,92.45601607750505,False,max_epochs,1636.5992333889008
rl4crn_rne_oscillator_trace_8rxn_stop_risksched085to09_lr1e4_entropy005_s4_c1_rnetol_d256_depth3_p20_bs200,seed011,11,183,36600,200,16,95.05842977924327,125.42805390774521,92.45601607750505,False,max_epochs,1645.6155490875244
rl4crn_rne_oscillator_trace_8rxn_stop_risksched085to09_lr1e4_entropy005_s4_c1_rnetol_d256_depth3_p20_bs200,seed011,11,184,36800,200,16,98.84560525361941,125.11116253682857,92.45601607750505,False,max_epochs,1651.7452416419983
rl4crn_rne_oscillator_trace_8rxn_stop_risksched085to09_lr1e4_entropy005_s4_c1_rnetol_d256_depth3_p20_bs200,seed011,11,185,37000,200,16,97.68427821950466,123.89331528646046,92.45601607750505,False,max_epochs,1657.486654996872
rl4crn_rne_oscillator_trace_8rxn_stop_risksched085to09_lr1e4_entropy005_s4_c1_rnetol_d256_depth3_p20_bs200,seed011,11,186,37200,200,16,97.27740150500702,123.69737482599844,92.45601607750505,False,max_epochs,1666.5637435913086
rl4crn_rne_oscillator_trace_8rxn_stop_risksched085to09_lr1e4_entropy005_s4_c1_rnetol_d256_depth3_p20_bs200,seed011,11,187,37400,200,16,100.03600267937043,124.03830204160818,92.45601607750505,False,max_epochs,1676.288162946701
rl4crn_rne_oscillator_trace_8rxn_stop_risksched085to09_lr1e4_entropy005_s4_c1_rnetol_d256_depth3_p20_bs200,seed011,11,188,37600,200,16,96.69540797054933,124.9345090344716,92.45601607750505,False,max_epochs,1685.9578986167908
rl4crn_rne_oscillator_trace_8rxn_stop_risksched085to09_lr1e4_entropy005_s4_c1_rnetol_d256_depth3_p20_bs200,seed011,11,189,37800,200,16,95.68356068273883,123.80306257892975,92.45601607750505,False,max_epochs,1694.8749923706055
rl4crn_rne_oscillator_trace_8rxn_stop_risksched085to09_lr1e4_entropy005_s4_c1_rnetol_d256_depth3_p20_bs200,seed011,11,190,38000,200,16,89.40659926517526,124.26615760174397,89.40659926517526,False,max_epochs,1704.5281202793121
rl4crn_rne_oscillator_trace_8rxn_stop_risksched085to09_lr1e4_entropy005_s4_c1_rnetol_d256_depth3_p20_bs200,seed011,11,191,38200,200,16,91.27317605957545,123.74495568830558,89.40659926517526,False,max_epochs,1713.8588972091675
rl4crn_rne_oscillator_trace_8rxn_stop_risksched085to09_lr1e4_entropy005_s4_c1_rnetol_d256_depth3_p20_bs200,seed011,11,192,38400,200,16,89.52302333008252,125.0131917760394,89.40659926517526,False,max_epochs,1722.8683860301971
rl4crn_rne_oscillator_trace_8rxn_stop_risksched085to09_lr1e4_entropy005_s4_c1_rnetol_d256_depth3_p20_bs200,seed011,11,193,38600,200,16,89.32457238064339,125.24103777856939,89.32457238064339,False,max_epochs,1732.523521900177
rl4crn_rne_oscillator_trace_8rxn_stop_risksched085to09_lr1e4_entropy005_s4_c1_rnetol_d256_depth3_p20_bs200,seed011,11,194,38800,200,16,81.95272173874976,124.07361430837622,81.95272173874976,False,max_epochs,1742.047438621521
rl4crn_rne_oscillator_trace_8rxn_stop_risksched085to09_lr1e4_entropy005_s4_c1_rnetol_d256_depth3_p20_bs200,seed011,11,195,39000,200,16,80.53498178660001,124.16922792354308,80.53498178660001,False,max_epochs,1751.182278394699
rl4crn_rne_oscillator_trace_8rxn_stop_risksched085to09_lr1e4_entropy005_s4_c1_rnetol_d256_depth3_p20_bs200,seed011,11,196,39200,200,16,81.77075478559014,122.3028427077362,80.53498178660001,False,max_epochs,1760.0998010635376
rl4crn_rne_oscillator_trace_8rxn_stop_risksched085to09_lr1e4_entropy005_s4_c1_rnetol_d256_depth3_p20_bs200,seed011,11,197,39400,200,16,79.60932401368744,123.17248950062258,79.60932401368744,False,max_epochs,1769.173156261444
rl4crn_rne_oscillator_trace_8rxn_stop_risksched085to09_lr1e4_entropy005_s4_c1_rnetol_d256_depth3_p20_bs200,seed011,11,198,39600,200,16,81.4048987638794,121.65943383758173,79.60932401368744,False,max_epochs,1778.4102935791016
rl4crn_rne_oscillator_trace_8rxn_stop_risksched085to09_lr1e4_entropy005_s4_c1_rnetol_d256_depth3_p20_bs200,seed011,11,199,39800,200,16,78.28625768005045,121.77984246830155,78.28625768005045,False,max_epochs,1786.905859708786
rl4crn_rne_oscillator_trace_8rxn_stop_risksched085to09_lr1e4_entropy005_s4_c1_rnetol_d256_depth3_p20_bs200,seed011,11,200,40000,200,16,79.48107277783586,123.79201501926929,78.28625768005045,False,max_epochs,1795.971269607544
rl4crn_rne_oscillator_trace_8rxn_stop_risksched085to09_lr1e4_entropy005_s4_c1_rnetol_d256_depth3_p20_bs200,seed011,11,201,40200,200,16,75.35341978366667,120.20538931292234,75.35341978366667,False,max_epochs,1799.1138229370117
rl4crn_rne_oscillator_trace_8rxn_stop_risksched085to09_lr1e4_entropy005_s4_c1_rnetol_d256_depth3_p20_bs200,seed011,11,202,40400,200,16,78.17936254499642,121.53876393531434,75.35341978366667,False,max_epochs,1807.7043914794922
rl4crn_rne_oscillator_trace_8rxn_stop_risksched085to09_lr1e4_entropy005_s4_c1_rnetol_d256_depth3_p20_bs200,seed011,11,203,40600,200,16,83.41558773237374,119.26901734643155,75.35341978366667,False,max_epochs,1816.8140981197357
rl4crn_rne_oscillator_trace_8rxn_stop_risksched085to09_lr1e4_entropy005_s4_c1_rnetol_d256_depth3_p20_bs200,seed011,11,204,40800,200,16,75.27431693978056,120.56891160575987,75.27431693978056,False,max_epochs,1826.126660823822
rl4crn_rne_oscillator_trace_8rxn_stop_risksched085to09_lr1e4_entropy005_s4_c1_rnetol_d256_depth3_p20_bs200,seed011,11,205,41000,200,16,76.23842984890987,120.35580765872233,75.27431693978056,False,max_epochs,1834.858329296112
rl4crn_rne_oscillator_trace_8rxn_stop_risksched085to09_lr1e4_entropy005_s4_c1_rnetol_d256_depth3_p20_bs200,seed011,11,206,41200,200,16,75.71733921583183,118.16478559998392,75.27431693978056,False,max_epochs,1843.6086769104004
rl4crn_rne_oscillator_trace_8rxn_stop_risksched085to09_lr1e4_entropy005_s4_c1_rnetol_d256_depth3_p20_bs200,seed011,11,207,41400,200,16,76.98631796727193,121.85814424239915,75.27431693978056,False,max_epochs,1850.3401753902435
rl4crn_rne_oscillator_trace_8rxn_stop_risksched085to09_lr1e4_entropy005_s4_c1_rnetol_d256_depth3_p20_bs200,seed011,11,208,41600,200,16,76.45849719095035,117.10361940112408,75.27431693978056,False,max_epochs,1855.76602768898
rl4crn_rne_oscillator_trace_8rxn_stop_risksched085to09_lr1e4_entropy005_s4_c1_rnetol_d256_depth3_p20_bs200,seed011,11,209,41800,200,16,82.41334783326612,119.59366057948563,75.27431693978056,False,max_epochs,1864.1117417812347
rl4crn_rne_oscillator_trace_8rxn_stop_risksched085to09_lr1e4_entropy005_s4_c1_rnetol_d256_depth3_p20_bs200,seed011,11,210,42000,200,16,74.96883582223415,118.83069042829834,74.96883582223415,False,max_epochs,1873.1380503177643
rl4crn_rne_oscillator_trace_8rxn_stop_risksched085to09_lr1e4_entropy005_s4_c1_rnetol_d256_depth3_p20_bs200,seed011,11,211,42200,200,16,84.40422060971855,121.92288074837009,74.96883582223415,False,max_epochs,1881.7194375991821
rl4crn_rne_oscillator_trace_8rxn_stop_risksched085to09_lr1e4_entropy005_s4_c1_rnetol_d256_depth3_p20_bs200,seed011,11,212,42400,200,16,97.30309154926402,123.78820870940844,74.96883582223415,False,max_epochs,1890.9868977069855
rl4crn_rne_oscillator_trace_8rxn_stop_risksched085to09_lr1e4_entropy005_s4_c1_rnetol_d256_depth3_p20_bs200,seed011,11,213,42600,200,16,93.89246188152514,123.02998286616906,74.96883582223415,False,max_epochs,1900.1682889461517
rl4crn_rne_oscillator_trace_8rxn_stop_risksched085to09_lr1e4_entropy005_s4_c1_rnetol_d256_depth3_p20_bs200,seed011,11,214,42800,200,16,73.58649534502406,119.20378204791731,73.58649534502406,False,max_epochs,1909.0359523296356
rl4crn_rne_oscillator_trace_8rxn_stop_risksched085to09_lr1e4_entropy005_s4_c1_rnetol_d256_depth3_p20_bs200,seed011,11,215,43000,200,16,83.39417701587782,130.28174885538732,73.58649534502406,False,max_epochs,1914.5197956562042
rl4crn_rne_oscillator_trace_8rxn_stop_risksched085to09_lr1e4_entropy005_s4_c1_rnetol_d256_depth3_p20_bs200,seed011,11,216,43200,200,16,83.98868187394008,124.65670734614021,73.58649534502406,False,max_epochs,1920.893075466156
rl4crn_rne_oscillator_trace_8rxn_stop_risksched085to09_lr1e4_entropy005_s4_c1_rnetol_d256_depth3_p20_bs200,seed011,11,217,43400,200,16,89.22539009198593,126.04993758235143,73.58649534502406,False,max_epochs,1930.4720530509949
rl4crn_rne_oscillator_trace_8rxn_stop_risksched085to09_lr1e4_entropy005_s4_c1_rnetol_d256_depth3_p20_bs200,seed011,11,218,43600,200,16,92.01284993478511,127.50574245148601,73.58649534502406,False,max_epochs,1939.8419017791748
rl4crn_rne_oscillator_trace_8rxn_stop_risksched085to09_lr1e4_entropy005_s4_c1_rnetol_d256_depth3_p20_bs200,seed011,11,219,43800,200,16,73.32094052849926,117.82227513675352,73.32094052849926,False,max_epochs,1948.9844238758087
rl4crn_rne_oscillator_trace_8rxn_stop_risksched085to09_lr1e4_entropy005_s4_c1_rnetol_d256_depth3_p20_bs200,seed011,11,220,44000,200,16,83.65302792820957,123.9351387305495,73.32094052849926,False,max_epochs,1958.4946982860565
rl4crn_rne_oscillator_trace_8rxn_stop_risksched085to09_lr1e4_entropy005_s4_c1_rnetol_d256_depth3_p20_bs200,seed011,11,221,44200,200,16,98.34192437212947,125.46100471878287,73.32094052849926,False,max_epochs,1968.0739097595215
rl4crn_rne_oscillator_trace_8rxn_stop_risksched085to09_lr1e4_entropy005_s4_c1_rnetol_d256_depth3_p20_bs200,seed011,11,222,44400,200,16,94.15941912419422,125.15183977183523,73.32094052849926,False,max_epochs,1976.7679197788239
rl4crn_rne_oscillator_trace_8rxn_stop_risksched085to09_lr1e4_entropy005_s4_c1_rnetol_d256_depth3_p20_bs200,seed011,11,223,44600,200,16,75.04088954214467,122.08446952111433,73.32094052849926,False,max_epochs,1986.2791955471039
rl4crn_rne_oscillator_trace_8rxn_stop_risksched085to09_lr1e4_entropy005_s4_c1_rnetol_d256_depth3_p20_bs200,seed011,11,224,44800,200,16,76.12811954391678,120.26237367541304,73.32094052849926,False,max_epochs,1996.243762254715
rl4crn_rne_oscillator_trace_8rxn_stop_risksched085to09_lr1e4_entropy005_s4_c1_rnetol_d256_depth3_p20_bs200,seed011,11,225,45000,200,16,76.52351909482645,122.73890474864662,73.32094052849926,False,max_epochs,2005.626038312912
rl4crn_rne_oscillator_trace_8rxn_stop_risksched085to09_lr1e4_entropy005_s4_c1_rnetol_d256_depth3_p20_bs200,seed011,11,226,45200,200,16,76.93061314582759,121.55339812949143,73.32094052849926,False,max_epochs,2014.9722924232483
rl4crn_rne_oscillator_trace_8rxn_stop_risksched085to09_lr1e4_entropy005_s4_c1_rnetol_d256_depth3_p20_bs200,seed011,11,227,45400,200,16,78.72036411271105,124.43809005209891,73.32094052849926,False,max_epochs,2024.4489266872406
rl4crn_rne_oscillator_trace_8rxn_stop_risksched085to09_lr1e4_entropy005_s4_c1_rnetol_d256_depth3_p20_bs200,seed011,11,228,45600,200,16,76.50945412506864,122.95262696415314,73.32094052849926,False,max_epochs,2033.3332242965698
rl4crn_rne_oscillator_trace_8rxn_stop_risksched085to09_lr1e4_entropy005_s4_c1_rnetol_d256_depth3_p20_bs200,seed011,11,229,45800,200,16,72.54815298094044,123.2931638420543,72.54815298094044,False,max_epochs,2042.2072386741638
rl4crn_rne_oscillator_trace_8rxn_stop_risksched085to09_lr1e4_entropy005_s4_c1_rnetol_d256_depth3_p20_bs200,seed011,11,230,46000,200,16,73.09185381159423,122.2009337058573,72.54815298094044,False,max_epochs,2051.220068693161
rl4crn_rne_oscillator_trace_8rxn_stop_risksched085to09_lr1e4_entropy005_s4_c1_rnetol_d256_depth3_p20_bs200,seed011,11,231,46200,200,16,76.11338998551193,121.99520042995272,72.54815298094044,False,max_epochs,2059.531886816025
rl4crn_rne_oscillator_trace_8rxn_stop_risksched085to09_lr1e4_entropy005_s4_c1_rnetol_d256_depth3_p20_bs200,seed011,11,232,46400,200,16,79.7283637669177,123.91725730008264,72.54815298094044,False,max_epochs,2064.5067224502563
rl4crn_rne_oscillator_trace_8rxn_stop_risksched085to09_lr1e4_entropy005_s4_c1_rnetol_d256_depth3_p20_bs200,seed011,11,233,46600,200,16,81.69730744621184,125.14172567290495,72.54815298094044,False,max_epochs,2071.632702589035
rl4crn_rne_oscillator_trace_8rxn_stop_risksched085to09_lr1e4_entropy005_s4_c1_rnetol_d256_depth3_p20_bs200,seed011,11,234,46800,200,16,80.86849182821355,124.23669218970238,72.54815298094044,False,max_epochs,2080.8764724731445
rl4crn_rne_oscillator_trace_8rxn_stop_risksched085to09_lr1e4_entropy005_s4_c1_rnetol_d256_depth3_p20_bs200,seed011,11,235,47000,200,16,77.91250817022811,125.00192815019764,72.54815298094044,False,max_epochs,2090.263454914093
rl4crn_rne_oscillator_trace_8rxn_stop_risksched085to09_lr1e4_entropy005_s4_c1_rnetol_d256_depth3_p20_bs200,seed011,11,236,47200,200,16,76.30174680292377,122.82454815511565,72.54815298094044,False,max_epochs,2099.0732259750366
rl4crn_rne_oscillator_trace_8rxn_stop_risksched085to09_lr1e4_entropy005_s4_c1_rnetol_d256_depth3_p20_bs200,seed011,11,237,47400,200,16,75.05819091750116,121.93396765251069,72.54815298094044,False,max_epochs,2108.185842037201
rl4crn_rne_oscillator_trace_8rxn_stop_risksched085to09_lr1e4_entropy005_s4_c1_rnetol_d256_depth3_p20_bs200,seed011,11,238,47600,200,16,74.3496857369494,123.48036725298076,72.54815298094044,False,max_epochs,2117.5121459960938
rl4crn_rne_oscillator_trace_8rxn_stop_risksched085to09_lr1e4_entropy005_s4_c1_rnetol_d256_depth3_p20_bs200,seed011,11,239,47800,200,16,73.57697078705147,124.78266126028649,72.54815298094044,False,max_epochs,2126.3053221702576
rl4crn_rne_oscillator_trace_8rxn_stop_risksched085to09_lr1e4_entropy005_s4_c1_rnetol_d256_depth3_p20_bs200,seed011,11,240,48000,200,16,75.23732530153464,123.40095034867247,72.54815298094044,False,max_epochs,2130.8957624435425
rl4crn_rne_oscillator_trace_8rxn_stop_risksched085to09_lr1e4_entropy005_s4_c1_rnetol_d256_depth3_p20_bs200,seed011,11,241,48200,200,16,74.23618259721593,121.51054296283874,72.54815298094044,False,max_epochs,2138.1443240642548
rl4crn_rne_oscillator_trace_8rxn_stop_risksched085to09_lr1e4_entropy005_s4_c1_rnetol_d256_depth3_p20_bs200,seed011,11,242,48400,200,16,72.65904252931395,121.74750624460178,72.54815298094044,False,max_epochs,2147.1581950187683
rl4crn_rne_oscillator_trace_8rxn_stop_risksched085to09_lr1e4_entropy005_s4_c1_rnetol_d256_depth3_p20_bs200,seed011,11,243,48600,200,16,74.43403418035129,123.84993040783993,72.54815298094044,False,max_epochs,2156.8382606506348
rl4crn_rne_oscillator_trace_8rxn_stop_risksched085to09_lr1e4_entropy005_s4_c1_rnetol_d256_depth3_p20_bs200,seed011,11,244,48800,200,16,73.67929369040773,123.90143430288154,72.54815298094044,False,max_epochs,2165.4352629184723
rl4crn_rne_oscillator_trace_8rxn_stop_risksched085to09_lr1e4_entropy005_s4_c1_rnetol_d256_depth3_p20_bs200,seed011,11,245,49000,200,16,71.71146658781686,121.43460270638658,71.71146658781686,False,max_epochs,2174.9465022087097
rl4crn_rne_oscillator_trace_8rxn_stop_risksched085to09_lr1e4_entropy005_s4_c1_rnetol_d256_depth3_p20_bs200,seed011,11,246,49200,200,16,72.02401665562952,120.70058688870878,71.71146658781686,False,max_epochs,2184.4419457912445
rl4crn_rne_oscillator_trace_8rxn_stop_risksched085to09_lr1e4_entropy005_s4_c1_rnetol_d256_depth3_p20_bs200,seed011,11,247,49400,200,16,73.20738283365732,120.07328619410828,71.71146658781686,False,max_epochs,2193.3751451969147
rl4crn_rne_oscillator_trace_8rxn_stop_risksched085to09_lr1e4_entropy005_s4_c1_rnetol_d256_depth3_p20_bs200,seed011,11,248,49600,200,16,74.67198895530993,120.45193756545264,71.71146658781686,False,max_epochs,2202.7421684265137
rl4crn_rne_oscillator_trace_8rxn_stop_risksched085to09_lr1e4_entropy005_s4_c1_rnetol_d256_depth3_p20_bs200,seed011,11,249,49800,200,16,72.92033201797851,125.73858315851368,71.71146658781686,False,max_epochs,2212.0177824497223
rl4crn_rne_oscillator_trace_8rxn_stop_risksched085to09_lr1e4_entropy005_s4_c1_rnetol_d256_depth3_p20_bs200,seed011,11,250,50000,200,16,78.58427352094321,123.49609379992096,71.71146658781686,False,max_epochs,2221.2883636951447
rl4crn_rne_oscillator_trace_8rxn_stop_risksched085to09_lr1e4_entropy005_s4_c1_rnetol_d256_depth3_p20_bs200,seed011,11,251,50200,200,16,74.10379113145218,117.85771192081228,71.71146658781686,False,max_epochs,2229.4491152763367
rl4crn_rne_oscillator_trace_8rxn_stop_risksched085to09_lr1e4_entropy005_s4_c1_rnetol_d256_depth3_p20_bs200,seed011,11,252,50400,200,16,72.0998644131376,123.97820828449551,71.71146658781686,False,max_epochs,2235.4829230308533
rl4crn_rne_oscillator_trace_8rxn_stop_risksched085to09_lr1e4_entropy005_s4_c1_rnetol_d256_depth3_p20_bs200,seed011,11,253,50600,200,16,76.0174023435315,123.02119782593118,71.71146658781686,False,max_epochs,2241.7455224990845
rl4crn_rne_oscillator_trace_8rxn_stop_risksched085to09_lr1e4_entropy005_s4_c1_rnetol_d256_depth3_p20_bs200,seed011,11,254,50800,200,16,72.37926562163103,118.49846714076986,71.71146658781686,False,max_epochs,2250.916902065277
rl4crn_rne_oscillator_trace_8rxn_stop_risksched085to09_lr1e4_entropy005_s4_c1_rnetol_d256_depth3_p20_bs200,seed011,11,255,51000,200,16,73.64731780579784,125.26478733212005,71.71146658781686,False,max_epochs,2259.548637866974
rl4crn_rne_oscillator_trace_8rxn_stop_risksched085to09_lr1e4_entropy005_s4_c1_rnetol_d256_depth3_p20_bs200,seed011,11,256,51200,200,16,75.94636708097761,128.03907675486045,71.71146658781686,False,max_epochs,2269.316487312317
rl4crn_rne_oscillator_trace_8rxn_stop_risksched085to09_lr1e4_entropy005_s4_c1_rnetol_d256_depth3_p20_bs200,seed011,11,257,51400,200,16,74.5768666443433,126.04860777635314,71.71146658781686,False,max_epochs,2278.7576956748962
rl4crn_rne_oscillator_trace_8rxn_stop_risksched085to09_lr1e4_entropy005_s4_c1_rnetol_d256_depth3_p20_bs200,seed011,11,258,51600,200,16,75.75292080794529,117.86874999762756,71.71146658781686,False,max_epochs,2287.70032453537
rl4crn_rne_oscillator_trace_8rxn_stop_risksched085to09_lr1e4_entropy005_s4_c1_rnetol_d256_depth3_p20_bs200,seed011,11,259,51800,200,16,75.52611090500884,121.7457706149261,71.71146658781686,False,max_epochs,2296.8412358760834
rl4crn_rne_oscillator_trace_8rxn_stop_risksched085to09_lr1e4_entropy005_s4_c1_rnetol_d256_depth3_p20_bs200,seed011,11,260,52000,200,16,72.74285230680508,121.02183715734742,71.71146658781686,False,max_epochs,2306.1265847682953
rl4crn_rne_oscillator_trace_8rxn_stop_risksched085to09_lr1e4_entropy005_s4_c1_rnetol_d256_depth3_p20_bs200,seed011,11,261,52200,200,16,71.41291029659166,118.30011389131082,71.41291029659166,False,max_epochs,2314.535688638687
rl4crn_rne_oscillator_trace_8rxn_stop_risksched085to09_lr1e4_entropy005_s4_c1_rnetol_d256_depth3_p20_bs200,seed011,11,262,52400,200,16,74.72988295109072,124.26775162758683,71.41291029659166,False,max_epochs,2317.707972049713
rl4crn_rne_oscillator_trace_8rxn_stop_risksched085to09_lr1e4_entropy005_s4_c1_rnetol_d256_depth3_p20_bs200,seed011,11,263,52600,200,16,79.18139491666341,122.63798496539013,71.41291029659166,False,max_epochs,2326.6805522441864
rl4crn_rne_oscillator_trace_8rxn_stop_risksched085to09_lr1e4_entropy005_s4_c1_rnetol_d256_depth3_p20_bs200,seed011,11,264,52800,200,16,70.77128734791668,123.6544162652145,70.77128734791668,False,max_epochs,2336.1899585723877
rl4crn_rne_oscillator_trace_8rxn_stop_risksched085to09_lr1e4_entropy005_s4_c1_rnetol_d256_depth3_p20_bs200,seed011,11,265,53000,200,16,77.11894319097311,125.62719460647094,70.77128734791668,False,max_epochs,2345.463396549225
rl4crn_rne_oscillator_trace_8rxn_stop_risksched085to09_lr1e4_entropy005_s4_c1_rnetol_d256_depth3_p20_bs200,seed011,11,266,53200,200,16,73.43138489541802,122.42054173867646,70.77128734791668,False,max_epochs,2354.730332136154
rl4crn_rne_oscillator_trace_8rxn_stop_risksched085to09_lr1e4_entropy005_s4_c1_rnetol_d256_depth3_p20_bs200,seed011,11,267,53400,200,16,71.08896521374288,121.71401981916739,70.77128734791668,False,max_epochs,2363.826766014099
rl4crn_rne_oscillator_trace_8rxn_stop_risksched085to09_lr1e4_entropy005_s4_c1_rnetol_d256_depth3_p20_bs200,seed011,11,268,53600,200,16,71.56089930320562,121.87201850427721,70.77128734791668,False,max_epochs,2373.074856519699
rl4crn_rne_oscillator_trace_8rxn_stop_risksched085to09_lr1e4_entropy005_s4_c1_rnetol_d256_depth3_p20_bs200,seed011,11,269,53800,200,16,72.7182779892465,124.10096219152359,70.77128734791668,False,max_epochs,2381.9935965538025
rl4crn_rne_oscillator_trace_8rxn_stop_risksched085to09_lr1e4_entropy005_s4_c1_rnetol_d256_depth3_p20_bs200,seed011,11,270,54000,200,16,72.81308008742737,121.50199045950033,70.77128734791668,False,max_epochs,2390.7535469532013
rl4crn_rne_oscillator_trace_8rxn_stop_risksched085to09_lr1e4_entropy005_s4_c1_rnetol_d256_depth3_p20_bs200,seed011,11,271,54200,200,16,73.71122923871214,121.31549783354659,70.77128734791668,False,max_epochs,2399.1194105148315
rl4crn_rne_oscillator_trace_8rxn_stop_risksched085to09_lr1e4_entropy005_s4_c1_rnetol_d256_depth3_p20_bs200,seed011,11,272,54400,200,16,71.81865694107506,121.81888015201599,70.77128734791668,False,max_epochs,2403.50678896904
rl4crn_rne_oscillator_trace_8rxn_stop_risksched085to09_lr1e4_entropy005_s4_c1_rnetol_d256_depth3_p20_bs200,seed011,11,273,54600,200,16,71.75880368879169,119.41751825585783,70.77128734791668,False,max_epochs,2411.802810907364
rl4crn_rne_oscillator_trace_8rxn_stop_risksched085to09_lr1e4_entropy005_s4_c1_rnetol_d256_depth3_p20_bs200,seed011,11,274,54800,200,16,72.84958491554555,120.66026646158221,70.77128734791668,False,max_epochs,2420.5240581035614
rl4crn_rne_oscillator_trace_8rxn_stop_risksched085to09_lr1e4_entropy005_s4_c1_rnetol_d256_depth3_p20_bs200,seed011,11,275,55000,200,16,73.47814015317742,122.39606448895742,70.77128734791668,False,max_epochs,2429.926779985428
rl4crn_rne_oscillator_trace_8rxn_stop_risksched085to09_lr1e4_entropy005_s4_c1_rnetol_d256_depth3_p20_bs200,seed011,11,276,55200,200,16,73.63820037119083,117.45565356221158,70.77128734791668,False,max_epochs,2439.49041891098
rl4crn_rne_oscillator_trace_8rxn_stop_risksched085to09_lr1e4_entropy005_s4_c1_rnetol_d256_depth3_p20_bs200,seed011,11,277,55400,200,16,71.54010301750894,118.20729209531287,70.77128734791668,False,max_epochs,2447.7869951725006
rl4crn_rne_oscillator_trace_8rxn_stop_risksched085to09_lr1e4_entropy005_s4_c1_rnetol_d256_depth3_p20_bs200,seed011,11,278,55600,200,16,71.23417831543583,121.50009097514314,70.77128734791668,False,max_epochs,2456.76123380661
rl4crn_rne_oscillator_trace_8rxn_stop_risksched085to09_lr1e4_entropy005_s4_c1_rnetol_d256_depth3_p20_bs200,seed011,11,279,55800,200,16,71.13122853251518,109.86767788784879,70.77128734791668,False,max_epochs,2465.5852522850037
rl4crn_rne_oscillator_trace_8rxn_stop_risksched085to09_lr1e4_entropy005_s4_c1_rnetol_d256_depth3_p20_bs200,seed011,11,280,56000,200,16,71.87950167163847,119.74999771366953,70.77128734791668,False,max_epochs,2468.680391550064
rl4crn_rne_oscillator_trace_8rxn_stop_risksched085to09_lr1e4_entropy005_s4_c1_rnetol_d256_depth3_p20_bs200,seed011,11,281,56200,200,16,71.64060736347298,116.5270682753474,70.77128734791668,False,max_epochs,2477.314514398575
rl4crn_rne_oscillator_trace_8rxn_stop_risksched085to09_lr1e4_entropy005_s4_c1_rnetol_d256_depth3_p20_bs200,seed011,11,282,56400,200,16,72.50454057460395,109.8002072735556,70.77128734791668,False,max_epochs,2486.8294970989227
rl4crn_rne_oscillator_trace_8rxn_stop_risksched085to09_lr1e4_entropy005_s4_c1_rnetol_d256_depth3_p20_bs200,seed011,11,283,56600,200,16,71.74741459420021,113.94016619274362,70.77128734791668,False,max_epochs,2496.299364566803
rl4crn_rne_oscillator_trace_8rxn_stop_risksched085to09_lr1e4_entropy005_s4_c1_rnetol_d256_depth3_p20_bs200,seed011,11,284,56800,200,16,70.9336739092492,112.79012473357275,70.77128734791668,False,max_epochs,2505.533608675003
rl4crn_rne_oscillator_trace_8rxn_stop_risksched085to09_lr1e4_entropy005_s4_c1_rnetol_d256_depth3_p20_bs200,seed011,11,285,57000,200,16,71.00647667642788,106.98732163622842,70.77128734791668,False,max_epochs,2514.212279319763
rl4crn_rne_oscillator_trace_8rxn_stop_risksched085to09_lr1e4_entropy005_s4_c1_rnetol_d256_depth3_p20_bs200,seed011,11,286,57200,200,16,71.42396522063386,111.85185678728823,70.77128734791668,False,max_epochs,2523.2036097049713
rl4crn_rne_oscillator_trace_8rxn_stop_risksched085to09_lr1e4_entropy005_s4_c1_rnetol_d256_depth3_p20_bs200,seed011,11,287,57400,200,16,70.17589186128252,86.69705624701487,70.17589186128252,False,max_epochs,2531.952778816223
rl4crn_rne_oscillator_trace_8rxn_stop_risksched085to09_lr1e4_entropy005_s4_c1_rnetol_d256_depth3_p20_bs200,seed011,11,288,57600,200,16,70.74284530918267,108.21382844591301,70.17589186128252,False,max_epochs,2535.1025681495667
rl4crn_rne_oscillator_trace_8rxn_stop_risksched085to09_lr1e4_entropy005_s4_c1_rnetol_d256_depth3_p20_bs200,seed011,11,289,57800,200,16,71.08108708692707,106.78427336174269,70.17589186128252,False,max_epochs,2543.3271684646606
rl4crn_rne_oscillator_trace_8rxn_stop_risksched085to09_lr1e4_entropy005_s4_c1_rnetol_d256_depth3_p20_bs200,seed011,11,290,58000,200,16,73.64617551050591,115.4782233757833,70.17589186128252,False,max_epochs,2552.7303745746613
rl4crn_rne_oscillator_trace_8rxn_stop_risksched085to09_lr1e4_entropy005_s4_c1_rnetol_d256_depth3_p20_bs200,seed011,11,291,58200,200,16,81.41315589873685,118.2629464482385,70.17589186128252,False,max_epochs,2562.171245098114
rl4crn_rne_oscillator_trace_8rxn_stop_risksched085to09_lr1e4_entropy005_s4_c1_rnetol_d256_depth3_p20_bs200,seed011,11,292,58400,200,16,71.2528370999326,115.62062602681806,70.17589186128252,False,max_epochs,2571.3289892673492
rl4crn_rne_oscillator_trace_8rxn_stop_risksched085to09_lr1e4_entropy005_s4_c1_rnetol_d256_depth3_p20_bs200,seed011,11,293,58600,200,16,72.67023269166063,109.69520271601192,70.17589186128252,False,max_epochs,2580.711177110672
rl4crn_rne_oscillator_trace_8rxn_stop_risksched085to09_lr1e4_entropy005_s4_c1_rnetol_d256_depth3_p20_bs200,seed011,11,294,58800,200,16,70.4611096120021,96.30580217637998,70.17589186128252,False,max_epochs,2589.911754131317
rl4crn_rne_oscillator_trace_8rxn_stop_risksched085to09_lr1e4_entropy005_s4_c1_rnetol_d256_depth3_p20_bs200,seed011,11,295,59000,200,16,71.34894184283826,113.44170668832979,70.17589186128252,False,max_epochs,2599.169189929962
rl4crn_rne_oscillator_trace_8rxn_stop_risksched085to09_lr1e4_entropy005_s4_c1_rnetol_d256_depth3_p20_bs200,seed011,11,296,59200,200,16,71.4629347047528,117.04392303256427,70.17589186128252,False,max_epochs,2606.7821242809296
rl4crn_rne_oscillator_trace_8rxn_stop_risksched085to09_lr1e4_entropy005_s4_c1_rnetol_d256_depth3_p20_bs200,seed011,11,297,59400,200,16,70.36221361598452,92.63787012936038,70.17589186128252,False,max_epochs,2610.6878883838654
rl4crn_rne_oscillator_trace_8rxn_stop_risksched085to09_lr1e4_entropy005_s4_c1_rnetol_d256_depth3_p20_bs200,seed011,11,298,59600,200,16,70.94923175333143,96.99149633873895,70.17589186128252,False,max_epochs,2619.8538353443146
rl4crn_rne_oscillator_trace_8rxn_stop_risksched085to09_lr1e4_entropy005_s4_c1_rnetol_d256_depth3_p20_bs200,seed011,11,299,59800,200,16,72.2500930715634,112.55514432461524,70.17589186128252,False,max_epochs,2629.348593711853
rl4crn_rne_oscillator_trace_8rxn_stop_risksched085to09_lr1e4_entropy005_s4_c1_rnetol_d256_depth3_p20_bs200,seed011,11,300,60000,200,16,71.03424743213333,115.11302733968503,70.17589186128252,False,max_epochs,2638.209443807602
rl4crn_rne_oscillator_trace_8rxn_stop_risksched085to09_lr1e4_entropy005_s4_c1_rnetol_d256_depth3_p20_bs200,seed011,11,301,60200,200,16,74.44667276905167,112.44249564328854,70.17589186128252,False,max_epochs,2647.818237543106
rl4crn_rne_oscillator_trace_8rxn_stop_risksched085to09_lr1e4_entropy005_s4_c1_rnetol_d256_depth3_p20_bs200,seed011,11,302,60400,200,16,72.60204795721941,116.04785815420227,70.17589186128252,False,max_epochs,2657.555026769638
rl4crn_rne_oscillator_trace_8rxn_stop_risksched085to09_lr1e4_entropy005_s4_c1_rnetol_d256_depth3_p20_bs200,seed011,11,303,60600,200,16,70.58451798482265,110.15628525341441,70.17589186128252,False,max_epochs,2666.785075902939
rl4crn_rne_oscillator_trace_8rxn_stop_risksched085to09_lr1e4_entropy005_s4_c1_rnetol_d256_depth3_p20_bs200,seed011,11,304,60800,200,16,83.37972380872975,118.56690787141542,70.17589186128252,False,max_epochs,2676.7342567443848
rl4crn_rne_oscillator_trace_8rxn_stop_risksched085to09_lr1e4_entropy005_s4_c1_rnetol_d256_depth3_p20_bs200,seed011,11,305,61000,200,16,78.53383953803498,122.00677962740335,70.17589186128252,False,max_epochs,2686.490790128708
rl4crn_rne_oscillator_trace_8rxn_stop_risksched085to09_lr1e4_entropy005_s4_c1_rnetol_d256_depth3_p20_bs200,seed011,11,306,61200,200,16,85.62328150946271,121.38245915233196,70.17589186128252,False,max_epochs,2695.6336982250214
rl4crn_rne_oscillator_trace_8rxn_stop_risksched085to09_lr1e4_entropy005_s4_c1_rnetol_d256_depth3_p20_bs200,seed011,11,307,61400,200,16,70.14281981905917,109.9681254262035,70.14281981905917,False,max_epochs,2704.982666015625
rl4crn_rne_oscillator_trace_8rxn_stop_risksched085to09_lr1e4_entropy005_s4_c1_rnetol_d256_depth3_p20_bs200,seed011,11,308,61600,200,16,75.78280059609818,123.2386528798813,70.14281981905917,False,max_epochs,2713.812390565872
rl4crn_rne_oscillator_trace_8rxn_stop_risksched085to09_lr1e4_entropy005_s4_c1_rnetol_d256_depth3_p20_bs200,seed011,11,309,61800,200,16,77.8106673050241,127.94728951705547,70.14281981905917,False,max_epochs,2723.387575864792
rl4crn_rne_oscillator_trace_8rxn_stop_risksched085to09_lr1e4_entropy005_s4_c1_rnetol_d256_depth3_p20_bs200,seed011,11,310,62000,200,16,79.55817856098443,129.636756449323,70.14281981905917,False,max_epochs,2731.9468126296997
rl4crn_rne_oscillator_trace_8rxn_stop_risksched085to09_lr1e4_entropy005_s4_c1_rnetol_d256_depth3_p20_bs200,seed011,11,311,62200,200,16,71.32318378221284,118.76948556566569,70.14281981905917,False,max_epochs,2741.173790216446
rl4crn_rne_oscillator_trace_8rxn_stop_risksched085to09_lr1e4_entropy005_s4_c1_rnetol_d256_depth3_p20_bs200,seed011,11,312,62400,200,16,72.43510098385838,117.24394413187522,70.14281981905917,False,max_epochs,2750.548268556595
rl4crn_rne_oscillator_trace_8rxn_stop_risksched085to09_lr1e4_entropy005_s4_c1_rnetol_d256_depth3_p20_bs200,seed011,11,313,62600,200,16,73.74119637536658,119.80955710447816,70.14281981905917,False,max_epochs,2759.7719600200653
rl4crn_rne_oscillator_trace_8rxn_stop_risksched085to09_lr1e4_entropy005_s4_c1_rnetol_d256_depth3_p20_bs200,seed011,11,314,62800,200,16,74.89262861214388,121.38374896482611,70.14281981905917,False,max_epochs,2769.5976963043213
rl4crn_rne_oscillator_trace_8rxn_stop_risksched085to09_lr1e4_entropy005_s4_c1_rnetol_d256_depth3_p20_bs200,seed011,11,315,63000,200,16,72.39258118873914,113.59270533547297,70.14281981905917,False,max_epochs,2778.665165901184
rl4crn_rne_oscillator_trace_8rxn_stop_risksched085to09_lr1e4_entropy005_s4_c1_rnetol_d256_depth3_p20_bs200,seed011,11,316,63200,200,16,72.53658271707381,118.43483391908765,70.14281981905917,False,max_epochs,2787.7927765846252
rl4crn_rne_oscillator_trace_8rxn_stop_risksched085to09_lr1e4_entropy005_s4_c1_rnetol_d256_depth3_p20_bs200,seed011,11,317,63400,200,16,75.39772700825074,122.06726803748646,70.14281981905917,False,max_epochs,2796.253971338272
rl4crn_rne_oscillator_trace_8rxn_stop_risksched085to09_lr1e4_entropy005_s4_c1_rnetol_d256_depth3_p20_bs200,seed011,11,318,63600,200,16,73.10082460424418,118.98109636985869,70.14281981905917,False,max_epochs,2800.3294944763184
rl4crn_rne_oscillator_trace_8rxn_stop_risksched085to09_lr1e4_entropy005_s4_c1_rnetol_d256_depth3_p20_bs200,seed011,11,319,63800,200,16,70.45287851211314,111.64665413748918,70.14281981905917,False,max_epochs,2808.2405219078064
rl4crn_rne_oscillator_trace_8rxn_stop_risksched085to09_lr1e4_entropy005_s4_c1_rnetol_d256_depth3_p20_bs200,seed011,11,320,64000,200,16,72.95103143313514,117.66572187956537,70.14281981905917,False,max_epochs,2817.641440153122
rl4crn_rne_oscillator_trace_8rxn_stop_risksched085to09_lr1e4_entropy005_s4_c1_rnetol_d256_depth3_p20_bs200,seed011,11,321,64200,200,16,73.95217449853838,119.70606245047901,70.14281981905917,False,max_epochs,2826.4287433624268
rl4crn_rne_oscillator_trace_8rxn_stop_risksched085to09_lr1e4_entropy005_s4_c1_rnetol_d256_depth3_p20_bs200,seed011,11,322,64400,200,16,71.47648005993422,115.69157524096492,70.14281981905917,False,max_epochs,2835.652468919754
rl4crn_rne_oscillator_trace_8rxn_stop_risksched085to09_lr1e4_entropy005_s4_c1_rnetol_d256_depth3_p20_bs200,seed011,11,323,64600,200,16,71.28742255720555,115.20897396136778,70.14281981905917,False,max_epochs,2845.1618027687073
rl4crn_rne_oscillator_trace_8rxn_stop_risksched085to09_lr1e4_entropy005_s4_c1_rnetol_d256_depth3_p20_bs200,seed011,11,324,64800,200,16,69.88961015256143,114.45774614813416,69.88961015256143,False,max_epochs,2854.0454757213593
rl4crn_rne_oscillator_trace_8rxn_stop_risksched085to09_lr1e4_entropy005_s4_c1_rnetol_d256_depth3_p20_bs200,seed011,11,325,65000,200,16,70.57911380889762,103.45648200418537,69.88961015256143,False,max_epochs,2863.268874645233
rl4crn_rne_oscillator_trace_8rxn_stop_risksched085to09_lr1e4_entropy005_s4_c1_rnetol_d256_depth3_p20_bs200,seed011,11,326,65200,200,16,71.05965918409144,108.02546033359496,69.88961015256143,False,max_epochs,2872.405964612961
rl4crn_rne_oscillator_trace_8rxn_stop_risksched085to09_lr1e4_entropy005_s4_c1_rnetol_d256_depth3_p20_bs200,seed011,11,327,65400,200,16,70.6095652495492,113.18260578773909,69.88961015256143,False,max_epochs,2881.45126748085
rl4crn_rne_oscillator_trace_8rxn_stop_risksched085to09_lr1e4_entropy005_s4_c1_rnetol_d256_depth3_p20_bs200,seed011,11,328,65600,200,16,69.87643375263849,101.03649772085271,69.87643375263849,False,max_epochs,2887.4976949691772
rl4crn_rne_oscillator_trace_8rxn_stop_risksched085to09_lr1e4_entropy005_s4_c1_rnetol_d256_depth3_p20_bs200,seed011,11,329,65800,200,16,70.68148689190568,102.41021046148163,69.87643375263849,False,max_epochs,2892.7075746059418
rl4crn_rne_oscillator_trace_8rxn_stop_risksched085to09_lr1e4_entropy005_s4_c1_rnetol_d256_depth3_p20_bs200,seed011,11,330,66000,200,16,70.45479034854114,93.05997817164076,69.87643375263849,False,max_epochs,2902.016964673996
rl4crn_rne_oscillator_trace_8rxn_stop_risksched085to09_lr1e4_entropy005_s4_c1_rnetol_d256_depth3_p20_bs200,seed011,11,331,66200,200,16,72.86463297607482,108.86324700077654,69.87643375263849,False,max_epochs,2911.4740374088287
rl4crn_rne_oscillator_trace_8rxn_stop_risksched085to09_lr1e4_entropy005_s4_c1_rnetol_d256_depth3_p20_bs200,seed011,11,332,66400,200,16,70.62449808417063,110.32159103111007,69.87643375263849,False,max_epochs,2920.2980546951294
rl4crn_rne_oscillator_trace_8rxn_stop_risksched085to09_lr1e4_entropy005_s4_c1_rnetol_d256_depth3_p20_bs200,seed011,11,333,66600,200,16,69.35635241537886,98.21913395636349,69.35635241537886,False,max_epochs,2929.5370087623596
rl4crn_rne_oscillator_trace_8rxn_stop_risksched085to09_lr1e4_entropy005_s4_c1_rnetol_d256_depth3_p20_bs200,seed011,11,334,66800,200,16,69.4488251590859,96.63750845760859,69.35635241537886,False,max_epochs,2939.2356979846954
rl4crn_rne_oscillator_trace_8rxn_stop_risksched085to09_lr1e4_entropy005_s4_c1_rnetol_d256_depth3_p20_bs200,seed011,11,335,67000,200,16,72.43022414260457,104.23335028721965,69.35635241537886,False,max_epochs,2947.9651963710785
rl4crn_rne_oscillator_trace_8rxn_stop_risksched085to09_lr1e4_entropy005_s4_c1_rnetol_d256_depth3_p20_bs200,seed011,11,336,67200,200,16,69.7953082707322,111.21310392705314,69.35635241537886,False,max_epochs,2957.15273976326
rl4crn_rne_oscillator_trace_8rxn_stop_risksched085to09_lr1e4_entropy005_s4_c1_rnetol_d256_depth3_p20_bs200,seed011,11,337,67400,200,16,73.58208718210605,105.615881112082,69.35635241537886,False,max_epochs,2966.228869199753
rl4crn_rne_oscillator_trace_8rxn_stop_risksched085to09_lr1e4_entropy005_s4_c1_rnetol_d256_depth3_p20_bs200,seed011,11,338,67600,200,16,78.59953672633122,110.33755922663318,69.35635241537886,False,max_epochs,2972.2723894119263
rl4crn_rne_oscillator_trace_8rxn_stop_risksched085to09_lr1e4_entropy005_s4_c1_rnetol_d256_depth3_p20_bs200,seed011,11,339,67800,200,16,70.48107423496936,105.12228036596167,69.35635241537886,False,max_epochs,2978.129600763321
rl4crn_rne_oscillator_trace_8rxn_stop_risksched085to09_lr1e4_entropy005_s4_c1_rnetol_d256_depth3_p20_bs200,seed011,11,340,68000,200,16,72.7589564416966,101.42675435948712,69.35635241537886,False,max_epochs,2987.1362211704254
rl4crn_rne_oscillator_trace_8rxn_stop_risksched085to09_lr1e4_entropy005_s4_c1_rnetol_d256_depth3_p20_bs200,seed011,11,341,68200,200,16,72.95656813321017,117.58083587728557,69.35635241537886,False,max_epochs,2996.356392621994
rl4crn_rne_oscillator_trace_8rxn_stop_risksched085to09_lr1e4_entropy005_s4_c1_rnetol_d256_depth3_p20_bs200,seed011,11,342,68400,200,16,70.14877545262735,110.64562713009008,69.35635241537886,False,max_epochs,3005.52974486351
rl4crn_rne_oscillator_trace_8rxn_stop_risksched085to09_lr1e4_entropy005_s4_c1_rnetol_d256_depth3_p20_bs200,seed011,11,343,68600,200,16,76.85993715748805,120.30960069466053,69.35635241537886,False,max_epochs,3013.943370819092
rl4crn_rne_oscillator_trace_8rxn_stop_risksched085to09_lr1e4_entropy005_s4_c1_rnetol_d256_depth3_p20_bs200,seed011,11,344,68800,200,16,90.85290009474578,124.9017218285704,69.35635241537886,False,max_epochs,3022.9270079135895
rl4crn_rne_oscillator_trace_8rxn_stop_risksched085to09_lr1e4_entropy005_s4_c1_rnetol_d256_depth3_p20_bs200,seed011,11,345,69000,200,16,86.6081916759308,124.77072758177965,69.35635241537886,False,max_epochs,3031.4401903152466
rl4crn_rne_oscillator_trace_8rxn_stop_risksched085to09_lr1e4_entropy005_s4_c1_rnetol_d256_depth3_p20_bs200,seed011,11,346,69200,200,16,72.0946500743629,114.96315151200716,69.35635241537886,False,max_epochs,3035.856167793274
rl4crn_rne_oscillator_trace_8rxn_stop_risksched085to09_lr1e4_entropy005_s4_c1_rnetol_d256_depth3_p20_bs200,seed011,11,347,69400,200,16,69.13243661115565,101.43858959764734,69.13243661115565,False,max_epochs,3043.499102830887
rl4crn_rne_oscillator_trace_8rxn_stop_risksched085to09_lr1e4_entropy005_s4_c1_rnetol_d256_depth3_p20_bs200,seed011,11,348,69600,200,16,70.87848465395358,111.42565994786136,69.13243661115565,False,max_epochs,3053.005394935608
rl4crn_rne_oscillator_trace_8rxn_stop_risksched085to09_lr1e4_entropy005_s4_c1_rnetol_d256_depth3_p20_bs200,seed011,11,349,69800,200,16,69.69497456263433,105.55284761000236,69.13243661115565,False,max_epochs,3062.6675338745117
rl4crn_rne_oscillator_trace_8rxn_stop_risksched085to09_lr1e4_entropy005_s4_c1_rnetol_d256_depth3_p20_bs200,seed011,11,350,70000,200,16,70.82830858384504,111.1364158200367,69.13243661115565,False,max_epochs,3071.899389266968
rl4crn_rne_oscillator_trace_8rxn_stop_risksched085to09_lr1e4_entropy005_s4_c1_rnetol_d256_depth3_p20_bs200,seed011,11,351,70200,200,16,70.77724409630915,115.10385516080501,69.13243661115565,False,max_epochs,3080.662115573883
rl4crn_rne_oscillator_trace_8rxn_stop_risksched085to09_lr1e4_entropy005_s4_c1_rnetol_d256_depth3_p20_bs200,seed011,11,352,70400,200,16,69.09668806879783,102.1191551005715,69.09668806879783,False,max_epochs,3090.199345588684
rl4crn_rne_oscillator_trace_8rxn_stop_risksched085to09_lr1e4_entropy005_s4_c1_rnetol_d256_depth3_p20_bs200,seed011,11,353,70600,200,16,71.59011387983328,122.66114232168209,69.09668806879783,False,max_epochs,3099.159731388092
rl4crn_rne_oscillator_trace_8rxn_stop_risksched085to09_lr1e4_entropy005_s4_c1_rnetol_d256_depth3_p20_bs200,seed011,11,354,70800,200,16,70.92310092093324,120.88388970771976,69.09668806879783,False,max_epochs,3107.71768784523
rl4crn_rne_oscillator_trace_8rxn_stop_risksched085to09_lr1e4_entropy005_s4_c1_rnetol_d256_depth3_p20_bs200,seed011,11,355,71000,200,16,69.93439219052742,102.57172779309954,69.09668806879783,False,max_epochs,3116.5862922668457
rl4crn_rne_oscillator_trace_8rxn_stop_risksched085to09_lr1e4_entropy005_s4_c1_rnetol_d256_depth3_p20_bs200,seed011,11,356,71200,200,16,69.90308231272832,114.63181385191666,69.09668806879783,False,max_epochs,3120.618708372116
rl4crn_rne_oscillator_trace_8rxn_stop_risksched085to09_lr1e4_entropy005_s4_c1_rnetol_d256_depth3_p20_bs200,seed011,11,357,71400,200,16,70.90437076559256,116.37502733094959,69.09668806879783,False,max_epochs,3128.561636686325
rl4crn_rne_oscillator_trace_8rxn_stop_risksched085to09_lr1e4_entropy005_s4_c1_rnetol_d256_depth3_p20_bs200,seed011,11,358,71600,200,16,69.00844894572205,112.8502592566021,69.00844894572205,False,max_epochs,3137.5845460891724
rl4crn_rne_oscillator_trace_8rxn_stop_risksched085to09_lr1e4_entropy005_s4_c1_rnetol_d256_depth3_p20_bs200,seed011,11,359,71800,200,16,69.42264717343159,101.91873243330363,69.00844894572205,False,max_epochs,3147.304456949234
rl4crn_rne_oscillator_trace_8rxn_stop_risksched085to09_lr1e4_entropy005_s4_c1_rnetol_d256_depth3_p20_bs200,seed011,11,360,72000,200,16,69.41959138369198,108.14163193671585,69.00844894572205,False,max_epochs,3156.5054614543915
rl4crn_rne_oscillator_trace_8rxn_stop_risksched085to09_lr1e4_entropy005_s4_c1_rnetol_d256_depth3_p20_bs200,seed011,11,361,72200,200,16,69.44841692436354,106.62036028025005,69.00844894572205,False,max_epochs,3165.7047770023346
rl4crn_rne_oscillator_trace_8rxn_stop_risksched085to09_lr1e4_entropy005_s4_c1_rnetol_d256_depth3_p20_bs200,seed011,11,362,72400,200,16,69.93055081574013,100.23318569248897,69.00844894572205,False,max_epochs,3174.327473640442
rl4crn_rne_oscillator_trace_8rxn_stop_risksched085to09_lr1e4_entropy005_s4_c1_rnetol_d256_depth3_p20_bs200,seed011,11,363,72600,200,16,70.09466040517522,104.33198982512513,69.00844894572205,False,max_epochs,3183.6438908576965
rl4crn_rne_oscillator_trace_8rxn_stop_risksched085to09_lr1e4_entropy005_s4_c1_rnetol_d256_depth3_p20_bs200,seed011,11,364,72800,200,16,69.94637742901908,103.80555034525486,69.00844894572205,False,max_epochs,3192.7858381271362
rl4crn_rne_oscillator_trace_8rxn_stop_risksched085to09_lr1e4_entropy005_s4_c1_rnetol_d256_depth3_p20_bs200,seed011,11,365,73000,200,16,69.43271249914729,98.79715175080037,69.00844894572205,False,max_epochs,3200.94490981102
rl4crn_rne_oscillator_trace_8rxn_stop_risksched085to09_lr1e4_entropy005_s4_c1_rnetol_d256_depth3_p20_bs200,seed011,11,366,73200,200,16,70.92552281044675,115.07953266334872,69.00844894572205,False,max_epochs,3204.314377784729
rl4crn_rne_oscillator_trace_8rxn_stop_risksched085to09_lr1e4_entropy005_s4_c1_rnetol_d256_depth3_p20_bs200,seed011,11,367,73400,200,16,70.9495108587992,100.81253721092614,69.00844894572205,False,max_epochs,3213.238532304764
rl4crn_rne_oscillator_trace_8rxn_stop_risksched085to09_lr1e4_entropy005_s4_c1_rnetol_d256_depth3_p20_bs200,seed011,11,368,73600,200,16,68.20723991264703,101.28800204802758,68.20723991264703,False,max_epochs,3222.6340503692627
rl4crn_rne_oscillator_trace_8rxn_stop_risksched085to09_lr1e4_entropy005_s4_c1_rnetol_d256_depth3_p20_bs200,seed011,11,369,73800,200,16,69.8941089960223,105.43577014681208,68.20723991264703,False,max_epochs,3231.7700941562653
rl4crn_rne_oscillator_trace_8rxn_stop_risksched085to09_lr1e4_entropy005_s4_c1_rnetol_d256_depth3_p20_bs200,seed011,11,370,74000,200,16,71.89313155368505,105.84856392200408,68.20723991264703,False,max_epochs,3241.459538936615
rl4crn_rne_oscillator_trace_8rxn_stop_risksched085to09_lr1e4_entropy005_s4_c1_rnetol_d256_depth3_p20_bs200,seed011,11,371,74200,200,16,69.41699026833686,89.34899712621723,68.20723991264703,False,max_epochs,3250.3412430286407
rl4crn_rne_oscillator_trace_8rxn_stop_risksched085to09_lr1e4_entropy005_s4_c1_rnetol_d256_depth3_p20_bs200,seed011,11,372,74400,200,16,70.62997614456147,91.77030256822773,68.20723991264703,False,max_epochs,3259.486602306366
rl4crn_rne_oscillator_trace_8rxn_stop_risksched085to09_lr1e4_entropy005_s4_c1_rnetol_d256_depth3_p20_bs200,seed011,11,373,74600,200,16,71.5701619264295,86.86504063680806,68.20723991264703,False,max_epochs,3268.079104423523
rl4crn_rne_oscillator_trace_8rxn_stop_risksched085to09_lr1e4_entropy005_s4_c1_rnetol_d256_depth3_p20_bs200,seed011,11,374,74800,200,16,69.60439311931758,100.38616799776328,68.20723991264703,False,max_epochs,3276.539427280426
rl4crn_rne_oscillator_trace_8rxn_stop_risksched085to09_lr1e4_entropy005_s4_c1_rnetol_d256_depth3_p20_bs200,seed011,11,375,75000,200,16,69.45324759073806,91.03779879832891,68.20723991264703,False,max_epochs,3281.602783203125
rl4crn_rne_oscillator_trace_8rxn_stop_risksched085to09_lr1e4_entropy005_s4_c1_rnetol_d256_depth3_p20_bs200,seed011,11,376,75200,200,16,69.13632909839468,99.67944382768326,68.20723991264703,False,max_epochs,3289.3053798675537
rl4crn_rne_oscillator_trace_8rxn_stop_risksched085to09_lr1e4_entropy005_s4_c1_rnetol_d256_depth3_p20_bs200,seed011,11,377,75400,200,16,69.28690984689968,106.40101137850395,68.20723991264703,False,max_epochs,3297.771344900131
rl4crn_rne_oscillator_trace_8rxn_stop_risksched085to09_lr1e4_entropy005_s4_c1_rnetol_d256_depth3_p20_bs200,seed011,11,378,75600,200,16,68.4952929777874,94.19328762130337,68.20723991264703,False,max_epochs,3307.1471133232117
rl4crn_rne_oscillator_trace_8rxn_stop_risksched085to09_lr1e4_entropy005_s4_c1_rnetol_d256_depth3_p20_bs200,seed011,11,379,75800,200,16,68.9520842946204,90.18211106438275,68.20723991264703,False,max_epochs,3316.269690513611
rl4crn_rne_oscillator_trace_8rxn_stop_risksched085to09_lr1e4_entropy005_s4_c1_rnetol_d256_depth3_p20_bs200,seed011,11,380,76000,200,16,69.77818704985135,85.5514086891842,68.20723991264703,False,max_epochs,3325.2703840732574
rl4crn_rne_oscillator_trace_8rxn_stop_risksched085to09_lr1e4_entropy005_s4_c1_rnetol_d256_depth3_p20_bs200,seed011,11,381,76200,200,16,69.21616001578909,91.4155093966503,68.20723991264703,False,max_epochs,3333.891457796097
rl4crn_rne_oscillator_trace_8rxn_stop_risksched085to09_lr1e4_entropy005_s4_c1_rnetol_d256_depth3_p20_bs200,seed011,11,382,76400,200,16,69.21178208308726,90.40895610595823,68.20723991264703,False,max_epochs,3337.3185200691223
rl4crn_rne_oscillator_trace_8rxn_stop_risksched085to09_lr1e4_entropy005_s4_c1_rnetol_d256_depth3_p20_bs200,seed011,11,383,76600,200,16,70.47403624953152,94.60950403102868,68.20723991264703,False,max_epochs,3345.5318281650543
rl4crn_rne_oscillator_trace_8rxn_stop_risksched085to09_lr1e4_entropy005_s4_c1_rnetol_d256_depth3_p20_bs200,seed011,11,384,76800,200,16,68.60300648764529,89.62476917888004,68.20723991264703,False,max_epochs,3355.0230634212494
rl4crn_rne_oscillator_trace_8rxn_stop_risksched085to09_lr1e4_entropy005_s4_c1_rnetol_d256_depth3_p20_bs200,seed011,11,385,77000,200,16,68.89451729142021,96.64738227259424,68.20723991264703,False,max_epochs,3363.7854738235474
rl4crn_rne_oscillator_trace_8rxn_stop_risksched085to09_lr1e4_entropy005_s4_c1_rnetol_d256_depth3_p20_bs200,seed011,11,386,77200,200,16,72.21055638751356,81.50813771166808,68.20723991264703,False,max_epochs,3373.356121778488
rl4crn_rne_oscillator_trace_8rxn_stop_risksched085to09_lr1e4_entropy005_s4_c1_rnetol_d256_depth3_p20_bs200,seed011,11,387,77400,200,16,68.95851813958211,81.49359549633205,68.20723991264703,False,max_epochs,3382.7575721740723
rl4crn_rne_oscillator_trace_8rxn_stop_risksched085to09_lr1e4_entropy005_s4_c1_rnetol_d256_depth3_p20_bs200,seed011,11,388,77600,200,16,68.60787215563886,85.46375970119844,68.20723991264703,False,max_epochs,3391.230701684952
rl4crn_rne_oscillator_trace_8rxn_stop_risksched085to09_lr1e4_entropy005_s4_c1_rnetol_d256_depth3_p20_bs200,seed011,11,389,77800,200,16,69.97064994892634,99.384032915228,68.20723991264703,False,max_epochs,3400.5667519569397
rl4crn_rne_oscillator_trace_8rxn_stop_risksched085to09_lr1e4_entropy005_s4_c1_rnetol_d256_depth3_p20_bs200,seed011,11,390,78000,200,16,68.62575569057881,93.74984674441669,68.20723991264703,False,max_epochs,3409.2124049663544
rl4crn_rne_oscillator_trace_8rxn_stop_risksched085to09_lr1e4_entropy005_s4_c1_rnetol_d256_depth3_p20_bs200,seed011,11,391,78200,200,16,68.76825485864332,83.39777304725217,68.20723991264703,False,max_epochs,3416.478093624115
rl4crn_rne_oscillator_trace_8rxn_stop_risksched085to09_lr1e4_entropy005_s4_c1_rnetol_d256_depth3_p20_bs200,seed011,11,392,78400,200,16,70.17484101062936,81.9201234783761,68.20723991264703,False,max_epochs,3420.4139482975006
rl4crn_rne_oscillator_trace_8rxn_stop_risksched085to09_lr1e4_entropy005_s4_c1_rnetol_d256_depth3_p20_bs200,seed011,11,393,78600,200,16,69.64220915090318,85.70931306369684,68.20723991264703,False,max_epochs,3429.369115114212
rl4crn_rne_oscillator_trace_8rxn_stop_risksched085to09_lr1e4_entropy005_s4_c1_rnetol_d256_depth3_p20_bs200,seed011,11,394,78800,200,16,71.05473198336136,117.58055926109716,68.20723991264703,False,max_epochs,3438.882115840912
rl4crn_rne_oscillator_trace_8rxn_stop_risksched085to09_lr1e4_entropy005_s4_c1_rnetol_d256_depth3_p20_bs200,seed011,11,395,79000,200,16,68.32444333923904,93.35719213768866,68.20723991264703,False,max_epochs,3448.1791257858276
rl4crn_rne_oscillator_trace_8rxn_stop_risksched085to09_lr1e4_entropy005_s4_c1_rnetol_d256_depth3_p20_bs200,seed011,11,396,79200,200,16,71.93266592392862,108.4653751017319,68.20723991264703,False,max_epochs,3456.678418159485
rl4crn_rne_oscillator_trace_8rxn_stop_risksched085to09_lr1e4_entropy005_s4_c1_rnetol_d256_depth3_p20_bs200,seed011,11,397,79400,200,16,76.75260500003775,115.57655272463298,68.20723991264703,False,max_epochs,3465.809019088745
rl4crn_rne_oscillator_trace_8rxn_stop_risksched085to09_lr1e4_entropy005_s4_c1_rnetol_d256_depth3_p20_bs200,seed011,11,398,79600,200,16,71.40337490269553,108.24594760234206,68.20723991264703,False,max_epochs,3474.73611164093
rl4crn_rne_oscillator_trace_8rxn_stop_risksched085to09_lr1e4_entropy005_s4_c1_rnetol_d256_depth3_p20_bs200,seed011,11,399,79800,200,16,70.22089644134383,95.2283313076056,68.20723991264703,False,max_epochs,3482.18462061882
rl4crn_rne_oscillator_trace_8rxn_stop_risksched085to09_lr1e4_entropy005_s4_c1_rnetol_d256_depth3_p20_bs200,seed011,11,400,80000,200,16,70.93439996374289,94.44996280275487,68.20723991264703,False,max_epochs,3485.8505322933197
rl4crn_rne_oscillator_trace_8rxn_stop_risksched085to09_lr1e4_entropy005_s4_c1_rnetol_d256_depth3_p20_bs200,seed011,11,401,80200,200,16,69.25495188125447,100.01708361074117,68.20723991264703,False,max_epochs,3495.187880039215
rl4crn_rne_oscillator_trace_8rxn_stop_risksched085to09_lr1e4_entropy005_s4_c1_rnetol_d256_depth3_p20_bs200,seed011,11,402,80400,200,16,68.97715433017282,92.06125454462763,68.20723991264703,False,max_epochs,3504.535462141037
rl4crn_rne_oscillator_trace_8rxn_stop_risksched085to09_lr1e4_entropy005_s4_c1_rnetol_d256_depth3_p20_bs200,seed011,11,403,80600,200,16,69.64892086534404,97.9200513973266,68.20723991264703,False,max_epochs,3513.861725091934
rl4crn_rne_oscillator_trace_8rxn_stop_risksched085to09_lr1e4_entropy005_s4_c1_rnetol_d256_depth3_p20_bs200,seed011,11,404,80800,200,16,70.07507520060823,96.63663946069539,68.20723991264703,False,max_epochs,3522.7366008758545
rl4crn_rne_oscillator_trace_8rxn_stop_risksched085to09_lr1e4_entropy005_s4_c1_rnetol_d256_depth3_p20_bs200,seed011,11,405,81000,200,16,69.31090489805052,100.26884207193412,68.20723991264703,False,max_epochs,3532.038259744644
rl4crn_rne_oscillator_trace_8rxn_stop_risksched085to09_lr1e4_entropy005_s4_c1_rnetol_d256_depth3_p20_bs200,seed011,11,406,81200,200,16,68.75497386063289,85.34901921735582,68.20723991264703,False,max_epochs,3541.127160549164
rl4crn_rne_oscillator_trace_8rxn_stop_risksched085to09_lr1e4_entropy005_s4_c1_rnetol_d256_depth3_p20_bs200,seed011,11,407,81400,200,16,69.83581081313002,107.15502352693383,68.20723991264703,False,max_epochs,3547.244047641754
rl4crn_rne_oscillator_trace_8rxn_stop_risksched085to09_lr1e4_entropy005_s4_c1_rnetol_d256_depth3_p20_bs200,seed011,11,408,81600,200,16,72.84905887558986,105.98885747088414,68.20723991264703,False,max_epochs,3552.335353374481
rl4crn_rne_oscillator_trace_8rxn_stop_risksched085to09_lr1e4_entropy005_s4_c1_rnetol_d256_depth3_p20_bs200,seed011,11,409,81800,200,16,70.9480516023775,109.21461888808054,68.20723991264703,False,max_epochs,3561.3046259880066
rl4crn_rne_oscillator_trace_8rxn_stop_risksched085to09_lr1e4_entropy005_s4_c1_rnetol_d256_depth3_p20_bs200,seed011,11,410,82000,200,16,68.87203162727985,112.00792207146532,68.20723991264703,False,max_epochs,3570.8724541664124
rl4crn_rne_oscillator_trace_8rxn_stop_risksched085to09_lr1e4_entropy005_s4_c1_rnetol_d256_depth3_p20_bs200,seed011,11,411,82200,200,16,68.87276461073144,89.34890541400097,68.20723991264703,False,max_epochs,3579.932182788849
rl4crn_rne_oscillator_trace_8rxn_stop_risksched085to09_lr1e4_entropy005_s4_c1_rnetol_d256_depth3_p20_bs200,seed011,11,412,82400,200,16,68.81677951541923,117.35052718595011,68.20723991264703,False,max_epochs,3589.4445271492004
rl4crn_rne_oscillator_trace_8rxn_stop_risksched085to09_lr1e4_entropy005_s4_c1_rnetol_d256_depth3_p20_bs200,seed011,11,413,82600,200,16,69.76952056261428,118.36838949852381,68.20723991264703,False,max_epochs,3598.587372779846
rl4crn_rne_oscillator_trace_8rxn_stop_risksched085to09_lr1e4_entropy005_s4_c1_rnetol_d256_depth3_p20_bs200,seed011,11,414,82800,200,16,70.2434711047429,92.10600954189951,68.20723991264703,False,max_epochs,3607.6939375400543
rl4crn_rne_oscillator_trace_8rxn_stop_risksched085to09_lr1e4_entropy005_s4_c1_rnetol_d256_depth3_p20_bs200,seed011,11,415,83000,200,16,73.20925313146385,93.38258248237841,68.20723991264703,False,max_epochs,3610.965148448944
rl4crn_rne_oscillator_trace_8rxn_stop_risksched085to09_lr1e4_entropy005_s4_c1_rnetol_d256_depth3_p20_bs200,seed011,11,416,83200,200,16,71.76586871699689,90.20454171361959,68.20723991264703,False,max_epochs,3619.079543352127
rl4crn_rne_oscillator_trace_8rxn_stop_risksched085to09_lr1e4_entropy005_s4_c1_rnetol_d256_depth3_p20_bs200,seed011,11,417,83400,200,16,69.10419737761535,99.81648504514624,68.20723991264703,False,max_epochs,3628.3335683345795
rl4crn_rne_oscillator_trace_8rxn_stop_risksched085to09_lr1e4_entropy005_s4_c1_rnetol_d256_depth3_p20_bs200,seed011,11,418,83600,200,16,70.03607595620372,92.31429839269171,68.20723991264703,False,max_epochs,3637.8672738075256
rl4crn_rne_oscillator_trace_8rxn_stop_risksched085to09_lr1e4_entropy005_s4_c1_rnetol_d256_depth3_p20_bs200,seed011,11,419,83800,200,16,71.03911176953969,111.78846579053209,68.20723991264703,False,max_epochs,3646.802037000656
rl4crn_rne_oscillator_trace_8rxn_stop_risksched085to09_lr1e4_entropy005_s4_c1_rnetol_d256_depth3_p20_bs200,seed011,11,420,84000,200,16,71.21560102351674,113.56465994874463,68.20723991264703,False,max_epochs,3656.1157302856445
rl4crn_rne_oscillator_trace_8rxn_stop_risksched085to09_lr1e4_entropy005_s4_c1_rnetol_d256_depth3_p20_bs200,seed011,11,421,84200,200,16,69.31161292044182,99.60520963674614,68.20723991264703,False,max_epochs,3665.405783891678
rl4crn_rne_oscillator_trace_8rxn_stop_risksched085to09_lr1e4_entropy005_s4_c1_rnetol_d256_depth3_p20_bs200,seed011,11,422,84400,200,16,69.12580145925364,92.13220704531017,68.20723991264703,False,max_epochs,3674.053869485855
rl4crn_rne_oscillator_trace_8rxn_stop_risksched085to09_lr1e4_entropy005_s4_c1_rnetol_d256_depth3_p20_bs200,seed011,11,423,84600,200,16,69.1031982966312,98.8105075750968,68.20723991264703,False,max_epochs,3682.937448978424
rl4crn_rne_oscillator_trace_8rxn_stop_risksched085to09_lr1e4_entropy005_s4_c1_rnetol_d256_depth3_p20_bs200,seed011,11,424,84800,200,16,70.70659376959718,100.8964199182178,68.20723991264703,False,max_epochs,3692.2653319835663
rl4crn_rne_oscillator_trace_8rxn_stop_risksched085to09_lr1e4_entropy005_s4_c1_rnetol_d256_depth3_p20_bs200,seed011,11,425,85000,200,16,71.00755170465492,109.94368619771836,68.20723991264703,False,max_epochs,3700.9070394039154
rl4crn_rne_oscillator_trace_8rxn_stop_risksched085to09_lr1e4_entropy005_s4_c1_rnetol_d256_depth3_p20_bs200,seed011,11,426,85200,200,16,71.1178411621829,102.53011336598074,68.20723991264703,False,max_epochs,3704.8236372470856
rl4crn_rne_oscillator_trace_8rxn_stop_risksched085to09_lr1e4_entropy005_s4_c1_rnetol_d256_depth3_p20_bs200,seed011,11,427,85400,200,16,70.16764330546951,97.37429969707375,68.20723991264703,False,max_epochs,3712.6172692775726
rl4crn_rne_oscillator_trace_8rxn_stop_risksched085to09_lr1e4_entropy005_s4_c1_rnetol_d256_depth3_p20_bs200,seed011,11,428,85600,200,16,69.07096334949327,102.13738160360454,68.20723991264703,False,max_epochs,3721.8985636234283
rl4crn_rne_oscillator_trace_8rxn_stop_risksched085to09_lr1e4_entropy005_s4_c1_rnetol_d256_depth3_p20_bs200,seed011,11,429,85800,200,16,69.84092826862172,94.12851849883744,68.20723991264703,False,max_epochs,3731.416135787964
rl4crn_rne_oscillator_trace_8rxn_stop_risksched085to09_lr1e4_entropy005_s4_c1_rnetol_d256_depth3_p20_bs200,seed011,11,430,86000,200,16,69.7979237233916,104.94529820651476,68.20723991264703,False,max_epochs,3740.8025963306427
rl4crn_rne_oscillator_trace_8rxn_stop_risksched085to09_lr1e4_entropy005_s4_c1_rnetol_d256_depth3_p20_bs200,seed011,11,431,86200,200,16,68.22095056339774,103.71808185117706,68.20723991264703,False,max_epochs,3750.4274978637695
rl4crn_rne_oscillator_trace_8rxn_stop_risksched085to09_lr1e4_entropy005_s4_c1_rnetol_d256_depth3_p20_bs200,seed011,11,432,86400,200,16,70.05121029956484,117.8751238582839,68.20723991264703,False,max_epochs,3759.9935615062714
rl4crn_rne_oscillator_trace_8rxn_stop_risksched085to09_lr1e4_entropy005_s4_c1_rnetol_d256_depth3_p20_bs200,seed011,11,433,86600,200,16,70.63578954500584,105.36921618361703,68.20723991264703,False,max_epochs,3768.836310148239
rl4crn_rne_oscillator_trace_8rxn_stop_risksched085to09_lr1e4_entropy005_s4_c1_rnetol_d256_depth3_p20_bs200,seed011,11,434,86800,200,16,68.63331125243576,98.74894029007046,68.20723991264703,False,max_epochs,3778.3445961475372
rl4crn_rne_oscillator_trace_8rxn_stop_risksched085to09_lr1e4_entropy005_s4_c1_rnetol_d256_depth3_p20_bs200,seed011,11,435,87000,200,16,69.97308663352172,112.12383440723434,68.20723991264703,False,max_epochs,3787.959810733795
rl4crn_rne_oscillator_trace_8rxn_stop_risksched085to09_lr1e4_entropy005_s4_c1_rnetol_d256_depth3_p20_bs200,seed011,11,436,87200,200,16,70.42267155314464,91.3588025204975,68.20723991264703,False,max_epochs,3796.930274248123
rl4crn_rne_oscillator_trace_8rxn_stop_risksched085to09_lr1e4_entropy005_s4_c1_rnetol_d256_depth3_p20_bs200,seed011,11,437,87400,200,16,69.09116808888035,83.48946927579081,68.20723991264703,False,max_epochs,3806.4417836666107
rl4crn_rne_oscillator_trace_8rxn_stop_risksched085to09_lr1e4_entropy005_s4_c1_rnetol_d256_depth3_p20_bs200,seed011,11,438,87600,200,16,68.98425257917086,96.97335093756311,68.20723991264703,False,max_epochs,3815.983339548111
rl4crn_rne_oscillator_trace_8rxn_stop_risksched085to09_lr1e4_entropy005_s4_c1_rnetol_d256_depth3_p20_bs200,seed011,11,439,87800,200,16,69.55157625216412,90.26403607427254,68.20723991264703,False,max_epochs,3825.2195858955383
rl4crn_rne_oscillator_trace_8rxn_stop_risksched085to09_lr1e4_entropy005_s4_c1_rnetol_d256_depth3_p20_bs200,seed011,11,440,88000,200,16,70.10826339779935,97.96769489033632,68.20723991264703,False,max_epochs,3834.22602558136
rl4crn_rne_oscillator_trace_8rxn_stop_risksched085to09_lr1e4_entropy005_s4_c1_rnetol_d256_depth3_p20_bs200,seed011,11,441,88200,200,16,69.80865195708449,97.71676574406231,68.20723991264703,False,max_epochs,3843.5464675426483
rl4crn_rne_oscillator_trace_8rxn_stop_risksched085to09_lr1e4_entropy005_s4_c1_rnetol_d256_depth3_p20_bs200,seed011,11,442,88400,200,16,69.20656188371964,88.202862652607,68.20723991264703,False,max_epochs,3852.7536115646362
rl4crn_rne_oscillator_trace_8rxn_stop_risksched085to09_lr1e4_entropy005_s4_c1_rnetol_d256_depth3_p20_bs200,seed011,11,443,88600,200,16,69.35005653315085,94.96717480089276,68.20723991264703,False,max_epochs,3861.0318303108215
rl4crn_rne_oscillator_trace_8rxn_stop_risksched085to09_lr1e4_entropy005_s4_c1_rnetol_d256_depth3_p20_bs200,seed011,11,444,88800,200,16,69.16917380218202,91.60832467463942,68.20723991264703,False,max_epochs,3867.7661287784576
rl4crn_rne_oscillator_trace_8rxn_stop_risksched085to09_lr1e4_entropy005_s4_c1_rnetol_d256_depth3_p20_bs200,seed011,11,445,89000,200,16,68.90775293078312,92.1026624770905,68.20723991264703,False,max_epochs,3873.7144572734833
rl4crn_rne_oscillator_trace_8rxn_stop_risksched085to09_lr1e4_entropy005_s4_c1_rnetol_d256_depth3_p20_bs200,seed011,11,446,89200,200,16,68.84303940304108,92.72220331656806,68.20723991264703,False,max_epochs,3883.0958042144775
rl4crn_rne_oscillator_trace_8rxn_stop_risksched085to09_lr1e4_entropy005_s4_c1_rnetol_d256_depth3_p20_bs200,seed011,11,447,89400,200,16,68.7534858607597,100.36449536259047,68.20723991264703,False,max_epochs,3891.8387298583984
rl4crn_rne_oscillator_trace_8rxn_stop_risksched085to09_lr1e4_entropy005_s4_c1_rnetol_d256_depth3_p20_bs200,seed011,11,448,89600,200,16,68.32871072770796,87.4036304809351,68.20723991264703,False,max_epochs,3901.261913537979
rl4crn_rne_oscillator_trace_8rxn_stop_risksched085to09_lr1e4_entropy005_s4_c1_rnetol_d256_depth3_p20_bs200,seed011,11,449,89800,200,16,69.29375460597738,89.61831925753935,68.20723991264703,False,max_epochs,3910.731821537018
rl4crn_rne_oscillator_trace_8rxn_stop_risksched085to09_lr1e4_entropy005_s4_c1_rnetol_d256_depth3_p20_bs200,seed011,11,450,90000,200,16,69.17260859093889,89.61928342686721,68.20723991264703,False,max_epochs,3919.3875720500946
rl4crn_rne_oscillator_trace_8rxn_stop_risksched085to09_lr1e4_entropy005_s4_c1_rnetol_d256_depth3_p20_bs200,seed011,11,451,90200,200,16,69.18851304530824,90.55345422539152,68.20723991264703,False,max_epochs,3928.935622692108
rl4crn_rne_oscillator_trace_8rxn_stop_risksched085to09_lr1e4_entropy005_s4_c1_rnetol_d256_depth3_p20_bs200,seed011,11,452,90400,200,16,68.68541840854022,89.723176664728,68.20723991264703,False,max_epochs,3938.0658054351807
rl4crn_rne_oscillator_trace_8rxn_stop_risksched085to09_lr1e4_entropy005_s4_c1_rnetol_d256_depth3_p20_bs200,seed011,11,453,90600,200,16,69.49109145785647,102.95089809379081,68.20723991264703,False,max_epochs,3946.7203872203827
rl4crn_rne_oscillator_trace_8rxn_stop_risksched085to09_lr1e4_entropy005_s4_c1_rnetol_d256_depth3_p20_bs200,seed011,11,454,90800,200,16,69.1607255359543,90.40404528971371,68.20723991264703,False,max_epochs,3950.5010466575623
rl4crn_rne_oscillator_trace_8rxn_stop_risksched085to09_lr1e4_entropy005_s4_c1_rnetol_d256_depth3_p20_bs200,seed011,11,455,91000,200,16,68.92958231289369,100.7925536931961,68.20723991264703,False,max_epochs,3958.328276872635
rl4crn_rne_oscillator_trace_8rxn_stop_risksched085to09_lr1e4_entropy005_s4_c1_rnetol_d256_depth3_p20_bs200,seed011,11,456,91200,200,16,69.07857573241455,87.63214560800294,68.20723991264703,False,max_epochs,3967.37970161438
rl4crn_rne_oscillator_trace_8rxn_stop_risksched085to09_lr1e4_entropy005_s4_c1_rnetol_d256_depth3_p20_bs200,seed011,11,457,91400,200,16,69.1646756306902,83.25012092843785,68.20723991264703,False,max_epochs,3976.759970188141
rl4crn_rne_oscillator_trace_8rxn_stop_risksched085to09_lr1e4_entropy005_s4_c1_rnetol_d256_depth3_p20_bs200,seed011,11,458,91600,200,16,68.97675498847285,91.07925417261029,68.20723991264703,False,max_epochs,3985.7660381793976
rl4crn_rne_oscillator_trace_8rxn_stop_risksched085to09_lr1e4_entropy005_s4_c1_rnetol_d256_depth3_p20_bs200,seed011,11,459,91800,200,16,68.73921732732161,87.92414296707176,68.20723991264703,False,max_epochs,3995.1443724632263
rl4crn_rne_oscillator_trace_8rxn_stop_risksched085to09_lr1e4_entropy005_s4_c1_rnetol_d256_depth3_p20_bs200,seed011,11,460,92000,200,16,68.63691843884044,102.00545469723889,68.20723991264703,False,max_epochs,4004.4596457481384
rl4crn_rne_oscillator_trace_8rxn_stop_risksched085to09_lr1e4_entropy005_s4_c1_rnetol_d256_depth3_p20_bs200,seed011,11,461,92200,200,16,68.40703458588219,83.57281903472344,68.20723991264703,False,max_epochs,4013.5924031734467
rl4crn_rne_oscillator_trace_8rxn_stop_risksched085to09_lr1e4_entropy005_s4_c1_rnetol_d256_depth3_p20_bs200,seed011,11,462,92400,200,16,69.1202329120057,94.1191615107017,68.20723991264703,False,max_epochs,4022.014251232147
rl4crn_rne_oscillator_trace_8rxn_stop_risksched085to09_lr1e4_entropy005_s4_c1_rnetol_d256_depth3_p20_bs200,seed011,11,463,92600,200,16,69.04361975977278,89.02356059770443,68.20723991264703,False,max_epochs,4028.301422357559
rl4crn_rne_oscillator_trace_8rxn_stop_risksched085to09_lr1e4_entropy005_s4_c1_rnetol_d256_depth3_p20_bs200,seed011,11,464,92800,200,16,69.10790014881759,99.06231028804717,68.20723991264703,False,max_epochs,4034.0955624580383
rl4crn_rne_oscillator_trace_8rxn_stop_risksched085to09_lr1e4_entropy005_s4_c1_rnetol_d256_depth3_p20_bs200,seed011,11,465,93000,200,16,68.64926384989275,89.11890066331958,68.20723991264703,False,max_epochs,4043.148349046707
rl4crn_rne_oscillator_trace_8rxn_stop_risksched085to09_lr1e4_entropy005_s4_c1_rnetol_d256_depth3_p20_bs200,seed011,11,466,93200,200,16,70.40923495392171,98.98932382370454,68.20723991264703,False,max_epochs,4051.805237054825
rl4crn_rne_oscillator_trace_8rxn_stop_risksched085to09_lr1e4_entropy005_s4_c1_rnetol_d256_depth3_p20_bs200,seed011,11,467,93400,200,16,73.64743617981944,100.50822096145085,68.20723991264703,False,max_epochs,4061.735837459564
rl4crn_rne_oscillator_trace_8rxn_stop_risksched085to09_lr1e4_entropy005_s4_c1_rnetol_d256_depth3_p20_bs200,seed011,11,468,93600,200,16,69.49590392317876,93.06647202810561,68.20723991264703,False,max_epochs,4071.3641114234924
rl4crn_rne_oscillator_trace_8rxn_stop_risksched085to09_lr1e4_entropy005_s4_c1_rnetol_d256_depth3_p20_bs200,seed011,11,469,93800,200,16,70.77799153445667,106.55655513635239,68.20723991264703,False,max_epochs,4080.2442297935486
rl4crn_rne_oscillator_trace_8rxn_stop_risksched085to09_lr1e4_entropy005_s4_c1_rnetol_d256_depth3_p20_bs200,seed011,11,470,94000,200,16,78.38999417615437,111.58129968349851,68.20723991264703,False,max_epochs,4090.091461658478
rl4crn_rne_oscillator_trace_8rxn_stop_risksched085to09_lr1e4_entropy005_s4_c1_rnetol_d256_depth3_p20_bs200,seed011,11,471,94200,200,16,80.08685216185057,115.74048396018969,68.20723991264703,False,max_epochs,4099.667733430862
rl4crn_rne_oscillator_trace_8rxn_stop_risksched085to09_lr1e4_entropy005_s4_c1_rnetol_d256_depth3_p20_bs200,seed011,11,472,94400,200,16,73.45426685061055,111.02438526908331,68.20723991264703,False,max_epochs,4109.05428481102
rl4crn_rne_oscillator_trace_8rxn_stop_risksched085to09_lr1e4_entropy005_s4_c1_rnetol_d256_depth3_p20_bs200,seed011,11,473,94600,200,16,69.26600667222719,92.96602943621832,68.20723991264703,False,max_epochs,4118.1589686870575
rl4crn_rne_oscillator_trace_8rxn_stop_risksched085to09_lr1e4_entropy005_s4_c1_rnetol_d256_depth3_p20_bs200,seed011,11,474,94800,200,16,72.54434046571107,114.59320626754331,68.20723991264703,False,max_epochs,4127.893121480942
rl4crn_rne_oscillator_trace_8rxn_stop_risksched085to09_lr1e4_entropy005_s4_c1_rnetol_d256_depth3_p20_bs200,seed011,11,475,95000,200,16,92.79795841600159,120.78059092522196,68.20723991264703,False,max_epochs,4137.519465684891
rl4crn_rne_oscillator_trace_8rxn_stop_risksched085to09_lr1e4_entropy005_s4_c1_rnetol_d256_depth3_p20_bs200,seed011,11,476,95200,200,16,91.37446498731553,127.32042380013858,68.20723991264703,False,max_epochs,4146.369191169739
rl4crn_rne_oscillator_trace_8rxn_stop_risksched085to09_lr1e4_entropy005_s4_c1_rnetol_d256_depth3_p20_bs200,seed011,11,477,95400,200,16,90.40818465886535,129.70261034493427,68.20723991264703,False,max_epochs,4155.7196164131165
rl4crn_rne_oscillator_trace_8rxn_stop_risksched085to09_lr1e4_entropy005_s4_c1_rnetol_d256_depth3_p20_bs200,seed011,11,478,95600,200,16,91.13821546977331,131.04422452783842,68.20723991264703,False,max_epochs,4164.855427265167
rl4crn_rne_oscillator_trace_8rxn_stop_risksched085to09_lr1e4_entropy005_s4_c1_rnetol_d256_depth3_p20_bs200,seed011,11,479,95800,200,16,89.23371580041588,133.25623203328735,68.20723991264703,False,max_epochs,4173.791846036911
rl4crn_rne_oscillator_trace_8rxn_stop_risksched085to09_lr1e4_entropy005_s4_c1_rnetol_d256_depth3_p20_bs200,seed011,11,480,96000,200,16,74.9978392948814,132.070976402671,68.20723991264703,False,max_epochs,4182.915477514267
rl4crn_rne_oscillator_trace_8rxn_stop_risksched085to09_lr1e4_entropy005_s4_c1_rnetol_d256_depth3_p20_bs200,seed011,11,481,96200,200,16,71.24308692340809,125.29737634875468,68.20723991264703,False,max_epochs,4190.722850561142
rl4crn_rne_oscillator_trace_8rxn_stop_risksched085to09_lr1e4_entropy005_s4_c1_rnetol_d256_depth3_p20_bs200,seed011,11,482,96400,200,16,70.42562259965814,108.6977004003322,68.20723991264703,False,max_epochs,4194.90559720993
rl4crn_rne_oscillator_trace_8rxn_stop_risksched085to09_lr1e4_entropy005_s4_c1_rnetol_d256_depth3_p20_bs200,seed011,11,483,96600,200,16,69.45940267630264,121.83709425756835,68.20723991264703,False,max_epochs,4203.758042097092
rl4crn_rne_oscillator_trace_8rxn_stop_risksched085to09_lr1e4_entropy005_s4_c1_rnetol_d256_depth3_p20_bs200,seed011,11,484,96800,200,16,68.37177260605385,123.50778236316977,68.20723991264703,False,max_epochs,4212.8210706710815
rl4crn_rne_oscillator_trace_8rxn_stop_risksched085to09_lr1e4_entropy005_s4_c1_rnetol_d256_depth3_p20_bs200,seed011,11,485,97000,200,16,70.59578324343629,120.63787174417706,68.20723991264703,False,max_epochs,4221.961721897125
rl4crn_rne_oscillator_trace_8rxn_stop_risksched085to09_lr1e4_entropy005_s4_c1_rnetol_d256_depth3_p20_bs200,seed011,11,486,97200,200,16,69.88134492575588,119.6067952865493,68.20723991264703,False,max_epochs,4231.160041332245
rl4crn_rne_oscillator_trace_8rxn_stop_risksched085to09_lr1e4_entropy005_s4_c1_rnetol_d256_depth3_p20_bs200,seed011,11,487,97400,200,16,71.9138364901527,117.44871245472748,68.20723991264703,False,max_epochs,4239.490510463715
rl4crn_rne_oscillator_trace_8rxn_stop_risksched085to09_lr1e4_entropy005_s4_c1_rnetol_d256_depth3_p20_bs200,seed011,11,488,97600,200,16,68.63033484764054,118.43394886205746,68.20723991264703,False,max_epochs,4248.097742795944
rl4crn_rne_oscillator_trace_8rxn_stop_risksched085to09_lr1e4_entropy005_s4_c1_rnetol_d256_depth3_p20_bs200,seed011,11,489,97800,200,16,72.62077212115935,122.01452419567934,68.20723991264703,False,max_epochs,4251.574882030487
rl4crn_rne_oscillator_trace_8rxn_stop_risksched085to09_lr1e4_entropy005_s4_c1_rnetol_d256_depth3_p20_bs200,seed011,11,490,98000,200,16,75.09904138776697,123.2652195734284,68.20723991264703,False,max_epochs,4260.643081903458
rl4crn_rne_oscillator_trace_8rxn_stop_risksched085to09_lr1e4_entropy005_s4_c1_rnetol_d256_depth3_p20_bs200,seed011,11,491,98200,200,16,69.08668843183196,122.65817333953046,68.20723991264703,False,max_epochs,4269.742775678635
rl4crn_rne_oscillator_trace_8rxn_stop_risksched085to09_lr1e4_entropy005_s4_c1_rnetol_d256_depth3_p20_bs200,seed011,11,492,98400,200,16,70.97943897164032,121.13562909377244,68.20723991264703,False,max_epochs,4279.573255300522
rl4crn_rne_oscillator_trace_8rxn_stop_risksched085to09_lr1e4_entropy005_s4_c1_rnetol_d256_depth3_p20_bs200,seed011,11,493,98600,200,16,69.38696725371535,118.42835827073957,68.20723991264703,False,max_epochs,4289.356215715408
rl4crn_rne_oscillator_trace_8rxn_stop_risksched085to09_lr1e4_entropy005_s4_c1_rnetol_d256_depth3_p20_bs200,seed011,11,494,98800,200,16,71.98858800244098,122.26822554011258,68.20723991264703,False,max_epochs,4298.342653512955
rl4crn_rne_oscillator_trace_8rxn_stop_risksched085to09_lr1e4_entropy005_s4_c1_rnetol_d256_depth3_p20_bs200,seed011,11,495,99000,200,16,71.33781483726798,127.54989621592324,68.20723991264703,False,max_epochs,4307.763862848282
rl4crn_rne_oscillator_trace_8rxn_stop_risksched085to09_lr1e4_entropy005_s4_c1_rnetol_d256_depth3_p20_bs200,seed011,11,496,99200,200,16,69.34245529055204,120.75095161622357,68.20723991264703,False,max_epochs,4317.4097328186035
rl4crn_rne_oscillator_trace_8rxn_stop_risksched085to09_lr1e4_entropy005_s4_c1_rnetol_d256_depth3_p20_bs200,seed011,11,497,99400,200,16,69.8928394091521,106.75103102018355,68.20723991264703,False,max_epochs,4326.943671941757
rl4crn_rne_oscillator_trace_8rxn_stop_risksched085to09_lr1e4_entropy005_s4_c1_rnetol_d256_depth3_p20_bs200,seed011,11,498,99600,200,16,69.92474429138834,109.18753069398417,68.20723991264703,False,max_epochs,4336.096289396286
rl4crn_rne_oscillator_trace_8rxn_stop_risksched085to09_lr1e4_entropy005_s4_c1_rnetol_d256_depth3_p20_bs200,seed011,11,499,99800,200,16,69.19630047146968,107.14586603091182,68.20723991264703,False,max_epochs,4345.800237894058
rl4crn_rne_oscillator_trace_8rxn_stop_risksched085to09_lr1e4_entropy005_s4_c1_rnetol_d256_depth3_p20_bs200,seed011,11,500,100000,200,16,69.36681634266519,106.45744337968173,68.20723991264703,False,max_epochs,4355.31787610054
rl4crn_rne_oscillator_trace_8rxn_stop_risksched085to09_lr1e4_entropy005_s4_c1_rnetol_d256_depth3_p20_bs200,seed011,11,501,100200,200,16,69.32434129504153,105.63362940975465,68.20723991264703,False,max_epochs,4364.33434844017
rl4crn_rne_oscillator_trace_8rxn_stop_risksched085to09_lr1e4_entropy005_s4_c1_rnetol_d256_depth3_p20_bs200,seed011,11,502,100400,200,16,70.73963781999123,101.8383457170872,68.20723991264703,False,max_epochs,4373.492879629135
rl4crn_rne_oscillator_trace_8rxn_stop_risksched085to09_lr1e4_entropy005_s4_c1_rnetol_d256_depth3_p20_bs200,seed011,11,503,100600,200,16,68.95804408649693,99.38585080391795,68.20723991264703,False,max_epochs,4382.785992145538
rl4crn_rne_oscillator_trace_8rxn_stop_risksched085to09_lr1e4_entropy005_s4_c1_rnetol_d256_depth3_p20_bs200,seed011,11,504,100800,200,16,68.74597126359033,100.30522362658475,68.20723991264703,False,max_epochs,4391.922131061554
rl4crn_rne_oscillator_trace_8rxn_stop_risksched085to09_lr1e4_entropy005_s4_c1_rnetol_d256_depth3_p20_bs200,seed011,11,505,101000,200,16,68.18196452837077,102.37930495530459,68.18196452837077,False,max_epochs,4400.689147472382
rl4crn_rne_oscillator_trace_8rxn_stop_risksched085to09_lr1e4_entropy005_s4_c1_rnetol_d256_depth3_p20_bs200,seed011,11,506,101200,200,16,69.37390541538014,91.68294061137362,68.18196452837077,False,max_epochs,4409.930120229721
rl4crn_rne_oscillator_trace_8rxn_stop_risksched085to09_lr1e4_entropy005_s4_c1_rnetol_d256_depth3_p20_bs200,seed011,11,507,101400,200,16,70.1489622737359,85.61198503851344,68.18196452837077,False,max_epochs,4419.008180618286
rl4crn_rne_oscillator_trace_8rxn_stop_risksched085to09_lr1e4_entropy005_s4_c1_rnetol_d256_depth3_p20_bs200,seed011,11,508,101600,200,16,69.72254136211986,85.2258535139455,68.18196452837077,False,max_epochs,4422.071603775024
rl4crn_rne_oscillator_trace_8rxn_stop_risksched085to09_lr1e4_entropy005_s4_c1_rnetol_d256_depth3_p20_bs200,seed011,11,509,101800,200,16,68.75801262432722,96.21403267902221,68.18196452837077,False,max_epochs,4430.420650482178
rl4crn_rne_oscillator_trace_8rxn_stop_risksched085to09_lr1e4_entropy005_s4_c1_rnetol_d256_depth3_p20_bs200,seed011,11,510,102000,200,16,68.88012590544737,94.8700778457589,68.18196452837077,False,max_epochs,4439.841019630432
rl4crn_rne_oscillator_trace_8rxn_stop_risksched085to09_lr1e4_entropy005_s4_c1_rnetol_d256_depth3_p20_bs200,seed011,11,511,102200,200,16,69.05841611667003,95.20904506737405,68.18196452837077,False,max_epochs,4449.360017776489
rl4crn_rne_oscillator_trace_8rxn_stop_risksched085to09_lr1e4_entropy005_s4_c1_rnetol_d256_depth3_p20_bs200,seed011,11,512,102400,200,16,69.39166382032306,91.63138811348885,68.18196452837077,False,max_epochs,4458.34551692009
rl4crn_rne_oscillator_trace_8rxn_stop_risksched085to09_lr1e4_entropy005_s4_c1_rnetol_d256_depth3_p20_bs200,seed011,11,513,102600,200,16,68.85467280464857,86.38596208661096,68.18196452837077,False,max_epochs,4467.853343248367
rl4crn_rne_oscillator_trace_8rxn_stop_risksched085to09_lr1e4_entropy005_s4_c1_rnetol_d256_depth3_p20_bs200,seed011,11,514,102800,200,16,68.62101811840857,87.62075912585351,68.18196452837077,False,max_epochs,4477.393388032913
rl4crn_rne_oscillator_trace_8rxn_stop_risksched085to09_lr1e4_entropy005_s4_c1_rnetol_d256_depth3_p20_bs200,seed011,11,515,103000,200,16,68.87837864042946,89.3842966987415,68.18196452837077,False,max_epochs,4486.688897848129
rl4crn_rne_oscillator_trace_8rxn_stop_risksched085to09_lr1e4_entropy005_s4_c1_rnetol_d256_depth3_p20_bs200,seed011,11,516,103200,200,16,68.55943808505594,85.1595619707928,68.18196452837077,False,max_epochs,4495.635579109192
rl4crn_rne_oscillator_trace_8rxn_stop_risksched085to09_lr1e4_entropy005_s4_c1_rnetol_d256_depth3_p20_bs200,seed011,11,517,103400,200,16,69.01592619571313,84.87430917159551,68.18196452837077,False,max_epochs,4504.8516755104065
rl4crn_rne_oscillator_trace_8rxn_stop_risksched085to09_lr1e4_entropy005_s4_c1_rnetol_d256_depth3_p20_bs200,seed011,11,518,103600,200,16,68.79271487500911,83.19195305328977,68.18196452837077,False,max_epochs,4514.06557226181
rl4crn_rne_oscillator_trace_8rxn_stop_risksched085to09_lr1e4_entropy005_s4_c1_rnetol_d256_depth3_p20_bs200,seed011,11,519,103800,200,16,68.57920072528945,89.68206935443294,68.18196452837077,False,max_epochs,4522.974409341812
rl4crn_rne_oscillator_trace_8rxn_stop_risksched085to09_lr1e4_entropy005_s4_c1_rnetol_d256_depth3_p20_bs200,seed011,11,520,104000,200,16,68.99596851182062,80.28359217554163,68.18196452837077,False,max_epochs,4532.0984580516815
rl4crn_rne_oscillator_trace_8rxn_stop_risksched085to09_lr1e4_entropy005_s4_c1_rnetol_d256_depth3_p20_bs200,seed011,11,521,104200,200,16,69.8964643848651,100.67414799329826,68.18196452837077,False,max_epochs,4539.081080913544
rl4crn_rne_oscillator_trace_8rxn_stop_risksched085to09_lr1e4_entropy005_s4_c1_rnetol_d256_depth3_p20_bs200,seed011,11,522,104400,200,16,70.58456085068701,100.8735983425818,68.18196452837077,False,max_epochs,4543.65981388092
rl4crn_rne_oscillator_trace_8rxn_stop_risksched085to09_lr1e4_entropy005_s4_c1_rnetol_d256_depth3_p20_bs200,seed011,11,523,104600,200,16,68.48346922713529,79.99917489923978,68.18196452837077,False,max_epochs,4552.515595674515
rl4crn_rne_oscillator_trace_8rxn_stop_risksched085to09_lr1e4_entropy005_s4_c1_rnetol_d256_depth3_p20_bs200,seed011,11,524,104800,200,16,82.48061579431901,112.31270783920594,68.18196452837077,False,max_epochs,4562.208864450455
rl4crn_rne_oscillator_trace_8rxn_stop_risksched085to09_lr1e4_entropy005_s4_c1_rnetol_d256_depth3_p20_bs200,seed011,11,525,105000,200,16,95.1946749439483,125.85295756168455,68.18196452837077,False,max_epochs,4572.180668115616
rl4crn_rne_oscillator_trace_8rxn_stop_risksched085to09_lr1e4_entropy005_s4_c1_rnetol_d256_depth3_p20_bs200,seed011,11,526,105200,200,16,88.69195680053379,126.93333113608676,68.18196452837077,False,max_epochs,4581.4341332912445
rl4crn_rne_oscillator_trace_8rxn_stop_risksched085to09_lr1e4_entropy005_s4_c1_rnetol_d256_depth3_p20_bs200,seed011,11,527,105400,200,16,75.62256661631052,124.8239859052826,68.18196452837077,False,max_epochs,4590.80028295517
rl4crn_rne_oscillator_trace_8rxn_stop_risksched085to09_lr1e4_entropy005_s4_c1_rnetol_d256_depth3_p20_bs200,seed011,11,528,105600,200,16,71.17677696667567,109.34160800542665,68.18196452837077,False,max_epochs,4599.889114618301
rl4crn_rne_oscillator_trace_8rxn_stop_risksched085to09_lr1e4_entropy005_s4_c1_rnetol_d256_depth3_p20_bs200,seed011,11,529,105800,200,16,69.72887120771782,101.6472205171723,68.18196452837077,False,max_epochs,4609.653670549393
rl4crn_rne_oscillator_trace_8rxn_stop_risksched085to09_lr1e4_entropy005_s4_c1_rnetol_d256_depth3_p20_bs200,seed011,11,530,106000,200,16,79.74644235018856,122.71299447580094,68.18196452837077,False,max_epochs,4618.584418773651
rl4crn_rne_oscillator_trace_8rxn_stop_risksched085to09_lr1e4_entropy005_s4_c1_rnetol_d256_depth3_p20_bs200,seed011,11,531,106200,200,16,77.07349818227911,126.77913249970075,68.18196452837077,False,max_epochs,4627.8004829883575
rl4crn_rne_oscillator_trace_8rxn_stop_risksched085to09_lr1e4_entropy005_s4_c1_rnetol_d256_depth3_p20_bs200,seed011,11,532,106400,200,16,69.50637367465502,121.3013684292028,68.18196452837077,False,max_epochs,4636.787157058716
rl4crn_rne_oscillator_trace_8rxn_stop_risksched085to09_lr1e4_entropy005_s4_c1_rnetol_d256_depth3_p20_bs200,seed011,11,533,106600,200,16,70.02162785577217,101.75000832272124,68.18196452837077,False,max_epochs,4645.913231372833
rl4crn_rne_oscillator_trace_8rxn_stop_risksched085to09_lr1e4_entropy005_s4_c1_rnetol_d256_depth3_p20_bs200,seed011,11,534,106800,200,16,70.81698867198625,108.65312519327313,68.18196452837077,False,max_epochs,4653.947378158569
rl4crn_rne_oscillator_trace_8rxn_stop_risksched085to09_lr1e4_entropy005_s4_c1_rnetol_d256_depth3_p20_bs200,seed011,11,535,107000,200,16,69.45286421188305,111.83415557865746,68.18196452837077,False,max_epochs,4656.831968545914
rl4crn_rne_oscillator_trace_8rxn_stop_risksched085to09_lr1e4_entropy005_s4_c1_rnetol_d256_depth3_p20_bs200,seed011,11,536,107200,200,16,70.98744106672522,114.25771870427907,68.18196452837077,False,max_epochs,4665.78089761734
rl4crn_rne_oscillator_trace_8rxn_stop_risksched085to09_lr1e4_entropy005_s4_c1_rnetol_d256_depth3_p20_bs200,seed011,11,537,107400,200,16,68.730871491133,101.21879457513356,68.18196452837077,False,max_epochs,4674.893619775772
rl4crn_rne_oscillator_trace_8rxn_stop_risksched085to09_lr1e4_entropy005_s4_c1_rnetol_d256_depth3_p20_bs200,seed011,11,538,107600,200,16,68.90107027138825,114.1493866273129,68.18196452837077,False,max_epochs,4683.711477518082
rl4crn_rne_oscillator_trace_8rxn_stop_risksched085to09_lr1e4_entropy005_s4_c1_rnetol_d256_depth3_p20_bs200,seed011,11,539,107800,200,16,69.9998245739558,113.53779057845,68.18196452837077,False,max_epochs,4692.968569755554
rl4crn_rne_oscillator_trace_8rxn_stop_risksched085to09_lr1e4_entropy005_s4_c1_rnetol_d256_depth3_p20_bs200,seed011,11,540,108000,200,16,68.98295185282325,112.41610110935375,68.18196452837077,False,max_epochs,4702.19119644165
rl4crn_rne_oscillator_trace_8rxn_stop_risksched085to09_lr1e4_entropy005_s4_c1_rnetol_d256_depth3_p20_bs200,seed011,11,541,108200,200,16,69.01756635739073,109.65137478798374,68.18196452837077,False,max_epochs,4705.609739303589
rl4crn_rne_oscillator_trace_8rxn_stop_risksched085to09_lr1e4_entropy005_s4_c1_rnetol_d256_depth3_p20_bs200,seed011,11,542,108400,200,16,69.07114698639246,103.49546326886129,68.18196452837077,False,max_epochs,4713.326822042465
rl4crn_rne_oscillator_trace_8rxn_stop_risksched085to09_lr1e4_entropy005_s4_c1_rnetol_d256_depth3_p20_bs200,seed011,11,543,108600,200,16,69.09092097338913,104.475785479313,68.18196452837077,False,max_epochs,4722.67738032341
rl4crn_rne_oscillator_trace_8rxn_stop_risksched085to09_lr1e4_entropy005_s4_c1_rnetol_d256_depth3_p20_bs200,seed011,11,544,108800,200,16,68.73038011336655,103.3990764482982,68.18196452837077,False,max_epochs,4732.226488351822
rl4crn_rne_oscillator_trace_8rxn_stop_risksched085to09_lr1e4_entropy005_s4_c1_rnetol_d256_depth3_p20_bs200,seed011,11,545,109000,200,16,68.94857778659313,90.52599395530413,68.18196452837077,False,max_epochs,4741.188155412674
rl4crn_rne_oscillator_trace_8rxn_stop_risksched085to09_lr1e4_entropy005_s4_c1_rnetol_d256_depth3_p20_bs200,seed011,11,546,109200,200,16,69.24369489291196,91.77316153437076,68.18196452837077,False,max_epochs,4750.714314222336
rl4crn_rne_oscillator_trace_8rxn_stop_risksched085to09_lr1e4_entropy005_s4_c1_rnetol_d256_depth3_p20_bs200,seed011,11,547,109400,200,16,69.02950097304212,98.20874314939913,68.18196452837077,False,max_epochs,4760.2554478645325
rl4crn_rne_oscillator_trace_8rxn_stop_risksched085to09_lr1e4_entropy005_s4_c1_rnetol_d256_depth3_p20_bs200,seed011,11,548,109600,200,16,69.21275401539452,93.98035645345263,68.18196452837077,False,max_epochs,4769.5312287807465
rl4crn_rne_oscillator_trace_8rxn_stop_risksched085to09_lr1e4_entropy005_s4_c1_rnetol_d256_depth3_p20_bs200,seed011,11,549,109800,200,16,68.30290554379702,86.31998081267083,68.18196452837077,False,max_epochs,4778.395586967468
rl4crn_rne_oscillator_trace_8rxn_stop_risksched085to09_lr1e4_entropy005_s4_c1_rnetol_d256_depth3_p20_bs200,seed011,11,550,110000,200,16,72.07068764987055,98.05778078270441,68.18196452837077,False,max_epochs,4787.012057304382
rl4crn_rne_oscillator_trace_8rxn_stop_risksched085to09_lr1e4_entropy005_s4_c1_rnetol_d256_depth3_p20_bs200,seed011,11,551,110200,200,16,69.66114700595186,97.34956165737199,68.18196452837077,False,max_epochs,4795.800863027573
rl4crn_rne_oscillator_trace_8rxn_stop_risksched085to09_lr1e4_entropy005_s4_c1_rnetol_d256_depth3_p20_bs200,seed011,11,552,110400,200,16,68.9479912457935,84.53083242652326,68.18196452837077,False,max_epochs,4799.852093458176
rl4crn_rne_oscillator_trace_8rxn_stop_risksched085to09_lr1e4_entropy005_s4_c1_rnetol_d256_depth3_p20_bs200,seed011,11,553,110600,200,16,77.8532151450563,117.36006003402764,68.18196452837077,False,max_epochs,4807.441591978073
rl4crn_rne_oscillator_trace_8rxn_stop_risksched085to09_lr1e4_entropy005_s4_c1_rnetol_d256_depth3_p20_bs200,seed011,11,554,110800,200,16,92.14710488559557,126.78666777585205,68.18196452837077,False,max_epochs,4816.957620859146
rl4crn_rne_oscillator_trace_8rxn_stop_risksched085to09_lr1e4_entropy005_s4_c1_rnetol_d256_depth3_p20_bs200,seed011,11,555,111000,200,16,79.54909748849151,118.41708183118877,68.18196452837077,False,max_epochs,4826.192185878754
rl4crn_rne_oscillator_trace_8rxn_stop_risksched085to09_lr1e4_entropy005_s4_c1_rnetol_d256_depth3_p20_bs200,seed011,11,556,111200,200,16,68.75962358883736,84.45681719461732,68.18196452837077,False,max_epochs,4834.643038034439
rl4crn_rne_oscillator_trace_8rxn_stop_risksched085to09_lr1e4_entropy005_s4_c1_rnetol_d256_depth3_p20_bs200,seed011,11,557,111400,200,16,75.21725122827928,108.03461756564292,68.18196452837077,False,max_epochs,4843.923942327499
rl4crn_rne_oscillator_trace_8rxn_stop_risksched085to09_lr1e4_entropy005_s4_c1_rnetol_d256_depth3_p20_bs200,seed011,11,558,111600,200,16,88.63524672515462,116.53588727066155,68.18196452837077,False,max_epochs,4852.98460817337
rl4crn_rne_oscillator_trace_8rxn_stop_risksched085to09_lr1e4_entropy005_s4_c1_rnetol_d256_depth3_p20_bs200,seed011,11,559,111800,200,16,74.89984386119626,117.81721642562772,68.18196452837077,False,max_epochs,4861.920757770538
rl4crn_rne_oscillator_trace_8rxn_stop_risksched085to09_lr1e4_entropy005_s4_c1_rnetol_d256_depth3_p20_bs200,seed011,11,560,112000,200,16,68.56436218406223,89.7321725133669,68.18196452837077,False,max_epochs,4865.288774728775
rl4crn_rne_oscillator_trace_8rxn_stop_risksched085to09_lr1e4_entropy005_s4_c1_rnetol_d256_depth3_p20_bs200,seed011,11,561,112200,200,16,74.73993675848553,105.72269243742961,68.18196452837077,False,max_epochs,4873.377076387405
rl4crn_rne_oscillator_trace_8rxn_stop_risksched085to09_lr1e4_entropy005_s4_c1_rnetol_d256_depth3_p20_bs200,seed011,11,562,112400,200,16,75.21091666461206,119.0308966226977,68.18196452837077,False,max_epochs,4882.811464309692
rl4crn_rne_oscillator_trace_8rxn_stop_risksched085to09_lr1e4_entropy005_s4_c1_rnetol_d256_depth3_p20_bs200,seed011,11,563,112600,200,16,73.25811258463376,114.82696762996227,68.18196452837077,False,max_epochs,4891.834810495377
rl4crn_rne_oscillator_trace_8rxn_stop_risksched085to09_lr1e4_entropy005_s4_c1_rnetol_d256_depth3_p20_bs200,seed011,11,564,112800,200,16,68.00597090526321,85.24406778183216,68.00597090526321,False,max_epochs,4900.630389213562
rl4crn_rne_oscillator_trace_8rxn_stop_risksched085to09_lr1e4_entropy005_s4_c1_rnetol_d256_depth3_p20_bs200,seed011,11,565,113000,200,16,70.11801310856708,108.80501308863091,68.00597090526321,False,max_epochs,4909.842378377914
rl4crn_rne_oscillator_trace_8rxn_stop_risksched085to09_lr1e4_entropy005_s4_c1_rnetol_d256_depth3_p20_bs200,seed011,11,566,113200,200,16,70.59265032460117,107.25646585168545,68.00597090526321,False,max_epochs,4919.160882234573
rl4crn_rne_oscillator_trace_8rxn_stop_risksched085to09_lr1e4_entropy005_s4_c1_rnetol_d256_depth3_p20_bs200,seed011,11,567,113400,200,16,69.8193300032068,86.32785786651982,68.00597090526321,False,max_epochs,4927.798892021179
rl4crn_rne_oscillator_trace_8rxn_stop_risksched085to09_lr1e4_entropy005_s4_c1_rnetol_d256_depth3_p20_bs200,seed011,11,568,113600,200,16,68.79516545148778,95.81627537035929,68.00597090526321,False,max_epochs,4936.587169408798
rl4crn_rne_oscillator_trace_8rxn_stop_risksched085to09_lr1e4_entropy005_s4_c1_rnetol_d256_depth3_p20_bs200,seed011,11,569,113800,200,16,69.72786481337236,104.96772352972755,68.00597090526321,False,max_epochs,4941.803197145462
rl4crn_rne_oscillator_trace_8rxn_stop_risksched085to09_lr1e4_entropy005_s4_c1_rnetol_d256_depth3_p20_bs200,seed011,11,570,114000,200,16,68.95783645929825,95.67577595930888,68.00597090526321,False,max_epochs,4948.855818033218
rl4crn_rne_oscillator_trace_8rxn_stop_risksched085to09_lr1e4_entropy005_s4_c1_rnetol_d256_depth3_p20_bs200,seed011,11,571,114200,200,16,69.11339599308765,91.58444254762341,68.00597090526321,False,max_epochs,4957.818945169449
rl4crn_rne_oscillator_trace_8rxn_stop_risksched085to09_lr1e4_entropy005_s4_c1_rnetol_d256_depth3_p20_bs200,seed011,11,572,114400,200,16,69.60590677160617,88.42864118065793,68.00597090526321,False,max_epochs,4967.1402933597565
rl4crn_rne_oscillator_trace_8rxn_stop_risksched085to09_lr1e4_entropy005_s4_c1_rnetol_d256_depth3_p20_bs200,seed011,11,573,114600,200,16,69.32985497818645,94.55094407218661,68.00597090526321,False,max_epochs,4976.642350196838
rl4crn_rne_oscillator_trace_8rxn_stop_risksched085to09_lr1e4_entropy005_s4_c1_rnetol_d256_depth3_p20_bs200,seed011,11,574,114800,200,16,68.96738093527414,102.04309956478747,68.00597090526321,False,max_epochs,4985.972405910492
rl4crn_rne_oscillator_trace_8rxn_stop_risksched085to09_lr1e4_entropy005_s4_c1_rnetol_d256_depth3_p20_bs200,seed011,11,575,115000,200,16,68.77526216940534,95.93138771828882,68.00597090526321,False,max_epochs,4994.938561677933
rl4crn_rne_oscillator_trace_8rxn_stop_risksched085to09_lr1e4_entropy005_s4_c1_rnetol_d256_depth3_p20_bs200,seed011,11,576,115200,200,16,69.01051604509101,92.48215145209372,68.00597090526321,False,max_epochs,5004.377628326416
rl4crn_rne_oscillator_trace_8rxn_stop_risksched085to09_lr1e4_entropy005_s4_c1_rnetol_d256_depth3_p20_bs200,seed011,11,577,115400,200,16,69.39856629773269,94.29445458922365,68.00597090526321,False,max_epochs,5013.459589481354
rl4crn_rne_oscillator_trace_8rxn_stop_risksched085to09_lr1e4_entropy005_s4_c1_rnetol_d256_depth3_p20_bs200,seed011,11,578,115600,200,16,70.77551189764266,97.30778400125266,68.00597090526321,False,max_epochs,5022.208988428116
rl4crn_rne_oscillator_trace_8rxn_stop_risksched085to09_lr1e4_entropy005_s4_c1_rnetol_d256_depth3_p20_bs200,seed011,11,579,115800,200,16,68.80945847548162,93.71552327601034,68.00597090526321,False,max_epochs,5030.9889051914215
rl4crn_rne_oscillator_trace_8rxn_stop_risksched085to09_lr1e4_entropy005_s4_c1_rnetol_d256_depth3_p20_bs200,seed011,11,580,116000,200,16,69.4784213249667,85.84375488901003,68.00597090526321,False,max_epochs,5037.457143068314
rl4crn_rne_oscillator_trace_8rxn_stop_risksched085to09_lr1e4_entropy005_s4_c1_rnetol_d256_depth3_p20_bs200,seed011,11,581,116200,200,16,70.49746833610925,96.69671022003638,68.00597090526321,False,max_epochs,5043.364629030228
rl4crn_rne_oscillator_trace_8rxn_stop_risksched085to09_lr1e4_entropy005_s4_c1_rnetol_d256_depth3_p20_bs200,seed011,11,582,116400,200,16,68.39813955283098,91.51006937706029,68.00597090526321,False,max_epochs,5051.681387901306
rl4crn_rne_oscillator_trace_8rxn_stop_risksched085to09_lr1e4_entropy005_s4_c1_rnetol_d256_depth3_p20_bs200,seed011,11,583,116600,200,16,69.56657220741837,92.90351962047083,68.00597090526321,False,max_epochs,5061.131223201752
rl4crn_rne_oscillator_trace_8rxn_stop_risksched085to09_lr1e4_entropy005_s4_c1_rnetol_d256_depth3_p20_bs200,seed011,11,584,116800,200,16,69.9283096612609,91.1519340963736,68.00597090526321,False,max_epochs,5070.217083692551
rl4crn_rne_oscillator_trace_8rxn_stop_risksched085to09_lr1e4_entropy005_s4_c1_rnetol_d256_depth3_p20_bs200,seed011,11,585,117000,200,16,68.56030259432038,86.22236029050259,68.00597090526321,False,max_epochs,5079.4424386024475
rl4crn_rne_oscillator_trace_8rxn_stop_risksched085to09_lr1e4_entropy005_s4_c1_rnetol_d256_depth3_p20_bs200,seed011,11,586,117200,200,16,68.96115523423214,86.83432489818006,68.00597090526321,False,max_epochs,5088.025453090668
rl4crn_rne_oscillator_trace_8rxn_stop_risksched085to09_lr1e4_entropy005_s4_c1_rnetol_d256_depth3_p20_bs200,seed011,11,587,117400,200,16,68.7530411609552,83.6812599860549,68.00597090526321,False,max_epochs,5091.8114449977875
rl4crn_rne_oscillator_trace_8rxn_stop_risksched085to09_lr1e4_entropy005_s4_c1_rnetol_d256_depth3_p20_bs200,seed011,11,588,117600,200,16,70.18342958925723,99.90166310318864,68.00597090526321,False,max_epochs,5099.532405138016
rl4crn_rne_oscillator_trace_8rxn_stop_risksched085to09_lr1e4_entropy005_s4_c1_rnetol_d256_depth3_p20_bs200,seed011,11,589,117800,200,16,69.91684888800924,91.38188235471918,68.00597090526321,False,max_epochs,5108.922955989838
rl4crn_rne_oscillator_trace_8rxn_stop_risksched085to09_lr1e4_entropy005_s4_c1_rnetol_d256_depth3_p20_bs200,seed011,11,590,118000,200,16,68.46128623244866,84.2198927912693,68.00597090526321,False,max_epochs,5117.9867334365845
rl4crn_rne_oscillator_trace_8rxn_stop_risksched085to09_lr1e4_entropy005_s4_c1_rnetol_d256_depth3_p20_bs200,seed011,11,591,118200,200,16,68.50374940542265,91.08415340849743,68.00597090526321,False,max_epochs,5127.435441732407
rl4crn_rne_oscillator_trace_8rxn_stop_risksched085to09_lr1e4_entropy005_s4_c1_rnetol_d256_depth3_p20_bs200,seed011,11,592,118400,200,16,68.6237385332141,82.3467456637579,68.00597090526321,False,max_epochs,5136.400542974472
rl4crn_rne_oscillator_trace_8rxn_stop_risksched085to09_lr1e4_entropy005_s4_c1_rnetol_d256_depth3_p20_bs200,seed011,11,593,118600,200,16,68.77726178952479,80.48693688900359,68.00597090526321,False,max_epochs,5145.295605897903
rl4crn_rne_oscillator_trace_8rxn_stop_risksched085to09_lr1e4_entropy005_s4_c1_rnetol_d256_depth3_p20_bs200,seed011,11,594,118800,200,16,68.46989172775028,86.87607341461536,68.00597090526321,False,max_epochs,5154.601053476334
rl4crn_rne_oscillator_trace_8rxn_stop_risksched085to09_lr1e4_entropy005_s4_c1_rnetol_d256_depth3_p20_bs200,seed011,11,595,119000,200,16,68.46364907887786,82.16073398724669,68.00597090526321,False,max_epochs,5163.588778734207
rl4crn_rne_oscillator_trace_8rxn_stop_risksched085to09_lr1e4_entropy005_s4_c1_rnetol_d256_depth3_p20_bs200,seed011,11,596,119200,200,16,69.22269681411055,100.44870935348794,68.00597090526321,False,max_epochs,5166.670655012131
rl4crn_rne_oscillator_trace_8rxn_stop_risksched085to09_lr1e4_entropy005_s4_c1_rnetol_d256_depth3_p20_bs200,seed011,11,597,119400,200,16,71.70300249350683,99.41061887382813,68.00597090526321,False,max_epochs,5175.148201942444
rl4crn_rne_oscillator_trace_8rxn_stop_risksched085to09_lr1e4_entropy005_s4_c1_rnetol_d256_depth3_p20_bs200,seed011,11,598,119600,200,16,68.4022013826136,80.43918334433226,68.00597090526321,False,max_epochs,5184.499920368195
rl4crn_rne_oscillator_trace_8rxn_stop_risksched085to09_lr1e4_entropy005_s4_c1_rnetol_d256_depth3_p20_bs200,seed011,11,599,119800,200,16,74.2146794306894,112.54664159674603,68.00597090526321,False,max_epochs,5193.793247461319
rl4crn_rne_oscillator_trace_8rxn_stop_risksched085to09_lr1e4_entropy005_s4_c1_rnetol_d256_depth3_p20_bs200,seed011,11,600,120000,200,16,87.61588966011344,120.99311147810218,68.00597090526321,False,max_epochs,5203.173875331879
rl4crn_rne_oscillator_trace_8rxn_stop_risksched085to09_lr1e4_entropy005_s4_c1_rnetol_d256_depth3_p20_bs200,seed011,11,601,120200,200,16,87.69283532951124,118.23712245115496,68.00597090526321,False,max_epochs,5211.687421321869
rl4crn_rne_oscillator_trace_8rxn_stop_risksched085to09_lr1e4_entropy005_s4_c1_rnetol_d256_depth3_p20_bs200,seed011,11,602,120400,200,16,77.79180622193219,105.37141369454704,68.00597090526321,False,max_epochs,5220.626874446869
rl4crn_rne_oscillator_trace_8rxn_stop_risksched085to09_lr1e4_entropy005_s4_c1_rnetol_d256_depth3_p20_bs200,seed011,11,603,120600,200,16,70.92354914501176,92.82195638166291,68.00597090526321,False,max_epochs,5229.581875085831
rl4crn_rne_oscillator_trace_8rxn_stop_risksched085to09_lr1e4_entropy005_s4_c1_rnetol_d256_depth3_p20_bs200,seed011,11,604,120800,200,16,69.42069815205815,83.54931538137188,68.00597090526321,False,max_epochs,5234.24601817131
rl4crn_rne_oscillator_trace_8rxn_stop_risksched085to09_lr1e4_entropy005_s4_c1_rnetol_d256_depth3_p20_bs200,seed011,11,605,121000,200,16,69.14590435862252,82.3452964612566,68.00597090526321,False,max_epochs,5240.891571760178
rl4crn_rne_oscillator_trace_8rxn_stop_risksched085to09_lr1e4_entropy005_s4_c1_rnetol_d256_depth3_p20_bs200,seed011,11,606,121200,200,16,69.00145335063569,89.09988604817154,68.00597090526321,False,max_epochs,5250.398664712906
rl4crn_rne_oscillator_trace_8rxn_stop_risksched085to09_lr1e4_entropy005_s4_c1_rnetol_d256_depth3_p20_bs200,seed011,11,607,121400,200,16,69.25423709205481,83.97250058788208,68.00597090526321,False,max_epochs,5259.935161828995
rl4crn_rne_oscillator_trace_8rxn_stop_risksched085to09_lr1e4_entropy005_s4_c1_rnetol_d256_depth3_p20_bs200,seed011,11,608,121600,200,16,69.70138682755405,85.82757461289751,68.00597090526321,False,max_epochs,5269.201285600662
rl4crn_rne_oscillator_trace_8rxn_stop_risksched085to09_lr1e4_entropy005_s4_c1_rnetol_d256_depth3_p20_bs200,seed011,11,609,121800,200,16,69.45406595776707,93.53953970173941,68.00597090526321,False,max_epochs,5278.304652452469
rl4crn_rne_oscillator_trace_8rxn_stop_risksched085to09_lr1e4_entropy005_s4_c1_rnetol_d256_depth3_p20_bs200,seed011,11,610,122000,200,16,70.57586811292765,88.65825246333668,68.00597090526321,False,max_epochs,5287.508445739746
rl4crn_rne_oscillator_trace_8rxn_stop_risksched085to09_lr1e4_entropy005_s4_c1_rnetol_d256_depth3_p20_bs200,seed011,11,611,122200,200,16,68.7235249784708,87.12788602626955,68.00597090526321,False,max_epochs,5296.842536211014
rl4crn_rne_oscillator_trace_8rxn_stop_risksched085to09_lr1e4_entropy005_s4_c1_rnetol_d256_depth3_p20_bs200,seed011,11,612,122400,200,16,68.77835358515483,88.17629098424638,68.00597090526321,False,max_epochs,5305.2801723480225
rl4crn_rne_oscillator_trace_8rxn_stop_risksched085to09_lr1e4_entropy005_s4_c1_rnetol_d256_depth3_p20_bs200,seed011,11,613,122600,200,16,69.76733638838215,81.53985007328275,68.00597090526321,False,max_epochs,5308.317471981049
rl4crn_rne_oscillator_trace_8rxn_stop_risksched085to09_lr1e4_entropy005_s4_c1_rnetol_d256_depth3_p20_bs200,seed011,11,614,122800,200,16,68.68960909113154,83.17039266920122,68.00597090526321,False,max_epochs,5317.168521404266
rl4crn_rne_oscillator_trace_8rxn_stop_risksched085to09_lr1e4_entropy005_s4_c1_rnetol_d256_depth3_p20_bs200,seed011,11,615,123000,200,16,68.24660322834,82.13213974423279,68.00597090526321,False,max_epochs,5326.552791118622
rl4crn_rne_oscillator_trace_8rxn_stop_risksched085to09_lr1e4_entropy005_s4_c1_rnetol_d256_depth3_p20_bs200,seed011,11,616,123200,200,16,69.06182597566873,91.84925257551402,68.00597090526321,False,max_epochs,5335.293038368225
rl4crn_rne_oscillator_trace_8rxn_stop_risksched085to09_lr1e4_entropy005_s4_c1_rnetol_d256_depth3_p20_bs200,seed011,11,617,123400,200,16,69.35622358759358,82.77240345300112,68.00597090526321,False,max_epochs,5345.050941944122
rl4crn_rne_oscillator_trace_8rxn_stop_risksched085to09_lr1e4_entropy005_s4_c1_rnetol_d256_depth3_p20_bs200,seed011,11,618,123600,200,16,70.4038440686878,96.91709339505843,68.00597090526321,False,max_epochs,5354.325712680817
rl4crn_rne_oscillator_trace_8rxn_stop_risksched085to09_lr1e4_entropy005_s4_c1_rnetol_d256_depth3_p20_bs200,seed011,11,619,123800,200,16,69.98016634932819,91.56679937068067,68.00597090526321,False,max_epochs,5362.954551935196
rl4crn_rne_oscillator_trace_8rxn_stop_risksched085to09_lr1e4_entropy005_s4_c1_rnetol_d256_depth3_p20_bs200,seed011,11,620,124000,200,16,68.29682699920883,82.0748191372671,68.00597090526321,False,max_epochs,5372.014346599579
rl4crn_rne_oscillator_trace_8rxn_stop_risksched085to09_lr1e4_entropy005_s4_c1_rnetol_d256_depth3_p20_bs200,seed011,11,621,124200,200,16,68.01181694949183,86.61895660492601,68.00597090526321,False,max_epochs,5381.286879777908
rl4crn_rne_oscillator_trace_8rxn_stop_risksched085to09_lr1e4_entropy005_s4_c1_rnetol_d256_depth3_p20_bs200,seed011,11,622,124400,200,16,68.62280461812782,88.95140587163566,68.00597090526321,False,max_epochs,5390.203075647354
rl4crn_rne_oscillator_trace_8rxn_stop_risksched085to09_lr1e4_entropy005_s4_c1_rnetol_d256_depth3_p20_bs200,seed011,11,623,124600,200,16,70.14683941575923,87.90593311122029,68.00597090526321,False,max_epochs,5396.8492295742035
rl4crn_rne_oscillator_trace_8rxn_stop_risksched085to09_lr1e4_entropy005_s4_c1_rnetol_d256_depth3_p20_bs200,seed011,11,624,124800,200,16,68.68821992107412,83.81354421512137,68.00597090526321,False,max_epochs,5401.942447185516
rl4crn_rne_oscillator_trace_8rxn_stop_risksched085to09_lr1e4_entropy005_s4_c1_rnetol_d256_depth3_p20_bs200,seed011,11,625,125000,200,16,68.40513526687202,78.36621605784029,68.00597090526321,False,max_epochs,5410.971704959869
rl4crn_rne_oscillator_trace_8rxn_stop_risksched085to09_lr1e4_entropy005_s4_c1_rnetol_d256_depth3_p20_bs200,seed011,11,626,125200,200,16,68.33461686549272,82.20441273194245,68.00597090526321,False,max_epochs,5420.393701553345
rl4crn_rne_oscillator_trace_8rxn_stop_risksched085to09_lr1e4_entropy005_s4_c1_rnetol_d256_depth3_p20_bs200,seed011,11,627,125400,200,16,68.27614611927923,81.5255502286931,68.00597090526321,False,max_epochs,5429.507302284241
rl4crn_rne_oscillator_trace_8rxn_stop_risksched085to09_lr1e4_entropy005_s4_c1_rnetol_d256_depth3_p20_bs200,seed011,11,628,125600,200,16,68.63199751673767,87.71610891195033,68.00597090526321,False,max_epochs,5438.849282503128
rl4crn_rne_oscillator_trace_8rxn_stop_risksched085to09_lr1e4_entropy005_s4_c1_rnetol_d256_depth3_p20_bs200,seed011,11,629,125800,200,16,68.2105269895023,77.80740545183997,68.00597090526321,False,max_epochs,5448.124359369278
rl4crn_rne_oscillator_trace_8rxn_stop_risksched085to09_lr1e4_entropy005_s4_c1_rnetol_d256_depth3_p20_bs200,seed011,11,630,126000,200,16,68.27975974358068,77.18094941660857,68.00597090526321,False,max_epochs,5457.366413831711
rl4crn_rne_oscillator_trace_8rxn_stop_risksched085to09_lr1e4_entropy005_s4_c1_rnetol_d256_depth3_p20_bs200,seed011,11,631,126200,200,16,68.59991564003991,84.70219230006373,68.00597090526321,False,max_epochs,5466.4013793468475
rl4crn_rne_oscillator_trace_8rxn_stop_risksched085to09_lr1e4_entropy005_s4_c1_rnetol_d256_depth3_p20_bs200,seed011,11,632,126400,200,16,68.29733689514762,75.73615346792099,68.00597090526321,False,max_epochs,5475.9476680755615
rl4crn_rne_oscillator_trace_8rxn_stop_risksched085to09_lr1e4_entropy005_s4_c1_rnetol_d256_depth3_p20_bs200,seed011,11,633,126600,200,16,69.18999844234985,85.133460470442,68.00597090526321,False,max_epochs,5485.008853435516
rl4crn_rne_oscillator_trace_8rxn_stop_risksched085to09_lr1e4_entropy005_s4_c1_rnetol_d256_depth3_p20_bs200,seed011,11,634,126800,200,16,68.53219059787259,79.15071982142972,68.00597090526321,False,max_epochs,5493.747454404831
rl4crn_rne_oscillator_trace_8rxn_stop_risksched085to09_lr1e4_entropy005_s4_c1_rnetol_d256_depth3_p20_bs200,seed011,11,635,127000,200,16,68.70362007741504,76.09310177595435,68.00597090526321,False,max_epochs,5502.340291976929
rl4crn_rne_oscillator_trace_8rxn_stop_risksched085to09_lr1e4_entropy005_s4_c1_rnetol_d256_depth3_p20_bs200,seed011,11,636,127200,200,16,71.82008985806065,98.9115929885748,68.00597090526321,False,max_epochs,5508.314934015274
rl4crn_rne_oscillator_trace_8rxn_stop_risksched085to09_lr1e4_entropy005_s4_c1_rnetol_d256_depth3_p20_bs200,seed011,11,637,127400,200,16,68.48458973758677,88.59326379383398,68.00597090526321,False,max_epochs,5514.6807453632355
rl4crn_rne_oscillator_trace_8rxn_stop_risksched085to09_lr1e4_entropy005_s4_c1_rnetol_d256_depth3_p20_bs200,seed011,11,638,127600,200,16,68.84403813019364,81.4635223353236,68.00597090526321,False,max_epochs,5523.332729816437
rl4crn_rne_oscillator_trace_8rxn_stop_risksched085to09_lr1e4_entropy005_s4_c1_rnetol_d256_depth3_p20_bs200,seed011,11,639,127800,200,16,68.85912948258391,83.27819298434156,68.00597090526321,False,max_epochs,5532.702860593796
rl4crn_rne_oscillator_trace_8rxn_stop_risksched085to09_lr1e4_entropy005_s4_c1_rnetol_d256_depth3_p20_bs200,seed011,11,640,128000,200,16,68.77370470967514,90.74094451883832,68.00597090526321,False,max_epochs,5541.842570066452
rl4crn_rne_oscillator_trace_8rxn_stop_risksched085to09_lr1e4_entropy005_s4_c1_rnetol_d256_depth3_p20_bs200,seed011,11,641,128200,200,16,68.22180687058544,86.51282948607985,68.00597090526321,False,max_epochs,5550.748161792755
rl4crn_rne_oscillator_trace_8rxn_stop_risksched085to09_lr1e4_entropy005_s4_c1_rnetol_d256_depth3_p20_bs200,seed011,11,642,128400,200,16,68.91524681687788,86.79053640248144,68.00597090526321,False,max_epochs,5558.962940692902
rl4crn_rne_oscillator_trace_8rxn_stop_risksched085to09_lr1e4_entropy005_s4_c1_rnetol_d256_depth3_p20_bs200,seed011,11,643,128600,200,16,71.08697424371807,85.53759478673882,68.00597090526321,False,max_epochs,5564.0955810546875
rl4crn_rne_oscillator_trace_8rxn_stop_risksched085to09_lr1e4_entropy005_s4_c1_rnetol_d256_depth3_p20_bs200,seed011,11,644,128800,200,16,68.7493958734842,78.36384045106941,68.00597090526321,False,max_epochs,5570.992610692978
rl4crn_rne_oscillator_trace_8rxn_stop_risksched085to09_lr1e4_entropy005_s4_c1_rnetol_d256_depth3_p20_bs200,seed011,11,645,129000,200,16,69.04421456754721,75.9754540546589,68.00597090526321,False,max_epochs,5580.397916793823
rl4crn_rne_oscillator_trace_8rxn_stop_risksched085to09_lr1e4_entropy005_s4_c1_rnetol_d256_depth3_p20_bs200,seed011,11,646,129200,200,16,68.83346884311815,88.15707237650872,68.00597090526321,False,max_epochs,5589.40301823616
rl4crn_rne_oscillator_trace_8rxn_stop_risksched085to09_lr1e4_entropy005_s4_c1_rnetol_d256_depth3_p20_bs200,seed011,11,647,129400,200,16,68.62230461628741,83.84358895753365,68.00597090526321,False,max_epochs,5599.56307554245
rl4crn_rne_oscillator_trace_8rxn_stop_risksched085to09_lr1e4_entropy005_s4_c1_rnetol_d256_depth3_p20_bs200,seed011,11,648,129600,200,16,68.62021529177558,92.22124501716877,68.00597090526321,False,max_epochs,5609.168519973755
rl4crn_rne_oscillator_trace_8rxn_stop_risksched085to09_lr1e4_entropy005_s4_c1_rnetol_d256_depth3_p20_bs200,seed011,11,649,129800,200,16,70.9959270877227,93.22036291896583,68.00597090526321,False,max_epochs,5618.6711666584015
rl4crn_rne_oscillator_trace_8rxn_stop_risksched085to09_lr1e4_entropy005_s4_c1_rnetol_d256_depth3_p20_bs200,seed011,11,650,130000,200,16,68.59033303810432,76.7592501436471,68.00597090526321,False,max_epochs,5628.290965557098
rl4crn_rne_oscillator_trace_8rxn_stop_risksched085to09_lr1e4_entropy005_s4_c1_rnetol_d256_depth3_p20_bs200,seed011,11,651,130200,200,16,68.56276483404156,77.27586516555581,68.00597090526321,False,max_epochs,5637.7337992191315
rl4crn_rne_oscillator_trace_8rxn_stop_risksched085to09_lr1e4_entropy005_s4_c1_rnetol_d256_depth3_p20_bs200,seed011,11,652,130400,200,16,69.24896999347303,91.97980111910596,68.00597090526321,False,max_epochs,5647.2338399887085
rl4crn_rne_oscillator_trace_8rxn_stop_risksched085to09_lr1e4_entropy005_s4_c1_rnetol_d256_depth3_p20_bs200,seed011,11,653,130600,200,16,68.77921264573385,88.3819988526408,68.00597090526321,False,max_epochs,5656.41819858551
rl4crn_rne_oscillator_trace_8rxn_stop_risksched085to09_lr1e4_entropy005_s4_c1_rnetol_d256_depth3_p20_bs200,seed011,11,654,130800,200,16,69.24292467555645,85.73816174043318,68.00597090526321,False,max_epochs,5665.82306933403
rl4crn_rne_oscillator_trace_8rxn_stop_risksched085to09_lr1e4_entropy005_s4_c1_rnetol_d256_depth3_p20_bs200,seed011,11,655,131000,200,16,68.70647232280774,85.6646993173272,68.00597090526321,False,max_epochs,5675.302066326141
rl4crn_rne_oscillator_trace_8rxn_stop_risksched085to09_lr1e4_entropy005_s4_c1_rnetol_d256_depth3_p20_bs200,seed011,11,656,131200,200,16,69.07806366785195,79.28409118939125,68.00597090526321,False,max_epochs,5684.547902107239
rl4crn_rne_oscillator_trace_8rxn_stop_risksched085to09_lr1e4_entropy005_s4_c1_rnetol_d256_depth3_p20_bs200,seed011,11,657,131400,200,16,68.23287436124303,79.57869085971947,68.00597090526321,False,max_epochs,5694.129251718521
rl4crn_rne_oscillator_trace_8rxn_stop_risksched085to09_lr1e4_entropy005_s4_c1_rnetol_d256_depth3_p20_bs200,seed011,11,658,131600,200,16,69.38920977834232,89.75472176405748,68.00597090526321,False,max_epochs,5703.899557590485
rl4crn_rne_oscillator_trace_8rxn_stop_risksched085to09_lr1e4_entropy005_s4_c1_rnetol_d256_depth3_p20_bs200,seed011,11,659,131800,200,16,68.30390396873746,86.85630909659207,68.00597090526321,False,max_epochs,5712.960235834122
rl4crn_rne_oscillator_trace_8rxn_stop_risksched085to09_lr1e4_entropy005_s4_c1_rnetol_d256_depth3_p20_bs200,seed011,11,660,132000,200,16,68.93331968137807,77.4430442393984,68.00597090526321,False,max_epochs,5722.608896255493
rl4crn_rne_oscillator_trace_8rxn_stop_risksched085to09_lr1e4_entropy005_s4_c1_rnetol_d256_depth3_p20_bs200,seed011,11,661,132200,200,16,68.62277763134202,81.77491926735257,68.00597090526321,False,max_epochs,5731.946947097778
rl4crn_rne_oscillator_trace_8rxn_stop_risksched085to09_lr1e4_entropy005_s4_c1_rnetol_d256_depth3_p20_bs200,seed011,11,662,132400,200,16,68.51180530967461,81.59462714680521,68.00597090526321,False,max_epochs,5741.203361749649
rl4crn_rne_oscillator_trace_8rxn_stop_risksched085to09_lr1e4_entropy005_s4_c1_rnetol_d256_depth3_p20_bs200,seed011,11,663,132600,200,16,68.00524076609885,76.5094043987441,68.00524076609885,False,max_epochs,5750.280987262726
rl4crn_rne_oscillator_trace_8rxn_stop_risksched085to09_lr1e4_entropy005_s4_c1_rnetol_d256_depth3_p20_bs200,seed011,11,664,132800,200,16,69.48660108130233,94.24525448523937,68.00524076609885,False,max_epochs,5759.875561952591
rl4crn_rne_oscillator_trace_8rxn_stop_risksched085to09_lr1e4_entropy005_s4_c1_rnetol_d256_depth3_p20_bs200,seed011,11,665,133000,200,16,68.37700195750115,90.41357009956566,68.00524076609885,False,max_epochs,5769.411227464676
rl4crn_rne_oscillator_trace_8rxn_stop_risksched085to09_lr1e4_entropy005_s4_c1_rnetol_d256_depth3_p20_bs200,seed011,11,666,133200,200,16,68.453658514216,82.05706894901718,68.00524076609885,False,max_epochs,5778.312187433243
rl4crn_rne_oscillator_trace_8rxn_stop_risksched085to09_lr1e4_entropy005_s4_c1_rnetol_d256_depth3_p20_bs200,seed011,11,667,133400,200,16,68.36968324187119,84.30378503949117,68.00524076609885,False,max_epochs,5787.594918966293
rl4crn_rne_oscillator_trace_8rxn_stop_risksched085to09_lr1e4_entropy005_s4_c1_rnetol_d256_depth3_p20_bs200,seed011,11,668,133600,200,16,68.29209608221213,78.22768124088469,68.00524076609885,False,max_epochs,5796.787793874741
rl4crn_rne_oscillator_trace_8rxn_stop_risksched085to09_lr1e4_entropy005_s4_c1_rnetol_d256_depth3_p20_bs200,seed011,11,669,133800,200,16,68.5624744242671,77.63124025908364,68.00524076609885,False,max_epochs,5804.839530467987
rl4crn_rne_oscillator_trace_8rxn_stop_risksched085to09_lr1e4_entropy005_s4_c1_rnetol_d256_depth3_p20_bs200,seed011,11,670,134000,200,16,68.31165177478694,82.0974225744375,68.00524076609885,False,max_epochs,5808.231744289398
rl4crn_rne_oscillator_trace_8rxn_stop_risksched085to09_lr1e4_entropy005_s4_c1_rnetol_d256_depth3_p20_bs200,seed011,11,671,134200,200,16,68.2649991106796,76.97121228930658,68.00524076609885,False,max_epochs,5817.541839599609
rl4crn_rne_oscillator_trace_8rxn_stop_risksched085to09_lr1e4_entropy005_s4_c1_rnetol_d256_depth3_p20_bs200,seed011,11,672,134400,200,16,68.45578736246831,77.01554990745672,68.00524076609885,False,max_epochs,5826.98345041275
rl4crn_rne_oscillator_trace_8rxn_stop_risksched085to09_lr1e4_entropy005_s4_c1_rnetol_d256_depth3_p20_bs200,seed011,11,673,134600,200,16,68.18330473395474,75.84078318560043,68.00524076609885,False,max_epochs,5836.233736753464
rl4crn_rne_oscillator_trace_8rxn_stop_risksched085to09_lr1e4_entropy005_s4_c1_rnetol_d256_depth3_p20_bs200,seed011,11,674,134800,200,16,68.12574264992415,80.62915783313917,68.00524076609885,False,max_epochs,5845.022141218185
rl4crn_rne_oscillator_trace_8rxn_stop_risksched085to09_lr1e4_entropy005_s4_c1_rnetol_d256_depth3_p20_bs200,seed011,11,675,135000,200,16,68.21498626443986,77.96985566670193,68.00524076609885,False,max_epochs,5854.365539550781
rl4crn_rne_oscillator_trace_8rxn_stop_risksched085to09_lr1e4_entropy005_s4_c1_rnetol_d256_depth3_p20_bs200,seed011,11,676,135200,200,16,68.43356622092793,76.68855399064566,68.00524076609885,False,max_epochs,5863.904500246048
rl4crn_rne_oscillator_trace_8rxn_stop_risksched085to09_lr1e4_entropy005_s4_c1_rnetol_d256_depth3_p20_bs200,seed011,11,677,135400,200,16,68.14260764125324,77.75329819145998,68.00524076609885,False,max_epochs,5873.089904308319
rl4crn_rne_oscillator_trace_8rxn_stop_risksched085to09_lr1e4_entropy005_s4_c1_rnetol_d256_depth3_p20_bs200,seed011,11,678,135600,200,16,68.04337673258271,76.4532578776989,68.00524076609885,False,max_epochs,5882.560743331909
rl4crn_rne_oscillator_trace_8rxn_stop_risksched085to09_lr1e4_entropy005_s4_c1_rnetol_d256_depth3_p20_bs200,seed011,11,679,135800,200,16,68.67905550635724,86.63672255475535,68.00524076609885,False,max_epochs,5891.618399143219
rl4crn_rne_oscillator_trace_8rxn_stop_risksched085to09_lr1e4_entropy005_s4_c1_rnetol_d256_depth3_p20_bs200,seed011,11,680,136000,200,16,68.98041135631888,78.95017310782096,68.00524076609885,False,max_epochs,5900.904674768448
rl4crn_rne_oscillator_trace_8rxn_stop_risksched085to09_lr1e4_entropy005_s4_c1_rnetol_d256_depth3_p20_bs200,seed011,11,681,136200,200,16,69.70862147331992,85.69158563457975,68.00524076609885,False,max_epochs,5909.45153427124
rl4crn_rne_oscillator_trace_8rxn_stop_risksched085to09_lr1e4_entropy005_s4_c1_rnetol_d256_depth3_p20_bs200,seed011,11,682,136400,200,16,70.52391302804921,91.60416843881018,68.00524076609885,False,max_epochs,5913.035626411438
rl4crn_rne_oscillator_trace_8rxn_stop_risksched085to09_lr1e4_entropy005_s4_c1_rnetol_d256_depth3_p20_bs200,seed011,11,683,136600,200,16,68.97957943336624,74.72460043515406,68.00524076609885,False,max_epochs,5921.411276817322
rl4crn_rne_oscillator_trace_8rxn_stop_risksched085to09_lr1e4_entropy005_s4_c1_rnetol_d256_depth3_p20_bs200,seed011,11,684,136800,200,16,68.6256689881496,82.10509725567024,68.00524076609885,False,max_epochs,5930.348316907883
rl4crn_rne_oscillator_trace_8rxn_stop_risksched085to09_lr1e4_entropy005_s4_c1_rnetol_d256_depth3_p20_bs200,seed011,11,685,137000,200,16,68.8287797015945,78.19064934371241,68.00524076609885,False,max_epochs,5939.383177518845
rl4crn_rne_oscillator_trace_8rxn_stop_risksched085to09_lr1e4_entropy005_s4_c1_rnetol_d256_depth3_p20_bs200,seed011,11,686,137200,200,16,68.2491873753492,79.74359751384601,68.00524076609885,False,max_epochs,5948.729768514633
rl4crn_rne_oscillator_trace_8rxn_stop_risksched085to09_lr1e4_entropy005_s4_c1_rnetol_d256_depth3_p20_bs200,seed011,11,687,137400,200,16,69.27664756048117,85.85270875743001,68.00524076609885,False,max_epochs,5958.315469503403
rl4crn_rne_oscillator_trace_8rxn_stop_risksched085to09_lr1e4_entropy005_s4_c1_rnetol_d256_depth3_p20_bs200,seed011,11,688,137600,200,16,68.41922709179647,84.3448862121487,68.00524076609885,False,max_epochs,5967.45774102211
rl4crn_rne_oscillator_trace_8rxn_stop_risksched085to09_lr1e4_entropy005_s4_c1_rnetol_d256_depth3_p20_bs200,seed011,11,689,137800,200,16,68.60438600326265,88.69212986879575,68.00524076609885,False,max_epochs,5977.096675634384
rl4crn_rne_oscillator_trace_8rxn_stop_risksched085to09_lr1e4_entropy005_s4_c1_rnetol_d256_depth3_p20_bs200,seed011,11,690,138000,200,16,68.87858517299638,87.14292220474066,68.00524076609885,False,max_epochs,5986.710449457169
rl4crn_rne_oscillator_trace_8rxn_stop_risksched085to09_lr1e4_entropy005_s4_c1_rnetol_d256_depth3_p20_bs200,seed011,11,691,138200,200,16,68.87961043527243,84.94358795423571,68.00524076609885,False,max_epochs,5995.672616004944
rl4crn_rne_oscillator_trace_8rxn_stop_risksched085to09_lr1e4_entropy005_s4_c1_rnetol_d256_depth3_p20_bs200,seed011,11,692,138400,200,16,69.0519373706094,82.90969309968575,68.00524076609885,False,max_epochs,6004.580883026123
rl4crn_rne_oscillator_trace_8rxn_stop_risksched085to09_lr1e4_entropy005_s4_c1_rnetol_d256_depth3_p20_bs200,seed011,11,693,138600,200,16,68.57896728761985,78.22506838874847,68.00524076609885,False,max_epochs,6013.974552869797
rl4crn_rne_oscillator_trace_8rxn_stop_risksched085to09_lr1e4_entropy005_s4_c1_rnetol_d256_depth3_p20_bs200,seed011,11,694,138800,200,16,68.43288349848979,85.78845006810423,68.00524076609885,False,max_epochs,6022.951759815216
rl4crn_rne_oscillator_trace_8rxn_stop_risksched085to09_lr1e4_entropy005_s4_c1_rnetol_d256_depth3_p20_bs200,seed011,11,695,139000,200,16,67.86650223809677,81.06868939924894,67.86650223809677,False,max_epochs,6031.12645816803
rl4crn_rne_oscillator_trace_8rxn_stop_risksched085to09_lr1e4_entropy005_s4_c1_rnetol_d256_depth3_p20_bs200,seed011,11,696,139200,200,16,68.28327457859385,89.32748554635735,67.86650223809677,False,max_epochs,6035.177601337433
rl4crn_rne_oscillator_trace_8rxn_stop_risksched085to09_lr1e4_entropy005_s4_c1_rnetol_d256_depth3_p20_bs200,seed011,11,697,139400,200,16,68.90083029693477,80.40364517810616,67.86650223809677,False,max_epochs,6043.306668519974
rl4crn_rne_oscillator_trace_8rxn_stop_risksched085to09_lr1e4_entropy005_s4_c1_rnetol_d256_depth3_p20_bs200,seed011,11,698,139600,200,16,68.05768349895571,84.59788076943906,67.86650223809677,False,max_epochs,6052.444475412369
rl4crn_rne_oscillator_trace_8rxn_stop_risksched085to09_lr1e4_entropy005_s4_c1_rnetol_d256_depth3_p20_bs200,seed011,11,699,139800,200,16,68.44792424433021,82.1166536217751,67.86650223809677,False,max_epochs,6061.807133197784
rl4crn_rne_oscillator_trace_8rxn_stop_risksched085to09_lr1e4_entropy005_s4_c1_rnetol_d256_depth3_p20_bs200,seed011,11,700,140000,200,16,67.97220340898991,94.96404052929014,67.86650223809677,False,max_epochs,6071.705627202988
rl4crn_rne_oscillator_trace_8rxn_stop_risksched085to09_lr1e4_entropy005_s4_c1_rnetol_d256_depth3_p20_bs200,seed011,11,701,140200,200,16,69.0133344823736,90.69443367591208,67.86650223809677,False,max_epochs,6081.048635005951
rl4crn_rne_oscillator_trace_8rxn_stop_risksched085to09_lr1e4_entropy005_s4_c1_rnetol_d256_depth3_p20_bs200,seed011,11,702,140400,200,16,67.67571959326474,85.17028374033501,67.67571959326474,False,max_epochs,6090.141351699829
rl4crn_rne_oscillator_trace_8rxn_stop_risksched085to09_lr1e4_entropy005_s4_c1_rnetol_d256_depth3_p20_bs200,seed011,11,703,140600,200,16,67.85664203247708,82.31262003753609,67.67571959326474,False,max_epochs,6099.326545476913
rl4crn_rne_oscillator_trace_8rxn_stop_risksched085to09_lr1e4_entropy005_s4_c1_rnetol_d256_depth3_p20_bs200,seed011,11,704,140800,200,16,68.41771258752439,98.84598833374633,67.67571959326474,False,max_epochs,6108.55934214592
rl4crn_rne_oscillator_trace_8rxn_stop_risksched085to09_lr1e4_entropy005_s4_c1_rnetol_d256_depth3_p20_bs200,seed011,11,705,141000,200,16,69.12874433579962,93.69897789745951,67.67571959326474,False,max_epochs,6117.299118518829
rl4crn_rne_oscillator_trace_8rxn_stop_risksched085to09_lr1e4_entropy005_s4_c1_rnetol_d256_depth3_p20_bs200,seed011,11,706,141200,200,16,68.15462517289826,81.80975388005685,67.67571959326474,False,max_epochs,6123.479659795761
rl4crn_rne_oscillator_trace_8rxn_stop_risksched085to09_lr1e4_entropy005_s4_c1_rnetol_d256_depth3_p20_bs200,seed011,11,707,141400,200,16,68.12454440857016,87.34224309155702,67.67571959326474,False,max_epochs,6129.469454050064
rl4crn_rne_oscillator_trace_8rxn_stop_risksched085to09_lr1e4_entropy005_s4_c1_rnetol_d256_depth3_p20_bs200,seed011,11,708,141600,200,16,68.07038536562979,83.72621371267617,67.67571959326474,False,max_epochs,6138.278375387192
rl4crn_rne_oscillator_trace_8rxn_stop_risksched085to09_lr1e4_entropy005_s4_c1_rnetol_d256_depth3_p20_bs200,seed011,11,709,141800,200,16,68.2457749144491,81.14734273589556,67.67571959326474,False,max_epochs,6147.99600315094
rl4crn_rne_oscillator_trace_8rxn_stop_risksched085to09_lr1e4_entropy005_s4_c1_rnetol_d256_depth3_p20_bs200,seed011,11,710,142000,200,16,68.53296612109223,94.81636999232455,67.67571959326474,False,max_epochs,6157.39350771904
rl4crn_rne_oscillator_trace_8rxn_stop_risksched085to09_lr1e4_entropy005_s4_c1_rnetol_d256_depth3_p20_bs200,seed011,11,711,142200,200,16,69.54779391793372,94.49443377263074,67.67571959326474,False,max_epochs,6166.210553646088
rl4crn_rne_oscillator_trace_8rxn_stop_risksched085to09_lr1e4_entropy005_s4_c1_rnetol_d256_depth3_p20_bs200,seed011,11,712,142400,200,16,68.26247870231283,84.94885557070347,67.67571959326474,False,max_epochs,6175.247891902924
rl4crn_rne_oscillator_trace_8rxn_stop_risksched085to09_lr1e4_entropy005_s4_c1_rnetol_d256_depth3_p20_bs200,seed011,11,713,142600,200,16,70.76029684370279,111.82728758966252,67.67571959326474,False,max_epochs,6184.647757768631
rl4crn_rne_oscillator_trace_8rxn_stop_risksched085to09_lr1e4_entropy005_s4_c1_rnetol_d256_depth3_p20_bs200,seed011,11,714,142800,200,16,71.13578141822043,117.17669160999975,67.67571959326474,False,max_epochs,6193.886347055435
rl4crn_rne_oscillator_trace_8rxn_stop_risksched085to09_lr1e4_entropy005_s4_c1_rnetol_d256_depth3_p20_bs200,seed011,11,715,143000,200,16,69.47945532785491,105.10629405820659,67.67571959326474,False,max_epochs,6201.5111129283905
rl4crn_rne_oscillator_trace_8rxn_stop_risksched085to09_lr1e4_entropy005_s4_c1_rnetol_d256_depth3_p20_bs200,seed011,11,716,143200,200,16,69.40744104675707,90.47562601518254,67.67571959326474,False,max_epochs,6206.646592617035
rl4crn_rne_oscillator_trace_8rxn_stop_risksched085to09_lr1e4_entropy005_s4_c1_rnetol_d256_depth3_p20_bs200,seed011,11,717,143400,200,16,70.47530835518599,95.51188118667775,67.67571959326474,False,max_epochs,6214.476160526276
rl4crn_rne_oscillator_trace_8rxn_stop_risksched085to09_lr1e4_entropy005_s4_c1_rnetol_d256_depth3_p20_bs200,seed011,11,718,143600,200,16,69.50095051643719,87.47287224201666,67.67571959326474,False,max_epochs,6223.917610883713
rl4crn_rne_oscillator_trace_8rxn_stop_risksched085to09_lr1e4_entropy005_s4_c1_rnetol_d256_depth3_p20_bs200,seed011,11,719,143800,200,16,68.2034115851939,104.45529700420929,67.67571959326474,False,max_epochs,6232.584662437439
rl4crn_rne_oscillator_trace_8rxn_stop_risksched085to09_lr1e4_entropy005_s4_c1_rnetol_d256_depth3_p20_bs200,seed011,11,720,144000,200,16,67.52148884589575,112.5739159353592,67.52148884589575,False,max_epochs,6241.711712837219
rl4crn_rne_oscillator_trace_8rxn_stop_risksched085to09_lr1e4_entropy005_s4_c1_rnetol_d256_depth3_p20_bs200,seed011,11,721,144200,200,16,68.1382764054131,84.22427897880226,67.52148884589575,False,max_epochs,6251.101667642593
rl4crn_rne_oscillator_trace_8rxn_stop_risksched085to09_lr1e4_entropy005_s4_c1_rnetol_d256_depth3_p20_bs200,seed011,11,722,144400,200,16,68.69461597267633,106.49096723764396,67.52148884589575,False,max_epochs,6260.206433534622
rl4crn_rne_oscillator_trace_8rxn_stop_risksched085to09_lr1e4_entropy005_s4_c1_rnetol_d256_depth3_p20_bs200,seed011,11,723,144600,200,16,68.42497127173941,104.77355296122963,67.52148884589575,False,max_epochs,6267.2331635952
rl4crn_rne_oscillator_trace_8rxn_stop_risksched085to09_lr1e4_entropy005_s4_c1_rnetol_d256_depth3_p20_bs200,seed011,11,724,144800,200,16,68.44492996847303,92.46052946981467,67.52148884589575,False,max_epochs,6272.170042514801
rl4crn_rne_oscillator_trace_8rxn_stop_risksched085to09_lr1e4_entropy005_s4_c1_rnetol_d256_depth3_p20_bs200,seed011,11,725,145000,200,16,69.06236246574542,107.94933120022259,67.52148884589575,False,max_epochs,6281.124107837677
rl4crn_rne_oscillator_trace_8rxn_stop_risksched085to09_lr1e4_entropy005_s4_c1_rnetol_d256_depth3_p20_bs200,seed011,11,726,145200,200,16,72.25446688588892,111.7551086913259,67.52148884589575,False,max_epochs,6290.3887894153595
rl4crn_rne_oscillator_trace_8rxn_stop_risksched085to09_lr1e4_entropy005_s4_c1_rnetol_d256_depth3_p20_bs200,seed011,11,727,145400,200,16,67.92925571073232,95.03775462755331,67.52148884589575,False,max_epochs,6299.469593048096
rl4crn_rne_oscillator_trace_8rxn_stop_risksched085to09_lr1e4_entropy005_s4_c1_rnetol_d256_depth3_p20_bs200,seed011,11,728,145600,200,16,68.94944996236728,102.43773605169145,67.52148884589575,False,max_epochs,6308.820120573044
rl4crn_rne_oscillator_trace_8rxn_stop_risksched085to09_lr1e4_entropy005_s4_c1_rnetol_d256_depth3_p20_bs200,seed011,11,729,145800,200,16,69.2169282514643,112.36875299541188,67.52148884589575,False,max_epochs,6317.947181940079
rl4crn_rne_oscillator_trace_8rxn_stop_risksched085to09_lr1e4_entropy005_s4_c1_rnetol_d256_depth3_p20_bs200,seed011,11,730,146000,200,16,68.11610142493181,102.53039776086837,67.52148884589575,False,max_epochs,6326.224232196808
rl4crn_rne_oscillator_trace_8rxn_stop_risksched085to09_lr1e4_entropy005_s4_c1_rnetol_d256_depth3_p20_bs200,seed011,11,731,146200,200,16,67.89874645715503,100.33617688481658,67.52148884589575,False,max_epochs,6329.049167871475
rl4crn_rne_oscillator_trace_8rxn_stop_risksched085to09_lr1e4_entropy005_s4_c1_rnetol_d256_depth3_p20_bs200,seed011,11,732,146400,200,16,68.60989979393598,113.18460559235936,67.52148884589575,False,max_epochs,6338.307296037674
rl4crn_rne_oscillator_trace_8rxn_stop_risksched085to09_lr1e4_entropy005_s4_c1_rnetol_d256_depth3_p20_bs200,seed011,11,733,146600,200,16,68.32942498671395,96.09937671757802,67.52148884589575,False,max_epochs,6347.974705457687
rl4crn_rne_oscillator_trace_8rxn_stop_risksched085to09_lr1e4_entropy005_s4_c1_rnetol_d256_depth3_p20_bs200,seed011,11,734,146800,200,16,68.51886001934832,95.41685892085358,67.52148884589575,False,max_epochs,6357.217152118683
rl4crn_rne_oscillator_trace_8rxn_stop_risksched085to09_lr1e4_entropy005_s4_c1_rnetol_d256_depth3_p20_bs200,seed011,11,735,147000,200,16,68.26840275220316,96.63810460840321,67.52148884589575,False,max_epochs,6366.96277141571
rl4crn_rne_oscillator_trace_8rxn_stop_risksched085to09_lr1e4_entropy005_s4_c1_rnetol_d256_depth3_p20_bs200,seed011,11,736,147200,200,16,67.48377597145583,89.10556608302134,67.48377597145583,False,max_epochs,6376.391896009445
rl4crn_rne_oscillator_trace_8rxn_stop_risksched085to09_lr1e4_entropy005_s4_c1_rnetol_d256_depth3_p20_bs200,seed011,11,737,147400,200,16,70.022781816764,117.95525916040287,67.48377597145583,False,max_epochs,6386.3286485672
rl4crn_rne_oscillator_trace_8rxn_stop_risksched085to09_lr1e4_entropy005_s4_c1_rnetol_d256_depth3_p20_bs200,seed011,11,738,147600,200,16,70.14556917874542,122.08299692632224,67.48377597145583,False,max_epochs,6395.877859592438
rl4crn_rne_oscillator_trace_8rxn_stop_risksched085to09_lr1e4_entropy005_s4_c1_rnetol_d256_depth3_p20_bs200,seed011,11,739,147800,200,16,69.67182151805983,96.93516037801894,67.48377597145583,False,max_epochs,6405.390904188156
rl4crn_rne_oscillator_trace_8rxn_stop_risksched085to09_lr1e4_entropy005_s4_c1_rnetol_d256_depth3_p20_bs200,seed011,11,740,148000,200,16,67.66725656096163,89.47947361913505,67.48377597145583,False,max_epochs,6414.956486463547
rl4crn_rne_oscillator_trace_8rxn_stop_risksched085to09_lr1e4_entropy005_s4_c1_rnetol_d256_depth3_p20_bs200,seed011,11,741,148200,200,16,68.61604159901731,91.98161922847814,67.48377597145583,False,max_epochs,6424.097210645676
rl4crn_rne_oscillator_trace_8rxn_stop_risksched085to09_lr1e4_entropy005_s4_c1_rnetol_d256_depth3_p20_bs200,seed011,11,742,148400,200,16,68.69537299764792,90.59595436339787,67.48377597145583,False,max_epochs,6433.763507843018
rl4crn_rne_oscillator_trace_8rxn_stop_risksched085to09_lr1e4_entropy005_s4_c1_rnetol_d256_depth3_p20_bs200,seed011,11,743,148600,200,16,67.67143748703928,106.7965331788015,67.48377597145583,False,max_epochs,6443.190986633301
rl4crn_rne_oscillator_trace_8rxn_stop_risksched085to09_lr1e4_entropy005_s4_c1_rnetol_d256_depth3_p20_bs200,seed011,11,744,148800,200,16,69.29254867232791,90.21892865909265,67.48377597145583,False,max_epochs,6451.919791221619
rl4crn_rne_oscillator_trace_8rxn_stop_risksched085to09_lr1e4_entropy005_s4_c1_rnetol_d256_depth3_p20_bs200,seed011,11,745,149000,200,16,68.16388616310806,85.42009642954895,67.48377597145583,False,max_epochs,6461.216269493103
rl4crn_rne_oscillator_trace_8rxn_stop_risksched085to09_lr1e4_entropy005_s4_c1_rnetol_d256_depth3_p20_bs200,seed011,11,746,149200,200,16,67.28123322778126,92.99931744519048,67.28123322778126,False,max_epochs,6469.664651155472
rl4crn_rne_oscillator_trace_8rxn_stop_risksched085to09_lr1e4_entropy005_s4_c1_rnetol_d256_depth3_p20_bs200,seed011,11,747,149400,200,16,66.93948239738602,87.26698330006747,66.93948239738602,False,max_epochs,6472.992634057999
rl4crn_rne_oscillator_trace_8rxn_stop_risksched085to09_lr1e4_entropy005_s4_c1_rnetol_d256_depth3_p20_bs200,seed011,11,748,149600,200,16,70.48933134006013,112.79944264556286,66.93948239738602,False,max_epochs,6481.736343860626
rl4crn_rne_oscillator_trace_8rxn_stop_risksched085to09_lr1e4_entropy005_s4_c1_rnetol_d256_depth3_p20_bs200,seed011,11,749,149800,200,16,69.1065734870599,112.33976926061578,66.93948239738602,False,max_epochs,6491.471425771713
rl4crn_rne_oscillator_trace_8rxn_stop_risksched085to09_lr1e4_entropy005_s4_c1_rnetol_d256_depth3_p20_bs200,seed011,11,750,150000,200,16,68.74444076817667,85.89171222425759,66.93948239738602,False,max_epochs,6501.164808273315
rl4crn_rne_oscillator_trace_8rxn_stop_risksched085to09_lr1e4_entropy005_s4_c1_rnetol_d256_depth3_p20_bs200,seed011,11,751,150200,200,16,67.789360850954,98.25262123272871,66.93948239738602,False,max_epochs,6510.350694656372
rl4crn_rne_oscillator_trace_8rxn_stop_risksched085to09_lr1e4_entropy005_s4_c1_rnetol_d256_depth3_p20_bs200,seed011,11,752,150400,200,16,67.42820989058035,95.92426239993432,66.93948239738602,False,max_epochs,6519.815088510513
rl4crn_rne_oscillator_trace_8rxn_stop_risksched085to09_lr1e4_entropy005_s4_c1_rnetol_d256_depth3_p20_bs200,seed011,11,753,150600,200,16,67.50899815764603,86.91327934279863,66.93948239738602,False,max_epochs,6529.428302526474
rl4crn_rne_oscillator_trace_8rxn_stop_risksched085to09_lr1e4_entropy005_s4_c1_rnetol_d256_depth3_p20_bs200,seed011,11,754,150800,200,16,68.4928543043161,112.15773324306289,66.93948239738602,False,max_epochs,6539.129794359207
rl4crn_rne_oscillator_trace_8rxn_stop_risksched085to09_lr1e4_entropy005_s4_c1_rnetol_d256_depth3_p20_bs200,seed011,11,755,151000,200,16,68.69874619748471,112.62568203095978,66.93948239738602,False,max_epochs,6547.470909357071
rl4crn_rne_oscillator_trace_8rxn_stop_risksched085to09_lr1e4_entropy005_s4_c1_rnetol_d256_depth3_p20_bs200,seed011,11,756,151200,200,16,68.51536477337044,88.12089397168518,66.93948239738602,False,max_epochs,6556.889135360718
rl4crn_rne_oscillator_trace_8rxn_stop_risksched085to09_lr1e4_entropy005_s4_c1_rnetol_d256_depth3_p20_bs200,seed011,11,757,151400,200,16,69.24921845069467,99.38102477537123,66.93948239738602,False,max_epochs,6565.971390485764
rl4crn_rne_oscillator_trace_8rxn_stop_risksched085to09_lr1e4_entropy005_s4_c1_rnetol_d256_depth3_p20_bs200,seed011,11,758,151600,200,16,68.86572311574707,104.2829868257019,66.93948239738602,False,max_epochs,6571.6759333610535
rl4crn_rne_oscillator_trace_8rxn_stop_risksched085to09_lr1e4_entropy005_s4_c1_rnetol_d256_depth3_p20_bs200,seed011,11,759,151800,200,16,67.36550468715673,88.39710567381054,66.93948239738602,False,max_epochs,6577.145238637924
rl4crn_rne_oscillator_trace_8rxn_stop_risksched085to09_lr1e4_entropy005_s4_c1_rnetol_d256_depth3_p20_bs200,seed011,11,760,152000,200,16,69.25610299284241,117.96042600369046,66.93948239738602,False,max_epochs,6586.268231153488
rl4crn_rne_oscillator_trace_8rxn_stop_risksched085to09_lr1e4_entropy005_s4_c1_rnetol_d256_depth3_p20_bs200,seed011,11,761,152200,200,16,75.249192362511,125.64398301563324,66.93948239738602,False,max_epochs,6595.944049835205
rl4crn_rne_oscillator_trace_8rxn_stop_risksched085to09_lr1e4_entropy005_s4_c1_rnetol_d256_depth3_p20_bs200,seed011,11,762,152400,200,16,67.70322682907701,101.04889529848874,66.93948239738602,False,max_epochs,6604.925079345703
rl4crn_rne_oscillator_trace_8rxn_stop_risksched085to09_lr1e4_entropy005_s4_c1_rnetol_d256_depth3_p20_bs200,seed011,11,763,152600,200,16,67.5186859672157,92.02920270979895,66.93948239738602,False,max_epochs,6613.926156044006
rl4crn_rne_oscillator_trace_8rxn_stop_risksched085to09_lr1e4_entropy005_s4_c1_rnetol_d256_depth3_p20_bs200,seed011,11,764,152800,200,16,69.5413141206196,94.26150471346995,66.93948239738602,False,max_epochs,6623.084887266159
rl4crn_rne_oscillator_trace_8rxn_stop_risksched085to09_lr1e4_entropy005_s4_c1_rnetol_d256_depth3_p20_bs200,seed011,11,765,153000,200,16,67.9901753331465,90.70277871573361,66.93948239738602,False,max_epochs,6631.619165897369
rl4crn_rne_oscillator_trace_8rxn_stop_risksched085to09_lr1e4_entropy005_s4_c1_rnetol_d256_depth3_p20_bs200,seed011,11,766,153200,200,16,68.9974328157224,108.64962727595125,66.93948239738602,False,max_epochs,6634.918244600296
rl4crn_rne_oscillator_trace_8rxn_stop_risksched085to09_lr1e4_entropy005_s4_c1_rnetol_d256_depth3_p20_bs200,seed011,11,767,153400,200,16,68.1549314326304,105.99250773954822,66.93948239738602,False,max_epochs,6643.482218265533
rl4crn_rne_oscillator_trace_8rxn_stop_risksched085to09_lr1e4_entropy005_s4_c1_rnetol_d256_depth3_p20_bs200,seed011,11,768,153600,200,16,68.75927531039218,84.84842759836992,66.93948239738602,False,max_epochs,6653.022448062897
rl4crn_rne_oscillator_trace_8rxn_stop_risksched085to09_lr1e4_entropy005_s4_c1_rnetol_d256_depth3_p20_bs200,seed011,11,769,153800,200,16,68.1349827537743,104.2138914361924,66.93948239738602,False,max_epochs,6662.541796684265
rl4crn_rne_oscillator_trace_8rxn_stop_risksched085to09_lr1e4_entropy005_s4_c1_rnetol_d256_depth3_p20_bs200,seed011,11,770,154000,200,16,68.91340682470836,99.64070389094232,66.93948239738602,False,max_epochs,6671.635859251022
rl4crn_rne_oscillator_trace_8rxn_stop_risksched085to09_lr1e4_entropy005_s4_c1_rnetol_d256_depth3_p20_bs200,seed011,11,771,154200,200,16,68.30670235759575,89.92682547368484,66.93948239738602,False,max_epochs,6681.368623018265
rl4crn_rne_oscillator_trace_8rxn_stop_risksched085to09_lr1e4_entropy005_s4_c1_rnetol_d256_depth3_p20_bs200,seed011,11,772,154400,200,16,67.53478385724466,110.98527333661889,66.93948239738602,False,max_epochs,6690.384986400604
rl4crn_rne_oscillator_trace_8rxn_stop_risksched085to09_lr1e4_entropy005_s4_c1_rnetol_d256_depth3_p20_bs200,seed011,11,773,154600,200,16,69.41003406484312,113.62272920944221,66.93948239738602,False,max_epochs,6699.7023367881775
rl4crn_rne_oscillator_trace_8rxn_stop_risksched085to09_lr1e4_entropy005_s4_c1_rnetol_d256_depth3_p20_bs200,seed011,11,774,154800,200,16,68.85668336800872,87.5360037848356,66.93948239738602,False,max_epochs,6708.890732049942
rl4crn_rne_oscillator_trace_8rxn_stop_risksched085to09_lr1e4_entropy005_s4_c1_rnetol_d256_depth3_p20_bs200,seed011,11,775,155000,200,16,67.13687549035483,100.00031185479368,66.93948239738602,False,max_epochs,6717.285350561142
rl4crn_rne_oscillator_trace_8rxn_stop_risksched085to09_lr1e4_entropy005_s4_c1_rnetol_d256_depth3_p20_bs200,seed011,11,776,155200,200,16,68.07839618348828,98.35474643342334,66.93948239738602,False,max_epochs,6724.916337966919
rl4crn_rne_oscillator_trace_8rxn_stop_risksched085to09_lr1e4_entropy005_s4_c1_rnetol_d256_depth3_p20_bs200,seed011,11,777,155400,200,16,69.84776276332418,85.69909893375271,66.93948239738602,False,max_epochs,6728.671763181686
rl4crn_rne_oscillator_trace_8rxn_stop_risksched085to09_lr1e4_entropy005_s4_c1_rnetol_d256_depth3_p20_bs200,seed011,11,778,155600,200,16,67.03225962119538,112.18051251396817,66.93948239738602,False,max_epochs,6736.079332113266
rl4crn_rne_oscillator_trace_8rxn_stop_risksched085to09_lr1e4_entropy005_s4_c1_rnetol_d256_depth3_p20_bs200,seed011,11,779,155800,200,16,67.60931787508439,124.6860116665708,66.93948239738602,False,max_epochs,6744.4252734184265
rl4crn_rne_oscillator_trace_8rxn_stop_risksched085to09_lr1e4_entropy005_s4_c1_rnetol_d256_depth3_p20_bs200,seed011,11,780,156000,200,16,68.35097395109855,108.31825416447796,66.93948239738602,False,max_epochs,6752.745428085327
rl4crn_rne_oscillator_trace_8rxn_stop_risksched085to09_lr1e4_entropy005_s4_c1_rnetol_d256_depth3_p20_bs200,seed011,11,781,156200,200,16,67.52941088605195,85.4128493346196,66.93948239738602,False,max_epochs,6761.371585845947
rl4crn_rne_oscillator_trace_8rxn_stop_risksched085to09_lr1e4_entropy005_s4_c1_rnetol_d256_depth3_p20_bs200,seed011,11,782,156400,200,16,68.60277903309077,96.12799629857716,66.93948239738602,False,max_epochs,6770.159815311432
rl4crn_rne_oscillator_trace_8rxn_stop_risksched085to09_lr1e4_entropy005_s4_c1_rnetol_d256_depth3_p20_bs200,seed011,11,783,156600,200,16,67.44211109874547,87.4714568083893,66.93948239738602,False,max_epochs,6779.044087171555
rl4crn_rne_oscillator_trace_8rxn_stop_risksched085to09_lr1e4_entropy005_s4_c1_rnetol_d256_depth3_p20_bs200,seed011,11,784,156800,200,16,69.40800583116238,115.5629253119206,66.93948239738602,False,max_epochs,6787.521364688873
rl4crn_rne_oscillator_trace_8rxn_stop_risksched085to09_lr1e4_entropy005_s4_c1_rnetol_d256_depth3_p20_bs200,seed011,11,785,157000,200,16,72.4825531223844,121.18514742634119,66.93948239738602,False,max_epochs,6795.008208036423
rl4crn_rne_oscillator_trace_8rxn_stop_risksched085to09_lr1e4_entropy005_s4_c1_rnetol_d256_depth3_p20_bs200,seed011,11,786,157200,200,16,68.69899822927675,101.10478826861834,66.93948239738602,False,max_epochs,6800.519833803177
rl4crn_rne_oscillator_trace_8rxn_stop_risksched085to09_lr1e4_entropy005_s4_c1_rnetol_d256_depth3_p20_bs200,seed011,11,787,157400,200,16,67.62271982951629,91.3293418679081,66.93948239738602,False,max_epochs,6807.564553499222
rl4crn_rne_oscillator_trace_8rxn_stop_risksched085to09_lr1e4_entropy005_s4_c1_rnetol_d256_depth3_p20_bs200,seed011,11,788,157600,200,16,68.2023369422325,105.02995518087249,66.93948239738602,False,max_epochs,6816.184769868851
rl4crn_rne_oscillator_trace_8rxn_stop_risksched085to09_lr1e4_entropy005_s4_c1_rnetol_d256_depth3_p20_bs200,seed011,11,789,157800,200,16,68.75203658919798,92.45937246374501,66.93948239738602,False,max_epochs,6825.10959482193
rl4crn_rne_oscillator_trace_8rxn_stop_risksched085to09_lr1e4_entropy005_s4_c1_rnetol_d256_depth3_p20_bs200,seed011,11,790,158000,200,16,67.74295598903217,86.78948313031185,66.93948239738602,False,max_epochs,6833.706303119659
rl4crn_rne_oscillator_trace_8rxn_stop_risksched085to09_lr1e4_entropy005_s4_c1_rnetol_d256_depth3_p20_bs200,seed011,11,791,158200,200,16,67.92895932441576,98.6113069434453,66.93948239738602,False,max_epochs,6842.668756484985
rl4crn_rne_oscillator_trace_8rxn_stop_risksched085to09_lr1e4_entropy005_s4_c1_rnetol_d256_depth3_p20_bs200,seed011,11,792,158400,200,16,67.64093102486034,91.01478684229022,66.93948239738602,False,max_epochs,6851.965906858444
rl4crn_rne_oscillator_trace_8rxn_stop_risksched085to09_lr1e4_entropy005_s4_c1_rnetol_d256_depth3_p20_bs200,seed011,11,793,158600,200,16,68.03295859671573,89.85226473510558,66.93948239738602,False,max_epochs,6860.286190271378
rl4crn_rne_oscillator_trace_8rxn_stop_risksched085to09_lr1e4_entropy005_s4_c1_rnetol_d256_depth3_p20_bs200,seed011,11,794,158800,200,16,67.86064882207036,86.9707477279805,66.93948239738602,False,max_epochs,6869.305148124695
rl4crn_rne_oscillator_trace_8rxn_stop_risksched085to09_lr1e4_entropy005_s4_c1_rnetol_d256_depth3_p20_bs200,seed011,11,795,159000,200,16,67.7481194007147,81.05536765400413,66.93948239738602,False,max_epochs,6876.62993144989
rl4crn_rne_oscillator_trace_8rxn_stop_risksched085to09_lr1e4_entropy005_s4_c1_rnetol_d256_depth3_p20_bs200,seed011,11,796,159200,200,16,67.84701070041186,83.96424321268378,66.93948239738602,False,max_epochs,6881.045501708984
rl4crn_rne_oscillator_trace_8rxn_stop_risksched085to09_lr1e4_entropy005_s4_c1_rnetol_d256_depth3_p20_bs200,seed011,11,797,159400,200,16,68.12890422602909,85.2222719959152,66.93948239738602,False,max_epochs,6889.991827726364
rl4crn_rne_oscillator_trace_8rxn_stop_risksched085to09_lr1e4_entropy005_s4_c1_rnetol_d256_depth3_p20_bs200,seed011,11,798,159600,200,16,67.80488443871698,78.22695147912938,66.93948239738602,False,max_epochs,6899.291169643402
rl4crn_rne_oscillator_trace_8rxn_stop_risksched085to09_lr1e4_entropy005_s4_c1_rnetol_d256_depth3_p20_bs200,seed011,11,799,159800,200,16,67.94234622684046,77.67435325055405,66.93948239738602,False,max_epochs,6908.874477624893
rl4crn_rne_oscillator_trace_8rxn_stop_risksched085to09_lr1e4_entropy005_s4_c1_rnetol_d256_depth3_p20_bs200,seed011,11,800,160000,200,16,67.5529676639904,78.7236329351621,66.93948239738602,False,max_epochs,6918.225925683975
rl4crn_rne_oscillator_trace_8rxn_stop_risksched085to09_lr1e4_entropy005_s4_c1_rnetol_d256_depth3_p20_bs200,seed011,11,801,160200,200,16,67.93637264698651,82.72740428131362,66.93948239738602,False,max_epochs,6927.061851024628
