method,run_id,seed,epoch,candidate_evaluations,batch_size,n_cpus,epoch_best_loss,epoch_median_loss,saved_best_loss,success,stop_reason,elapsed_seconds
rl4crn_rne_oscillator_trace_8rxn_stop_risksched085to09_lr1e4_entropy005_s4_c1_rnetol_d256_depth3_p20,seed246,246,1,100,100,16,124.0807937952665,130.37989222390019,124.0807937952665,False,max_epochs,6.099540710449219
rl4crn_rne_oscillator_trace_8rxn_stop_risksched085to09_lr1e4_entropy005_s4_c1_rnetol_d256_depth3_p20,seed246,246,2,200,100,16,122.67971967092386,130.18866349707147,122.67971967092386,False,max_epochs,8.870586395263672
rl4crn_rne_oscillator_trace_8rxn_stop_risksched085to09_lr1e4_entropy005_s4_c1_rnetol_d256_depth3_p20,seed246,246,3,300,100,16,124.36454885764323,130.81745199144336,122.67971967092386,False,max_epochs,13.542648077011108
rl4crn_rne_oscillator_trace_8rxn_stop_risksched085to09_lr1e4_entropy005_s4_c1_rnetol_d256_depth3_p20,seed246,246,4,400,100,16,124.2024032780697,130.2622127640733,122.67971967092386,False,max_epochs,18.408992290496826
rl4crn_rne_oscillator_trace_8rxn_stop_risksched085to09_lr1e4_entropy005_s4_c1_rnetol_d256_depth3_p20,seed246,246,5,500,100,16,124.9275887189725,130.17498110855914,122.67971967092386,False,max_epochs,23.16049289703369
rl4crn_rne_oscillator_trace_8rxn_stop_risksched085to09_lr1e4_entropy005_s4_c1_rnetol_d256_depth3_p20,seed246,246,6,600,100,16,124.86945123205068,129.9169301043891,122.67971967092386,False,max_epochs,27.866639614105225
rl4crn_rne_oscillator_trace_8rxn_stop_risksched085to09_lr1e4_entropy005_s4_c1_rnetol_d256_depth3_p20,seed246,246,7,700,100,16,123.49950540052431,129.25443684886233,122.67971967092386,False,max_epochs,32.2665376663208
rl4crn_rne_oscillator_trace_8rxn_stop_risksched085to09_lr1e4_entropy005_s4_c1_rnetol_d256_depth3_p20,seed246,246,8,800,100,16,123.26054083387902,129.80517780244648,122.67971967092386,False,max_epochs,36.916728496551514
rl4crn_rne_oscillator_trace_8rxn_stop_risksched085to09_lr1e4_entropy005_s4_c1_rnetol_d256_depth3_p20,seed246,246,9,900,100,16,124.11801540374137,130.45413660882673,122.67971967092386,False,max_epochs,39.9471595287323
rl4crn_rne_oscillator_trace_8rxn_stop_risksched085to09_lr1e4_entropy005_s4_c1_rnetol_d256_depth3_p20,seed246,246,10,1000,100,16,122.64972485655122,130.10691701928744,122.64972485655122,False,max_epochs,43.82193183898926
rl4crn_rne_oscillator_trace_8rxn_stop_risksched085to09_lr1e4_entropy005_s4_c1_rnetol_d256_depth3_p20,seed246,246,11,1100,100,16,123.74237853044262,129.58702119444246,122.64972485655122,False,max_epochs,48.49596285820007
rl4crn_rne_oscillator_trace_8rxn_stop_risksched085to09_lr1e4_entropy005_s4_c1_rnetol_d256_depth3_p20,seed246,246,12,1200,100,16,124.38823895971656,130.35381338730275,122.64972485655122,False,max_epochs,53.36777448654175
rl4crn_rne_oscillator_trace_8rxn_stop_risksched085to09_lr1e4_entropy005_s4_c1_rnetol_d256_depth3_p20,seed246,246,13,1300,100,16,123.56169355105877,129.71826388237793,122.64972485655122,False,max_epochs,58.46634554862976
rl4crn_rne_oscillator_trace_8rxn_stop_risksched085to09_lr1e4_entropy005_s4_c1_rnetol_d256_depth3_p20,seed246,246,14,1400,100,16,124.3283634870202,129.5436111520835,122.64972485655122,False,max_epochs,63.16926193237305
rl4crn_rne_oscillator_trace_8rxn_stop_risksched085to09_lr1e4_entropy005_s4_c1_rnetol_d256_depth3_p20,seed246,246,15,1500,100,16,124.19944850485247,130.66343535142954,122.64972485655122,False,max_epochs,67.75624084472656
rl4crn_rne_oscillator_trace_8rxn_stop_risksched085to09_lr1e4_entropy005_s4_c1_rnetol_d256_depth3_p20,seed246,246,16,1600,100,16,123.66342669776452,130.00039884298158,122.64972485655122,False,max_epochs,72.30397367477417
rl4crn_rne_oscillator_trace_8rxn_stop_risksched085to09_lr1e4_entropy005_s4_c1_rnetol_d256_depth3_p20,seed246,246,17,1700,100,16,122.32824436853966,129.93696840141766,122.32824436853966,False,max_epochs,75.50644183158875
rl4crn_rne_oscillator_trace_8rxn_stop_risksched085to09_lr1e4_entropy005_s4_c1_rnetol_d256_depth3_p20,seed246,246,18,1800,100,16,123.67223862899097,131.32946209613493,122.32824436853966,False,max_epochs,79.11688709259033
rl4crn_rne_oscillator_trace_8rxn_stop_risksched085to09_lr1e4_entropy005_s4_c1_rnetol_d256_depth3_p20,seed246,246,19,1900,100,16,123.73083543477125,131.23919815310938,122.32824436853966,False,max_epochs,83.83458685874939
rl4crn_rne_oscillator_trace_8rxn_stop_risksched085to09_lr1e4_entropy005_s4_c1_rnetol_d256_depth3_p20,seed246,246,20,2000,100,16,122.54909849079814,128.73906867103722,122.32824436853966,False,max_epochs,88.71390128135681
rl4crn_rne_oscillator_trace_8rxn_stop_risksched085to09_lr1e4_entropy005_s4_c1_rnetol_d256_depth3_p20,seed246,246,21,2100,100,16,123.99862655067224,128.46555727538112,122.32824436853966,False,max_epochs,93.25259041786194
rl4crn_rne_oscillator_trace_8rxn_stop_risksched085to09_lr1e4_entropy005_s4_c1_rnetol_d256_depth3_p20,seed246,246,22,2200,100,16,123.30113532986553,128.835710567838,122.32824436853966,False,max_epochs,97.96519351005554
rl4crn_rne_oscillator_trace_8rxn_stop_risksched085to09_lr1e4_entropy005_s4_c1_rnetol_d256_depth3_p20,seed246,246,23,2300,100,16,121.99394671283511,128.498492430979,121.99394671283511,False,max_epochs,100.09974765777588
rl4crn_rne_oscillator_trace_8rxn_stop_risksched085to09_lr1e4_entropy005_s4_c1_rnetol_d256_depth3_p20,seed246,246,24,2400,100,16,123.64691641947657,127.41964348306036,121.99394671283511,False,max_epochs,104.38774418830872
rl4crn_rne_oscillator_trace_8rxn_stop_risksched085to09_lr1e4_entropy005_s4_c1_rnetol_d256_depth3_p20,seed246,246,25,2500,100,16,120.91190855526213,127.65796274291978,120.91190855526213,False,max_epochs,109.14459586143494
rl4crn_rne_oscillator_trace_8rxn_stop_risksched085to09_lr1e4_entropy005_s4_c1_rnetol_d256_depth3_p20,seed246,246,26,2600,100,16,122.26424813631479,127.46484578710059,120.91190855526213,False,max_epochs,114.13004446029663
rl4crn_rne_oscillator_trace_8rxn_stop_risksched085to09_lr1e4_entropy005_s4_c1_rnetol_d256_depth3_p20,seed246,246,27,2700,100,16,122.68146147747184,127.47875122847387,120.91190855526213,False,max_epochs,118.62290740013123
rl4crn_rne_oscillator_trace_8rxn_stop_risksched085to09_lr1e4_entropy005_s4_c1_rnetol_d256_depth3_p20,seed246,246,28,2800,100,16,121.85779924026035,126.09715297126559,120.91190855526213,False,max_epochs,123.0103485584259
rl4crn_rne_oscillator_trace_8rxn_stop_risksched085to09_lr1e4_entropy005_s4_c1_rnetol_d256_depth3_p20,seed246,246,29,2900,100,16,122.34719666743008,126.96441771734129,120.91190855526213,False,max_epochs,125.33176755905151
rl4crn_rne_oscillator_trace_8rxn_stop_risksched085to09_lr1e4_entropy005_s4_c1_rnetol_d256_depth3_p20,seed246,246,30,3000,100,16,121.96693440108712,127.94779899344095,120.91190855526213,False,max_epochs,130.29142999649048
rl4crn_rne_oscillator_trace_8rxn_stop_risksched085to09_lr1e4_entropy005_s4_c1_rnetol_d256_depth3_p20,seed246,246,31,3100,100,16,121.56787939490825,125.63229409078579,120.91190855526213,False,max_epochs,134.95165467262268
rl4crn_rne_oscillator_trace_8rxn_stop_risksched085to09_lr1e4_entropy005_s4_c1_rnetol_d256_depth3_p20,seed246,246,32,3200,100,16,121.80033729937604,125.39245074036452,120.91190855526213,False,max_epochs,139.99055457115173
rl4crn_rne_oscillator_trace_8rxn_stop_risksched085to09_lr1e4_entropy005_s4_c1_rnetol_d256_depth3_p20,seed246,246,33,3300,100,16,120.58575771556485,126.17461073600904,120.58575771556485,False,max_epochs,144.5654776096344
rl4crn_rne_oscillator_trace_8rxn_stop_risksched085to09_lr1e4_entropy005_s4_c1_rnetol_d256_depth3_p20,seed246,246,34,3400,100,16,121.15681235017102,125.8449964890178,120.58575771556485,False,max_epochs,149.1568250656128
rl4crn_rne_oscillator_trace_8rxn_stop_risksched085to09_lr1e4_entropy005_s4_c1_rnetol_d256_depth3_p20,seed246,246,35,3500,100,16,121.06712390037879,125.21900016546309,120.58575771556485,False,max_epochs,153.68259954452515
rl4crn_rne_oscillator_trace_8rxn_stop_risksched085to09_lr1e4_entropy005_s4_c1_rnetol_d256_depth3_p20,seed246,246,36,3600,100,16,121.13708488070952,127.12593174823036,120.58575771556485,False,max_epochs,155.94102454185486
rl4crn_rne_oscillator_trace_8rxn_stop_risksched085to09_lr1e4_entropy005_s4_c1_rnetol_d256_depth3_p20,seed246,246,37,3700,100,16,120.88790535850396,126.49972151696474,120.58575771556485,False,max_epochs,160.50001049041748
rl4crn_rne_oscillator_trace_8rxn_stop_risksched085to09_lr1e4_entropy005_s4_c1_rnetol_d256_depth3_p20,seed246,246,38,3800,100,16,121.26263499914435,125.14491998024783,120.58575771556485,False,max_epochs,164.81108355522156
rl4crn_rne_oscillator_trace_8rxn_stop_risksched085to09_lr1e4_entropy005_s4_c1_rnetol_d256_depth3_p20,seed246,246,39,3900,100,16,120.74859177407984,124.41678120898801,120.58575771556485,False,max_epochs,169.49246215820312
rl4crn_rne_oscillator_trace_8rxn_stop_risksched085to09_lr1e4_entropy005_s4_c1_rnetol_d256_depth3_p20,seed246,246,40,4000,100,16,121.38120966659841,124.40861371373502,120.58575771556485,False,max_epochs,173.29949283599854
rl4crn_rne_oscillator_trace_8rxn_stop_risksched085to09_lr1e4_entropy005_s4_c1_rnetol_d256_depth3_p20,seed246,246,41,4100,100,16,121.06126559538423,124.60737934910372,120.58575771556485,False,max_epochs,176.14154243469238
rl4crn_rne_oscillator_trace_8rxn_stop_risksched085to09_lr1e4_entropy005_s4_c1_rnetol_d256_depth3_p20,seed246,246,42,4200,100,16,120.62930001965005,124.37391506838543,120.58575771556485,False,max_epochs,180.86788272857666
rl4crn_rne_oscillator_trace_8rxn_stop_risksched085to09_lr1e4_entropy005_s4_c1_rnetol_d256_depth3_p20,seed246,246,43,4300,100,16,120.87228544629166,128.6374132930753,120.58575771556485,False,max_epochs,185.48119235038757
rl4crn_rne_oscillator_trace_8rxn_stop_risksched085to09_lr1e4_entropy005_s4_c1_rnetol_d256_depth3_p20,seed246,246,44,4400,100,16,120.55458721246363,125.91147925077681,120.55458721246363,False,max_epochs,190.14251112937927
rl4crn_rne_oscillator_trace_8rxn_stop_risksched085to09_lr1e4_entropy005_s4_c1_rnetol_d256_depth3_p20,seed246,246,45,4500,100,16,120.40524264877058,128.50590612467738,120.40524264877058,False,max_epochs,194.8332495689392
rl4crn_rne_oscillator_trace_8rxn_stop_risksched085to09_lr1e4_entropy005_s4_c1_rnetol_d256_depth3_p20,seed246,246,46,4600,100,16,120.60014614943161,125.92210832583311,120.40524264877058,False,max_epochs,197.2346260547638
rl4crn_rne_oscillator_trace_8rxn_stop_risksched085to09_lr1e4_entropy005_s4_c1_rnetol_d256_depth3_p20,seed246,246,47,4700,100,16,120.82199823843442,124.65373459562184,120.40524264877058,False,max_epochs,201.14695930480957
rl4crn_rne_oscillator_trace_8rxn_stop_risksched085to09_lr1e4_entropy005_s4_c1_rnetol_d256_depth3_p20,seed246,246,48,4800,100,16,120.48202640322629,123.35061621443063,120.40524264877058,False,max_epochs,206.1910216808319
rl4crn_rne_oscillator_trace_8rxn_stop_risksched085to09_lr1e4_entropy005_s4_c1_rnetol_d256_depth3_p20,seed246,246,49,4900,100,16,120.25647236398405,123.81908846974379,120.25647236398405,False,max_epochs,210.77140641212463
rl4crn_rne_oscillator_trace_8rxn_stop_risksched085to09_lr1e4_entropy005_s4_c1_rnetol_d256_depth3_p20,seed246,246,50,5000,100,16,120.28357179606583,123.45539573601617,120.25647236398405,False,max_epochs,215.8448405265808
rl4crn_rne_oscillator_trace_8rxn_stop_risksched085to09_lr1e4_entropy005_s4_c1_rnetol_d256_depth3_p20,seed246,246,51,5100,100,16,120.35319008317265,125.97151048623064,120.25647236398405,False,max_epochs,220.68710494041443
rl4crn_rne_oscillator_trace_8rxn_stop_risksched085to09_lr1e4_entropy005_s4_c1_rnetol_d256_depth3_p20,seed246,246,52,5200,100,16,120.32754519272507,126.36002000364904,120.25647236398405,False,max_epochs,225.20473217964172
rl4crn_rne_oscillator_trace_8rxn_stop_risksched085to09_lr1e4_entropy005_s4_c1_rnetol_d256_depth3_p20,seed246,246,53,5300,100,16,119.89444187112545,126.12202674662555,119.89444187112545,False,max_epochs,229.53168773651123
rl4crn_rne_oscillator_trace_8rxn_stop_risksched085to09_lr1e4_entropy005_s4_c1_rnetol_d256_depth3_p20,seed246,246,54,5400,100,16,120.22773508880509,130.02182403042775,119.89444187112545,False,max_epochs,231.9819986820221
rl4crn_rne_oscillator_trace_8rxn_stop_risksched085to09_lr1e4_entropy005_s4_c1_rnetol_d256_depth3_p20,seed246,246,55,5500,100,16,120.54312264051327,130.59930176241164,119.89444187112545,False,max_epochs,236.30944657325745
rl4crn_rne_oscillator_trace_8rxn_stop_risksched085to09_lr1e4_entropy005_s4_c1_rnetol_d256_depth3_p20,seed246,246,56,5600,100,16,120.15113597279736,130.23980438191234,119.89444187112545,False,max_epochs,241.10903191566467
rl4crn_rne_oscillator_trace_8rxn_stop_risksched085to09_lr1e4_entropy005_s4_c1_rnetol_d256_depth3_p20,seed246,246,57,5700,100,16,120.41364283858584,123.8212309307548,119.89444187112545,False,max_epochs,246.00788593292236
rl4crn_rne_oscillator_trace_8rxn_stop_risksched085to09_lr1e4_entropy005_s4_c1_rnetol_d256_depth3_p20,seed246,246,58,5800,100,16,120.03215039203731,123.68003360818503,119.89444187112545,False,max_epochs,250.65216636657715
rl4crn_rne_oscillator_trace_8rxn_stop_risksched085to09_lr1e4_entropy005_s4_c1_rnetol_d256_depth3_p20,seed246,246,59,5900,100,16,120.08817082248494,123.98903583711387,119.89444187112545,False,max_epochs,255.23988938331604
rl4crn_rne_oscillator_trace_8rxn_stop_risksched085to09_lr1e4_entropy005_s4_c1_rnetol_d256_depth3_p20,seed246,246,60,6000,100,16,120.101555467177,126.05290799860849,119.89444187112545,False,max_epochs,257.43041801452637
rl4crn_rne_oscillator_trace_8rxn_stop_risksched085to09_lr1e4_entropy005_s4_c1_rnetol_d256_depth3_p20,seed246,246,61,6100,100,16,119.87218321381394,126.19865312788883,119.87218321381394,False,max_epochs,261.57870268821716
rl4crn_rne_oscillator_trace_8rxn_stop_risksched085to09_lr1e4_entropy005_s4_c1_rnetol_d256_depth3_p20,seed246,246,62,6200,100,16,119.92018470188587,127.93236319805607,119.87218321381394,False,max_epochs,266.44839453697205
rl4crn_rne_oscillator_trace_8rxn_stop_risksched085to09_lr1e4_entropy005_s4_c1_rnetol_d256_depth3_p20,seed246,246,63,6300,100,16,119.49827940147263,128.6270869555056,119.49827940147263,False,max_epochs,270.95211005210876
rl4crn_rne_oscillator_trace_8rxn_stop_risksched085to09_lr1e4_entropy005_s4_c1_rnetol_d256_depth3_p20,seed246,246,64,6400,100,16,119.68735013838821,124.92409436294753,119.49827940147263,False,max_epochs,275.34443163871765
rl4crn_rne_oscillator_trace_8rxn_stop_risksched085to09_lr1e4_entropy005_s4_c1_rnetol_d256_depth3_p20,seed246,246,65,6500,100,16,119.7931803839871,125.02529948989246,119.49827940147263,False,max_epochs,277.6423981189728
rl4crn_rne_oscillator_trace_8rxn_stop_risksched085to09_lr1e4_entropy005_s4_c1_rnetol_d256_depth3_p20,seed246,246,66,6600,100,16,118.96107305613216,126.16390221525657,118.96107305613216,False,max_epochs,282.2999608516693
rl4crn_rne_oscillator_trace_8rxn_stop_risksched085to09_lr1e4_entropy005_s4_c1_rnetol_d256_depth3_p20,seed246,246,67,6700,100,16,119.0685219672729,129.09912635068085,118.96107305613216,False,max_epochs,287.09585070610046
rl4crn_rne_oscillator_trace_8rxn_stop_risksched085to09_lr1e4_entropy005_s4_c1_rnetol_d256_depth3_p20,seed246,246,68,6800,100,16,118.93026914584371,128.3306517289418,118.93026914584371,False,max_epochs,292.61203360557556
rl4crn_rne_oscillator_trace_8rxn_stop_risksched085to09_lr1e4_entropy005_s4_c1_rnetol_d256_depth3_p20,seed246,246,69,6900,100,16,118.98896985293149,129.15092109861644,118.93026914584371,False,max_epochs,297.2837903499603
rl4crn_rne_oscillator_trace_8rxn_stop_risksched085to09_lr1e4_entropy005_s4_c1_rnetol_d256_depth3_p20,seed246,246,70,7000,100,16,118.62829136682086,125.20870522145069,118.62829136682086,False,max_epochs,302.738737821579
rl4crn_rne_oscillator_trace_8rxn_stop_risksched085to09_lr1e4_entropy005_s4_c1_rnetol_d256_depth3_p20,seed246,246,71,7100,100,16,118.98289323144965,126.55362877338504,118.62829136682086,False,max_epochs,307.73369550704956
rl4crn_rne_oscillator_trace_8rxn_stop_risksched085to09_lr1e4_entropy005_s4_c1_rnetol_d256_depth3_p20,seed246,246,72,7200,100,16,118.13371371346439,127.14946616488382,118.13371371346439,False,max_epochs,312.22651839256287
rl4crn_rne_oscillator_trace_8rxn_stop_risksched085to09_lr1e4_entropy005_s4_c1_rnetol_d256_depth3_p20,seed246,246,73,7300,100,16,117.79878818748372,137.0234609635924,117.79878818748372,False,max_epochs,316.9666175842285
rl4crn_rne_oscillator_trace_8rxn_stop_risksched085to09_lr1e4_entropy005_s4_c1_rnetol_d256_depth3_p20,seed246,246,74,7400,100,16,117.17845397370152,141.13610382135687,117.17845397370152,False,max_epochs,321.37508749961853
rl4crn_rne_oscillator_trace_8rxn_stop_risksched085to09_lr1e4_entropy005_s4_c1_rnetol_d256_depth3_p20,seed246,246,75,7500,100,16,118.71739761757075,141.6334847987062,117.17845397370152,False,max_epochs,323.8573079109192
rl4crn_rne_oscillator_trace_8rxn_stop_risksched085to09_lr1e4_entropy005_s4_c1_rnetol_d256_depth3_p20,seed246,246,76,7600,100,16,117.94405862302077,136.67693850280227,117.17845397370152,False,max_epochs,328.35819721221924
rl4crn_rne_oscillator_trace_8rxn_stop_risksched085to09_lr1e4_entropy005_s4_c1_rnetol_d256_depth3_p20,seed246,246,77,7700,100,16,119.45135441374363,137.80413156284325,117.17845397370152,False,max_epochs,333.33995723724365
rl4crn_rne_oscillator_trace_8rxn_stop_risksched085to09_lr1e4_entropy005_s4_c1_rnetol_d256_depth3_p20,seed246,246,78,7800,100,16,115.09432530211309,135.11326432078724,115.09432530211309,False,max_epochs,338.65296363830566
rl4crn_rne_oscillator_trace_8rxn_stop_risksched085to09_lr1e4_entropy005_s4_c1_rnetol_d256_depth3_p20,seed246,246,79,7900,100,16,118.26579818241613,129.56897028932673,115.09432530211309,False,max_epochs,343.40028643608093
rl4crn_rne_oscillator_trace_8rxn_stop_risksched085to09_lr1e4_entropy005_s4_c1_rnetol_d256_depth3_p20,seed246,246,80,8000,100,16,117.61744901987035,125.06333831294837,115.09432530211309,False,max_epochs,348.81924414634705
rl4crn_rne_oscillator_trace_8rxn_stop_risksched085to09_lr1e4_entropy005_s4_c1_rnetol_d256_depth3_p20,seed246,246,81,8100,100,16,118.0449643827116,125.19570143207693,115.09432530211309,False,max_epochs,353.56027388572693
rl4crn_rne_oscillator_trace_8rxn_stop_risksched085to09_lr1e4_entropy005_s4_c1_rnetol_d256_depth3_p20,seed246,246,82,8200,100,16,116.7712792942036,125.73607608930938,115.09432530211309,False,max_epochs,358.4749879837036
rl4crn_rne_oscillator_trace_8rxn_stop_risksched085to09_lr1e4_entropy005_s4_c1_rnetol_d256_depth3_p20,seed246,246,83,8300,100,16,116.96594687722785,125.20918985499829,115.09432530211309,False,max_epochs,362.9121148586273
rl4crn_rne_oscillator_trace_8rxn_stop_risksched085to09_lr1e4_entropy005_s4_c1_rnetol_d256_depth3_p20,seed246,246,84,8400,100,16,116.72212797824406,131.12180967463956,115.09432530211309,False,max_epochs,367.49405241012573
rl4crn_rne_oscillator_trace_8rxn_stop_risksched085to09_lr1e4_entropy005_s4_c1_rnetol_d256_depth3_p20,seed246,246,85,8500,100,16,115.74764434631194,131.45361048397194,115.09432530211309,False,max_epochs,369.5099821090698
rl4crn_rne_oscillator_trace_8rxn_stop_risksched085to09_lr1e4_entropy005_s4_c1_rnetol_d256_depth3_p20,seed246,246,86,8600,100,16,115.82030305499839,123.20520776579518,115.09432530211309,False,max_epochs,374.10930848121643
rl4crn_rne_oscillator_trace_8rxn_stop_risksched085to09_lr1e4_entropy005_s4_c1_rnetol_d256_depth3_p20,seed246,246,87,8700,100,16,116.2245358458289,122.89857390770493,115.09432530211309,False,max_epochs,378.45968103408813
rl4crn_rne_oscillator_trace_8rxn_stop_risksched085to09_lr1e4_entropy005_s4_c1_rnetol_d256_depth3_p20,seed246,246,88,8800,100,16,116.23843324042194,122.92870319289486,115.09432530211309,False,max_epochs,383.5869448184967
rl4crn_rne_oscillator_trace_8rxn_stop_risksched085to09_lr1e4_entropy005_s4_c1_rnetol_d256_depth3_p20,seed246,246,89,8900,100,16,115.0193352356636,123.61450763790472,115.0193352356636,False,max_epochs,388.3367280960083
rl4crn_rne_oscillator_trace_8rxn_stop_risksched085to09_lr1e4_entropy005_s4_c1_rnetol_d256_depth3_p20,seed246,246,90,9000,100,16,115.22679509596601,123.17658149650286,115.0193352356636,False,max_epochs,393.32269763946533
rl4crn_rne_oscillator_trace_8rxn_stop_risksched085to09_lr1e4_entropy005_s4_c1_rnetol_d256_depth3_p20,seed246,246,91,9100,100,16,114.26069034747937,126.58312989500126,114.26069034747937,False,max_epochs,398.14839005470276
rl4crn_rne_oscillator_trace_8rxn_stop_risksched085to09_lr1e4_entropy005_s4_c1_rnetol_d256_depth3_p20,seed246,246,92,9200,100,16,113.25011073586954,129.5850284209622,113.25011073586954,False,max_epochs,403.14186549186707
rl4crn_rne_oscillator_trace_8rxn_stop_risksched085to09_lr1e4_entropy005_s4_c1_rnetol_d256_depth3_p20,seed246,246,93,9300,100,16,114.79401364376643,135.01454829162094,113.25011073586954,False,max_epochs,407.76148533821106
rl4crn_rne_oscillator_trace_8rxn_stop_risksched085to09_lr1e4_entropy005_s4_c1_rnetol_d256_depth3_p20,seed246,246,94,9400,100,16,114.18534055551989,135.78578084625968,113.25011073586954,False,max_epochs,410.06949949264526
rl4crn_rne_oscillator_trace_8rxn_stop_risksched085to09_lr1e4_entropy005_s4_c1_rnetol_d256_depth3_p20,seed246,246,95,9500,100,16,113.58955749616054,133.32002176138883,113.25011073586954,False,max_epochs,414.30170702934265
rl4crn_rne_oscillator_trace_8rxn_stop_risksched085to09_lr1e4_entropy005_s4_c1_rnetol_d256_depth3_p20,seed246,246,96,9600,100,16,114.74000635442775,134.20348908192943,113.25011073586954,False,max_epochs,419.42151141166687
rl4crn_rne_oscillator_trace_8rxn_stop_risksched085to09_lr1e4_entropy005_s4_c1_rnetol_d256_depth3_p20,seed246,246,97,9700,100,16,113.69084688998858,130.84845718379307,113.25011073586954,False,max_epochs,424.45876836776733
rl4crn_rne_oscillator_trace_8rxn_stop_risksched085to09_lr1e4_entropy005_s4_c1_rnetol_d256_depth3_p20,seed246,246,98,9800,100,16,114.32308915863614,134.31165535923162,113.25011073586954,False,max_epochs,429.57890582084656
rl4crn_rne_oscillator_trace_8rxn_stop_risksched085to09_lr1e4_entropy005_s4_c1_rnetol_d256_depth3_p20,seed246,246,99,9900,100,16,114.51812349703235,132.5374647794454,113.25011073586954,False,max_epochs,434.4342796802521
rl4crn_rne_oscillator_trace_8rxn_stop_risksched085to09_lr1e4_entropy005_s4_c1_rnetol_d256_depth3_p20,seed246,246,100,10000,100,16,111.83117414283244,133.4612022746649,111.83117414283244,False,max_epochs,439.75720500946045
rl4crn_rne_oscillator_trace_8rxn_stop_risksched085to09_lr1e4_entropy005_s4_c1_rnetol_d256_depth3_p20,seed246,246,101,10100,100,16,114.77915923907231,135.53471883696295,111.83117414283244,False,max_epochs,444.6545457839966
rl4crn_rne_oscillator_trace_8rxn_stop_risksched085to09_lr1e4_entropy005_s4_c1_rnetol_d256_depth3_p20,seed246,246,102,10200,100,16,114.14946335536007,133.59828494629375,111.83117414283244,False,max_epochs,449.9078674316406
rl4crn_rne_oscillator_trace_8rxn_stop_risksched085to09_lr1e4_entropy005_s4_c1_rnetol_d256_depth3_p20,seed246,246,103,10300,100,16,113.16501480731004,130.21411129183588,111.83117414283244,False,max_epochs,454.66059708595276
rl4crn_rne_oscillator_trace_8rxn_stop_risksched085to09_lr1e4_entropy005_s4_c1_rnetol_d256_depth3_p20,seed246,246,104,10400,100,16,113.11037702283102,127.5162576411169,111.83117414283244,False,max_epochs,459.89785981178284
rl4crn_rne_oscillator_trace_8rxn_stop_risksched085to09_lr1e4_entropy005_s4_c1_rnetol_d256_depth3_p20,seed246,246,105,10500,100,16,113.34396835710457,128.84256331055576,111.83117414283244,False,max_epochs,464.3866217136383
rl4crn_rne_oscillator_trace_8rxn_stop_risksched085to09_lr1e4_entropy005_s4_c1_rnetol_d256_depth3_p20,seed246,246,106,10600,100,16,114.13419680702769,133.9946161215484,111.83117414283244,False,max_epochs,469.083420753479
rl4crn_rne_oscillator_trace_8rxn_stop_risksched085to09_lr1e4_entropy005_s4_c1_rnetol_d256_depth3_p20,seed246,246,107,10700,100,16,112.59104992495014,127.13140718030974,111.83117414283244,False,max_epochs,473.7731897830963
rl4crn_rne_oscillator_trace_8rxn_stop_risksched085to09_lr1e4_entropy005_s4_c1_rnetol_d256_depth3_p20,seed246,246,108,10800,100,16,112.10559310814334,129.89031228891344,111.83117414283244,False,max_epochs,476.37471175193787
rl4crn_rne_oscillator_trace_8rxn_stop_risksched085to09_lr1e4_entropy005_s4_c1_rnetol_d256_depth3_p20,seed246,246,109,10900,100,16,114.5259239259729,131.68797336776043,111.83117414283244,False,max_epochs,480.53686475753784
rl4crn_rne_oscillator_trace_8rxn_stop_risksched085to09_lr1e4_entropy005_s4_c1_rnetol_d256_depth3_p20,seed246,246,110,11000,100,16,114.08441434213705,127.10060259435292,111.83117414283244,False,max_epochs,485.37319326400757
rl4crn_rne_oscillator_trace_8rxn_stop_risksched085to09_lr1e4_entropy005_s4_c1_rnetol_d256_depth3_p20,seed246,246,111,11100,100,16,112.8857332560189,129.81093547503397,111.83117414283244,False,max_epochs,490.25575828552246
rl4crn_rne_oscillator_trace_8rxn_stop_risksched085to09_lr1e4_entropy005_s4_c1_rnetol_d256_depth3_p20,seed246,246,112,11200,100,16,111.30089313315985,124.62612772676297,111.30089313315985,False,max_epochs,495.74218344688416
rl4crn_rne_oscillator_trace_8rxn_stop_risksched085to09_lr1e4_entropy005_s4_c1_rnetol_d256_depth3_p20,seed246,246,113,11300,100,16,111.31839344947507,124.35862594177821,111.30089313315985,False,max_epochs,500.56553840637207
rl4crn_rne_oscillator_trace_8rxn_stop_risksched085to09_lr1e4_entropy005_s4_c1_rnetol_d256_depth3_p20,seed246,246,114,11400,100,16,111.989766133616,124.36715799278709,111.30089313315985,False,max_epochs,505.6177213191986
rl4crn_rne_oscillator_trace_8rxn_stop_risksched085to09_lr1e4_entropy005_s4_c1_rnetol_d256_depth3_p20,seed246,246,115,11500,100,16,111.40857298290598,123.74084191221382,111.30089313315985,False,max_epochs,510.43161368370056
rl4crn_rne_oscillator_trace_8rxn_stop_risksched085to09_lr1e4_entropy005_s4_c1_rnetol_d256_depth3_p20,seed246,246,116,11600,100,16,112.88289804998738,127.23180325998,111.30089313315985,False,max_epochs,515.950356721878
rl4crn_rne_oscillator_trace_8rxn_stop_risksched085to09_lr1e4_entropy005_s4_c1_rnetol_d256_depth3_p20,seed246,246,117,11700,100,16,111.96622469026275,122.2363848761718,111.30089313315985,False,max_epochs,521.095142364502
rl4crn_rne_oscillator_trace_8rxn_stop_risksched085to09_lr1e4_entropy005_s4_c1_rnetol_d256_depth3_p20,seed246,246,118,11800,100,16,111.52470936706865,124.0908443474556,111.30089313315985,False,max_epochs,525.9755747318268
rl4crn_rne_oscillator_trace_8rxn_stop_risksched085to09_lr1e4_entropy005_s4_c1_rnetol_d256_depth3_p20,seed246,246,119,11900,100,16,111.5252842061533,122.20322972461483,111.30089313315985,False,max_epochs,531.1932680606842
rl4crn_rne_oscillator_trace_8rxn_stop_risksched085to09_lr1e4_entropy005_s4_c1_rnetol_d256_depth3_p20,seed246,246,120,12000,100,16,111.24236028640622,123.88005288967797,111.24236028640622,False,max_epochs,535.9410235881805
rl4crn_rne_oscillator_trace_8rxn_stop_risksched085to09_lr1e4_entropy005_s4_c1_rnetol_d256_depth3_p20,seed246,246,121,12100,100,16,113.1603483011251,127.03215840391059,111.24236028640622,False,max_epochs,540.9280169010162
rl4crn_rne_oscillator_trace_8rxn_stop_risksched085to09_lr1e4_entropy005_s4_c1_rnetol_d256_depth3_p20,seed246,246,122,12200,100,16,112.69563318940361,129.31052461855768,111.24236028640622,False,max_epochs,545.7569391727448
rl4crn_rne_oscillator_trace_8rxn_stop_risksched085to09_lr1e4_entropy005_s4_c1_rnetol_d256_depth3_p20,seed246,246,123,12300,100,16,111.27886664950277,125.7173780166417,111.24236028640622,False,max_epochs,550.1874783039093
rl4crn_rne_oscillator_trace_8rxn_stop_risksched085to09_lr1e4_entropy005_s4_c1_rnetol_d256_depth3_p20,seed246,246,124,12400,100,16,111.74808896532043,128.2387515040718,111.24236028640622,False,max_epochs,552.3061072826385
rl4crn_rne_oscillator_trace_8rxn_stop_risksched085to09_lr1e4_entropy005_s4_c1_rnetol_d256_depth3_p20,seed246,246,125,12500,100,16,111.97166060578353,121.88213487119218,111.24236028640622,False,max_epochs,556.8734102249146
rl4crn_rne_oscillator_trace_8rxn_stop_risksched085to09_lr1e4_entropy005_s4_c1_rnetol_d256_depth3_p20,seed246,246,126,12600,100,16,111.216879614021,122.45400455836457,111.216879614021,False,max_epochs,562.2321186065674
rl4crn_rne_oscillator_trace_8rxn_stop_risksched085to09_lr1e4_entropy005_s4_c1_rnetol_d256_depth3_p20,seed246,246,127,12700,100,16,111.5764505183671,120.83421994316359,111.216879614021,False,max_epochs,567.0667967796326
rl4crn_rne_oscillator_trace_8rxn_stop_risksched085to09_lr1e4_entropy005_s4_c1_rnetol_d256_depth3_p20,seed246,246,128,12800,100,16,111.69617010130878,121.10771691129267,111.216879614021,False,max_epochs,572.0661578178406
rl4crn_rne_oscillator_trace_8rxn_stop_risksched085to09_lr1e4_entropy005_s4_c1_rnetol_d256_depth3_p20,seed246,246,129,12900,100,16,111.62711890961623,120.40934261299053,111.216879614021,False,max_epochs,576.5253512859344
rl4crn_rne_oscillator_trace_8rxn_stop_risksched085to09_lr1e4_entropy005_s4_c1_rnetol_d256_depth3_p20,seed246,246,130,13000,100,16,111.55142015106993,118.91533891581764,111.216879614021,False,max_epochs,580.8667287826538
rl4crn_rne_oscillator_trace_8rxn_stop_risksched085to09_lr1e4_entropy005_s4_c1_rnetol_d256_depth3_p20,seed246,246,131,13100,100,16,111.64720413325075,124.13147690032477,111.216879614021,False,max_epochs,585.1499061584473
rl4crn_rne_oscillator_trace_8rxn_stop_risksched085to09_lr1e4_entropy005_s4_c1_rnetol_d256_depth3_p20,seed246,246,132,13200,100,16,111.80200383395565,123.44706224945881,111.216879614021,False,max_epochs,587.5162472724915
rl4crn_rne_oscillator_trace_8rxn_stop_risksched085to09_lr1e4_entropy005_s4_c1_rnetol_d256_depth3_p20,seed246,246,133,13300,100,16,111.4393347809418,124.02808612310983,111.216879614021,False,max_epochs,591.585679769516
rl4crn_rne_oscillator_trace_8rxn_stop_risksched085to09_lr1e4_entropy005_s4_c1_rnetol_d256_depth3_p20,seed246,246,134,13400,100,16,112.02598700563283,122.6841983952476,111.216879614021,False,max_epochs,596.3940372467041
rl4crn_rne_oscillator_trace_8rxn_stop_risksched085to09_lr1e4_entropy005_s4_c1_rnetol_d256_depth3_p20,seed246,246,135,13500,100,16,111.66843101882701,119.29724744682433,111.216879614021,False,max_epochs,600.9536724090576
rl4crn_rne_oscillator_trace_8rxn_stop_risksched085to09_lr1e4_entropy005_s4_c1_rnetol_d256_depth3_p20,seed246,246,136,13600,100,16,111.46669293405009,120.21288398646438,111.216879614021,False,max_epochs,605.3587086200714
rl4crn_rne_oscillator_trace_8rxn_stop_risksched085to09_lr1e4_entropy005_s4_c1_rnetol_d256_depth3_p20,seed246,246,137,13700,100,16,111.91891470293614,116.8427222697425,111.216879614021,False,max_epochs,609.8015360832214
rl4crn_rne_oscillator_trace_8rxn_stop_risksched085to09_lr1e4_entropy005_s4_c1_rnetol_d256_depth3_p20,seed246,246,138,13800,100,16,111.56801687113634,119.60094462141852,111.216879614021,False,max_epochs,612.3478920459747
rl4crn_rne_oscillator_trace_8rxn_stop_risksched085to09_lr1e4_entropy005_s4_c1_rnetol_d256_depth3_p20,seed246,246,139,13900,100,16,111.70541780853716,122.80540635728896,111.216879614021,False,max_epochs,616.7383511066437
rl4crn_rne_oscillator_trace_8rxn_stop_risksched085to09_lr1e4_entropy005_s4_c1_rnetol_d256_depth3_p20,seed246,246,140,14000,100,16,111.6107621264404,120.51069522240829,111.216879614021,False,max_epochs,621.2951855659485
rl4crn_rne_oscillator_trace_8rxn_stop_risksched085to09_lr1e4_entropy005_s4_c1_rnetol_d256_depth3_p20,seed246,246,141,14100,100,16,111.71079762709758,121.93407274621272,111.216879614021,False,max_epochs,625.9707548618317
rl4crn_rne_oscillator_trace_8rxn_stop_risksched085to09_lr1e4_entropy005_s4_c1_rnetol_d256_depth3_p20,seed246,246,142,14200,100,16,111.77202254640737,121.5608550251214,111.216879614021,False,max_epochs,629.1470131874084
rl4crn_rne_oscillator_trace_8rxn_stop_risksched085to09_lr1e4_entropy005_s4_c1_rnetol_d256_depth3_p20,seed246,246,143,14300,100,16,111.67102611895042,122.91574031734567,111.216879614021,False,max_epochs,632.3573324680328
rl4crn_rne_oscillator_trace_8rxn_stop_risksched085to09_lr1e4_entropy005_s4_c1_rnetol_d256_depth3_p20,seed246,246,144,14400,100,16,111.56601867581915,118.70814052872885,111.216879614021,False,max_epochs,637.124614238739
rl4crn_rne_oscillator_trace_8rxn_stop_risksched085to09_lr1e4_entropy005_s4_c1_rnetol_d256_depth3_p20,seed246,246,145,14500,100,16,111.47845775323997,118.35476844830278,111.216879614021,False,max_epochs,642.0509390830994
rl4crn_rne_oscillator_trace_8rxn_stop_risksched085to09_lr1e4_entropy005_s4_c1_rnetol_d256_depth3_p20,seed246,246,146,14600,100,16,111.57233270235355,119.06128812797445,111.216879614021,False,max_epochs,646.4799518585205
rl4crn_rne_oscillator_trace_8rxn_stop_risksched085to09_lr1e4_entropy005_s4_c1_rnetol_d256_depth3_p20,seed246,246,147,14700,100,16,111.89654982792965,120.58912326934899,111.216879614021,False,max_epochs,650.9913249015808
rl4crn_rne_oscillator_trace_8rxn_stop_risksched085to09_lr1e4_entropy005_s4_c1_rnetol_d256_depth3_p20,seed246,246,148,14800,100,16,111.49690773810171,117.67501893573208,111.216879614021,False,max_epochs,653.0774810314178
rl4crn_rne_oscillator_trace_8rxn_stop_risksched085to09_lr1e4_entropy005_s4_c1_rnetol_d256_depth3_p20,seed246,246,149,14900,100,16,111.63488027599698,117.68682962090806,111.216879614021,False,max_epochs,657.6303594112396
rl4crn_rne_oscillator_trace_8rxn_stop_risksched085to09_lr1e4_entropy005_s4_c1_rnetol_d256_depth3_p20,seed246,246,150,15000,100,16,112.03522005842125,123.08229116429047,111.216879614021,False,max_epochs,662.8824663162231
rl4crn_rne_oscillator_trace_8rxn_stop_risksched085to09_lr1e4_entropy005_s4_c1_rnetol_d256_depth3_p20,seed246,246,151,15100,100,16,111.58423947626395,120.01830367543201,111.216879614021,False,max_epochs,667.9073288440704
rl4crn_rne_oscillator_trace_8rxn_stop_risksched085to09_lr1e4_entropy005_s4_c1_rnetol_d256_depth3_p20,seed246,246,152,15200,100,16,111.5091149849216,122.10023675334378,111.216879614021,False,max_epochs,672.8532779216766
rl4crn_rne_oscillator_trace_8rxn_stop_risksched085to09_lr1e4_entropy005_s4_c1_rnetol_d256_depth3_p20,seed246,246,153,15300,100,16,111.79662406945121,121.29087682015071,111.216879614021,False,max_epochs,677.7601408958435
rl4crn_rne_oscillator_trace_8rxn_stop_risksched085to09_lr1e4_entropy005_s4_c1_rnetol_d256_depth3_p20,seed246,246,154,15400,100,16,111.56552769428608,121.86590241982326,111.216879614021,False,max_epochs,683.2688670158386
rl4crn_rne_oscillator_trace_8rxn_stop_risksched085to09_lr1e4_entropy005_s4_c1_rnetol_d256_depth3_p20,seed246,246,155,15500,100,16,111.33248720432249,119.60884147491814,111.216879614021,False,max_epochs,688.0733993053436
rl4crn_rne_oscillator_trace_8rxn_stop_risksched085to09_lr1e4_entropy005_s4_c1_rnetol_d256_depth3_p20,seed246,246,156,15600,100,16,111.31059278810363,119.97075737355672,111.216879614021,False,max_epochs,692.748452425003
rl4crn_rne_oscillator_trace_8rxn_stop_risksched085to09_lr1e4_entropy005_s4_c1_rnetol_d256_depth3_p20,seed246,246,157,15700,100,16,111.5613736162086,119.2538049631273,111.216879614021,False,max_epochs,697.4367220401764
rl4crn_rne_oscillator_trace_8rxn_stop_risksched085to09_lr1e4_entropy005_s4_c1_rnetol_d256_depth3_p20,seed246,246,158,15800,100,16,111.21496437104612,119.16758395281755,111.21496437104612,False,max_epochs,702.1167521476746
rl4crn_rne_oscillator_trace_8rxn_stop_risksched085to09_lr1e4_entropy005_s4_c1_rnetol_d256_depth3_p20,seed246,246,159,15900,100,16,111.46092356223937,119.19554158342875,111.21496437104612,False,max_epochs,704.4117517471313
rl4crn_rne_oscillator_trace_8rxn_stop_risksched085to09_lr1e4_entropy005_s4_c1_rnetol_d256_depth3_p20,seed246,246,160,16000,100,16,111.29110306446982,119.62771855508089,111.21496437104612,False,max_epochs,708.8991346359253
rl4crn_rne_oscillator_trace_8rxn_stop_risksched085to09_lr1e4_entropy005_s4_c1_rnetol_d256_depth3_p20,seed246,246,161,16100,100,16,111.6235159458465,119.47138187224286,111.21496437104612,False,max_epochs,713.5199556350708
rl4crn_rne_oscillator_trace_8rxn_stop_risksched085to09_lr1e4_entropy005_s4_c1_rnetol_d256_depth3_p20,seed246,246,162,16200,100,16,111.35873244855813,118.66641822393038,111.21496437104612,False,max_epochs,718.7854990959167
rl4crn_rne_oscillator_trace_8rxn_stop_risksched085to09_lr1e4_entropy005_s4_c1_rnetol_d256_depth3_p20,seed246,246,163,16300,100,16,111.99464530628649,119.61657773115991,111.21496437104612,False,max_epochs,723.6420741081238
rl4crn_rne_oscillator_trace_8rxn_stop_risksched085to09_lr1e4_entropy005_s4_c1_rnetol_d256_depth3_p20,seed246,246,164,16400,100,16,111.24044656878104,119.47000635344041,111.21496437104612,False,max_epochs,728.3245460987091
rl4crn_rne_oscillator_trace_8rxn_stop_risksched085to09_lr1e4_entropy005_s4_c1_rnetol_d256_depth3_p20,seed246,246,165,16500,100,16,112.01519938823536,120.05001707646804,111.21496437104612,False,max_epochs,732.8594245910645
rl4crn_rne_oscillator_trace_8rxn_stop_risksched085to09_lr1e4_entropy005_s4_c1_rnetol_d256_depth3_p20,seed246,246,166,16600,100,16,111.10957089420873,118.94351534784,111.10957089420873,False,max_epochs,737.4716973304749
rl4crn_rne_oscillator_trace_8rxn_stop_risksched085to09_lr1e4_entropy005_s4_c1_rnetol_d256_depth3_p20,seed246,246,167,16700,100,16,111.82270144169456,120.04174518333781,111.10957089420873,False,max_epochs,740.0712900161743
rl4crn_rne_oscillator_trace_8rxn_stop_risksched085to09_lr1e4_entropy005_s4_c1_rnetol_d256_depth3_p20,seed246,246,168,16800,100,16,111.112386698341,120.88552526129982,111.10957089420873,False,max_epochs,743.5407223701477
rl4crn_rne_oscillator_trace_8rxn_stop_risksched085to09_lr1e4_entropy005_s4_c1_rnetol_d256_depth3_p20,seed246,246,169,16900,100,16,111.20802823661467,121.20280919181081,111.10957089420873,False,max_epochs,748.5804100036621
rl4crn_rne_oscillator_trace_8rxn_stop_risksched085to09_lr1e4_entropy005_s4_c1_rnetol_d256_depth3_p20,seed246,246,170,17000,100,16,111.17484877620282,119.87103626123046,111.10957089420873,False,max_epochs,753.6873359680176
rl4crn_rne_oscillator_trace_8rxn_stop_risksched085to09_lr1e4_entropy005_s4_c1_rnetol_d256_depth3_p20,seed246,246,171,17100,100,16,111.47517173152112,120.4436572677443,111.10957089420873,False,max_epochs,758.8978872299194
rl4crn_rne_oscillator_trace_8rxn_stop_risksched085to09_lr1e4_entropy005_s4_c1_rnetol_d256_depth3_p20,seed246,246,172,17200,100,16,111.22362896505155,122.65222595925536,111.10957089420873,False,max_epochs,764.2680959701538
rl4crn_rne_oscillator_trace_8rxn_stop_risksched085to09_lr1e4_entropy005_s4_c1_rnetol_d256_depth3_p20,seed246,246,173,17300,100,16,111.38603545205547,119.94804748047783,111.10957089420873,False,max_epochs,769.3836817741394
rl4crn_rne_oscillator_trace_8rxn_stop_risksched085to09_lr1e4_entropy005_s4_c1_rnetol_d256_depth3_p20,seed246,246,174,17400,100,16,111.5870973802049,120.1506528951816,111.10957089420873,False,max_epochs,774.3426668643951
rl4crn_rne_oscillator_trace_8rxn_stop_risksched085to09_lr1e4_entropy005_s4_c1_rnetol_d256_depth3_p20,seed246,246,175,17500,100,16,111.50627642724908,119.28161723319417,111.10957089420873,False,max_epochs,779.5838665962219
rl4crn_rne_oscillator_trace_8rxn_stop_risksched085to09_lr1e4_entropy005_s4_c1_rnetol_d256_depth3_p20,seed246,246,176,17600,100,16,111.36335420691508,120.34149736742842,111.10957089420873,False,max_epochs,784.319445848465
rl4crn_rne_oscillator_trace_8rxn_stop_risksched085to09_lr1e4_entropy005_s4_c1_rnetol_d256_depth3_p20,seed246,246,177,17700,100,16,111.72657336511224,119.57523995332522,111.10957089420873,False,max_epochs,789.5434856414795
rl4crn_rne_oscillator_trace_8rxn_stop_risksched085to09_lr1e4_entropy005_s4_c1_rnetol_d256_depth3_p20,seed246,246,178,17800,100,16,111.22267540960019,118.38124648716709,111.10957089420873,False,max_epochs,794.2665560245514
rl4crn_rne_oscillator_trace_8rxn_stop_risksched085to09_lr1e4_entropy005_s4_c1_rnetol_d256_depth3_p20,seed246,246,179,17900,100,16,111.44716170654361,118.95649110067288,111.10957089420873,False,max_epochs,798.7602679729462
rl4crn_rne_oscillator_trace_8rxn_stop_risksched085to09_lr1e4_entropy005_s4_c1_rnetol_d256_depth3_p20,seed246,246,180,18000,100,16,111.2029791147082,118.46933150746506,111.10957089420873,False,max_epochs,803.2143895626068
rl4crn_rne_oscillator_trace_8rxn_stop_risksched085to09_lr1e4_entropy005_s4_c1_rnetol_d256_depth3_p20,seed246,246,181,18100,100,16,111.2610283821673,120.57389888149498,111.10957089420873,False,max_epochs,807.7135374546051
rl4crn_rne_oscillator_trace_8rxn_stop_risksched085to09_lr1e4_entropy005_s4_c1_rnetol_d256_depth3_p20,seed246,246,182,18200,100,16,111.9801623032523,119.32803299644488,111.10957089420873,False,max_epochs,809.8532116413116
rl4crn_rne_oscillator_trace_8rxn_stop_risksched085to09_lr1e4_entropy005_s4_c1_rnetol_d256_depth3_p20,seed246,246,183,18300,100,16,111.24442216937639,119.38377921889304,111.10957089420873,False,max_epochs,814.3276152610779
rl4crn_rne_oscillator_trace_8rxn_stop_risksched085to09_lr1e4_entropy005_s4_c1_rnetol_d256_depth3_p20,seed246,246,184,18400,100,16,111.44848735958698,117.09888967703557,111.10957089420873,False,max_epochs,818.7323784828186
rl4crn_rne_oscillator_trace_8rxn_stop_risksched085to09_lr1e4_entropy005_s4_c1_rnetol_d256_depth3_p20,seed246,246,185,18500,100,16,111.49810689806702,118.72876000241536,111.10957089420873,False,max_epochs,823.3593878746033
rl4crn_rne_oscillator_trace_8rxn_stop_risksched085to09_lr1e4_entropy005_s4_c1_rnetol_d256_depth3_p20,seed246,246,186,18600,100,16,111.09051219672568,118.53109124531011,111.09051219672568,False,max_epochs,827.8738236427307
rl4crn_rne_oscillator_trace_8rxn_stop_risksched085to09_lr1e4_entropy005_s4_c1_rnetol_d256_depth3_p20,seed246,246,187,18700,100,16,111.26367304845128,118.83043627078939,111.09051219672568,False,max_epochs,832.1822845935822
rl4crn_rne_oscillator_trace_8rxn_stop_risksched085to09_lr1e4_entropy005_s4_c1_rnetol_d256_depth3_p20,seed246,246,188,18800,100,16,110.99215038368239,115.5566895699165,110.99215038368239,False,max_epochs,834.6470873355865
rl4crn_rne_oscillator_trace_8rxn_stop_risksched085to09_lr1e4_entropy005_s4_c1_rnetol_d256_depth3_p20,seed246,246,189,18900,100,16,111.58871929606988,115.46002677366207,110.99215038368239,False,max_epochs,839.1102366447449
rl4crn_rne_oscillator_trace_8rxn_stop_risksched085to09_lr1e4_entropy005_s4_c1_rnetol_d256_depth3_p20,seed246,246,190,19000,100,16,111.61555032207103,114.92906994644812,110.99215038368239,False,max_epochs,843.8734521865845
rl4crn_rne_oscillator_trace_8rxn_stop_risksched085to09_lr1e4_entropy005_s4_c1_rnetol_d256_depth3_p20,seed246,246,191,19100,100,16,111.59663846712183,115.33103698699276,110.99215038368239,False,max_epochs,848.9863092899323
rl4crn_rne_oscillator_trace_8rxn_stop_risksched085to09_lr1e4_entropy005_s4_c1_rnetol_d256_depth3_p20,seed246,246,192,19200,100,16,111.18048136183845,115.1036327986828,110.99215038368239,False,max_epochs,853.8210124969482
rl4crn_rne_oscillator_trace_8rxn_stop_risksched085to09_lr1e4_entropy005_s4_c1_rnetol_d256_depth3_p20,seed246,246,193,19300,100,16,111.44413440812973,115.62028737648592,110.99215038368239,False,max_epochs,859.0959579944611
rl4crn_rne_oscillator_trace_8rxn_stop_risksched085to09_lr1e4_entropy005_s4_c1_rnetol_d256_depth3_p20,seed246,246,194,19400,100,16,111.30393382554698,115.41152452296585,110.99215038368239,False,max_epochs,863.8129281997681
rl4crn_rne_oscillator_trace_8rxn_stop_risksched085to09_lr1e4_entropy005_s4_c1_rnetol_d256_depth3_p20,seed246,246,195,19500,100,16,111.24878705301573,115.3964842854266,110.99215038368239,False,max_epochs,868.1834771633148
rl4crn_rne_oscillator_trace_8rxn_stop_risksched085to09_lr1e4_entropy005_s4_c1_rnetol_d256_depth3_p20,seed246,246,196,19600,100,16,111.19107895149939,117.30825040140341,110.99215038368239,False,max_epochs,872.8238656520844
rl4crn_rne_oscillator_trace_8rxn_stop_risksched085to09_lr1e4_entropy005_s4_c1_rnetol_d256_depth3_p20,seed246,246,197,19700,100,16,111.46610431282298,116.8336330272511,110.99215038368239,False,max_epochs,875.1471304893494
rl4crn_rne_oscillator_trace_8rxn_stop_risksched085to09_lr1e4_entropy005_s4_c1_rnetol_d256_depth3_p20,seed246,246,198,19800,100,16,111.55601404994962,116.42193838503198,110.99215038368239,False,max_epochs,879.5469655990601
rl4crn_rne_oscillator_trace_8rxn_stop_risksched085to09_lr1e4_entropy005_s4_c1_rnetol_d256_depth3_p20,seed246,246,199,19900,100,16,111.45274581544429,116.2340065746076,110.99215038368239,False,max_epochs,884.5960109233856
rl4crn_rne_oscillator_trace_8rxn_stop_risksched085to09_lr1e4_entropy005_s4_c1_rnetol_d256_depth3_p20,seed246,246,200,20000,100,16,111.83185137571883,116.3418236771482,110.99215038368239,False,max_epochs,889.3386204242706
rl4crn_rne_oscillator_trace_8rxn_stop_risksched085to09_lr1e4_entropy005_s4_c1_rnetol_d256_depth3_p20,seed246,246,201,20100,100,16,111.35104950152254,115.65480516433217,110.99215038368239,False,max_epochs,894.7408435344696
rl4crn_rne_oscillator_trace_8rxn_stop_risksched085to09_lr1e4_entropy005_s4_c1_rnetol_d256_depth3_p20,seed246,246,202,20200,100,16,111.6260078410614,116.92797322854048,110.99215038368239,False,max_epochs,899.6716969013214
rl4crn_rne_oscillator_trace_8rxn_stop_risksched085to09_lr1e4_entropy005_s4_c1_rnetol_d256_depth3_p20,seed246,246,203,20300,100,16,111.52013264609525,116.00899344329412,110.99215038368239,False,max_epochs,904.3347015380859
rl4crn_rne_oscillator_trace_8rxn_stop_risksched085to09_lr1e4_entropy005_s4_c1_rnetol_d256_depth3_p20,seed246,246,204,20400,100,16,111.76157278136603,115.90587949224428,110.99215038368239,False,max_epochs,909.1011307239532
rl4crn_rne_oscillator_trace_8rxn_stop_risksched085to09_lr1e4_entropy005_s4_c1_rnetol_d256_depth3_p20,seed246,246,205,20500,100,16,111.2857184347088,116.72773888270892,110.99215038368239,False,max_epochs,914.315756559372
rl4crn_rne_oscillator_trace_8rxn_stop_risksched085to09_lr1e4_entropy005_s4_c1_rnetol_d256_depth3_p20,seed246,246,206,20600,100,16,111.56538067192673,116.66551877693561,110.99215038368239,False,max_epochs,918.647444486618
rl4crn_rne_oscillator_trace_8rxn_stop_risksched085to09_lr1e4_entropy005_s4_c1_rnetol_d256_depth3_p20,seed246,246,207,20700,100,16,111.05527130604466,114.47725122506543,110.99215038368239,False,max_epochs,922.4292974472046
rl4crn_rne_oscillator_trace_8rxn_stop_risksched085to09_lr1e4_entropy005_s4_c1_rnetol_d256_depth3_p20,seed246,246,208,20800,100,16,111.76982452807285,115.62451071754506,110.99215038368239,False,max_epochs,925.1793756484985
rl4crn_rne_oscillator_trace_8rxn_stop_risksched085to09_lr1e4_entropy005_s4_c1_rnetol_d256_depth3_p20,seed246,246,209,20900,100,16,111.89798773815329,118.25662456597524,110.99215038368239,False,max_epochs,930.4654505252838
rl4crn_rne_oscillator_trace_8rxn_stop_risksched085to09_lr1e4_entropy005_s4_c1_rnetol_d256_depth3_p20,seed246,246,210,21000,100,16,111.23422058270054,115.52405207526374,110.99215038368239,False,max_epochs,935.1189556121826
rl4crn_rne_oscillator_trace_8rxn_stop_risksched085to09_lr1e4_entropy005_s4_c1_rnetol_d256_depth3_p20,seed246,246,211,21100,100,16,111.17979407836845,114.27893167301181,110.99215038368239,False,max_epochs,940.1602883338928
rl4crn_rne_oscillator_trace_8rxn_stop_risksched085to09_lr1e4_entropy005_s4_c1_rnetol_d256_depth3_p20,seed246,246,212,21200,100,16,110.99034840854631,114.90993596238283,110.99034840854631,False,max_epochs,945.0680592060089
rl4crn_rne_oscillator_trace_8rxn_stop_risksched085to09_lr1e4_entropy005_s4_c1_rnetol_d256_depth3_p20,seed246,246,213,21300,100,16,110.81936383799614,114.75661840029545,110.81936383799614,False,max_epochs,950.4873793125153
rl4crn_rne_oscillator_trace_8rxn_stop_risksched085to09_lr1e4_entropy005_s4_c1_rnetol_d256_depth3_p20,seed246,246,214,21400,100,16,112.19359915436189,117.27314047209833,110.81936383799614,False,max_epochs,955.4819314479828
rl4crn_rne_oscillator_trace_8rxn_stop_risksched085to09_lr1e4_entropy005_s4_c1_rnetol_d256_depth3_p20,seed246,246,215,21500,100,16,111.8493221227491,116.342666825782,110.81936383799614,False,max_epochs,960.3864398002625
rl4crn_rne_oscillator_trace_8rxn_stop_risksched085to09_lr1e4_entropy005_s4_c1_rnetol_d256_depth3_p20,seed246,246,216,21600,100,16,111.60687052516768,114.58656886612701,110.81936383799614,False,max_epochs,965.0698807239532
rl4crn_rne_oscillator_trace_8rxn_stop_risksched085to09_lr1e4_entropy005_s4_c1_rnetol_d256_depth3_p20,seed246,246,217,21700,100,16,111.14274715631626,114.21483352342753,110.81936383799614,False,max_epochs,969.5332405567169
rl4crn_rne_oscillator_trace_8rxn_stop_risksched085to09_lr1e4_entropy005_s4_c1_rnetol_d256_depth3_p20,seed246,246,218,21800,100,16,111.12888164207855,114.72621139877899,110.81936383799614,False,max_epochs,971.8961617946625
rl4crn_rne_oscillator_trace_8rxn_stop_risksched085to09_lr1e4_entropy005_s4_c1_rnetol_d256_depth3_p20,seed246,246,219,21900,100,16,110.98289954652031,116.02199975226553,110.81936383799614,False,max_epochs,976.0444631576538
rl4crn_rne_oscillator_trace_8rxn_stop_risksched085to09_lr1e4_entropy005_s4_c1_rnetol_d256_depth3_p20,seed246,246,220,22000,100,16,111.27952204103785,114.02071638399347,110.81936383799614,False,max_epochs,980.9952781200409
rl4crn_rne_oscillator_trace_8rxn_stop_risksched085to09_lr1e4_entropy005_s4_c1_rnetol_d256_depth3_p20,seed246,246,221,22100,100,16,110.93464294591077,113.94460591670284,110.81936383799614,False,max_epochs,986.3683137893677
rl4crn_rne_oscillator_trace_8rxn_stop_risksched085to09_lr1e4_entropy005_s4_c1_rnetol_d256_depth3_p20,seed246,246,222,22200,100,16,111.19728752618396,115.07319330628414,110.81936383799614,False,max_epochs,991.3150515556335
rl4crn_rne_oscillator_trace_8rxn_stop_risksched085to09_lr1e4_entropy005_s4_c1_rnetol_d256_depth3_p20,seed246,246,223,22300,100,16,111.10109929266847,114.73496415969328,110.81936383799614,False,max_epochs,996.7466058731079
rl4crn_rne_oscillator_trace_8rxn_stop_risksched085to09_lr1e4_entropy005_s4_c1_rnetol_d256_depth3_p20,seed246,246,224,22400,100,16,110.96816995141934,113.97551401589814,110.81936383799614,False,max_epochs,1001.6633348464966
rl4crn_rne_oscillator_trace_8rxn_stop_risksched085to09_lr1e4_entropy005_s4_c1_rnetol_d256_depth3_p20,seed246,246,225,22500,100,16,110.97243691079053,113.83704261925487,110.81936383799614,False,max_epochs,1006.6235797405243
rl4crn_rne_oscillator_trace_8rxn_stop_risksched085to09_lr1e4_entropy005_s4_c1_rnetol_d256_depth3_p20,seed246,246,226,22600,100,16,111.06716130397983,113.46108356806113,110.81936383799614,False,max_epochs,1011.7721283435822
rl4crn_rne_oscillator_trace_8rxn_stop_risksched085to09_lr1e4_entropy005_s4_c1_rnetol_d256_depth3_p20,seed246,246,227,22700,100,16,111.04714488869973,114.08855328084863,110.81936383799614,False,max_epochs,1016.8039257526398
rl4crn_rne_oscillator_trace_8rxn_stop_risksched085to09_lr1e4_entropy005_s4_c1_rnetol_d256_depth3_p20,seed246,246,228,22800,100,16,110.89672598316884,114.10762855052266,110.81936383799614,False,max_epochs,1021.392459154129
rl4crn_rne_oscillator_trace_8rxn_stop_risksched085to09_lr1e4_entropy005_s4_c1_rnetol_d256_depth3_p20,seed246,246,229,22900,100,16,111.0065147193053,113.33100049024023,110.81936383799614,False,max_epochs,1025.9539239406586
rl4crn_rne_oscillator_trace_8rxn_stop_risksched085to09_lr1e4_entropy005_s4_c1_rnetol_d256_depth3_p20,seed246,246,230,23000,100,16,111.46983779596022,115.60770606897299,110.81936383799614,False,max_epochs,1030.6342120170593
rl4crn_rne_oscillator_trace_8rxn_stop_risksched085to09_lr1e4_entropy005_s4_c1_rnetol_d256_depth3_p20,seed246,246,231,23100,100,16,112.04449161454224,114.24905163788299,110.81936383799614,False,max_epochs,1032.7256090641022
rl4crn_rne_oscillator_trace_8rxn_stop_risksched085to09_lr1e4_entropy005_s4_c1_rnetol_d256_depth3_p20,seed246,246,232,23200,100,16,111.21723940347123,114.60977898441149,110.81936383799614,False,max_epochs,1037.1250267028809
rl4crn_rne_oscillator_trace_8rxn_stop_risksched085to09_lr1e4_entropy005_s4_c1_rnetol_d256_depth3_p20,seed246,246,233,23300,100,16,111.02326159460739,113.60536085607666,110.81936383799614,False,max_epochs,1042.1050748825073
rl4crn_rne_oscillator_trace_8rxn_stop_risksched085to09_lr1e4_entropy005_s4_c1_rnetol_d256_depth3_p20,seed246,246,234,23400,100,16,110.9143938363743,115.60870618917195,110.81936383799614,False,max_epochs,1047.0810754299164
rl4crn_rne_oscillator_trace_8rxn_stop_risksched085to09_lr1e4_entropy005_s4_c1_rnetol_d256_depth3_p20,seed246,246,235,23500,100,16,110.99356253256693,113.48453266800077,110.81936383799614,False,max_epochs,1051.7767486572266
rl4crn_rne_oscillator_trace_8rxn_stop_risksched085to09_lr1e4_entropy005_s4_c1_rnetol_d256_depth3_p20,seed246,246,236,23600,100,16,111.09247667556798,113.82084134257374,110.81936383799614,False,max_epochs,1056.9117980003357
rl4crn_rne_oscillator_trace_8rxn_stop_risksched085to09_lr1e4_entropy005_s4_c1_rnetol_d256_depth3_p20,seed246,246,237,23700,100,16,111.64648170119084,113.66571757094083,110.81936383799614,False,max_epochs,1061.6909110546112
rl4crn_rne_oscillator_trace_8rxn_stop_risksched085to09_lr1e4_entropy005_s4_c1_rnetol_d256_depth3_p20,seed246,246,238,23800,100,16,111.08521376518121,113.78603180911469,110.81936383799614,False,max_epochs,1066.1607038974762
rl4crn_rne_oscillator_trace_8rxn_stop_risksched085to09_lr1e4_entropy005_s4_c1_rnetol_d256_depth3_p20,seed246,246,239,23900,100,16,111.10706289866627,113.8824519430747,110.81936383799614,False,max_epochs,1070.768615245819
rl4crn_rne_oscillator_trace_8rxn_stop_risksched085to09_lr1e4_entropy005_s4_c1_rnetol_d256_depth3_p20,seed246,246,240,24000,100,16,110.88853037544752,115.18623580718216,110.81936383799614,False,max_epochs,1073.1765999794006
rl4crn_rne_oscillator_trace_8rxn_stop_risksched085to09_lr1e4_entropy005_s4_c1_rnetol_d256_depth3_p20,seed246,246,241,24100,100,16,111.0793427891908,114.15216592750498,110.81936383799614,False,max_epochs,1077.5204520225525
rl4crn_rne_oscillator_trace_8rxn_stop_risksched085to09_lr1e4_entropy005_s4_c1_rnetol_d256_depth3_p20,seed246,246,242,24200,100,16,111.50473343624715,115.13818114341223,110.81936383799614,False,max_epochs,1082.261706829071
rl4crn_rne_oscillator_trace_8rxn_stop_risksched085to09_lr1e4_entropy005_s4_c1_rnetol_d256_depth3_p20,seed246,246,243,24300,100,16,111.16211836902328,113.59749954119323,110.81936383799614,False,max_epochs,1087.251859664917
rl4crn_rne_oscillator_trace_8rxn_stop_risksched085to09_lr1e4_entropy005_s4_c1_rnetol_d256_depth3_p20,seed246,246,244,24400,100,16,111.11272790240864,113.95803739511224,110.81936383799614,False,max_epochs,1092.3883845806122
rl4crn_rne_oscillator_trace_8rxn_stop_risksched085to09_lr1e4_entropy005_s4_c1_rnetol_d256_depth3_p20,seed246,246,245,24500,100,16,110.91837643060269,114.16594883927763,110.81936383799614,False,max_epochs,1096.8970336914062
rl4crn_rne_oscillator_trace_8rxn_stop_risksched085to09_lr1e4_entropy005_s4_c1_rnetol_d256_depth3_p20,seed246,246,246,24600,100,16,111.13689199618493,113.55814226648914,110.81936383799614,False,max_epochs,1101.3373217582703
rl4crn_rne_oscillator_trace_8rxn_stop_risksched085to09_lr1e4_entropy005_s4_c1_rnetol_d256_depth3_p20,seed246,246,247,24700,100,16,111.30164212185734,114.03693862131712,110.81936383799614,False,max_epochs,1104.0302395820618
rl4crn_rne_oscillator_trace_8rxn_stop_risksched085to09_lr1e4_entropy005_s4_c1_rnetol_d256_depth3_p20,seed246,246,248,24800,100,16,111.19211627099213,113.35487082494973,110.81936383799614,False,max_epochs,1108.2814266681671
rl4crn_rne_oscillator_trace_8rxn_stop_risksched085to09_lr1e4_entropy005_s4_c1_rnetol_d256_depth3_p20,seed246,246,249,24900,100,16,110.95082503561522,113.90242049508939,110.81936383799614,False,max_epochs,1112.7697942256927
rl4crn_rne_oscillator_trace_8rxn_stop_risksched085to09_lr1e4_entropy005_s4_c1_rnetol_d256_depth3_p20,seed246,246,250,25000,100,16,111.58770377878561,114.29136611974522,110.81936383799614,False,max_epochs,1118.3000621795654
rl4crn_rne_oscillator_trace_8rxn_stop_risksched085to09_lr1e4_entropy005_s4_c1_rnetol_d256_depth3_p20,seed246,246,251,25100,100,16,111.31600739558418,114.09465540166917,110.81936383799614,False,max_epochs,1123.020583152771
rl4crn_rne_oscillator_trace_8rxn_stop_risksched085to09_lr1e4_entropy005_s4_c1_rnetol_d256_depth3_p20,seed246,246,252,25200,100,16,111.02863268850379,113.97791692260805,110.81936383799614,False,max_epochs,1127.4323179721832
rl4crn_rne_oscillator_trace_8rxn_stop_risksched085to09_lr1e4_entropy005_s4_c1_rnetol_d256_depth3_p20,seed246,246,253,25300,100,16,110.99306071894745,113.38259960431276,110.81936383799614,False,max_epochs,1132.1100935935974
rl4crn_rne_oscillator_trace_8rxn_stop_risksched085to09_lr1e4_entropy005_s4_c1_rnetol_d256_depth3_p20,seed246,246,254,25400,100,16,111.05558221242634,113.61854390308108,110.81936383799614,False,max_epochs,1134.3216586112976
rl4crn_rne_oscillator_trace_8rxn_stop_risksched085to09_lr1e4_entropy005_s4_c1_rnetol_d256_depth3_p20,seed246,246,255,25500,100,16,111.03266645850991,114.02125559276718,110.81936383799614,False,max_epochs,1138.4375157356262
rl4crn_rne_oscillator_trace_8rxn_stop_risksched085to09_lr1e4_entropy005_s4_c1_rnetol_d256_depth3_p20,seed246,246,256,25600,100,16,111.28993935031296,113.8875759475388,110.81936383799614,False,max_epochs,1143.3051099777222
rl4crn_rne_oscillator_trace_8rxn_stop_risksched085to09_lr1e4_entropy005_s4_c1_rnetol_d256_depth3_p20,seed246,246,257,25700,100,16,110.98155255944616,114.4564015689233,110.81936383799614,False,max_epochs,1148.0359227657318
rl4crn_rne_oscillator_trace_8rxn_stop_risksched085to09_lr1e4_entropy005_s4_c1_rnetol_d256_depth3_p20,seed246,246,258,25800,100,16,110.98723142850699,113.38454137405301,110.81936383799614,False,max_epochs,1154.0657589435577
rl4crn_rne_oscillator_trace_8rxn_stop_risksched085to09_lr1e4_entropy005_s4_c1_rnetol_d256_depth3_p20,seed246,246,259,25900,100,16,111.11540266533808,113.94856906250993,110.81936383799614,False,max_epochs,1157.8512399196625
rl4crn_rne_oscillator_trace_8rxn_stop_risksched085to09_lr1e4_entropy005_s4_c1_rnetol_d256_depth3_p20,seed246,246,260,26000,100,16,110.9218702273454,113.71271300393138,110.81936383799614,False,max_epochs,1162.9277279376984
rl4crn_rne_oscillator_trace_8rxn_stop_risksched085to09_lr1e4_entropy005_s4_c1_rnetol_d256_depth3_p20,seed246,246,261,26100,100,16,111.10024743163173,112.76712429511078,110.81936383799614,False,max_epochs,1167.7016990184784
rl4crn_rne_oscillator_trace_8rxn_stop_risksched085to09_lr1e4_entropy005_s4_c1_rnetol_d256_depth3_p20,seed246,246,262,26200,100,16,111.17529994682522,112.76817633094075,110.81936383799614,False,max_epochs,1174.1106498241425
rl4crn_rne_oscillator_trace_8rxn_stop_risksched085to09_lr1e4_entropy005_s4_c1_rnetol_d256_depth3_p20,seed246,246,263,26300,100,16,111.1603084831394,113.86323647303362,110.81936383799614,False,max_epochs,1180.2818806171417
rl4crn_rne_oscillator_trace_8rxn_stop_risksched085to09_lr1e4_entropy005_s4_c1_rnetol_d256_depth3_p20,seed246,246,264,26400,100,16,111.11113222941789,113.67579026999869,110.81936383799614,False,max_epochs,1184.6734130382538
rl4crn_rne_oscillator_trace_8rxn_stop_risksched085to09_lr1e4_entropy005_s4_c1_rnetol_d256_depth3_p20,seed246,246,265,26500,100,16,111.39072262933425,113.03906212005572,110.81936383799614,False,max_epochs,1190.9364295005798
rl4crn_rne_oscillator_trace_8rxn_stop_risksched085to09_lr1e4_entropy005_s4_c1_rnetol_d256_depth3_p20,seed246,246,266,26600,100,16,111.12645409771642,113.617838086023,110.81936383799614,False,max_epochs,1196.6437029838562
rl4crn_rne_oscillator_trace_8rxn_stop_risksched085to09_lr1e4_entropy005_s4_c1_rnetol_d256_depth3_p20,seed246,246,267,26700,100,16,111.00484871374582,113.94604224299053,110.81936383799614,False,max_epochs,1201.0854198932648
rl4crn_rne_oscillator_trace_8rxn_stop_risksched085to09_lr1e4_entropy005_s4_c1_rnetol_d256_depth3_p20,seed246,246,268,26800,100,16,111.07026730938827,113.08778723147844,110.81936383799614,False,max_epochs,1206.311329126358
rl4crn_rne_oscillator_trace_8rxn_stop_risksched085to09_lr1e4_entropy005_s4_c1_rnetol_d256_depth3_p20,seed246,246,269,26900,100,16,111.14670958366585,114.42718484053194,110.81936383799614,False,max_epochs,1210.859914779663
rl4crn_rne_oscillator_trace_8rxn_stop_risksched085to09_lr1e4_entropy005_s4_c1_rnetol_d256_depth3_p20,seed246,246,270,27000,100,16,110.99415852378863,112.82375377329933,110.81936383799614,False,max_epochs,1215.4824531078339
rl4crn_rne_oscillator_trace_8rxn_stop_risksched085to09_lr1e4_entropy005_s4_c1_rnetol_d256_depth3_p20,seed246,246,271,27100,100,16,111.25671750892968,113.56104768901432,110.81936383799614,False,max_epochs,1221.1793086528778
rl4crn_rne_oscillator_trace_8rxn_stop_risksched085to09_lr1e4_entropy005_s4_c1_rnetol_d256_depth3_p20,seed246,246,272,27200,100,16,111.05616562013626,113.92195789463209,110.81936383799614,False,max_epochs,1227.4402890205383
rl4crn_rne_oscillator_trace_8rxn_stop_risksched085to09_lr1e4_entropy005_s4_c1_rnetol_d256_depth3_p20,seed246,246,273,27300,100,16,111.10670039857612,113.76308309541838,110.81936383799614,False,max_epochs,1232.4625263214111
rl4crn_rne_oscillator_trace_8rxn_stop_risksched085to09_lr1e4_entropy005_s4_c1_rnetol_d256_depth3_p20,seed246,246,274,27400,100,16,110.94447313936207,113.52228892168031,110.81936383799614,False,max_epochs,1236.929172039032
rl4crn_rne_oscillator_trace_8rxn_stop_risksched085to09_lr1e4_entropy005_s4_c1_rnetol_d256_depth3_p20,seed246,246,275,27500,100,16,111.05299765896233,112.74245747097376,110.81936383799614,False,max_epochs,1241.3286561965942
rl4crn_rne_oscillator_trace_8rxn_stop_risksched085to09_lr1e4_entropy005_s4_c1_rnetol_d256_depth3_p20,seed246,246,276,27600,100,16,111.3179508809979,113.32663071437835,110.81936383799614,False,max_epochs,1246.8730318546295
rl4crn_rne_oscillator_trace_8rxn_stop_risksched085to09_lr1e4_entropy005_s4_c1_rnetol_d256_depth3_p20,seed246,246,277,27700,100,16,110.86061422495884,112.99253988265099,110.81936383799614,False,max_epochs,1251.6403303146362
rl4crn_rne_oscillator_trace_8rxn_stop_risksched085to09_lr1e4_entropy005_s4_c1_rnetol_d256_depth3_p20,seed246,246,278,27800,100,16,111.11451808075483,113.03236474198837,110.81936383799614,False,max_epochs,1255.9672636985779
rl4crn_rne_oscillator_trace_8rxn_stop_risksched085to09_lr1e4_entropy005_s4_c1_rnetol_d256_depth3_p20,seed246,246,279,27900,100,16,111.17502246119102,112.75134968243151,110.81936383799614,False,max_epochs,1260.9751040935516
rl4crn_rne_oscillator_trace_8rxn_stop_risksched085to09_lr1e4_entropy005_s4_c1_rnetol_d256_depth3_p20,seed246,246,280,28000,100,16,110.99144191076208,113.39950611183974,110.81936383799614,False,max_epochs,1264.9680631160736
rl4crn_rne_oscillator_trace_8rxn_stop_risksched085to09_lr1e4_entropy005_s4_c1_rnetol_d256_depth3_p20,seed246,246,281,28100,100,16,111.05930645467768,112.33994394804483,110.81936383799614,False,max_epochs,1270.506944179535
rl4crn_rne_oscillator_trace_8rxn_stop_risksched085to09_lr1e4_entropy005_s4_c1_rnetol_d256_depth3_p20,seed246,246,282,28200,100,16,110.93312796855903,112.47804736680604,110.81936383799614,False,max_epochs,1275.5275883674622
rl4crn_rne_oscillator_trace_8rxn_stop_risksched085to09_lr1e4_entropy005_s4_c1_rnetol_d256_depth3_p20,seed246,246,283,28300,100,16,110.82542463065309,112.30288206448566,110.81936383799614,False,max_epochs,1280.1536102294922
rl4crn_rne_oscillator_trace_8rxn_stop_risksched085to09_lr1e4_entropy005_s4_c1_rnetol_d256_depth3_p20,seed246,246,284,28400,100,16,110.90093054917553,112.37244121954603,110.81936383799614,False,max_epochs,1283.0837125778198
rl4crn_rne_oscillator_trace_8rxn_stop_risksched085to09_lr1e4_entropy005_s4_c1_rnetol_d256_depth3_p20,seed246,246,285,28500,100,16,110.93889741196182,113.4432918718563,110.81936383799614,False,max_epochs,1287.7215294837952
rl4crn_rne_oscillator_trace_8rxn_stop_risksched085to09_lr1e4_entropy005_s4_c1_rnetol_d256_depth3_p20,seed246,246,286,28600,100,16,111.18881910056263,113.66633837969425,110.81936383799614,False,max_epochs,1293.554939508438
rl4crn_rne_oscillator_trace_8rxn_stop_risksched085to09_lr1e4_entropy005_s4_c1_rnetol_d256_depth3_p20,seed246,246,287,28700,100,16,111.04861249840631,112.56080872128081,110.81936383799614,False,max_epochs,1297.9833302497864
rl4crn_rne_oscillator_trace_8rxn_stop_risksched085to09_lr1e4_entropy005_s4_c1_rnetol_d256_depth3_p20,seed246,246,288,28800,100,16,111.43161481695168,113.15280292842036,110.81936383799614,False,max_epochs,1302.8031632900238
rl4crn_rne_oscillator_trace_8rxn_stop_risksched085to09_lr1e4_entropy005_s4_c1_rnetol_d256_depth3_p20,seed246,246,289,28900,100,16,110.93751901170853,112.9153353783854,110.81936383799614,False,max_epochs,1307.6566483974457
rl4crn_rne_oscillator_trace_8rxn_stop_risksched085to09_lr1e4_entropy005_s4_c1_rnetol_d256_depth3_p20,seed246,246,290,29000,100,16,111.03288080414006,112.9555574445624,110.81936383799614,False,max_epochs,1312.8584115505219
rl4crn_rne_oscillator_trace_8rxn_stop_risksched085to09_lr1e4_entropy005_s4_c1_rnetol_d256_depth3_p20,seed246,246,291,29100,100,16,111.11456410878364,113.75451830094703,110.81936383799614,False,max_epochs,1319.0391972064972
rl4crn_rne_oscillator_trace_8rxn_stop_risksched085to09_lr1e4_entropy005_s4_c1_rnetol_d256_depth3_p20,seed246,246,292,29200,100,16,111.01877152686298,113.23005885280907,110.81936383799614,False,max_epochs,1325.0139808654785
rl4crn_rne_oscillator_trace_8rxn_stop_risksched085to09_lr1e4_entropy005_s4_c1_rnetol_d256_depth3_p20,seed246,246,293,29300,100,16,111.19482142490207,113.26532307653545,110.81936383799614,False,max_epochs,1329.5426959991455
rl4crn_rne_oscillator_trace_8rxn_stop_risksched085to09_lr1e4_entropy005_s4_c1_rnetol_d256_depth3_p20,seed246,246,294,29400,100,16,110.93819834231823,113.4110963183079,110.81936383799614,False,max_epochs,1333.7219305038452
rl4crn_rne_oscillator_trace_8rxn_stop_risksched085to09_lr1e4_entropy005_s4_c1_rnetol_d256_depth3_p20,seed246,246,295,29500,100,16,110.94749498561399,113.37856100116929,110.81936383799614,False,max_epochs,1336.8583266735077
rl4crn_rne_oscillator_trace_8rxn_stop_risksched085to09_lr1e4_entropy005_s4_c1_rnetol_d256_depth3_p20,seed246,246,296,29600,100,16,111.06970000846579,113.50630557746285,110.81936383799614,False,max_epochs,1342.8506934642792
rl4crn_rne_oscillator_trace_8rxn_stop_risksched085to09_lr1e4_entropy005_s4_c1_rnetol_d256_depth3_p20,seed246,246,297,29700,100,16,111.01787567705763,113.52177222033222,110.81936383799614,False,max_epochs,1346.7648572921753
rl4crn_rne_oscillator_trace_8rxn_stop_risksched085to09_lr1e4_entropy005_s4_c1_rnetol_d256_depth3_p20,seed246,246,298,29800,100,16,111.11410054639386,112.87666210405546,110.81936383799614,False,max_epochs,1351.882337808609
rl4crn_rne_oscillator_trace_8rxn_stop_risksched085to09_lr1e4_entropy005_s4_c1_rnetol_d256_depth3_p20,seed246,246,299,29900,100,16,111.4656124152805,113.72211764052958,110.81936383799614,False,max_epochs,1357.6532237529755
rl4crn_rne_oscillator_trace_8rxn_stop_risksched085to09_lr1e4_entropy005_s4_c1_rnetol_d256_depth3_p20,seed246,246,300,30000,100,16,111.12662535653054,112.28100609637784,110.81936383799614,False,max_epochs,1362.109192609787
rl4crn_rne_oscillator_trace_8rxn_stop_risksched085to09_lr1e4_entropy005_s4_c1_rnetol_d256_depth3_p20,seed246,246,301,30100,100,16,111.05240447604601,113.61795195354796,110.81936383799614,False,max_epochs,1364.9304020404816
rl4crn_rne_oscillator_trace_8rxn_stop_risksched085to09_lr1e4_entropy005_s4_c1_rnetol_d256_depth3_p20,seed246,246,302,30200,100,16,111.0359513088341,114.24242589071454,110.81936383799614,False,max_epochs,1370.7043569087982
rl4crn_rne_oscillator_trace_8rxn_stop_risksched085to09_lr1e4_entropy005_s4_c1_rnetol_d256_depth3_p20,seed246,246,303,30300,100,16,111.03202677013267,112.70926274131605,110.81936383799614,False,max_epochs,1377.1899509429932
rl4crn_rne_oscillator_trace_8rxn_stop_risksched085to09_lr1e4_entropy005_s4_c1_rnetol_d256_depth3_p20,seed246,246,304,30400,100,16,111.09714372230486,113.97371502067145,110.81936383799614,False,max_epochs,1381.506118774414
rl4crn_rne_oscillator_trace_8rxn_stop_risksched085to09_lr1e4_entropy005_s4_c1_rnetol_d256_depth3_p20,seed246,246,305,30500,100,16,111.46982679981383,113.66653068085667,110.81936383799614,False,max_epochs,1387.3706233501434
rl4crn_rne_oscillator_trace_8rxn_stop_risksched085to09_lr1e4_entropy005_s4_c1_rnetol_d256_depth3_p20,seed246,246,306,30600,100,16,111.23959487841104,113.33824621611913,110.81936383799614,False,max_epochs,1392.1330292224884
rl4crn_rne_oscillator_trace_8rxn_stop_risksched085to09_lr1e4_entropy005_s4_c1_rnetol_d256_depth3_p20,seed246,246,307,30700,100,16,110.836264721406,113.52474482248559,110.81936383799614,False,max_epochs,1396.8882400989532
rl4crn_rne_oscillator_trace_8rxn_stop_risksched085to09_lr1e4_entropy005_s4_c1_rnetol_d256_depth3_p20,seed246,246,308,30800,100,16,111.13094025111336,113.90213290380521,110.81936383799614,False,max_epochs,1402.712115764618
rl4crn_rne_oscillator_trace_8rxn_stop_risksched085to09_lr1e4_entropy005_s4_c1_rnetol_d256_depth3_p20,seed246,246,309,30900,100,16,110.97514380000598,114.32958109414264,110.81936383799614,False,max_epochs,1408.2979969978333
rl4crn_rne_oscillator_trace_8rxn_stop_risksched085to09_lr1e4_entropy005_s4_c1_rnetol_d256_depth3_p20,seed246,246,310,31000,100,16,111.06348784304888,112.86825525086122,110.81936383799614,False,max_epochs,1464.8207368850708
rl4crn_rne_oscillator_trace_8rxn_stop_risksched085to09_lr1e4_entropy005_s4_c1_rnetol_d256_depth3_p20,seed246,246,1,100,100,16,124.0807937952665,130.37989222390019,124.0807937952665,False,max_epochs,20.50908327102661
rl4crn_rne_oscillator_trace_8rxn_stop_risksched085to09_lr1e4_entropy005_s4_c1_rnetol_d256_depth3_p20,seed246,246,2,200,100,16,122.67971967092386,130.18866349707147,122.67971967092386,False,max_epochs,25.34349751472473
rl4crn_rne_oscillator_trace_8rxn_stop_risksched085to09_lr1e4_entropy005_s4_c1_rnetol_d256_depth3_p20,seed246,246,3,300,100,16,124.36454885764323,130.81745199144336,122.67971967092386,False,max_epochs,29.79539942741394
rl4crn_rne_oscillator_trace_8rxn_stop_risksched085to09_lr1e4_entropy005_s4_c1_rnetol_d256_depth3_p20,seed246,246,4,400,100,16,124.2024032780697,130.2622127640733,122.67971967092386,False,max_epochs,32.636274099349976
rl4crn_rne_oscillator_trace_8rxn_stop_risksched085to09_lr1e4_entropy005_s4_c1_rnetol_d256_depth3_p20,seed246,246,5,500,100,16,124.9275887189725,130.17498110855914,122.67971967092386,False,max_epochs,36.40389537811279
rl4crn_rne_oscillator_trace_8rxn_stop_risksched085to09_lr1e4_entropy005_s4_c1_rnetol_d256_depth3_p20,seed246,246,6,600,100,16,124.86945123205068,129.9169301043891,122.67971967092386,False,max_epochs,41.19716787338257
rl4crn_rne_oscillator_trace_8rxn_stop_risksched085to09_lr1e4_entropy005_s4_c1_rnetol_d256_depth3_p20,seed246,246,7,700,100,16,123.49950540052431,129.25443684886233,122.67971967092386,False,max_epochs,45.83886194229126
rl4crn_rne_oscillator_trace_8rxn_stop_risksched085to09_lr1e4_entropy005_s4_c1_rnetol_d256_depth3_p20,seed246,246,8,800,100,16,123.26054083387902,129.80517780244648,122.67971967092386,False,max_epochs,50.628504276275635
rl4crn_rne_oscillator_trace_8rxn_stop_risksched085to09_lr1e4_entropy005_s4_c1_rnetol_d256_depth3_p20,seed246,246,9,900,100,16,124.11801540374137,130.45413660882673,122.67971967092386,False,max_epochs,55.18006873130798
rl4crn_rne_oscillator_trace_8rxn_stop_risksched085to09_lr1e4_entropy005_s4_c1_rnetol_d256_depth3_p20,seed246,246,10,1000,100,16,122.64972485655122,130.10691701928744,122.64972485655122,False,max_epochs,59.7806715965271
rl4crn_rne_oscillator_trace_8rxn_stop_risksched085to09_lr1e4_entropy005_s4_c1_rnetol_d256_depth3_p20,seed246,246,11,1100,100,16,123.74237853044262,129.58702119444246,122.64972485655122,False,max_epochs,63.84201645851135
rl4crn_rne_oscillator_trace_8rxn_stop_risksched085to09_lr1e4_entropy005_s4_c1_rnetol_d256_depth3_p20,seed246,246,12,1200,100,16,124.38823895971656,130.35381338730275,122.64972485655122,False,max_epochs,66.32626867294312
rl4crn_rne_oscillator_trace_8rxn_stop_risksched085to09_lr1e4_entropy005_s4_c1_rnetol_d256_depth3_p20,seed246,246,13,1300,100,16,123.56169355105877,129.71826388237793,122.64972485655122,False,max_epochs,71.17042684555054
rl4crn_rne_oscillator_trace_8rxn_stop_risksched085to09_lr1e4_entropy005_s4_c1_rnetol_d256_depth3_p20,seed246,246,14,1400,100,16,124.3283634870202,129.5436111520835,122.64972485655122,False,max_epochs,76.1047887802124
rl4crn_rne_oscillator_trace_8rxn_stop_risksched085to09_lr1e4_entropy005_s4_c1_rnetol_d256_depth3_p20,seed246,246,15,1500,100,16,124.19944850485247,130.66343535142954,122.64972485655122,False,max_epochs,80.58103442192078
rl4crn_rne_oscillator_trace_8rxn_stop_risksched085to09_lr1e4_entropy005_s4_c1_rnetol_d256_depth3_p20,seed246,246,16,1600,100,16,123.66342669776452,130.00039884298158,122.64972485655122,False,max_epochs,85.20889353752136
rl4crn_rne_oscillator_trace_8rxn_stop_risksched085to09_lr1e4_entropy005_s4_c1_rnetol_d256_depth3_p20,seed246,246,17,1700,100,16,122.32824436853966,129.93696840141766,122.32824436853966,False,max_epochs,87.25321173667908
rl4crn_rne_oscillator_trace_8rxn_stop_risksched085to09_lr1e4_entropy005_s4_c1_rnetol_d256_depth3_p20,seed246,246,18,1800,100,16,123.67223862899097,131.32946209613493,122.32824436853966,False,max_epochs,91.56375026702881
rl4crn_rne_oscillator_trace_8rxn_stop_risksched085to09_lr1e4_entropy005_s4_c1_rnetol_d256_depth3_p20,seed246,246,19,1900,100,16,123.73083543477125,131.23919815310938,122.32824436853966,False,max_epochs,96.37689757347107
rl4crn_rne_oscillator_trace_8rxn_stop_risksched085to09_lr1e4_entropy005_s4_c1_rnetol_d256_depth3_p20,seed246,246,20,2000,100,16,122.54909849079814,128.73906867103722,122.32824436853966,False,max_epochs,101.72208833694458
rl4crn_rne_oscillator_trace_8rxn_stop_risksched085to09_lr1e4_entropy005_s4_c1_rnetol_d256_depth3_p20,seed246,246,21,2100,100,16,123.99862655067224,128.46555727538112,122.32824436853966,False,max_epochs,106.55799460411072
rl4crn_rne_oscillator_trace_8rxn_stop_risksched085to09_lr1e4_entropy005_s4_c1_rnetol_d256_depth3_p20,seed246,246,22,2200,100,16,123.30113532986553,128.835710567838,122.32824436853966,False,max_epochs,111.58092331886292
rl4crn_rne_oscillator_trace_8rxn_stop_risksched085to09_lr1e4_entropy005_s4_c1_rnetol_d256_depth3_p20,seed246,246,23,2300,100,16,121.99394671283511,128.498492430979,121.99394671283511,False,max_epochs,116.38164401054382
rl4crn_rne_oscillator_trace_8rxn_stop_risksched085to09_lr1e4_entropy005_s4_c1_rnetol_d256_depth3_p20,seed246,246,24,2400,100,16,123.64691641947657,127.41964348306036,121.99394671283511,False,max_epochs,120.89769983291626
rl4crn_rne_oscillator_trace_8rxn_stop_risksched085to09_lr1e4_entropy005_s4_c1_rnetol_d256_depth3_p20,seed246,246,25,2500,100,16,120.91190855526213,127.65796274291978,120.91190855526213,False,max_epochs,125.4287383556366
rl4crn_rne_oscillator_trace_8rxn_stop_risksched085to09_lr1e4_entropy005_s4_c1_rnetol_d256_depth3_p20,seed246,246,26,2600,100,16,122.26424813631479,127.46484578710059,120.91190855526213,False,max_epochs,127.90556216239929
rl4crn_rne_oscillator_trace_8rxn_stop_risksched085to09_lr1e4_entropy005_s4_c1_rnetol_d256_depth3_p20,seed246,246,27,2700,100,16,122.68146147747184,127.47875122847387,120.91190855526213,False,max_epochs,132.43965864181519
rl4crn_rne_oscillator_trace_8rxn_stop_risksched085to09_lr1e4_entropy005_s4_c1_rnetol_d256_depth3_p20,seed246,246,28,2800,100,16,121.85779924026035,126.09715297126559,120.91190855526213,False,max_epochs,137.3772702217102
rl4crn_rne_oscillator_trace_8rxn_stop_risksched085to09_lr1e4_entropy005_s4_c1_rnetol_d256_depth3_p20,seed246,246,29,2900,100,16,122.34719666743008,126.96441771734129,120.91190855526213,False,max_epochs,141.8566575050354
rl4crn_rne_oscillator_trace_8rxn_stop_risksched085to09_lr1e4_entropy005_s4_c1_rnetol_d256_depth3_p20,seed246,246,30,3000,100,16,121.96693440108712,127.94779899344095,120.91190855526213,False,max_epochs,146.392502784729
rl4crn_rne_oscillator_trace_8rxn_stop_risksched085to09_lr1e4_entropy005_s4_c1_rnetol_d256_depth3_p20,seed246,246,31,3100,100,16,121.56787939490825,125.63229409078579,120.91190855526213,False,max_epochs,150.22381615638733
rl4crn_rne_oscillator_trace_8rxn_stop_risksched085to09_lr1e4_entropy005_s4_c1_rnetol_d256_depth3_p20,seed246,246,32,3200,100,16,121.80033729937604,125.39245074036452,120.91190855526213,False,max_epochs,152.7987208366394
rl4crn_rne_oscillator_trace_8rxn_stop_risksched085to09_lr1e4_entropy005_s4_c1_rnetol_d256_depth3_p20,seed246,246,33,3300,100,16,120.58575771556485,126.17461073600904,120.58575771556485,False,max_epochs,157.69178700447083
rl4crn_rne_oscillator_trace_8rxn_stop_risksched085to09_lr1e4_entropy005_s4_c1_rnetol_d256_depth3_p20,seed246,246,34,3400,100,16,121.15681235017102,125.8449964890178,120.58575771556485,False,max_epochs,162.8159441947937
rl4crn_rne_oscillator_trace_8rxn_stop_risksched085to09_lr1e4_entropy005_s4_c1_rnetol_d256_depth3_p20,seed246,246,35,3500,100,16,121.06712390037879,125.21900016546309,120.58575771556485,False,max_epochs,167.7015974521637
rl4crn_rne_oscillator_trace_8rxn_stop_risksched085to09_lr1e4_entropy005_s4_c1_rnetol_d256_depth3_p20,seed246,246,36,3600,100,16,121.13708488070952,127.12593174823036,120.58575771556485,False,max_epochs,172.57625198364258
rl4crn_rne_oscillator_trace_8rxn_stop_risksched085to09_lr1e4_entropy005_s4_c1_rnetol_d256_depth3_p20,seed246,246,37,3700,100,16,120.88790535850396,126.49972151696474,120.58575771556485,False,max_epochs,176.84357047080994
rl4crn_rne_oscillator_trace_8rxn_stop_risksched085to09_lr1e4_entropy005_s4_c1_rnetol_d256_depth3_p20,seed246,246,38,3800,100,16,121.26263499914435,125.14491998024783,120.58575771556485,False,max_epochs,181.29064321517944
rl4crn_rne_oscillator_trace_8rxn_stop_risksched085to09_lr1e4_entropy005_s4_c1_rnetol_d256_depth3_p20,seed246,246,39,3900,100,16,120.74859177407984,124.41678120898801,120.58575771556485,False,max_epochs,185.62844371795654
rl4crn_rne_oscillator_trace_8rxn_stop_risksched085to09_lr1e4_entropy005_s4_c1_rnetol_d256_depth3_p20,seed246,246,40,4000,100,16,121.38120966659841,124.40861371373502,120.58575771556485,False,max_epochs,188.2040729522705
rl4crn_rne_oscillator_trace_8rxn_stop_risksched085to09_lr1e4_entropy005_s4_c1_rnetol_d256_depth3_p20,seed246,246,41,4100,100,16,121.06126559538423,124.60737934910372,120.58575771556485,False,max_epochs,192.75853896141052
rl4crn_rne_oscillator_trace_8rxn_stop_risksched085to09_lr1e4_entropy005_s4_c1_rnetol_d256_depth3_p20,seed246,246,42,4200,100,16,120.62930001965005,124.37391506838543,120.58575771556485,False,max_epochs,198.17556047439575
rl4crn_rne_oscillator_trace_8rxn_stop_risksched085to09_lr1e4_entropy005_s4_c1_rnetol_d256_depth3_p20,seed246,246,43,4300,100,16,120.87228544629166,128.6374132930753,120.58575771556485,False,max_epochs,203.0174081325531
rl4crn_rne_oscillator_trace_8rxn_stop_risksched085to09_lr1e4_entropy005_s4_c1_rnetol_d256_depth3_p20,seed246,246,44,4400,100,16,120.55458721246363,125.91147925077681,120.55458721246363,False,max_epochs,208.00628328323364
rl4crn_rne_oscillator_trace_8rxn_stop_risksched085to09_lr1e4_entropy005_s4_c1_rnetol_d256_depth3_p20,seed246,246,45,4500,100,16,120.40524264877058,128.50590612467738,120.40524264877058,False,max_epochs,213.0888636112213
rl4crn_rne_oscillator_trace_8rxn_stop_risksched085to09_lr1e4_entropy005_s4_c1_rnetol_d256_depth3_p20,seed246,246,46,4600,100,16,120.60014614943161,125.92210832583311,120.40524264877058,False,max_epochs,217.79883193969727
rl4crn_rne_oscillator_trace_8rxn_stop_risksched085to09_lr1e4_entropy005_s4_c1_rnetol_d256_depth3_p20,seed246,246,47,4700,100,16,120.82199823843442,124.65373459562184,120.40524264877058,False,max_epochs,222.26679491996765
rl4crn_rne_oscillator_trace_8rxn_stop_risksched085to09_lr1e4_entropy005_s4_c1_rnetol_d256_depth3_p20,seed246,246,48,4800,100,16,120.48202640322629,123.35061621443063,120.40524264877058,False,max_epochs,226.92044639587402
rl4crn_rne_oscillator_trace_8rxn_stop_risksched085to09_lr1e4_entropy005_s4_c1_rnetol_d256_depth3_p20,seed246,246,49,4900,100,16,120.25647236398405,123.81908846974379,120.25647236398405,False,max_epochs,228.992511510849
rl4crn_rne_oscillator_trace_8rxn_stop_risksched085to09_lr1e4_entropy005_s4_c1_rnetol_d256_depth3_p20,seed246,246,50,5000,100,16,120.28357179606583,123.45539573601617,120.25647236398405,False,max_epochs,233.7164056301117
rl4crn_rne_oscillator_trace_8rxn_stop_risksched085to09_lr1e4_entropy005_s4_c1_rnetol_d256_depth3_p20,seed246,246,51,5100,100,16,120.35319008317265,125.97151048623064,120.25647236398405,False,max_epochs,238.90907979011536
rl4crn_rne_oscillator_trace_8rxn_stop_risksched085to09_lr1e4_entropy005_s4_c1_rnetol_d256_depth3_p20,seed246,246,52,5200,100,16,120.32754519272507,126.36002000364904,120.25647236398405,False,max_epochs,243.8466875553131
rl4crn_rne_oscillator_trace_8rxn_stop_risksched085to09_lr1e4_entropy005_s4_c1_rnetol_d256_depth3_p20,seed246,246,53,5300,100,16,119.89444187112545,126.12202674662555,119.89444187112545,False,max_epochs,248.407488822937
rl4crn_rne_oscillator_trace_8rxn_stop_risksched085to09_lr1e4_entropy005_s4_c1_rnetol_d256_depth3_p20,seed246,246,54,5400,100,16,120.22773508880509,130.02182403042775,119.89444187112545,False,max_epochs,252.88700914382935
rl4crn_rne_oscillator_trace_8rxn_stop_risksched085to09_lr1e4_entropy005_s4_c1_rnetol_d256_depth3_p20,seed246,246,55,5500,100,16,120.54312264051327,130.59930176241164,119.89444187112545,False,max_epochs,257.22407722473145
rl4crn_rne_oscillator_trace_8rxn_stop_risksched085to09_lr1e4_entropy005_s4_c1_rnetol_d256_depth3_p20,seed246,246,56,5600,100,16,120.15113597279736,130.23980438191234,119.89444187112545,False,max_epochs,259.3151521682739
rl4crn_rne_oscillator_trace_8rxn_stop_risksched085to09_lr1e4_entropy005_s4_c1_rnetol_d256_depth3_p20,seed246,246,57,5700,100,16,120.41364283858584,123.8212309307548,119.89444187112545,False,max_epochs,264.26352977752686
rl4crn_rne_oscillator_trace_8rxn_stop_risksched085to09_lr1e4_entropy005_s4_c1_rnetol_d256_depth3_p20,seed246,246,58,5800,100,16,120.03215039203731,123.68003360818503,119.89444187112545,False,max_epochs,269.33497309684753
rl4crn_rne_oscillator_trace_8rxn_stop_risksched085to09_lr1e4_entropy005_s4_c1_rnetol_d256_depth3_p20,seed246,246,59,5900,100,16,120.08817082248494,123.98903583711387,119.89444187112545,False,max_epochs,274.2667980194092
rl4crn_rne_oscillator_trace_8rxn_stop_risksched085to09_lr1e4_entropy005_s4_c1_rnetol_d256_depth3_p20,seed246,246,60,6000,100,16,120.101555467177,126.05290799860849,119.89444187112545,False,max_epochs,278.62786507606506
rl4crn_rne_oscillator_trace_8rxn_stop_risksched085to09_lr1e4_entropy005_s4_c1_rnetol_d256_depth3_p20,seed246,246,61,6100,100,16,119.87218321381394,126.19865312788883,119.87218321381394,False,max_epochs,283.386305809021
rl4crn_rne_oscillator_trace_8rxn_stop_risksched085to09_lr1e4_entropy005_s4_c1_rnetol_d256_depth3_p20,seed246,246,62,6200,100,16,119.92018470188587,127.93236319805607,119.87218321381394,False,max_epochs,285.4319450855255
rl4crn_rne_oscillator_trace_8rxn_stop_risksched085to09_lr1e4_entropy005_s4_c1_rnetol_d256_depth3_p20,seed246,246,63,6300,100,16,119.49827940147263,128.6270869555056,119.49827940147263,False,max_epochs,290.141432762146
rl4crn_rne_oscillator_trace_8rxn_stop_risksched085to09_lr1e4_entropy005_s4_c1_rnetol_d256_depth3_p20,seed246,246,64,6400,100,16,119.68735013838821,124.92409436294753,119.49827940147263,False,max_epochs,295.19363045692444
rl4crn_rne_oscillator_trace_8rxn_stop_risksched085to09_lr1e4_entropy005_s4_c1_rnetol_d256_depth3_p20,seed246,246,65,6500,100,16,119.7931803839871,125.02529948989246,119.49827940147263,False,max_epochs,299.7877757549286
rl4crn_rne_oscillator_trace_8rxn_stop_risksched085to09_lr1e4_entropy005_s4_c1_rnetol_d256_depth3_p20,seed246,246,66,6600,100,16,118.96107305613216,126.16390221525657,118.96107305613216,False,max_epochs,304.60883808135986
rl4crn_rne_oscillator_trace_8rxn_stop_risksched085to09_lr1e4_entropy005_s4_c1_rnetol_d256_depth3_p20,seed246,246,67,6700,100,16,119.0685219672729,129.09912635068085,118.96107305613216,False,max_epochs,309.0445384979248
rl4crn_rne_oscillator_trace_8rxn_stop_risksched085to09_lr1e4_entropy005_s4_c1_rnetol_d256_depth3_p20,seed246,246,68,6800,100,16,118.93026914584371,128.3306517289418,118.93026914584371,False,max_epochs,313.34795212745667
rl4crn_rne_oscillator_trace_8rxn_stop_risksched085to09_lr1e4_entropy005_s4_c1_rnetol_d256_depth3_p20,seed246,246,69,6900,100,16,118.98896985293149,129.15092109861644,118.93026914584371,False,max_epochs,315.62326884269714
rl4crn_rne_oscillator_trace_8rxn_stop_risksched085to09_lr1e4_entropy005_s4_c1_rnetol_d256_depth3_p20,seed246,246,70,7000,100,16,118.62829136682086,125.20870522145069,118.62829136682086,False,max_epochs,320.66324186325073
rl4crn_rne_oscillator_trace_8rxn_stop_risksched085to09_lr1e4_entropy005_s4_c1_rnetol_d256_depth3_p20,seed246,246,71,7100,100,16,118.98289323144965,126.55362877338504,118.62829136682086,False,max_epochs,325.57916474342346
rl4crn_rne_oscillator_trace_8rxn_stop_risksched085to09_lr1e4_entropy005_s4_c1_rnetol_d256_depth3_p20,seed246,246,72,7200,100,16,118.13371371346439,127.14946616488382,118.13371371346439,False,max_epochs,330.77346682548523
rl4crn_rne_oscillator_trace_8rxn_stop_risksched085to09_lr1e4_entropy005_s4_c1_rnetol_d256_depth3_p20,seed246,246,73,7300,100,16,117.79878818748372,137.0234609635924,117.79878818748372,False,max_epochs,335.458370923996
rl4crn_rne_oscillator_trace_8rxn_stop_risksched085to09_lr1e4_entropy005_s4_c1_rnetol_d256_depth3_p20,seed246,246,74,7400,100,16,117.17845397370152,141.13610382135687,117.17845397370152,False,max_epochs,340.8697361946106
rl4crn_rne_oscillator_trace_8rxn_stop_risksched085to09_lr1e4_entropy005_s4_c1_rnetol_d256_depth3_p20,seed246,246,75,7500,100,16,118.71739761757075,141.6334847987062,117.17845397370152,False,max_epochs,345.70594549179077
rl4crn_rne_oscillator_trace_8rxn_stop_risksched085to09_lr1e4_entropy005_s4_c1_rnetol_d256_depth3_p20,seed246,246,76,7600,100,16,117.94405862302077,136.67693850280227,117.17845397370152,False,max_epochs,351.1208336353302
rl4crn_rne_oscillator_trace_8rxn_stop_risksched085to09_lr1e4_entropy005_s4_c1_rnetol_d256_depth3_p20,seed246,246,77,7700,100,16,119.45135441374363,137.80413156284325,117.17845397370152,False,max_epochs,356.10810470581055
rl4crn_rne_oscillator_trace_8rxn_stop_risksched085to09_lr1e4_entropy005_s4_c1_rnetol_d256_depth3_p20,seed246,246,78,7800,100,16,115.09432530211309,135.11326432078724,115.09432530211309,False,max_epochs,361.59009861946106
rl4crn_rne_oscillator_trace_8rxn_stop_risksched085to09_lr1e4_entropy005_s4_c1_rnetol_d256_depth3_p20,seed246,246,79,7900,100,16,118.26579818241613,129.56897028932673,115.09432530211309,False,max_epochs,366.3884177207947
rl4crn_rne_oscillator_trace_8rxn_stop_risksched085to09_lr1e4_entropy005_s4_c1_rnetol_d256_depth3_p20,seed246,246,80,8000,100,16,117.61744901987035,125.06333831294837,115.09432530211309,False,max_epochs,371.9396765232086
rl4crn_rne_oscillator_trace_8rxn_stop_risksched085to09_lr1e4_entropy005_s4_c1_rnetol_d256_depth3_p20,seed246,246,81,8100,100,16,118.0449643827116,125.19570143207693,115.09432530211309,False,max_epochs,376.7907521724701
rl4crn_rne_oscillator_trace_8rxn_stop_risksched085to09_lr1e4_entropy005_s4_c1_rnetol_d256_depth3_p20,seed246,246,82,8200,100,16,116.7712792942036,125.73607608930938,115.09432530211309,False,max_epochs,381.9019865989685
rl4crn_rne_oscillator_trace_8rxn_stop_risksched085to09_lr1e4_entropy005_s4_c1_rnetol_d256_depth3_p20,seed246,246,83,8300,100,16,116.96594687722785,125.20918985499829,115.09432530211309,False,max_epochs,386.77562737464905
rl4crn_rne_oscillator_trace_8rxn_stop_risksched085to09_lr1e4_entropy005_s4_c1_rnetol_d256_depth3_p20,seed246,246,84,8400,100,16,116.72212797824406,131.12180967463956,115.09432530211309,False,max_epochs,392.09862995147705
rl4crn_rne_oscillator_trace_8rxn_stop_risksched085to09_lr1e4_entropy005_s4_c1_rnetol_d256_depth3_p20,seed246,246,85,8500,100,16,115.74764434631194,131.45361048397194,115.09432530211309,False,max_epochs,397.0759196281433
rl4crn_rne_oscillator_trace_8rxn_stop_risksched085to09_lr1e4_entropy005_s4_c1_rnetol_d256_depth3_p20,seed246,246,86,8600,100,16,115.82030305499839,123.20520776579518,115.09432530211309,False,max_epochs,402.19967675209045
rl4crn_rne_oscillator_trace_8rxn_stop_risksched085to09_lr1e4_entropy005_s4_c1_rnetol_d256_depth3_p20,seed246,246,87,8700,100,16,116.2245358458289,122.89857390770493,115.09432530211309,False,max_epochs,407.0368564128876
rl4crn_rne_oscillator_trace_8rxn_stop_risksched085to09_lr1e4_entropy005_s4_c1_rnetol_d256_depth3_p20,seed246,246,88,8800,100,16,116.23843324042194,122.92870319289486,115.09432530211309,False,max_epochs,411.93445348739624
rl4crn_rne_oscillator_trace_8rxn_stop_risksched085to09_lr1e4_entropy005_s4_c1_rnetol_d256_depth3_p20,seed246,246,89,8900,100,16,115.0193352356636,123.61450763790472,115.0193352356636,False,max_epochs,416.41162848472595
rl4crn_rne_oscillator_trace_8rxn_stop_risksched085to09_lr1e4_entropy005_s4_c1_rnetol_d256_depth3_p20,seed246,246,90,9000,100,16,115.22679509596601,123.17658149650286,115.0193352356636,False,max_epochs,421.07324266433716
rl4crn_rne_oscillator_trace_8rxn_stop_risksched085to09_lr1e4_entropy005_s4_c1_rnetol_d256_depth3_p20,seed246,246,91,9100,100,16,114.26069034747937,126.58312989500126,114.26069034747937,False,max_epochs,423.0393271446228
rl4crn_rne_oscillator_trace_8rxn_stop_risksched085to09_lr1e4_entropy005_s4_c1_rnetol_d256_depth3_p20,seed246,246,92,9200,100,16,113.25011073586954,129.5850284209622,113.25011073586954,False,max_epochs,428.0249614715576
rl4crn_rne_oscillator_trace_8rxn_stop_risksched085to09_lr1e4_entropy005_s4_c1_rnetol_d256_depth3_p20,seed246,246,93,9300,100,16,114.79401364376643,135.01454829162094,113.25011073586954,False,max_epochs,432.73946022987366
rl4crn_rne_oscillator_trace_8rxn_stop_risksched085to09_lr1e4_entropy005_s4_c1_rnetol_d256_depth3_p20,seed246,246,94,9400,100,16,114.18534055551989,135.78578084625968,113.25011073586954,False,max_epochs,437.7017126083374
rl4crn_rne_oscillator_trace_8rxn_stop_risksched085to09_lr1e4_entropy005_s4_c1_rnetol_d256_depth3_p20,seed246,246,95,9500,100,16,113.58955749616054,133.32002176138883,113.25011073586954,False,max_epochs,442.4945185184479
rl4crn_rne_oscillator_trace_8rxn_stop_risksched085to09_lr1e4_entropy005_s4_c1_rnetol_d256_depth3_p20,seed246,246,96,9600,100,16,114.74000635442775,134.20348908192943,113.25011073586954,False,max_epochs,447.6071684360504
rl4crn_rne_oscillator_trace_8rxn_stop_risksched085to09_lr1e4_entropy005_s4_c1_rnetol_d256_depth3_p20,seed246,246,97,9700,100,16,113.69084688998858,130.84845718379307,113.25011073586954,False,max_epochs,452.2667381763458
rl4crn_rne_oscillator_trace_8rxn_stop_risksched085to09_lr1e4_entropy005_s4_c1_rnetol_d256_depth3_p20,seed246,246,98,9800,100,16,114.32308915863614,134.31165535923162,113.25011073586954,False,max_epochs,456.88358306884766
rl4crn_rne_oscillator_trace_8rxn_stop_risksched085to09_lr1e4_entropy005_s4_c1_rnetol_d256_depth3_p20,seed246,246,99,9900,100,16,114.51812349703235,132.5374647794454,113.25011073586954,False,max_epochs,460.6962082386017
rl4crn_rne_oscillator_trace_8rxn_stop_risksched085to09_lr1e4_entropy005_s4_c1_rnetol_d256_depth3_p20,seed246,246,100,10000,100,16,111.83117414283244,133.4612022746649,111.83117414283244,False,max_epochs,463.88699412345886
rl4crn_rne_oscillator_trace_8rxn_stop_risksched085to09_lr1e4_entropy005_s4_c1_rnetol_d256_depth3_p20,seed246,246,101,10100,100,16,114.77915923907231,135.53471883696295,111.83117414283244,False,max_epochs,468.3020992279053
rl4crn_rne_oscillator_trace_8rxn_stop_risksched085to09_lr1e4_entropy005_s4_c1_rnetol_d256_depth3_p20,seed246,246,102,10200,100,16,114.14946335536007,133.59828494629375,111.83117414283244,False,max_epochs,473.4003167152405
rl4crn_rne_oscillator_trace_8rxn_stop_risksched085to09_lr1e4_entropy005_s4_c1_rnetol_d256_depth3_p20,seed246,246,103,10300,100,16,113.16501480731004,130.21411129183588,111.83117414283244,False,max_epochs,477.8121500015259
rl4crn_rne_oscillator_trace_8rxn_stop_risksched085to09_lr1e4_entropy005_s4_c1_rnetol_d256_depth3_p20,seed246,246,104,10400,100,16,113.11037702283102,127.5162576411169,111.83117414283244,False,max_epochs,482.5256335735321
rl4crn_rne_oscillator_trace_8rxn_stop_risksched085to09_lr1e4_entropy005_s4_c1_rnetol_d256_depth3_p20,seed246,246,105,10500,100,16,113.34396835710457,128.84256331055576,111.83117414283244,False,max_epochs,485.9366912841797
rl4crn_rne_oscillator_trace_8rxn_stop_risksched085to09_lr1e4_entropy005_s4_c1_rnetol_d256_depth3_p20,seed246,246,106,10600,100,16,114.13419680702769,133.9946161215484,111.83117414283244,False,max_epochs,488.929892539978
rl4crn_rne_oscillator_trace_8rxn_stop_risksched085to09_lr1e4_entropy005_s4_c1_rnetol_d256_depth3_p20,seed246,246,107,10700,100,16,112.59104992495014,127.13140718030974,111.83117414283244,False,max_epochs,493.892874956131
rl4crn_rne_oscillator_trace_8rxn_stop_risksched085to09_lr1e4_entropy005_s4_c1_rnetol_d256_depth3_p20,seed246,246,108,10800,100,16,112.10559310814334,129.89031228891344,111.83117414283244,False,max_epochs,499.33104848861694
rl4crn_rne_oscillator_trace_8rxn_stop_risksched085to09_lr1e4_entropy005_s4_c1_rnetol_d256_depth3_p20,seed246,246,109,10900,100,16,114.5259239259729,131.68797336776043,111.83117414283244,False,max_epochs,504.25736379623413
rl4crn_rne_oscillator_trace_8rxn_stop_risksched085to09_lr1e4_entropy005_s4_c1_rnetol_d256_depth3_p20,seed246,246,110,11000,100,16,114.08441434213705,127.10060259435292,111.83117414283244,False,max_epochs,508.9275963306427
rl4crn_rne_oscillator_trace_8rxn_stop_risksched085to09_lr1e4_entropy005_s4_c1_rnetol_d256_depth3_p20,seed246,246,111,11100,100,16,112.8857332560189,129.81093547503397,111.83117414283244,False,max_epochs,514.0188465118408
rl4crn_rne_oscillator_trace_8rxn_stop_risksched085to09_lr1e4_entropy005_s4_c1_rnetol_d256_depth3_p20,seed246,246,112,11200,100,16,111.30089313315985,124.62612772676297,111.30089313315985,False,max_epochs,518.2731864452362
rl4crn_rne_oscillator_trace_8rxn_stop_risksched085to09_lr1e4_entropy005_s4_c1_rnetol_d256_depth3_p20,seed246,246,113,11300,100,16,111.31839344947507,124.35862594177821,111.30089313315985,False,max_epochs,522.9547154903412
rl4crn_rne_oscillator_trace_8rxn_stop_risksched085to09_lr1e4_entropy005_s4_c1_rnetol_d256_depth3_p20,seed246,246,114,11400,100,16,111.989766133616,124.36715799278709,111.30089313315985,False,max_epochs,525.3204329013824
rl4crn_rne_oscillator_trace_8rxn_stop_risksched085to09_lr1e4_entropy005_s4_c1_rnetol_d256_depth3_p20,seed246,246,115,11500,100,16,111.40857298290598,123.74084191221382,111.30089313315985,False,max_epochs,529.8334443569183
rl4crn_rne_oscillator_trace_8rxn_stop_risksched085to09_lr1e4_entropy005_s4_c1_rnetol_d256_depth3_p20,seed246,246,116,11600,100,16,112.88289804998738,127.23180325998,111.30089313315985,False,max_epochs,534.8869986534119
rl4crn_rne_oscillator_trace_8rxn_stop_risksched085to09_lr1e4_entropy005_s4_c1_rnetol_d256_depth3_p20,seed246,246,117,11700,100,16,111.96622469026275,122.2363848761718,111.30089313315985,False,max_epochs,539.661119222641
rl4crn_rne_oscillator_trace_8rxn_stop_risksched085to09_lr1e4_entropy005_s4_c1_rnetol_d256_depth3_p20,seed246,246,118,11800,100,16,111.52470936706865,124.0908443474556,111.30089313315985,False,max_epochs,544.6799540519714
rl4crn_rne_oscillator_trace_8rxn_stop_risksched085to09_lr1e4_entropy005_s4_c1_rnetol_d256_depth3_p20,seed246,246,119,11900,100,16,111.5252842061533,122.20322972461483,111.30089313315985,False,max_epochs,549.7095019817352
rl4crn_rne_oscillator_trace_8rxn_stop_risksched085to09_lr1e4_entropy005_s4_c1_rnetol_d256_depth3_p20,seed246,246,120,12000,100,16,111.24236028640622,123.88005288967797,111.24236028640622,False,max_epochs,554.2690675258636
rl4crn_rne_oscillator_trace_8rxn_stop_risksched085to09_lr1e4_entropy005_s4_c1_rnetol_d256_depth3_p20,seed246,246,121,12100,100,16,113.1603483011251,127.03215840391059,111.24236028640622,False,max_epochs,558.9730126857758
rl4crn_rne_oscillator_trace_8rxn_stop_risksched085to09_lr1e4_entropy005_s4_c1_rnetol_d256_depth3_p20,seed246,246,122,12200,100,16,112.69563318940361,129.31052461855768,111.24236028640622,False,max_epochs,562.8098776340485
rl4crn_rne_oscillator_trace_8rxn_stop_risksched085to09_lr1e4_entropy005_s4_c1_rnetol_d256_depth3_p20,seed246,246,123,12300,100,16,111.27886664950277,125.7173780166417,111.24236028640622,False,max_epochs,565.7233603000641
rl4crn_rne_oscillator_trace_8rxn_stop_risksched085to09_lr1e4_entropy005_s4_c1_rnetol_d256_depth3_p20,seed246,246,124,12400,100,16,111.74808896532043,128.2387515040718,111.24236028640622,False,max_epochs,570.2888612747192
rl4crn_rne_oscillator_trace_8rxn_stop_risksched085to09_lr1e4_entropy005_s4_c1_rnetol_d256_depth3_p20,seed246,246,125,12500,100,16,111.97166060578353,121.88213487119218,111.24236028640622,False,max_epochs,575.2759244441986
rl4crn_rne_oscillator_trace_8rxn_stop_risksched085to09_lr1e4_entropy005_s4_c1_rnetol_d256_depth3_p20,seed246,246,126,12600,100,16,111.216879614021,122.45400455836457,111.216879614021,False,max_epochs,580.0687539577484
rl4crn_rne_oscillator_trace_8rxn_stop_risksched085to09_lr1e4_entropy005_s4_c1_rnetol_d256_depth3_p20,seed246,246,127,12700,100,16,111.5764505183671,120.83421994316359,111.216879614021,False,max_epochs,584.5572690963745
rl4crn_rne_oscillator_trace_8rxn_stop_risksched085to09_lr1e4_entropy005_s4_c1_rnetol_d256_depth3_p20,seed246,246,128,12800,100,16,111.69617010130878,121.10771691129267,111.216879614021,False,max_epochs,588.9767944812775
rl4crn_rne_oscillator_trace_8rxn_stop_risksched085to09_lr1e4_entropy005_s4_c1_rnetol_d256_depth3_p20,seed246,246,129,12900,100,16,111.62711890961623,120.40934261299053,111.216879614021,False,max_epochs,591.2867124080658
rl4crn_rne_oscillator_trace_8rxn_stop_risksched085to09_lr1e4_entropy005_s4_c1_rnetol_d256_depth3_p20,seed246,246,130,13000,100,16,111.55142015106993,118.91533891581764,111.216879614021,False,max_epochs,595.7096881866455
rl4crn_rne_oscillator_trace_8rxn_stop_risksched085to09_lr1e4_entropy005_s4_c1_rnetol_d256_depth3_p20,seed246,246,131,13100,100,16,111.64720413325075,124.13147690032477,111.216879614021,False,max_epochs,600.691484451294
rl4crn_rne_oscillator_trace_8rxn_stop_risksched085to09_lr1e4_entropy005_s4_c1_rnetol_d256_depth3_p20,seed246,246,132,13200,100,16,111.80200383395565,123.44706224945881,111.216879614021,False,max_epochs,605.1780228614807
rl4crn_rne_oscillator_trace_8rxn_stop_risksched085to09_lr1e4_entropy005_s4_c1_rnetol_d256_depth3_p20,seed246,246,133,13300,100,16,111.4393347809418,124.02808612310983,111.216879614021,False,max_epochs,609.9570202827454
rl4crn_rne_oscillator_trace_8rxn_stop_risksched085to09_lr1e4_entropy005_s4_c1_rnetol_d256_depth3_p20,seed246,246,134,13400,100,16,112.02598700563283,122.6841983952476,111.216879614021,False,max_epochs,613.1558735370636
rl4crn_rne_oscillator_trace_8rxn_stop_risksched085to09_lr1e4_entropy005_s4_c1_rnetol_d256_depth3_p20,seed246,246,135,13500,100,16,111.66843101882701,119.29724744682433,111.216879614021,False,max_epochs,616.6355710029602
rl4crn_rne_oscillator_trace_8rxn_stop_risksched085to09_lr1e4_entropy005_s4_c1_rnetol_d256_depth3_p20,seed246,246,136,13600,100,16,111.46669293405009,120.21288398646438,111.216879614021,False,max_epochs,621.288923740387
rl4crn_rne_oscillator_trace_8rxn_stop_risksched085to09_lr1e4_entropy005_s4_c1_rnetol_d256_depth3_p20,seed246,246,137,13700,100,16,111.91891470293614,116.8427222697425,111.216879614021,False,max_epochs,626.4481799602509
rl4crn_rne_oscillator_trace_8rxn_stop_risksched085to09_lr1e4_entropy005_s4_c1_rnetol_d256_depth3_p20,seed246,246,138,13800,100,16,111.56801687113634,119.60094462141852,111.216879614021,False,max_epochs,631.3916888237
rl4crn_rne_oscillator_trace_8rxn_stop_risksched085to09_lr1e4_entropy005_s4_c1_rnetol_d256_depth3_p20,seed246,246,139,13900,100,16,111.70541780853716,122.80540635728896,111.216879614021,False,max_epochs,636.846444606781
rl4crn_rne_oscillator_trace_8rxn_stop_risksched085to09_lr1e4_entropy005_s4_c1_rnetol_d256_depth3_p20,seed246,246,140,14000,100,16,111.6107621264404,120.51069522240829,111.216879614021,False,max_epochs,641.6019494533539
rl4crn_rne_oscillator_trace_8rxn_stop_risksched085to09_lr1e4_entropy005_s4_c1_rnetol_d256_depth3_p20,seed246,246,141,14100,100,16,111.71079762709758,121.93407274621272,111.216879614021,False,max_epochs,646.5186002254486
rl4crn_rne_oscillator_trace_8rxn_stop_risksched085to09_lr1e4_entropy005_s4_c1_rnetol_d256_depth3_p20,seed246,246,142,14200,100,16,111.77202254640737,121.5608550251214,111.216879614021,False,max_epochs,651.5389568805695
rl4crn_rne_oscillator_trace_8rxn_stop_risksched085to09_lr1e4_entropy005_s4_c1_rnetol_d256_depth3_p20,seed246,246,143,14300,100,16,111.67102611895042,122.91574031734567,111.216879614021,False,max_epochs,657.0239107608795
rl4crn_rne_oscillator_trace_8rxn_stop_risksched085to09_lr1e4_entropy005_s4_c1_rnetol_d256_depth3_p20,seed246,246,144,14400,100,16,111.56601867581915,118.70814052872885,111.216879614021,False,max_epochs,662.1375284194946
rl4crn_rne_oscillator_trace_8rxn_stop_risksched085to09_lr1e4_entropy005_s4_c1_rnetol_d256_depth3_p20,seed246,246,145,14500,100,16,111.47845775323997,118.35476844830278,111.216879614021,False,max_epochs,667.5014779567719
rl4crn_rne_oscillator_trace_8rxn_stop_risksched085to09_lr1e4_entropy005_s4_c1_rnetol_d256_depth3_p20,seed246,246,146,14600,100,16,111.57233270235355,119.06128812797445,111.216879614021,False,max_epochs,672.4542803764343
rl4crn_rne_oscillator_trace_8rxn_stop_risksched085to09_lr1e4_entropy005_s4_c1_rnetol_d256_depth3_p20,seed246,246,147,14700,100,16,111.89654982792965,120.58912326934899,111.216879614021,False,max_epochs,677.4599549770355
rl4crn_rne_oscillator_trace_8rxn_stop_risksched085to09_lr1e4_entropy005_s4_c1_rnetol_d256_depth3_p20,seed246,246,148,14800,100,16,111.49690773810171,117.67501893573208,111.216879614021,False,max_epochs,682.6150238513947
rl4crn_rne_oscillator_trace_8rxn_stop_risksched085to09_lr1e4_entropy005_s4_c1_rnetol_d256_depth3_p20,seed246,246,149,14900,100,16,111.63488027599698,117.68682962090806,111.216879614021,False,max_epochs,687.9471957683563
rl4crn_rne_oscillator_trace_8rxn_stop_risksched085to09_lr1e4_entropy005_s4_c1_rnetol_d256_depth3_p20,seed246,246,150,15000,100,16,112.03522005842125,123.08229116429047,111.216879614021,False,max_epochs,692.6756308078766
rl4crn_rne_oscillator_trace_8rxn_stop_risksched085to09_lr1e4_entropy005_s4_c1_rnetol_d256_depth3_p20,seed246,246,151,15100,100,16,111.58423947626395,120.01830367543201,111.216879614021,False,max_epochs,697.5169157981873
rl4crn_rne_oscillator_trace_8rxn_stop_risksched085to09_lr1e4_entropy005_s4_c1_rnetol_d256_depth3_p20,seed246,246,152,15200,100,16,111.5091149849216,122.10023675334378,111.216879614021,False,max_epochs,702.2586035728455
rl4crn_rne_oscillator_trace_8rxn_stop_risksched085to09_lr1e4_entropy005_s4_c1_rnetol_d256_depth3_p20,seed246,246,153,15300,100,16,111.79662406945121,121.29087682015071,111.216879614021,False,max_epochs,706.979243516922
rl4crn_rne_oscillator_trace_8rxn_stop_risksched085to09_lr1e4_entropy005_s4_c1_rnetol_d256_depth3_p20,seed246,246,154,15400,100,16,111.56552769428608,121.86590241982326,111.216879614021,False,max_epochs,709.0110747814178
rl4crn_rne_oscillator_trace_8rxn_stop_risksched085to09_lr1e4_entropy005_s4_c1_rnetol_d256_depth3_p20,seed246,246,155,15500,100,16,111.33248720432249,119.60884147491814,111.216879614021,False,max_epochs,713.5598571300507
rl4crn_rne_oscillator_trace_8rxn_stop_risksched085to09_lr1e4_entropy005_s4_c1_rnetol_d256_depth3_p20,seed246,246,156,15600,100,16,111.31059278810363,119.97075737355672,111.216879614021,False,max_epochs,718.4194617271423
rl4crn_rne_oscillator_trace_8rxn_stop_risksched085to09_lr1e4_entropy005_s4_c1_rnetol_d256_depth3_p20,seed246,246,157,15700,100,16,111.5613736162086,119.2538049631273,111.216879614021,False,max_epochs,723.3601546287537
rl4crn_rne_oscillator_trace_8rxn_stop_risksched085to09_lr1e4_entropy005_s4_c1_rnetol_d256_depth3_p20,seed246,246,158,15800,100,16,111.21496437104612,119.16758395281755,111.21496437104612,False,max_epochs,728.1465678215027
rl4crn_rne_oscillator_trace_8rxn_stop_risksched085to09_lr1e4_entropy005_s4_c1_rnetol_d256_depth3_p20,seed246,246,159,15900,100,16,111.46092356223937,119.19554158342875,111.21496437104612,False,max_epochs,732.9440593719482
rl4crn_rne_oscillator_trace_8rxn_stop_risksched085to09_lr1e4_entropy005_s4_c1_rnetol_d256_depth3_p20,seed246,246,160,16000,100,16,111.29110306446982,119.62771855508089,111.21496437104612,False,max_epochs,737.5227398872375
rl4crn_rne_oscillator_trace_8rxn_stop_risksched085to09_lr1e4_entropy005_s4_c1_rnetol_d256_depth3_p20,seed246,246,161,16100,100,16,111.6235159458465,119.47138187224286,111.21496437104612,False,max_epochs,739.6379144191742
rl4crn_rne_oscillator_trace_8rxn_stop_risksched085to09_lr1e4_entropy005_s4_c1_rnetol_d256_depth3_p20,seed246,246,162,16200,100,16,111.35873244855813,118.66641822393038,111.21496437104612,False,max_epochs,744.2448437213898
rl4crn_rne_oscillator_trace_8rxn_stop_risksched085to09_lr1e4_entropy005_s4_c1_rnetol_d256_depth3_p20,seed246,246,163,16300,100,16,111.99464530628649,119.61657773115991,111.21496437104612,False,max_epochs,749.1433084011078
rl4crn_rne_oscillator_trace_8rxn_stop_risksched085to09_lr1e4_entropy005_s4_c1_rnetol_d256_depth3_p20,seed246,246,164,16400,100,16,111.24044656878104,119.47000635344041,111.21496437104612,False,max_epochs,753.8751537799835
rl4crn_rne_oscillator_trace_8rxn_stop_risksched085to09_lr1e4_entropy005_s4_c1_rnetol_d256_depth3_p20,seed246,246,165,16500,100,16,112.01519938823536,120.05001707646804,111.21496437104612,False,max_epochs,759.3451447486877
rl4crn_rne_oscillator_trace_8rxn_stop_risksched085to09_lr1e4_entropy005_s4_c1_rnetol_d256_depth3_p20,seed246,246,166,16600,100,16,111.10957089420873,118.94351534784,111.10957089420873,False,max_epochs,764.3719644546509
rl4crn_rne_oscillator_trace_8rxn_stop_risksched085to09_lr1e4_entropy005_s4_c1_rnetol_d256_depth3_p20,seed246,246,167,16700,100,16,111.82270144169456,120.04174518333781,111.10957089420873,False,max_epochs,769.1415386199951
rl4crn_rne_oscillator_trace_8rxn_stop_risksched085to09_lr1e4_entropy005_s4_c1_rnetol_d256_depth3_p20,seed246,246,168,16800,100,16,111.112386698341,120.88552526129982,111.10957089420873,False,max_epochs,773.7800018787384
rl4crn_rne_oscillator_trace_8rxn_stop_risksched085to09_lr1e4_entropy005_s4_c1_rnetol_d256_depth3_p20,seed246,246,169,16900,100,16,111.20802823661467,121.20280919181081,111.10957089420873,False,max_epochs,778.667679309845
rl4crn_rne_oscillator_trace_8rxn_stop_risksched085to09_lr1e4_entropy005_s4_c1_rnetol_d256_depth3_p20,seed246,246,170,17000,100,16,111.17484877620282,119.87103626123046,111.10957089420873,False,max_epochs,781.4100015163422
rl4crn_rne_oscillator_trace_8rxn_stop_risksched085to09_lr1e4_entropy005_s4_c1_rnetol_d256_depth3_p20,seed246,246,171,17100,100,16,111.47517173152112,120.4436572677443,111.10957089420873,False,max_epochs,785.2779822349548
rl4crn_rne_oscillator_trace_8rxn_stop_risksched085to09_lr1e4_entropy005_s4_c1_rnetol_d256_depth3_p20,seed246,246,172,17200,100,16,111.22362896505155,122.65222595925536,111.10957089420873,False,max_epochs,790.1971459388733
rl4crn_rne_oscillator_trace_8rxn_stop_risksched085to09_lr1e4_entropy005_s4_c1_rnetol_d256_depth3_p20,seed246,246,173,17300,100,16,111.38603545205547,119.94804748047783,111.10957089420873,False,max_epochs,795.0905854701996
rl4crn_rne_oscillator_trace_8rxn_stop_risksched085to09_lr1e4_entropy005_s4_c1_rnetol_d256_depth3_p20,seed246,246,174,17400,100,16,111.5870973802049,120.1506528951816,111.10957089420873,False,max_epochs,800.3981347084045
rl4crn_rne_oscillator_trace_8rxn_stop_risksched085to09_lr1e4_entropy005_s4_c1_rnetol_d256_depth3_p20,seed246,246,175,17500,100,16,111.50627642724908,119.28161723319417,111.10957089420873,False,max_epochs,805.4457392692566
rl4crn_rne_oscillator_trace_8rxn_stop_risksched085to09_lr1e4_entropy005_s4_c1_rnetol_d256_depth3_p20,seed246,246,176,17600,100,16,111.36335420691508,120.34149736742842,111.10957089420873,False,max_epochs,810.7813477516174
rl4crn_rne_oscillator_trace_8rxn_stop_risksched085to09_lr1e4_entropy005_s4_c1_rnetol_d256_depth3_p20,seed246,246,177,17700,100,16,111.72657336511224,119.57523995332522,111.10957089420873,False,max_epochs,815.1813206672668
rl4crn_rne_oscillator_trace_8rxn_stop_risksched085to09_lr1e4_entropy005_s4_c1_rnetol_d256_depth3_p20,seed246,246,178,17800,100,16,111.22267540960019,118.38124648716709,111.10957089420873,False,max_epochs,819.9293060302734
rl4crn_rne_oscillator_trace_8rxn_stop_risksched085to09_lr1e4_entropy005_s4_c1_rnetol_d256_depth3_p20,seed246,246,179,17900,100,16,111.44716170654361,118.95649110067288,111.10957089420873,False,max_epochs,824.2811899185181
rl4crn_rne_oscillator_trace_8rxn_stop_risksched085to09_lr1e4_entropy005_s4_c1_rnetol_d256_depth3_p20,seed246,246,180,18000,100,16,111.2029791147082,118.46933150746506,111.10957089420873,False,max_epochs,826.6183211803436
rl4crn_rne_oscillator_trace_8rxn_stop_risksched085to09_lr1e4_entropy005_s4_c1_rnetol_d256_depth3_p20,seed246,246,181,18100,100,16,111.2610283821673,120.57389888149498,111.10957089420873,False,max_epochs,831.6485538482666
rl4crn_rne_oscillator_trace_8rxn_stop_risksched085to09_lr1e4_entropy005_s4_c1_rnetol_d256_depth3_p20,seed246,246,182,18200,100,16,111.9801623032523,119.32803299644488,111.10957089420873,False,max_epochs,836.4108781814575
rl4crn_rne_oscillator_trace_8rxn_stop_risksched085to09_lr1e4_entropy005_s4_c1_rnetol_d256_depth3_p20,seed246,246,183,18300,100,16,111.24442216937639,119.38377921889304,111.10957089420873,False,max_epochs,841.9119226932526
rl4crn_rne_oscillator_trace_8rxn_stop_risksched085to09_lr1e4_entropy005_s4_c1_rnetol_d256_depth3_p20,seed246,246,184,18400,100,16,111.44848735958698,117.09888967703557,111.10957089420873,False,max_epochs,846.582222700119
rl4crn_rne_oscillator_trace_8rxn_stop_risksched085to09_lr1e4_entropy005_s4_c1_rnetol_d256_depth3_p20,seed246,246,185,18500,100,16,111.49810689806702,118.72876000241536,111.10957089420873,False,max_epochs,852.0991022586823
rl4crn_rne_oscillator_trace_8rxn_stop_risksched085to09_lr1e4_entropy005_s4_c1_rnetol_d256_depth3_p20,seed246,246,186,18600,100,16,111.09051219672568,118.53109124531011,111.09051219672568,False,max_epochs,856.8531522750854
rl4crn_rne_oscillator_trace_8rxn_stop_risksched085to09_lr1e4_entropy005_s4_c1_rnetol_d256_depth3_p20,seed246,246,187,18700,100,16,111.26367304845128,118.83043627078939,111.09051219672568,False,max_epochs,862.1394879817963
rl4crn_rne_oscillator_trace_8rxn_stop_risksched085to09_lr1e4_entropy005_s4_c1_rnetol_d256_depth3_p20,seed246,246,188,18800,100,16,110.99215038368239,115.5566895699165,110.99215038368239,False,max_epochs,866.9515771865845
rl4crn_rne_oscillator_trace_8rxn_stop_risksched085to09_lr1e4_entropy005_s4_c1_rnetol_d256_depth3_p20,seed246,246,189,18900,100,16,111.58871929606988,115.46002677366207,110.99215038368239,False,max_epochs,871.391078710556
rl4crn_rne_oscillator_trace_8rxn_stop_risksched085to09_lr1e4_entropy005_s4_c1_rnetol_d256_depth3_p20,seed246,246,190,19000,100,16,111.61555032207103,114.92906994644812,110.99215038368239,False,max_epochs,876.0612168312073
rl4crn_rne_oscillator_trace_8rxn_stop_risksched085to09_lr1e4_entropy005_s4_c1_rnetol_d256_depth3_p20,seed246,246,191,19100,100,16,111.59663846712183,115.33103698699276,110.99215038368239,False,max_epochs,878.1942086219788
rl4crn_rne_oscillator_trace_8rxn_stop_risksched085to09_lr1e4_entropy005_s4_c1_rnetol_d256_depth3_p20,seed246,246,192,19200,100,16,111.18048136183845,115.1036327986828,110.99215038368239,False,max_epochs,882.5388822555542
rl4crn_rne_oscillator_trace_8rxn_stop_risksched085to09_lr1e4_entropy005_s4_c1_rnetol_d256_depth3_p20,seed246,246,193,19300,100,16,111.44413440812973,115.62028737648592,110.99215038368239,False,max_epochs,887.8546278476715
rl4crn_rne_oscillator_trace_8rxn_stop_risksched085to09_lr1e4_entropy005_s4_c1_rnetol_d256_depth3_p20,seed246,246,194,19400,100,16,111.30393382554698,115.41152452296585,110.99215038368239,False,max_epochs,892.698349237442
rl4crn_rne_oscillator_trace_8rxn_stop_risksched085to09_lr1e4_entropy005_s4_c1_rnetol_d256_depth3_p20,seed246,246,195,19500,100,16,111.24878705301573,115.3964842854266,110.99215038368239,False,max_epochs,897.1810128688812
rl4crn_rne_oscillator_trace_8rxn_stop_risksched085to09_lr1e4_entropy005_s4_c1_rnetol_d256_depth3_p20,seed246,246,196,19600,100,16,111.19107895149939,117.30825040140341,110.99215038368239,False,max_epochs,901.7827663421631
rl4crn_rne_oscillator_trace_8rxn_stop_risksched085to09_lr1e4_entropy005_s4_c1_rnetol_d256_depth3_p20,seed246,246,197,19700,100,16,111.46610431282298,116.8336330272511,110.99215038368239,False,max_epochs,906.2422969341278
rl4crn_rne_oscillator_trace_8rxn_stop_risksched085to09_lr1e4_entropy005_s4_c1_rnetol_d256_depth3_p20,seed246,246,198,19800,100,16,111.55601404994962,116.42193838503198,110.99215038368239,False,max_epochs,908.2011539936066
rl4crn_rne_oscillator_trace_8rxn_stop_risksched085to09_lr1e4_entropy005_s4_c1_rnetol_d256_depth3_p20,seed246,246,199,19900,100,16,111.45274581544429,116.2340065746076,110.99215038368239,False,max_epochs,912.785890340805
rl4crn_rne_oscillator_trace_8rxn_stop_risksched085to09_lr1e4_entropy005_s4_c1_rnetol_d256_depth3_p20,seed246,246,200,20000,100,16,111.83185137571883,116.3418236771482,110.99215038368239,False,max_epochs,917.4508037567139
rl4crn_rne_oscillator_trace_8rxn_stop_risksched085to09_lr1e4_entropy005_s4_c1_rnetol_d256_depth3_p20,seed246,246,201,20100,100,16,111.35104950152254,115.65480516433217,110.99215038368239,False,max_epochs,922.2757477760315
rl4crn_rne_oscillator_trace_8rxn_stop_risksched085to09_lr1e4_entropy005_s4_c1_rnetol_d256_depth3_p20,seed246,246,202,20200,100,16,111.6260078410614,116.92797322854048,110.99215038368239,False,max_epochs,927.2257928848267
rl4crn_rne_oscillator_trace_8rxn_stop_risksched085to09_lr1e4_entropy005_s4_c1_rnetol_d256_depth3_p20,seed246,246,203,20300,100,16,111.52013264609525,116.00899344329412,110.99215038368239,False,max_epochs,932.3784215450287
rl4crn_rne_oscillator_trace_8rxn_stop_risksched085to09_lr1e4_entropy005_s4_c1_rnetol_d256_depth3_p20,seed246,246,204,20400,100,16,111.76157278136603,115.90587949224428,110.99215038368239,False,max_epochs,937.1652402877808
rl4crn_rne_oscillator_trace_8rxn_stop_risksched085to09_lr1e4_entropy005_s4_c1_rnetol_d256_depth3_p20,seed246,246,205,20500,100,16,111.2857184347088,116.72773888270892,110.99215038368239,False,max_epochs,942.0338354110718
rl4crn_rne_oscillator_trace_8rxn_stop_risksched085to09_lr1e4_entropy005_s4_c1_rnetol_d256_depth3_p20,seed246,246,206,20600,100,16,111.56538067192673,116.66551877693561,110.99215038368239,False,max_epochs,946.5119848251343
rl4crn_rne_oscillator_trace_8rxn_stop_risksched085to09_lr1e4_entropy005_s4_c1_rnetol_d256_depth3_p20,seed246,246,207,20700,100,16,111.05527130604466,114.47725122506543,110.99215038368239,False,max_epochs,948.7992699146271
rl4crn_rne_oscillator_trace_8rxn_stop_risksched085to09_lr1e4_entropy005_s4_c1_rnetol_d256_depth3_p20,seed246,246,208,20800,100,16,111.76982452807285,115.62451071754506,110.99215038368239,False,max_epochs,953.0973451137543
rl4crn_rne_oscillator_trace_8rxn_stop_risksched085to09_lr1e4_entropy005_s4_c1_rnetol_d256_depth3_p20,seed246,246,209,20900,100,16,111.89798773815329,118.25662456597524,110.99215038368239,False,max_epochs,958.0246617794037
rl4crn_rne_oscillator_trace_8rxn_stop_risksched085to09_lr1e4_entropy005_s4_c1_rnetol_d256_depth3_p20,seed246,246,210,21000,100,16,111.23422058270054,115.52405207526374,110.99215038368239,False,max_epochs,962.8357911109924
rl4crn_rne_oscillator_trace_8rxn_stop_risksched085to09_lr1e4_entropy005_s4_c1_rnetol_d256_depth3_p20,seed246,246,211,21100,100,16,111.17979407836845,114.27893167301181,110.99215038368239,False,max_epochs,968.3078002929688
rl4crn_rne_oscillator_trace_8rxn_stop_risksched085to09_lr1e4_entropy005_s4_c1_rnetol_d256_depth3_p20,seed246,246,212,21200,100,16,110.99034840854631,114.90993596238283,110.99034840854631,False,max_epochs,973.1143975257874
rl4crn_rne_oscillator_trace_8rxn_stop_risksched085to09_lr1e4_entropy005_s4_c1_rnetol_d256_depth3_p20,seed246,246,213,21300,100,16,110.81936383799614,114.75661840029545,110.81936383799614,False,max_epochs,977.9834032058716
rl4crn_rne_oscillator_trace_8rxn_stop_risksched085to09_lr1e4_entropy005_s4_c1_rnetol_d256_depth3_p20,seed246,246,214,21400,100,16,112.19359915436189,117.27314047209833,110.81936383799614,False,max_epochs,982.6474070549011
rl4crn_rne_oscillator_trace_8rxn_stop_risksched085to09_lr1e4_entropy005_s4_c1_rnetol_d256_depth3_p20,seed246,246,215,21500,100,16,111.8493221227491,116.342666825782,110.81936383799614,False,max_epochs,987.1675782203674
rl4crn_rne_oscillator_trace_8rxn_stop_risksched085to09_lr1e4_entropy005_s4_c1_rnetol_d256_depth3_p20,seed246,246,216,21600,100,16,111.60687052516768,114.58656886612701,110.81936383799614,False,max_epochs,991.5586340427399
rl4crn_rne_oscillator_trace_8rxn_stop_risksched085to09_lr1e4_entropy005_s4_c1_rnetol_d256_depth3_p20,seed246,246,217,21700,100,16,111.14274715631626,114.21483352342753,110.81936383799614,False,max_epochs,993.8582775592804
rl4crn_rne_oscillator_trace_8rxn_stop_risksched085to09_lr1e4_entropy005_s4_c1_rnetol_d256_depth3_p20,seed246,246,218,21800,100,16,111.12888164207855,114.72621139877899,110.81936383799614,False,max_epochs,998.8003902435303
rl4crn_rne_oscillator_trace_8rxn_stop_risksched085to09_lr1e4_entropy005_s4_c1_rnetol_d256_depth3_p20,seed246,246,219,21900,100,16,110.98289954652031,116.02199975226553,110.81936383799614,False,max_epochs,1003.9060082435608
rl4crn_rne_oscillator_trace_8rxn_stop_risksched085to09_lr1e4_entropy005_s4_c1_rnetol_d256_depth3_p20,seed246,246,220,22000,100,16,111.27952204103785,114.02071638399347,110.81936383799614,False,max_epochs,1008.555784702301
rl4crn_rne_oscillator_trace_8rxn_stop_risksched085to09_lr1e4_entropy005_s4_c1_rnetol_d256_depth3_p20,seed246,246,221,22100,100,16,110.93464294591077,113.94460591670284,110.81936383799614,False,max_epochs,1013.8149347305298
rl4crn_rne_oscillator_trace_8rxn_stop_risksched085to09_lr1e4_entropy005_s4_c1_rnetol_d256_depth3_p20,seed246,246,222,22200,100,16,111.19728752618396,115.07319330628414,110.81936383799614,False,max_epochs,1018.2106108665466
rl4crn_rne_oscillator_trace_8rxn_stop_risksched085to09_lr1e4_entropy005_s4_c1_rnetol_d256_depth3_p20,seed246,246,223,22300,100,16,111.10109929266847,114.73496415969328,110.81936383799614,False,max_epochs,1022.8431444168091
rl4crn_rne_oscillator_trace_8rxn_stop_risksched085to09_lr1e4_entropy005_s4_c1_rnetol_d256_depth3_p20,seed246,246,224,22400,100,16,110.96816995141934,113.97551401589814,110.81936383799614,False,max_epochs,1024.944214105606
rl4crn_rne_oscillator_trace_8rxn_stop_risksched085to09_lr1e4_entropy005_s4_c1_rnetol_d256_depth3_p20,seed246,246,225,22500,100,16,110.97243691079053,113.83704261925487,110.81936383799614,False,max_epochs,1029.6200878620148
rl4crn_rne_oscillator_trace_8rxn_stop_risksched085to09_lr1e4_entropy005_s4_c1_rnetol_d256_depth3_p20,seed246,246,226,22600,100,16,111.06716130397983,113.46108356806113,110.81936383799614,False,max_epochs,1034.400918006897
rl4crn_rne_oscillator_trace_8rxn_stop_risksched085to09_lr1e4_entropy005_s4_c1_rnetol_d256_depth3_p20,seed246,246,227,22700,100,16,111.04714488869973,114.08855328084863,110.81936383799614,False,max_epochs,1039.3291852474213
rl4crn_rne_oscillator_trace_8rxn_stop_risksched085to09_lr1e4_entropy005_s4_c1_rnetol_d256_depth3_p20,seed246,246,228,22800,100,16,110.89672598316884,114.10762855052266,110.81936383799614,False,max_epochs,1044.3922777175903
rl4crn_rne_oscillator_trace_8rxn_stop_risksched085to09_lr1e4_entropy005_s4_c1_rnetol_d256_depth3_p20,seed246,246,229,22900,100,16,111.0065147193053,113.33100049024023,110.81936383799614,False,max_epochs,1049.197429895401
rl4crn_rne_oscillator_trace_8rxn_stop_risksched085to09_lr1e4_entropy005_s4_c1_rnetol_d256_depth3_p20,seed246,246,230,23000,100,16,111.46983779596022,115.60770606897299,110.81936383799614,False,max_epochs,1053.9095721244812
rl4crn_rne_oscillator_trace_8rxn_stop_risksched085to09_lr1e4_entropy005_s4_c1_rnetol_d256_depth3_p20,seed246,246,231,23100,100,16,112.04449161454224,114.24905163788299,110.81936383799614,False,max_epochs,1056.3841919898987
rl4crn_rne_oscillator_trace_8rxn_stop_risksched085to09_lr1e4_entropy005_s4_c1_rnetol_d256_depth3_p20,seed246,246,232,23200,100,16,111.21723940347123,114.60977898441149,110.81936383799614,False,max_epochs,1060.2461760044098
rl4crn_rne_oscillator_trace_8rxn_stop_risksched085to09_lr1e4_entropy005_s4_c1_rnetol_d256_depth3_p20,seed246,246,233,23300,100,16,111.02326159460739,113.60536085607666,110.81936383799614,False,max_epochs,1065.5211474895477
rl4crn_rne_oscillator_trace_8rxn_stop_risksched085to09_lr1e4_entropy005_s4_c1_rnetol_d256_depth3_p20,seed246,246,234,23400,100,16,110.9143938363743,115.60870618917195,110.81936383799614,False,max_epochs,1070.6428971290588
rl4crn_rne_oscillator_trace_8rxn_stop_risksched085to09_lr1e4_entropy005_s4_c1_rnetol_d256_depth3_p20,seed246,246,235,23500,100,16,110.99356253256693,113.48453266800077,110.81936383799614,False,max_epochs,1075.668912410736
rl4crn_rne_oscillator_trace_8rxn_stop_risksched085to09_lr1e4_entropy005_s4_c1_rnetol_d256_depth3_p20,seed246,246,236,23600,100,16,111.09247667556798,113.82084134257374,110.81936383799614,False,max_epochs,1080.4596140384674
rl4crn_rne_oscillator_trace_8rxn_stop_risksched085to09_lr1e4_entropy005_s4_c1_rnetol_d256_depth3_p20,seed246,246,237,23700,100,16,111.64648170119084,113.66571757094083,110.81936383799614,False,max_epochs,1085.1558678150177
rl4crn_rne_oscillator_trace_8rxn_stop_risksched085to09_lr1e4_entropy005_s4_c1_rnetol_d256_depth3_p20,seed246,246,238,23800,100,16,111.08521376518121,113.78603180911469,110.81936383799614,False,max_epochs,1089.5765640735626
rl4crn_rne_oscillator_trace_8rxn_stop_risksched085to09_lr1e4_entropy005_s4_c1_rnetol_d256_depth3_p20,seed246,246,239,23900,100,16,111.10706289866627,113.8824519430747,110.81936383799614,False,max_epochs,1091.8616676330566
rl4crn_rne_oscillator_trace_8rxn_stop_risksched085to09_lr1e4_entropy005_s4_c1_rnetol_d256_depth3_p20,seed246,246,240,24000,100,16,110.88853037544752,115.18623580718216,110.81936383799614,False,max_epochs,1096.6651403903961
rl4crn_rne_oscillator_trace_8rxn_stop_risksched085to09_lr1e4_entropy005_s4_c1_rnetol_d256_depth3_p20,seed246,246,241,24100,100,16,111.0793427891908,114.15216592750498,110.81936383799614,False,max_epochs,1101.302491426468
rl4crn_rne_oscillator_trace_8rxn_stop_risksched085to09_lr1e4_entropy005_s4_c1_rnetol_d256_depth3_p20,seed246,246,242,24200,100,16,111.50473343624715,115.13818114341223,110.81936383799614,False,max_epochs,1106.0574433803558
rl4crn_rne_oscillator_trace_8rxn_stop_risksched085to09_lr1e4_entropy005_s4_c1_rnetol_d256_depth3_p20,seed246,246,243,24300,100,16,111.16211836902328,113.59749954119323,110.81936383799614,False,max_epochs,1110.9835488796234
rl4crn_rne_oscillator_trace_8rxn_stop_risksched085to09_lr1e4_entropy005_s4_c1_rnetol_d256_depth3_p20,seed246,246,244,24400,100,16,111.11272790240864,113.95803739511224,110.81936383799614,False,max_epochs,1115.8961200714111
rl4crn_rne_oscillator_trace_8rxn_stop_risksched085to09_lr1e4_entropy005_s4_c1_rnetol_d256_depth3_p20,seed246,246,245,24500,100,16,110.91837643060269,114.16594883927763,110.81936383799614,False,max_epochs,1120.4898602962494
rl4crn_rne_oscillator_trace_8rxn_stop_risksched085to09_lr1e4_entropy005_s4_c1_rnetol_d256_depth3_p20,seed246,246,246,24600,100,16,111.13689199618493,113.55814226648914,110.81936383799614,False,max_epochs,1122.5280561447144
rl4crn_rne_oscillator_trace_8rxn_stop_risksched085to09_lr1e4_entropy005_s4_c1_rnetol_d256_depth3_p20,seed246,246,247,24700,100,16,111.30164212185734,114.03693862131712,110.81936383799614,False,max_epochs,1126.9754037857056
rl4crn_rne_oscillator_trace_8rxn_stop_risksched085to09_lr1e4_entropy005_s4_c1_rnetol_d256_depth3_p20,seed246,246,248,24800,100,16,111.19211627099213,113.35487082494973,110.81936383799614,False,max_epochs,1132.268590927124
rl4crn_rne_oscillator_trace_8rxn_stop_risksched085to09_lr1e4_entropy005_s4_c1_rnetol_d256_depth3_p20,seed246,246,249,24900,100,16,110.95082503561522,113.90242049508939,110.81936383799614,False,max_epochs,1136.9368798732758
rl4crn_rne_oscillator_trace_8rxn_stop_risksched085to09_lr1e4_entropy005_s4_c1_rnetol_d256_depth3_p20,seed246,246,250,25000,100,16,111.58770377878561,114.29136611974522,110.81936383799614,False,max_epochs,1142.3513140678406
rl4crn_rne_oscillator_trace_8rxn_stop_risksched085to09_lr1e4_entropy005_s4_c1_rnetol_d256_depth3_p20,seed246,246,251,25100,100,16,111.31600739558418,114.09465540166917,110.81936383799614,False,max_epochs,1147.0817289352417
rl4crn_rne_oscillator_trace_8rxn_stop_risksched085to09_lr1e4_entropy005_s4_c1_rnetol_d256_depth3_p20,seed246,246,252,25200,100,16,111.02863268850379,113.97791692260805,110.81936383799614,False,max_epochs,1151.5613193511963
rl4crn_rne_oscillator_trace_8rxn_stop_risksched085to09_lr1e4_entropy005_s4_c1_rnetol_d256_depth3_p20,seed246,246,253,25300,100,16,110.99306071894745,113.38259960431276,110.81936383799614,False,max_epochs,1156.3086450099945
rl4crn_rne_oscillator_trace_8rxn_stop_risksched085to09_lr1e4_entropy005_s4_c1_rnetol_d256_depth3_p20,seed246,246,254,25400,100,16,111.05558221242634,113.61854390308108,110.81936383799614,False,max_epochs,1158.5294616222382
rl4crn_rne_oscillator_trace_8rxn_stop_risksched085to09_lr1e4_entropy005_s4_c1_rnetol_d256_depth3_p20,seed246,246,255,25500,100,16,111.03266645850991,114.02125559276718,110.81936383799614,False,max_epochs,1162.848239660263
rl4crn_rne_oscillator_trace_8rxn_stop_risksched085to09_lr1e4_entropy005_s4_c1_rnetol_d256_depth3_p20,seed246,246,256,25600,100,16,111.28993935031296,113.8875759475388,110.81936383799614,False,max_epochs,1167.5931732654572
rl4crn_rne_oscillator_trace_8rxn_stop_risksched085to09_lr1e4_entropy005_s4_c1_rnetol_d256_depth3_p20,seed246,246,257,25700,100,16,110.98155255944616,114.4564015689233,110.81936383799614,False,max_epochs,1172.3097467422485
rl4crn_rne_oscillator_trace_8rxn_stop_risksched085to09_lr1e4_entropy005_s4_c1_rnetol_d256_depth3_p20,seed246,246,258,25800,100,16,110.98723142850699,113.38454137405301,110.81936383799614,False,max_epochs,1177.0351662635803
rl4crn_rne_oscillator_trace_8rxn_stop_risksched085to09_lr1e4_entropy005_s4_c1_rnetol_d256_depth3_p20,seed246,246,259,25900,100,16,111.11540266533808,113.94856906250993,110.81936383799614,False,max_epochs,1179.084861755371
rl4crn_rne_oscillator_trace_8rxn_stop_risksched085to09_lr1e4_entropy005_s4_c1_rnetol_d256_depth3_p20,seed246,246,260,26000,100,16,110.9218702273454,113.71271300393138,110.81936383799614,False,max_epochs,1183.6539471149445
rl4crn_rne_oscillator_trace_8rxn_stop_risksched085to09_lr1e4_entropy005_s4_c1_rnetol_d256_depth3_p20,seed246,246,261,26100,100,16,111.10024743163173,112.76712429511078,110.81936383799614,False,max_epochs,1188.5213260650635
rl4crn_rne_oscillator_trace_8rxn_stop_risksched085to09_lr1e4_entropy005_s4_c1_rnetol_d256_depth3_p20,seed246,246,262,26200,100,16,111.17529994682522,112.76817633094075,110.81936383799614,False,max_epochs,1193.7240209579468
rl4crn_rne_oscillator_trace_8rxn_stop_risksched085to09_lr1e4_entropy005_s4_c1_rnetol_d256_depth3_p20,seed246,246,263,26300,100,16,111.1603084831394,113.86323647303362,110.81936383799614,False,max_epochs,1198.4360613822937
rl4crn_rne_oscillator_trace_8rxn_stop_risksched085to09_lr1e4_entropy005_s4_c1_rnetol_d256_depth3_p20,seed246,246,264,26400,100,16,111.11113222941789,113.67579026999869,110.81936383799614,False,max_epochs,1203.2040665149689
rl4crn_rne_oscillator_trace_8rxn_stop_risksched085to09_lr1e4_entropy005_s4_c1_rnetol_d256_depth3_p20,seed246,246,265,26500,100,16,111.39072262933425,113.03906212005572,110.81936383799614,False,max_epochs,1207.7280044555664
rl4crn_rne_oscillator_trace_8rxn_stop_risksched085to09_lr1e4_entropy005_s4_c1_rnetol_d256_depth3_p20,seed246,246,266,26600,100,16,111.12645409771642,113.617838086023,110.81936383799614,False,max_epochs,1210.7218706607819
rl4crn_rne_oscillator_trace_8rxn_stop_risksched085to09_lr1e4_entropy005_s4_c1_rnetol_d256_depth3_p20,seed246,246,267,26700,100,16,111.00484871374582,113.94604224299053,110.81936383799614,False,max_epochs,1214.121348142624
rl4crn_rne_oscillator_trace_8rxn_stop_risksched085to09_lr1e4_entropy005_s4_c1_rnetol_d256_depth3_p20,seed246,246,268,26800,100,16,111.07026730938827,113.08778723147844,110.81936383799614,False,max_epochs,1219.2239863872528
rl4crn_rne_oscillator_trace_8rxn_stop_risksched085to09_lr1e4_entropy005_s4_c1_rnetol_d256_depth3_p20,seed246,246,269,26900,100,16,111.14670958366585,114.42718484053194,110.81936383799614,False,max_epochs,1223.7244839668274
rl4crn_rne_oscillator_trace_8rxn_stop_risksched085to09_lr1e4_entropy005_s4_c1_rnetol_d256_depth3_p20,seed246,246,270,27000,100,16,110.99415852378863,112.82375377329933,110.81936383799614,False,max_epochs,1229.2061667442322
rl4crn_rne_oscillator_trace_8rxn_stop_risksched085to09_lr1e4_entropy005_s4_c1_rnetol_d256_depth3_p20,seed246,246,271,27100,100,16,111.25671750892968,113.56104768901432,110.81936383799614,False,max_epochs,1234.0521578788757
rl4crn_rne_oscillator_trace_8rxn_stop_risksched085to09_lr1e4_entropy005_s4_c1_rnetol_d256_depth3_p20,seed246,246,272,27200,100,16,111.05616562013626,113.92195789463209,110.81936383799614,False,max_epochs,1239.5109016895294
rl4crn_rne_oscillator_trace_8rxn_stop_risksched085to09_lr1e4_entropy005_s4_c1_rnetol_d256_depth3_p20,seed246,246,273,27300,100,16,111.10670039857612,113.76308309541838,110.81936383799614,False,max_epochs,1244.1346783638
rl4crn_rne_oscillator_trace_8rxn_stop_risksched085to09_lr1e4_entropy005_s4_c1_rnetol_d256_depth3_p20,seed246,246,274,27400,100,16,110.94447313936207,113.52228892168031,110.81936383799614,False,max_epochs,1248.728622674942
rl4crn_rne_oscillator_trace_8rxn_stop_risksched085to09_lr1e4_entropy005_s4_c1_rnetol_d256_depth3_p20,seed246,246,275,27500,100,16,111.05299765896233,112.74245747097376,110.81936383799614,False,max_epochs,1253.3538336753845
rl4crn_rne_oscillator_trace_8rxn_stop_risksched085to09_lr1e4_entropy005_s4_c1_rnetol_d256_depth3_p20,seed246,246,276,27600,100,16,111.3179508809979,113.32663071437835,110.81936383799614,False,max_epochs,1255.6640903949738
rl4crn_rne_oscillator_trace_8rxn_stop_risksched085to09_lr1e4_entropy005_s4_c1_rnetol_d256_depth3_p20,seed246,246,277,27700,100,16,110.86061422495884,112.99253988265099,110.81936383799614,False,max_epochs,1259.6453173160553
rl4crn_rne_oscillator_trace_8rxn_stop_risksched085to09_lr1e4_entropy005_s4_c1_rnetol_d256_depth3_p20,seed246,246,278,27800,100,16,111.11451808075483,113.03236474198837,110.81936383799614,False,max_epochs,1264.3334894180298
rl4crn_rne_oscillator_trace_8rxn_stop_risksched085to09_lr1e4_entropy005_s4_c1_rnetol_d256_depth3_p20,seed246,246,279,27900,100,16,111.17502246119102,112.75134968243151,110.81936383799614,False,max_epochs,1269.0473499298096
rl4crn_rne_oscillator_trace_8rxn_stop_risksched085to09_lr1e4_entropy005_s4_c1_rnetol_d256_depth3_p20,seed246,246,280,28000,100,16,110.99144191076208,113.39950611183974,110.81936383799614,False,max_epochs,1273.8308517932892
rl4crn_rne_oscillator_trace_8rxn_stop_risksched085to09_lr1e4_entropy005_s4_c1_rnetol_d256_depth3_p20,seed246,246,281,28100,100,16,111.05930645467768,112.33994394804483,110.81936383799614,False,max_epochs,1277.9847869873047
rl4crn_rne_oscillator_trace_8rxn_stop_risksched085to09_lr1e4_entropy005_s4_c1_rnetol_d256_depth3_p20,seed246,246,282,28200,100,16,110.93312796855903,112.47804736680604,110.81936383799614,False,max_epochs,1280.3493964672089
rl4crn_rne_oscillator_trace_8rxn_stop_risksched085to09_lr1e4_entropy005_s4_c1_rnetol_d256_depth3_p20,seed246,246,283,28300,100,16,110.82542463065309,112.30288206448566,110.81936383799614,False,max_epochs,1285.2989873886108
rl4crn_rne_oscillator_trace_8rxn_stop_risksched085to09_lr1e4_entropy005_s4_c1_rnetol_d256_depth3_p20,seed246,246,284,28400,100,16,110.90093054917553,112.37244121954603,110.81936383799614,False,max_epochs,1290.5819487571716
rl4crn_rne_oscillator_trace_8rxn_stop_risksched085to09_lr1e4_entropy005_s4_c1_rnetol_d256_depth3_p20,seed246,246,285,28500,100,16,110.93889741196182,113.4432918718563,110.81936383799614,False,max_epochs,1295.08110165596
rl4crn_rne_oscillator_trace_8rxn_stop_risksched085to09_lr1e4_entropy005_s4_c1_rnetol_d256_depth3_p20,seed246,246,286,28600,100,16,111.18881910056263,113.66633837969425,110.81936383799614,False,max_epochs,1299.65558385849
rl4crn_rne_oscillator_trace_8rxn_stop_risksched085to09_lr1e4_entropy005_s4_c1_rnetol_d256_depth3_p20,seed246,246,287,28700,100,16,111.04861249840631,112.56080872128081,110.81936383799614,False,max_epochs,1304.170794725418
rl4crn_rne_oscillator_trace_8rxn_stop_risksched085to09_lr1e4_entropy005_s4_c1_rnetol_d256_depth3_p20,seed246,246,288,28800,100,16,111.43161481695168,113.15280292842036,110.81936383799614,False,max_epochs,1308.8797781467438
rl4crn_rne_oscillator_trace_8rxn_stop_risksched085to09_lr1e4_entropy005_s4_c1_rnetol_d256_depth3_p20,seed246,246,289,28900,100,16,110.93751901170853,112.9153353783854,110.81936383799614,False,max_epochs,1312.728497505188
rl4crn_rne_oscillator_trace_8rxn_stop_risksched085to09_lr1e4_entropy005_s4_c1_rnetol_d256_depth3_p20,seed246,246,290,29000,100,16,111.03288080414006,112.9555574445624,110.81936383799614,False,max_epochs,1315.6923868656158
rl4crn_rne_oscillator_trace_8rxn_stop_risksched085to09_lr1e4_entropy005_s4_c1_rnetol_d256_depth3_p20,seed246,246,291,29100,100,16,111.11456410878364,113.75451830094703,110.81936383799614,False,max_epochs,1320.2485616207123
rl4crn_rne_oscillator_trace_8rxn_stop_risksched085to09_lr1e4_entropy005_s4_c1_rnetol_d256_depth3_p20,seed246,246,292,29200,100,16,111.01877152686298,113.23005885280907,110.81936383799614,False,max_epochs,1325.5728449821472
rl4crn_rne_oscillator_trace_8rxn_stop_risksched085to09_lr1e4_entropy005_s4_c1_rnetol_d256_depth3_p20,seed246,246,293,29300,100,16,111.19482142490207,113.26532307653545,110.81936383799614,False,max_epochs,1330.324321269989
rl4crn_rne_oscillator_trace_8rxn_stop_risksched085to09_lr1e4_entropy005_s4_c1_rnetol_d256_depth3_p20,seed246,246,294,29400,100,16,110.93819834231823,113.4110963183079,110.81936383799614,False,max_epochs,1335.361855506897
rl4crn_rne_oscillator_trace_8rxn_stop_risksched085to09_lr1e4_entropy005_s4_c1_rnetol_d256_depth3_p20,seed246,246,295,29500,100,16,110.94749498561399,113.37856100116929,110.81936383799614,False,max_epochs,1339.9486615657806
rl4crn_rne_oscillator_trace_8rxn_stop_risksched085to09_lr1e4_entropy005_s4_c1_rnetol_d256_depth3_p20,seed246,246,296,29600,100,16,111.06970000846579,113.50630557746285,110.81936383799614,False,max_epochs,1345.575561761856
rl4crn_rne_oscillator_trace_8rxn_stop_risksched085to09_lr1e4_entropy005_s4_c1_rnetol_d256_depth3_p20,seed246,246,297,29700,100,16,111.01787567705763,113.52177222033222,110.81936383799614,False,max_epochs,1350.2302734851837
rl4crn_rne_oscillator_trace_8rxn_stop_risksched085to09_lr1e4_entropy005_s4_c1_rnetol_d256_depth3_p20,seed246,246,298,29800,100,16,111.11410054639386,112.87666210405546,110.81936383799614,False,max_epochs,1354.7156779766083
rl4crn_rne_oscillator_trace_8rxn_stop_risksched085to09_lr1e4_entropy005_s4_c1_rnetol_d256_depth3_p20,seed246,246,299,29900,100,16,111.4656124152805,113.72211764052958,110.81936383799614,False,max_epochs,1358.695723772049
rl4crn_rne_oscillator_trace_8rxn_stop_risksched085to09_lr1e4_entropy005_s4_c1_rnetol_d256_depth3_p20,seed246,246,300,30000,100,16,111.12662535653054,112.28100609637784,110.81936383799614,False,max_epochs,1362.7879047393799
rl4crn_rne_oscillator_trace_8rxn_stop_risksched085to09_lr1e4_entropy005_s4_c1_rnetol_d256_depth3_p20,seed246,246,301,30100,100,16,111.05240447604601,113.61795195354796,110.81936383799614,False,max_epochs,1366.9555578231812
rl4crn_rne_oscillator_trace_8rxn_stop_risksched085to09_lr1e4_entropy005_s4_c1_rnetol_d256_depth3_p20,seed246,246,302,30200,100,16,111.0359513088341,114.24242589071454,110.81936383799614,False,max_epochs,1371.4483137130737
rl4crn_rne_oscillator_trace_8rxn_stop_risksched085to09_lr1e4_entropy005_s4_c1_rnetol_d256_depth3_p20,seed246,246,303,30300,100,16,111.03202677013267,112.70926274131605,110.81936383799614,False,max_epochs,1377.057273864746
rl4crn_rne_oscillator_trace_8rxn_stop_risksched085to09_lr1e4_entropy005_s4_c1_rnetol_d256_depth3_p20,seed246,246,304,30400,100,16,111.09714372230486,113.97371502067145,110.81936383799614,False,max_epochs,1381.8578672409058
rl4crn_rne_oscillator_trace_8rxn_stop_risksched085to09_lr1e4_entropy005_s4_c1_rnetol_d256_depth3_p20,seed246,246,305,30500,100,16,111.46982679981383,113.66653068085667,110.81936383799614,False,max_epochs,1386.2258439064026
rl4crn_rne_oscillator_trace_8rxn_stop_risksched085to09_lr1e4_entropy005_s4_c1_rnetol_d256_depth3_p20,seed246,246,306,30600,100,16,111.23959487841104,113.33824621611913,110.81936383799614,False,max_epochs,1388.3847315311432
rl4crn_rne_oscillator_trace_8rxn_stop_risksched085to09_lr1e4_entropy005_s4_c1_rnetol_d256_depth3_p20,seed246,246,307,30700,100,16,110.836264721406,113.52474482248559,110.81936383799614,False,max_epochs,1392.9298396110535
rl4crn_rne_oscillator_trace_8rxn_stop_risksched085to09_lr1e4_entropy005_s4_c1_rnetol_d256_depth3_p20,seed246,246,308,30800,100,16,111.13094025111336,113.90213290380521,110.81936383799614,False,max_epochs,1398.157353401184
rl4crn_rne_oscillator_trace_8rxn_stop_risksched085to09_lr1e4_entropy005_s4_c1_rnetol_d256_depth3_p20,seed246,246,309,30900,100,16,110.97514380000598,114.32958109414264,110.81936383799614,False,max_epochs,1402.6904289722443
rl4crn_rne_oscillator_trace_8rxn_stop_risksched085to09_lr1e4_entropy005_s4_c1_rnetol_d256_depth3_p20,seed246,246,310,31000,100,16,111.06348784304888,112.86825525086122,110.81936383799614,False,max_epochs,1407.9824776649475
rl4crn_rne_oscillator_trace_8rxn_stop_risksched085to09_lr1e4_entropy005_s4_c1_rnetol_d256_depth3_p20,seed246,246,311,31100,100,16,111.04618410763943,113.3046573918844,110.81936383799614,False,max_epochs,1412.668627023697
rl4crn_rne_oscillator_trace_8rxn_stop_risksched085to09_lr1e4_entropy005_s4_c1_rnetol_d256_depth3_p20,seed246,246,312,31200,100,16,111.31169218429504,114.03670955926334,110.81936383799614,False,max_epochs,1414.9199390411377
rl4crn_rne_oscillator_trace_8rxn_stop_risksched085to09_lr1e4_entropy005_s4_c1_rnetol_d256_depth3_p20,seed246,246,313,31300,100,16,110.94446591195388,113.6846038317311,110.81936383799614,False,max_epochs,1419.9691445827484
rl4crn_rne_oscillator_trace_8rxn_stop_risksched085to09_lr1e4_entropy005_s4_c1_rnetol_d256_depth3_p20,seed246,246,314,31400,100,16,111.16916066471516,113.00903262500958,110.81936383799614,False,max_epochs,1424.9551634788513
rl4crn_rne_oscillator_trace_8rxn_stop_risksched085to09_lr1e4_entropy005_s4_c1_rnetol_d256_depth3_p20,seed246,246,315,31500,100,16,111.21123106043204,113.10491857770276,110.81936383799614,False,max_epochs,1429.8114957809448
rl4crn_rne_oscillator_trace_8rxn_stop_risksched085to09_lr1e4_entropy005_s4_c1_rnetol_d256_depth3_p20,seed246,246,316,31600,100,16,111.16266996630532,113.09197075340384,110.81936383799614,False,max_epochs,1435.073457479477
rl4crn_rne_oscillator_trace_8rxn_stop_risksched085to09_lr1e4_entropy005_s4_c1_rnetol_d256_depth3_p20,seed246,246,317,31700,100,16,111.22570251783182,113.8899738894256,110.81936383799614,False,max_epochs,1439.7575869560242
rl4crn_rne_oscillator_trace_8rxn_stop_risksched085to09_lr1e4_entropy005_s4_c1_rnetol_d256_depth3_p20,seed246,246,318,31800,100,16,111.36118159645228,113.22444063670274,110.81936383799614,False,max_epochs,1444.326069355011
rl4crn_rne_oscillator_trace_8rxn_stop_risksched085to09_lr1e4_entropy005_s4_c1_rnetol_d256_depth3_p20,seed246,246,319,31900,100,16,111.04736332581575,112.5826207533899,110.81936383799614,False,max_epochs,1449.80495595932
rl4crn_rne_oscillator_trace_8rxn_stop_risksched085to09_lr1e4_entropy005_s4_c1_rnetol_d256_depth3_p20,seed246,246,320,32000,100,16,111.03085069893392,113.10045353484078,110.81936383799614,False,max_epochs,1453.409377336502
rl4crn_rne_oscillator_trace_8rxn_stop_risksched085to09_lr1e4_entropy005_s4_c1_rnetol_d256_depth3_p20,seed246,246,321,32100,100,16,111.36819390393327,113.03988719046785,110.81936383799614,False,max_epochs,1456.2564690113068
rl4crn_rne_oscillator_trace_8rxn_stop_risksched085to09_lr1e4_entropy005_s4_c1_rnetol_d256_depth3_p20,seed246,246,322,32200,100,16,111.22315137933609,112.74407634280863,110.81936383799614,False,max_epochs,1461.140706539154
rl4crn_rne_oscillator_trace_8rxn_stop_risksched085to09_lr1e4_entropy005_s4_c1_rnetol_d256_depth3_p20,seed246,246,323,32300,100,16,111.13313769322635,113.92701919796528,110.81936383799614,False,max_epochs,1466.114042043686
rl4crn_rne_oscillator_trace_8rxn_stop_risksched085to09_lr1e4_entropy005_s4_c1_rnetol_d256_depth3_p20,seed246,246,324,32400,100,16,111.21230567226381,113.97408946252563,110.81936383799614,False,max_epochs,1471.5601284503937
rl4crn_rne_oscillator_trace_8rxn_stop_risksched085to09_lr1e4_entropy005_s4_c1_rnetol_d256_depth3_p20,seed246,246,325,32500,100,16,111.02470743327794,113.37567281520278,110.81936383799614,False,max_epochs,1476.1811473369598
rl4crn_rne_oscillator_trace_8rxn_stop_risksched085to09_lr1e4_entropy005_s4_c1_rnetol_d256_depth3_p20,seed246,246,326,32600,100,16,111.24371394179843,113.3736724556941,110.81936383799614,False,max_epochs,1481.1935579776764
rl4crn_rne_oscillator_trace_8rxn_stop_risksched085to09_lr1e4_entropy005_s4_c1_rnetol_d256_depth3_p20,seed246,246,327,32700,100,16,111.14379685068818,114.00563014818528,110.81936383799614,False,max_epochs,1485.6467761993408
rl4crn_rne_oscillator_trace_8rxn_stop_risksched085to09_lr1e4_entropy005_s4_c1_rnetol_d256_depth3_p20,seed246,246,328,32800,100,16,111.43490984893403,112.90545030318144,110.81936383799614,False,max_epochs,1490.1342170238495
rl4crn_rne_oscillator_trace_8rxn_stop_risksched085to09_lr1e4_entropy005_s4_c1_rnetol_d256_depth3_p20,seed246,246,329,32900,100,16,110.94632150315535,113.89406391231688,110.81936383799614,False,max_epochs,1494.8718709945679
rl4crn_rne_oscillator_trace_8rxn_stop_risksched085to09_lr1e4_entropy005_s4_c1_rnetol_d256_depth3_p20,seed246,246,330,33000,100,16,111.33447618070612,113.69680734672596,110.81936383799614,False,max_epochs,1496.8772585391998
rl4crn_rne_oscillator_trace_8rxn_stop_risksched085to09_lr1e4_entropy005_s4_c1_rnetol_d256_depth3_p20,seed246,246,331,33100,100,16,111.13710085069506,113.45041104764394,110.81936383799614,False,max_epochs,1501.2721650600433
rl4crn_rne_oscillator_trace_8rxn_stop_risksched085to09_lr1e4_entropy005_s4_c1_rnetol_d256_depth3_p20,seed246,246,332,33200,100,16,111.01489831064545,113.0220872461862,110.81936383799614,False,max_epochs,1506.5263950824738
rl4crn_rne_oscillator_trace_8rxn_stop_risksched085to09_lr1e4_entropy005_s4_c1_rnetol_d256_depth3_p20,seed246,246,333,33300,100,16,111.00087698600574,113.40037325052668,110.81936383799614,False,max_epochs,1511.1988537311554
rl4crn_rne_oscillator_trace_8rxn_stop_risksched085to09_lr1e4_entropy005_s4_c1_rnetol_d256_depth3_p20,seed246,246,334,33400,100,16,110.98463317978815,113.47558362057575,110.81936383799614,False,max_epochs,1516.5780131816864
rl4crn_rne_oscillator_trace_8rxn_stop_risksched085to09_lr1e4_entropy005_s4_c1_rnetol_d256_depth3_p20,seed246,246,335,33500,100,16,111.15347613641606,114.09700739228734,110.81936383799614,False,max_epochs,1521.5752861499786
rl4crn_rne_oscillator_trace_8rxn_stop_risksched085to09_lr1e4_entropy005_s4_c1_rnetol_d256_depth3_p20,seed246,246,336,33600,100,16,111.07145203253214,113.76591915362323,110.81936383799614,False,max_epochs,1526.4834823608398
rl4crn_rne_oscillator_trace_8rxn_stop_risksched085to09_lr1e4_entropy005_s4_c1_rnetol_d256_depth3_p20,seed246,246,337,33700,100,16,110.95412853578746,113.01670348821207,110.81936383799614,False,max_epochs,1531.581606388092
rl4crn_rne_oscillator_trace_8rxn_stop_risksched085to09_lr1e4_entropy005_s4_c1_rnetol_d256_depth3_p20,seed246,246,338,33800,100,16,110.82957511820808,113.57469476779991,110.81936383799614,False,max_epochs,1537.0321769714355
rl4crn_rne_oscillator_trace_8rxn_stop_risksched085to09_lr1e4_entropy005_s4_c1_rnetol_d256_depth3_p20,seed246,246,339,33900,100,16,110.92955551544811,113.08607360839936,110.81936383799614,False,max_epochs,1542.1864037513733
rl4crn_rne_oscillator_trace_8rxn_stop_risksched085to09_lr1e4_entropy005_s4_c1_rnetol_d256_depth3_p20,seed246,246,340,34000,100,16,111.26704738561293,113.73932723754604,110.81936383799614,False,max_epochs,1547.2653551101685
rl4crn_rne_oscillator_trace_8rxn_stop_risksched085to09_lr1e4_entropy005_s4_c1_rnetol_d256_depth3_p20,seed246,246,341,34100,100,16,111.00160454634644,113.4960928880943,110.81936383799614,False,max_epochs,1552.3201434612274
rl4crn_rne_oscillator_trace_8rxn_stop_risksched085to09_lr1e4_entropy005_s4_c1_rnetol_d256_depth3_p20,seed246,246,342,34200,100,16,110.97354615083658,112.8079226109331,110.81936383799614,False,max_epochs,1557.727489233017
rl4crn_rne_oscillator_trace_8rxn_stop_risksched085to09_lr1e4_entropy005_s4_c1_rnetol_d256_depth3_p20,seed246,246,343,34300,100,16,110.89190620631665,113.22013786878145,110.81936383799614,False,max_epochs,1562.7267167568207
rl4crn_rne_oscillator_trace_8rxn_stop_risksched085to09_lr1e4_entropy005_s4_c1_rnetol_d256_depth3_p20,seed246,246,344,34400,100,16,111.18667499433022,113.42069116161187,110.81936383799614,False,max_epochs,1568.2510998249054
rl4crn_rne_oscillator_trace_8rxn_stop_risksched085to09_lr1e4_entropy005_s4_c1_rnetol_d256_depth3_p20,seed246,246,345,34500,100,16,110.88386945089546,113.49567315325503,110.81936383799614,False,max_epochs,1573.1020438671112
rl4crn_rne_oscillator_trace_8rxn_stop_risksched085to09_lr1e4_entropy005_s4_c1_rnetol_d256_depth3_p20,seed246,246,346,34600,100,16,111.14075328348524,112.86866300254498,110.81936383799614,False,max_epochs,1578.2603154182434
rl4crn_rne_oscillator_trace_8rxn_stop_risksched085to09_lr1e4_entropy005_s4_c1_rnetol_d256_depth3_p20,seed246,246,347,34700,100,16,111.28178789581511,113.4261810779232,110.81936383799614,False,max_epochs,1582.9961845874786
rl4crn_rne_oscillator_trace_8rxn_stop_risksched085to09_lr1e4_entropy005_s4_c1_rnetol_d256_depth3_p20,seed246,246,348,34800,100,16,111.00686861055185,112.56529478059599,110.81936383799614,False,max_epochs,1587.3058066368103
rl4crn_rne_oscillator_trace_8rxn_stop_risksched085to09_lr1e4_entropy005_s4_c1_rnetol_d256_depth3_p20,seed246,246,349,34900,100,16,110.99588150881661,113.61910162309499,110.81936383799614,False,max_epochs,1589.7079486846924
rl4crn_rne_oscillator_trace_8rxn_stop_risksched085to09_lr1e4_entropy005_s4_c1_rnetol_d256_depth3_p20,seed246,246,350,35000,100,16,111.21726482182099,113.97987427528732,110.81936383799614,False,max_epochs,1594.3633110523224
rl4crn_rne_oscillator_trace_8rxn_stop_risksched085to09_lr1e4_entropy005_s4_c1_rnetol_d256_depth3_p20,seed246,246,351,35100,100,16,110.91169601945508,112.53581145550072,110.81936383799614,False,max_epochs,1598.9864165782928
rl4crn_rne_oscillator_trace_8rxn_stop_risksched085to09_lr1e4_entropy005_s4_c1_rnetol_d256_depth3_p20,seed246,246,352,35200,100,16,110.8323045421748,112.97908554992264,110.81936383799614,False,max_epochs,1604.2708008289337
rl4crn_rne_oscillator_trace_8rxn_stop_risksched085to09_lr1e4_entropy005_s4_c1_rnetol_d256_depth3_p20,seed246,246,353,35300,100,16,111.1297980793035,112.75189428804153,110.81936383799614,False,max_epochs,1609.5912969112396
rl4crn_rne_oscillator_trace_8rxn_stop_risksched085to09_lr1e4_entropy005_s4_c1_rnetol_d256_depth3_p20,seed246,246,354,35400,100,16,110.99062280586627,113.10452962477089,110.81936383799614,False,max_epochs,1614.2646231651306
rl4crn_rne_oscillator_trace_8rxn_stop_risksched085to09_lr1e4_entropy005_s4_c1_rnetol_d256_depth3_p20,seed246,246,355,35500,100,16,110.92968590275214,112.68958759852597,110.81936383799614,False,max_epochs,1618.780678510666
rl4crn_rne_oscillator_trace_8rxn_stop_risksched085to09_lr1e4_entropy005_s4_c1_rnetol_d256_depth3_p20,seed246,246,356,35600,100,16,111.06484975381372,112.62471502061751,110.81936383799614,False,max_epochs,1620.8981776237488
rl4crn_rne_oscillator_trace_8rxn_stop_risksched085to09_lr1e4_entropy005_s4_c1_rnetol_d256_depth3_p20,seed246,246,357,35700,100,16,111.08615353205059,113.1752261541997,110.81936383799614,False,max_epochs,1625.484842300415
rl4crn_rne_oscillator_trace_8rxn_stop_risksched085to09_lr1e4_entropy005_s4_c1_rnetol_d256_depth3_p20,seed246,246,358,35800,100,16,111.03388454215529,112.971667842483,110.81936383799614,False,max_epochs,1630.557862997055
rl4crn_rne_oscillator_trace_8rxn_stop_risksched085to09_lr1e4_entropy005_s4_c1_rnetol_d256_depth3_p20,seed246,246,359,35900,100,16,111.01542548716128,112.52793323210017,110.81936383799614,False,max_epochs,1635.2144088745117
rl4crn_rne_oscillator_trace_8rxn_stop_risksched085to09_lr1e4_entropy005_s4_c1_rnetol_d256_depth3_p20,seed246,246,360,36000,100,16,110.93633027269028,112.42860671922963,110.81936383799614,False,max_epochs,1640.0982959270477
rl4crn_rne_oscillator_trace_8rxn_stop_risksched085to09_lr1e4_entropy005_s4_c1_rnetol_d256_depth3_p20,seed246,246,361,36100,100,16,111.01736749115446,113.14295349757069,110.81936383799614,False,max_epochs,1645.4377617835999
rl4crn_rne_oscillator_trace_8rxn_stop_risksched085to09_lr1e4_entropy005_s4_c1_rnetol_d256_depth3_p20,seed246,246,362,36200,100,16,111.02276595810554,113.17862535741683,110.81936383799614,False,max_epochs,1650.1194186210632
rl4crn_rne_oscillator_trace_8rxn_stop_risksched085to09_lr1e4_entropy005_s4_c1_rnetol_d256_depth3_p20,seed246,246,363,36300,100,16,111.11809646406758,112.36647887196682,110.81936383799614,False,max_epochs,1652.1797127723694
rl4crn_rne_oscillator_trace_8rxn_stop_risksched085to09_lr1e4_entropy005_s4_c1_rnetol_d256_depth3_p20,seed246,246,364,36400,100,16,111.1264151547818,112.4200237109627,110.81936383799614,False,max_epochs,1656.5758926868439
rl4crn_rne_oscillator_trace_8rxn_stop_risksched085to09_lr1e4_entropy005_s4_c1_rnetol_d256_depth3_p20,seed246,246,365,36500,100,16,110.87496546312664,112.38310341212417,110.81936383799614,False,max_epochs,1661.6056368350983
rl4crn_rne_oscillator_trace_8rxn_stop_risksched085to09_lr1e4_entropy005_s4_c1_rnetol_d256_depth3_p20,seed246,246,366,36600,100,16,110.96263827329281,113.44247091803626,110.81936383799614,False,max_epochs,1667.0516390800476
rl4crn_rne_oscillator_trace_8rxn_stop_risksched085to09_lr1e4_entropy005_s4_c1_rnetol_d256_depth3_p20,seed246,246,367,36700,100,16,111.04695414855341,113.34341494321198,110.81936383799614,False,max_epochs,1671.8761746883392
rl4crn_rne_oscillator_trace_8rxn_stop_risksched085to09_lr1e4_entropy005_s4_c1_rnetol_d256_depth3_p20,seed246,246,368,36800,100,16,110.8650890001276,112.59374748279933,110.81936383799614,False,max_epochs,1676.843679189682
rl4crn_rne_oscillator_trace_8rxn_stop_risksched085to09_lr1e4_entropy005_s4_c1_rnetol_d256_depth3_p20,seed246,246,369,36900,100,16,111.10395321206592,112.50295774996118,110.81936383799614,False,max_epochs,1681.701031923294
rl4crn_rne_oscillator_trace_8rxn_stop_risksched085to09_lr1e4_entropy005_s4_c1_rnetol_d256_depth3_p20,seed246,246,370,37000,100,16,110.87272873955425,112.80864847749811,110.81936383799614,False,max_epochs,1686.9279837608337
rl4crn_rne_oscillator_trace_8rxn_stop_risksched085to09_lr1e4_entropy005_s4_c1_rnetol_d256_depth3_p20,seed246,246,371,37100,100,16,110.99194096919759,113.82560864086084,110.81936383799614,False,max_epochs,1691.940948009491
rl4crn_rne_oscillator_trace_8rxn_stop_risksched085to09_lr1e4_entropy005_s4_c1_rnetol_d256_depth3_p20,seed246,246,372,37200,100,16,111.18394808297282,113.47821957296036,110.81936383799614,False,max_epochs,1696.970296382904
rl4crn_rne_oscillator_trace_8rxn_stop_risksched085to09_lr1e4_entropy005_s4_c1_rnetol_d256_depth3_p20,seed246,246,373,37300,100,16,110.97147068986682,112.68889357661847,110.81936383799614,False,max_epochs,1702.1368525028229
rl4crn_rne_oscillator_trace_8rxn_stop_risksched085to09_lr1e4_entropy005_s4_c1_rnetol_d256_depth3_p20,seed246,246,374,37400,100,16,110.98628178463395,112.64181576422028,110.81936383799614,False,max_epochs,1706.7714865207672
rl4crn_rne_oscillator_trace_8rxn_stop_risksched085to09_lr1e4_entropy005_s4_c1_rnetol_d256_depth3_p20,seed246,246,375,37500,100,16,111.20768999626726,112.67724833509038,110.81936383799614,False,max_epochs,1711.3414611816406
rl4crn_rne_oscillator_trace_8rxn_stop_risksched085to09_lr1e4_entropy005_s4_c1_rnetol_d256_depth3_p20,seed246,246,376,37600,100,16,111.0624815079866,112.35193913567468,110.81936383799614,False,max_epochs,1713.4353566169739
rl4crn_rne_oscillator_trace_8rxn_stop_risksched085to09_lr1e4_entropy005_s4_c1_rnetol_d256_depth3_p20,seed246,246,377,37700,100,16,110.94945235681897,112.61133841907431,110.81936383799614,False,max_epochs,1717.906905889511
rl4crn_rne_oscillator_trace_8rxn_stop_risksched085to09_lr1e4_entropy005_s4_c1_rnetol_d256_depth3_p20,seed246,246,378,37800,100,16,110.83260627354701,112.90206898602281,110.81936383799614,False,max_epochs,1723.1247866153717
rl4crn_rne_oscillator_trace_8rxn_stop_risksched085to09_lr1e4_entropy005_s4_c1_rnetol_d256_depth3_p20,seed246,246,379,37900,100,16,110.89248027006352,113.43976192395527,110.81936383799614,False,max_epochs,1728.224515914917
rl4crn_rne_oscillator_trace_8rxn_stop_risksched085to09_lr1e4_entropy005_s4_c1_rnetol_d256_depth3_p20,seed246,246,380,38000,100,16,110.90232123444636,113.10017107398875,110.81936383799614,False,max_epochs,1733.4039895534515
rl4crn_rne_oscillator_trace_8rxn_stop_risksched085to09_lr1e4_entropy005_s4_c1_rnetol_d256_depth3_p20,seed246,246,381,38100,100,16,110.9002049055857,112.73506420088867,110.81936383799614,False,max_epochs,1738.4712686538696
rl4crn_rne_oscillator_trace_8rxn_stop_risksched085to09_lr1e4_entropy005_s4_c1_rnetol_d256_depth3_p20,seed246,246,382,38200,100,16,110.98110499200286,112.96064063617024,110.81936383799614,False,max_epochs,1743.2639803886414
rl4crn_rne_oscillator_trace_8rxn_stop_risksched085to09_lr1e4_entropy005_s4_c1_rnetol_d256_depth3_p20,seed246,246,383,38300,100,16,111.01804135690647,112.70846459251541,110.81936383799614,False,max_epochs,1747.7549436092377
rl4crn_rne_oscillator_trace_8rxn_stop_risksched085to09_lr1e4_entropy005_s4_c1_rnetol_d256_depth3_p20,seed246,246,384,38400,100,16,110.85953839797854,112.66978027766271,110.81936383799614,False,max_epochs,1752.4510180950165
rl4crn_rne_oscillator_trace_8rxn_stop_risksched085to09_lr1e4_entropy005_s4_c1_rnetol_d256_depth3_p20,seed246,246,385,38500,100,16,110.90552533734409,113.67597061755313,110.81936383799614,False,max_epochs,1754.5536255836487
rl4crn_rne_oscillator_trace_8rxn_stop_risksched085to09_lr1e4_entropy005_s4_c1_rnetol_d256_depth3_p20,seed246,246,386,38600,100,16,111.01702735124064,112.99529388122565,110.81936383799614,False,max_epochs,1758.9663519859314
rl4crn_rne_oscillator_trace_8rxn_stop_risksched085to09_lr1e4_entropy005_s4_c1_rnetol_d256_depth3_p20,seed246,246,387,38700,100,16,110.87913530701567,113.8443656970931,110.81936383799614,False,max_epochs,1763.9196536540985
rl4crn_rne_oscillator_trace_8rxn_stop_risksched085to09_lr1e4_entropy005_s4_c1_rnetol_d256_depth3_p20,seed246,246,388,38800,100,16,110.98974107808431,113.12611842308368,110.81936383799614,False,max_epochs,1768.6746182441711
rl4crn_rne_oscillator_trace_8rxn_stop_risksched085to09_lr1e4_entropy005_s4_c1_rnetol_d256_depth3_p20,seed246,246,389,38900,100,16,111.08322178003904,113.78230027591894,110.81936383799614,False,max_epochs,1773.408198595047
rl4crn_rne_oscillator_trace_8rxn_stop_risksched085to09_lr1e4_entropy005_s4_c1_rnetol_d256_depth3_p20,seed246,246,390,39000,100,16,110.9606778898766,112.84672008175933,110.81936383799614,False,max_epochs,1778.020413160324
rl4crn_rne_oscillator_trace_8rxn_stop_risksched085to09_lr1e4_entropy005_s4_c1_rnetol_d256_depth3_p20,seed246,246,391,39100,100,16,110.8223473887007,112.93818082601155,110.81936383799614,False,max_epochs,1782.325348854065
rl4crn_rne_oscillator_trace_8rxn_stop_risksched085to09_lr1e4_entropy005_s4_c1_rnetol_d256_depth3_p20,seed246,246,392,39200,100,16,111.0736214120686,113.53993111953459,110.81936383799614,False,max_epochs,1784.7535963058472
rl4crn_rne_oscillator_trace_8rxn_stop_risksched085to09_lr1e4_entropy005_s4_c1_rnetol_d256_depth3_p20,seed246,246,393,39300,100,16,111.00315221096352,113.13608035857817,110.81936383799614,False,max_epochs,1789.0400922298431
rl4crn_rne_oscillator_trace_8rxn_stop_risksched085to09_lr1e4_entropy005_s4_c1_rnetol_d256_depth3_p20,seed246,246,394,39400,100,16,110.91442682281485,113.35346837973576,110.81936383799614,False,max_epochs,1794.3557031154633
rl4crn_rne_oscillator_trace_8rxn_stop_risksched085to09_lr1e4_entropy005_s4_c1_rnetol_d256_depth3_p20,seed246,246,395,39500,100,16,111.01912869796003,113.09263414997187,110.81936383799614,False,max_epochs,1799.5463635921478
rl4crn_rne_oscillator_trace_8rxn_stop_risksched085to09_lr1e4_entropy005_s4_c1_rnetol_d256_depth3_p20,seed246,246,396,39600,100,16,111.17259963464431,113.19334408368913,110.81936383799614,False,max_epochs,1805.19424533844
rl4crn_rne_oscillator_trace_8rxn_stop_risksched085to09_lr1e4_entropy005_s4_c1_rnetol_d256_depth3_p20,seed246,246,397,39700,100,16,111.12953928948826,113.88053446799799,110.81936383799614,False,max_epochs,1810.2117471694946
rl4crn_rne_oscillator_trace_8rxn_stop_risksched085to09_lr1e4_entropy005_s4_c1_rnetol_d256_depth3_p20,seed246,246,398,39800,100,16,110.99216962595408,114.11839520550112,110.81936383799614,False,max_epochs,1814.9981923103333
rl4crn_rne_oscillator_trace_8rxn_stop_risksched085to09_lr1e4_entropy005_s4_c1_rnetol_d256_depth3_p20,seed246,246,399,39900,100,16,111.11350510144159,113.10480883160218,110.81936383799614,False,max_epochs,1820.105506181717
rl4crn_rne_oscillator_trace_8rxn_stop_risksched085to09_lr1e4_entropy005_s4_c1_rnetol_d256_depth3_p20,seed246,246,400,40000,100,16,110.91920960563387,113.08478797394929,110.81936383799614,False,max_epochs,1824.5707092285156
rl4crn_rne_oscillator_trace_8rxn_stop_risksched085to09_lr1e4_entropy005_s4_c1_rnetol_d256_depth3_p20,seed246,246,401,40100,100,16,111.1628462475301,113.80868103775859,110.81936383799614,False,max_epochs,1829.6025533676147
rl4crn_rne_oscillator_trace_8rxn_stop_risksched085to09_lr1e4_entropy005_s4_c1_rnetol_d256_depth3_p20,seed246,246,402,40200,100,16,110.98010980414286,113.81870400197913,110.81936383799614,False,max_epochs,1832.7275009155273
rl4crn_rne_oscillator_trace_8rxn_stop_risksched085to09_lr1e4_entropy005_s4_c1_rnetol_d256_depth3_p20,seed246,246,403,40300,100,16,111.1194707473786,113.53605199559613,110.81936383799614,False,max_epochs,1836.3458597660065
rl4crn_rne_oscillator_trace_8rxn_stop_risksched085to09_lr1e4_entropy005_s4_c1_rnetol_d256_depth3_p20,seed246,246,404,40400,100,16,110.94806901979553,113.49526932522365,110.81936383799614,False,max_epochs,1840.9268560409546
rl4crn_rne_oscillator_trace_8rxn_stop_risksched085to09_lr1e4_entropy005_s4_c1_rnetol_d256_depth3_p20,seed246,246,405,40500,100,16,110.98214353220267,113.8467160386292,110.81936383799614,False,max_epochs,1846.0820679664612
rl4crn_rne_oscillator_trace_8rxn_stop_risksched085to09_lr1e4_entropy005_s4_c1_rnetol_d256_depth3_p20,seed246,246,406,40600,100,16,110.99390078824564,112.81345082084749,110.81936383799614,False,max_epochs,1851.2333705425262
rl4crn_rne_oscillator_trace_8rxn_stop_risksched085to09_lr1e4_entropy005_s4_c1_rnetol_d256_depth3_p20,seed246,246,407,40700,100,16,111.02447496325324,114.02440427362907,110.81936383799614,False,max_epochs,1855.9461741447449
rl4crn_rne_oscillator_trace_8rxn_stop_risksched085to09_lr1e4_entropy005_s4_c1_rnetol_d256_depth3_p20,seed246,246,408,40800,100,16,110.82828649678162,112.96935196262586,110.81936383799614,False,max_epochs,1860.4358365535736
rl4crn_rne_oscillator_trace_8rxn_stop_risksched085to09_lr1e4_entropy005_s4_c1_rnetol_d256_depth3_p20,seed246,246,409,40900,100,16,111.16169003359725,113.41889375485954,110.81936383799614,False,max_epochs,1866.0032382011414
rl4crn_rne_oscillator_trace_8rxn_stop_risksched085to09_lr1e4_entropy005_s4_c1_rnetol_d256_depth3_p20,seed246,246,410,41000,100,16,111.0326962736186,113.44512072801588,110.81936383799614,False,max_epochs,1870.6661834716797
rl4crn_rne_oscillator_trace_8rxn_stop_risksched085to09_lr1e4_entropy005_s4_c1_rnetol_d256_depth3_p20,seed246,246,411,41100,100,16,110.86001806236528,112.6229258996807,110.81936383799614,False,max_epochs,1872.9081044197083
rl4crn_rne_oscillator_trace_8rxn_stop_risksched085to09_lr1e4_entropy005_s4_c1_rnetol_d256_depth3_p20,seed246,246,412,41200,100,16,110.93785756396511,112.87698623375915,110.81936383799614,False,max_epochs,1877.2724578380585
rl4crn_rne_oscillator_trace_8rxn_stop_risksched085to09_lr1e4_entropy005_s4_c1_rnetol_d256_depth3_p20,seed246,246,413,41300,100,16,110.80082930914398,112.91218760564122,110.80082930914398,False,max_epochs,1882.36146402359
rl4crn_rne_oscillator_trace_8rxn_stop_risksched085to09_lr1e4_entropy005_s4_c1_rnetol_d256_depth3_p20,seed246,246,414,41400,100,16,110.90323599867175,112.82423911201039,110.80082930914398,False,max_epochs,1887.263991355896
rl4crn_rne_oscillator_trace_8rxn_stop_risksched085to09_lr1e4_entropy005_s4_c1_rnetol_d256_depth3_p20,seed246,246,415,41500,100,16,108.75915383256432,113.16677362851296,108.75915383256432,False,max_epochs,1891.9969160556793
rl4crn_rne_oscillator_trace_8rxn_stop_risksched085to09_lr1e4_entropy005_s4_c1_rnetol_d256_depth3_p20,seed246,246,416,41600,100,16,111.51458135141391,114.31058398622898,108.75915383256432,False,max_epochs,1896.4265644550323
rl4crn_rne_oscillator_trace_8rxn_stop_risksched085to09_lr1e4_entropy005_s4_c1_rnetol_d256_depth3_p20,seed246,246,417,41700,100,16,111.48066030595146,114.16588568755517,108.75915383256432,False,max_epochs,1899.2668368816376
rl4crn_rne_oscillator_trace_8rxn_stop_risksched085to09_lr1e4_entropy005_s4_c1_rnetol_d256_depth3_p20,seed246,246,418,41800,100,16,110.9294056951253,112.77429335154156,108.75915383256432,False,max_epochs,1903.4579603672028
rl4crn_rne_oscillator_trace_8rxn_stop_risksched085to09_lr1e4_entropy005_s4_c1_rnetol_d256_depth3_p20,seed246,246,419,41900,100,16,110.9679120003693,113.29249730160753,108.75915383256432,False,max_epochs,1907.8728351593018
rl4crn_rne_oscillator_trace_8rxn_stop_risksched085to09_lr1e4_entropy005_s4_c1_rnetol_d256_depth3_p20,seed246,246,420,42000,100,16,111.2617166446004,113.65683694912175,108.75915383256432,False,max_epochs,1912.6035816669464
rl4crn_rne_oscillator_trace_8rxn_stop_risksched085to09_lr1e4_entropy005_s4_c1_rnetol_d256_depth3_p20,seed246,246,421,42100,100,16,111.05389935105373,113.88265103236358,108.75915383256432,False,max_epochs,1917.344963312149
rl4crn_rne_oscillator_trace_8rxn_stop_risksched085to09_lr1e4_entropy005_s4_c1_rnetol_d256_depth3_p20,seed246,246,422,42200,100,16,110.86099988083623,113.1646371476921,108.75915383256432,False,max_epochs,1922.1596064567566
rl4crn_rne_oscillator_trace_8rxn_stop_risksched085to09_lr1e4_entropy005_s4_c1_rnetol_d256_depth3_p20,seed246,246,423,42300,100,16,110.8905475398677,114.08408458338118,108.75915383256432,False,max_epochs,1926.7440958023071
rl4crn_rne_oscillator_trace_8rxn_stop_risksched085to09_lr1e4_entropy005_s4_c1_rnetol_d256_depth3_p20,seed246,246,424,42400,100,16,111.15165192483556,114.08113129841664,108.75915383256432,False,max_epochs,1929.4735040664673
rl4crn_rne_oscillator_trace_8rxn_stop_risksched085to09_lr1e4_entropy005_s4_c1_rnetol_d256_depth3_p20,seed246,246,425,42500,100,16,110.85007753402323,114.13614548057906,108.75915383256432,False,max_epochs,1934.355471611023
rl4crn_rne_oscillator_trace_8rxn_stop_risksched085to09_lr1e4_entropy005_s4_c1_rnetol_d256_depth3_p20,seed246,246,426,42600,100,16,111.0341300217787,113.85645867711503,108.75915383256432,False,max_epochs,1940.2207584381104
rl4crn_rne_oscillator_trace_8rxn_stop_risksched085to09_lr1e4_entropy005_s4_c1_rnetol_d256_depth3_p20,seed246,246,427,42700,100,16,110.88698262901461,113.66606927329697,108.75915383256432,False,max_epochs,1945.195678949356
rl4crn_rne_oscillator_trace_8rxn_stop_risksched085to09_lr1e4_entropy005_s4_c1_rnetol_d256_depth3_p20,seed246,246,428,42800,100,16,111.149216288868,114.30066943752615,108.75915383256432,False,max_epochs,1950.6289412975311
rl4crn_rne_oscillator_trace_8rxn_stop_risksched085to09_lr1e4_entropy005_s4_c1_rnetol_d256_depth3_p20,seed246,246,429,42900,100,16,111.01209896105043,113.4479984829214,108.75915383256432,False,max_epochs,1955.497982263565
rl4crn_rne_oscillator_trace_8rxn_stop_risksched085to09_lr1e4_entropy005_s4_c1_rnetol_d256_depth3_p20,seed246,246,430,43000,100,16,111.0254575668503,115.81601086342879,108.75915383256432,False,max_epochs,1960.4007856845856
rl4crn_rne_oscillator_trace_8rxn_stop_risksched085to09_lr1e4_entropy005_s4_c1_rnetol_d256_depth3_p20,seed246,246,431,43100,100,16,110.98628558085197,115.14582285199215,108.75915383256432,False,max_epochs,1965.5874996185303
rl4crn_rne_oscillator_trace_8rxn_stop_risksched085to09_lr1e4_entropy005_s4_c1_rnetol_d256_depth3_p20,seed246,246,432,43200,100,16,111.25076029063845,116.62558863585964,108.75915383256432,False,max_epochs,1970.1747062206268
rl4crn_rne_oscillator_trace_8rxn_stop_risksched085to09_lr1e4_entropy005_s4_c1_rnetol_d256_depth3_p20,seed246,246,433,43300,100,16,111.3522972824691,113.10728594395687,108.75915383256432,False,max_epochs,1972.2509360313416
rl4crn_rne_oscillator_trace_8rxn_stop_risksched085to09_lr1e4_entropy005_s4_c1_rnetol_d256_depth3_p20,seed246,246,434,43400,100,16,110.51286755871841,116.44448214013133,108.75915383256432,False,max_epochs,1977.2069952487946
rl4crn_rne_oscillator_trace_8rxn_stop_risksched085to09_lr1e4_entropy005_s4_c1_rnetol_d256_depth3_p20,seed246,246,435,43500,100,16,111.05738160440704,117.34148247248663,108.75915383256432,False,max_epochs,1982.0816915035248
rl4crn_rne_oscillator_trace_8rxn_stop_risksched085to09_lr1e4_entropy005_s4_c1_rnetol_d256_depth3_p20,seed246,246,436,43600,100,16,110.99553237327409,117.51277870479842,108.75915383256432,False,max_epochs,1987.1231002807617
rl4crn_rne_oscillator_trace_8rxn_stop_risksched085to09_lr1e4_entropy005_s4_c1_rnetol_d256_depth3_p20,seed246,246,437,43700,100,16,111.10618656906927,116.5905608956298,108.75915383256432,False,max_epochs,1991.6771371364594
rl4crn_rne_oscillator_trace_8rxn_stop_risksched085to09_lr1e4_entropy005_s4_c1_rnetol_d256_depth3_p20,seed246,246,438,43800,100,16,111.03191886837415,118.32486603718627,108.75915383256432,False,max_epochs,1996.0910806655884
rl4crn_rne_oscillator_trace_8rxn_stop_risksched085to09_lr1e4_entropy005_s4_c1_rnetol_d256_depth3_p20,seed246,246,439,43900,100,16,109.73374309405422,116.6280738927884,108.75915383256432,False,max_epochs,2000.6890935897827
rl4crn_rne_oscillator_trace_8rxn_stop_risksched085to09_lr1e4_entropy005_s4_c1_rnetol_d256_depth3_p20,seed246,246,440,44000,100,16,109.84052202878595,116.19911638100135,108.75915383256432,False,max_epochs,2002.8186674118042
rl4crn_rne_oscillator_trace_8rxn_stop_risksched085to09_lr1e4_entropy005_s4_c1_rnetol_d256_depth3_p20,seed246,246,441,44100,100,16,109.53224855482088,115.24351621515731,108.75915383256432,False,max_epochs,2007.1551780700684
rl4crn_rne_oscillator_trace_8rxn_stop_risksched085to09_lr1e4_entropy005_s4_c1_rnetol_d256_depth3_p20,seed246,246,442,44200,100,16,108.71237708358066,116.73340757143131,108.71237708358066,False,max_epochs,2011.2944684028625
rl4crn_rne_oscillator_trace_8rxn_stop_risksched085to09_lr1e4_entropy005_s4_c1_rnetol_d256_depth3_p20,seed246,246,443,44300,100,16,109.46415850841775,116.84842622012795,108.71237708358066,False,max_epochs,2016.256744146347
rl4crn_rne_oscillator_trace_8rxn_stop_risksched085to09_lr1e4_entropy005_s4_c1_rnetol_d256_depth3_p20,seed246,246,444,44400,100,16,110.26625865803985,117.039333433828,108.71237708358066,False,max_epochs,2020.2166316509247
rl4crn_rne_oscillator_trace_8rxn_stop_risksched085to09_lr1e4_entropy005_s4_c1_rnetol_d256_depth3_p20,seed246,246,445,44500,100,16,109.83104727818171,117.0232781449306,108.71237708358066,False,max_epochs,2022.6845695972443
rl4crn_rne_oscillator_trace_8rxn_stop_risksched085to09_lr1e4_entropy005_s4_c1_rnetol_d256_depth3_p20,seed246,246,446,44600,100,16,108.34426576614042,115.5571152035242,108.34426576614042,False,max_epochs,2027.4481813907623
rl4crn_rne_oscillator_trace_8rxn_stop_risksched085to09_lr1e4_entropy005_s4_c1_rnetol_d256_depth3_p20,seed246,246,447,44700,100,16,108.90943310642702,115.93640011824124,108.34426576614042,False,max_epochs,2032.2683777809143
rl4crn_rne_oscillator_trace_8rxn_stop_risksched085to09_lr1e4_entropy005_s4_c1_rnetol_d256_depth3_p20,seed246,246,448,44800,100,16,108.40623926336693,115.41013575289449,108.34426576614042,False,max_epochs,2037.1828520298004
rl4crn_rne_oscillator_trace_8rxn_stop_risksched085to09_lr1e4_entropy005_s4_c1_rnetol_d256_depth3_p20,seed246,246,449,44900,100,16,108.5561082483061,120.32418508700783,108.34426576614042,False,max_epochs,2042.8929507732391
rl4crn_rne_oscillator_trace_8rxn_stop_risksched085to09_lr1e4_entropy005_s4_c1_rnetol_d256_depth3_p20,seed246,246,450,45000,100,16,108.13444246044637,119.95351016187293,108.13444246044637,False,max_epochs,2047.841940164566
rl4crn_rne_oscillator_trace_8rxn_stop_risksched085to09_lr1e4_entropy005_s4_c1_rnetol_d256_depth3_p20,seed246,246,451,45100,100,16,107.59232137713798,119.59129236448773,107.59232137713798,False,max_epochs,2052.884670972824
rl4crn_rne_oscillator_trace_8rxn_stop_risksched085to09_lr1e4_entropy005_s4_c1_rnetol_d256_depth3_p20,seed246,246,452,45200,100,16,107.20328829958036,119.02996080608801,107.20328829958036,False,max_epochs,2058.592696428299
rl4crn_rne_oscillator_trace_8rxn_stop_risksched085to09_lr1e4_entropy005_s4_c1_rnetol_d256_depth3_p20,seed246,246,453,45300,100,16,107.3099463872341,119.05001483362929,107.20328829958036,False,max_epochs,2063.1508190631866
rl4crn_rne_oscillator_trace_8rxn_stop_risksched085to09_lr1e4_entropy005_s4_c1_rnetol_d256_depth3_p20,seed246,246,454,45400,100,16,107.68756905390829,117.38596379387948,107.20328829958036,False,max_epochs,2068.0006563663483
rl4crn_rne_oscillator_trace_8rxn_stop_risksched085to09_lr1e4_entropy005_s4_c1_rnetol_d256_depth3_p20,seed246,246,455,45500,100,16,103.66474935096986,115.86058359741457,103.66474935096986,False,max_epochs,2072.548415184021
rl4crn_rne_oscillator_trace_8rxn_stop_risksched085to09_lr1e4_entropy005_s4_c1_rnetol_d256_depth3_p20,seed246,246,456,45600,100,16,107.29926208354354,114.95824695890562,103.66474935096986,False,max_epochs,2075.16672039032
rl4crn_rne_oscillator_trace_8rxn_stop_risksched085to09_lr1e4_entropy005_s4_c1_rnetol_d256_depth3_p20,seed246,246,457,45700,100,16,107.59964256314467,114.2312294662203,103.66474935096986,False,max_epochs,2080.0130491256714
rl4crn_rne_oscillator_trace_8rxn_stop_risksched085to09_lr1e4_entropy005_s4_c1_rnetol_d256_depth3_p20,seed246,246,458,45800,100,16,107.44987868623551,114.06666982563837,103.66474935096986,False,max_epochs,2086.1605689525604
rl4crn_rne_oscillator_trace_8rxn_stop_risksched085to09_lr1e4_entropy005_s4_c1_rnetol_d256_depth3_p20,seed246,246,459,45900,100,16,108.67361757237595,112.3650950385584,103.66474935096986,False,max_epochs,2091.3038280010223
rl4crn_rne_oscillator_trace_8rxn_stop_risksched085to09_lr1e4_entropy005_s4_c1_rnetol_d256_depth3_p20,seed246,246,460,46000,100,16,108.32143092896425,112.95679184143005,103.66474935096986,False,max_epochs,2095.973597764969
rl4crn_rne_oscillator_trace_8rxn_stop_risksched085to09_lr1e4_entropy005_s4_c1_rnetol_d256_depth3_p20,seed246,246,461,46100,100,16,105.4794510268469,113.53615369382695,103.66474935096986,False,max_epochs,2101.269982099533
rl4crn_rne_oscillator_trace_8rxn_stop_risksched085to09_lr1e4_entropy005_s4_c1_rnetol_d256_depth3_p20,seed246,246,462,46200,100,16,108.02029226575304,115.02194114140023,103.66474935096986,False,max_epochs,2106.376540660858
rl4crn_rne_oscillator_trace_8rxn_stop_risksched085to09_lr1e4_entropy005_s4_c1_rnetol_d256_depth3_p20,seed246,246,463,46300,100,16,104.73122804399095,115.03919661673473,103.66474935096986,False,max_epochs,2111.304272174835
rl4crn_rne_oscillator_trace_8rxn_stop_risksched085to09_lr1e4_entropy005_s4_c1_rnetol_d256_depth3_p20,seed246,246,464,46400,100,16,105.08695354673901,117.98513048482755,103.66474935096986,False,max_epochs,2116.4407148361206
rl4crn_rne_oscillator_trace_8rxn_stop_risksched085to09_lr1e4_entropy005_s4_c1_rnetol_d256_depth3_p20,seed246,246,465,46500,100,16,103.53817611937211,122.98937013989638,103.53817611937211,False,max_epochs,2122.052365064621
rl4crn_rne_oscillator_trace_8rxn_stop_risksched085to09_lr1e4_entropy005_s4_c1_rnetol_d256_depth3_p20,seed246,246,466,46600,100,16,103.22159632509522,120.68356910150919,103.22159632509522,False,max_epochs,2127.53555059433
rl4crn_rne_oscillator_trace_8rxn_stop_risksched085to09_lr1e4_entropy005_s4_c1_rnetol_d256_depth3_p20,seed246,246,467,46700,100,16,104.00931248359853,122.41609738232653,103.22159632509522,False,max_epochs,2132.7095863819122
rl4crn_rne_oscillator_trace_8rxn_stop_risksched085to09_lr1e4_entropy005_s4_c1_rnetol_d256_depth3_p20,seed246,246,468,46800,100,16,103.99280552086523,122.54328150585118,103.22159632509522,False,max_epochs,2137.9697785377502
rl4crn_rne_oscillator_trace_8rxn_stop_risksched085to09_lr1e4_entropy005_s4_c1_rnetol_d256_depth3_p20,seed246,246,469,46900,100,16,103.15992138113987,119.45606506915496,103.15992138113987,False,max_epochs,2142.8792860507965
rl4crn_rne_oscillator_trace_8rxn_stop_risksched085to09_lr1e4_entropy005_s4_c1_rnetol_d256_depth3_p20,seed246,246,470,47000,100,16,102.89268782863707,118.80737042436654,102.89268782863707,False,max_epochs,2147.941296339035
rl4crn_rne_oscillator_trace_8rxn_stop_risksched085to09_lr1e4_entropy005_s4_c1_rnetol_d256_depth3_p20,seed246,246,471,47100,100,16,102.42628014970822,115.49351153480927,102.42628014970822,False,max_epochs,2152.75128865242
rl4crn_rne_oscillator_trace_8rxn_stop_risksched085to09_lr1e4_entropy005_s4_c1_rnetol_d256_depth3_p20,seed246,246,472,47200,100,16,102.43317520951064,120.69483781241694,102.42628014970822,False,max_epochs,2155.153823852539
rl4crn_rne_oscillator_trace_8rxn_stop_risksched085to09_lr1e4_entropy005_s4_c1_rnetol_d256_depth3_p20,seed246,246,473,47300,100,16,102.22226290649122,119.41772265454709,102.22226290649122,False,max_epochs,2159.9848470687866
rl4crn_rne_oscillator_trace_8rxn_stop_risksched085to09_lr1e4_entropy005_s4_c1_rnetol_d256_depth3_p20,seed246,246,474,47400,100,16,104.86085644181972,121.19295036390737,102.22226290649122,False,max_epochs,2165.1884236335754
rl4crn_rne_oscillator_trace_8rxn_stop_risksched085to09_lr1e4_entropy005_s4_c1_rnetol_d256_depth3_p20,seed246,246,475,47500,100,16,102.71194705396084,118.63970854635568,102.22226290649122,False,max_epochs,2170.883843421936
rl4crn_rne_oscillator_trace_8rxn_stop_risksched085to09_lr1e4_entropy005_s4_c1_rnetol_d256_depth3_p20,seed246,246,476,47600,100,16,102.34295826352606,110.56278925370223,102.22226290649122,False,max_epochs,2176.0812997817993
rl4crn_rne_oscillator_trace_8rxn_stop_risksched085to09_lr1e4_entropy005_s4_c1_rnetol_d256_depth3_p20,seed246,246,477,47700,100,16,103.82686744510582,115.87088605787912,102.22226290649122,False,max_epochs,2181.6491179466248
rl4crn_rne_oscillator_trace_8rxn_stop_risksched085to09_lr1e4_entropy005_s4_c1_rnetol_d256_depth3_p20,seed246,246,478,47800,100,16,103.13804636201121,115.62444625467589,102.22226290649122,False,max_epochs,2186.896094560623
rl4crn_rne_oscillator_trace_8rxn_stop_risksched085to09_lr1e4_entropy005_s4_c1_rnetol_d256_depth3_p20,seed246,246,479,47900,100,16,102.49872131577723,115.67693356135362,102.22226290649122,False,max_epochs,2192.4523968696594
rl4crn_rne_oscillator_trace_8rxn_stop_risksched085to09_lr1e4_entropy005_s4_c1_rnetol_d256_depth3_p20,seed246,246,480,48000,100,16,102.16626055777482,116.85301642568618,102.16626055777482,False,max_epochs,2197.5768933296204
rl4crn_rne_oscillator_trace_8rxn_stop_risksched085to09_lr1e4_entropy005_s4_c1_rnetol_d256_depth3_p20,seed246,246,481,48100,100,16,102.5237036066895,117.27562170227674,102.16626055777482,False,max_epochs,2202.8372983932495
rl4crn_rne_oscillator_trace_8rxn_stop_risksched085to09_lr1e4_entropy005_s4_c1_rnetol_d256_depth3_p20,seed246,246,482,48200,100,16,102.14196729801937,116.78940785216668,102.14196729801937,False,max_epochs,2207.6946170330048
rl4crn_rne_oscillator_trace_8rxn_stop_risksched085to09_lr1e4_entropy005_s4_c1_rnetol_d256_depth3_p20,seed246,246,483,48300,100,16,102.28636743914677,119.87765563947372,102.14196729801937,False,max_epochs,2212.443934202194
rl4crn_rne_oscillator_trace_8rxn_stop_risksched085to09_lr1e4_entropy005_s4_c1_rnetol_d256_depth3_p20,seed246,246,484,48400,100,16,102.86120039832147,115.85070050952106,102.14196729801937,False,max_epochs,2214.8918159008026
rl4crn_rne_oscillator_trace_8rxn_stop_risksched085to09_lr1e4_entropy005_s4_c1_rnetol_d256_depth3_p20,seed246,246,485,48500,100,16,102.82223672514044,115.23547419079776,102.14196729801937,False,max_epochs,2219.9779818058014
rl4crn_rne_oscillator_trace_8rxn_stop_risksched085to09_lr1e4_entropy005_s4_c1_rnetol_d256_depth3_p20,seed246,246,486,48600,100,16,102.4400124872792,117.46429605240476,102.14196729801937,False,max_epochs,2225.102505683899
rl4crn_rne_oscillator_trace_8rxn_stop_risksched085to09_lr1e4_entropy005_s4_c1_rnetol_d256_depth3_p20,seed246,246,487,48700,100,16,102.00722868807708,111.68909286797083,102.00722868807708,False,max_epochs,2230.8220171928406
rl4crn_rne_oscillator_trace_8rxn_stop_risksched085to09_lr1e4_entropy005_s4_c1_rnetol_d256_depth3_p20,seed246,246,488,48800,100,16,101.93516422893916,114.13514270340399,101.93516422893916,False,max_epochs,2236.3014187812805
rl4crn_rne_oscillator_trace_8rxn_stop_risksched085to09_lr1e4_entropy005_s4_c1_rnetol_d256_depth3_p20,seed246,246,489,48900,100,16,102.56238933465927,119.18471853821771,101.93516422893916,False,max_epochs,2241.849624633789
rl4crn_rne_oscillator_trace_8rxn_stop_risksched085to09_lr1e4_entropy005_s4_c1_rnetol_d256_depth3_p20,seed246,246,490,49000,100,16,102.47125691237474,117.67811967868468,101.93516422893916,False,max_epochs,2247.102799654007
rl4crn_rne_oscillator_trace_8rxn_stop_risksched085to09_lr1e4_entropy005_s4_c1_rnetol_d256_depth3_p20,seed246,246,491,49100,100,16,102.26566564298311,111.86759225684872,101.93516422893916,False,max_epochs,2252.5619809627533
rl4crn_rne_oscillator_trace_8rxn_stop_risksched085to09_lr1e4_entropy005_s4_c1_rnetol_d256_depth3_p20,seed246,246,492,49200,100,16,101.78614398942288,115.42263751358007,101.78614398942288,False,max_epochs,2257.8843500614166
rl4crn_rne_oscillator_trace_8rxn_stop_risksched085to09_lr1e4_entropy005_s4_c1_rnetol_d256_depth3_p20,seed246,246,493,49300,100,16,101.87633183906776,106.78004592874507,101.78614398942288,False,max_epochs,2262.9335064888
rl4crn_rne_oscillator_trace_8rxn_stop_risksched085to09_lr1e4_entropy005_s4_c1_rnetol_d256_depth3_p20,seed246,246,494,49400,100,16,102.20134371429879,113.49255855058024,101.78614398942288,False,max_epochs,2267.9453167915344
rl4crn_rne_oscillator_trace_8rxn_stop_risksched085to09_lr1e4_entropy005_s4_c1_rnetol_d256_depth3_p20,seed246,246,495,49500,100,16,101.91077955758155,108.67769088243523,101.78614398942288,False,max_epochs,2272.4100258350372
rl4crn_rne_oscillator_trace_8rxn_stop_risksched085to09_lr1e4_entropy005_s4_c1_rnetol_d256_depth3_p20,seed246,246,496,49600,100,16,102.1354584880833,107.17700844915447,101.78614398942288,False,max_epochs,2275.390456676483
rl4crn_rne_oscillator_trace_8rxn_stop_risksched085to09_lr1e4_entropy005_s4_c1_rnetol_d256_depth3_p20,seed246,246,497,49700,100,16,101.9761597967384,107.48332618705672,101.78614398942288,False,max_epochs,2279.6791439056396
rl4crn_rne_oscillator_trace_8rxn_stop_risksched085to09_lr1e4_entropy005_s4_c1_rnetol_d256_depth3_p20,seed246,246,498,49800,100,16,102.3453256595735,111.88138568196769,101.78614398942288,False,max_epochs,2284.5679285526276
rl4crn_rne_oscillator_trace_8rxn_stop_risksched085to09_lr1e4_entropy005_s4_c1_rnetol_d256_depth3_p20,seed246,246,499,49900,100,16,101.8814207759896,113.472802373154,101.78614398942288,False,max_epochs,2289.5416581630707
rl4crn_rne_oscillator_trace_8rxn_stop_risksched085to09_lr1e4_entropy005_s4_c1_rnetol_d256_depth3_p20,seed246,246,500,50000,100,16,102.07356548276047,108.02408908323795,101.78614398942288,False,max_epochs,2294.75483584404
rl4crn_rne_oscillator_trace_8rxn_stop_risksched085to09_lr1e4_entropy005_s4_c1_rnetol_d256_depth3_p20,seed246,246,501,50100,100,16,102.18343432359124,107.30831895805468,101.78614398942288,False,max_epochs,2299.526093006134
rl4crn_rne_oscillator_trace_8rxn_stop_risksched085to09_lr1e4_entropy005_s4_c1_rnetol_d256_depth3_p20,seed246,246,502,50200,100,16,102.13131269633666,113.03610399799118,101.78614398942288,False,max_epochs,2304.222878932953
rl4crn_rne_oscillator_trace_8rxn_stop_risksched085to09_lr1e4_entropy005_s4_c1_rnetol_d256_depth3_p20,seed246,246,503,50300,100,16,101.88422483794308,107.01171608093833,101.78614398942288,False,max_epochs,2308.36825299263
rl4crn_rne_oscillator_trace_8rxn_stop_risksched085to09_lr1e4_entropy005_s4_c1_rnetol_d256_depth3_p20,seed246,246,504,50400,100,16,103.34481147468377,106.35432967372711,101.78614398942288,False,max_epochs,2311.935248851776
rl4crn_rne_oscillator_trace_8rxn_stop_risksched085to09_lr1e4_entropy005_s4_c1_rnetol_d256_depth3_p20,seed246,246,505,50500,100,16,103.8648713732223,107.36476813854304,101.78614398942288,False,max_epochs,2316.7503588199615
rl4crn_rne_oscillator_trace_8rxn_stop_risksched085to09_lr1e4_entropy005_s4_c1_rnetol_d256_depth3_p20,seed246,246,506,50600,100,16,102.56472692043174,106.4887868869413,101.78614398942288,False,max_epochs,2322.0988030433655
rl4crn_rne_oscillator_trace_8rxn_stop_risksched085to09_lr1e4_entropy005_s4_c1_rnetol_d256_depth3_p20,seed246,246,507,50700,100,16,101.90866042798136,115.99180327877255,101.78614398942288,False,max_epochs,2327.3292078971863
rl4crn_rne_oscillator_trace_8rxn_stop_risksched085to09_lr1e4_entropy005_s4_c1_rnetol_d256_depth3_p20,seed246,246,508,50800,100,16,102.05797267024663,110.73908808624418,101.78614398942288,False,max_epochs,2331.945574760437
rl4crn_rne_oscillator_trace_8rxn_stop_risksched085to09_lr1e4_entropy005_s4_c1_rnetol_d256_depth3_p20,seed246,246,509,50900,100,16,101.99140584054055,107.04838548446418,101.78614398942288,False,max_epochs,2337.0955622196198
rl4crn_rne_oscillator_trace_8rxn_stop_risksched085to09_lr1e4_entropy005_s4_c1_rnetol_d256_depth3_p20,seed246,246,510,51000,100,16,102.37391851214464,107.24713130353872,101.78614398942288,False,max_epochs,2341.84698677063
rl4crn_rne_oscillator_trace_8rxn_stop_risksched085to09_lr1e4_entropy005_s4_c1_rnetol_d256_depth3_p20,seed246,246,511,51100,100,16,101.94741004781162,115.37856488251686,101.78614398942288,False,max_epochs,2344.400082349777
rl4crn_rne_oscillator_trace_8rxn_stop_risksched085to09_lr1e4_entropy005_s4_c1_rnetol_d256_depth3_p20,seed246,246,512,51200,100,16,101.93613599833945,106.26224268014772,101.78614398942288,False,max_epochs,2349.268052816391
rl4crn_rne_oscillator_trace_8rxn_stop_risksched085to09_lr1e4_entropy005_s4_c1_rnetol_d256_depth3_p20,seed246,246,513,51300,100,16,102.26779621750396,104.6460488000015,101.78614398942288,False,max_epochs,2354.365119934082
rl4crn_rne_oscillator_trace_8rxn_stop_risksched085to09_lr1e4_entropy005_s4_c1_rnetol_d256_depth3_p20,seed246,246,514,51400,100,16,101.96905372948241,116.30701855932571,101.78614398942288,False,max_epochs,2359.6754398345947
rl4crn_rne_oscillator_trace_8rxn_stop_risksched085to09_lr1e4_entropy005_s4_c1_rnetol_d256_depth3_p20,seed246,246,515,51500,100,16,102.30425278083067,113.16022033434248,101.78614398942288,False,max_epochs,2365.2485313415527
rl4crn_rne_oscillator_trace_8rxn_stop_risksched085to09_lr1e4_entropy005_s4_c1_rnetol_d256_depth3_p20,seed246,246,516,51600,100,16,101.97179896045711,108.88776700578514,101.78614398942288,False,max_epochs,2370.253054380417
rl4crn_rne_oscillator_trace_8rxn_stop_risksched085to09_lr1e4_entropy005_s4_c1_rnetol_d256_depth3_p20,seed246,246,517,51700,100,16,101.93258512628066,112.03053185219491,101.78614398942288,False,max_epochs,2375.3135294914246
rl4crn_rne_oscillator_trace_8rxn_stop_risksched085to09_lr1e4_entropy005_s4_c1_rnetol_d256_depth3_p20,seed246,246,518,51800,100,16,102.27473442846758,112.17330873490525,101.78614398942288,False,max_epochs,2380.047547340393
rl4crn_rne_oscillator_trace_8rxn_stop_risksched085to09_lr1e4_entropy005_s4_c1_rnetol_d256_depth3_p20,seed246,246,519,51900,100,16,102.85197870775266,125.19163931319382,101.78614398942288,False,max_epochs,2382.3468732833862
rl4crn_rne_oscillator_trace_8rxn_stop_risksched085to09_lr1e4_entropy005_s4_c1_rnetol_d256_depth3_p20,seed246,246,520,52000,100,16,102.73354434324439,108.13131458696657,101.78614398942288,False,max_epochs,2387.410975217819
rl4crn_rne_oscillator_trace_8rxn_stop_risksched085to09_lr1e4_entropy005_s4_c1_rnetol_d256_depth3_p20,seed246,246,521,52100,100,16,102.54617793742607,107.98000817867015,101.78614398942288,False,max_epochs,2392.751296043396
rl4crn_rne_oscillator_trace_8rxn_stop_risksched085to09_lr1e4_entropy005_s4_c1_rnetol_d256_depth3_p20,seed246,246,522,52200,100,16,102.7366830091909,106.14089466516839,101.78614398942288,False,max_epochs,2398.1360688209534
rl4crn_rne_oscillator_trace_8rxn_stop_risksched085to09_lr1e4_entropy005_s4_c1_rnetol_d256_depth3_p20,seed246,246,523,52300,100,16,102.03479794077705,105.31217776370102,101.78614398942288,False,max_epochs,2403.7554664611816
rl4crn_rne_oscillator_trace_8rxn_stop_risksched085to09_lr1e4_entropy005_s4_c1_rnetol_d256_depth3_p20,seed246,246,524,52400,100,16,102.18432284748909,108.39121348640111,101.78614398942288,False,max_epochs,2409.030617952347
rl4crn_rne_oscillator_trace_8rxn_stop_risksched085to09_lr1e4_entropy005_s4_c1_rnetol_d256_depth3_p20,seed246,246,525,52500,100,16,101.88733257645245,105.85187354776872,101.78614398942288,False,max_epochs,2414.913249731064
rl4crn_rne_oscillator_trace_8rxn_stop_risksched085to09_lr1e4_entropy005_s4_c1_rnetol_d256_depth3_p20,seed246,246,526,52600,100,16,102.24312667419831,117.89483417715081,101.78614398942288,False,max_epochs,2419.961035966873
rl4crn_rne_oscillator_trace_8rxn_stop_risksched085to09_lr1e4_entropy005_s4_c1_rnetol_d256_depth3_p20,seed246,246,527,52700,100,16,102.5274926984714,105.68747954463247,101.78614398942288,False,max_epochs,2425.2540616989136
rl4crn_rne_oscillator_trace_8rxn_stop_risksched085to09_lr1e4_entropy005_s4_c1_rnetol_d256_depth3_p20,seed246,246,528,52800,100,16,102.28726159957594,106.95044028697868,101.78614398942288,False,max_epochs,2430.517170906067
rl4crn_rne_oscillator_trace_8rxn_stop_risksched085to09_lr1e4_entropy005_s4_c1_rnetol_d256_depth3_p20,seed246,246,529,52900,100,16,102.60564201389906,111.63389047707577,101.78614398942288,False,max_epochs,2436.3821465969086
rl4crn_rne_oscillator_trace_8rxn_stop_risksched085to09_lr1e4_entropy005_s4_c1_rnetol_d256_depth3_p20,seed246,246,530,53000,100,16,102.68394166173857,114.81175885455295,101.78614398942288,False,max_epochs,2441.6484797000885
rl4crn_rne_oscillator_trace_8rxn_stop_risksched085to09_lr1e4_entropy005_s4_c1_rnetol_d256_depth3_p20,seed246,246,531,53100,100,16,102.71129684570744,108.93906019235595,101.78614398942288,False,max_epochs,2446.907300233841
rl4crn_rne_oscillator_trace_8rxn_stop_risksched085to09_lr1e4_entropy005_s4_c1_rnetol_d256_depth3_p20,seed246,246,532,53200,100,16,102.23286878202703,110.19769253496602,101.78614398942288,False,max_epochs,2452.389373779297
rl4crn_rne_oscillator_trace_8rxn_stop_risksched085to09_lr1e4_entropy005_s4_c1_rnetol_d256_depth3_p20,seed246,246,533,53300,100,16,102.10773148549309,110.02217894920581,101.78614398942288,False,max_epochs,2457.978541612625
rl4crn_rne_oscillator_trace_8rxn_stop_risksched085to09_lr1e4_entropy005_s4_c1_rnetol_d256_depth3_p20,seed246,246,534,53400,100,16,102.02490533240939,110.11988821014401,101.78614398942288,False,max_epochs,2462.862069129944
rl4crn_rne_oscillator_trace_8rxn_stop_risksched085to09_lr1e4_entropy005_s4_c1_rnetol_d256_depth3_p20,seed246,246,535,53500,100,16,102.0730877376166,106.22145435383989,101.78614398942288,False,max_epochs,2467.760363340378
rl4crn_rne_oscillator_trace_8rxn_stop_risksched085to09_lr1e4_entropy005_s4_c1_rnetol_d256_depth3_p20,seed246,246,536,53600,100,16,101.95256653480328,115.91549774164578,101.78614398942288,False,max_epochs,2472.762721300125
rl4crn_rne_oscillator_trace_8rxn_stop_risksched085to09_lr1e4_entropy005_s4_c1_rnetol_d256_depth3_p20,seed246,246,537,53700,100,16,101.91333798692988,110.3968010844469,101.78614398942288,False,max_epochs,2475.422995567322
rl4crn_rne_oscillator_trace_8rxn_stop_risksched085to09_lr1e4_entropy005_s4_c1_rnetol_d256_depth3_p20,seed246,246,538,53800,100,16,101.83910173753623,119.93562985814589,101.78614398942288,False,max_epochs,2480.071717977524
rl4crn_rne_oscillator_trace_8rxn_stop_risksched085to09_lr1e4_entropy005_s4_c1_rnetol_d256_depth3_p20,seed246,246,539,53900,100,16,102.52759287783573,112.89839782802841,101.78614398942288,False,max_epochs,2485.5422809123993
rl4crn_rne_oscillator_trace_8rxn_stop_risksched085to09_lr1e4_entropy005_s4_c1_rnetol_d256_depth3_p20,seed246,246,540,54000,100,16,103.14763608178995,118.63462330812635,101.78614398942288,False,max_epochs,2490.961494445801
rl4crn_rne_oscillator_trace_8rxn_stop_risksched085to09_lr1e4_entropy005_s4_c1_rnetol_d256_depth3_p20,seed246,246,541,54100,100,16,102.956607929383,119.66694105066372,101.78614398942288,False,max_epochs,2496.679921388626
rl4crn_rne_oscillator_trace_8rxn_stop_risksched085to09_lr1e4_entropy005_s4_c1_rnetol_d256_depth3_p20,seed246,246,542,54200,100,16,101.9642764055717,114.24961054492972,101.78614398942288,False,max_epochs,2502.0280151367188
rl4crn_rne_oscillator_trace_8rxn_stop_risksched085to09_lr1e4_entropy005_s4_c1_rnetol_d256_depth3_p20,seed246,246,543,54300,100,16,102.15585905951905,106.87481001333,101.78614398942288,False,max_epochs,2507.2193565368652
rl4crn_rne_oscillator_trace_8rxn_stop_risksched085to09_lr1e4_entropy005_s4_c1_rnetol_d256_depth3_p20,seed246,246,544,54400,100,16,102.55939773484363,112.97643714718242,101.78614398942288,False,max_epochs,2512.3920843601227
rl4crn_rne_oscillator_trace_8rxn_stop_risksched085to09_lr1e4_entropy005_s4_c1_rnetol_d256_depth3_p20,seed246,246,545,54500,100,16,103.52803043832775,111.03924714827087,101.78614398942288,False,max_epochs,2517.459946155548
rl4crn_rne_oscillator_trace_8rxn_stop_risksched085to09_lr1e4_entropy005_s4_c1_rnetol_d256_depth3_p20,seed246,246,546,54600,100,16,104.57664144584331,113.27498382183785,101.78614398942288,False,max_epochs,2522.1923072338104
rl4crn_rne_oscillator_trace_8rxn_stop_risksched085to09_lr1e4_entropy005_s4_c1_rnetol_d256_depth3_p20,seed246,246,547,54700,100,16,104.07426083917973,114.2003431145228,101.78614398942288,False,max_epochs,2524.4670634269714
rl4crn_rne_oscillator_trace_8rxn_stop_risksched085to09_lr1e4_entropy005_s4_c1_rnetol_d256_depth3_p20,seed246,246,548,54800,100,16,102.01940043288337,114.71533215794483,101.78614398942288,False,max_epochs,2529.4834339618683
rl4crn_rne_oscillator_trace_8rxn_stop_risksched085to09_lr1e4_entropy005_s4_c1_rnetol_d256_depth3_p20,seed246,246,549,54900,100,16,102.48779907678403,109.805334601363,101.78614398942288,False,max_epochs,2535.025096178055
rl4crn_rne_oscillator_trace_8rxn_stop_risksched085to09_lr1e4_entropy005_s4_c1_rnetol_d256_depth3_p20,seed246,246,550,55000,100,16,103.73096818851249,113.43970238276998,101.78614398942288,False,max_epochs,2539.993602991104
rl4crn_rne_oscillator_trace_8rxn_stop_risksched085to09_lr1e4_entropy005_s4_c1_rnetol_d256_depth3_p20,seed246,246,551,55100,100,16,104.95482897622925,115.57494181473169,101.78614398942288,False,max_epochs,2545.0447227954865
rl4crn_rne_oscillator_trace_8rxn_stop_risksched085to09_lr1e4_entropy005_s4_c1_rnetol_d256_depth3_p20,seed246,246,552,55200,100,16,102.28703459852228,123.79096038430181,101.78614398942288,False,max_epochs,2550.0640490055084
rl4crn_rne_oscillator_trace_8rxn_stop_risksched085to09_lr1e4_entropy005_s4_c1_rnetol_d256_depth3_p20,seed246,246,553,55300,100,16,103.01014871001445,113.3054798183108,101.78614398942288,False,max_epochs,2554.345399618149
rl4crn_rne_oscillator_trace_8rxn_stop_risksched085to09_lr1e4_entropy005_s4_c1_rnetol_d256_depth3_p20,seed246,246,554,55400,100,16,102.5161871165953,110.88214182567988,101.78614398942288,False,max_epochs,2557.0318381786346
rl4crn_rne_oscillator_trace_8rxn_stop_risksched085to09_lr1e4_entropy005_s4_c1_rnetol_d256_depth3_p20,seed246,246,555,55500,100,16,102.86769582067998,111.02920981845573,101.78614398942288,False,max_epochs,2562.1129446029663
rl4crn_rne_oscillator_trace_8rxn_stop_risksched085to09_lr1e4_entropy005_s4_c1_rnetol_d256_depth3_p20,seed246,246,556,55600,100,16,102.0404726967199,115.05198313361345,101.78614398942288,False,max_epochs,2567.322983980179
rl4crn_rne_oscillator_trace_8rxn_stop_risksched085to09_lr1e4_entropy005_s4_c1_rnetol_d256_depth3_p20,seed246,246,557,55700,100,16,102.08074181184311,110.18443502615057,101.78614398942288,False,max_epochs,2572.5935492515564
rl4crn_rne_oscillator_trace_8rxn_stop_risksched085to09_lr1e4_entropy005_s4_c1_rnetol_d256_depth3_p20,seed246,246,558,55800,100,16,101.97069120635393,108.93278577965698,101.78614398942288,False,max_epochs,2577.6788125038147
rl4crn_rne_oscillator_trace_8rxn_stop_risksched085to09_lr1e4_entropy005_s4_c1_rnetol_d256_depth3_p20,seed246,246,559,55900,100,16,102.07484237934665,108.35236472842867,101.78614398942288,False,max_epochs,2582.499632358551
rl4crn_rne_oscillator_trace_8rxn_stop_risksched085to09_lr1e4_entropy005_s4_c1_rnetol_d256_depth3_p20,seed246,246,560,56000,100,16,101.84722704314328,109.50928476646514,101.78614398942288,False,max_epochs,2587.427167415619
rl4crn_rne_oscillator_trace_8rxn_stop_risksched085to09_lr1e4_entropy005_s4_c1_rnetol_d256_depth3_p20,seed246,246,561,56100,100,16,102.2680924121774,114.65019676426965,101.78614398942288,False,max_epochs,2589.6855552196503
rl4crn_rne_oscillator_trace_8rxn_stop_risksched085to09_lr1e4_entropy005_s4_c1_rnetol_d256_depth3_p20,seed246,246,562,56200,100,16,102.73354861778208,124.2395859474708,101.78614398942288,False,max_epochs,2594.820832490921
rl4crn_rne_oscillator_trace_8rxn_stop_risksched085to09_lr1e4_entropy005_s4_c1_rnetol_d256_depth3_p20,seed246,246,563,56300,100,16,101.82787414173387,116.58904561041356,101.78614398942288,False,max_epochs,2600.1006603240967
rl4crn_rne_oscillator_trace_8rxn_stop_risksched085to09_lr1e4_entropy005_s4_c1_rnetol_d256_depth3_p20,seed246,246,564,56400,100,16,101.79996467161874,109.39189429063894,101.78614398942288,False,max_epochs,2604.990877389908
rl4crn_rne_oscillator_trace_8rxn_stop_risksched085to09_lr1e4_entropy005_s4_c1_rnetol_d256_depth3_p20,seed246,246,565,56500,100,16,102.17322995211529,107.73749410468074,101.78614398942288,False,max_epochs,2610.035679578781
rl4crn_rne_oscillator_trace_8rxn_stop_risksched085to09_lr1e4_entropy005_s4_c1_rnetol_d256_depth3_p20,seed246,246,566,56600,100,16,103.17543455558692,107.03929750492534,101.78614398942288,False,max_epochs,2614.737129211426
rl4crn_rne_oscillator_trace_8rxn_stop_risksched085to09_lr1e4_entropy005_s4_c1_rnetol_d256_depth3_p20,seed246,246,567,56700,100,16,102.29885022018188,108.54035021305876,101.78614398942288,False,max_epochs,2617.164034843445
rl4crn_rne_oscillator_trace_8rxn_stop_risksched085to09_lr1e4_entropy005_s4_c1_rnetol_d256_depth3_p20,seed246,246,568,56800,100,16,102.07253525079099,114.73312771003546,101.78614398942288,False,max_epochs,2622.7374827861786
rl4crn_rne_oscillator_trace_8rxn_stop_risksched085to09_lr1e4_entropy005_s4_c1_rnetol_d256_depth3_p20,seed246,246,569,56900,100,16,102.1903956312343,121.06861819412404,101.78614398942288,False,max_epochs,2627.7999551296234
rl4crn_rne_oscillator_trace_8rxn_stop_risksched085to09_lr1e4_entropy005_s4_c1_rnetol_d256_depth3_p20,seed246,246,570,57000,100,16,102.28209709571627,111.43310039984325,101.78614398942288,False,max_epochs,2633.2015719413757
rl4crn_rne_oscillator_trace_8rxn_stop_risksched085to09_lr1e4_entropy005_s4_c1_rnetol_d256_depth3_p20,seed246,246,571,57100,100,16,102.2548843080989,109.04366399566737,101.78614398942288,False,max_epochs,2638.776561975479
rl4crn_rne_oscillator_trace_8rxn_stop_risksched085to09_lr1e4_entropy005_s4_c1_rnetol_d256_depth3_p20,seed246,246,572,57200,100,16,102.29749940111813,109.49997672210598,101.78614398942288,False,max_epochs,2644.504643678665
rl4crn_rne_oscillator_trace_8rxn_stop_risksched085to09_lr1e4_entropy005_s4_c1_rnetol_d256_depth3_p20,seed246,246,573,57300,100,16,102.08470332122283,108.9867656031681,101.78614398942288,False,max_epochs,2649.6663641929626
rl4crn_rne_oscillator_trace_8rxn_stop_risksched085to09_lr1e4_entropy005_s4_c1_rnetol_d256_depth3_p20,seed246,246,574,57400,100,16,102.18277681828451,113.92516859401236,101.78614398942288,False,max_epochs,2655.701240539551
rl4crn_rne_oscillator_trace_8rxn_stop_risksched085to09_lr1e4_entropy005_s4_c1_rnetol_d256_depth3_p20,seed246,246,575,57500,100,16,101.87656074946216,109.30191476424253,101.78614398942288,False,max_epochs,2660.9766466617584
rl4crn_rne_oscillator_trace_8rxn_stop_risksched085to09_lr1e4_entropy005_s4_c1_rnetol_d256_depth3_p20,seed246,246,576,57600,100,16,102.26282524279581,107.82049326079883,101.78614398942288,False,max_epochs,2666.429849624634
rl4crn_rne_oscillator_trace_8rxn_stop_risksched085to09_lr1e4_entropy005_s4_c1_rnetol_d256_depth3_p20,seed246,246,577,57700,100,16,102.02005949335079,114.0176331847501,101.78614398942288,False,max_epochs,2671.8711457252502
rl4crn_rne_oscillator_trace_8rxn_stop_risksched085to09_lr1e4_entropy005_s4_c1_rnetol_d256_depth3_p20,seed246,246,578,57800,100,16,102.62275318140821,113.74713233299565,101.78614398942288,False,max_epochs,2677.6291172504425
rl4crn_rne_oscillator_trace_8rxn_stop_risksched085to09_lr1e4_entropy005_s4_c1_rnetol_d256_depth3_p20,seed246,246,579,57900,100,16,101.85513686302728,110.9463470729132,101.78614398942288,False,max_epochs,2682.6447234153748
rl4crn_rne_oscillator_trace_8rxn_stop_risksched085to09_lr1e4_entropy005_s4_c1_rnetol_d256_depth3_p20,seed246,246,580,58000,100,16,102.15927764027366,105.97297808743535,101.78614398942288,False,max_epochs,2687.914168357849
rl4crn_rne_oscillator_trace_8rxn_stop_risksched085to09_lr1e4_entropy005_s4_c1_rnetol_d256_depth3_p20,seed246,246,581,58100,100,16,102.7868841505121,106.06034218813306,101.78614398942288,False,max_epochs,2693.1291847229004
rl4crn_rne_oscillator_trace_8rxn_stop_risksched085to09_lr1e4_entropy005_s4_c1_rnetol_d256_depth3_p20,seed246,246,582,58200,100,16,102.41487438957107,105.62024730637172,101.78614398942288,False,max_epochs,2698.287071943283
rl4crn_rne_oscillator_trace_8rxn_stop_risksched085to09_lr1e4_entropy005_s4_c1_rnetol_d256_depth3_p20,seed246,246,583,58300,100,16,102.2839488962898,107.76097454412152,101.78614398942288,False,max_epochs,2703.0394325256348
rl4crn_rne_oscillator_trace_8rxn_stop_risksched085to09_lr1e4_entropy005_s4_c1_rnetol_d256_depth3_p20,seed246,246,584,58400,100,16,102.25734198439467,109.39643591817658,101.78614398942288,False,max_epochs,2705.348731279373
rl4crn_rne_oscillator_trace_8rxn_stop_risksched085to09_lr1e4_entropy005_s4_c1_rnetol_d256_depth3_p20,seed246,246,585,58500,100,16,102.3623968376198,107.03114327135017,101.78614398942288,False,max_epochs,2710.3995010852814
rl4crn_rne_oscillator_trace_8rxn_stop_risksched085to09_lr1e4_entropy005_s4_c1_rnetol_d256_depth3_p20,seed246,246,586,58600,100,16,102.17006593641042,107.23357675402477,101.78614398942288,False,max_epochs,2715.597592115402
rl4crn_rne_oscillator_trace_8rxn_stop_risksched085to09_lr1e4_entropy005_s4_c1_rnetol_d256_depth3_p20,seed246,246,587,58700,100,16,102.20048309665181,106.12671054664466,101.78614398942288,False,max_epochs,2720.736891746521
rl4crn_rne_oscillator_trace_8rxn_stop_risksched085to09_lr1e4_entropy005_s4_c1_rnetol_d256_depth3_p20,seed246,246,588,58800,100,16,102.07213961632912,106.58250639576153,101.78614398942288,False,max_epochs,2725.8698740005493
rl4crn_rne_oscillator_trace_8rxn_stop_risksched085to09_lr1e4_entropy005_s4_c1_rnetol_d256_depth3_p20,seed246,246,589,58900,100,16,101.89351546620803,108.16798238396946,101.78614398942288,False,max_epochs,2727.9549391269684
rl4crn_rne_oscillator_trace_8rxn_stop_risksched085to09_lr1e4_entropy005_s4_c1_rnetol_d256_depth3_p20,seed246,246,590,59000,100,16,101.8942863843515,106.1876945047633,101.78614398942288,False,max_epochs,2732.943457365036
rl4crn_rne_oscillator_trace_8rxn_stop_risksched085to09_lr1e4_entropy005_s4_c1_rnetol_d256_depth3_p20,seed246,246,591,59100,100,16,102.08889514196332,105.71641194929185,101.78614398942288,False,max_epochs,2738.2905111312866
rl4crn_rne_oscillator_trace_8rxn_stop_risksched085to09_lr1e4_entropy005_s4_c1_rnetol_d256_depth3_p20,seed246,246,592,59200,100,16,101.91104566623258,107.54743511324297,101.78614398942288,False,max_epochs,2744.0149023532867
rl4crn_rne_oscillator_trace_8rxn_stop_risksched085to09_lr1e4_entropy005_s4_c1_rnetol_d256_depth3_p20,seed246,246,593,59300,100,16,102.05015720509351,106.28511671174164,101.78614398942288,False,max_epochs,2749.2100791931152
rl4crn_rne_oscillator_trace_8rxn_stop_risksched085to09_lr1e4_entropy005_s4_c1_rnetol_d256_depth3_p20,seed246,246,594,59400,100,16,102.04069325329718,117.90107781085973,101.78614398942288,False,max_epochs,2754.60130238533
rl4crn_rne_oscillator_trace_8rxn_stop_risksched085to09_lr1e4_entropy005_s4_c1_rnetol_d256_depth3_p20,seed246,246,595,59500,100,16,102.47606255216378,106.28123223883993,101.78614398942288,False,max_epochs,2759.8075160980225
rl4crn_rne_oscillator_trace_8rxn_stop_risksched085to09_lr1e4_entropy005_s4_c1_rnetol_d256_depth3_p20,seed246,246,596,59600,100,16,102.37811387484055,105.60317920171667,101.78614398942288,False,max_epochs,2765.694673538208
rl4crn_rne_oscillator_trace_8rxn_stop_risksched085to09_lr1e4_entropy005_s4_c1_rnetol_d256_depth3_p20,seed246,246,597,59700,100,16,102.04622951198832,105.26106269185368,101.78614398942288,False,max_epochs,2770.9733366966248
rl4crn_rne_oscillator_trace_8rxn_stop_risksched085to09_lr1e4_entropy005_s4_c1_rnetol_d256_depth3_p20,seed246,246,598,59800,100,16,103.54413003535332,112.82659920750193,101.78614398942288,False,max_epochs,2776.6316413879395
rl4crn_rne_oscillator_trace_8rxn_stop_risksched085to09_lr1e4_entropy005_s4_c1_rnetol_d256_depth3_p20,seed246,246,599,59900,100,16,106.60155656578979,116.03586619461683,101.78614398942288,False,max_epochs,2781.593424320221
rl4crn_rne_oscillator_trace_8rxn_stop_risksched085to09_lr1e4_entropy005_s4_c1_rnetol_d256_depth3_p20,seed246,246,600,60000,100,16,106.43883827766324,115.28687412976663,101.78614398942288,False,max_epochs,2786.4356656074524
rl4crn_rne_oscillator_trace_8rxn_stop_risksched085to09_lr1e4_entropy005_s4_c1_rnetol_d256_depth3_p20,seed246,246,601,60100,100,16,102.55618761220963,114.33508593855143,101.78614398942288,False,max_epochs,2791.4215075969696
rl4crn_rne_oscillator_trace_8rxn_stop_risksched085to09_lr1e4_entropy005_s4_c1_rnetol_d256_depth3_p20,seed246,246,602,60200,100,16,102.93102211615575,109.82849277030427,101.78614398942288,False,max_epochs,2794.1443021297455
rl4crn_rne_oscillator_trace_8rxn_stop_risksched085to09_lr1e4_entropy005_s4_c1_rnetol_d256_depth3_p20,seed246,246,603,60300,100,16,102.13410072111638,109.26367876710431,101.78614398942288,False,max_epochs,2798.4288988113403
rl4crn_rne_oscillator_trace_8rxn_stop_risksched085to09_lr1e4_entropy005_s4_c1_rnetol_d256_depth3_p20,seed246,246,604,60400,100,16,102.56830654125861,106.35539526165851,101.78614398942288,False,max_epochs,2803.633590221405
rl4crn_rne_oscillator_trace_8rxn_stop_risksched085to09_lr1e4_entropy005_s4_c1_rnetol_d256_depth3_p20,seed246,246,605,60500,100,16,103.88614222420121,108.10623837258589,101.78614398942288,False,max_epochs,2809.2014684677124
rl4crn_rne_oscillator_trace_8rxn_stop_risksched085to09_lr1e4_entropy005_s4_c1_rnetol_d256_depth3_p20,seed246,246,606,60600,100,16,102.20678284146949,107.14659452597097,101.78614398942288,False,max_epochs,2814.8796470165253
rl4crn_rne_oscillator_trace_8rxn_stop_risksched085to09_lr1e4_entropy005_s4_c1_rnetol_d256_depth3_p20,seed246,246,607,60700,100,16,101.8269366761939,107.54422301147972,101.78614398942288,False,max_epochs,2819.8642070293427
rl4crn_rne_oscillator_trace_8rxn_stop_risksched085to09_lr1e4_entropy005_s4_c1_rnetol_d256_depth3_p20,seed246,246,608,60800,100,16,102.30761020763173,115.19929532082546,101.78614398942288,False,max_epochs,2824.876463651657
rl4crn_rne_oscillator_trace_8rxn_stop_risksched085to09_lr1e4_entropy005_s4_c1_rnetol_d256_depth3_p20,seed246,246,609,60900,100,16,102.09939558895258,114.44444743297657,101.78614398942288,False,max_epochs,2829.9832446575165
rl4crn_rne_oscillator_trace_8rxn_stop_risksched085to09_lr1e4_entropy005_s4_c1_rnetol_d256_depth3_p20,seed246,246,610,61000,100,16,102.32855729701068,114.85797000945023,101.78614398942288,False,max_epochs,2834.901268005371
rl4crn_rne_oscillator_trace_8rxn_stop_risksched085to09_lr1e4_entropy005_s4_c1_rnetol_d256_depth3_p20,seed246,246,611,61100,100,16,103.08948164140111,116.16584005736519,101.78614398942288,False,max_epochs,2836.955519914627
rl4crn_rne_oscillator_trace_8rxn_stop_risksched085to09_lr1e4_entropy005_s4_c1_rnetol_d256_depth3_p20,seed246,246,612,61200,100,16,102.48005036863893,114.23252119008578,101.78614398942288,False,max_epochs,2842.1768839359283
rl4crn_rne_oscillator_trace_8rxn_stop_risksched085to09_lr1e4_entropy005_s4_c1_rnetol_d256_depth3_p20,seed246,246,613,61300,100,16,102.4678428947073,113.07164340827075,101.78614398942288,False,max_epochs,2847.1217584609985
rl4crn_rne_oscillator_trace_8rxn_stop_risksched085to09_lr1e4_entropy005_s4_c1_rnetol_d256_depth3_p20,seed246,246,614,61400,100,16,102.24207538945433,112.96503854149064,101.78614398942288,False,max_epochs,2852.8723018169403
rl4crn_rne_oscillator_trace_8rxn_stop_risksched085to09_lr1e4_entropy005_s4_c1_rnetol_d256_depth3_p20,seed246,246,615,61500,100,16,103.00732454281038,118.46550398155784,101.78614398942288,False,max_epochs,2857.9014637470245
rl4crn_rne_oscillator_trace_8rxn_stop_risksched085to09_lr1e4_entropy005_s4_c1_rnetol_d256_depth3_p20,seed246,246,616,61600,100,16,107.25998899677766,123.2749390074425,101.78614398942288,False,max_epochs,2862.7604746818542
rl4crn_rne_oscillator_trace_8rxn_stop_risksched085to09_lr1e4_entropy005_s4_c1_rnetol_d256_depth3_p20,seed246,246,617,61700,100,16,102.81170332910153,121.902224748294,101.78614398942288,False,max_epochs,2867.89022064209
rl4crn_rne_oscillator_trace_8rxn_stop_risksched085to09_lr1e4_entropy005_s4_c1_rnetol_d256_depth3_p20,seed246,246,618,61800,100,16,103.41523225636472,118.94473194714519,101.78614398942288,False,max_epochs,2872.6867456436157
rl4crn_rne_oscillator_trace_8rxn_stop_risksched085to09_lr1e4_entropy005_s4_c1_rnetol_d256_depth3_p20,seed246,246,619,61900,100,16,102.36253867663139,109.84607028091293,101.78614398942288,False,max_epochs,2874.9940168857574
rl4crn_rne_oscillator_trace_8rxn_stop_risksched085to09_lr1e4_entropy005_s4_c1_rnetol_d256_depth3_p20,seed246,246,620,62000,100,16,102.99139749190883,107.43625209963122,101.78614398942288,False,max_epochs,2880.08109331131
rl4crn_rne_oscillator_trace_8rxn_stop_risksched085to09_lr1e4_entropy005_s4_c1_rnetol_d256_depth3_p20,seed246,246,621,62100,100,16,103.9616267506073,111.97812249142149,101.78614398942288,False,max_epochs,2885.3019478321075
rl4crn_rne_oscillator_trace_8rxn_stop_risksched085to09_lr1e4_entropy005_s4_c1_rnetol_d256_depth3_p20,seed246,246,622,62200,100,16,104.29431622027444,111.46509846255908,101.78614398942288,False,max_epochs,2890.195387363434
rl4crn_rne_oscillator_trace_8rxn_stop_risksched085to09_lr1e4_entropy005_s4_c1_rnetol_d256_depth3_p20,seed246,246,623,62300,100,16,104.0990693883616,109.583004604569,101.78614398942288,False,max_epochs,2895.4550297260284
rl4crn_rne_oscillator_trace_8rxn_stop_risksched085to09_lr1e4_entropy005_s4_c1_rnetol_d256_depth3_p20,seed246,246,624,62400,100,16,102.42830411936359,108.58573624101888,101.78614398942288,False,max_epochs,2900.2312936782837
rl4crn_rne_oscillator_trace_8rxn_stop_risksched085to09_lr1e4_entropy005_s4_c1_rnetol_d256_depth3_p20,seed246,246,625,62500,100,16,103.28348280767551,113.84231848720586,101.78614398942288,False,max_epochs,2903.105591058731
rl4crn_rne_oscillator_trace_8rxn_stop_risksched085to09_lr1e4_entropy005_s4_c1_rnetol_d256_depth3_p20,seed246,246,626,62600,100,16,102.06294189580723,118.03400188356486,101.78614398942288,False,max_epochs,2907.3592801094055
rl4crn_rne_oscillator_trace_8rxn_stop_risksched085to09_lr1e4_entropy005_s4_c1_rnetol_d256_depth3_p20,seed246,246,627,62700,100,16,102.7481810132481,118.0465419654845,101.78614398942288,False,max_epochs,2912.6814711093903
rl4crn_rne_oscillator_trace_8rxn_stop_risksched085to09_lr1e4_entropy005_s4_c1_rnetol_d256_depth3_p20,seed246,246,628,62800,100,16,102.84206056047594,115.7004584195086,101.78614398942288,False,max_epochs,2918.4786837100983
rl4crn_rne_oscillator_trace_8rxn_stop_risksched085to09_lr1e4_entropy005_s4_c1_rnetol_d256_depth3_p20,seed246,246,629,62900,100,16,102.4808565261616,113.67520826794726,101.78614398942288,False,max_epochs,2923.5646719932556
rl4crn_rne_oscillator_trace_8rxn_stop_risksched085to09_lr1e4_entropy005_s4_c1_rnetol_d256_depth3_p20,seed246,246,630,63000,100,16,102.25431901561994,109.23674938105981,101.78614398942288,False,max_epochs,2928.5267889499664
rl4crn_rne_oscillator_trace_8rxn_stop_risksched085to09_lr1e4_entropy005_s4_c1_rnetol_d256_depth3_p20,seed246,246,631,63100,100,16,102.61818052661641,110.21255081028872,101.78614398942288,False,max_epochs,2934.0686509609222
rl4crn_rne_oscillator_trace_8rxn_stop_risksched085to09_lr1e4_entropy005_s4_c1_rnetol_d256_depth3_p20,seed246,246,632,63200,100,16,102.31391043264495,112.1717769333082,101.78614398942288,False,max_epochs,2940.0019369125366
rl4crn_rne_oscillator_trace_8rxn_stop_risksched085to09_lr1e4_entropy005_s4_c1_rnetol_d256_depth3_p20,seed246,246,633,63300,100,16,102.69362608770503,116.59851477880616,101.78614398942288,False,max_epochs,2945.2625069618225
rl4crn_rne_oscillator_trace_8rxn_stop_risksched085to09_lr1e4_entropy005_s4_c1_rnetol_d256_depth3_p20,seed246,246,634,63400,100,16,101.90982371645602,119.53925574974114,101.78614398942288,False,max_epochs,2950.8810715675354
rl4crn_rne_oscillator_trace_8rxn_stop_risksched085to09_lr1e4_entropy005_s4_c1_rnetol_d256_depth3_p20,seed246,246,635,63500,100,16,102.16830758764162,114.02777451202641,101.78614398942288,False,max_epochs,2956.257494211197
rl4crn_rne_oscillator_trace_8rxn_stop_risksched085to09_lr1e4_entropy005_s4_c1_rnetol_d256_depth3_p20,seed246,246,636,63600,100,16,102.0653788072951,108.44749162033304,101.78614398942288,False,max_epochs,2961.918958902359
rl4crn_rne_oscillator_trace_8rxn_stop_risksched085to09_lr1e4_entropy005_s4_c1_rnetol_d256_depth3_p20,seed246,246,637,63700,100,16,103.36987926594318,107.13258562260735,101.78614398942288,False,max_epochs,2967.059733390808
rl4crn_rne_oscillator_trace_8rxn_stop_risksched085to09_lr1e4_entropy005_s4_c1_rnetol_d256_depth3_p20,seed246,246,638,63800,100,16,103.88585583431028,116.30040541060323,101.78614398942288,False,max_epochs,2972.4607241153717
rl4crn_rne_oscillator_trace_8rxn_stop_risksched085to09_lr1e4_entropy005_s4_c1_rnetol_d256_depth3_p20,seed246,246,639,63900,100,16,102.5642542307296,106.67493728904776,101.78614398942288,False,max_epochs,2977.8393771648407
rl4crn_rne_oscillator_trace_8rxn_stop_risksched085to09_lr1e4_entropy005_s4_c1_rnetol_d256_depth3_p20,seed246,246,640,64000,100,16,102.02333263668646,105.7286157306901,101.78614398942288,False,max_epochs,2983.600427389145
rl4crn_rne_oscillator_trace_8rxn_stop_risksched085to09_lr1e4_entropy005_s4_c1_rnetol_d256_depth3_p20,seed246,246,641,64100,100,16,101.96146276768003,107.0705737333115,101.78614398942288,False,max_epochs,2988.9353115558624
rl4crn_rne_oscillator_trace_8rxn_stop_risksched085to09_lr1e4_entropy005_s4_c1_rnetol_d256_depth3_p20,seed246,246,642,64200,100,16,102.43298026936026,108.03158817664479,101.78614398942288,False,max_epochs,2994.212782382965
rl4crn_rne_oscillator_trace_8rxn_stop_risksched085to09_lr1e4_entropy005_s4_c1_rnetol_d256_depth3_p20,seed246,246,643,64300,100,16,102.9574440016971,109.47354340323247,101.78614398942288,False,max_epochs,2999.016235589981
rl4crn_rne_oscillator_trace_8rxn_stop_risksched085to09_lr1e4_entropy005_s4_c1_rnetol_d256_depth3_p20,seed246,246,644,64400,100,16,102.02371515475194,109.364451482019,101.78614398942288,False,max_epochs,3004.0352926254272
rl4crn_rne_oscillator_trace_8rxn_stop_risksched085to09_lr1e4_entropy005_s4_c1_rnetol_d256_depth3_p20,seed246,246,645,64500,100,16,102.35194879316448,107.28328479232954,101.78614398942288,False,max_epochs,3006.1371755599976
rl4crn_rne_oscillator_trace_8rxn_stop_risksched085to09_lr1e4_entropy005_s4_c1_rnetol_d256_depth3_p20,seed246,246,646,64600,100,16,102.24057682693758,105.54998194768397,101.78614398942288,False,max_epochs,3011.117208957672
rl4crn_rne_oscillator_trace_8rxn_stop_risksched085to09_lr1e4_entropy005_s4_c1_rnetol_d256_depth3_p20,seed246,246,647,64700,100,16,101.90511251062546,107.37138594017091,101.78614398942288,False,max_epochs,3016.433569908142
rl4crn_rne_oscillator_trace_8rxn_stop_risksched085to09_lr1e4_entropy005_s4_c1_rnetol_d256_depth3_p20,seed246,246,648,64800,100,16,102.32404779557683,108.42072979282668,101.78614398942288,False,max_epochs,3021.957815885544
rl4crn_rne_oscillator_trace_8rxn_stop_risksched085to09_lr1e4_entropy005_s4_c1_rnetol_d256_depth3_p20,seed246,246,649,64900,100,16,102.19045708453021,109.58421572062153,101.78614398942288,False,max_epochs,3027.0366728305817
rl4crn_rne_oscillator_trace_8rxn_stop_risksched085to09_lr1e4_entropy005_s4_c1_rnetol_d256_depth3_p20,seed246,246,650,65000,100,16,102.07079333932131,105.4745729102977,101.78614398942288,False,max_epochs,3031.6107552051544
rl4crn_rne_oscillator_trace_8rxn_stop_risksched085to09_lr1e4_entropy005_s4_c1_rnetol_d256_depth3_p20,seed246,246,651,65100,100,16,101.98555174253524,105.0718280212516,101.78614398942288,False,max_epochs,3036.627167224884
rl4crn_rne_oscillator_trace_8rxn_stop_risksched085to09_lr1e4_entropy005_s4_c1_rnetol_d256_depth3_p20,seed246,246,652,65200,100,16,102.0775500159509,106.13519048522555,101.78614398942288,False,max_epochs,3039.4562022686005
rl4crn_rne_oscillator_trace_8rxn_stop_risksched085to09_lr1e4_entropy005_s4_c1_rnetol_d256_depth3_p20,seed246,246,653,65300,100,16,102.30200284606428,111.68815512260562,101.78614398942288,False,max_epochs,3043.652488708496
rl4crn_rne_oscillator_trace_8rxn_stop_risksched085to09_lr1e4_entropy005_s4_c1_rnetol_d256_depth3_p20,seed246,246,654,65400,100,16,102.2787927590114,107.1965415586176,101.78614398942288,False,max_epochs,3048.55859875679
rl4crn_rne_oscillator_trace_8rxn_stop_risksched085to09_lr1e4_entropy005_s4_c1_rnetol_d256_depth3_p20,seed246,246,655,65500,100,16,102.31912901310416,105.25064708266277,101.78614398942288,False,max_epochs,3053.462645292282
rl4crn_rne_oscillator_trace_8rxn_stop_risksched085to09_lr1e4_entropy005_s4_c1_rnetol_d256_depth3_p20,seed246,246,656,65600,100,16,103.35479719999512,105.89767539079796,101.78614398942288,False,max_epochs,3058.557267665863
rl4crn_rne_oscillator_trace_8rxn_stop_risksched085to09_lr1e4_entropy005_s4_c1_rnetol_d256_depth3_p20,seed246,246,657,65700,100,16,102.46430284772673,104.99840739263524,101.78614398942288,False,max_epochs,3063.291140794754
rl4crn_rne_oscillator_trace_8rxn_stop_risksched085to09_lr1e4_entropy005_s4_c1_rnetol_d256_depth3_p20,seed246,246,658,65800,100,16,102.09081367647107,107.17663321121589,101.78614398942288,False,max_epochs,3065.705307006836
rl4crn_rne_oscillator_trace_8rxn_stop_risksched085to09_lr1e4_entropy005_s4_c1_rnetol_d256_depth3_p20,seed246,246,659,65900,100,16,102.12777679109558,106.5199360075205,101.78614398942288,False,max_epochs,3070.7509253025055
rl4crn_rne_oscillator_trace_8rxn_stop_risksched085to09_lr1e4_entropy005_s4_c1_rnetol_d256_depth3_p20,seed246,246,660,66000,100,16,101.89143772942447,104.79223936470137,101.78614398942288,False,max_epochs,3076.3808510303497
rl4crn_rne_oscillator_trace_8rxn_stop_risksched085to09_lr1e4_entropy005_s4_c1_rnetol_d256_depth3_p20,seed246,246,661,66100,100,16,102.1872547817211,106.59830626991591,101.78614398942288,False,max_epochs,3081.481617450714
rl4crn_rne_oscillator_trace_8rxn_stop_risksched085to09_lr1e4_entropy005_s4_c1_rnetol_d256_depth3_p20,seed246,246,662,66200,100,16,102.30858457334105,107.5305994750959,101.78614398942288,False,max_epochs,3086.9212996959686
rl4crn_rne_oscillator_trace_8rxn_stop_risksched085to09_lr1e4_entropy005_s4_c1_rnetol_d256_depth3_p20,seed246,246,663,66300,100,16,102.32023310743307,110.69533054485089,101.78614398942288,False,max_epochs,3092.356426715851
rl4crn_rne_oscillator_trace_8rxn_stop_risksched085to09_lr1e4_entropy005_s4_c1_rnetol_d256_depth3_p20,seed246,246,664,66400,100,16,102.4627660856053,112.75738502820616,101.78614398942288,False,max_epochs,3097.7905571460724
rl4crn_rne_oscillator_trace_8rxn_stop_risksched085to09_lr1e4_entropy005_s4_c1_rnetol_d256_depth3_p20,seed246,246,665,66500,100,16,101.96191510276316,107.05427468889602,101.78614398942288,False,max_epochs,3102.782283782959
rl4crn_rne_oscillator_trace_8rxn_stop_risksched085to09_lr1e4_entropy005_s4_c1_rnetol_d256_depth3_p20,seed246,246,666,66600,100,16,102.02351204790473,105.31667847246624,101.78614398942288,False,max_epochs,3108.0014181137085
rl4crn_rne_oscillator_trace_8rxn_stop_risksched085to09_lr1e4_entropy005_s4_c1_rnetol_d256_depth3_p20,seed246,246,667,66700,100,16,102.030484872445,105.85369344266687,101.78614398942288,False,max_epochs,3112.865284204483
rl4crn_rne_oscillator_trace_8rxn_stop_risksched085to09_lr1e4_entropy005_s4_c1_rnetol_d256_depth3_p20,seed246,246,668,66800,100,16,102.00800580542038,105.39894712357761,101.78614398942288,False,max_epochs,3117.7077951431274
rl4crn_rne_oscillator_trace_8rxn_stop_risksched085to09_lr1e4_entropy005_s4_c1_rnetol_d256_depth3_p20,seed246,246,669,66900,100,16,102.21346461587436,106.101419461447,101.78614398942288,False,max_epochs,3119.875232219696
rl4crn_rne_oscillator_trace_8rxn_stop_risksched085to09_lr1e4_entropy005_s4_c1_rnetol_d256_depth3_p20,seed246,246,670,67000,100,16,101.95989378518149,110.34085617394524,101.78614398942288,False,max_epochs,3124.964537382126
rl4crn_rne_oscillator_trace_8rxn_stop_risksched085to09_lr1e4_entropy005_s4_c1_rnetol_d256_depth3_p20,seed246,246,671,67100,100,16,102.22127764093402,106.98078788891695,101.78614398942288,False,max_epochs,3130.0956280231476
rl4crn_rne_oscillator_trace_8rxn_stop_risksched085to09_lr1e4_entropy005_s4_c1_rnetol_d256_depth3_p20,seed246,246,672,67200,100,16,101.94419648416168,106.52265357214989,101.78614398942288,False,max_epochs,3135.1120772361755
rl4crn_rne_oscillator_trace_8rxn_stop_risksched085to09_lr1e4_entropy005_s4_c1_rnetol_d256_depth3_p20,seed246,246,673,67300,100,16,102.40708335914009,105.90943124063006,101.78614398942288,False,max_epochs,3139.837683200836
rl4crn_rne_oscillator_trace_8rxn_stop_risksched085to09_lr1e4_entropy005_s4_c1_rnetol_d256_depth3_p20,seed246,246,674,67400,100,16,102.88270894011973,109.20164417647942,101.78614398942288,False,max_epochs,3144.5652899742126
rl4crn_rne_oscillator_trace_8rxn_stop_risksched085to09_lr1e4_entropy005_s4_c1_rnetol_d256_depth3_p20,seed246,246,675,67500,100,16,103.36896657160558,111.49898544359453,101.78614398942288,False,max_epochs,3147.118138074875
rl4crn_rne_oscillator_trace_8rxn_stop_risksched085to09_lr1e4_entropy005_s4_c1_rnetol_d256_depth3_p20,seed246,246,676,67600,100,16,103.98658309942323,109.91743171002938,101.78614398942288,False,max_epochs,3151.9629023075104
rl4crn_rne_oscillator_trace_8rxn_stop_risksched085to09_lr1e4_entropy005_s4_c1_rnetol_d256_depth3_p20,seed246,246,677,67700,100,16,103.78955885330106,116.10257690937084,101.78614398942288,False,max_epochs,3157.091260433197
rl4crn_rne_oscillator_trace_8rxn_stop_risksched085to09_lr1e4_entropy005_s4_c1_rnetol_d256_depth3_p20,seed246,246,678,67800,100,16,102.47228069330114,111.22884447011575,101.78614398942288,False,max_epochs,3162.208498239517
rl4crn_rne_oscillator_trace_8rxn_stop_risksched085to09_lr1e4_entropy005_s4_c1_rnetol_d256_depth3_p20,seed246,246,679,67900,100,16,102.03680887980113,109.29397503420657,101.78614398942288,False,max_epochs,3167.1456525325775
rl4crn_rne_oscillator_trace_8rxn_stop_risksched085to09_lr1e4_entropy005_s4_c1_rnetol_d256_depth3_p20,seed246,246,680,68000,100,16,102.141343743938,107.66832152392442,101.78614398942288,False,max_epochs,3171.958539247513
rl4crn_rne_oscillator_trace_8rxn_stop_risksched085to09_lr1e4_entropy005_s4_c1_rnetol_d256_depth3_p20,seed246,246,681,68100,100,16,102.41542612904968,105.4101483492287,101.78614398942288,False,max_epochs,3174.4036967754364
rl4crn_rne_oscillator_trace_8rxn_stop_risksched085to09_lr1e4_entropy005_s4_c1_rnetol_d256_depth3_p20,seed246,246,682,68200,100,16,102.61665216018928,105.94738284547824,101.78614398942288,False,max_epochs,3179.276477098465
rl4crn_rne_oscillator_trace_8rxn_stop_risksched085to09_lr1e4_entropy005_s4_c1_rnetol_d256_depth3_p20,seed246,246,683,68300,100,16,102.58680066349622,105.92205294355122,101.78614398942288,False,max_epochs,3184.5997002124786
rl4crn_rne_oscillator_trace_8rxn_stop_risksched085to09_lr1e4_entropy005_s4_c1_rnetol_d256_depth3_p20,seed246,246,684,68400,100,16,102.10282455231929,112.12999786294488,101.78614398942288,False,max_epochs,3190.2412898540497
rl4crn_rne_oscillator_trace_8rxn_stop_risksched085to09_lr1e4_entropy005_s4_c1_rnetol_d256_depth3_p20,seed246,246,685,68500,100,16,101.93657899915226,113.64521336258508,101.78614398942288,False,max_epochs,3195.520185947418
rl4crn_rne_oscillator_trace_8rxn_stop_risksched085to09_lr1e4_entropy005_s4_c1_rnetol_d256_depth3_p20,seed246,246,686,68600,100,16,101.94259391280862,112.51440926189406,101.78614398942288,False,max_epochs,3200.8132860660553
rl4crn_rne_oscillator_trace_8rxn_stop_risksched085to09_lr1e4_entropy005_s4_c1_rnetol_d256_depth3_p20,seed246,246,687,68700,100,16,102.17273121309896,105.9258005489409,101.78614398942288,False,max_epochs,3205.8918545246124
rl4crn_rne_oscillator_trace_8rxn_stop_risksched085to09_lr1e4_entropy005_s4_c1_rnetol_d256_depth3_p20,seed246,246,688,68800,100,16,101.96053645037733,106.40002275156314,101.78614398942288,False,max_epochs,3211.212164878845
rl4crn_rne_oscillator_trace_8rxn_stop_risksched085to09_lr1e4_entropy005_s4_c1_rnetol_d256_depth3_p20,seed246,246,689,68900,100,16,101.99517460606502,111.18875924059986,101.78614398942288,False,max_epochs,3215.9938027858734
rl4crn_rne_oscillator_trace_8rxn_stop_risksched085to09_lr1e4_entropy005_s4_c1_rnetol_d256_depth3_p20,seed246,246,690,69000,100,16,102.10014344795024,109.92087367419572,101.78614398942288,False,max_epochs,3218.2526319026947
rl4crn_rne_oscillator_trace_8rxn_stop_risksched085to09_lr1e4_entropy005_s4_c1_rnetol_d256_depth3_p20,seed246,246,691,69100,100,16,102.17937860971854,108.58093696897535,101.78614398942288,False,max_epochs,3222.836261510849
rl4crn_rne_oscillator_trace_8rxn_stop_risksched085to09_lr1e4_entropy005_s4_c1_rnetol_d256_depth3_p20,seed246,246,692,69200,100,16,102.02747816821076,107.83746633437353,101.78614398942288,False,max_epochs,3228.375967025757
rl4crn_rne_oscillator_trace_8rxn_stop_risksched085to09_lr1e4_entropy005_s4_c1_rnetol_d256_depth3_p20,seed246,246,693,69300,100,16,101.92259340675893,110.48310661172681,101.78614398942288,False,max_epochs,3233.99360704422
rl4crn_rne_oscillator_trace_8rxn_stop_risksched085to09_lr1e4_entropy005_s4_c1_rnetol_d256_depth3_p20,seed246,246,694,69400,100,16,102.18674337209806,109.74800505475172,101.78614398942288,False,max_epochs,3238.9988021850586
rl4crn_rne_oscillator_trace_8rxn_stop_risksched085to09_lr1e4_entropy005_s4_c1_rnetol_d256_depth3_p20,seed246,246,695,69500,100,16,102.16254314280758,111.24561084927316,101.78614398942288,False,max_epochs,3243.98242688179
rl4crn_rne_oscillator_trace_8rxn_stop_risksched085to09_lr1e4_entropy005_s4_c1_rnetol_d256_depth3_p20,seed246,246,696,69600,100,16,102.2236521684028,111.13382306589543,101.78614398942288,False,max_epochs,3248.9303150177
rl4crn_rne_oscillator_trace_8rxn_stop_risksched085to09_lr1e4_entropy005_s4_c1_rnetol_d256_depth3_p20,seed246,246,697,69700,100,16,101.91490361157656,110.49455573526686,101.78614398942288,False,max_epochs,3253.850907564163
rl4crn_rne_oscillator_trace_8rxn_stop_risksched085to09_lr1e4_entropy005_s4_c1_rnetol_d256_depth3_p20,seed246,246,698,69800,100,16,102.0046647720251,106.80871512086725,101.78614398942288,False,max_epochs,3256.253322839737
rl4crn_rne_oscillator_trace_8rxn_stop_risksched085to09_lr1e4_entropy005_s4_c1_rnetol_d256_depth3_p20,seed246,246,699,69900,100,16,101.86943565185415,106.02939734519498,101.78614398942288,False,max_epochs,3261.420389175415
rl4crn_rne_oscillator_trace_8rxn_stop_risksched085to09_lr1e4_entropy005_s4_c1_rnetol_d256_depth3_p20,seed246,246,700,70000,100,16,102.262143637057,105.4647059932991,101.78614398942288,False,max_epochs,3266.9081225395203
rl4crn_rne_oscillator_trace_8rxn_stop_risksched085to09_lr1e4_entropy005_s4_c1_rnetol_d256_depth3_p20,seed246,246,701,70100,100,16,101.84842124804095,106.35749740091475,101.78614398942288,False,max_epochs,3272.099930047989
rl4crn_rne_oscillator_trace_8rxn_stop_risksched085to09_lr1e4_entropy005_s4_c1_rnetol_d256_depth3_p20,seed246,246,702,70200,100,16,102.29767895494703,111.67233889856445,101.78614398942288,False,max_epochs,3276.9318063259125
rl4crn_rne_oscillator_trace_8rxn_stop_risksched085to09_lr1e4_entropy005_s4_c1_rnetol_d256_depth3_p20,seed246,246,703,70300,100,16,102.28531423815133,113.36531294170561,101.78614398942288,False,max_epochs,3281.8733389377594
rl4crn_rne_oscillator_trace_8rxn_stop_risksched085to09_lr1e4_entropy005_s4_c1_rnetol_d256_depth3_p20,seed246,246,704,70400,100,16,102.15804569681833,106.34186572799433,101.78614398942288,False,max_epochs,3286.760724544525
rl4crn_rne_oscillator_trace_8rxn_stop_risksched085to09_lr1e4_entropy005_s4_c1_rnetol_d256_depth3_p20,seed246,246,705,70500,100,16,102.08352032371704,106.88410144253967,101.78614398942288,False,max_epochs,3288.9427919387817
rl4crn_rne_oscillator_trace_8rxn_stop_risksched085to09_lr1e4_entropy005_s4_c1_rnetol_d256_depth3_p20,seed246,246,706,70600,100,16,102.74277749649798,108.75442799328323,101.78614398942288,False,max_epochs,3293.925058364868
rl4crn_rne_oscillator_trace_8rxn_stop_risksched085to09_lr1e4_entropy005_s4_c1_rnetol_d256_depth3_p20,seed246,246,707,70700,100,16,101.93565355045102,106.32095688204663,101.78614398942288,False,max_epochs,3299.205393075943
rl4crn_rne_oscillator_trace_8rxn_stop_risksched085to09_lr1e4_entropy005_s4_c1_rnetol_d256_depth3_p20,seed246,246,708,70800,100,16,102.07246293370252,108.93789745561152,101.78614398942288,False,max_epochs,3304.9621374607086
rl4crn_rne_oscillator_trace_8rxn_stop_risksched085to09_lr1e4_entropy005_s4_c1_rnetol_d256_depth3_p20,seed246,246,709,70900,100,16,102.17371876446434,109.06223467627748,101.78614398942288,False,max_epochs,3310.184739112854
rl4crn_rne_oscillator_trace_8rxn_stop_risksched085to09_lr1e4_entropy005_s4_c1_rnetol_d256_depth3_p20,seed246,246,710,71000,100,16,102.26585374719453,107.24685456426982,101.78614398942288,False,max_epochs,3315.547365665436
rl4crn_rne_oscillator_trace_8rxn_stop_risksched085to09_lr1e4_entropy005_s4_c1_rnetol_d256_depth3_p20,seed246,246,711,71100,100,16,102.01410324682308,105.01363085330613,101.78614398942288,False,max_epochs,3321.1702954769135
rl4crn_rne_oscillator_trace_8rxn_stop_risksched085to09_lr1e4_entropy005_s4_c1_rnetol_d256_depth3_p20,seed246,246,712,71200,100,16,102.23865946179389,114.28848077899195,101.78614398942288,False,max_epochs,3326.7703473567963
rl4crn_rne_oscillator_trace_8rxn_stop_risksched085to09_lr1e4_entropy005_s4_c1_rnetol_d256_depth3_p20,seed246,246,713,71300,100,16,102.10633751645665,106.12244642189773,101.78614398942288,False,max_epochs,3331.7924423217773
rl4crn_rne_oscillator_trace_8rxn_stop_risksched085to09_lr1e4_entropy005_s4_c1_rnetol_d256_depth3_p20,seed246,246,714,71400,100,16,102.04797230270749,105.94343949821207,101.78614398942288,False,max_epochs,3336.983510017395
rl4crn_rne_oscillator_trace_8rxn_stop_risksched085to09_lr1e4_entropy005_s4_c1_rnetol_d256_depth3_p20,seed246,246,715,71500,100,16,101.7726208618552,107.24320911316546,101.7726208618552,False,max_epochs,3341.8570964336395
rl4crn_rne_oscillator_trace_8rxn_stop_risksched085to09_lr1e4_entropy005_s4_c1_rnetol_d256_depth3_p20,seed246,246,716,71600,100,16,102.20331887747601,112.84903582915214,101.7726208618552,False,max_epochs,3346.8926582336426
rl4crn_rne_oscillator_trace_8rxn_stop_risksched085to09_lr1e4_entropy005_s4_c1_rnetol_d256_depth3_p20,seed246,246,717,71700,100,16,102.53647592451469,113.0924006021784,101.7726208618552,False,max_epochs,3349.1233534812927
rl4crn_rne_oscillator_trace_8rxn_stop_risksched085to09_lr1e4_entropy005_s4_c1_rnetol_d256_depth3_p20,seed246,246,718,71800,100,16,102.04022238693666,107.23068948803862,101.7726208618552,False,max_epochs,3354.040400981903
rl4crn_rne_oscillator_trace_8rxn_stop_risksched085to09_lr1e4_entropy005_s4_c1_rnetol_d256_depth3_p20,seed246,246,719,71900,100,16,101.89265934485908,106.378436918944,101.7726208618552,False,max_epochs,3359.3929369449615
rl4crn_rne_oscillator_trace_8rxn_stop_risksched085to09_lr1e4_entropy005_s4_c1_rnetol_d256_depth3_p20,seed246,246,720,72000,100,16,101.82067833654527,105.59414974552956,101.7726208618552,False,max_epochs,3365.2001781463623
rl4crn_rne_oscillator_trace_8rxn_stop_risksched085to09_lr1e4_entropy005_s4_c1_rnetol_d256_depth3_p20,seed246,246,721,72100,100,16,101.99540368268711,108.47494098363259,101.7726208618552,False,max_epochs,3370.629272699356
rl4crn_rne_oscillator_trace_8rxn_stop_risksched085to09_lr1e4_entropy005_s4_c1_rnetol_d256_depth3_p20,seed246,246,722,72200,100,16,102.45391384049194,112.25496639841676,101.7726208618552,False,max_epochs,3376.1080405712128
rl4crn_rne_oscillator_trace_8rxn_stop_risksched085to09_lr1e4_entropy005_s4_c1_rnetol_d256_depth3_p20,seed246,246,723,72300,100,16,102.3381172589597,114.60532983435733,101.7726208618552,False,max_epochs,3381.604508161545
rl4crn_rne_oscillator_trace_8rxn_stop_risksched085to09_lr1e4_entropy005_s4_c1_rnetol_d256_depth3_p20,seed246,246,724,72400,100,16,101.75716441793726,105.89625434388864,101.75716441793726,False,max_epochs,3387.2407307624817
rl4crn_rne_oscillator_trace_8rxn_stop_risksched085to09_lr1e4_entropy005_s4_c1_rnetol_d256_depth3_p20,seed246,246,725,72500,100,16,102.05311038024631,105.82721123416692,101.75716441793726,False,max_epochs,3392.4876894950867
rl4crn_rne_oscillator_trace_8rxn_stop_risksched085to09_lr1e4_entropy005_s4_c1_rnetol_d256_depth3_p20,seed246,246,726,72600,100,16,103.47319499379684,107.61243754396949,101.75716441793726,False,max_epochs,3398.025101661682
rl4crn_rne_oscillator_trace_8rxn_stop_risksched085to09_lr1e4_entropy005_s4_c1_rnetol_d256_depth3_p20,seed246,246,727,72700,100,16,103.549551681323,109.32975902129255,101.75716441793726,False,max_epochs,3403.3587079048157
rl4crn_rne_oscillator_trace_8rxn_stop_risksched085to09_lr1e4_entropy005_s4_c1_rnetol_d256_depth3_p20,seed246,246,728,72800,100,16,102.213214504306,112.1882354002084,101.75716441793726,False,max_epochs,3409.0085694789886
rl4crn_rne_oscillator_trace_8rxn_stop_risksched085to09_lr1e4_entropy005_s4_c1_rnetol_d256_depth3_p20,seed246,246,729,72900,100,16,101.72389388768383,110.74939038668961,101.72389388768383,False,max_epochs,3414.3509867191315
rl4crn_rne_oscillator_trace_8rxn_stop_risksched085to09_lr1e4_entropy005_s4_c1_rnetol_d256_depth3_p20,seed246,246,730,73000,100,16,102.17600363603823,107.07542745620364,101.72389388768383,False,max_epochs,3419.5263855457306
rl4crn_rne_oscillator_trace_8rxn_stop_risksched085to09_lr1e4_entropy005_s4_c1_rnetol_d256_depth3_p20,seed246,246,731,73100,100,16,101.9058378542218,109.88888861141487,101.72389388768383,False,max_epochs,3425.0885338783264
rl4crn_rne_oscillator_trace_8rxn_stop_risksched085to09_lr1e4_entropy005_s4_c1_rnetol_d256_depth3_p20,seed246,246,732,73200,100,16,102.06165659030482,108.10922598884542,101.72389388768383,False,max_epochs,3430.0500326156616
rl4crn_rne_oscillator_trace_8rxn_stop_risksched085to09_lr1e4_entropy005_s4_c1_rnetol_d256_depth3_p20,seed246,246,733,73300,100,16,101.8530498618112,106.60061971716478,101.72389388768383,False,max_epochs,3435.1699709892273
rl4crn_rne_oscillator_trace_8rxn_stop_risksched085to09_lr1e4_entropy005_s4_c1_rnetol_d256_depth3_p20,seed246,246,734,73400,100,16,102.94809115783787,114.01990648375491,101.72389388768383,False,max_epochs,3439.7802917957306
rl4crn_rne_oscillator_trace_8rxn_stop_risksched085to09_lr1e4_entropy005_s4_c1_rnetol_d256_depth3_p20,seed246,246,735,73500,100,16,102.28630656606178,112.45848061840243,101.72389388768383,False,max_epochs,3442.2216482162476
rl4crn_rne_oscillator_trace_8rxn_stop_risksched085to09_lr1e4_entropy005_s4_c1_rnetol_d256_depth3_p20,seed246,246,736,73600,100,16,102.44027299019206,109.08371977578048,101.72389388768383,False,max_epochs,3447.150931596756
rl4crn_rne_oscillator_trace_8rxn_stop_risksched085to09_lr1e4_entropy005_s4_c1_rnetol_d256_depth3_p20,seed246,246,737,73700,100,16,101.98882141845027,106.84984518139724,101.72389388768383,False,max_epochs,3452.5727422237396
rl4crn_rne_oscillator_trace_8rxn_stop_risksched085to09_lr1e4_entropy005_s4_c1_rnetol_d256_depth3_p20,seed246,246,738,73800,100,16,101.82768025422152,107.20741027035228,101.72389388768383,False,max_epochs,3458.054039001465
rl4crn_rne_oscillator_trace_8rxn_stop_risksched085to09_lr1e4_entropy005_s4_c1_rnetol_d256_depth3_p20,seed246,246,739,73900,100,16,102.16343000975465,108.85501505753157,101.72389388768383,False,max_epochs,3463.8618643283844
rl4crn_rne_oscillator_trace_8rxn_stop_risksched085to09_lr1e4_entropy005_s4_c1_rnetol_d256_depth3_p20,seed246,246,740,74000,100,16,102.1546862237814,108.23276868932416,101.72389388768383,False,max_epochs,3469.1694478988647
rl4crn_rne_oscillator_trace_8rxn_stop_risksched085to09_lr1e4_entropy005_s4_c1_rnetol_d256_depth3_p20,seed246,246,741,74100,100,16,101.97448961058126,107.90435147361183,101.72389388768383,False,max_epochs,3474.6379342079163
rl4crn_rne_oscillator_trace_8rxn_stop_risksched085to09_lr1e4_entropy005_s4_c1_rnetol_d256_depth3_p20,seed246,246,742,74200,100,16,102.13219663727133,106.06034279770873,101.72389388768383,False,max_epochs,3479.574901819229
rl4crn_rne_oscillator_trace_8rxn_stop_risksched085to09_lr1e4_entropy005_s4_c1_rnetol_d256_depth3_p20,seed246,246,743,74300,100,16,102.13139169896289,106.85780081377234,101.72389388768383,False,max_epochs,3484.8678681850433
rl4crn_rne_oscillator_trace_8rxn_stop_risksched085to09_lr1e4_entropy005_s4_c1_rnetol_d256_depth3_p20,seed246,246,744,74400,100,16,102.43562301172494,106.47323369496095,101.72389388768383,False,max_epochs,3489.9582056999207
rl4crn_rne_oscillator_trace_8rxn_stop_risksched085to09_lr1e4_entropy005_s4_c1_rnetol_d256_depth3_p20,seed246,246,745,74500,100,16,102.14868382883571,105.68808027973273,101.72389388768383,False,max_epochs,3492.0332460403442
rl4crn_rne_oscillator_trace_8rxn_stop_risksched085to09_lr1e4_entropy005_s4_c1_rnetol_d256_depth3_p20,seed246,246,746,74600,100,16,102.12003053781,108.3024616566156,101.72389388768383,False,max_epochs,3496.878105163574
rl4crn_rne_oscillator_trace_8rxn_stop_risksched085to09_lr1e4_entropy005_s4_c1_rnetol_d256_depth3_p20,seed246,246,747,74700,100,16,102.11372091216727,110.15331382480235,101.72389388768383,False,max_epochs,3502.208166360855
rl4crn_rne_oscillator_trace_8rxn_stop_risksched085to09_lr1e4_entropy005_s4_c1_rnetol_d256_depth3_p20,seed246,246,748,74800,100,16,102.37748008223457,106.20566664535681,101.72389388768383,False,max_epochs,3507.948128938675
rl4crn_rne_oscillator_trace_8rxn_stop_risksched085to09_lr1e4_entropy005_s4_c1_rnetol_d256_depth3_p20,seed246,246,749,74900,100,16,102.34056755471097,105.60796588773901,101.72389388768383,False,max_epochs,3513.131399869919
rl4crn_rne_oscillator_trace_8rxn_stop_risksched085to09_lr1e4_entropy005_s4_c1_rnetol_d256_depth3_p20,seed246,246,750,75000,100,16,101.82722574042982,107.45130546685175,101.72389388768383,False,max_epochs,3518.7306048870087
rl4crn_rne_oscillator_trace_8rxn_stop_risksched085to09_lr1e4_entropy005_s4_c1_rnetol_d256_depth3_p20,seed246,246,751,75100,100,16,101.82075094625762,105.12263139600459,101.72389388768383,False,max_epochs,3524.2162206172943
rl4crn_rne_oscillator_trace_8rxn_stop_risksched085to09_lr1e4_entropy005_s4_c1_rnetol_d256_depth3_p20,seed246,246,752,75200,100,16,101.71367476715317,109.57381590396407,101.71367476715317,False,max_epochs,3529.9376871585846
rl4crn_rne_oscillator_trace_8rxn_stop_risksched085to09_lr1e4_entropy005_s4_c1_rnetol_d256_depth3_p20,seed246,246,753,75300,100,16,102.15848489466742,106.77963732513108,101.71367476715317,False,max_epochs,3535.0525665283203
rl4crn_rne_oscillator_trace_8rxn_stop_risksched085to09_lr1e4_entropy005_s4_c1_rnetol_d256_depth3_p20,seed246,246,754,75400,100,16,101.9582692532977,105.34216370682469,101.71367476715317,False,max_epochs,3540.6379289627075
rl4crn_rne_oscillator_trace_8rxn_stop_risksched085to09_lr1e4_entropy005_s4_c1_rnetol_d256_depth3_p20,seed246,246,755,75500,100,16,101.82882377955525,105.75668558492822,101.71367476715317,False,max_epochs,3546.2373518943787
rl4crn_rne_oscillator_trace_8rxn_stop_risksched085to09_lr1e4_entropy005_s4_c1_rnetol_d256_depth3_p20,seed246,246,756,75600,100,16,101.78331089154237,105.45028018554447,101.71367476715317,False,max_epochs,3551.821765899658
rl4crn_rne_oscillator_trace_8rxn_stop_risksched085to09_lr1e4_entropy005_s4_c1_rnetol_d256_depth3_p20,seed246,246,757,75700,100,16,102.48236041424467,109.7194499394835,101.71367476715317,False,max_epochs,3556.9475660324097
rl4crn_rne_oscillator_trace_8rxn_stop_risksched085to09_lr1e4_entropy005_s4_c1_rnetol_d256_depth3_p20,seed246,246,758,75800,100,16,102.3056172671555,113.42570481434075,101.71367476715317,False,max_epochs,3562.201516866684
rl4crn_rne_oscillator_trace_8rxn_stop_risksched085to09_lr1e4_entropy005_s4_c1_rnetol_d256_depth3_p20,seed246,246,759,75900,100,16,102.68902348427164,112.35780416825258,101.71367476715317,False,max_epochs,3567.587105512619
rl4crn_rne_oscillator_trace_8rxn_stop_risksched085to09_lr1e4_entropy005_s4_c1_rnetol_d256_depth3_p20,seed246,246,760,76000,100,16,101.81307303327125,107.65382653565223,101.71367476715317,False,max_epochs,3573.5025041103363
rl4crn_rne_oscillator_trace_8rxn_stop_risksched085to09_lr1e4_entropy005_s4_c1_rnetol_d256_depth3_p20,seed246,246,761,76100,100,16,101.89792580995832,104.73662743647091,101.71367476715317,False,max_epochs,3578.6937453746796
rl4crn_rne_oscillator_trace_8rxn_stop_risksched085to09_lr1e4_entropy005_s4_c1_rnetol_d256_depth3_p20,seed246,246,762,76200,100,16,101.92413679230008,104.77889777962491,101.71367476715317,False,max_epochs,3583.7101814746857
rl4crn_rne_oscillator_trace_8rxn_stop_risksched085to09_lr1e4_entropy005_s4_c1_rnetol_d256_depth3_p20,seed246,246,763,76300,100,16,101.74495150797821,105.37997126216976,101.71367476715317,False,max_epochs,3588.8776500225067
rl4crn_rne_oscillator_trace_8rxn_stop_risksched085to09_lr1e4_entropy005_s4_c1_rnetol_d256_depth3_p20,seed246,246,764,76400,100,16,101.82827387791149,106.81484182053936,101.71367476715317,False,max_epochs,3593.6387057304382
rl4crn_rne_oscillator_trace_8rxn_stop_risksched085to09_lr1e4_entropy005_s4_c1_rnetol_d256_depth3_p20,seed246,246,765,76500,100,16,101.80737250636402,105.78594334557914,101.71367476715317,False,max_epochs,3595.9770934581757
rl4crn_rne_oscillator_trace_8rxn_stop_risksched085to09_lr1e4_entropy005_s4_c1_rnetol_d256_depth3_p20,seed246,246,766,76600,100,16,101.99819727823827,105.39967369713771,101.71367476715317,False,max_epochs,3600.9225137233734
rl4crn_rne_oscillator_trace_8rxn_stop_risksched085to09_lr1e4_entropy005_s4_c1_rnetol_d256_depth3_p20,seed246,246,767,76700,100,16,101.86203480783414,105.21728159239363,101.71367476715317,False,max_epochs,3606.218857049942
rl4crn_rne_oscillator_trace_8rxn_stop_risksched085to09_lr1e4_entropy005_s4_c1_rnetol_d256_depth3_p20,seed246,246,768,76800,100,16,101.87861616564344,104.5539553709946,101.71367476715317,False,max_epochs,3611.891312122345
rl4crn_rne_oscillator_trace_8rxn_stop_risksched085to09_lr1e4_entropy005_s4_c1_rnetol_d256_depth3_p20,seed246,246,769,76900,100,16,101.8419681058661,104.04097224628117,101.71367476715317,False,max_epochs,3617.0664179325104
rl4crn_rne_oscillator_trace_8rxn_stop_risksched085to09_lr1e4_entropy005_s4_c1_rnetol_d256_depth3_p20,seed246,246,770,77000,100,16,101.76475542093286,104.63061094080513,101.71367476715317,False,max_epochs,3621.643240213394
rl4crn_rne_oscillator_trace_8rxn_stop_risksched085to09_lr1e4_entropy005_s4_c1_rnetol_d256_depth3_p20,seed246,246,771,77100,100,16,101.88284485927565,104.23922226557386,101.71367476715317,False,max_epochs,3626.712515592575
rl4crn_rne_oscillator_trace_8rxn_stop_risksched085to09_lr1e4_entropy005_s4_c1_rnetol_d256_depth3_p20,seed246,246,772,77200,100,16,102.06217963579698,104.25590717986856,101.71367476715317,False,max_epochs,3630.715271472931
rl4crn_rne_oscillator_trace_8rxn_stop_risksched085to09_lr1e4_entropy005_s4_c1_rnetol_d256_depth3_p20,seed246,246,773,77300,100,16,102.18364233263358,104.27299556798945,101.71367476715317,False,max_epochs,3633.7182669639587
rl4crn_rne_oscillator_trace_8rxn_stop_risksched085to09_lr1e4_entropy005_s4_c1_rnetol_d256_depth3_p20,seed246,246,774,77400,100,16,101.77809183736117,105.8363770999511,101.71367476715317,False,max_epochs,3638.9329676628113
rl4crn_rne_oscillator_trace_8rxn_stop_risksched085to09_lr1e4_entropy005_s4_c1_rnetol_d256_depth3_p20,seed246,246,775,77500,100,16,101.8562479476447,104.73710936290757,101.71367476715317,False,max_epochs,3643.9115607738495
rl4crn_rne_oscillator_trace_8rxn_stop_risksched085to09_lr1e4_entropy005_s4_c1_rnetol_d256_depth3_p20,seed246,246,776,77600,100,16,101.91280916106474,107.42418662291465,101.71367476715317,False,max_epochs,3649.3865160942078
rl4crn_rne_oscillator_trace_8rxn_stop_risksched085to09_lr1e4_entropy005_s4_c1_rnetol_d256_depth3_p20,seed246,246,777,77700,100,16,102.73126660728447,111.95501686437171,101.71367476715317,False,max_epochs,3654.268487215042
rl4crn_rne_oscillator_trace_8rxn_stop_risksched085to09_lr1e4_entropy005_s4_c1_rnetol_d256_depth3_p20,seed246,246,778,77800,100,16,102.05810489808881,107.86659242537718,101.71367476715317,False,max_epochs,3659.0154621601105
rl4crn_rne_oscillator_trace_8rxn_stop_risksched085to09_lr1e4_entropy005_s4_c1_rnetol_d256_depth3_p20,seed246,246,779,77900,100,16,101.77932268833223,103.7586407413435,101.71367476715317,False,max_epochs,3661.4271771907806
rl4crn_rne_oscillator_trace_8rxn_stop_risksched085to09_lr1e4_entropy005_s4_c1_rnetol_d256_depth3_p20,seed246,246,780,78000,100,16,101.72418113191031,103.85135098481959,101.71367476715317,False,max_epochs,3666.622419118881
rl4crn_rne_oscillator_trace_8rxn_stop_risksched085to09_lr1e4_entropy005_s4_c1_rnetol_d256_depth3_p20,seed246,246,781,78100,100,16,102.4743290980069,106.39619696134992,101.71367476715317,False,max_epochs,3671.7897956371307
rl4crn_rne_oscillator_trace_8rxn_stop_risksched085to09_lr1e4_entropy005_s4_c1_rnetol_d256_depth3_p20,seed246,246,782,78200,100,16,104.80342210871791,109.17994699234403,101.71367476715317,False,max_epochs,3676.9612016677856
rl4crn_rne_oscillator_trace_8rxn_stop_risksched085to09_lr1e4_entropy005_s4_c1_rnetol_d256_depth3_p20,seed246,246,783,78300,100,16,102.61488328448661,110.18886973432129,101.71367476715317,False,max_epochs,3682.335305929184
rl4crn_rne_oscillator_trace_8rxn_stop_risksched085to09_lr1e4_entropy005_s4_c1_rnetol_d256_depth3_p20,seed246,246,784,78400,100,16,103.11689355173854,109.15193221010327,101.71367476715317,False,max_epochs,3688.0276753902435
rl4crn_rne_oscillator_trace_8rxn_stop_risksched085to09_lr1e4_entropy005_s4_c1_rnetol_d256_depth3_p20,seed246,246,785,78500,100,16,102.50194256781367,107.23939559208911,101.71367476715317,False,max_epochs,3692.9700651168823
rl4crn_rne_oscillator_trace_8rxn_stop_risksched085to09_lr1e4_entropy005_s4_c1_rnetol_d256_depth3_p20,seed246,246,786,78600,100,16,101.77248771807814,104.23142558941228,101.71367476715317,False,max_epochs,3697.960033893585
rl4crn_rne_oscillator_trace_8rxn_stop_risksched085to09_lr1e4_entropy005_s4_c1_rnetol_d256_depth3_p20,seed246,246,787,78700,100,16,104.92105286493691,110.14010959522236,101.71367476715317,False,max_epochs,3702.999698162079
rl4crn_rne_oscillator_trace_8rxn_stop_risksched085to09_lr1e4_entropy005_s4_c1_rnetol_d256_depth3_p20,seed246,246,788,78800,100,16,107.58291543784122,112.3415438169607,101.71367476715317,False,max_epochs,3705.3548221588135
rl4crn_rne_oscillator_trace_8rxn_stop_risksched085to09_lr1e4_entropy005_s4_c1_rnetol_d256_depth3_p20,seed246,246,789,78900,100,16,103.78409058713626,111.28290094347037,101.71367476715317,False,max_epochs,3710.204828977585
rl4crn_rne_oscillator_trace_8rxn_stop_risksched085to09_lr1e4_entropy005_s4_c1_rnetol_d256_depth3_p20,seed246,246,790,79000,100,16,101.97278348824746,105.24097204318238,101.71367476715317,False,max_epochs,3715.5264008045197
rl4crn_rne_oscillator_trace_8rxn_stop_risksched085to09_lr1e4_entropy005_s4_c1_rnetol_d256_depth3_p20,seed246,246,791,79100,100,16,102.6303786949223,110.32161595985359,101.71367476715317,False,max_epochs,3720.8720836639404
rl4crn_rne_oscillator_trace_8rxn_stop_risksched085to09_lr1e4_entropy005_s4_c1_rnetol_d256_depth3_p20,seed246,246,792,79200,100,16,104.70576497681577,110.88354224459856,101.71367476715317,False,max_epochs,3726.4951989650726
rl4crn_rne_oscillator_trace_8rxn_stop_risksched085to09_lr1e4_entropy005_s4_c1_rnetol_d256_depth3_p20,seed246,246,793,79300,100,16,104.79519543334847,111.75477181698125,101.71367476715317,False,max_epochs,3731.8360991477966
rl4crn_rne_oscillator_trace_8rxn_stop_risksched085to09_lr1e4_entropy005_s4_c1_rnetol_d256_depth3_p20,seed246,246,794,79400,100,16,103.85615190366076,110.87593372629416,101.71367476715317,False,max_epochs,3736.937055826187
rl4crn_rne_oscillator_trace_8rxn_stop_risksched085to09_lr1e4_entropy005_s4_c1_rnetol_d256_depth3_p20,seed246,246,795,79500,100,16,101.77930455426329,109.40795077033648,101.71367476715317,False,max_epochs,3742.212117433548
rl4crn_rne_oscillator_trace_8rxn_stop_risksched085to09_lr1e4_entropy005_s4_c1_rnetol_d256_depth3_p20,seed246,246,796,79600,100,16,102.22949125966542,108.25641563652928,101.71367476715317,False,max_epochs,3747.982489824295
rl4crn_rne_oscillator_trace_8rxn_stop_risksched085to09_lr1e4_entropy005_s4_c1_rnetol_d256_depth3_p20,seed246,246,797,79700,100,16,102.51602459980458,109.94964525618397,101.71367476715317,False,max_epochs,3753.112402200699
rl4crn_rne_oscillator_trace_8rxn_stop_risksched085to09_lr1e4_entropy005_s4_c1_rnetol_d256_depth3_p20,seed246,246,798,79800,100,16,103.49009119970803,117.77343676426682,101.71367476715317,False,max_epochs,3758.3634085655212
rl4crn_rne_oscillator_trace_8rxn_stop_risksched085to09_lr1e4_entropy005_s4_c1_rnetol_d256_depth3_p20,seed246,246,799,79900,100,16,105.55169841853551,122.93472187111493,101.71367476715317,False,max_epochs,3762.8864727020264
rl4crn_rne_oscillator_trace_8rxn_stop_risksched085to09_lr1e4_entropy005_s4_c1_rnetol_d256_depth3_p20,seed246,246,800,80000,100,16,103.23592112463312,121.27770006444165,101.71367476715317,False,max_epochs,3767.2710888385773
rl4crn_rne_oscillator_trace_8rxn_stop_risksched085to09_lr1e4_entropy005_s4_c1_rnetol_d256_depth3_p20,seed246,246,801,80100,100,16,103.07777661832414,116.69122821567095,101.71367476715317,False,max_epochs,3769.9529304504395
