method,run_id,seed,epoch,candidate_evaluations,batch_size,n_cpus,epoch_best_loss,epoch_median_loss,saved_best_loss,success,stop_reason,elapsed_seconds
rl4crn_rne_oscillator_trace_8rxn_stop_risksched085to09_lr1e4_entropy005_s4_c1_rnetol_d256_depth3_p20_bs200,seed229,229,1,200,200,16,124.2810575970111,130.66538856407203,124.2810575970111,False,max_epochs,9.922386407852173
rl4crn_rne_oscillator_trace_8rxn_stop_risksched085to09_lr1e4_entropy005_s4_c1_rnetol_d256_depth3_p20_bs200,seed229,229,2,400,200,16,123.96163133223617,130.61135274031847,123.96163133223617,False,max_epochs,16.371189832687378
rl4crn_rne_oscillator_trace_8rxn_stop_risksched085to09_lr1e4_entropy005_s4_c1_rnetol_d256_depth3_p20_bs200,seed229,229,3,600,200,16,123.03873490691461,130.828752315531,123.03873490691461,False,max_epochs,24.429381370544434
rl4crn_rne_oscillator_trace_8rxn_stop_risksched085to09_lr1e4_entropy005_s4_c1_rnetol_d256_depth3_p20_bs200,seed229,229,4,800,200,16,123.92710582745495,130.94508200332353,123.03873490691461,False,max_epochs,32.97328019142151
rl4crn_rne_oscillator_trace_8rxn_stop_risksched085to09_lr1e4_entropy005_s4_c1_rnetol_d256_depth3_p20_bs200,seed229,229,5,1000,200,16,124.55991710516845,132.07198067672667,123.03873490691461,False,max_epochs,41.136807441711426
rl4crn_rne_oscillator_trace_8rxn_stop_risksched085to09_lr1e4_entropy005_s4_c1_rnetol_d256_depth3_p20_bs200,seed229,229,6,1200,200,16,123.83600925577606,131.3499542301496,123.03873490691461,False,max_epochs,49.77711272239685
rl4crn_rne_oscillator_trace_8rxn_stop_risksched085to09_lr1e4_entropy005_s4_c1_rnetol_d256_depth3_p20_bs200,seed229,229,7,1400,200,16,123.91930373035771,130.84830079314887,123.03873490691461,False,max_epochs,58.33906650543213
rl4crn_rne_oscillator_trace_8rxn_stop_risksched085to09_lr1e4_entropy005_s4_c1_rnetol_d256_depth3_p20_bs200,seed229,229,8,1600,200,16,123.5787575604322,130.25381299781472,123.03873490691461,False,max_epochs,66.3988766670227
rl4crn_rne_oscillator_trace_8rxn_stop_risksched085to09_lr1e4_entropy005_s4_c1_rnetol_d256_depth3_p20_bs200,seed229,229,9,1800,200,16,123.15360556501642,131.37981254076595,123.03873490691461,False,max_epochs,74.3853075504303
rl4crn_rne_oscillator_trace_8rxn_stop_risksched085to09_lr1e4_entropy005_s4_c1_rnetol_d256_depth3_p20_bs200,seed229,229,10,2000,200,16,122.1941686359316,131.39728010371286,122.1941686359316,False,max_epochs,82.27482986450195
rl4crn_rne_oscillator_trace_8rxn_stop_risksched085to09_lr1e4_entropy005_s4_c1_rnetol_d256_depth3_p20_bs200,seed229,229,11,2200,200,16,122.37810141423897,130.66067927319904,122.1941686359316,False,max_epochs,90.49833583831787
rl4crn_rne_oscillator_trace_8rxn_stop_risksched085to09_lr1e4_entropy005_s4_c1_rnetol_d256_depth3_p20_bs200,seed229,229,12,2400,200,16,122.98406790707338,130.89947576524946,122.1941686359316,False,max_epochs,98.19259238243103
rl4crn_rne_oscillator_trace_8rxn_stop_risksched085to09_lr1e4_entropy005_s4_c1_rnetol_d256_depth3_p20_bs200,seed229,229,13,2600,200,16,122.81270991065574,130.54011301706657,122.1941686359316,False,max_epochs,104.97175145149231
rl4crn_rne_oscillator_trace_8rxn_stop_risksched085to09_lr1e4_entropy005_s4_c1_rnetol_d256_depth3_p20_bs200,seed229,229,14,2800,200,16,123.14223718927823,130.46156857835757,122.1941686359316,False,max_epochs,108.17095899581909
rl4crn_rne_oscillator_trace_8rxn_stop_risksched085to09_lr1e4_entropy005_s4_c1_rnetol_d256_depth3_p20_bs200,seed229,229,15,3000,200,16,123.76556159390596,129.85670944256702,122.1941686359316,False,max_epochs,116.50710034370422
rl4crn_rne_oscillator_trace_8rxn_stop_risksched085to09_lr1e4_entropy005_s4_c1_rnetol_d256_depth3_p20_bs200,seed229,229,16,3200,200,16,122.71157228473844,129.91696529350907,122.1941686359316,False,max_epochs,124.35112571716309
rl4crn_rne_oscillator_trace_8rxn_stop_risksched085to09_lr1e4_entropy005_s4_c1_rnetol_d256_depth3_p20_bs200,seed229,229,17,3400,200,16,123.98270896572635,130.10415717685618,122.1941686359316,False,max_epochs,132.90839290618896
rl4crn_rne_oscillator_trace_8rxn_stop_risksched085to09_lr1e4_entropy005_s4_c1_rnetol_d256_depth3_p20_bs200,seed229,229,18,3600,200,16,123.03972736984248,129.92402767030956,122.1941686359316,False,max_epochs,141.59410619735718
rl4crn_rne_oscillator_trace_8rxn_stop_risksched085to09_lr1e4_entropy005_s4_c1_rnetol_d256_depth3_p20_bs200,seed229,229,19,3800,200,16,122.84372110090182,130.1465845657487,122.1941686359316,False,max_epochs,149.96193599700928
rl4crn_rne_oscillator_trace_8rxn_stop_risksched085to09_lr1e4_entropy005_s4_c1_rnetol_d256_depth3_p20_bs200,seed229,229,20,4000,200,16,122.55659210103539,129.85501575186834,122.1941686359316,False,max_epochs,158.0302951335907
rl4crn_rne_oscillator_trace_8rxn_stop_risksched085to09_lr1e4_entropy005_s4_c1_rnetol_d256_depth3_p20_bs200,seed229,229,21,4200,200,16,123.08748185139127,128.24129199467518,122.1941686359316,False,max_epochs,165.83954095840454
rl4crn_rne_oscillator_trace_8rxn_stop_risksched085to09_lr1e4_entropy005_s4_c1_rnetol_d256_depth3_p20_bs200,seed229,229,22,4400,200,16,122.45092664875901,128.33946496253975,122.1941686359316,False,max_epochs,173.88714003562927
rl4crn_rne_oscillator_trace_8rxn_stop_risksched085to09_lr1e4_entropy005_s4_c1_rnetol_d256_depth3_p20_bs200,seed229,229,23,4600,200,16,122.76354733062603,127.53106921971649,122.1941686359316,False,max_epochs,181.60918831825256
rl4crn_rne_oscillator_trace_8rxn_stop_risksched085to09_lr1e4_entropy005_s4_c1_rnetol_d256_depth3_p20_bs200,seed229,229,24,4800,200,16,122.78357274584825,126.87422781493932,122.1941686359316,False,max_epochs,185.0396227836609
rl4crn_rne_oscillator_trace_8rxn_stop_risksched085to09_lr1e4_entropy005_s4_c1_rnetol_d256_depth3_p20_bs200,seed229,229,25,5000,200,16,120.36522287743169,126.72031686262014,120.36522287743169,False,max_epochs,192.178213596344
rl4crn_rne_oscillator_trace_8rxn_stop_risksched085to09_lr1e4_entropy005_s4_c1_rnetol_d256_depth3_p20_bs200,seed229,229,26,5200,200,16,122.062372655342,126.438122309432,120.36522287743169,False,max_epochs,200.36350560188293
rl4crn_rne_oscillator_trace_8rxn_stop_risksched085to09_lr1e4_entropy005_s4_c1_rnetol_d256_depth3_p20_bs200,seed229,229,27,5400,200,16,121.61128560933251,126.0651341442609,120.36522287743169,False,max_epochs,208.08930492401123
rl4crn_rne_oscillator_trace_8rxn_stop_risksched085to09_lr1e4_entropy005_s4_c1_rnetol_d256_depth3_p20_bs200,seed229,229,28,5600,200,16,121.73485383851606,125.76649650719258,120.36522287743169,False,max_epochs,216.20810389518738
rl4crn_rne_oscillator_trace_8rxn_stop_risksched085to09_lr1e4_entropy005_s4_c1_rnetol_d256_depth3_p20_bs200,seed229,229,29,5800,200,16,121.8970985146099,125.9708422874441,120.36522287743169,False,max_epochs,224.87023973464966
rl4crn_rne_oscillator_trace_8rxn_stop_risksched085to09_lr1e4_entropy005_s4_c1_rnetol_d256_depth3_p20_bs200,seed229,229,30,6000,200,16,121.03639969797432,125.94188559190809,120.36522287743169,False,max_epochs,233.40578985214233
rl4crn_rne_oscillator_trace_8rxn_stop_risksched085to09_lr1e4_entropy005_s4_c1_rnetol_d256_depth3_p20_bs200,seed229,229,31,6200,200,16,121.55623469407016,125.8597260709056,120.36522287743169,False,max_epochs,241.90921330451965
rl4crn_rne_oscillator_trace_8rxn_stop_risksched085to09_lr1e4_entropy005_s4_c1_rnetol_d256_depth3_p20_bs200,seed229,229,32,6400,200,16,120.75435508253545,125.93276092464339,120.36522287743169,False,max_epochs,249.78888392448425
rl4crn_rne_oscillator_trace_8rxn_stop_risksched085to09_lr1e4_entropy005_s4_c1_rnetol_d256_depth3_p20_bs200,seed229,229,33,6600,200,16,120.41363442332444,125.66507322579713,120.36522287743169,False,max_epochs,257.7968804836273
rl4crn_rne_oscillator_trace_8rxn_stop_risksched085to09_lr1e4_entropy005_s4_c1_rnetol_d256_depth3_p20_bs200,seed229,229,34,6800,200,16,120.30860745189985,125.60994892073887,120.30860745189985,False,max_epochs,266.24286246299744
rl4crn_rne_oscillator_trace_8rxn_stop_risksched085to09_lr1e4_entropy005_s4_c1_rnetol_d256_depth3_p20_bs200,seed229,229,35,7000,200,16,121.1227095643133,126.10746783858144,120.30860745189985,False,max_epochs,274.7038815021515
rl4crn_rne_oscillator_trace_8rxn_stop_risksched085to09_lr1e4_entropy005_s4_c1_rnetol_d256_depth3_p20_bs200,seed229,229,36,7200,200,16,118.20526374076985,125.14807310171925,118.20526374076985,False,max_epochs,282.98013520240784
rl4crn_rne_oscillator_trace_8rxn_stop_risksched085to09_lr1e4_entropy005_s4_c1_rnetol_d256_depth3_p20_bs200,seed229,229,37,7400,200,16,120.30529071155227,126.36262882187923,118.20526374076985,False,max_epochs,291.50187134742737
rl4crn_rne_oscillator_trace_8rxn_stop_risksched085to09_lr1e4_entropy005_s4_c1_rnetol_d256_depth3_p20_bs200,seed229,229,38,7600,200,16,121.10417871684633,126.87694411620726,118.20526374076985,False,max_epochs,299.67586851119995
rl4crn_rne_oscillator_trace_8rxn_stop_risksched085to09_lr1e4_entropy005_s4_c1_rnetol_d256_depth3_p20_bs200,seed229,229,39,7800,200,16,120.87996010955668,125.74839291612152,118.20526374076985,False,max_epochs,307.8418071269989
rl4crn_rne_oscillator_trace_8rxn_stop_risksched085to09_lr1e4_entropy005_s4_c1_rnetol_d256_depth3_p20_bs200,seed229,229,40,8000,200,16,119.5820056315314,125.0454963103776,118.20526374076985,False,max_epochs,316.6845746040344
rl4crn_rne_oscillator_trace_8rxn_stop_risksched085to09_lr1e4_entropy005_s4_c1_rnetol_d256_depth3_p20_bs200,seed229,229,41,8200,200,16,120.68621710169441,126.64872424238575,118.20526374076985,False,max_epochs,324.8415777683258
rl4crn_rne_oscillator_trace_8rxn_stop_risksched085to09_lr1e4_entropy005_s4_c1_rnetol_d256_depth3_p20_bs200,seed229,229,42,8400,200,16,120.38411514777549,125.71916708350324,118.20526374076985,False,max_epochs,332.9847364425659
rl4crn_rne_oscillator_trace_8rxn_stop_risksched085to09_lr1e4_entropy005_s4_c1_rnetol_d256_depth3_p20_bs200,seed229,229,43,8600,200,16,120.86132310357635,126.40926201866071,118.20526374076985,False,max_epochs,341.59005069732666
rl4crn_rne_oscillator_trace_8rxn_stop_risksched085to09_lr1e4_entropy005_s4_c1_rnetol_d256_depth3_p20_bs200,seed229,229,44,8800,200,16,120.0107407611907,127.923618857786,118.20526374076985,False,max_epochs,349.6870620250702
rl4crn_rne_oscillator_trace_8rxn_stop_risksched085to09_lr1e4_entropy005_s4_c1_rnetol_d256_depth3_p20_bs200,seed229,229,45,9000,200,16,118.40403192165978,125.8145720921145,118.20526374076985,False,max_epochs,358.5010061264038
rl4crn_rne_oscillator_trace_8rxn_stop_risksched085to09_lr1e4_entropy005_s4_c1_rnetol_d256_depth3_p20_bs200,seed229,229,46,9200,200,16,119.56351590470823,125.4149851010965,118.20526374076985,False,max_epochs,366.48545002937317
rl4crn_rne_oscillator_trace_8rxn_stop_risksched085to09_lr1e4_entropy005_s4_c1_rnetol_d256_depth3_p20_bs200,seed229,229,47,9400,200,16,120.63332257788282,129.18539579707945,118.20526374076985,False,max_epochs,374.7175896167755
rl4crn_rne_oscillator_trace_8rxn_stop_risksched085to09_lr1e4_entropy005_s4_c1_rnetol_d256_depth3_p20_bs200,seed229,229,48,9600,200,16,118.99600804096598,127.0978084718405,118.20526374076985,False,max_epochs,382.92443346977234
rl4crn_rne_oscillator_trace_8rxn_stop_risksched085to09_lr1e4_entropy005_s4_c1_rnetol_d256_depth3_p20_bs200,seed229,229,49,9800,200,16,116.83170311016902,130.63280149142025,116.83170311016902,False,max_epochs,389.91254568099976
rl4crn_rne_oscillator_trace_8rxn_stop_risksched085to09_lr1e4_entropy005_s4_c1_rnetol_d256_depth3_p20_bs200,seed229,229,50,10000,200,16,116.98531500872349,132.05767682472413,116.83170311016902,False,max_epochs,392.72732877731323
rl4crn_rne_oscillator_trace_8rxn_stop_risksched085to09_lr1e4_entropy005_s4_c1_rnetol_d256_depth3_p20_bs200,seed229,229,51,10200,200,16,120.05700366818007,129.43198913394315,116.83170311016902,False,max_epochs,400.9024920463562
rl4crn_rne_oscillator_trace_8rxn_stop_risksched085to09_lr1e4_entropy005_s4_c1_rnetol_d256_depth3_p20_bs200,seed229,229,52,10400,200,16,119.26632942651987,130.25556021990656,116.83170311016902,False,max_epochs,409.40893816947937
rl4crn_rne_oscillator_trace_8rxn_stop_risksched085to09_lr1e4_entropy005_s4_c1_rnetol_d256_depth3_p20_bs200,seed229,229,53,10600,200,16,118.00468071275438,131.36569307906055,116.83170311016902,False,max_epochs,417.85194516181946
rl4crn_rne_oscillator_trace_8rxn_stop_risksched085to09_lr1e4_entropy005_s4_c1_rnetol_d256_depth3_p20_bs200,seed229,229,54,10800,200,16,120.09563439004067,132.44478728229365,116.83170311016902,False,max_epochs,426.1370213031769
rl4crn_rne_oscillator_trace_8rxn_stop_risksched085to09_lr1e4_entropy005_s4_c1_rnetol_d256_depth3_p20_bs200,seed229,229,55,11000,200,16,118.6446481058396,134.9684166198197,116.83170311016902,False,max_epochs,434.1323163509369
rl4crn_rne_oscillator_trace_8rxn_stop_risksched085to09_lr1e4_entropy005_s4_c1_rnetol_d256_depth3_p20_bs200,seed229,229,56,11200,200,16,120.38967078562,137.03554499046322,116.83170311016902,False,max_epochs,442.12696743011475
rl4crn_rne_oscillator_trace_8rxn_stop_risksched085to09_lr1e4_entropy005_s4_c1_rnetol_d256_depth3_p20_bs200,seed229,229,57,11400,200,16,120.42533000781924,134.7737660639459,116.83170311016902,False,max_epochs,450.289165019989
rl4crn_rne_oscillator_trace_8rxn_stop_risksched085to09_lr1e4_entropy005_s4_c1_rnetol_d256_depth3_p20_bs200,seed229,229,58,11600,200,16,118.39895225199375,134.36461263527906,116.83170311016902,False,max_epochs,458.3953945636749
rl4crn_rne_oscillator_trace_8rxn_stop_risksched085to09_lr1e4_entropy005_s4_c1_rnetol_d256_depth3_p20_bs200,seed229,229,59,11800,200,16,119.2976902464688,130.70601164180158,116.83170311016902,False,max_epochs,465.3539345264435
rl4crn_rne_oscillator_trace_8rxn_stop_risksched085to09_lr1e4_entropy005_s4_c1_rnetol_d256_depth3_p20_bs200,seed229,229,60,12000,200,16,118.40241930478898,135.79989224482048,116.83170311016902,False,max_epochs,468.6531856060028
rl4crn_rne_oscillator_trace_8rxn_stop_risksched085to09_lr1e4_entropy005_s4_c1_rnetol_d256_depth3_p20_bs200,seed229,229,61,12200,200,16,115.58352165033398,129.95024537069602,115.58352165033398,False,max_epochs,476.6933686733246
rl4crn_rne_oscillator_trace_8rxn_stop_risksched085to09_lr1e4_entropy005_s4_c1_rnetol_d256_depth3_p20_bs200,seed229,229,62,12400,200,16,115.34775437990568,131.18812633306902,115.34775437990568,False,max_epochs,485.1661648750305
rl4crn_rne_oscillator_trace_8rxn_stop_risksched085to09_lr1e4_entropy005_s4_c1_rnetol_d256_depth3_p20_bs200,seed229,229,63,12600,200,16,119.19177255344759,130.38562313544668,115.34775437990568,False,max_epochs,493.5315971374512
rl4crn_rne_oscillator_trace_8rxn_stop_risksched085to09_lr1e4_entropy005_s4_c1_rnetol_d256_depth3_p20_bs200,seed229,229,64,12800,200,16,117.60690459806656,129.62635033849944,115.34775437990568,False,max_epochs,501.64203214645386
rl4crn_rne_oscillator_trace_8rxn_stop_risksched085to09_lr1e4_entropy005_s4_c1_rnetol_d256_depth3_p20_bs200,seed229,229,65,13000,200,16,118.6341083097808,131.77080979663788,115.34775437990568,False,max_epochs,509.4792158603668
rl4crn_rne_oscillator_trace_8rxn_stop_risksched085to09_lr1e4_entropy005_s4_c1_rnetol_d256_depth3_p20_bs200,seed229,229,66,13200,200,16,119.47523625121354,129.28210886463222,115.34775437990568,False,max_epochs,517.512274980545
rl4crn_rne_oscillator_trace_8rxn_stop_risksched085to09_lr1e4_entropy005_s4_c1_rnetol_d256_depth3_p20_bs200,seed229,229,67,13400,200,16,118.66827970671939,128.15569749026747,115.34775437990568,False,max_epochs,525.5221345424652
rl4crn_rne_oscillator_trace_8rxn_stop_risksched085to09_lr1e4_entropy005_s4_c1_rnetol_d256_depth3_p20_bs200,seed229,229,68,13600,200,16,118.95351374879819,126.37925335597122,115.34775437990568,False,max_epochs,531.4081783294678
rl4crn_rne_oscillator_trace_8rxn_stop_risksched085to09_lr1e4_entropy005_s4_c1_rnetol_d256_depth3_p20_bs200,seed229,229,69,13800,200,16,119.60212710735064,130.60982108475648,115.34775437990568,False,max_epochs,536.0667586326599
rl4crn_rne_oscillator_trace_8rxn_stop_risksched085to09_lr1e4_entropy005_s4_c1_rnetol_d256_depth3_p20_bs200,seed229,229,70,14000,200,16,120.3384118015623,133.00868334332847,115.34775437990568,False,max_epochs,544.1258647441864
rl4crn_rne_oscillator_trace_8rxn_stop_risksched085to09_lr1e4_entropy005_s4_c1_rnetol_d256_depth3_p20_bs200,seed229,229,71,14200,200,16,116.06278752251359,133.31497379554202,115.34775437990568,False,max_epochs,552.4823908805847
rl4crn_rne_oscillator_trace_8rxn_stop_risksched085to09_lr1e4_entropy005_s4_c1_rnetol_d256_depth3_p20_bs200,seed229,229,72,14400,200,16,119.05110125629626,128.28175285180419,115.34775437990568,False,max_epochs,560.539990901947
rl4crn_rne_oscillator_trace_8rxn_stop_risksched085to09_lr1e4_entropy005_s4_c1_rnetol_d256_depth3_p20_bs200,seed229,229,73,14600,200,16,120.30096007866926,126.91759994332477,115.34775437990568,False,max_epochs,568.7245554924011
rl4crn_rne_oscillator_trace_8rxn_stop_risksched085to09_lr1e4_entropy005_s4_c1_rnetol_d256_depth3_p20_bs200,seed229,229,74,14800,200,16,120.27700233132113,128.03690258254807,115.34775437990568,False,max_epochs,576.7926714420319
rl4crn_rne_oscillator_trace_8rxn_stop_risksched085to09_lr1e4_entropy005_s4_c1_rnetol_d256_depth3_p20_bs200,seed229,229,75,15000,200,16,117.1453480489655,126.42826813692858,115.34775437990568,False,max_epochs,584.7176055908203
rl4crn_rne_oscillator_trace_8rxn_stop_risksched085to09_lr1e4_entropy005_s4_c1_rnetol_d256_depth3_p20_bs200,seed229,229,76,15200,200,16,118.78199175967117,130.02220418630327,115.34775437990568,False,max_epochs,588.4521203041077
rl4crn_rne_oscillator_trace_8rxn_stop_risksched085to09_lr1e4_entropy005_s4_c1_rnetol_d256_depth3_p20_bs200,seed229,229,77,15400,200,16,117.39480078784807,133.95763382269575,115.34775437990568,False,max_epochs,594.9391279220581
rl4crn_rne_oscillator_trace_8rxn_stop_risksched085to09_lr1e4_entropy005_s4_c1_rnetol_d256_depth3_p20_bs200,seed229,229,78,15600,200,16,118.98471478452171,142.37233261743984,115.34775437990568,False,max_epochs,602.9860601425171
rl4crn_rne_oscillator_trace_8rxn_stop_risksched085to09_lr1e4_entropy005_s4_c1_rnetol_d256_depth3_p20_bs200,seed229,229,79,15800,200,16,118.72574920410231,136.2365858454517,115.34775437990568,False,max_epochs,611.1149823665619
rl4crn_rne_oscillator_trace_8rxn_stop_risksched085to09_lr1e4_entropy005_s4_c1_rnetol_d256_depth3_p20_bs200,seed229,229,80,16000,200,16,120.00810067647981,134.0299184037043,115.34775437990568,False,max_epochs,619.3129739761353
rl4crn_rne_oscillator_trace_8rxn_stop_risksched085to09_lr1e4_entropy005_s4_c1_rnetol_d256_depth3_p20_bs200,seed229,229,81,16200,200,16,119.40204318684009,132.85388741709147,115.34775437990568,False,max_epochs,627.1903581619263
rl4crn_rne_oscillator_trace_8rxn_stop_risksched085to09_lr1e4_entropy005_s4_c1_rnetol_d256_depth3_p20_bs200,seed229,229,82,16400,200,16,119.07347252352551,130.25138388520662,115.34775437990568,False,max_epochs,635.3048470020294
rl4crn_rne_oscillator_trace_8rxn_stop_risksched085to09_lr1e4_entropy005_s4_c1_rnetol_d256_depth3_p20_bs200,seed229,229,83,16600,200,16,120.15834911784383,134.4848069000659,115.34775437990568,False,max_epochs,642.8998458385468
rl4crn_rne_oscillator_trace_8rxn_stop_risksched085to09_lr1e4_entropy005_s4_c1_rnetol_d256_depth3_p20_bs200,seed229,229,84,16800,200,16,113.77613605435067,138.22209983052556,113.77613605435067,False,max_epochs,646.0644106864929
rl4crn_rne_oscillator_trace_8rxn_stop_risksched085to09_lr1e4_entropy005_s4_c1_rnetol_d256_depth3_p20_bs200,seed229,229,85,17000,200,16,118.61020509338218,140.21477796251173,113.77613605435067,False,max_epochs,653.5158309936523
rl4crn_rne_oscillator_trace_8rxn_stop_risksched085to09_lr1e4_entropy005_s4_c1_rnetol_d256_depth3_p20_bs200,seed229,229,86,17200,200,16,119.40284023481827,134.855186700701,113.77613605435067,False,max_epochs,661.9140226840973
rl4crn_rne_oscillator_trace_8rxn_stop_risksched085to09_lr1e4_entropy005_s4_c1_rnetol_d256_depth3_p20_bs200,seed229,229,87,17400,200,16,119.54389737366536,131.67781330851926,113.77613605435067,False,max_epochs,670.0249636173248
rl4crn_rne_oscillator_trace_8rxn_stop_risksched085to09_lr1e4_entropy005_s4_c1_rnetol_d256_depth3_p20_bs200,seed229,229,88,17600,200,16,119.18667067730193,135.16026571474293,113.77613605435067,False,max_epochs,677.9225132465363
rl4crn_rne_oscillator_trace_8rxn_stop_risksched085to09_lr1e4_entropy005_s4_c1_rnetol_d256_depth3_p20_bs200,seed229,229,89,17800,200,16,117.3976255439263,129.08319893503744,113.77613605435067,False,max_epochs,685.9981565475464
rl4crn_rne_oscillator_trace_8rxn_stop_risksched085to09_lr1e4_entropy005_s4_c1_rnetol_d256_depth3_p20_bs200,seed229,229,90,18000,200,16,117.11460605573129,133.15795258949697,113.77613605435067,False,max_epochs,693.6603152751923
rl4crn_rne_oscillator_trace_8rxn_stop_risksched085to09_lr1e4_entropy005_s4_c1_rnetol_d256_depth3_p20_bs200,seed229,229,91,18200,200,16,117.33942480514598,131.73152917023182,113.77613605435067,False,max_epochs,699.3333983421326
rl4crn_rne_oscillator_trace_8rxn_stop_risksched085to09_lr1e4_entropy005_s4_c1_rnetol_d256_depth3_p20_bs200,seed229,229,92,18400,200,16,117.25938630681861,136.76072575546038,113.77613605435067,False,max_epochs,704.3380148410797
rl4crn_rne_oscillator_trace_8rxn_stop_risksched085to09_lr1e4_entropy005_s4_c1_rnetol_d256_depth3_p20_bs200,seed229,229,93,18600,200,16,114.63566501920535,142.2030861084701,113.77613605435067,False,max_epochs,712.3476843833923
rl4crn_rne_oscillator_trace_8rxn_stop_risksched085to09_lr1e4_entropy005_s4_c1_rnetol_d256_depth3_p20_bs200,seed229,229,94,18800,200,16,115.02174206343044,140.87899247855262,113.77613605435067,False,max_epochs,720.9071795940399
rl4crn_rne_oscillator_trace_8rxn_stop_risksched085to09_lr1e4_entropy005_s4_c1_rnetol_d256_depth3_p20_bs200,seed229,229,95,19000,200,16,117.629580684943,138.65329630684727,113.77613605435067,False,max_epochs,729.4895918369293
rl4crn_rne_oscillator_trace_8rxn_stop_risksched085to09_lr1e4_entropy005_s4_c1_rnetol_d256_depth3_p20_bs200,seed229,229,96,19200,200,16,117.55611157762505,135.26014649701244,113.77613605435067,False,max_epochs,737.5888860225677
rl4crn_rne_oscillator_trace_8rxn_stop_risksched085to09_lr1e4_entropy005_s4_c1_rnetol_d256_depth3_p20_bs200,seed229,229,97,19400,200,16,115.14333281718791,130.2338884551061,113.77613605435067,False,max_epochs,745.7116229534149
rl4crn_rne_oscillator_trace_8rxn_stop_risksched085to09_lr1e4_entropy005_s4_c1_rnetol_d256_depth3_p20_bs200,seed229,229,98,19600,200,16,115.42211588926665,128.95298833304412,113.77613605435067,False,max_epochs,753.5896084308624
rl4crn_rne_oscillator_trace_8rxn_stop_risksched085to09_lr1e4_entropy005_s4_c1_rnetol_d256_depth3_p20_bs200,seed229,229,99,19800,200,16,117.78891603390744,134.14991125818557,113.77613605435067,False,max_epochs,761.6623818874359
rl4crn_rne_oscillator_trace_8rxn_stop_risksched085to09_lr1e4_entropy005_s4_c1_rnetol_d256_depth3_p20_bs200,seed229,229,100,20000,200,16,119.55240469316932,136.9574733636598,113.77613605435067,False,max_epochs,769.2497515678406
rl4crn_rne_oscillator_trace_8rxn_stop_risksched085to09_lr1e4_entropy005_s4_c1_rnetol_d256_depth3_p20_bs200,seed229,229,101,20200,200,16,115.26695250808129,143.82343864965452,113.77613605435067,False,max_epochs,772.436164855957
rl4crn_rne_oscillator_trace_8rxn_stop_risksched085to09_lr1e4_entropy005_s4_c1_rnetol_d256_depth3_p20_bs200,seed229,229,102,20400,200,16,119.25175220526637,135.77022852129812,113.77613605435067,False,max_epochs,779.8623802661896
rl4crn_rne_oscillator_trace_8rxn_stop_risksched085to09_lr1e4_entropy005_s4_c1_rnetol_d256_depth3_p20_bs200,seed229,229,103,20600,200,16,116.84785444196604,135.7986969092768,113.77613605435067,False,max_epochs,788.3287258148193
rl4crn_rne_oscillator_trace_8rxn_stop_risksched085to09_lr1e4_entropy005_s4_c1_rnetol_d256_depth3_p20_bs200,seed229,229,104,20800,200,16,119.827730418838,136.94444154159996,113.77613605435067,False,max_epochs,796.6650376319885
rl4crn_rne_oscillator_trace_8rxn_stop_risksched085to09_lr1e4_entropy005_s4_c1_rnetol_d256_depth3_p20_bs200,seed229,229,105,21000,200,16,118.9554752569378,137.0026895725211,113.77613605435067,False,max_epochs,804.6665089130402
rl4crn_rne_oscillator_trace_8rxn_stop_risksched085to09_lr1e4_entropy005_s4_c1_rnetol_d256_depth3_p20_bs200,seed229,229,106,21200,200,16,117.45374718550454,130.63841099405914,113.77613605435067,False,max_epochs,812.5623347759247
rl4crn_rne_oscillator_trace_8rxn_stop_risksched085to09_lr1e4_entropy005_s4_c1_rnetol_d256_depth3_p20_bs200,seed229,229,107,21400,200,16,118.39712079926962,135.4782032601385,113.77613605435067,False,max_epochs,818.451119184494
rl4crn_rne_oscillator_trace_8rxn_stop_risksched085to09_lr1e4_entropy005_s4_c1_rnetol_d256_depth3_p20_bs200,seed229,229,108,21600,200,16,118.76730543522426,129.47741757465627,113.77613605435067,False,max_epochs,822.8338520526886
rl4crn_rne_oscillator_trace_8rxn_stop_risksched085to09_lr1e4_entropy005_s4_c1_rnetol_d256_depth3_p20_bs200,seed229,229,109,21800,200,16,117.62342805919698,137.62448500896264,113.77613605435067,False,max_epochs,831.0411133766174
rl4crn_rne_oscillator_trace_8rxn_stop_risksched085to09_lr1e4_entropy005_s4_c1_rnetol_d256_depth3_p20_bs200,seed229,229,110,22000,200,16,118.21620412588943,135.5057059401093,113.77613605435067,False,max_epochs,839.5232210159302
rl4crn_rne_oscillator_trace_8rxn_stop_risksched085to09_lr1e4_entropy005_s4_c1_rnetol_d256_depth3_p20_bs200,seed229,229,111,22200,200,16,118.65443388784162,139.86448806423448,113.77613605435067,False,max_epochs,847.830251455307
rl4crn_rne_oscillator_trace_8rxn_stop_risksched085to09_lr1e4_entropy005_s4_c1_rnetol_d256_depth3_p20_bs200,seed229,229,112,22400,200,16,112.69497164689118,135.01384610175336,112.69497164689118,False,max_epochs,855.8204905986786
rl4crn_rne_oscillator_trace_8rxn_stop_risksched085to09_lr1e4_entropy005_s4_c1_rnetol_d256_depth3_p20_bs200,seed229,229,113,22600,200,16,118.52095131697011,135.7299118661606,112.69497164689118,False,max_epochs,864.0241069793701
rl4crn_rne_oscillator_trace_8rxn_stop_risksched085to09_lr1e4_entropy005_s4_c1_rnetol_d256_depth3_p20_bs200,seed229,229,114,22800,200,16,115.70737084569542,135.06666799578397,112.69497164689118,False,max_epochs,871.9915544986725
rl4crn_rne_oscillator_trace_8rxn_stop_risksched085to09_lr1e4_entropy005_s4_c1_rnetol_d256_depth3_p20_bs200,seed229,229,115,23000,200,16,117.4156757533209,132.78839306476692,112.69497164689118,False,max_epochs,876.2264277935028
rl4crn_rne_oscillator_trace_8rxn_stop_risksched085to09_lr1e4_entropy005_s4_c1_rnetol_d256_depth3_p20_bs200,seed229,229,116,23200,200,16,114.83006199237246,126.17292286282253,112.69497164689118,False,max_epochs,882.331757068634
rl4crn_rne_oscillator_trace_8rxn_stop_risksched085to09_lr1e4_entropy005_s4_c1_rnetol_d256_depth3_p20_bs200,seed229,229,117,23400,200,16,117.23432040877856,129.1089964521144,112.69497164689118,False,max_epochs,890.4825618267059
rl4crn_rne_oscillator_trace_8rxn_stop_risksched085to09_lr1e4_entropy005_s4_c1_rnetol_d256_depth3_p20_bs200,seed229,229,118,23600,200,16,117.60284658690256,134.46483542208742,112.69497164689118,False,max_epochs,898.4139158725739
rl4crn_rne_oscillator_trace_8rxn_stop_risksched085to09_lr1e4_entropy005_s4_c1_rnetol_d256_depth3_p20_bs200,seed229,229,119,23800,200,16,113.3496874393483,133.0170412845075,112.69497164689118,False,max_epochs,906.3294217586517
rl4crn_rne_oscillator_trace_8rxn_stop_risksched085to09_lr1e4_entropy005_s4_c1_rnetol_d256_depth3_p20_bs200,seed229,229,120,24000,200,16,117.7466572619602,134.35399959075866,112.69497164689118,False,max_epochs,914.4473576545715
rl4crn_rne_oscillator_trace_8rxn_stop_risksched085to09_lr1e4_entropy005_s4_c1_rnetol_d256_depth3_p20_bs200,seed229,229,121,24200,200,16,117.43372567134664,139.74783331668124,112.69497164689118,False,max_epochs,922.1300222873688
rl4crn_rne_oscillator_trace_8rxn_stop_risksched085to09_lr1e4_entropy005_s4_c1_rnetol_d256_depth3_p20_bs200,seed229,229,122,24400,200,16,116.09182220013695,143.60611958045786,112.69497164689118,False,max_epochs,924.9738693237305
rl4crn_rne_oscillator_trace_8rxn_stop_risksched085to09_lr1e4_entropy005_s4_c1_rnetol_d256_depth3_p20_bs200,seed229,229,123,24600,200,16,116.91910393973028,131.71546710280603,112.69497164689118,False,max_epochs,932.9409477710724
rl4crn_rne_oscillator_trace_8rxn_stop_risksched085to09_lr1e4_entropy005_s4_c1_rnetol_d256_depth3_p20_bs200,seed229,229,124,24800,200,16,118.08779889749523,132.72696011209604,112.69497164689118,False,max_epochs,940.8699786663055
rl4crn_rne_oscillator_trace_8rxn_stop_risksched085to09_lr1e4_entropy005_s4_c1_rnetol_d256_depth3_p20_bs200,seed229,229,125,25000,200,16,114.84328304173506,135.3461587726114,112.69497164689118,False,max_epochs,949.3232939243317
rl4crn_rne_oscillator_trace_8rxn_stop_risksched085to09_lr1e4_entropy005_s4_c1_rnetol_d256_depth3_p20_bs200,seed229,229,126,25200,200,16,117.86500894148243,131.76221368134773,112.69497164689118,False,max_epochs,957.3163111209869
rl4crn_rne_oscillator_trace_8rxn_stop_risksched085to09_lr1e4_entropy005_s4_c1_rnetol_d256_depth3_p20_bs200,seed229,229,127,25400,200,16,113.928241494725,133.41747287751977,112.69497164689118,False,max_epochs,965.1886932849884
rl4crn_rne_oscillator_trace_8rxn_stop_risksched085to09_lr1e4_entropy005_s4_c1_rnetol_d256_depth3_p20_bs200,seed229,229,128,25600,200,16,117.16772990000938,135.12377226224157,112.69497164689118,False,max_epochs,973.0476531982422
rl4crn_rne_oscillator_trace_8rxn_stop_risksched085to09_lr1e4_entropy005_s4_c1_rnetol_d256_depth3_p20_bs200,seed229,229,129,25800,200,16,116.02511247679283,136.76444364994572,112.69497164689118,False,max_epochs,980.9643421173096
rl4crn_rne_oscillator_trace_8rxn_stop_risksched085to09_lr1e4_entropy005_s4_c1_rnetol_d256_depth3_p20_bs200,seed229,229,130,26000,200,16,118.39629547180986,138.4756158308913,112.69497164689118,False,max_epochs,984.817211151123
rl4crn_rne_oscillator_trace_8rxn_stop_risksched085to09_lr1e4_entropy005_s4_c1_rnetol_d256_depth3_p20_bs200,seed229,229,131,26200,200,16,118.75105907007413,136.11041331760993,112.69497164689118,False,max_epochs,991.0625238418579
rl4crn_rne_oscillator_trace_8rxn_stop_risksched085to09_lr1e4_entropy005_s4_c1_rnetol_d256_depth3_p20_bs200,seed229,229,132,26400,200,16,117.74806118476889,136.34604576487166,112.69497164689118,False,max_epochs,999.0727145671844
rl4crn_rne_oscillator_trace_8rxn_stop_risksched085to09_lr1e4_entropy005_s4_c1_rnetol_d256_depth3_p20_bs200,seed229,229,133,26600,200,16,117.75829889535247,133.63030272988647,112.69497164689118,False,max_epochs,1007.225672006607
rl4crn_rne_oscillator_trace_8rxn_stop_risksched085to09_lr1e4_entropy005_s4_c1_rnetol_d256_depth3_p20_bs200,seed229,229,134,26800,200,16,115.9180580767271,134.19100473640287,112.69497164689118,False,max_epochs,1015.3838353157043
rl4crn_rne_oscillator_trace_8rxn_stop_risksched085to09_lr1e4_entropy005_s4_c1_rnetol_d256_depth3_p20_bs200,seed229,229,135,27000,200,16,116.9397645692815,135.20759876040313,112.69497164689118,False,max_epochs,1023.4572041034698
rl4crn_rne_oscillator_trace_8rxn_stop_risksched085to09_lr1e4_entropy005_s4_c1_rnetol_d256_depth3_p20_bs200,seed229,229,136,27200,200,16,118.82735799086858,132.9152685058093,112.69497164689118,False,max_epochs,1031.4585568904877
rl4crn_rne_oscillator_trace_8rxn_stop_risksched085to09_lr1e4_entropy005_s4_c1_rnetol_d256_depth3_p20_bs200,seed229,229,137,27400,200,16,117.82507372566998,132.17274140028326,112.69497164689118,False,max_epochs,1039.3295798301697
rl4crn_rne_oscillator_trace_8rxn_stop_risksched085to09_lr1e4_entropy005_s4_c1_rnetol_d256_depth3_p20_bs200,seed229,229,138,27600,200,16,117.39554359336606,131.09961038311766,112.69497164689118,False,max_epochs,1043.5451257228851
rl4crn_rne_oscillator_trace_8rxn_stop_risksched085to09_lr1e4_entropy005_s4_c1_rnetol_d256_depth3_p20_bs200,seed229,229,139,27800,200,16,118.69448398974626,129.69311162098853,112.69497164689118,False,max_epochs,1049.8848450183868
rl4crn_rne_oscillator_trace_8rxn_stop_risksched085to09_lr1e4_entropy005_s4_c1_rnetol_d256_depth3_p20_bs200,seed229,229,140,28000,200,16,115.49835876316106,132.66603455144832,112.69497164689118,False,max_epochs,1057.9746053218842
rl4crn_rne_oscillator_trace_8rxn_stop_risksched085to09_lr1e4_entropy005_s4_c1_rnetol_d256_depth3_p20_bs200,seed229,229,141,28200,200,16,113.47675573667844,133.7918568826339,112.69497164689118,False,max_epochs,1066.3453314304352
rl4crn_rne_oscillator_trace_8rxn_stop_risksched085to09_lr1e4_entropy005_s4_c1_rnetol_d256_depth3_p20_bs200,seed229,229,142,28400,200,16,112.94177588699057,135.8123476669026,112.69497164689118,False,max_epochs,1074.431268453598
rl4crn_rne_oscillator_trace_8rxn_stop_risksched085to09_lr1e4_entropy005_s4_c1_rnetol_d256_depth3_p20_bs200,seed229,229,143,28600,200,16,117.79945270029721,131.7061569865046,112.69497164689118,False,max_epochs,1082.973203420639
rl4crn_rne_oscillator_trace_8rxn_stop_risksched085to09_lr1e4_entropy005_s4_c1_rnetol_d256_depth3_p20_bs200,seed229,229,144,28800,200,16,114.10837328770614,137.37427837158998,112.69497164689118,False,max_epochs,1091.405168056488
rl4crn_rne_oscillator_trace_8rxn_stop_risksched085to09_lr1e4_entropy005_s4_c1_rnetol_d256_depth3_p20_bs200,seed229,229,145,29000,200,16,114.32253451114377,140.63886190218489,112.69497164689118,False,max_epochs,1099.2786228656769
rl4crn_rne_oscillator_trace_8rxn_stop_risksched085to09_lr1e4_entropy005_s4_c1_rnetol_d256_depth3_p20_bs200,seed229,229,146,29200,200,16,118.22191310002584,136.20338992698942,112.69497164689118,False,max_epochs,1107.3545939922333
rl4crn_rne_oscillator_trace_8rxn_stop_risksched085to09_lr1e4_entropy005_s4_c1_rnetol_d256_depth3_p20_bs200,seed229,229,147,29400,200,16,119.18675160821213,137.474694329003,112.69497164689118,False,max_epochs,1115.3836867809296
rl4crn_rne_oscillator_trace_8rxn_stop_risksched085to09_lr1e4_entropy005_s4_c1_rnetol_d256_depth3_p20_bs200,seed229,229,148,29600,200,16,117.98136749217252,134.94211258074105,112.69497164689118,False,max_epochs,1122.614690542221
rl4crn_rne_oscillator_trace_8rxn_stop_risksched085to09_lr1e4_entropy005_s4_c1_rnetol_d256_depth3_p20_bs200,seed229,229,149,29800,200,16,116.55578484037217,134.39115208001414,112.69497164689118,False,max_epochs,1125.5294916629791
rl4crn_rne_oscillator_trace_8rxn_stop_risksched085to09_lr1e4_entropy005_s4_c1_rnetol_d256_depth3_p20_bs200,seed229,229,150,30000,200,16,117.1320387954365,130.31072404269565,112.69497164689118,False,max_epochs,1133.7297167778015
rl4crn_rne_oscillator_trace_8rxn_stop_risksched085to09_lr1e4_entropy005_s4_c1_rnetol_d256_depth3_p20_bs200,seed229,229,151,30200,200,16,115.36584888656064,135.76685645333214,112.69497164689118,False,max_epochs,1142.3254809379578
rl4crn_rne_oscillator_trace_8rxn_stop_risksched085to09_lr1e4_entropy005_s4_c1_rnetol_d256_depth3_p20_bs200,seed229,229,152,30400,200,16,116.97615050650512,131.91835888202615,112.69497164689118,False,max_epochs,1150.4780950546265
rl4crn_rne_oscillator_trace_8rxn_stop_risksched085to09_lr1e4_entropy005_s4_c1_rnetol_d256_depth3_p20_bs200,seed229,229,153,30600,200,16,117.80380169121412,132.8610064862521,112.69497164689118,False,max_epochs,1158.6063024997711
rl4crn_rne_oscillator_trace_8rxn_stop_risksched085to09_lr1e4_entropy005_s4_c1_rnetol_d256_depth3_p20_bs200,seed229,229,154,30800,200,16,119.61065978461103,137.52840755486216,112.69497164689118,False,max_epochs,1166.2819321155548
rl4crn_rne_oscillator_trace_8rxn_stop_risksched085to09_lr1e4_entropy005_s4_c1_rnetol_d256_depth3_p20_bs200,seed229,229,155,31000,200,16,114.27908215149027,136.99536073396496,112.69497164689118,False,max_epochs,1174.1420776844025
rl4crn_rne_oscillator_trace_8rxn_stop_risksched085to09_lr1e4_entropy005_s4_c1_rnetol_d256_depth3_p20_bs200,seed229,229,156,31200,200,16,117.66016179496903,134.81867495063346,112.69497164689118,False,max_epochs,1177.4591083526611
rl4crn_rne_oscillator_trace_8rxn_stop_risksched085to09_lr1e4_entropy005_s4_c1_rnetol_d256_depth3_p20_bs200,seed229,229,157,31400,200,16,115.29042342490321,134.6079040792635,112.69497164689118,False,max_epochs,1184.1997802257538
rl4crn_rne_oscillator_trace_8rxn_stop_risksched085to09_lr1e4_entropy005_s4_c1_rnetol_d256_depth3_p20_bs200,seed229,229,158,31600,200,16,115.60452527613916,130.7306526096987,112.69497164689118,False,max_epochs,1192.621736049652
rl4crn_rne_oscillator_trace_8rxn_stop_risksched085to09_lr1e4_entropy005_s4_c1_rnetol_d256_depth3_p20_bs200,seed229,229,159,31800,200,16,113.06558269243735,132.4857978058133,112.69497164689118,False,max_epochs,1201.0646936893463
rl4crn_rne_oscillator_trace_8rxn_stop_risksched085to09_lr1e4_entropy005_s4_c1_rnetol_d256_depth3_p20_bs200,seed229,229,160,32000,200,16,116.5538489243622,129.0443371643441,112.69497164689118,False,max_epochs,1209.6300449371338
rl4crn_rne_oscillator_trace_8rxn_stop_risksched085to09_lr1e4_entropy005_s4_c1_rnetol_d256_depth3_p20_bs200,seed229,229,161,32200,200,16,114.5712436802355,128.70698832841936,112.69497164689118,False,max_epochs,1218.0375082492828
rl4crn_rne_oscillator_trace_8rxn_stop_risksched085to09_lr1e4_entropy005_s4_c1_rnetol_d256_depth3_p20_bs200,seed229,229,162,32400,200,16,116.15214506391185,129.0140403912359,112.69497164689118,False,max_epochs,1226.307205438614
rl4crn_rne_oscillator_trace_8rxn_stop_risksched085to09_lr1e4_entropy005_s4_c1_rnetol_d256_depth3_p20_bs200,seed229,229,163,32600,200,16,118.0888169258377,129.65515060775522,112.69497164689118,False,max_epochs,1234.5014445781708
rl4crn_rne_oscillator_trace_8rxn_stop_risksched085to09_lr1e4_entropy005_s4_c1_rnetol_d256_depth3_p20_bs200,seed229,229,164,32800,200,16,116.56661557355433,131.02279791600074,112.69497164689118,False,max_epochs,1242.7742829322815
rl4crn_rne_oscillator_trace_8rxn_stop_risksched085to09_lr1e4_entropy005_s4_c1_rnetol_d256_depth3_p20_bs200,seed229,229,165,33000,200,16,115.71246737626785,129.39283090261458,112.69497164689118,False,max_epochs,1250.4250695705414
rl4crn_rne_oscillator_trace_8rxn_stop_risksched085to09_lr1e4_entropy005_s4_c1_rnetol_d256_depth3_p20_bs200,seed229,229,166,33200,200,16,114.34454051366288,130.90807404864188,112.69497164689118,False,max_epochs,1258.0825943946838
rl4crn_rne_oscillator_trace_8rxn_stop_risksched085to09_lr1e4_entropy005_s4_c1_rnetol_d256_depth3_p20_bs200,seed229,229,167,33400,200,16,114.18581761053488,129.0560056949475,112.69497164689118,False,max_epochs,1261.0154292583466
rl4crn_rne_oscillator_trace_8rxn_stop_risksched085to09_lr1e4_entropy005_s4_c1_rnetol_d256_depth3_p20_bs200,seed229,229,168,33600,200,16,113.97488849964863,129.06614673062023,112.69497164689118,False,max_epochs,1268.9217245578766
rl4crn_rne_oscillator_trace_8rxn_stop_risksched085to09_lr1e4_entropy005_s4_c1_rnetol_d256_depth3_p20_bs200,seed229,229,169,33800,200,16,115.79794272163066,124.97726638746146,112.69497164689118,False,max_epochs,1277.3605334758759
rl4crn_rne_oscillator_trace_8rxn_stop_risksched085to09_lr1e4_entropy005_s4_c1_rnetol_d256_depth3_p20_bs200,seed229,229,170,34000,200,16,113.48905610901645,127.88459967067944,112.69497164689118,False,max_epochs,1285.919328212738
rl4crn_rne_oscillator_trace_8rxn_stop_risksched085to09_lr1e4_entropy005_s4_c1_rnetol_d256_depth3_p20_bs200,seed229,229,171,34200,200,16,116.86946199518347,124.9529406766893,112.69497164689118,False,max_epochs,1294.2228863239288
rl4crn_rne_oscillator_trace_8rxn_stop_risksched085to09_lr1e4_entropy005_s4_c1_rnetol_d256_depth3_p20_bs200,seed229,229,172,34400,200,16,115.16120989392932,126.41167430453137,112.69497164689118,False,max_epochs,1303.111189365387
rl4crn_rne_oscillator_trace_8rxn_stop_risksched085to09_lr1e4_entropy005_s4_c1_rnetol_d256_depth3_p20_bs200,seed229,229,173,34600,200,16,114.77817497860882,131.1683692932411,112.69497164689118,False,max_epochs,1311.4013857841492
rl4crn_rne_oscillator_trace_8rxn_stop_risksched085to09_lr1e4_entropy005_s4_c1_rnetol_d256_depth3_p20_bs200,seed229,229,174,34800,200,16,115.36801585182481,136.63183745451983,112.69497164689118,False,max_epochs,1319.6730287075043
rl4crn_rne_oscillator_trace_8rxn_stop_risksched085to09_lr1e4_entropy005_s4_c1_rnetol_d256_depth3_p20_bs200,seed229,229,175,35000,200,16,116.29284086133133,133.53021299226495,112.69497164689118,False,max_epochs,1327.9614191055298
rl4crn_rne_oscillator_trace_8rxn_stop_risksched085to09_lr1e4_entropy005_s4_c1_rnetol_d256_depth3_p20_bs200,seed229,229,176,35200,200,16,116.51056314002084,133.37681768542987,112.69497164689118,False,max_epochs,1336.0351181030273
rl4crn_rne_oscillator_trace_8rxn_stop_risksched085to09_lr1e4_entropy005_s4_c1_rnetol_d256_depth3_p20_bs200,seed229,229,177,35400,200,16,117.18192495997349,128.753567135392,112.69497164689118,False,max_epochs,1344.1332437992096
rl4crn_rne_oscillator_trace_8rxn_stop_risksched085to09_lr1e4_entropy005_s4_c1_rnetol_d256_depth3_p20_bs200,seed229,229,178,35600,200,16,116.3367900840509,125.00687713067677,112.69497164689118,False,max_epochs,1352.174886226654
rl4crn_rne_oscillator_trace_8rxn_stop_risksched085to09_lr1e4_entropy005_s4_c1_rnetol_d256_depth3_p20_bs200,seed229,229,179,35800,200,16,113.27188478933637,127.57814549745879,112.69497164689118,False,max_epochs,1359.5537593364716
rl4crn_rne_oscillator_trace_8rxn_stop_risksched085to09_lr1e4_entropy005_s4_c1_rnetol_d256_depth3_p20_bs200,seed229,229,180,36000,200,16,116.15653209221335,126.72035043099879,112.69497164689118,False,max_epochs,1362.5617098808289
rl4crn_rne_oscillator_trace_8rxn_stop_risksched085to09_lr1e4_entropy005_s4_c1_rnetol_d256_depth3_p20_bs200,seed229,229,181,36200,200,16,117.11307269672396,126.56429833138989,112.69497164689118,False,max_epochs,1370.3856253623962
rl4crn_rne_oscillator_trace_8rxn_stop_risksched085to09_lr1e4_entropy005_s4_c1_rnetol_d256_depth3_p20_bs200,seed229,229,182,36400,200,16,114.79279591013102,129.07135481059504,112.69497164689118,False,max_epochs,1378.2440612316132
rl4crn_rne_oscillator_trace_8rxn_stop_risksched085to09_lr1e4_entropy005_s4_c1_rnetol_d256_depth3_p20_bs200,seed229,229,183,36600,200,16,115.32556376281862,131.1331444177317,112.69497164689118,False,max_epochs,1386.1251726150513
rl4crn_rne_oscillator_trace_8rxn_stop_risksched085to09_lr1e4_entropy005_s4_c1_rnetol_d256_depth3_p20_bs200,seed229,229,184,36800,200,16,112.28124973486462,129.96337940853067,112.28124973486462,False,max_epochs,1394.0349583625793
rl4crn_rne_oscillator_trace_8rxn_stop_risksched085to09_lr1e4_entropy005_s4_c1_rnetol_d256_depth3_p20_bs200,seed229,229,185,37000,200,16,114.86416250621079,128.3759042236302,112.28124973486462,False,max_epochs,1401.6585116386414
rl4crn_rne_oscillator_trace_8rxn_stop_risksched085to09_lr1e4_entropy005_s4_c1_rnetol_d256_depth3_p20_bs200,seed229,229,186,37200,200,16,113.88674201583503,125.98700087951565,112.28124973486462,False,max_epochs,1404.4856417179108
rl4crn_rne_oscillator_trace_8rxn_stop_risksched085to09_lr1e4_entropy005_s4_c1_rnetol_d256_depth3_p20_bs200,seed229,229,187,37400,200,16,114.67879681668987,125.33161883321816,112.28124973486462,False,max_epochs,1412.406171798706
rl4crn_rne_oscillator_trace_8rxn_stop_risksched085to09_lr1e4_entropy005_s4_c1_rnetol_d256_depth3_p20_bs200,seed229,229,188,37600,200,16,115.23772555200743,124.94980800486638,112.28124973486462,False,max_epochs,1420.502592086792
rl4crn_rne_oscillator_trace_8rxn_stop_risksched085to09_lr1e4_entropy005_s4_c1_rnetol_d256_depth3_p20_bs200,seed229,229,189,37800,200,16,115.03658407072024,127.48567857615582,112.28124973486462,False,max_epochs,1428.6422743797302
rl4crn_rne_oscillator_trace_8rxn_stop_risksched085to09_lr1e4_entropy005_s4_c1_rnetol_d256_depth3_p20_bs200,seed229,229,190,38000,200,16,112.3427764657089,130.1268365340668,112.28124973486462,False,max_epochs,1436.6535658836365
rl4crn_rne_oscillator_trace_8rxn_stop_risksched085to09_lr1e4_entropy005_s4_c1_rnetol_d256_depth3_p20_bs200,seed229,229,191,38200,200,16,114.41122055541419,129.0224198224716,112.28124973486462,False,max_epochs,1444.7940118312836
rl4crn_rne_oscillator_trace_8rxn_stop_risksched085to09_lr1e4_entropy005_s4_c1_rnetol_d256_depth3_p20_bs200,seed229,229,192,38400,200,16,113.91061502400773,130.1323113089879,112.28124973486462,False,max_epochs,1452.4016454219818
rl4crn_rne_oscillator_trace_8rxn_stop_risksched085to09_lr1e4_entropy005_s4_c1_rnetol_d256_depth3_p20_bs200,seed229,229,193,38600,200,16,115.1442430912415,127.65807634841767,112.28124973486462,False,max_epochs,1458.2309873104095
rl4crn_rne_oscillator_trace_8rxn_stop_risksched085to09_lr1e4_entropy005_s4_c1_rnetol_d256_depth3_p20_bs200,seed229,229,194,38800,200,16,113.00158437076372,124.52910740227087,112.28124973486462,False,max_epochs,1462.7380740642548
rl4crn_rne_oscillator_trace_8rxn_stop_risksched085to09_lr1e4_entropy005_s4_c1_rnetol_d256_depth3_p20_bs200,seed229,229,195,39000,200,16,111.63420195069074,125.66158365986738,111.63420195069074,False,max_epochs,1470.9271354675293
rl4crn_rne_oscillator_trace_8rxn_stop_risksched085to09_lr1e4_entropy005_s4_c1_rnetol_d256_depth3_p20_bs200,seed229,229,196,39200,200,16,113.18997739883349,126.05689932386116,111.63420195069074,False,max_epochs,1479.1532435417175
rl4crn_rne_oscillator_trace_8rxn_stop_risksched085to09_lr1e4_entropy005_s4_c1_rnetol_d256_depth3_p20_bs200,seed229,229,197,39400,200,16,111.82500104278576,125.32154414810663,111.63420195069074,False,max_epochs,1487.4907848834991
rl4crn_rne_oscillator_trace_8rxn_stop_risksched085to09_lr1e4_entropy005_s4_c1_rnetol_d256_depth3_p20_bs200,seed229,229,198,39600,200,16,113.16168650441966,124.94296919248072,111.63420195069074,False,max_epochs,1495.5222821235657
rl4crn_rne_oscillator_trace_8rxn_stop_risksched085to09_lr1e4_entropy005_s4_c1_rnetol_d256_depth3_p20_bs200,seed229,229,199,39800,200,16,112.78997160047821,126.77119848334726,111.63420195069074,False,max_epochs,1503.6563594341278
rl4crn_rne_oscillator_trace_8rxn_stop_risksched085to09_lr1e4_entropy005_s4_c1_rnetol_d256_depth3_p20_bs200,seed229,229,200,40000,200,16,112.9742307640024,124.34483169396468,111.63420195069074,False,max_epochs,1511.7800135612488
rl4crn_rne_oscillator_trace_8rxn_stop_risksched085to09_lr1e4_entropy005_s4_c1_rnetol_d256_depth3_p20_bs200,seed229,229,201,40200,200,16,113.33254519527696,125.12594346669785,111.63420195069074,False,max_epochs,1520.06387424469
rl4crn_rne_oscillator_trace_8rxn_stop_risksched085to09_lr1e4_entropy005_s4_c1_rnetol_d256_depth3_p20_bs200,seed229,229,202,40400,200,16,112.94516975401015,122.88447109820544,111.63420195069074,False,max_epochs,1528.3265662193298
rl4crn_rne_oscillator_trace_8rxn_stop_risksched085to09_lr1e4_entropy005_s4_c1_rnetol_d256_depth3_p20_bs200,seed229,229,203,40600,200,16,113.39471630486088,123.13401455112313,111.63420195069074,False,max_epochs,1536.3230350017548
rl4crn_rne_oscillator_trace_8rxn_stop_risksched085to09_lr1e4_entropy005_s4_c1_rnetol_d256_depth3_p20_bs200,seed229,229,204,40800,200,16,111.70070762800171,124.26412048386459,111.63420195069074,False,max_epochs,1542.4015445709229
rl4crn_rne_oscillator_trace_8rxn_stop_risksched085to09_lr1e4_entropy005_s4_c1_rnetol_d256_depth3_p20_bs200,seed229,229,205,41000,200,16,112.04940498446207,127.75928928827835,111.63420195069074,False,max_epochs,1546.2689180374146
rl4crn_rne_oscillator_trace_8rxn_stop_risksched085to09_lr1e4_entropy005_s4_c1_rnetol_d256_depth3_p20_bs200,seed229,229,206,41200,200,16,113.45698305394171,131.1788223988677,111.63420195069074,False,max_epochs,1554.184368610382
rl4crn_rne_oscillator_trace_8rxn_stop_risksched085to09_lr1e4_entropy005_s4_c1_rnetol_d256_depth3_p20_bs200,seed229,229,207,41400,200,16,110.97601384983864,132.71358688550976,110.97601384983864,False,max_epochs,1562.431441783905
rl4crn_rne_oscillator_trace_8rxn_stop_risksched085to09_lr1e4_entropy005_s4_c1_rnetol_d256_depth3_p20_bs200,seed229,229,208,41600,200,16,113.07953274183218,131.03449721376103,110.97601384983864,False,max_epochs,1570.3784627914429
rl4crn_rne_oscillator_trace_8rxn_stop_risksched085to09_lr1e4_entropy005_s4_c1_rnetol_d256_depth3_p20_bs200,seed229,229,209,41800,200,16,113.17822723429998,128.9951044818234,110.97601384983864,False,max_epochs,1578.354407787323
rl4crn_rne_oscillator_trace_8rxn_stop_risksched085to09_lr1e4_entropy005_s4_c1_rnetol_d256_depth3_p20_bs200,seed229,229,210,42000,200,16,112.17556620901132,128.59488545469497,110.97601384983864,False,max_epochs,1586.4874911308289
rl4crn_rne_oscillator_trace_8rxn_stop_risksched085to09_lr1e4_entropy005_s4_c1_rnetol_d256_depth3_p20_bs200,seed229,229,211,42200,200,16,115.03869223459506,124.08789622304737,110.97601384983864,False,max_epochs,1593.926486492157
rl4crn_rne_oscillator_trace_8rxn_stop_risksched085to09_lr1e4_entropy005_s4_c1_rnetol_d256_depth3_p20_bs200,seed229,229,212,42400,200,16,115.67129452148446,124.14020669726119,110.97601384983864,False,max_epochs,1600.3135685920715
rl4crn_rne_oscillator_trace_8rxn_stop_risksched085to09_lr1e4_entropy005_s4_c1_rnetol_d256_depth3_p20_bs200,seed229,229,213,42600,200,16,114.40756692589392,123.81639620869245,110.97601384983864,False,max_epochs,1604.4132132530212
rl4crn_rne_oscillator_trace_8rxn_stop_risksched085to09_lr1e4_entropy005_s4_c1_rnetol_d256_depth3_p20_bs200,seed229,229,214,42800,200,16,113.44720678198347,123.9161907697829,110.97601384983864,False,max_epochs,1612.5181148052216
rl4crn_rne_oscillator_trace_8rxn_stop_risksched085to09_lr1e4_entropy005_s4_c1_rnetol_d256_depth3_p20_bs200,seed229,229,215,43000,200,16,113.9565535848788,125.76731030227106,110.97601384983864,False,max_epochs,1620.6385126113892
rl4crn_rne_oscillator_trace_8rxn_stop_risksched085to09_lr1e4_entropy005_s4_c1_rnetol_d256_depth3_p20_bs200,seed229,229,216,43200,200,16,114.1399846932547,122.83747631675297,110.97601384983864,False,max_epochs,1628.9457795619965
rl4crn_rne_oscillator_trace_8rxn_stop_risksched085to09_lr1e4_entropy005_s4_c1_rnetol_d256_depth3_p20_bs200,seed229,229,217,43400,200,16,112.68160609751065,123.7780899784616,110.97601384983864,False,max_epochs,1636.8708572387695
rl4crn_rne_oscillator_trace_8rxn_stop_risksched085to09_lr1e4_entropy005_s4_c1_rnetol_d256_depth3_p20_bs200,seed229,229,218,43600,200,16,113.44440654966968,122.5173607086452,110.97601384983864,False,max_epochs,1645.1050069332123
rl4crn_rne_oscillator_trace_8rxn_stop_risksched085to09_lr1e4_entropy005_s4_c1_rnetol_d256_depth3_p20_bs200,seed229,229,219,43800,200,16,111.8868914529972,121.9513419268104,110.97601384983864,False,max_epochs,1653.1654500961304
rl4crn_rne_oscillator_trace_8rxn_stop_risksched085to09_lr1e4_entropy005_s4_c1_rnetol_d256_depth3_p20_bs200,seed229,229,220,44000,200,16,113.78134915312398,121.74762461518475,110.97601384983864,False,max_epochs,1660.17311668396
rl4crn_rne_oscillator_trace_8rxn_stop_risksched085to09_lr1e4_entropy005_s4_c1_rnetol_d256_depth3_p20_bs200,seed229,229,221,44200,200,16,112.65425776213235,122.4209897890464,110.97601384983864,False,max_epochs,1663.4513893127441
rl4crn_rne_oscillator_trace_8rxn_stop_risksched085to09_lr1e4_entropy005_s4_c1_rnetol_d256_depth3_p20_bs200,seed229,229,222,44400,200,16,111.68200163194273,124.35147039116623,110.97601384983864,False,max_epochs,1671.520889043808
rl4crn_rne_oscillator_trace_8rxn_stop_risksched085to09_lr1e4_entropy005_s4_c1_rnetol_d256_depth3_p20_bs200,seed229,229,223,44600,200,16,111.9910785211837,125.81920398130221,110.97601384983864,False,max_epochs,1679.7489018440247
rl4crn_rne_oscillator_trace_8rxn_stop_risksched085to09_lr1e4_entropy005_s4_c1_rnetol_d256_depth3_p20_bs200,seed229,229,224,44800,200,16,113.45687465025485,126.310324190122,110.97601384983864,False,max_epochs,1687.7554762363434
rl4crn_rne_oscillator_trace_8rxn_stop_risksched085to09_lr1e4_entropy005_s4_c1_rnetol_d256_depth3_p20_bs200,seed229,229,225,45000,200,16,111.79667073575393,125.50882003679018,110.97601384983864,False,max_epochs,1695.8336188793182
rl4crn_rne_oscillator_trace_8rxn_stop_risksched085to09_lr1e4_entropy005_s4_c1_rnetol_d256_depth3_p20_bs200,seed229,229,226,45200,200,16,112.74842277633941,123.52264966950239,110.97601384983864,False,max_epochs,1703.815542459488
rl4crn_rne_oscillator_trace_8rxn_stop_risksched085to09_lr1e4_entropy005_s4_c1_rnetol_d256_depth3_p20_bs200,seed229,229,227,45400,200,16,111.987407783879,121.83884194822255,110.97601384983864,False,max_epochs,1709.5894248485565
rl4crn_rne_oscillator_trace_8rxn_stop_risksched085to09_lr1e4_entropy005_s4_c1_rnetol_d256_depth3_p20_bs200,seed229,229,228,45600,200,16,113.01237670685235,123.43403930264637,110.97601384983864,False,max_epochs,1713.9050071239471
rl4crn_rne_oscillator_trace_8rxn_stop_risksched085to09_lr1e4_entropy005_s4_c1_rnetol_d256_depth3_p20_bs200,seed229,229,229,45800,200,16,112.00417089678065,123.67845813115817,110.97601384983864,False,max_epochs,1722.2305707931519
rl4crn_rne_oscillator_trace_8rxn_stop_risksched085to09_lr1e4_entropy005_s4_c1_rnetol_d256_depth3_p20_bs200,seed229,229,230,46000,200,16,111.92166024001297,122.26634565818091,110.97601384983864,False,max_epochs,1730.5523114204407
rl4crn_rne_oscillator_trace_8rxn_stop_risksched085to09_lr1e4_entropy005_s4_c1_rnetol_d256_depth3_p20_bs200,seed229,229,231,46200,200,16,112.04123141793694,124.49208520268789,110.97601384983864,False,max_epochs,1738.3340690135956
rl4crn_rne_oscillator_trace_8rxn_stop_risksched085to09_lr1e4_entropy005_s4_c1_rnetol_d256_depth3_p20_bs200,seed229,229,232,46400,200,16,112.45620681664407,122.97894289567552,110.97601384983864,False,max_epochs,1746.4413056373596
rl4crn_rne_oscillator_trace_8rxn_stop_risksched085to09_lr1e4_entropy005_s4_c1_rnetol_d256_depth3_p20_bs200,seed229,229,233,46600,200,16,112.7341554298059,122.11264432204973,110.97601384983864,False,max_epochs,1754.1669971942902
rl4crn_rne_oscillator_trace_8rxn_stop_risksched085to09_lr1e4_entropy005_s4_c1_rnetol_d256_depth3_p20_bs200,seed229,229,234,46800,200,16,111.99355837673369,121.89286217523566,110.97601384983864,False,max_epochs,1757.2215235233307
rl4crn_rne_oscillator_trace_8rxn_stop_risksched085to09_lr1e4_entropy005_s4_c1_rnetol_d256_depth3_p20_bs200,seed229,229,235,47000,200,16,111.7037912337259,122.06263889197619,110.97601384983864,False,max_epochs,1764.7172708511353
rl4crn_rne_oscillator_trace_8rxn_stop_risksched085to09_lr1e4_entropy005_s4_c1_rnetol_d256_depth3_p20_bs200,seed229,229,236,47200,200,16,112.24309913159394,122.34643620214794,110.97601384983864,False,max_epochs,1772.966296195984
rl4crn_rne_oscillator_trace_8rxn_stop_risksched085to09_lr1e4_entropy005_s4_c1_rnetol_d256_depth3_p20_bs200,seed229,229,237,47400,200,16,112.04861840051983,123.51391082806828,110.97601384983864,False,max_epochs,1780.9579801559448
rl4crn_rne_oscillator_trace_8rxn_stop_risksched085to09_lr1e4_entropy005_s4_c1_rnetol_d256_depth3_p20_bs200,seed229,229,238,47600,200,16,111.98189737883102,124.28555168296859,110.97601384983864,False,max_epochs,1788.9136118888855
rl4crn_rne_oscillator_trace_8rxn_stop_risksched085to09_lr1e4_entropy005_s4_c1_rnetol_d256_depth3_p20_bs200,seed229,229,239,47800,200,16,111.55782082894805,124.32902430317944,110.97601384983864,False,max_epochs,1796.6586813926697
rl4crn_rne_oscillator_trace_8rxn_stop_risksched085to09_lr1e4_entropy005_s4_c1_rnetol_d256_depth3_p20_bs200,seed229,229,240,48000,200,16,110.94055556646954,124.83906491267598,110.94055556646954,False,max_epochs,1799.5348069667816
rl4crn_rne_oscillator_trace_8rxn_stop_risksched085to09_lr1e4_entropy005_s4_c1_rnetol_d256_depth3_p20_bs200,seed229,229,241,48200,200,16,112.67477690981652,122.96503607260848,110.94055556646954,False,max_epochs,1806.9893188476562
rl4crn_rne_oscillator_trace_8rxn_stop_risksched085to09_lr1e4_entropy005_s4_c1_rnetol_d256_depth3_p20_bs200,seed229,229,242,48400,200,16,111.91557521386306,123.10384881203372,110.94055556646954,False,max_epochs,1815.0739238262177
rl4crn_rne_oscillator_trace_8rxn_stop_risksched085to09_lr1e4_entropy005_s4_c1_rnetol_d256_depth3_p20_bs200,seed229,229,243,48600,200,16,112.35317458898362,122.18286908453231,110.94055556646954,False,max_epochs,1823.6784973144531
rl4crn_rne_oscillator_trace_8rxn_stop_risksched085to09_lr1e4_entropy005_s4_c1_rnetol_d256_depth3_p20_bs200,seed229,229,244,48800,200,16,111.42349410611399,123.05434418676822,110.94055556646954,False,max_epochs,1832.108685016632
rl4crn_rne_oscillator_trace_8rxn_stop_risksched085to09_lr1e4_entropy005_s4_c1_rnetol_d256_depth3_p20_bs200,seed229,229,245,49000,200,16,111.55890501659147,123.87387089858348,110.94055556646954,False,max_epochs,1840.1881630420685
rl4crn_rne_oscillator_trace_8rxn_stop_risksched085to09_lr1e4_entropy005_s4_c1_rnetol_d256_depth3_p20_bs200,seed229,229,246,49200,200,16,112.70353365994126,125.1342426775368,110.94055556646954,False,max_epochs,1848.5283472537994
rl4crn_rne_oscillator_trace_8rxn_stop_risksched085to09_lr1e4_entropy005_s4_c1_rnetol_d256_depth3_p20_bs200,seed229,229,247,49400,200,16,112.41195963399757,124.19370516555477,110.94055556646954,False,max_epochs,1856.5547111034393
rl4crn_rne_oscillator_trace_8rxn_stop_risksched085to09_lr1e4_entropy005_s4_c1_rnetol_d256_depth3_p20_bs200,seed229,229,248,49600,200,16,112.0587000272325,122.76357103479167,110.94055556646954,False,max_epochs,1864.4107654094696
rl4crn_rne_oscillator_trace_8rxn_stop_risksched085to09_lr1e4_entropy005_s4_c1_rnetol_d256_depth3_p20_bs200,seed229,229,249,49800,200,16,111.68628836192157,122.25243222694732,110.94055556646954,False,max_epochs,1870.8830757141113
rl4crn_rne_oscillator_trace_8rxn_stop_risksched085to09_lr1e4_entropy005_s4_c1_rnetol_d256_depth3_p20_bs200,seed229,229,250,50000,200,16,111.67401625174449,122.21461514559118,110.94055556646954,False,max_epochs,1875.1282515525818
rl4crn_rne_oscillator_trace_8rxn_stop_risksched085to09_lr1e4_entropy005_s4_c1_rnetol_d256_depth3_p20_bs200,seed229,229,251,50200,200,16,111.88662061123522,123.04088117224282,110.94055556646954,False,max_epochs,1883.0999948978424
rl4crn_rne_oscillator_trace_8rxn_stop_risksched085to09_lr1e4_entropy005_s4_c1_rnetol_d256_depth3_p20_bs200,seed229,229,252,50400,200,16,113.15717657415897,124.43565620608496,110.94055556646954,False,max_epochs,1891.175547838211
rl4crn_rne_oscillator_trace_8rxn_stop_risksched085to09_lr1e4_entropy005_s4_c1_rnetol_d256_depth3_p20_bs200,seed229,229,253,50600,200,16,112.2465163404159,124.04819754801403,110.94055556646954,False,max_epochs,1899.726561307907
rl4crn_rne_oscillator_trace_8rxn_stop_risksched085to09_lr1e4_entropy005_s4_c1_rnetol_d256_depth3_p20_bs200,seed229,229,254,50800,200,16,112.06251466205283,123.40005772866314,110.94055556646954,False,max_epochs,1907.7313873767853
rl4crn_rne_oscillator_trace_8rxn_stop_risksched085to09_lr1e4_entropy005_s4_c1_rnetol_d256_depth3_p20_bs200,seed229,229,255,51000,200,16,111.62563560394658,121.93035902153431,110.94055556646954,False,max_epochs,1916.0552446842194
rl4crn_rne_oscillator_trace_8rxn_stop_risksched085to09_lr1e4_entropy005_s4_c1_rnetol_d256_depth3_p20_bs200,seed229,229,256,51200,200,16,112.30306289142814,121.32719721775084,110.94055556646954,False,max_epochs,1924.0640490055084
rl4crn_rne_oscillator_trace_8rxn_stop_risksched085to09_lr1e4_entropy005_s4_c1_rnetol_d256_depth3_p20_bs200,seed229,229,257,51400,200,16,111.68609081544253,121.54568114368591,110.94055556646954,False,max_epochs,1931.9596455097198
rl4crn_rne_oscillator_trace_8rxn_stop_risksched085to09_lr1e4_entropy005_s4_c1_rnetol_d256_depth3_p20_bs200,seed229,229,258,51600,200,16,110.98195443439948,123.30776355124758,110.94055556646954,False,max_epochs,1934.8656902313232
rl4crn_rne_oscillator_trace_8rxn_stop_risksched085to09_lr1e4_entropy005_s4_c1_rnetol_d256_depth3_p20_bs200,seed229,229,259,51800,200,16,112.18391865481117,123.23201008818373,110.94055556646954,False,max_epochs,1941.8795988559723
rl4crn_rne_oscillator_trace_8rxn_stop_risksched085to09_lr1e4_entropy005_s4_c1_rnetol_d256_depth3_p20_bs200,seed229,229,260,52000,200,16,111.75779639975806,123.62789429787472,110.94055556646954,False,max_epochs,1949.7728118896484
rl4crn_rne_oscillator_trace_8rxn_stop_risksched085to09_lr1e4_entropy005_s4_c1_rnetol_d256_depth3_p20_bs200,seed229,229,261,52200,200,16,112.48933359834575,121.88339800736009,110.94055556646954,False,max_epochs,1957.7414162158966
rl4crn_rne_oscillator_trace_8rxn_stop_risksched085to09_lr1e4_entropy005_s4_c1_rnetol_d256_depth3_p20_bs200,seed229,229,262,52400,200,16,112.41171797941313,120.84127434510461,110.94055556646954,False,max_epochs,1965.6826963424683
rl4crn_rne_oscillator_trace_8rxn_stop_risksched085to09_lr1e4_entropy005_s4_c1_rnetol_d256_depth3_p20_bs200,seed229,229,263,52600,200,16,112.97057500471617,121.35345058146493,110.94055556646954,False,max_epochs,1973.639642715454
rl4crn_rne_oscillator_trace_8rxn_stop_risksched085to09_lr1e4_entropy005_s4_c1_rnetol_d256_depth3_p20_bs200,seed229,229,264,52800,200,16,111.52634212860816,121.46512737871092,110.94055556646954,False,max_epochs,1981.738787651062
rl4crn_rne_oscillator_trace_8rxn_stop_risksched085to09_lr1e4_entropy005_s4_c1_rnetol_d256_depth3_p20_bs200,seed229,229,265,53000,200,16,111.64309755099261,121.62712872311744,110.94055556646954,False,max_epochs,1987.9312896728516
rl4crn_rne_oscillator_trace_8rxn_stop_risksched085to09_lr1e4_entropy005_s4_c1_rnetol_d256_depth3_p20_bs200,seed229,229,266,53200,200,16,111.54923924646778,121.73178738850214,110.94055556646954,False,max_epochs,1991.9252483844757
rl4crn_rne_oscillator_trace_8rxn_stop_risksched085to09_lr1e4_entropy005_s4_c1_rnetol_d256_depth3_p20_bs200,seed229,229,267,53400,200,16,111.97041906161539,121.70018709021329,110.94055556646954,False,max_epochs,1999.993493795395
rl4crn_rne_oscillator_trace_8rxn_stop_risksched085to09_lr1e4_entropy005_s4_c1_rnetol_d256_depth3_p20_bs200,seed229,229,268,53600,200,16,112.02281814802414,121.5045314928881,110.94055556646954,False,max_epochs,2008.2420566082
rl4crn_rne_oscillator_trace_8rxn_stop_risksched085to09_lr1e4_entropy005_s4_c1_rnetol_d256_depth3_p20_bs200,seed229,229,269,53800,200,16,111.38406699676226,121.07020111596361,110.94055556646954,False,max_epochs,2016.3032376766205
rl4crn_rne_oscillator_trace_8rxn_stop_risksched085to09_lr1e4_entropy005_s4_c1_rnetol_d256_depth3_p20_bs200,seed229,229,270,54000,200,16,111.25736940693982,122.30549650691512,110.94055556646954,False,max_epochs,2024.6464908123016
rl4crn_rne_oscillator_trace_8rxn_stop_risksched085to09_lr1e4_entropy005_s4_c1_rnetol_d256_depth3_p20_bs200,seed229,229,271,54200,200,16,112.0704174550191,121.28286227702968,110.94055556646954,False,max_epochs,2031.7962837219238
rl4crn_rne_oscillator_trace_8rxn_stop_risksched085to09_lr1e4_entropy005_s4_c1_rnetol_d256_depth3_p20_bs200,seed229,229,272,54400,200,16,112.37925583542305,120.7925666098125,110.94055556646954,False,max_epochs,2034.831744670868
rl4crn_rne_oscillator_trace_8rxn_stop_risksched085to09_lr1e4_entropy005_s4_c1_rnetol_d256_depth3_p20_bs200,seed229,229,273,54600,200,16,111.58020247400145,120.43584856325185,110.94055556646954,False,max_epochs,2042.740085363388
rl4crn_rne_oscillator_trace_8rxn_stop_risksched085to09_lr1e4_entropy005_s4_c1_rnetol_d256_depth3_p20_bs200,seed229,229,274,54800,200,16,111.55735296101047,120.83303258734351,110.94055556646954,False,max_epochs,2050.8455126285553
rl4crn_rne_oscillator_trace_8rxn_stop_risksched085to09_lr1e4_entropy005_s4_c1_rnetol_d256_depth3_p20_bs200,seed229,229,275,55000,200,16,112.28290766509127,120.90011536570282,110.94055556646954,False,max_epochs,2059.2230751514435
rl4crn_rne_oscillator_trace_8rxn_stop_risksched085to09_lr1e4_entropy005_s4_c1_rnetol_d256_depth3_p20_bs200,seed229,229,276,55200,200,16,112.57117082060795,122.91140367638971,110.94055556646954,False,max_epochs,2067.5194754600525
rl4crn_rne_oscillator_trace_8rxn_stop_risksched085to09_lr1e4_entropy005_s4_c1_rnetol_d256_depth3_p20_bs200,seed229,229,277,55400,200,16,111.57537357219516,123.23872531111662,110.94055556646954,False,max_epochs,2075.703183412552
rl4crn_rne_oscillator_trace_8rxn_stop_risksched085to09_lr1e4_entropy005_s4_c1_rnetol_d256_depth3_p20_bs200,seed229,229,278,55600,200,16,112.3134049803927,122.33418463259727,110.94055556646954,False,max_epochs,2083.8725352287292
rl4crn_rne_oscillator_trace_8rxn_stop_risksched085to09_lr1e4_entropy005_s4_c1_rnetol_d256_depth3_p20_bs200,seed229,229,279,55800,200,16,111.8427246070297,119.99536595237996,110.94055556646954,False,max_epochs,2091.9350543022156
rl4crn_rne_oscillator_trace_8rxn_stop_risksched085to09_lr1e4_entropy005_s4_c1_rnetol_d256_depth3_p20_bs200,seed229,229,280,56000,200,16,112.00891869525624,120.45526687591338,110.94055556646954,False,max_epochs,2100.0877363681793
rl4crn_rne_oscillator_trace_8rxn_stop_risksched085to09_lr1e4_entropy005_s4_c1_rnetol_d256_depth3_p20_bs200,seed229,229,281,56200,200,16,111.92805142750468,120.11116160293315,110.94055556646954,False,max_epochs,2107.825659275055
rl4crn_rne_oscillator_trace_8rxn_stop_risksched085to09_lr1e4_entropy005_s4_c1_rnetol_d256_depth3_p20_bs200,seed229,229,282,56400,200,16,111.7052847207863,122.08939051111145,110.94055556646954,False,max_epochs,2110.7949595451355
rl4crn_rne_oscillator_trace_8rxn_stop_risksched085to09_lr1e4_entropy005_s4_c1_rnetol_d256_depth3_p20_bs200,seed229,229,283,56600,200,16,111.76465692127479,121.79338310374166,110.94055556646954,False,max_epochs,2118.6759831905365
rl4crn_rne_oscillator_trace_8rxn_stop_risksched085to09_lr1e4_entropy005_s4_c1_rnetol_d256_depth3_p20_bs200,seed229,229,284,56800,200,16,111.88211712035742,122.25184313509814,110.94055556646954,False,max_epochs,2126.601786136627
rl4crn_rne_oscillator_trace_8rxn_stop_risksched085to09_lr1e4_entropy005_s4_c1_rnetol_d256_depth3_p20_bs200,seed229,229,285,57000,200,16,111.49866537273749,121.3671324811177,110.94055556646954,False,max_epochs,2134.642462491989
rl4crn_rne_oscillator_trace_8rxn_stop_risksched085to09_lr1e4_entropy005_s4_c1_rnetol_d256_depth3_p20_bs200,seed229,229,286,57200,200,16,112.03939159710556,120.84349903421513,110.94055556646954,False,max_epochs,2142.6675181388855
rl4crn_rne_oscillator_trace_8rxn_stop_risksched085to09_lr1e4_entropy005_s4_c1_rnetol_d256_depth3_p20_bs200,seed229,229,287,57400,200,16,111.75970121189702,121.65478062175296,110.94055556646954,False,max_epochs,2148.8764157295227
rl4crn_rne_oscillator_trace_8rxn_stop_risksched085to09_lr1e4_entropy005_s4_c1_rnetol_d256_depth3_p20_bs200,seed229,229,288,57600,200,16,111.646791436555,121.8188938159019,110.94055556646954,False,max_epochs,2152.798718214035
rl4crn_rne_oscillator_trace_8rxn_stop_risksched085to09_lr1e4_entropy005_s4_c1_rnetol_d256_depth3_p20_bs200,seed229,229,289,57800,200,16,111.80059635200847,122.57644863691522,110.94055556646954,False,max_epochs,2160.860307455063
rl4crn_rne_oscillator_trace_8rxn_stop_risksched085to09_lr1e4_entropy005_s4_c1_rnetol_d256_depth3_p20_bs200,seed229,229,290,58000,200,16,111.23111053810062,121.96033660591425,110.94055556646954,False,max_epochs,2169.501232147217
rl4crn_rne_oscillator_trace_8rxn_stop_risksched085to09_lr1e4_entropy005_s4_c1_rnetol_d256_depth3_p20_bs200,seed229,229,291,58200,200,16,111.4049328437724,122.98062009647748,110.94055556646954,False,max_epochs,2177.667754650116
rl4crn_rne_oscillator_trace_8rxn_stop_risksched085to09_lr1e4_entropy005_s4_c1_rnetol_d256_depth3_p20_bs200,seed229,229,292,58400,200,16,113.61718647446176,124.14300047345557,110.94055556646954,False,max_epochs,2185.7535259723663
rl4crn_rne_oscillator_trace_8rxn_stop_risksched085to09_lr1e4_entropy005_s4_c1_rnetol_d256_depth3_p20_bs200,seed229,229,293,58600,200,16,111.28821687854087,125.37001653566921,110.94055556646954,False,max_epochs,2193.7981300354004
rl4crn_rne_oscillator_trace_8rxn_stop_risksched085to09_lr1e4_entropy005_s4_c1_rnetol_d256_depth3_p20_bs200,seed229,229,294,58800,200,16,113.42674774440005,124.58064638856737,110.94055556646954,False,max_epochs,2201.827353477478
rl4crn_rne_oscillator_trace_8rxn_stop_risksched085to09_lr1e4_entropy005_s4_c1_rnetol_d256_depth3_p20_bs200,seed229,229,295,59000,200,16,111.97185377703084,123.01166457273985,110.94055556646954,False,max_epochs,2209.124142885208
rl4crn_rne_oscillator_trace_8rxn_stop_risksched085to09_lr1e4_entropy005_s4_c1_rnetol_d256_depth3_p20_bs200,seed229,229,296,59200,200,16,111.63681012835114,120.57791753836625,110.94055556646954,False,max_epochs,2211.990409851074
rl4crn_rne_oscillator_trace_8rxn_stop_risksched085to09_lr1e4_entropy005_s4_c1_rnetol_d256_depth3_p20_bs200,seed229,229,297,59400,200,16,112.07239111806128,120.01649472477314,110.94055556646954,False,max_epochs,2220.3328585624695
rl4crn_rne_oscillator_trace_8rxn_stop_risksched085to09_lr1e4_entropy005_s4_c1_rnetol_d256_depth3_p20_bs200,seed229,229,298,59600,200,16,111.36893333944609,120.50924871728077,110.94055556646954,False,max_epochs,2228.324736595154
rl4crn_rne_oscillator_trace_8rxn_stop_risksched085to09_lr1e4_entropy005_s4_c1_rnetol_d256_depth3_p20_bs200,seed229,229,299,59800,200,16,111.81763022486784,125.26436941238254,110.94055556646954,False,max_epochs,2236.506895542145
rl4crn_rne_oscillator_trace_8rxn_stop_risksched085to09_lr1e4_entropy005_s4_c1_rnetol_d256_depth3_p20_bs200,seed229,229,300,60000,200,16,111.23227543824468,128.72571017553327,110.94055556646954,False,max_epochs,2244.5004057884216
rl4crn_rne_oscillator_trace_8rxn_stop_risksched085to09_lr1e4_entropy005_s4_c1_rnetol_d256_depth3_p20_bs200,seed229,229,301,60200,200,16,111.72504713925048,127.9555666343802,110.94055556646954,False,max_epochs,2252.196035385132
rl4crn_rne_oscillator_trace_8rxn_stop_risksched085to09_lr1e4_entropy005_s4_c1_rnetol_d256_depth3_p20_bs200,seed229,229,302,60400,200,16,111.80126371192505,123.66552930509565,110.94055556646954,False,max_epochs,2255.209606409073
rl4crn_rne_oscillator_trace_8rxn_stop_risksched085to09_lr1e4_entropy005_s4_c1_rnetol_d256_depth3_p20_bs200,seed229,229,303,60600,200,16,111.55091472009958,122.19167258488861,110.94055556646954,False,max_epochs,2262.5450382232666
rl4crn_rne_oscillator_trace_8rxn_stop_risksched085to09_lr1e4_entropy005_s4_c1_rnetol_d256_depth3_p20_bs200,seed229,229,304,60800,200,16,111.99875210863264,121.0234601703154,110.94055556646954,False,max_epochs,2270.8078320026398
rl4crn_rne_oscillator_trace_8rxn_stop_risksched085to09_lr1e4_entropy005_s4_c1_rnetol_d256_depth3_p20_bs200,seed229,229,305,61000,200,16,112.83723920830053,120.99172609713634,110.94055556646954,False,max_epochs,2278.7810411453247
rl4crn_rne_oscillator_trace_8rxn_stop_risksched085to09_lr1e4_entropy005_s4_c1_rnetol_d256_depth3_p20_bs200,seed229,229,306,61200,200,16,111.80866279331829,120.96154987159224,110.94055556646954,False,max_epochs,2286.6113357543945
rl4crn_rne_oscillator_trace_8rxn_stop_risksched085to09_lr1e4_entropy005_s4_c1_rnetol_d256_depth3_p20_bs200,seed229,229,307,61400,200,16,112.22286771313276,121.13875881280781,110.94055556646954,False,max_epochs,2294.736848592758
rl4crn_rne_oscillator_trace_8rxn_stop_risksched085to09_lr1e4_entropy005_s4_c1_rnetol_d256_depth3_p20_bs200,seed229,229,308,61600,200,16,111.63278223941121,122.60958520508257,110.94055556646954,False,max_epochs,2302.613585472107
rl4crn_rne_oscillator_trace_8rxn_stop_risksched085to09_lr1e4_entropy005_s4_c1_rnetol_d256_depth3_p20_bs200,seed229,229,309,61800,200,16,111.33755509168273,122.6605218423135,110.94055556646954,False,max_epochs,2309.8123133182526
rl4crn_rne_oscillator_trace_8rxn_stop_risksched085to09_lr1e4_entropy005_s4_c1_rnetol_d256_depth3_p20_bs200,seed229,229,310,62000,200,16,111.7973269762418,122.91846243975414,110.94055556646954,False,max_epochs,2313.0862312316895
rl4crn_rne_oscillator_trace_8rxn_stop_risksched085to09_lr1e4_entropy005_s4_c1_rnetol_d256_depth3_p20_bs200,seed229,229,311,62200,200,16,112.54491174672515,121.90161887765885,110.94055556646954,False,max_epochs,2321.322382211685
rl4crn_rne_oscillator_trace_8rxn_stop_risksched085to09_lr1e4_entropy005_s4_c1_rnetol_d256_depth3_p20_bs200,seed229,229,312,62400,200,16,111.78861988849683,120.45698302731174,110.94055556646954,False,max_epochs,2329.3538539409637
rl4crn_rne_oscillator_trace_8rxn_stop_risksched085to09_lr1e4_entropy005_s4_c1_rnetol_d256_depth3_p20_bs200,seed229,229,313,62600,200,16,111.72097081334175,120.44445897336362,110.94055556646954,False,max_epochs,2337.2456364631653
rl4crn_rne_oscillator_trace_8rxn_stop_risksched085to09_lr1e4_entropy005_s4_c1_rnetol_d256_depth3_p20_bs200,seed229,229,314,62800,200,16,112.84949791712835,119.86942752838362,110.94055556646954,False,max_epochs,2345.4689877033234
rl4crn_rne_oscillator_trace_8rxn_stop_risksched085to09_lr1e4_entropy005_s4_c1_rnetol_d256_depth3_p20_bs200,seed229,229,315,63000,200,16,112.28210924408528,121.4204512454262,110.94055556646954,False,max_epochs,2353.443319797516
rl4crn_rne_oscillator_trace_8rxn_stop_risksched085to09_lr1e4_entropy005_s4_c1_rnetol_d256_depth3_p20_bs200,seed229,229,316,63200,200,16,111.19707640888501,121.89016797265566,110.94055556646954,False,max_epochs,2359.967524290085
rl4crn_rne_oscillator_trace_8rxn_stop_risksched085to09_lr1e4_entropy005_s4_c1_rnetol_d256_depth3_p20_bs200,seed229,229,317,63400,200,16,111.84355769639168,121.43630886074965,110.94055556646954,False,max_epochs,2363.9449417591095
rl4crn_rne_oscillator_trace_8rxn_stop_risksched085to09_lr1e4_entropy005_s4_c1_rnetol_d256_depth3_p20_bs200,seed229,229,318,63600,200,16,112.26094942136739,121.79246253283164,110.94055556646954,False,max_epochs,2371.955548763275
rl4crn_rne_oscillator_trace_8rxn_stop_risksched085to09_lr1e4_entropy005_s4_c1_rnetol_d256_depth3_p20_bs200,seed229,229,319,63800,200,16,111.63091619143232,121.1937463430657,110.94055556646954,False,max_epochs,2380.151034116745
rl4crn_rne_oscillator_trace_8rxn_stop_risksched085to09_lr1e4_entropy005_s4_c1_rnetol_d256_depth3_p20_bs200,seed229,229,320,64000,200,16,111.80074869811047,120.06491383788732,110.94055556646954,False,max_epochs,2388.6164677143097
rl4crn_rne_oscillator_trace_8rxn_stop_risksched085to09_lr1e4_entropy005_s4_c1_rnetol_d256_depth3_p20_bs200,seed229,229,321,64200,200,16,112.47381794697759,120.19140737543013,110.94055556646954,False,max_epochs,2396.6805951595306
rl4crn_rne_oscillator_trace_8rxn_stop_risksched085to09_lr1e4_entropy005_s4_c1_rnetol_d256_depth3_p20_bs200,seed229,229,322,64400,200,16,111.65280021182313,120.39939559814285,110.94055556646954,False,max_epochs,2404.5776286125183
rl4crn_rne_oscillator_trace_8rxn_stop_risksched085to09_lr1e4_entropy005_s4_c1_rnetol_d256_depth3_p20_bs200,seed229,229,323,64600,200,16,111.10406996568508,120.62492975149254,110.94055556646954,False,max_epochs,2412.661810398102
rl4crn_rne_oscillator_trace_8rxn_stop_risksched085to09_lr1e4_entropy005_s4_c1_rnetol_d256_depth3_p20_bs200,seed229,229,324,64800,200,16,111.95620837027657,121.80015345537299,110.94055556646954,False,max_epochs,2418.568358182907
rl4crn_rne_oscillator_trace_8rxn_stop_risksched085to09_lr1e4_entropy005_s4_c1_rnetol_d256_depth3_p20_bs200,seed229,229,325,65000,200,16,111.72026520852393,122.69290517432398,110.94055556646954,False,max_epochs,2422.771449327469
rl4crn_rne_oscillator_trace_8rxn_stop_risksched085to09_lr1e4_entropy005_s4_c1_rnetol_d256_depth3_p20_bs200,seed229,229,326,65200,200,16,111.41394094459415,124.53515756021281,110.94055556646954,False,max_epochs,2430.999310016632
rl4crn_rne_oscillator_trace_8rxn_stop_risksched085to09_lr1e4_entropy005_s4_c1_rnetol_d256_depth3_p20_bs200,seed229,229,327,65400,200,16,112.15914278759047,124.15453751220446,110.94055556646954,False,max_epochs,2439.630871772766
rl4crn_rne_oscillator_trace_8rxn_stop_risksched085to09_lr1e4_entropy005_s4_c1_rnetol_d256_depth3_p20_bs200,seed229,229,328,65600,200,16,112.2613720180244,122.13659935028562,110.94055556646954,False,max_epochs,2448.4369566440582
rl4crn_rne_oscillator_trace_8rxn_stop_risksched085to09_lr1e4_entropy005_s4_c1_rnetol_d256_depth3_p20_bs200,seed229,229,329,65800,200,16,112.01341079452358,121.19779074920145,110.94055556646954,False,max_epochs,2456.4184777736664
rl4crn_rne_oscillator_trace_8rxn_stop_risksched085to09_lr1e4_entropy005_s4_c1_rnetol_d256_depth3_p20_bs200,seed229,229,330,66000,200,16,111.36141350293174,120.40841456024233,110.94055556646954,False,max_epochs,2464.7020926475525
rl4crn_rne_oscillator_trace_8rxn_stop_risksched085to09_lr1e4_entropy005_s4_c1_rnetol_d256_depth3_p20_bs200,seed229,229,331,66200,200,16,111.27001153697842,120.99665576380895,110.94055556646954,False,max_epochs,2472.826181411743
rl4crn_rne_oscillator_trace_8rxn_stop_risksched085to09_lr1e4_entropy005_s4_c1_rnetol_d256_depth3_p20_bs200,seed229,229,332,66400,200,16,111.29641318271125,120.46785540906745,110.94055556646954,False,max_epochs,2480.6646540164948
rl4crn_rne_oscillator_trace_8rxn_stop_risksched085to09_lr1e4_entropy005_s4_c1_rnetol_d256_depth3_p20_bs200,seed229,229,333,66600,200,16,112.375228476641,120.3670318895834,110.94055556646954,False,max_epochs,2488.81307387352
rl4crn_rne_oscillator_trace_8rxn_stop_risksched085to09_lr1e4_entropy005_s4_c1_rnetol_d256_depth3_p20_bs200,seed229,229,334,66800,200,16,111.83439444067362,120.83832532874513,110.94055556646954,False,max_epochs,2497.1267890930176
rl4crn_rne_oscillator_trace_8rxn_stop_risksched085to09_lr1e4_entropy005_s4_c1_rnetol_d256_depth3_p20_bs200,seed229,229,335,67000,200,16,111.80225540970626,121.52996519922405,110.94055556646954,False,max_epochs,2505.098462343216
rl4crn_rne_oscillator_trace_8rxn_stop_risksched085to09_lr1e4_entropy005_s4_c1_rnetol_d256_depth3_p20_bs200,seed229,229,336,67200,200,16,111.59319258016077,121.00294613374106,110.94055556646954,False,max_epochs,2510.0862848758698
rl4crn_rne_oscillator_trace_8rxn_stop_risksched085to09_lr1e4_entropy005_s4_c1_rnetol_d256_depth3_p20_bs200,seed229,229,337,67400,200,16,111.72981123045139,120.6456902445122,110.94055556646954,False,max_epochs,2515.526418209076
rl4crn_rne_oscillator_trace_8rxn_stop_risksched085to09_lr1e4_entropy005_s4_c1_rnetol_d256_depth3_p20_bs200,seed229,229,338,67600,200,16,111.35349117844527,121.03743082816811,110.94055556646954,False,max_epochs,2523.620764732361
rl4crn_rne_oscillator_trace_8rxn_stop_risksched085to09_lr1e4_entropy005_s4_c1_rnetol_d256_depth3_p20_bs200,seed229,229,339,67800,200,16,111.28422743254247,121.11466386050228,110.94055556646954,False,max_epochs,2532.2499916553497
rl4crn_rne_oscillator_trace_8rxn_stop_risksched085to09_lr1e4_entropy005_s4_c1_rnetol_d256_depth3_p20_bs200,seed229,229,340,68000,200,16,111.35716699262434,122.09870762067752,110.94055556646954,False,max_epochs,2540.5366547107697
rl4crn_rne_oscillator_trace_8rxn_stop_risksched085to09_lr1e4_entropy005_s4_c1_rnetol_d256_depth3_p20_bs200,seed229,229,341,68200,200,16,111.84074118384238,122.36646011329861,110.94055556646954,False,max_epochs,2548.8589401245117
rl4crn_rne_oscillator_trace_8rxn_stop_risksched085to09_lr1e4_entropy005_s4_c1_rnetol_d256_depth3_p20_bs200,seed229,229,342,68400,200,16,111.34844098448121,121.91172737147289,110.94055556646954,False,max_epochs,2557.006807565689
rl4crn_rne_oscillator_trace_8rxn_stop_risksched085to09_lr1e4_entropy005_s4_c1_rnetol_d256_depth3_p20_bs200,seed229,229,343,68600,200,16,111.29287215625965,120.81876788257222,110.94055556646954,False,max_epochs,2565.181268930435
rl4crn_rne_oscillator_trace_8rxn_stop_risksched085to09_lr1e4_entropy005_s4_c1_rnetol_d256_depth3_p20_bs200,seed229,229,344,68800,200,16,111.20778812551565,122.23727328891135,110.94055556646954,False,max_epochs,2573.441347360611
rl4crn_rne_oscillator_trace_8rxn_stop_risksched085to09_lr1e4_entropy005_s4_c1_rnetol_d256_depth3_p20_bs200,seed229,229,345,69000,200,16,111.85388034943269,123.3463502594507,110.94055556646954,False,max_epochs,2581.755761384964
rl4crn_rne_oscillator_trace_8rxn_stop_risksched085to09_lr1e4_entropy005_s4_c1_rnetol_d256_depth3_p20_bs200,seed229,229,346,69200,200,16,113.50815473303705,123.715682560358,110.94055556646954,False,max_epochs,2588.29114818573
rl4crn_rne_oscillator_trace_8rxn_stop_risksched085to09_lr1e4_entropy005_s4_c1_rnetol_d256_depth3_p20_bs200,seed229,229,347,69400,200,16,111.23193144912774,123.46892140973782,110.94055556646954,False,max_epochs,2591.4468438625336
rl4crn_rne_oscillator_trace_8rxn_stop_risksched085to09_lr1e4_entropy005_s4_c1_rnetol_d256_depth3_p20_bs200,seed229,229,348,69600,200,16,111.49233165035585,122.05492059680623,110.94055556646954,False,max_epochs,2599.600198030472
rl4crn_rne_oscillator_trace_8rxn_stop_risksched085to09_lr1e4_entropy005_s4_c1_rnetol_d256_depth3_p20_bs200,seed229,229,349,69800,200,16,111.5024138777966,120.7518839098291,110.94055556646954,False,max_epochs,2607.6664385795593
rl4crn_rne_oscillator_trace_8rxn_stop_risksched085to09_lr1e4_entropy005_s4_c1_rnetol_d256_depth3_p20_bs200,seed229,229,350,70000,200,16,112.72322002076065,120.30905639979571,110.94055556646954,False,max_epochs,2615.5112886428833
rl4crn_rne_oscillator_trace_8rxn_stop_risksched085to09_lr1e4_entropy005_s4_c1_rnetol_d256_depth3_p20_bs200,seed229,229,351,70200,200,16,112.1072553453399,120.70878320739061,110.94055556646954,False,max_epochs,2623.708000898361
rl4crn_rne_oscillator_trace_8rxn_stop_risksched085to09_lr1e4_entropy005_s4_c1_rnetol_d256_depth3_p20_bs200,seed229,229,352,70400,200,16,112.4999345754436,120.70211168562594,110.94055556646954,False,max_epochs,2628.0977880954742
rl4crn_rne_oscillator_trace_8rxn_stop_risksched085to09_lr1e4_entropy005_s4_c1_rnetol_d256_depth3_p20_bs200,seed229,229,353,70600,200,16,112.9855808065237,121.0318314532419,110.94055556646954,False,max_epochs,2633.8276178836823
rl4crn_rne_oscillator_trace_8rxn_stop_risksched085to09_lr1e4_entropy005_s4_c1_rnetol_d256_depth3_p20_bs200,seed229,229,354,70800,200,16,112.24899356820252,122.1026480749795,110.94055556646954,False,max_epochs,2641.9101028442383
rl4crn_rne_oscillator_trace_8rxn_stop_risksched085to09_lr1e4_entropy005_s4_c1_rnetol_d256_depth3_p20_bs200,seed229,229,355,71000,200,16,111.56223991458135,121.32220233886125,110.94055556646954,False,max_epochs,2650.185115337372
rl4crn_rne_oscillator_trace_8rxn_stop_risksched085to09_lr1e4_entropy005_s4_c1_rnetol_d256_depth3_p20_bs200,seed229,229,356,71200,200,16,111.52145773707468,121.95603379911242,110.94055556646954,False,max_epochs,2658.529980659485
rl4crn_rne_oscillator_trace_8rxn_stop_risksched085to09_lr1e4_entropy005_s4_c1_rnetol_d256_depth3_p20_bs200,seed229,229,357,71400,200,16,111.2803181958881,122.74125436687137,110.94055556646954,False,max_epochs,2666.956154346466
rl4crn_rne_oscillator_trace_8rxn_stop_risksched085to09_lr1e4_entropy005_s4_c1_rnetol_d256_depth3_p20_bs200,seed229,229,358,71600,200,16,111.2833386449927,122.25876174528855,110.94055556646954,False,max_epochs,2674.7122235298157
rl4crn_rne_oscillator_trace_8rxn_stop_risksched085to09_lr1e4_entropy005_s4_c1_rnetol_d256_depth3_p20_bs200,seed229,229,359,71800,200,16,111.64697416366865,121.83500014994033,110.94055556646954,False,max_epochs,2682.1540055274963
rl4crn_rne_oscillator_trace_8rxn_stop_risksched085to09_lr1e4_entropy005_s4_c1_rnetol_d256_depth3_p20_bs200,seed229,229,360,72000,200,16,111.0735777917407,120.94747687409352,110.94055556646954,False,max_epochs,2684.7143828868866
rl4crn_rne_oscillator_trace_8rxn_stop_risksched085to09_lr1e4_entropy005_s4_c1_rnetol_d256_depth3_p20_bs200,seed229,229,361,72200,200,16,112.08448665541849,120.52037160452605,110.94055556646954,False,max_epochs,2692.1602132320404
rl4crn_rne_oscillator_trace_8rxn_stop_risksched085to09_lr1e4_entropy005_s4_c1_rnetol_d256_depth3_p20_bs200,seed229,229,362,72400,200,16,111.43325711638082,120.72821447935023,110.94055556646954,False,max_epochs,2700.088752269745
rl4crn_rne_oscillator_trace_8rxn_stop_risksched085to09_lr1e4_entropy005_s4_c1_rnetol_d256_depth3_p20_bs200,seed229,229,363,72600,200,16,112.15740284867044,120.04417696641531,110.94055556646954,False,max_epochs,2707.8868584632874
rl4crn_rne_oscillator_trace_8rxn_stop_risksched085to09_lr1e4_entropy005_s4_c1_rnetol_d256_depth3_p20_bs200,seed229,229,364,72800,200,16,112.27274364588686,120.46474518582781,110.94055556646954,False,max_epochs,2715.978672027588
rl4crn_rne_oscillator_trace_8rxn_stop_risksched085to09_lr1e4_entropy005_s4_c1_rnetol_d256_depth3_p20_bs200,seed229,229,365,73000,200,16,111.78331226591689,122.05566317291783,110.94055556646954,False,max_epochs,2722.698765516281
rl4crn_rne_oscillator_trace_8rxn_stop_risksched085to09_lr1e4_entropy005_s4_c1_rnetol_d256_depth3_p20_bs200,seed229,229,366,73200,200,16,111.15828274012912,122.20896896989741,110.94055556646954,False,max_epochs,2726.4025905132294
rl4crn_rne_oscillator_trace_8rxn_stop_risksched085to09_lr1e4_entropy005_s4_c1_rnetol_d256_depth3_p20_bs200,seed229,229,367,73400,200,16,111.18551855344094,124.29833656221834,110.94055556646954,False,max_epochs,2734.3961911201477
rl4crn_rne_oscillator_trace_8rxn_stop_risksched085to09_lr1e4_entropy005_s4_c1_rnetol_d256_depth3_p20_bs200,seed229,229,368,73600,200,16,111.25733123567146,122.9377175719738,110.94055556646954,False,max_epochs,2742.748219013214
rl4crn_rne_oscillator_trace_8rxn_stop_risksched085to09_lr1e4_entropy005_s4_c1_rnetol_d256_depth3_p20_bs200,seed229,229,369,73800,200,16,111.4458176539871,122.24326297244255,110.94055556646954,False,max_epochs,2751.121130466461
rl4crn_rne_oscillator_trace_8rxn_stop_risksched085to09_lr1e4_entropy005_s4_c1_rnetol_d256_depth3_p20_bs200,seed229,229,370,74000,200,16,111.68625775863852,120.65782295140937,110.94055556646954,False,max_epochs,2759.3601183891296
rl4crn_rne_oscillator_trace_8rxn_stop_risksched085to09_lr1e4_entropy005_s4_c1_rnetol_d256_depth3_p20_bs200,seed229,229,371,74200,200,16,111.81740520534332,120.64258532612583,110.94055556646954,False,max_epochs,2767.33709359169
rl4crn_rne_oscillator_trace_8rxn_stop_risksched085to09_lr1e4_entropy005_s4_c1_rnetol_d256_depth3_p20_bs200,seed229,229,372,74400,200,16,112.08624556990824,120.12692431969802,110.94055556646954,False,max_epochs,2775.2919113636017
rl4crn_rne_oscillator_trace_8rxn_stop_risksched085to09_lr1e4_entropy005_s4_c1_rnetol_d256_depth3_p20_bs200,seed229,229,373,74600,200,16,111.97211007766204,120.12295679376555,110.94055556646954,False,max_epochs,2780.620764017105
rl4crn_rne_oscillator_trace_8rxn_stop_risksched085to09_lr1e4_entropy005_s4_c1_rnetol_d256_depth3_p20_bs200,seed229,229,374,74800,200,16,112.03988274873821,120.99897768414024,110.94055556646954,False,max_epochs,2785.5885915756226
rl4crn_rne_oscillator_trace_8rxn_stop_risksched085to09_lr1e4_entropy005_s4_c1_rnetol_d256_depth3_p20_bs200,seed229,229,375,75000,200,16,111.12804005814573,122.15932909225127,110.94055556646954,False,max_epochs,2793.674864053726
rl4crn_rne_oscillator_trace_8rxn_stop_risksched085to09_lr1e4_entropy005_s4_c1_rnetol_d256_depth3_p20_bs200,seed229,229,376,75200,200,16,111.28608988972205,122.75184748117718,110.94055556646954,False,max_epochs,2801.8662819862366
rl4crn_rne_oscillator_trace_8rxn_stop_risksched085to09_lr1e4_entropy005_s4_c1_rnetol_d256_depth3_p20_bs200,seed229,229,377,75400,200,16,112.12691849305116,122.87718253503581,110.94055556646954,False,max_epochs,2809.76806640625
rl4crn_rne_oscillator_trace_8rxn_stop_risksched085to09_lr1e4_entropy005_s4_c1_rnetol_d256_depth3_p20_bs200,seed229,229,378,75600,200,16,111.26081611939188,121.94921208478125,110.94055556646954,False,max_epochs,2817.717347383499
rl4crn_rne_oscillator_trace_8rxn_stop_risksched085to09_lr1e4_entropy005_s4_c1_rnetol_d256_depth3_p20_bs200,seed229,229,379,75800,200,16,111.30111412470228,120.77202411505122,110.94055556646954,False,max_epochs,2825.339127063751
rl4crn_rne_oscillator_trace_8rxn_stop_risksched085to09_lr1e4_entropy005_s4_c1_rnetol_d256_depth3_p20_bs200,seed229,229,380,76000,200,16,111.86037167658091,120.74663556955713,110.94055556646954,False,max_epochs,2829.3116850852966
rl4crn_rne_oscillator_trace_8rxn_stop_risksched085to09_lr1e4_entropy005_s4_c1_rnetol_d256_depth3_p20_bs200,seed229,229,381,76200,200,16,112.29570066097031,120.02478514581634,110.94055556646954,False,max_epochs,2836.6117346286774
rl4crn_rne_oscillator_trace_8rxn_stop_risksched085to09_lr1e4_entropy005_s4_c1_rnetol_d256_depth3_p20_bs200,seed229,229,382,76400,200,16,112.02840653410964,120.51271530938833,110.94055556646954,False,max_epochs,2844.6426916122437
rl4crn_rne_oscillator_trace_8rxn_stop_risksched085to09_lr1e4_entropy005_s4_c1_rnetol_d256_depth3_p20_bs200,seed229,229,383,76600,200,16,111.53664688017999,120.74593745998207,110.94055556646954,False,max_epochs,2852.7134046554565
rl4crn_rne_oscillator_trace_8rxn_stop_risksched085to09_lr1e4_entropy005_s4_c1_rnetol_d256_depth3_p20_bs200,seed229,229,384,76800,200,16,111.62785508229953,121.69873217641839,110.94055556646954,False,max_epochs,2860.8330063819885
rl4crn_rne_oscillator_trace_8rxn_stop_risksched085to09_lr1e4_entropy005_s4_c1_rnetol_d256_depth3_p20_bs200,seed229,229,385,77000,200,16,112.27415259927238,122.22386208321632,110.94055556646954,False,max_epochs,2869.4700043201447
rl4crn_rne_oscillator_trace_8rxn_stop_risksched085to09_lr1e4_entropy005_s4_c1_rnetol_d256_depth3_p20_bs200,seed229,229,386,77200,200,16,111.58402607059863,121.57080139969156,110.94055556646954,False,max_epochs,2877.364633321762
rl4crn_rne_oscillator_trace_8rxn_stop_risksched085to09_lr1e4_entropy005_s4_c1_rnetol_d256_depth3_p20_bs200,seed229,229,387,77400,200,16,111.97871201335029,121.676058850884,110.94055556646954,False,max_epochs,2885.5234718322754
rl4crn_rne_oscillator_trace_8rxn_stop_risksched085to09_lr1e4_entropy005_s4_c1_rnetol_d256_depth3_p20_bs200,seed229,229,388,77600,200,16,111.59690471586475,120.11346660671887,110.94055556646954,False,max_epochs,2893.25483417511
rl4crn_rne_oscillator_trace_8rxn_stop_risksched085to09_lr1e4_entropy005_s4_c1_rnetol_d256_depth3_p20_bs200,seed229,229,389,77800,200,16,112.50777614827769,120.28517091216662,110.94055556646954,False,max_epochs,2895.983936071396
rl4crn_rne_oscillator_trace_8rxn_stop_risksched085to09_lr1e4_entropy005_s4_c1_rnetol_d256_depth3_p20_bs200,seed229,229,390,78000,200,16,112.01411379180438,119.7513223271058,110.94055556646954,False,max_epochs,2903.5996601581573
rl4crn_rne_oscillator_trace_8rxn_stop_risksched085to09_lr1e4_entropy005_s4_c1_rnetol_d256_depth3_p20_bs200,seed229,229,391,78200,200,16,112.14969115366691,121.48064437951255,110.94055556646954,False,max_epochs,2911.91410779953
rl4crn_rne_oscillator_trace_8rxn_stop_risksched085to09_lr1e4_entropy005_s4_c1_rnetol_d256_depth3_p20_bs200,seed229,229,392,78400,200,16,111.1084433192263,121.94152655467363,110.94055556646954,False,max_epochs,2919.605486392975
rl4crn_rne_oscillator_trace_8rxn_stop_risksched085to09_lr1e4_entropy005_s4_c1_rnetol_d256_depth3_p20_bs200,seed229,229,393,78600,200,16,111.53038643681755,121.97639970404292,110.94055556646954,False,max_epochs,2927.6854009628296
rl4crn_rne_oscillator_trace_8rxn_stop_risksched085to09_lr1e4_entropy005_s4_c1_rnetol_d256_depth3_p20_bs200,seed229,229,394,78800,200,16,111.43176791636084,122.23733204899989,110.94055556646954,False,max_epochs,2935.074477672577
rl4crn_rne_oscillator_trace_8rxn_stop_risksched085to09_lr1e4_entropy005_s4_c1_rnetol_d256_depth3_p20_bs200,seed229,229,395,79000,200,16,111.4758371663704,122.39673422600298,110.94055556646954,False,max_epochs,2938.0620226860046
rl4crn_rne_oscillator_trace_8rxn_stop_risksched085to09_lr1e4_entropy005_s4_c1_rnetol_d256_depth3_p20_bs200,seed229,229,396,79200,200,16,111.57374521089183,121.62902999159058,110.94055556646954,False,max_epochs,2945.5486607551575
rl4crn_rne_oscillator_trace_8rxn_stop_risksched085to09_lr1e4_entropy005_s4_c1_rnetol_d256_depth3_p20_bs200,seed229,229,397,79400,200,16,111.22149191416644,121.12470324674067,110.94055556646954,False,max_epochs,2953.3830478191376
rl4crn_rne_oscillator_trace_8rxn_stop_risksched085to09_lr1e4_entropy005_s4_c1_rnetol_d256_depth3_p20_bs200,seed229,229,398,79600,200,16,111.96523456597264,120.17973808095923,110.94055556646954,False,max_epochs,2961.837594985962
rl4crn_rne_oscillator_trace_8rxn_stop_risksched085to09_lr1e4_entropy005_s4_c1_rnetol_d256_depth3_p20_bs200,seed229,229,399,79800,200,16,111.90132312397284,119.95648468571129,110.94055556646954,False,max_epochs,2969.543828725815
rl4crn_rne_oscillator_trace_8rxn_stop_risksched085to09_lr1e4_entropy005_s4_c1_rnetol_d256_depth3_p20_bs200,seed229,229,400,80000,200,16,112.35080238468771,120.41711767126108,110.94055556646954,False,max_epochs,2977.6411974430084
rl4crn_rne_oscillator_trace_8rxn_stop_risksched085to09_lr1e4_entropy005_s4_c1_rnetol_d256_depth3_p20_bs200,seed229,229,401,80200,200,16,111.08474747356594,120.47224533751616,110.94055556646954,False,max_epochs,2985.196310520172
rl4crn_rne_oscillator_trace_8rxn_stop_risksched085to09_lr1e4_entropy005_s4_c1_rnetol_d256_depth3_p20_bs200,seed229,229,402,80400,200,16,112.46401068209289,121.0835632391705,110.94055556646954,False,max_epochs,2988.01344370842
rl4crn_rne_oscillator_trace_8rxn_stop_risksched085to09_lr1e4_entropy005_s4_c1_rnetol_d256_depth3_p20_bs200,seed229,229,403,80600,200,16,113.33771095789868,122.08189482077037,110.94055556646954,False,max_epochs,2996.4873905181885
rl4crn_rne_oscillator_trace_8rxn_stop_risksched085to09_lr1e4_entropy005_s4_c1_rnetol_d256_depth3_p20_bs200,seed229,229,404,80800,200,16,111.57144583922897,122.05089498023561,110.94055556646954,False,max_epochs,3004.9238274097443
rl4crn_rne_oscillator_trace_8rxn_stop_risksched085to09_lr1e4_entropy005_s4_c1_rnetol_d256_depth3_p20_bs200,seed229,229,405,81000,200,16,112.27827933399,121.12903956192773,110.94055556646954,False,max_epochs,3013.0487327575684
rl4crn_rne_oscillator_trace_8rxn_stop_risksched085to09_lr1e4_entropy005_s4_c1_rnetol_d256_depth3_p20_bs200,seed229,229,406,81200,200,16,112.4711148713948,120.50762514315558,110.94055556646954,False,max_epochs,3021.421875476837
rl4crn_rne_oscillator_trace_8rxn_stop_risksched085to09_lr1e4_entropy005_s4_c1_rnetol_d256_depth3_p20_bs200,seed229,229,407,81400,200,16,111.80062076340936,120.01243592180339,110.94055556646954,False,max_epochs,3029.514622926712
rl4crn_rne_oscillator_trace_8rxn_stop_risksched085to09_lr1e4_entropy005_s4_c1_rnetol_d256_depth3_p20_bs200,seed229,229,408,81600,200,16,112.03163702079955,120.67805941448327,110.94055556646954,False,max_epochs,3037.818167448044
rl4crn_rne_oscillator_trace_8rxn_stop_risksched085to09_lr1e4_entropy005_s4_c1_rnetol_d256_depth3_p20_bs200,seed229,229,409,81800,200,16,112.73106929663795,120.65125680800737,110.94055556646954,False,max_epochs,3045.8577315807343
rl4crn_rne_oscillator_trace_8rxn_stop_risksched085to09_lr1e4_entropy005_s4_c1_rnetol_d256_depth3_p20_bs200,seed229,229,410,82000,200,16,111.98910532231457,120.30457713585085,110.94055556646954,False,max_epochs,3053.377066373825
rl4crn_rne_oscillator_trace_8rxn_stop_risksched085to09_lr1e4_entropy005_s4_c1_rnetol_d256_depth3_p20_bs200,seed229,229,411,82200,200,16,111.70864890007923,121.42826556399987,110.94055556646954,False,max_epochs,3056.682784318924
rl4crn_rne_oscillator_trace_8rxn_stop_risksched085to09_lr1e4_entropy005_s4_c1_rnetol_d256_depth3_p20_bs200,seed229,229,412,82400,200,16,111.88112513595578,122.09779912027821,110.94055556646954,False,max_epochs,3064.6373541355133
rl4crn_rne_oscillator_trace_8rxn_stop_risksched085to09_lr1e4_entropy005_s4_c1_rnetol_d256_depth3_p20_bs200,seed229,229,413,82600,200,16,111.99964140811402,122.35523982737752,110.94055556646954,False,max_epochs,3072.615557909012
rl4crn_rne_oscillator_trace_8rxn_stop_risksched085to09_lr1e4_entropy005_s4_c1_rnetol_d256_depth3_p20_bs200,seed229,229,414,82800,200,16,111.18611092533429,120.51741228345875,110.94055556646954,False,max_epochs,3080.6438868045807
rl4crn_rne_oscillator_trace_8rxn_stop_risksched085to09_lr1e4_entropy005_s4_c1_rnetol_d256_depth3_p20_bs200,seed229,229,415,83000,200,16,111.6231564729356,120.23153120667669,110.94055556646954,False,max_epochs,3088.5152769088745
rl4crn_rne_oscillator_trace_8rxn_stop_risksched085to09_lr1e4_entropy005_s4_c1_rnetol_d256_depth3_p20_bs200,seed229,229,416,83200,200,16,111.3667877584941,120.96085689966431,110.94055556646954,False,max_epochs,3096.6656663417816
rl4crn_rne_oscillator_trace_8rxn_stop_risksched085to09_lr1e4_entropy005_s4_c1_rnetol_d256_depth3_p20_bs200,seed229,229,417,83400,200,16,111.15633822772998,120.05727953933007,110.94055556646954,False,max_epochs,3103.9872772693634
rl4crn_rne_oscillator_trace_8rxn_stop_risksched085to09_lr1e4_entropy005_s4_c1_rnetol_d256_depth3_p20_bs200,seed229,229,418,83600,200,16,111.52830265778188,121.42838077267683,110.94055556646954,False,max_epochs,3106.7131826877594
rl4crn_rne_oscillator_trace_8rxn_stop_risksched085to09_lr1e4_entropy005_s4_c1_rnetol_d256_depth3_p20_bs200,seed229,229,419,83800,200,16,111.1349508741602,122.00145900094354,110.94055556646954,False,max_epochs,3114.7537496089935
rl4crn_rne_oscillator_trace_8rxn_stop_risksched085to09_lr1e4_entropy005_s4_c1_rnetol_d256_depth3_p20_bs200,seed229,229,420,84000,200,16,111.47183256677646,121.84423919795813,110.94055556646954,False,max_epochs,3123.25909614563
rl4crn_rne_oscillator_trace_8rxn_stop_risksched085to09_lr1e4_entropy005_s4_c1_rnetol_d256_depth3_p20_bs200,seed229,229,421,84200,200,16,111.91873513596254,122.81548235562971,110.94055556646954,False,max_epochs,3131.1155259609222
rl4crn_rne_oscillator_trace_8rxn_stop_risksched085to09_lr1e4_entropy005_s4_c1_rnetol_d256_depth3_p20_bs200,seed229,229,422,84400,200,16,111.31022436019687,122.57220739470102,110.94055556646954,False,max_epochs,3139.075659275055
rl4crn_rne_oscillator_trace_8rxn_stop_risksched085to09_lr1e4_entropy005_s4_c1_rnetol_d256_depth3_p20_bs200,seed229,229,423,84600,200,16,111.30037707381648,121.37158984329264,110.94055556646954,False,max_epochs,3147.01926445961
rl4crn_rne_oscillator_trace_8rxn_stop_risksched085to09_lr1e4_entropy005_s4_c1_rnetol_d256_depth3_p20_bs200,seed229,229,424,84800,200,16,110.9897672663343,121.22538948591523,110.94055556646954,False,max_epochs,3154.9767215251923
rl4crn_rne_oscillator_trace_8rxn_stop_risksched085to09_lr1e4_entropy005_s4_c1_rnetol_d256_depth3_p20_bs200,seed229,229,425,85000,200,16,111.26318517138132,122.20870150883206,110.94055556646954,False,max_epochs,3160.7406690120697
rl4crn_rne_oscillator_trace_8rxn_stop_risksched085to09_lr1e4_entropy005_s4_c1_rnetol_d256_depth3_p20_bs200,seed229,229,426,85200,200,16,111.15241336826192,121.56912612475762,110.94055556646954,False,max_epochs,3165.9261949062347
rl4crn_rne_oscillator_trace_8rxn_stop_risksched085to09_lr1e4_entropy005_s4_c1_rnetol_d256_depth3_p20_bs200,seed229,229,427,85400,200,16,111.69735647071691,121.25681882529713,110.94055556646954,False,max_epochs,3173.4428992271423
rl4crn_rne_oscillator_trace_8rxn_stop_risksched085to09_lr1e4_entropy005_s4_c1_rnetol_d256_depth3_p20_bs200,seed229,229,428,85600,200,16,111.31970619594848,121.44699026062825,110.94055556646954,False,max_epochs,3181.631887435913
rl4crn_rne_oscillator_trace_8rxn_stop_risksched085to09_lr1e4_entropy005_s4_c1_rnetol_d256_depth3_p20_bs200,seed229,229,429,85800,200,16,111.81781754988634,120.3638155891939,110.94055556646954,False,max_epochs,3189.747562646866
rl4crn_rne_oscillator_trace_8rxn_stop_risksched085to09_lr1e4_entropy005_s4_c1_rnetol_d256_depth3_p20_bs200,seed229,229,430,86000,200,16,111.86570031373388,120.95996160678577,110.94055556646954,False,max_epochs,3197.8576788902283
rl4crn_rne_oscillator_trace_8rxn_stop_risksched085to09_lr1e4_entropy005_s4_c1_rnetol_d256_depth3_p20_bs200,seed229,229,431,86200,200,16,112.0482589342764,121.90543359921281,110.94055556646954,False,max_epochs,3205.893507003784
rl4crn_rne_oscillator_trace_8rxn_stop_risksched085to09_lr1e4_entropy005_s4_c1_rnetol_d256_depth3_p20_bs200,seed229,229,432,86400,200,16,112.23015660594878,121.71178348469446,110.94055556646954,False,max_epochs,3212.971406698227
rl4crn_rne_oscillator_trace_8rxn_stop_risksched085to09_lr1e4_entropy005_s4_c1_rnetol_d256_depth3_p20_bs200,seed229,229,433,86600,200,16,111.10131243771575,122.38637495602154,110.94055556646954,False,max_epochs,3216.0609831809998
rl4crn_rne_oscillator_trace_8rxn_stop_risksched085to09_lr1e4_entropy005_s4_c1_rnetol_d256_depth3_p20_bs200,seed229,229,434,86800,200,16,111.27153945633722,120.27577155783531,110.94055556646954,False,max_epochs,3224.2665495872498
rl4crn_rne_oscillator_trace_8rxn_stop_risksched085to09_lr1e4_entropy005_s4_c1_rnetol_d256_depth3_p20_bs200,seed229,229,435,87000,200,16,112.1026316196913,120.16830804791518,110.94055556646954,False,max_epochs,3232.248587369919
rl4crn_rne_oscillator_trace_8rxn_stop_risksched085to09_lr1e4_entropy005_s4_c1_rnetol_d256_depth3_p20_bs200,seed229,229,436,87200,200,16,112.4665824825046,119.80949947144158,110.94055556646954,False,max_epochs,3240.1137149333954
rl4crn_rne_oscillator_trace_8rxn_stop_risksched085to09_lr1e4_entropy005_s4_c1_rnetol_d256_depth3_p20_bs200,seed229,229,437,87400,200,16,111.47874345782553,120.17961757878619,110.94055556646954,False,max_epochs,3248.183153629303
rl4crn_rne_oscillator_trace_8rxn_stop_risksched085to09_lr1e4_entropy005_s4_c1_rnetol_d256_depth3_p20_bs200,seed229,229,438,87600,200,16,111.83309506602049,120.04622701569417,110.94055556646954,False,max_epochs,3256.199727296829
rl4crn_rne_oscillator_trace_8rxn_stop_risksched085to09_lr1e4_entropy005_s4_c1_rnetol_d256_depth3_p20_bs200,seed229,229,439,87800,200,16,111.47773275487663,120.97293877097553,110.94055556646954,False,max_epochs,3263.2441215515137
rl4crn_rne_oscillator_trace_8rxn_stop_risksched085to09_lr1e4_entropy005_s4_c1_rnetol_d256_depth3_p20_bs200,seed229,229,440,88000,200,16,111.84328281878012,121.40592045712157,110.94055556646954,False,max_epochs,3266.3349282741547
rl4crn_rne_oscillator_trace_8rxn_stop_risksched085to09_lr1e4_entropy005_s4_c1_rnetol_d256_depth3_p20_bs200,seed229,229,441,88200,200,16,111.45617835650901,122.39836887505818,110.94055556646954,False,max_epochs,3274.403844833374
rl4crn_rne_oscillator_trace_8rxn_stop_risksched085to09_lr1e4_entropy005_s4_c1_rnetol_d256_depth3_p20_bs200,seed229,229,442,88400,200,16,111.43534758532584,122.04195614623677,110.94055556646954,False,max_epochs,3282.60800409317
rl4crn_rne_oscillator_trace_8rxn_stop_risksched085to09_lr1e4_entropy005_s4_c1_rnetol_d256_depth3_p20_bs200,seed229,229,443,88600,200,16,111.40136645440853,121.58692363684867,110.94055556646954,False,max_epochs,3290.666175842285
rl4crn_rne_oscillator_trace_8rxn_stop_risksched085to09_lr1e4_entropy005_s4_c1_rnetol_d256_depth3_p20_bs200,seed229,229,444,88800,200,16,111.40468670771278,121.87598449745863,110.94055556646954,False,max_epochs,3298.9299507141113
rl4crn_rne_oscillator_trace_8rxn_stop_risksched085to09_lr1e4_entropy005_s4_c1_rnetol_d256_depth3_p20_bs200,seed229,229,445,89000,200,16,111.61902920223393,121.2729382865383,110.94055556646954,False,max_epochs,3307.2277369499207
rl4crn_rne_oscillator_trace_8rxn_stop_risksched085to09_lr1e4_entropy005_s4_c1_rnetol_d256_depth3_p20_bs200,seed229,229,446,89200,200,16,111.1319104901249,120.32211267653082,110.94055556646954,False,max_epochs,3315.368791103363
rl4crn_rne_oscillator_trace_8rxn_stop_risksched085to09_lr1e4_entropy005_s4_c1_rnetol_d256_depth3_p20_bs200,seed229,229,447,89400,200,16,111.66679803277408,119.83212790429263,110.94055556646954,False,max_epochs,3323.4987642765045
rl4crn_rne_oscillator_trace_8rxn_stop_risksched085to09_lr1e4_entropy005_s4_c1_rnetol_d256_depth3_p20_bs200,seed229,229,448,89600,200,16,111.4802091003857,118.9188326206087,110.94055556646954,False,max_epochs,3330.7440626621246
rl4crn_rne_oscillator_trace_8rxn_stop_risksched085to09_lr1e4_entropy005_s4_c1_rnetol_d256_depth3_p20_bs200,seed229,229,449,89800,200,16,111.5855963272916,119.26828648493117,110.94055556646954,False,max_epochs,3333.875174999237
rl4crn_rne_oscillator_trace_8rxn_stop_risksched085to09_lr1e4_entropy005_s4_c1_rnetol_d256_depth3_p20_bs200,seed229,229,450,90000,200,16,111.28634872719341,120.2672857323204,110.94055556646954,False,max_epochs,3341.4167125225067
rl4crn_rne_oscillator_trace_8rxn_stop_risksched085to09_lr1e4_entropy005_s4_c1_rnetol_d256_depth3_p20_bs200,seed229,229,451,90200,200,16,111.3947694416708,121.0366484018304,110.94055556646954,False,max_epochs,3349.754709482193
rl4crn_rne_oscillator_trace_8rxn_stop_risksched085to09_lr1e4_entropy005_s4_c1_rnetol_d256_depth3_p20_bs200,seed229,229,452,90400,200,16,111.97191193364267,123.48764263635587,110.94055556646954,False,max_epochs,3357.932674884796
rl4crn_rne_oscillator_trace_8rxn_stop_risksched085to09_lr1e4_entropy005_s4_c1_rnetol_d256_depth3_p20_bs200,seed229,229,453,90600,200,16,111.52806084227333,123.09452105793481,110.94055556646954,False,max_epochs,3365.983010292053
rl4crn_rne_oscillator_trace_8rxn_stop_risksched085to09_lr1e4_entropy005_s4_c1_rnetol_d256_depth3_p20_bs200,seed229,229,454,90800,200,16,112.70661568444291,123.40483843636439,110.94055556646954,False,max_epochs,3374.038187980652
rl4crn_rne_oscillator_trace_8rxn_stop_risksched085to09_lr1e4_entropy005_s4_c1_rnetol_d256_depth3_p20_bs200,seed229,229,455,91000,200,16,111.63433881328805,121.2743948208549,110.94055556646954,False,max_epochs,3381.611118555069
rl4crn_rne_oscillator_trace_8rxn_stop_risksched085to09_lr1e4_entropy005_s4_c1_rnetol_d256_depth3_p20_bs200,seed229,229,456,91200,200,16,111.26250032350467,120.0232906083724,110.94055556646954,False,max_epochs,3384.6130194664
rl4crn_rne_oscillator_trace_8rxn_stop_risksched085to09_lr1e4_entropy005_s4_c1_rnetol_d256_depth3_p20_bs200,seed229,229,457,91400,200,16,111.86689986367115,119.90829233029143,110.94055556646954,False,max_epochs,3392.560627937317
rl4crn_rne_oscillator_trace_8rxn_stop_risksched085to09_lr1e4_entropy005_s4_c1_rnetol_d256_depth3_p20_bs200,seed229,229,458,91600,200,16,111.76357217225406,119.34449011476954,110.94055556646954,False,max_epochs,3401.0009756088257
rl4crn_rne_oscillator_trace_8rxn_stop_risksched085to09_lr1e4_entropy005_s4_c1_rnetol_d256_depth3_p20_bs200,seed229,229,459,91800,200,16,111.35413451638213,119.57530708446025,110.94055556646954,False,max_epochs,3409.539223909378
rl4crn_rne_oscillator_trace_8rxn_stop_risksched085to09_lr1e4_entropy005_s4_c1_rnetol_d256_depth3_p20_bs200,seed229,229,460,92000,200,16,111.55447191547943,120.43248942021887,110.94055556646954,False,max_epochs,3417.5416655540466
rl4crn_rne_oscillator_trace_8rxn_stop_risksched085to09_lr1e4_entropy005_s4_c1_rnetol_d256_depth3_p20_bs200,seed229,229,461,92200,200,16,111.29061886941795,120.89300849098399,110.94055556646954,False,max_epochs,3425.659855365753
rl4crn_rne_oscillator_trace_8rxn_stop_risksched085to09_lr1e4_entropy005_s4_c1_rnetol_d256_depth3_p20_bs200,seed229,229,462,92400,200,16,111.34767488160854,122.09240569898952,110.94055556646954,False,max_epochs,3433.637233018875
rl4crn_rne_oscillator_trace_8rxn_stop_risksched085to09_lr1e4_entropy005_s4_c1_rnetol_d256_depth3_p20_bs200,seed229,229,463,92600,200,16,111.36756679134955,120.31960849372814,110.94055556646954,False,max_epochs,3439.761723279953
rl4crn_rne_oscillator_trace_8rxn_stop_risksched085to09_lr1e4_entropy005_s4_c1_rnetol_d256_depth3_p20_bs200,seed229,229,464,92800,200,16,112.11177148791933,120.89976211451724,110.94055556646954,False,max_epochs,3443.9424097537994
rl4crn_rne_oscillator_trace_8rxn_stop_risksched085to09_lr1e4_entropy005_s4_c1_rnetol_d256_depth3_p20_bs200,seed229,229,465,93000,200,16,111.98120420882731,122.04105343234394,110.94055556646954,False,max_epochs,3451.7304537296295
rl4crn_rne_oscillator_trace_8rxn_stop_risksched085to09_lr1e4_entropy005_s4_c1_rnetol_d256_depth3_p20_bs200,seed229,229,466,93200,200,16,111.38272941489082,120.6801128432717,110.94055556646954,False,max_epochs,3459.6995363235474
rl4crn_rne_oscillator_trace_8rxn_stop_risksched085to09_lr1e4_entropy005_s4_c1_rnetol_d256_depth3_p20_bs200,seed229,229,467,93400,200,16,111.60588702578406,120.31750924507031,110.94055556646954,False,max_epochs,3467.710472345352
rl4crn_rne_oscillator_trace_8rxn_stop_risksched085to09_lr1e4_entropy005_s4_c1_rnetol_d256_depth3_p20_bs200,seed229,229,468,93600,200,16,111.64868070807985,120.71296906632469,110.94055556646954,False,max_epochs,3475.899867773056
rl4crn_rne_oscillator_trace_8rxn_stop_risksched085to09_lr1e4_entropy005_s4_c1_rnetol_d256_depth3_p20_bs200,seed229,229,469,93800,200,16,111.1426117018016,119.94609922678848,110.94055556646954,False,max_epochs,3483.908392429352
rl4crn_rne_oscillator_trace_8rxn_stop_risksched085to09_lr1e4_entropy005_s4_c1_rnetol_d256_depth3_p20_bs200,seed229,229,470,94000,200,16,111.67382984051942,120.76258400170849,110.94055556646954,False,max_epochs,3489.9599657058716
rl4crn_rne_oscillator_trace_8rxn_stop_risksched085to09_lr1e4_entropy005_s4_c1_rnetol_d256_depth3_p20_bs200,seed229,229,471,94200,200,16,111.24764518151886,120.24800151904273,110.94055556646954,False,max_epochs,3494.0469465255737
rl4crn_rne_oscillator_trace_8rxn_stop_risksched085to09_lr1e4_entropy005_s4_c1_rnetol_d256_depth3_p20_bs200,seed229,229,472,94400,200,16,111.77367257459895,121.46259492914196,110.94055556646954,False,max_epochs,3502.2847492694855
rl4crn_rne_oscillator_trace_8rxn_stop_risksched085to09_lr1e4_entropy005_s4_c1_rnetol_d256_depth3_p20_bs200,seed229,229,473,94600,200,16,111.84205686126258,122.44040189502026,110.94055556646954,False,max_epochs,3510.3877398967743
rl4crn_rne_oscillator_trace_8rxn_stop_risksched085to09_lr1e4_entropy005_s4_c1_rnetol_d256_depth3_p20_bs200,seed229,229,474,94800,200,16,111.82281335531741,120.86804673203812,110.94055556646954,False,max_epochs,3518.580463409424
rl4crn_rne_oscillator_trace_8rxn_stop_risksched085to09_lr1e4_entropy005_s4_c1_rnetol_d256_depth3_p20_bs200,seed229,229,475,95000,200,16,111.33373485462118,121.23432595126326,110.94055556646954,False,max_epochs,3526.56672000885
rl4crn_rne_oscillator_trace_8rxn_stop_risksched085to09_lr1e4_entropy005_s4_c1_rnetol_d256_depth3_p20_bs200,seed229,229,476,95200,200,16,111.54102122971356,120.00387110661563,110.94055556646954,False,max_epochs,3534.6784818172455
rl4crn_rne_oscillator_trace_8rxn_stop_risksched085to09_lr1e4_entropy005_s4_c1_rnetol_d256_depth3_p20_bs200,seed229,229,477,95400,200,16,111.8320950643779,120.58169922064354,110.94055556646954,False,max_epochs,3542.3527586460114
rl4crn_rne_oscillator_trace_8rxn_stop_risksched085to09_lr1e4_entropy005_s4_c1_rnetol_d256_depth3_p20_bs200,seed229,229,478,95600,200,16,111.52930218940101,119.51957547376813,110.94055556646954,False,max_epochs,3545.2153763771057
rl4crn_rne_oscillator_trace_8rxn_stop_risksched085to09_lr1e4_entropy005_s4_c1_rnetol_d256_depth3_p20_bs200,seed229,229,479,95800,200,16,111.60839695208432,119.80518907611838,110.94055556646954,False,max_epochs,3553.3856008052826
rl4crn_rne_oscillator_trace_8rxn_stop_risksched085to09_lr1e4_entropy005_s4_c1_rnetol_d256_depth3_p20_bs200,seed229,229,480,96000,200,16,111.95705298194846,121.06732852221012,110.94055556646954,False,max_epochs,3561.4099872112274
rl4crn_rne_oscillator_trace_8rxn_stop_risksched085to09_lr1e4_entropy005_s4_c1_rnetol_d256_depth3_p20_bs200,seed229,229,481,96200,200,16,111.59472413057087,121.32808312153435,110.94055556646954,False,max_epochs,3569.154603242874
rl4crn_rne_oscillator_trace_8rxn_stop_risksched085to09_lr1e4_entropy005_s4_c1_rnetol_d256_depth3_p20_bs200,seed229,229,482,96400,200,16,111.25549953575249,122.0855988014827,110.94055556646954,False,max_epochs,3577.5470039844513
rl4crn_rne_oscillator_trace_8rxn_stop_risksched085to09_lr1e4_entropy005_s4_c1_rnetol_d256_depth3_p20_bs200,seed229,229,483,96600,200,16,111.43450244188537,122.22190688495243,110.94055556646954,False,max_epochs,3585.249973297119
rl4crn_rne_oscillator_trace_8rxn_stop_risksched085to09_lr1e4_entropy005_s4_c1_rnetol_d256_depth3_p20_bs200,seed229,229,484,96800,200,16,111.74490789066623,121.6839867994355,110.94055556646954,False,max_epochs,3593.2115561962128
rl4crn_rne_oscillator_trace_8rxn_stop_risksched085to09_lr1e4_entropy005_s4_c1_rnetol_d256_depth3_p20_bs200,seed229,229,485,97000,200,16,111.7807976186059,121.94950285483645,110.94055556646954,False,max_epochs,3601.148665904999
rl4crn_rne_oscillator_trace_8rxn_stop_risksched085to09_lr1e4_entropy005_s4_c1_rnetol_d256_depth3_p20_bs200,seed229,229,486,97200,200,16,111.33341933088015,120.10793922791267,110.94055556646954,False,max_epochs,3609.3425080776215
rl4crn_rne_oscillator_trace_8rxn_stop_risksched085to09_lr1e4_entropy005_s4_c1_rnetol_d256_depth3_p20_bs200,seed229,229,487,97400,200,16,111.86419270376032,120.10900448869467,110.94055556646954,False,max_epochs,3617.464861392975
rl4crn_rne_oscillator_trace_8rxn_stop_risksched085to09_lr1e4_entropy005_s4_c1_rnetol_d256_depth3_p20_bs200,seed229,229,488,97600,200,16,111.40942188082903,119.32661074294111,110.94055556646954,False,max_epochs,3625.303939819336
rl4crn_rne_oscillator_trace_8rxn_stop_risksched085to09_lr1e4_entropy005_s4_c1_rnetol_d256_depth3_p20_bs200,seed229,229,489,97800,200,16,111.67515291643834,119.86875178474034,110.94055556646954,False,max_epochs,3628.0707852840424
rl4crn_rne_oscillator_trace_8rxn_stop_risksched085to09_lr1e4_entropy005_s4_c1_rnetol_d256_depth3_p20_bs200,seed229,229,490,98000,200,16,111.517704170837,120.48605263496289,110.94055556646954,False,max_epochs,3635.6260919570923
rl4crn_rne_oscillator_trace_8rxn_stop_risksched085to09_lr1e4_entropy005_s4_c1_rnetol_d256_depth3_p20_bs200,seed229,229,491,98200,200,16,111.10183966024985,121.28283414931614,110.94055556646954,False,max_epochs,3643.824649810791
rl4crn_rne_oscillator_trace_8rxn_stop_risksched085to09_lr1e4_entropy005_s4_c1_rnetol_d256_depth3_p20_bs200,seed229,229,492,98400,200,16,111.98290835165844,121.85560298156356,110.94055556646954,False,max_epochs,3652.3615033626556
rl4crn_rne_oscillator_trace_8rxn_stop_risksched085to09_lr1e4_entropy005_s4_c1_rnetol_d256_depth3_p20_bs200,seed229,229,493,98600,200,16,111.32010472621786,122.25841442427173,110.94055556646954,False,max_epochs,3660.7028954029083
rl4crn_rne_oscillator_trace_8rxn_stop_risksched085to09_lr1e4_entropy005_s4_c1_rnetol_d256_depth3_p20_bs200,seed229,229,494,98800,200,16,111.13968734375037,121.3498741929968,110.94055556646954,False,max_epochs,3668.949499130249
rl4crn_rne_oscillator_trace_8rxn_stop_risksched085to09_lr1e4_entropy005_s4_c1_rnetol_d256_depth3_p20_bs200,seed229,229,495,99000,200,16,111.34244464963902,120.33822119437012,110.94055556646954,False,max_epochs,3677.5096213817596
rl4crn_rne_oscillator_trace_8rxn_stop_risksched085to09_lr1e4_entropy005_s4_c1_rnetol_d256_depth3_p20_bs200,seed229,229,496,99200,200,16,111.6951449643197,119.77308137119054,110.94055556646954,False,max_epochs,3685.070746898651
rl4crn_rne_oscillator_trace_8rxn_stop_risksched085to09_lr1e4_entropy005_s4_c1_rnetol_d256_depth3_p20_bs200,seed229,229,497,99400,200,16,112.39585561181558,119.99607709786174,110.94055556646954,False,max_epochs,3693.2301902770996
rl4crn_rne_oscillator_trace_8rxn_stop_risksched085to09_lr1e4_entropy005_s4_c1_rnetol_d256_depth3_p20_bs200,seed229,229,498,99600,200,16,111.46226976458972,119.63277016012985,110.94055556646954,False,max_epochs,3701.3925366401672
rl4crn_rne_oscillator_trace_8rxn_stop_risksched085to09_lr1e4_entropy005_s4_c1_rnetol_d256_depth3_p20_bs200,seed229,229,499,99800,200,16,111.22825368070042,120.0133127313982,110.94055556646954,False,max_epochs,3709.301658153534
rl4crn_rne_oscillator_trace_8rxn_stop_risksched085to09_lr1e4_entropy005_s4_c1_rnetol_d256_depth3_p20_bs200,seed229,229,500,100000,200,16,111.35654665593103,120.12837510210068,110.94055556646954,False,max_epochs,3714.994486093521
rl4crn_rne_oscillator_trace_8rxn_stop_risksched085to09_lr1e4_entropy005_s4_c1_rnetol_d256_depth3_p20_bs200,seed229,229,501,100200,200,16,111.17251299373592,121.02913761334301,110.94055556646954,False,max_epochs,3719.5781643390656
rl4crn_rne_oscillator_trace_8rxn_stop_risksched085to09_lr1e4_entropy005_s4_c1_rnetol_d256_depth3_p20_bs200,seed229,229,502,100400,200,16,111.02553346801258,120.52549259751193,110.94055556646954,False,max_epochs,3727.651046514511
rl4crn_rne_oscillator_trace_8rxn_stop_risksched085to09_lr1e4_entropy005_s4_c1_rnetol_d256_depth3_p20_bs200,seed229,229,503,100600,200,16,111.5460047464727,121.42174193959164,110.94055556646954,False,max_epochs,3736.1154952049255
rl4crn_rne_oscillator_trace_8rxn_stop_risksched085to09_lr1e4_entropy005_s4_c1_rnetol_d256_depth3_p20_bs200,seed229,229,504,100800,200,16,112.41982905098105,121.36407348464714,110.94055556646954,False,max_epochs,3743.9638798236847
rl4crn_rne_oscillator_trace_8rxn_stop_risksched085to09_lr1e4_entropy005_s4_c1_rnetol_d256_depth3_p20_bs200,seed229,229,505,101000,200,16,112.08702988326696,120.83675996780957,110.94055556646954,False,max_epochs,3752.225346803665
rl4crn_rne_oscillator_trace_8rxn_stop_risksched085to09_lr1e4_entropy005_s4_c1_rnetol_d256_depth3_p20_bs200,seed229,229,506,101200,200,16,111.62683882704256,120.551480396843,110.94055556646954,False,max_epochs,3760.4546065330505
rl4crn_rne_oscillator_trace_8rxn_stop_risksched085to09_lr1e4_entropy005_s4_c1_rnetol_d256_depth3_p20_bs200,seed229,229,507,101400,200,16,112.08685566890713,120.23240516395511,110.94055556646954,False,max_epochs,3768.32581281662
rl4crn_rne_oscillator_trace_8rxn_stop_risksched085to09_lr1e4_entropy005_s4_c1_rnetol_d256_depth3_p20_bs200,seed229,229,508,101600,200,16,111.3974598302745,120.29732275316917,110.94055556646954,False,max_epochs,3771.3745214939117
rl4crn_rne_oscillator_trace_8rxn_stop_risksched085to09_lr1e4_entropy005_s4_c1_rnetol_d256_depth3_p20_bs200,seed229,229,509,101800,200,16,111.13332720566152,119.33145096888414,110.94055556646954,False,max_epochs,3778.871555328369
rl4crn_rne_oscillator_trace_8rxn_stop_risksched085to09_lr1e4_entropy005_s4_c1_rnetol_d256_depth3_p20_bs200,seed229,229,510,102000,200,16,111.59376660334988,120.55132889770967,110.94055556646954,False,max_epochs,3786.9699499607086
rl4crn_rne_oscillator_trace_8rxn_stop_risksched085to09_lr1e4_entropy005_s4_c1_rnetol_d256_depth3_p20_bs200,seed229,229,511,102200,200,16,111.41213473706172,120.34008360072542,110.94055556646954,False,max_epochs,3794.8346672058105
rl4crn_rne_oscillator_trace_8rxn_stop_risksched085to09_lr1e4_entropy005_s4_c1_rnetol_d256_depth3_p20_bs200,seed229,229,512,102400,200,16,111.55635573564045,120.09735578785856,110.94055556646954,False,max_epochs,3802.897721529007
rl4crn_rne_oscillator_trace_8rxn_stop_risksched085to09_lr1e4_entropy005_s4_c1_rnetol_d256_depth3_p20_bs200,seed229,229,513,102600,200,16,111.09245532690856,120.67421779106837,110.94055556646954,False,max_epochs,3810.9562742710114
rl4crn_rne_oscillator_trace_8rxn_stop_risksched085to09_lr1e4_entropy005_s4_c1_rnetol_d256_depth3_p20_bs200,seed229,229,514,102800,200,16,111.80264097268609,121.2477833100163,110.94055556646954,False,max_epochs,3817.8438279628754
rl4crn_rne_oscillator_trace_8rxn_stop_risksched085to09_lr1e4_entropy005_s4_c1_rnetol_d256_depth3_p20_bs200,seed229,229,515,103000,200,16,111.3550317861374,121.83177576926528,110.94055556646954,False,max_epochs,3821.4757282733917
rl4crn_rne_oscillator_trace_8rxn_stop_risksched085to09_lr1e4_entropy005_s4_c1_rnetol_d256_depth3_p20_bs200,seed229,229,516,103200,200,16,111.31628633176977,120.23333692149401,110.94055556646954,False,max_epochs,3829.5524854660034
rl4crn_rne_oscillator_trace_8rxn_stop_risksched085to09_lr1e4_entropy005_s4_c1_rnetol_d256_depth3_p20_bs200,seed229,229,517,103400,200,16,111.22229350955571,119.78993232156606,110.94055556646954,False,max_epochs,3837.7504754066467
rl4crn_rne_oscillator_trace_8rxn_stop_risksched085to09_lr1e4_entropy005_s4_c1_rnetol_d256_depth3_p20_bs200,seed229,229,518,103600,200,16,111.27632115549379,119.24290003049182,110.94055556646954,False,max_epochs,3846.0587260723114
rl4crn_rne_oscillator_trace_8rxn_stop_risksched085to09_lr1e4_entropy005_s4_c1_rnetol_d256_depth3_p20_bs200,seed229,229,519,103800,200,16,111.84403709296852,119.62330240991373,110.94055556646954,False,max_epochs,3854.3441705703735
rl4crn_rne_oscillator_trace_8rxn_stop_risksched085to09_lr1e4_entropy005_s4_c1_rnetol_d256_depth3_p20_bs200,seed229,229,520,104000,200,16,111.58245489649859,120.40032109890922,110.94055556646954,False,max_epochs,3862.318070411682
rl4crn_rne_oscillator_trace_8rxn_stop_risksched085to09_lr1e4_entropy005_s4_c1_rnetol_d256_depth3_p20_bs200,seed229,229,521,104200,200,16,111.86636910797984,119.81061299629182,110.94055556646954,False,max_epochs,3869.8515968322754
rl4crn_rne_oscillator_trace_8rxn_stop_risksched085to09_lr1e4_entropy005_s4_c1_rnetol_d256_depth3_p20_bs200,seed229,229,522,104400,200,16,111.5782008597971,119.9173523416396,110.94055556646954,False,max_epochs,3872.5834589004517
rl4crn_rne_oscillator_trace_8rxn_stop_risksched085to09_lr1e4_entropy005_s4_c1_rnetol_d256_depth3_p20_bs200,seed229,229,523,104600,200,16,111.23588899922643,120.3852922609715,110.94055556646954,False,max_epochs,3880.1072478294373
rl4crn_rne_oscillator_trace_8rxn_stop_risksched085to09_lr1e4_entropy005_s4_c1_rnetol_d256_depth3_p20_bs200,seed229,229,524,104800,200,16,111.99546001034678,119.91005412288987,110.94055556646954,False,max_epochs,3888.128071784973
rl4crn_rne_oscillator_trace_8rxn_stop_risksched085to09_lr1e4_entropy005_s4_c1_rnetol_d256_depth3_p20_bs200,seed229,229,525,105000,200,16,111.40393752960294,119.54475123568031,110.94055556646954,False,max_epochs,3895.9622354507446
rl4crn_rne_oscillator_trace_8rxn_stop_risksched085to09_lr1e4_entropy005_s4_c1_rnetol_d256_depth3_p20_bs200,seed229,229,526,105200,200,16,111.17168534295898,119.43836142012375,110.94055556646954,False,max_epochs,3903.972126722336
rl4crn_rne_oscillator_trace_8rxn_stop_risksched085to09_lr1e4_entropy005_s4_c1_rnetol_d256_depth3_p20_bs200,seed229,229,527,105400,200,16,111.80639216562717,121.37989203506055,110.94055556646954,False,max_epochs,3911.7310078144073
rl4crn_rne_oscillator_trace_8rxn_stop_risksched085to09_lr1e4_entropy005_s4_c1_rnetol_d256_depth3_p20_bs200,seed229,229,528,105600,200,16,111.45496076774472,121.4250342085293,110.94055556646954,False,max_epochs,3914.4323420524597
rl4crn_rne_oscillator_trace_8rxn_stop_risksched085to09_lr1e4_entropy005_s4_c1_rnetol_d256_depth3_p20_bs200,seed229,229,529,105800,200,16,111.45818813131854,122.26354430191735,110.94055556646954,False,max_epochs,3922.021096944809
rl4crn_rne_oscillator_trace_8rxn_stop_risksched085to09_lr1e4_entropy005_s4_c1_rnetol_d256_depth3_p20_bs200,seed229,229,530,106000,200,16,112.26353306892733,120.89328414547873,110.94055556646954,False,max_epochs,3930.287608385086
rl4crn_rne_oscillator_trace_8rxn_stop_risksched085to09_lr1e4_entropy005_s4_c1_rnetol_d256_depth3_p20_bs200,seed229,229,531,106200,200,16,111.80440087164905,119.6888091361977,110.94055556646954,False,max_epochs,3938.5915784835815
rl4crn_rne_oscillator_trace_8rxn_stop_risksched085to09_lr1e4_entropy005_s4_c1_rnetol_d256_depth3_p20_bs200,seed229,229,532,106400,200,16,111.09092600680705,119.47617197322413,110.94055556646954,False,max_epochs,3946.3227455615997
rl4crn_rne_oscillator_trace_8rxn_stop_risksched085to09_lr1e4_entropy005_s4_c1_rnetol_d256_depth3_p20_bs200,seed229,229,533,106600,200,16,111.49402123725557,118.9771191666141,110.94055556646954,False,max_epochs,3954.394453525543
rl4crn_rne_oscillator_trace_8rxn_stop_risksched085to09_lr1e4_entropy005_s4_c1_rnetol_d256_depth3_p20_bs200,seed229,229,534,106800,200,16,111.80764174055692,118.67890987956177,110.94055556646954,False,max_epochs,3960.1685922145844
rl4crn_rne_oscillator_trace_8rxn_stop_risksched085to09_lr1e4_entropy005_s4_c1_rnetol_d256_depth3_p20_bs200,seed229,229,535,107000,200,16,111.32114710306675,120.43364595275688,110.94055556646954,False,max_epochs,3964.563602924347
rl4crn_rne_oscillator_trace_8rxn_stop_risksched085to09_lr1e4_entropy005_s4_c1_rnetol_d256_depth3_p20_bs200,seed229,229,536,107200,200,16,111.35770988702185,119.75551202572223,110.94055556646954,False,max_epochs,3972.7772595882416
rl4crn_rne_oscillator_trace_8rxn_stop_risksched085to09_lr1e4_entropy005_s4_c1_rnetol_d256_depth3_p20_bs200,seed229,229,537,107400,200,16,112.05933969946913,122.53855097959283,110.94055556646954,False,max_epochs,3981.0405316352844
rl4crn_rne_oscillator_trace_8rxn_stop_risksched085to09_lr1e4_entropy005_s4_c1_rnetol_d256_depth3_p20_bs200,seed229,229,538,107600,200,16,111.65661055006524,122.45362030929275,110.94055556646954,False,max_epochs,3989.2475419044495
rl4crn_rne_oscillator_trace_8rxn_stop_risksched085to09_lr1e4_entropy005_s4_c1_rnetol_d256_depth3_p20_bs200,seed229,229,539,107800,200,16,111.01463611196726,122.04387700656392,110.94055556646954,False,max_epochs,3997.569503068924
rl4crn_rne_oscillator_trace_8rxn_stop_risksched085to09_lr1e4_entropy005_s4_c1_rnetol_d256_depth3_p20_bs200,seed229,229,540,108000,200,16,111.36842845543858,121.40494185669999,110.94055556646954,False,max_epochs,4005.3537096977234
rl4crn_rne_oscillator_trace_8rxn_stop_risksched085to09_lr1e4_entropy005_s4_c1_rnetol_d256_depth3_p20_bs200,seed229,229,541,108200,200,16,111.42410801529054,120.40023671794725,110.94055556646954,False,max_epochs,4013.3945047855377
rl4crn_rne_oscillator_trace_8rxn_stop_risksched085to09_lr1e4_entropy005_s4_c1_rnetol_d256_depth3_p20_bs200,seed229,229,542,108400,200,16,111.48871878284449,119.56259587296935,110.94055556646954,False,max_epochs,4021.403333902359
rl4crn_rne_oscillator_trace_8rxn_stop_risksched085to09_lr1e4_entropy005_s4_c1_rnetol_d256_depth3_p20_bs200,seed229,229,543,108600,200,16,111.33682213051385,119.90095552773948,110.94055556646954,False,max_epochs,4028.5334329605103
rl4crn_rne_oscillator_trace_8rxn_stop_risksched085to09_lr1e4_entropy005_s4_c1_rnetol_d256_depth3_p20_bs200,seed229,229,544,108800,200,16,111.36572867607526,119.53448486242596,110.94055556646954,False,max_epochs,4031.625330686569
rl4crn_rne_oscillator_trace_8rxn_stop_risksched085to09_lr1e4_entropy005_s4_c1_rnetol_d256_depth3_p20_bs200,seed229,229,545,109000,200,16,111.81733612229033,120.9717704166815,110.94055556646954,False,max_epochs,4039.841079711914
rl4crn_rne_oscillator_trace_8rxn_stop_risksched085to09_lr1e4_entropy005_s4_c1_rnetol_d256_depth3_p20_bs200,seed229,229,546,109200,200,16,111.4212786761947,121.60165533390602,110.94055556646954,False,max_epochs,4048.376735687256
rl4crn_rne_oscillator_trace_8rxn_stop_risksched085to09_lr1e4_entropy005_s4_c1_rnetol_d256_depth3_p20_bs200,seed229,229,547,109400,200,16,111.15025214524067,121.71321135088321,110.94055556646954,False,max_epochs,4056.470867395401
rl4crn_rne_oscillator_trace_8rxn_stop_risksched085to09_lr1e4_entropy005_s4_c1_rnetol_d256_depth3_p20_bs200,seed229,229,548,109600,200,16,111.5332680376185,121.62661876928746,110.94055556646954,False,max_epochs,4064.4640452861786
rl4crn_rne_oscillator_trace_8rxn_stop_risksched085to09_lr1e4_entropy005_s4_c1_rnetol_d256_depth3_p20_bs200,seed229,229,549,109800,200,16,111.67351843194274,120.36740425768205,110.94055556646954,False,max_epochs,4072.6016330718994
rl4crn_rne_oscillator_trace_8rxn_stop_risksched085to09_lr1e4_entropy005_s4_c1_rnetol_d256_depth3_p20_bs200,seed229,229,550,110000,200,16,111.38314145538709,119.13676798015018,110.94055556646954,False,max_epochs,4080.5836811065674
rl4crn_rne_oscillator_trace_8rxn_stop_risksched085to09_lr1e4_entropy005_s4_c1_rnetol_d256_depth3_p20_bs200,seed229,229,551,110200,200,16,111.39004186478633,119.65892775351455,110.94055556646954,False,max_epochs,4083.6976590156555
rl4crn_rne_oscillator_trace_8rxn_stop_risksched085to09_lr1e4_entropy005_s4_c1_rnetol_d256_depth3_p20_bs200,seed229,229,552,110400,200,16,111.21539600636815,120.476063885217,110.94055556646954,False,max_epochs,4090.7112708091736
rl4crn_rne_oscillator_trace_8rxn_stop_risksched085to09_lr1e4_entropy005_s4_c1_rnetol_d256_depth3_p20_bs200,seed229,229,553,110600,200,16,111.15224933373085,120.5047288235143,110.94055556646954,False,max_epochs,4098.978573083878
rl4crn_rne_oscillator_trace_8rxn_stop_risksched085to09_lr1e4_entropy005_s4_c1_rnetol_d256_depth3_p20_bs200,seed229,229,554,110800,200,16,111.16678228803997,120.13351811881085,110.94055556646954,False,max_epochs,4107.407949447632
rl4crn_rne_oscillator_trace_8rxn_stop_risksched085to09_lr1e4_entropy005_s4_c1_rnetol_d256_depth3_p20_bs200,seed229,229,555,111000,200,16,111.51180596569908,119.85044007472459,110.94055556646954,False,max_epochs,4115.7080199718475
rl4crn_rne_oscillator_trace_8rxn_stop_risksched085to09_lr1e4_entropy005_s4_c1_rnetol_d256_depth3_p20_bs200,seed229,229,556,111200,200,16,111.96906752822916,119.43311046018133,110.94055556646954,False,max_epochs,4124.182810306549
rl4crn_rne_oscillator_trace_8rxn_stop_risksched085to09_lr1e4_entropy005_s4_c1_rnetol_d256_depth3_p20_bs200,seed229,229,557,111400,200,16,110.94575914138095,119.10966486403947,110.94055556646954,False,max_epochs,4132.43212389946
rl4crn_rne_oscillator_trace_8rxn_stop_risksched085to09_lr1e4_entropy005_s4_c1_rnetol_d256_depth3_p20_bs200,seed229,229,558,111600,200,16,111.19007173997554,119.5904318683645,110.94055556646954,False,max_epochs,4140.594359874725
rl4crn_rne_oscillator_trace_8rxn_stop_risksched085to09_lr1e4_entropy005_s4_c1_rnetol_d256_depth3_p20_bs200,seed229,229,559,111800,200,16,111.27829730750886,119.72137045324632,110.94055556646954,False,max_epochs,4148.773041009903
rl4crn_rne_oscillator_trace_8rxn_stop_risksched085to09_lr1e4_entropy005_s4_c1_rnetol_d256_depth3_p20_bs200,seed229,229,560,112000,200,16,111.52300350051084,121.10817755214022,110.94055556646954,False,max_epochs,4155.616852521896
rl4crn_rne_oscillator_trace_8rxn_stop_risksched085to09_lr1e4_entropy005_s4_c1_rnetol_d256_depth3_p20_bs200,seed229,229,561,112200,200,16,110.90880900334545,122.12486092334686,110.90880900334545,False,max_epochs,4158.838485240936
rl4crn_rne_oscillator_trace_8rxn_stop_risksched085to09_lr1e4_entropy005_s4_c1_rnetol_d256_depth3_p20_bs200,seed229,229,562,112400,200,16,111.19150515770573,121.5719151408832,110.90880900334545,False,max_epochs,4166.802578687668
rl4crn_rne_oscillator_trace_8rxn_stop_risksched085to09_lr1e4_entropy005_s4_c1_rnetol_d256_depth3_p20_bs200,seed229,229,563,112600,200,16,111.35733048832665,121.14530074004355,110.90880900334545,False,max_epochs,4175.373829126358
rl4crn_rne_oscillator_trace_8rxn_stop_risksched085to09_lr1e4_entropy005_s4_c1_rnetol_d256_depth3_p20_bs200,seed229,229,564,112800,200,16,111.50041949620615,121.09379859594753,110.90880900334545,False,max_epochs,4183.374485015869
rl4crn_rne_oscillator_trace_8rxn_stop_risksched085to09_lr1e4_entropy005_s4_c1_rnetol_d256_depth3_p20_bs200,seed229,229,565,113000,200,16,111.73882302248641,120.1938454603401,110.90880900334545,False,max_epochs,4191.581629037857
rl4crn_rne_oscillator_trace_8rxn_stop_risksched085to09_lr1e4_entropy005_s4_c1_rnetol_d256_depth3_p20_bs200,seed229,229,566,113200,200,16,111.29138914706736,120.20907824335171,110.90880900334545,False,max_epochs,4200.227039337158
rl4crn_rne_oscillator_trace_8rxn_stop_risksched085to09_lr1e4_entropy005_s4_c1_rnetol_d256_depth3_p20_bs200,seed229,229,567,113400,200,16,111.42096281675116,119.380926369699,110.90880900334545,False,max_epochs,4208.023760318756
rl4crn_rne_oscillator_trace_8rxn_stop_risksched085to09_lr1e4_entropy005_s4_c1_rnetol_d256_depth3_p20_bs200,seed229,229,568,113600,200,16,111.0485698064207,120.38982923660065,110.90880900334545,False,max_epochs,4215.806846857071
rl4crn_rne_oscillator_trace_8rxn_stop_risksched085to09_lr1e4_entropy005_s4_c1_rnetol_d256_depth3_p20_bs200,seed229,229,569,113800,200,16,111.38995375125293,119.24738722736676,110.90880900334545,False,max_epochs,4222.754401683807
rl4crn_rne_oscillator_trace_8rxn_stop_risksched085to09_lr1e4_entropy005_s4_c1_rnetol_d256_depth3_p20_bs200,seed229,229,570,114000,200,16,111.07255978172968,120.85597297189423,110.90880900334545,False,max_epochs,4226.294729232788
rl4crn_rne_oscillator_trace_8rxn_stop_risksched085to09_lr1e4_entropy005_s4_c1_rnetol_d256_depth3_p20_bs200,seed229,229,571,114200,200,16,111.57496652740078,119.86692325710416,110.90880900334545,False,max_epochs,4234.395634651184
rl4crn_rne_oscillator_trace_8rxn_stop_risksched085to09_lr1e4_entropy005_s4_c1_rnetol_d256_depth3_p20_bs200,seed229,229,572,114400,200,16,110.9884387929257,121.23041682836154,110.90880900334545,False,max_epochs,4243.011515617371
rl4crn_rne_oscillator_trace_8rxn_stop_risksched085to09_lr1e4_entropy005_s4_c1_rnetol_d256_depth3_p20_bs200,seed229,229,573,114600,200,16,111.61214406643467,120.32906617883242,110.90880900334545,False,max_epochs,4251.095333814621
rl4crn_rne_oscillator_trace_8rxn_stop_risksched085to09_lr1e4_entropy005_s4_c1_rnetol_d256_depth3_p20_bs200,seed229,229,574,114800,200,16,111.62549645956882,120.06955948692439,110.90880900334545,False,max_epochs,4259.206178426743
rl4crn_rne_oscillator_trace_8rxn_stop_risksched085to09_lr1e4_entropy005_s4_c1_rnetol_d256_depth3_p20_bs200,seed229,229,575,115000,200,16,111.4674496403191,120.41366560613754,110.90880900334545,False,max_epochs,4267.369096279144
rl4crn_rne_oscillator_trace_8rxn_stop_risksched085to09_lr1e4_entropy005_s4_c1_rnetol_d256_depth3_p20_bs200,seed229,229,576,115200,200,16,111.6676312826105,119.83693449863864,110.90880900334545,False,max_epochs,4275.739131450653
rl4crn_rne_oscillator_trace_8rxn_stop_risksched085to09_lr1e4_entropy005_s4_c1_rnetol_d256_depth3_p20_bs200,seed229,229,577,115400,200,16,111.4844260704181,119.34151932596997,110.90880900334545,False,max_epochs,4283.829781293869
rl4crn_rne_oscillator_trace_8rxn_stop_risksched085to09_lr1e4_entropy005_s4_c1_rnetol_d256_depth3_p20_bs200,seed229,229,578,115600,200,16,111.36468698539095,119.9805241193213,110.90880900334545,False,max_epochs,4288.722027540207
rl4crn_rne_oscillator_trace_8rxn_stop_risksched085to09_lr1e4_entropy005_s4_c1_rnetol_d256_depth3_p20_bs200,seed229,229,579,115800,200,16,111.20341475048302,120.83485601687875,110.90880900334545,False,max_epochs,4293.555618524551
rl4crn_rne_oscillator_trace_8rxn_stop_risksched085to09_lr1e4_entropy005_s4_c1_rnetol_d256_depth3_p20_bs200,seed229,229,580,116000,200,16,111.91797707088658,120.26963427557358,110.90880900334545,False,max_epochs,4301.777248382568
rl4crn_rne_oscillator_trace_8rxn_stop_risksched085to09_lr1e4_entropy005_s4_c1_rnetol_d256_depth3_p20_bs200,seed229,229,581,116200,200,16,111.978171694416,121.31704591352931,110.90880900334545,False,max_epochs,4309.6905019283295
rl4crn_rne_oscillator_trace_8rxn_stop_risksched085to09_lr1e4_entropy005_s4_c1_rnetol_d256_depth3_p20_bs200,seed229,229,582,116400,200,16,111.0385341225961,119.78561192096873,110.90880900334545,False,max_epochs,4317.752146482468
rl4crn_rne_oscillator_trace_8rxn_stop_risksched085to09_lr1e4_entropy005_s4_c1_rnetol_d256_depth3_p20_bs200,seed229,229,583,116600,200,16,111.11595200844053,120.07324503681438,110.90880900334545,False,max_epochs,4325.857371091843
rl4crn_rne_oscillator_trace_8rxn_stop_risksched085to09_lr1e4_entropy005_s4_c1_rnetol_d256_depth3_p20_bs200,seed229,229,584,116800,200,16,112.28014691239588,119.00500632348717,110.90880900334545,False,max_epochs,4333.908087491989
rl4crn_rne_oscillator_trace_8rxn_stop_risksched085to09_lr1e4_entropy005_s4_c1_rnetol_d256_depth3_p20_bs200,seed229,229,585,117000,200,16,111.64197208154359,119.27689602881337,110.90880900334545,False,max_epochs,4341.031126022339
rl4crn_rne_oscillator_trace_8rxn_stop_risksched085to09_lr1e4_entropy005_s4_c1_rnetol_d256_depth3_p20_bs200,seed229,229,586,117200,200,16,111.42123719423373,119.68448654787221,110.90880900334545,False,max_epochs,4344.468352794647
rl4crn_rne_oscillator_trace_8rxn_stop_risksched085to09_lr1e4_entropy005_s4_c1_rnetol_d256_depth3_p20_bs200,seed229,229,587,117400,200,16,111.45229686445484,119.89598465227027,110.90880900334545,False,max_epochs,4352.386219024658
rl4crn_rne_oscillator_trace_8rxn_stop_risksched085to09_lr1e4_entropy005_s4_c1_rnetol_d256_depth3_p20_bs200,seed229,229,588,117600,200,16,111.0698256455885,120.97187338446324,110.90880900334545,False,max_epochs,4360.824926614761
rl4crn_rne_oscillator_trace_8rxn_stop_risksched085to09_lr1e4_entropy005_s4_c1_rnetol_d256_depth3_p20_bs200,seed229,229,589,117800,200,16,111.24288833553047,120.24624519419588,110.90880900334545,False,max_epochs,4369.547652721405
rl4crn_rne_oscillator_trace_8rxn_stop_risksched085to09_lr1e4_entropy005_s4_c1_rnetol_d256_depth3_p20_bs200,seed229,229,590,118000,200,16,111.29353155715611,119.82346013929597,110.90880900334545,False,max_epochs,4377.378792762756
rl4crn_rne_oscillator_trace_8rxn_stop_risksched085to09_lr1e4_entropy005_s4_c1_rnetol_d256_depth3_p20_bs200,seed229,229,591,118200,200,16,111.3033852419657,119.57684605771232,110.90880900334545,False,max_epochs,4385.599358081818
rl4crn_rne_oscillator_trace_8rxn_stop_risksched085to09_lr1e4_entropy005_s4_c1_rnetol_d256_depth3_p20_bs200,seed229,229,592,118400,200,16,111.5209092956833,119.31943460216593,110.90880900334545,False,max_epochs,4393.652104139328
rl4crn_rne_oscillator_trace_8rxn_stop_risksched085to09_lr1e4_entropy005_s4_c1_rnetol_d256_depth3_p20_bs200,seed229,229,593,118600,200,16,112.17058496876807,118.69510013795008,110.90880900334545,False,max_epochs,4401.519861698151
rl4crn_rne_oscillator_trace_8rxn_stop_risksched085to09_lr1e4_entropy005_s4_c1_rnetol_d256_depth3_p20_bs200,seed229,229,594,118800,200,16,111.52102119982408,119.54741298807426,110.90880900334545,False,max_epochs,4404.504904985428
rl4crn_rne_oscillator_trace_8rxn_stop_risksched085to09_lr1e4_entropy005_s4_c1_rnetol_d256_depth3_p20_bs200,seed229,229,595,119000,200,16,111.58208194273564,120.06439182919291,110.90880900334545,False,max_epochs,4411.991591453552
rl4crn_rne_oscillator_trace_8rxn_stop_risksched085to09_lr1e4_entropy005_s4_c1_rnetol_d256_depth3_p20_bs200,seed229,229,596,119200,200,16,111.24236669572156,120.47108747665857,110.90880900334545,False,max_epochs,4420.182686805725
rl4crn_rne_oscillator_trace_8rxn_stop_risksched085to09_lr1e4_entropy005_s4_c1_rnetol_d256_depth3_p20_bs200,seed229,229,597,119400,200,16,111.29730749176399,120.04837229999126,110.90880900334545,False,max_epochs,4428.043307542801
rl4crn_rne_oscillator_trace_8rxn_stop_risksched085to09_lr1e4_entropy005_s4_c1_rnetol_d256_depth3_p20_bs200,seed229,229,598,119600,200,16,112.36276471885269,120.79149281284387,110.90880900334545,False,max_epochs,4435.972212314606
rl4crn_rne_oscillator_trace_8rxn_stop_risksched085to09_lr1e4_entropy005_s4_c1_rnetol_d256_depth3_p20_bs200,seed229,229,599,119800,200,16,111.54987619659741,119.99301231573492,110.90880900334545,False,max_epochs,4443.589391946793
rl4crn_rne_oscillator_trace_8rxn_stop_risksched085to09_lr1e4_entropy005_s4_c1_rnetol_d256_depth3_p20_bs200,seed229,229,600,120000,200,16,111.44653179249075,119.9604810396786,110.90880900334545,False,max_epochs,4447.004666090012
rl4crn_rne_oscillator_trace_8rxn_stop_risksched085to09_lr1e4_entropy005_s4_c1_rnetol_d256_depth3_p20_bs200,seed229,229,601,120200,200,16,111.64835240794245,120.01216389156693,110.90880900334545,False,max_epochs,4453.813200473785
rl4crn_rne_oscillator_trace_8rxn_stop_risksched085to09_lr1e4_entropy005_s4_c1_rnetol_d256_depth3_p20_bs200,seed229,229,602,120400,200,16,111.12115106675552,119.65205046065356,110.90880900334545,False,max_epochs,4461.597286701202
rl4crn_rne_oscillator_trace_8rxn_stop_risksched085to09_lr1e4_entropy005_s4_c1_rnetol_d256_depth3_p20_bs200,seed229,229,603,120600,200,16,112.06510158937695,120.08743699545644,110.90880900334545,False,max_epochs,4469.860327005386
rl4crn_rne_oscillator_trace_8rxn_stop_risksched085to09_lr1e4_entropy005_s4_c1_rnetol_d256_depth3_p20_bs200,seed229,229,604,120800,200,16,111.8244244896567,118.86539017431824,110.90880900334545,False,max_epochs,4478.081647872925
rl4crn_rne_oscillator_trace_8rxn_stop_risksched085to09_lr1e4_entropy005_s4_c1_rnetol_d256_depth3_p20_bs200,seed229,229,605,121000,200,16,111.84620044470378,119.69968788683764,110.90880900334545,False,max_epochs,4486.255999803543
rl4crn_rne_oscillator_trace_8rxn_stop_risksched085to09_lr1e4_entropy005_s4_c1_rnetol_d256_depth3_p20_bs200,seed229,229,606,121200,200,16,111.05642899582877,120.24600085314545,110.90880900334545,False,max_epochs,4494.225405454636
rl4crn_rne_oscillator_trace_8rxn_stop_risksched085to09_lr1e4_entropy005_s4_c1_rnetol_d256_depth3_p20_bs200,seed229,229,607,121400,200,16,111.30222060461286,119.84637291122544,110.90880900334545,False,max_epochs,4502.267299890518
rl4crn_rne_oscillator_trace_8rxn_stop_risksched085to09_lr1e4_entropy005_s4_c1_rnetol_d256_depth3_p20_bs200,seed229,229,608,121600,200,16,111.29627315694079,120.81558402156489,110.90880900334545,False,max_epochs,4508.917677640915
rl4crn_rne_oscillator_trace_8rxn_stop_risksched085to09_lr1e4_entropy005_s4_c1_rnetol_d256_depth3_p20_bs200,seed229,229,609,121800,200,16,111.48482283527261,120.64437584064629,110.90880900334545,False,max_epochs,4512.55254983902
rl4crn_rne_oscillator_trace_8rxn_stop_risksched085to09_lr1e4_entropy005_s4_c1_rnetol_d256_depth3_p20_bs200,seed229,229,610,122000,200,16,112.06311809623104,120.48567888953352,110.90880900334545,False,max_epochs,4520.765557527542
rl4crn_rne_oscillator_trace_8rxn_stop_risksched085to09_lr1e4_entropy005_s4_c1_rnetol_d256_depth3_p20_bs200,seed229,229,611,122200,200,16,111.30260429398828,120.0528454540094,110.90880900334545,False,max_epochs,4528.893101215363
rl4crn_rne_oscillator_trace_8rxn_stop_risksched085to09_lr1e4_entropy005_s4_c1_rnetol_d256_depth3_p20_bs200,seed229,229,612,122400,200,16,111.62288049827187,120.26863484488118,110.90880900334545,False,max_epochs,4537.108205318451
rl4crn_rne_oscillator_trace_8rxn_stop_risksched085to09_lr1e4_entropy005_s4_c1_rnetol_d256_depth3_p20_bs200,seed229,229,613,122600,200,16,111.43714134559983,120.90308095698124,110.90880900334545,False,max_epochs,4545.272612810135
rl4crn_rne_oscillator_trace_8rxn_stop_risksched085to09_lr1e4_entropy005_s4_c1_rnetol_d256_depth3_p20_bs200,seed229,229,614,122800,200,16,111.09610325020381,120.45325179575488,110.90880900334545,False,max_epochs,4553.264035463333
rl4crn_rne_oscillator_trace_8rxn_stop_risksched085to09_lr1e4_entropy005_s4_c1_rnetol_d256_depth3_p20_bs200,seed229,229,615,123000,200,16,111.56052667169908,119.75288632658922,110.90880900334545,False,max_epochs,4560.872899055481
rl4crn_rne_oscillator_trace_8rxn_stop_risksched085to09_lr1e4_entropy005_s4_c1_rnetol_d256_depth3_p20_bs200,seed229,229,616,123200,200,16,111.54998816159356,119.51198248769182,110.90880900334545,False,max_epochs,4565.682039499283
rl4crn_rne_oscillator_trace_8rxn_stop_risksched085to09_lr1e4_entropy005_s4_c1_rnetol_d256_depth3_p20_bs200,seed229,229,617,123400,200,16,111.90179760248658,119.64371570141631,110.90880900334545,False,max_epochs,4571.738211393356
rl4crn_rne_oscillator_trace_8rxn_stop_risksched085to09_lr1e4_entropy005_s4_c1_rnetol_d256_depth3_p20_bs200,seed229,229,618,123600,200,16,111.2657710261098,119.11222946182531,110.90880900334545,False,max_epochs,4579.850030899048
rl4crn_rne_oscillator_trace_8rxn_stop_risksched085to09_lr1e4_entropy005_s4_c1_rnetol_d256_depth3_p20_bs200,seed229,229,619,123800,200,16,111.74329659521295,119.57127252865428,110.90880900334545,False,max_epochs,4587.789438724518
rl4crn_rne_oscillator_trace_8rxn_stop_risksched085to09_lr1e4_entropy005_s4_c1_rnetol_d256_depth3_p20_bs200,seed229,229,620,124000,200,16,111.4984693500842,119.55971014789014,110.90880900334545,False,max_epochs,4595.90044760704
rl4crn_rne_oscillator_trace_8rxn_stop_risksched085to09_lr1e4_entropy005_s4_c1_rnetol_d256_depth3_p20_bs200,seed229,229,621,124200,200,16,111.51768184620164,121.2320497812443,110.90880900334545,False,max_epochs,4604.113137245178
rl4crn_rne_oscillator_trace_8rxn_stop_risksched085to09_lr1e4_entropy005_s4_c1_rnetol_d256_depth3_p20_bs200,seed229,229,622,124400,200,16,111.80146744168063,119.9299906094266,110.90880900334545,False,max_epochs,4611.987384080887
rl4crn_rne_oscillator_trace_8rxn_stop_risksched085to09_lr1e4_entropy005_s4_c1_rnetol_d256_depth3_p20_bs200,seed229,229,623,124600,200,16,111.11823440955419,120.4032208121032,110.90880900334545,False,max_epochs,4615.254320144653
rl4crn_rne_oscillator_trace_8rxn_stop_risksched085to09_lr1e4_entropy005_s4_c1_rnetol_d256_depth3_p20_bs200,seed229,229,624,124800,200,16,111.61618166250321,120.62818161005849,110.90880900334545,False,max_epochs,4622.507540464401
rl4crn_rne_oscillator_trace_8rxn_stop_risksched085to09_lr1e4_entropy005_s4_c1_rnetol_d256_depth3_p20_bs200,seed229,229,625,125000,200,16,111.38451752867832,119.35785566385562,110.90880900334545,False,max_epochs,4630.733203411102
rl4crn_rne_oscillator_trace_8rxn_stop_risksched085to09_lr1e4_entropy005_s4_c1_rnetol_d256_depth3_p20_bs200,seed229,229,626,125200,200,16,111.37823609333401,120.17734695664302,110.90880900334545,False,max_epochs,4639.081820726395
rl4crn_rne_oscillator_trace_8rxn_stop_risksched085to09_lr1e4_entropy005_s4_c1_rnetol_d256_depth3_p20_bs200,seed229,229,627,125400,200,16,112.0180781031072,118.58481668904213,110.90880900334545,False,max_epochs,4647.0167582035065
rl4crn_rne_oscillator_trace_8rxn_stop_risksched085to09_lr1e4_entropy005_s4_c1_rnetol_d256_depth3_p20_bs200,seed229,229,628,125600,200,16,111.68077434184347,119.46649532611991,110.90880900334545,False,max_epochs,4655.22256064415
rl4crn_rne_oscillator_trace_8rxn_stop_risksched085to09_lr1e4_entropy005_s4_c1_rnetol_d256_depth3_p20_bs200,seed229,229,629,125800,200,16,111.38154768987124,120.3490776344789,110.90880900334545,False,max_epochs,4662.795593261719
rl4crn_rne_oscillator_trace_8rxn_stop_risksched085to09_lr1e4_entropy005_s4_c1_rnetol_d256_depth3_p20_bs200,seed229,229,630,126000,200,16,110.97809039695302,120.55208818288625,110.90880900334545,False,max_epochs,4665.363359928131
rl4crn_rne_oscillator_trace_8rxn_stop_risksched085to09_lr1e4_entropy005_s4_c1_rnetol_d256_depth3_p20_bs200,seed229,229,631,126200,200,16,111.0312530440098,120.29627900299744,110.90880900334545,False,max_epochs,4673.466710567474
rl4crn_rne_oscillator_trace_8rxn_stop_risksched085to09_lr1e4_entropy005_s4_c1_rnetol_d256_depth3_p20_bs200,seed229,229,632,126400,200,16,111.09036305775643,120.85187655891902,110.90880900334545,False,max_epochs,4682.028552055359
rl4crn_rne_oscillator_trace_8rxn_stop_risksched085to09_lr1e4_entropy005_s4_c1_rnetol_d256_depth3_p20_bs200,seed229,229,633,126600,200,16,111.75259914554498,120.08204341595862,110.90880900334545,False,max_epochs,4690.323180675507
rl4crn_rne_oscillator_trace_8rxn_stop_risksched085to09_lr1e4_entropy005_s4_c1_rnetol_d256_depth3_p20_bs200,seed229,229,634,126800,200,16,111.15616945307627,119.50469352558815,110.90880900334545,False,max_epochs,4698.645222425461
rl4crn_rne_oscillator_trace_8rxn_stop_risksched085to09_lr1e4_entropy005_s4_c1_rnetol_d256_depth3_p20_bs200,seed229,229,635,127000,200,16,111.58505068556187,119.0772853930152,110.90880900334545,False,max_epochs,4707.183306217194
rl4crn_rne_oscillator_trace_8rxn_stop_risksched085to09_lr1e4_entropy005_s4_c1_rnetol_d256_depth3_p20_bs200,seed229,229,636,127200,200,16,111.33987748614037,118.21287321242838,110.90880900334545,False,max_epochs,4715.356772661209
rl4crn_rne_oscillator_trace_8rxn_stop_risksched085to09_lr1e4_entropy005_s4_c1_rnetol_d256_depth3_p20_bs200,seed229,229,637,127400,200,16,111.46866724259807,118.79106053989065,110.90880900334545,False,max_epochs,4723.338693380356
rl4crn_rne_oscillator_trace_8rxn_stop_risksched085to09_lr1e4_entropy005_s4_c1_rnetol_d256_depth3_p20_bs200,seed229,229,638,127600,200,16,111.32820169717354,118.88482645264236,110.90880900334545,False,max_epochs,4731.200162410736
rl4crn_rne_oscillator_trace_8rxn_stop_risksched085to09_lr1e4_entropy005_s4_c1_rnetol_d256_depth3_p20_bs200,seed229,229,639,127800,200,16,111.05783395721095,119.63412846191694,110.90880900334545,False,max_epochs,4738.550703763962
rl4crn_rne_oscillator_trace_8rxn_stop_risksched085to09_lr1e4_entropy005_s4_c1_rnetol_d256_depth3_p20_bs200,seed229,229,640,128000,200,16,111.10247362466215,120.26061001337916,110.90880900334545,False,max_epochs,4741.261335372925
rl4crn_rne_oscillator_trace_8rxn_stop_risksched085to09_lr1e4_entropy005_s4_c1_rnetol_d256_depth3_p20_bs200,seed229,229,641,128200,200,16,111.46353577056094,122.95281139352053,110.90880900334545,False,max_epochs,4749.398345947266
rl4crn_rne_oscillator_trace_8rxn_stop_risksched085to09_lr1e4_entropy005_s4_c1_rnetol_d256_depth3_p20_bs200,seed229,229,642,128400,200,16,111.46217203539668,121.9039092907328,110.90880900334545,False,max_epochs,4757.638621330261
rl4crn_rne_oscillator_trace_8rxn_stop_risksched085to09_lr1e4_entropy005_s4_c1_rnetol_d256_depth3_p20_bs200,seed229,229,643,128600,200,16,111.1224416211874,121.64805628270811,110.90880900334545,False,max_epochs,4765.58093547821
rl4crn_rne_oscillator_trace_8rxn_stop_risksched085to09_lr1e4_entropy005_s4_c1_rnetol_d256_depth3_p20_bs200,seed229,229,644,128800,200,16,111.3784568724437,121.7791821667776,110.90880900334545,False,max_epochs,4773.6073660850525
rl4crn_rne_oscillator_trace_8rxn_stop_risksched085to09_lr1e4_entropy005_s4_c1_rnetol_d256_depth3_p20_bs200,seed229,229,645,129000,200,16,111.53068471389125,123.28070945428355,110.90880900334545,False,max_epochs,4780.843256950378
rl4crn_rne_oscillator_trace_8rxn_stop_risksched085to09_lr1e4_entropy005_s4_c1_rnetol_d256_depth3_p20_bs200,seed229,229,646,129200,200,16,111.09499085325746,122.57587634823145,110.90880900334545,False,max_epochs,4784.104316949844
rl4crn_rne_oscillator_trace_8rxn_stop_risksched085to09_lr1e4_entropy005_s4_c1_rnetol_d256_depth3_p20_bs200,seed229,229,647,129400,200,16,111.17514691677222,122.54783923204283,110.90880900334545,False,max_epochs,4792.075087308884
rl4crn_rne_oscillator_trace_8rxn_stop_risksched085to09_lr1e4_entropy005_s4_c1_rnetol_d256_depth3_p20_bs200,seed229,229,648,129600,200,16,111.70476808582016,122.7457728537888,110.90880900334545,False,max_epochs,4800.307676553726
rl4crn_rne_oscillator_trace_8rxn_stop_risksched085to09_lr1e4_entropy005_s4_c1_rnetol_d256_depth3_p20_bs200,seed229,229,649,129800,200,16,111.40782492753439,123.68981205253706,110.90880900334545,False,max_epochs,4808.213543176651
rl4crn_rne_oscillator_trace_8rxn_stop_risksched085to09_lr1e4_entropy005_s4_c1_rnetol_d256_depth3_p20_bs200,seed229,229,650,130000,200,16,111.09356124719744,122.80795465116285,110.90880900334545,False,max_epochs,4816.728151798248
rl4crn_rne_oscillator_trace_8rxn_stop_risksched085to09_lr1e4_entropy005_s4_c1_rnetol_d256_depth3_p20_bs200,seed229,229,651,130200,200,16,111.17489425788877,123.9351692263379,110.90880900334545,False,max_epochs,4825.007853269577
rl4crn_rne_oscillator_trace_8rxn_stop_risksched085to09_lr1e4_entropy005_s4_c1_rnetol_d256_depth3_p20_bs200,seed229,229,652,130400,200,16,111.1654595339346,125.25391255063346,110.90880900334545,False,max_epochs,4833.120484352112
rl4crn_rne_oscillator_trace_8rxn_stop_risksched085to09_lr1e4_entropy005_s4_c1_rnetol_d256_depth3_p20_bs200,seed229,229,653,130600,200,16,111.6096583497003,123.9772017311826,110.90880900334545,False,max_epochs,4840.905551433563
rl4crn_rne_oscillator_trace_8rxn_stop_risksched085to09_lr1e4_entropy005_s4_c1_rnetol_d256_depth3_p20_bs200,seed229,229,654,130800,200,16,111.71620003097921,125.01279976291565,110.90880900334545,False,max_epochs,4847.248262882233
rl4crn_rne_oscillator_trace_8rxn_stop_risksched085to09_lr1e4_entropy005_s4_c1_rnetol_d256_depth3_p20_bs200,seed229,229,655,131000,200,16,111.65478828243593,127.20592408055407,110.90880900334545,False,max_epochs,4851.500939369202
rl4crn_rne_oscillator_trace_8rxn_stop_risksched085to09_lr1e4_entropy005_s4_c1_rnetol_d256_depth3_p20_bs200,seed229,229,656,131200,200,16,111.13790558577705,125.28724340899572,110.90880900334545,False,max_epochs,4859.048230886459
rl4crn_rne_oscillator_trace_8rxn_stop_risksched085to09_lr1e4_entropy005_s4_c1_rnetol_d256_depth3_p20_bs200,seed229,229,657,131400,200,16,111.45279253721235,125.74828754219527,110.90880900334545,False,max_epochs,4867.144369363785
rl4crn_rne_oscillator_trace_8rxn_stop_risksched085to09_lr1e4_entropy005_s4_c1_rnetol_d256_depth3_p20_bs200,seed229,229,658,131600,200,16,111.41894467453939,121.04821159798037,110.90880900334545,False,max_epochs,4875.52160358429
rl4crn_rne_oscillator_trace_8rxn_stop_risksched085to09_lr1e4_entropy005_s4_c1_rnetol_d256_depth3_p20_bs200,seed229,229,659,131800,200,16,111.14694183232999,120.45151475354231,110.90880900334545,False,max_epochs,4884.027754068375
rl4crn_rne_oscillator_trace_8rxn_stop_risksched085to09_lr1e4_entropy005_s4_c1_rnetol_d256_depth3_p20_bs200,seed229,229,660,132000,200,16,111.14534481187508,119.09119561003519,110.90880900334545,False,max_epochs,4892.234249830246
rl4crn_rne_oscillator_trace_8rxn_stop_risksched085to09_lr1e4_entropy005_s4_c1_rnetol_d256_depth3_p20_bs200,seed229,229,661,132200,200,16,111.15230208922877,118.96766705343123,110.90880900334545,False,max_epochs,4900.094412326813
rl4crn_rne_oscillator_trace_8rxn_stop_risksched085to09_lr1e4_entropy005_s4_c1_rnetol_d256_depth3_p20_bs200,seed229,229,662,132400,200,16,111.41489117421776,118.56252305111829,110.90880900334545,False,max_epochs,4908.038208246231
rl4crn_rne_oscillator_trace_8rxn_stop_risksched085to09_lr1e4_entropy005_s4_c1_rnetol_d256_depth3_p20_bs200,seed229,229,663,132600,200,16,111.37214013325095,118.89206651920533,110.90880900334545,False,max_epochs,4915.15895986557
rl4crn_rne_oscillator_trace_8rxn_stop_risksched085to09_lr1e4_entropy005_s4_c1_rnetol_d256_depth3_p20_bs200,seed229,229,664,132800,200,16,111.20658037972177,119.19965674920229,110.90880900334545,False,max_epochs,4918.6817791461945
rl4crn_rne_oscillator_trace_8rxn_stop_risksched085to09_lr1e4_entropy005_s4_c1_rnetol_d256_depth3_p20_bs200,seed229,229,665,133000,200,16,110.99269513456449,119.30819385816305,110.90880900334545,False,max_epochs,4926.751330137253
rl4crn_rne_oscillator_trace_8rxn_stop_risksched085to09_lr1e4_entropy005_s4_c1_rnetol_d256_depth3_p20_bs200,seed229,229,666,133200,200,16,111.13102478436912,120.07308808367874,110.90880900334545,False,max_epochs,4935.30378651619
rl4crn_rne_oscillator_trace_8rxn_stop_risksched085to09_lr1e4_entropy005_s4_c1_rnetol_d256_depth3_p20_bs200,seed229,229,667,133400,200,16,111.43065652028547,119.57788784587608,110.90880900334545,False,max_epochs,4943.515007734299
rl4crn_rne_oscillator_trace_8rxn_stop_risksched085to09_lr1e4_entropy005_s4_c1_rnetol_d256_depth3_p20_bs200,seed229,229,668,133600,200,16,111.14329808889836,119.84138510399772,110.90880900334545,False,max_epochs,4951.399435758591
rl4crn_rne_oscillator_trace_8rxn_stop_risksched085to09_lr1e4_entropy005_s4_c1_rnetol_d256_depth3_p20_bs200,seed229,229,669,133800,200,16,111.09559994048006,119.23487508388433,110.90880900334545,False,max_epochs,4960.361552238464
rl4crn_rne_oscillator_trace_8rxn_stop_risksched085to09_lr1e4_entropy005_s4_c1_rnetol_d256_depth3_p20_bs200,seed229,229,670,134000,200,16,111.66228346946328,119.73723713647924,110.90880900334545,False,max_epochs,4968.365966081619
rl4crn_rne_oscillator_trace_8rxn_stop_risksched085to09_lr1e4_entropy005_s4_c1_rnetol_d256_depth3_p20_bs200,seed229,229,671,134200,200,16,111.31432680386989,119.6239821481852,110.90880900334545,False,max_epochs,4976.170743703842
rl4crn_rne_oscillator_trace_8rxn_stop_risksched085to09_lr1e4_entropy005_s4_c1_rnetol_d256_depth3_p20_bs200,seed229,229,672,134400,200,16,111.2880866271273,119.47483826204542,110.90880900334545,False,max_epochs,4984.345486164093
rl4crn_rne_oscillator_trace_8rxn_stop_risksched085to09_lr1e4_entropy005_s4_c1_rnetol_d256_depth3_p20_bs200,seed229,229,673,134600,200,16,111.39466614118044,118.89409525392884,110.90880900334545,False,max_epochs,4992.137338876724
rl4crn_rne_oscillator_trace_8rxn_stop_risksched085to09_lr1e4_entropy005_s4_c1_rnetol_d256_depth3_p20_bs200,seed229,229,674,134800,200,16,111.79011609563909,119.73255050152859,110.90880900334545,False,max_epochs,4999.253313541412
rl4crn_rne_oscillator_trace_8rxn_stop_risksched085to09_lr1e4_entropy005_s4_c1_rnetol_d256_depth3_p20_bs200,seed229,229,675,135000,200,16,110.98003175560267,120.4172867409871,110.90880900334545,False,max_epochs,5002.48474407196
rl4crn_rne_oscillator_trace_8rxn_stop_risksched085to09_lr1e4_entropy005_s4_c1_rnetol_d256_depth3_p20_bs200,seed229,229,676,135200,200,16,111.19848030367667,120.27060453936507,110.90880900334545,False,max_epochs,5010.0418355464935
rl4crn_rne_oscillator_trace_8rxn_stop_risksched085to09_lr1e4_entropy005_s4_c1_rnetol_d256_depth3_p20_bs200,seed229,229,677,135400,200,16,110.91698649163519,119.55869710302406,110.90880900334545,False,max_epochs,5018.220344305038
rl4crn_rne_oscillator_trace_8rxn_stop_risksched085to09_lr1e4_entropy005_s4_c1_rnetol_d256_depth3_p20_bs200,seed229,229,678,135600,200,16,111.2714984781732,119.4623966542434,110.90880900334545,False,max_epochs,5026.337258815765
rl4crn_rne_oscillator_trace_8rxn_stop_risksched085to09_lr1e4_entropy005_s4_c1_rnetol_d256_depth3_p20_bs200,seed229,229,679,135800,200,16,111.23306091431066,118.97789904412284,110.90880900334545,False,max_epochs,5033.8643436431885
rl4crn_rne_oscillator_trace_8rxn_stop_risksched085to09_lr1e4_entropy005_s4_c1_rnetol_d256_depth3_p20_bs200,seed229,229,680,136000,200,16,111.26896177286729,119.65807688292497,110.90880900334545,False,max_epochs,5041.592467308044
rl4crn_rne_oscillator_trace_8rxn_stop_risksched085to09_lr1e4_entropy005_s4_c1_rnetol_d256_depth3_p20_bs200,seed229,229,681,136200,200,16,111.67853261290503,119.36698514061901,110.90880900334545,False,max_epochs,5048.816841602325
rl4crn_rne_oscillator_trace_8rxn_stop_risksched085to09_lr1e4_entropy005_s4_c1_rnetol_d256_depth3_p20_bs200,seed229,229,682,136400,200,16,111.11031636030526,118.78831865255759,110.90880900334545,False,max_epochs,5052.663331031799
rl4crn_rne_oscillator_trace_8rxn_stop_risksched085to09_lr1e4_entropy005_s4_c1_rnetol_d256_depth3_p20_bs200,seed229,229,683,136600,200,16,111.15574301148875,119.99989708246386,110.90880900334545,False,max_epochs,5060.400597810745
rl4crn_rne_oscillator_trace_8rxn_stop_risksched085to09_lr1e4_entropy005_s4_c1_rnetol_d256_depth3_p20_bs200,seed229,229,684,136800,200,16,111.14954484149193,120.24513608249217,110.90880900334545,False,max_epochs,5068.56214427948
rl4crn_rne_oscillator_trace_8rxn_stop_risksched085to09_lr1e4_entropy005_s4_c1_rnetol_d256_depth3_p20_bs200,seed229,229,685,137000,200,16,111.1180214329901,120.19918905823458,110.90880900334545,False,max_epochs,5076.58074092865
rl4crn_rne_oscillator_trace_8rxn_stop_risksched085to09_lr1e4_entropy005_s4_c1_rnetol_d256_depth3_p20_bs200,seed229,229,686,137200,200,16,111.29251163197031,122.30912685570524,110.90880900334545,False,max_epochs,5084.5763993263245
rl4crn_rne_oscillator_trace_8rxn_stop_risksched085to09_lr1e4_entropy005_s4_c1_rnetol_d256_depth3_p20_bs200,seed229,229,687,137400,200,16,111.40819056526406,120.04281699474554,110.90880900334545,False,max_epochs,5092.948116540909
rl4crn_rne_oscillator_trace_8rxn_stop_risksched085to09_lr1e4_entropy005_s4_c1_rnetol_d256_depth3_p20_bs200,seed229,229,688,137600,200,16,111.47319957105637,121.59459968901086,110.90880900334545,False,max_epochs,5100.916017532349
rl4crn_rne_oscillator_trace_8rxn_stop_risksched085to09_lr1e4_entropy005_s4_c1_rnetol_d256_depth3_p20_bs200,seed229,229,689,137800,200,16,111.51945605636219,118.521583136659,110.90880900334545,False,max_epochs,5109.070506811142
rl4crn_rne_oscillator_trace_8rxn_stop_risksched085to09_lr1e4_entropy005_s4_c1_rnetol_d256_depth3_p20_bs200,seed229,229,690,138000,200,16,111.69899260356958,124.68274180536325,110.90880900334545,False,max_epochs,5116.324132204056
rl4crn_rne_oscillator_trace_8rxn_stop_risksched085to09_lr1e4_entropy005_s4_c1_rnetol_d256_depth3_p20_bs200,seed229,229,691,138200,200,16,111.39588513901067,123.86979871513807,110.90880900334545,False,max_epochs,5119.163036346436
rl4crn_rne_oscillator_trace_8rxn_stop_risksched085to09_lr1e4_entropy005_s4_c1_rnetol_d256_depth3_p20_bs200,seed229,229,692,138400,200,16,111.1637543404259,119.26173595455735,110.90880900334545,False,max_epochs,5127.208685874939
rl4crn_rne_oscillator_trace_8rxn_stop_risksched085to09_lr1e4_entropy005_s4_c1_rnetol_d256_depth3_p20_bs200,seed229,229,693,138600,200,16,111.11320926830685,120.16513588168652,110.90880900334545,False,max_epochs,5135.601744651794
rl4crn_rne_oscillator_trace_8rxn_stop_risksched085to09_lr1e4_entropy005_s4_c1_rnetol_d256_depth3_p20_bs200,seed229,229,694,138800,200,16,111.51639598776637,123.16443674154678,110.90880900334545,False,max_epochs,5143.874402761459
rl4crn_rne_oscillator_trace_8rxn_stop_risksched085to09_lr1e4_entropy005_s4_c1_rnetol_d256_depth3_p20_bs200,seed229,229,695,139000,200,16,111.702798084235,123.10630863129506,110.90880900334545,False,max_epochs,5151.678875923157
rl4crn_rne_oscillator_trace_8rxn_stop_risksched085to09_lr1e4_entropy005_s4_c1_rnetol_d256_depth3_p20_bs200,seed229,229,696,139200,200,16,111.3805257867401,124.13920511542474,110.90880900334545,False,max_epochs,5160.011146306992
rl4crn_rne_oscillator_trace_8rxn_stop_risksched085to09_lr1e4_entropy005_s4_c1_rnetol_d256_depth3_p20_bs200,seed229,229,697,139400,200,16,111.23943576336724,122.66047393285677,110.90880900334545,False,max_epochs,5168.040650844574
rl4crn_rne_oscillator_trace_8rxn_stop_risksched085to09_lr1e4_entropy005_s4_c1_rnetol_d256_depth3_p20_bs200,seed229,229,698,139600,200,16,111.56748302483163,119.98557262278942,110.90880900334545,False,max_epochs,5175.0783360004425
rl4crn_rne_oscillator_trace_8rxn_stop_risksched085to09_lr1e4_entropy005_s4_c1_rnetol_d256_depth3_p20_bs200,seed229,229,699,139800,200,16,111.72997005812137,123.16099867057574,110.90880900334545,False,max_epochs,5178.099074840546
rl4crn_rne_oscillator_trace_8rxn_stop_risksched085to09_lr1e4_entropy005_s4_c1_rnetol_d256_depth3_p20_bs200,seed229,229,700,140000,200,16,111.2778581414655,120.83640121105122,110.90880900334545,False,max_epochs,5186.325422525406
rl4crn_rne_oscillator_trace_8rxn_stop_risksched085to09_lr1e4_entropy005_s4_c1_rnetol_d256_depth3_p20_bs200,seed229,229,701,140200,200,16,111.80026923850923,123.30664928254352,110.90880900334545,False,max_epochs,5194.788432598114
rl4crn_rne_oscillator_trace_8rxn_stop_risksched085to09_lr1e4_entropy005_s4_c1_rnetol_d256_depth3_p20_bs200,seed229,229,702,140400,200,16,111.41655038122992,121.23829872513679,110.90880900334545,False,max_epochs,5203.001967668533
rl4crn_rne_oscillator_trace_8rxn_stop_risksched085to09_lr1e4_entropy005_s4_c1_rnetol_d256_depth3_p20_bs200,seed229,229,703,140600,200,16,111.02413742166061,122.19377056891659,110.90880900334545,False,max_epochs,5211.00471663475
rl4crn_rne_oscillator_trace_8rxn_stop_risksched085to09_lr1e4_entropy005_s4_c1_rnetol_d256_depth3_p20_bs200,seed229,229,704,140800,200,16,111.24422415349568,122.72488287103138,110.90880900334545,False,max_epochs,5219.382673501968
rl4crn_rne_oscillator_trace_8rxn_stop_risksched085to09_lr1e4_entropy005_s4_c1_rnetol_d256_depth3_p20_bs200,seed229,229,705,141000,200,16,111.80308730632925,125.10011846907184,110.90880900334545,False,max_epochs,5227.546545743942
rl4crn_rne_oscillator_trace_8rxn_stop_risksched085to09_lr1e4_entropy005_s4_c1_rnetol_d256_depth3_p20_bs200,seed229,229,706,141200,200,16,111.4860300843421,119.21617805531369,110.90880900334545,False,max_epochs,5235.189732313156
rl4crn_rne_oscillator_trace_8rxn_stop_risksched085to09_lr1e4_entropy005_s4_c1_rnetol_d256_depth3_p20_bs200,seed229,229,707,141400,200,16,111.10086022324721,125.00799063388779,110.90880900334545,False,max_epochs,5238.164215564728
rl4crn_rne_oscillator_trace_8rxn_stop_risksched085to09_lr1e4_entropy005_s4_c1_rnetol_d256_depth3_p20_bs200,seed229,229,708,141600,200,16,111.44532929601135,123.6957198218297,110.90880900334545,False,max_epochs,5245.684646606445
rl4crn_rne_oscillator_trace_8rxn_stop_risksched085to09_lr1e4_entropy005_s4_c1_rnetol_d256_depth3_p20_bs200,seed229,229,709,141800,200,16,111.43840129654937,125.54642626061074,110.90880900334545,False,max_epochs,5254.006986618042
rl4crn_rne_oscillator_trace_8rxn_stop_risksched085to09_lr1e4_entropy005_s4_c1_rnetol_d256_depth3_p20_bs200,seed229,229,710,142000,200,16,111.16737283395842,129.05128351173,110.90880900334545,False,max_epochs,5262.096054792404
rl4crn_rne_oscillator_trace_8rxn_stop_risksched085to09_lr1e4_entropy005_s4_c1_rnetol_d256_depth3_p20_bs200,seed229,229,711,142200,200,16,111.68457014899818,131.08379853561854,110.90880900334545,False,max_epochs,5270.5151352882385
rl4crn_rne_oscillator_trace_8rxn_stop_risksched085to09_lr1e4_entropy005_s4_c1_rnetol_d256_depth3_p20_bs200,seed229,229,712,142400,200,16,110.971014765797,129.03502275308858,110.90880900334545,False,max_epochs,5278.609754323959
rl4crn_rne_oscillator_trace_8rxn_stop_risksched085to09_lr1e4_entropy005_s4_c1_rnetol_d256_depth3_p20_bs200,seed229,229,713,142600,200,16,110.93359318985938,132.02494048404026,110.90880900334545,False,max_epochs,5286.640896558762
rl4crn_rne_oscillator_trace_8rxn_stop_risksched085to09_lr1e4_entropy005_s4_c1_rnetol_d256_depth3_p20_bs200,seed229,229,714,142800,200,16,111.27211776144468,134.25341095199636,110.90880900334545,False,max_epochs,5294.697043418884
rl4crn_rne_oscillator_trace_8rxn_stop_risksched085to09_lr1e4_entropy005_s4_c1_rnetol_d256_depth3_p20_bs200,seed229,229,715,143000,200,16,111.1159620389291,127.02451476996289,110.90880900334545,False,max_epochs,5300.678674221039
rl4crn_rne_oscillator_trace_8rxn_stop_risksched085to09_lr1e4_entropy005_s4_c1_rnetol_d256_depth3_p20_bs200,seed229,229,716,143200,200,16,111.71555305090459,125.00621136224217,110.90880900334545,False,max_epochs,5305.0960121154785
rl4crn_rne_oscillator_trace_8rxn_stop_risksched085to09_lr1e4_entropy005_s4_c1_rnetol_d256_depth3_p20_bs200,seed229,229,717,143400,200,16,112.43934091279934,123.74284281773761,110.90880900334545,False,max_epochs,5313.387625217438
rl4crn_rne_oscillator_trace_8rxn_stop_risksched085to09_lr1e4_entropy005_s4_c1_rnetol_d256_depth3_p20_bs200,seed229,229,718,143600,200,16,112.19474917618709,124.21424322932879,110.90880900334545,False,max_epochs,5321.8113849163055
rl4crn_rne_oscillator_trace_8rxn_stop_risksched085to09_lr1e4_entropy005_s4_c1_rnetol_d256_depth3_p20_bs200,seed229,229,719,143800,200,16,111.26512729811458,122.18112140424432,110.90880900334545,False,max_epochs,5330.498877048492
rl4crn_rne_oscillator_trace_8rxn_stop_risksched085to09_lr1e4_entropy005_s4_c1_rnetol_d256_depth3_p20_bs200,seed229,229,720,144000,200,16,111.20470057309701,124.68969597473888,110.90880900334545,False,max_epochs,5338.3696846961975
rl4crn_rne_oscillator_trace_8rxn_stop_risksched085to09_lr1e4_entropy005_s4_c1_rnetol_d256_depth3_p20_bs200,seed229,229,721,144200,200,16,111.69165541375453,121.66353679965857,110.90880900334545,False,max_epochs,5346.424768209457
rl4crn_rne_oscillator_trace_8rxn_stop_risksched085to09_lr1e4_entropy005_s4_c1_rnetol_d256_depth3_p20_bs200,seed229,229,722,144400,200,16,111.30993130908702,122.77236036475756,110.90880900334545,False,max_epochs,5354.423807859421
rl4crn_rne_oscillator_trace_8rxn_stop_risksched085to09_lr1e4_entropy005_s4_c1_rnetol_d256_depth3_p20_bs200,seed229,229,723,144600,200,16,111.44447648317094,123.65218504263244,110.90880900334545,False,max_epochs,5362.228870630264
rl4crn_rne_oscillator_trace_8rxn_stop_risksched085to09_lr1e4_entropy005_s4_c1_rnetol_d256_depth3_p20_bs200,seed229,229,724,144800,200,16,111.60842090494297,122.36296106075983,110.90880900334545,False,max_epochs,5365.034588813782
rl4crn_rne_oscillator_trace_8rxn_stop_risksched085to09_lr1e4_entropy005_s4_c1_rnetol_d256_depth3_p20_bs200,seed229,229,725,145000,200,16,111.41146590170351,120.89568185010378,110.90880900334545,False,max_epochs,5372.5748291015625
rl4crn_rne_oscillator_trace_8rxn_stop_risksched085to09_lr1e4_entropy005_s4_c1_rnetol_d256_depth3_p20_bs200,seed229,229,726,145200,200,16,111.87553169878075,121.91112289031878,110.90880900334545,False,max_epochs,5380.84571647644
rl4crn_rne_oscillator_trace_8rxn_stop_risksched085to09_lr1e4_entropy005_s4_c1_rnetol_d256_depth3_p20_bs200,seed229,229,727,145400,200,16,111.74269445752455,119.06842741852716,110.90880900334545,False,max_epochs,5388.928782701492
rl4crn_rne_oscillator_trace_8rxn_stop_risksched085to09_lr1e4_entropy005_s4_c1_rnetol_d256_depth3_p20_bs200,seed229,229,728,145600,200,16,111.70675880258398,119.53793954533725,110.90880900334545,False,max_epochs,5396.8734629154205
rl4crn_rne_oscillator_trace_8rxn_stop_risksched085to09_lr1e4_entropy005_s4_c1_rnetol_d256_depth3_p20_bs200,seed229,229,729,145800,200,16,111.90009382999783,118.25860136075323,110.90880900334545,False,max_epochs,5404.803841590881
rl4crn_rne_oscillator_trace_8rxn_stop_risksched085to09_lr1e4_entropy005_s4_c1_rnetol_d256_depth3_p20_bs200,seed229,229,730,146000,200,16,112.02625624112827,119.41951098888086,110.90880900334545,False,max_epochs,5409.990105628967
rl4crn_rne_oscillator_trace_8rxn_stop_risksched085to09_lr1e4_entropy005_s4_c1_rnetol_d256_depth3_p20_bs200,seed229,229,731,146200,200,16,111.18611826304303,119.10826378750784,110.90880900334545,False,max_epochs,5415.127821445465
rl4crn_rne_oscillator_trace_8rxn_stop_risksched085to09_lr1e4_entropy005_s4_c1_rnetol_d256_depth3_p20_bs200,seed229,229,732,146400,200,16,111.21932778764176,119.6105547034928,110.90880900334545,False,max_epochs,5423.488876581192
rl4crn_rne_oscillator_trace_8rxn_stop_risksched085to09_lr1e4_entropy005_s4_c1_rnetol_d256_depth3_p20_bs200,seed229,229,733,146600,200,16,111.35483136821743,120.9386308036844,110.90880900334545,False,max_epochs,5431.6171498298645
rl4crn_rne_oscillator_trace_8rxn_stop_risksched085to09_lr1e4_entropy005_s4_c1_rnetol_d256_depth3_p20_bs200,seed229,229,734,146800,200,16,111.62579245668691,121.94537327326813,110.90880900334545,False,max_epochs,5439.990910053253
rl4crn_rne_oscillator_trace_8rxn_stop_risksched085to09_lr1e4_entropy005_s4_c1_rnetol_d256_depth3_p20_bs200,seed229,229,735,147000,200,16,112.06564938564742,122.25673925318007,110.90880900334545,False,max_epochs,5448.010555505753
rl4crn_rne_oscillator_trace_8rxn_stop_risksched085to09_lr1e4_entropy005_s4_c1_rnetol_d256_depth3_p20_bs200,seed229,229,736,147200,200,16,111.29342060043969,122.64766541117402,110.90880900334545,False,max_epochs,5456.0206887722015
rl4crn_rne_oscillator_trace_8rxn_stop_risksched085to09_lr1e4_entropy005_s4_c1_rnetol_d256_depth3_p20_bs200,seed229,229,737,147400,200,16,111.94887392841378,120.26773277871234,110.90880900334545,False,max_epochs,5463.786776304245
rl4crn_rne_oscillator_trace_8rxn_stop_risksched085to09_lr1e4_entropy005_s4_c1_rnetol_d256_depth3_p20_bs200,seed229,229,738,147600,200,16,111.55769094625562,120.71203417189308,110.90880900334545,False,max_epochs,5470.472538948059
rl4crn_rne_oscillator_trace_8rxn_stop_risksched085to09_lr1e4_entropy005_s4_c1_rnetol_d256_depth3_p20_bs200,seed229,229,739,147800,200,16,111.29911839794049,120.97220120234451,110.90880900334545,False,max_epochs,5474.275407552719
rl4crn_rne_oscillator_trace_8rxn_stop_risksched085to09_lr1e4_entropy005_s4_c1_rnetol_d256_depth3_p20_bs200,seed229,229,740,148000,200,16,111.40094113222167,119.13655583013954,110.90880900334545,False,max_epochs,5482.434190750122
rl4crn_rne_oscillator_trace_8rxn_stop_risksched085to09_lr1e4_entropy005_s4_c1_rnetol_d256_depth3_p20_bs200,seed229,229,741,148200,200,16,111.74733626778352,117.65806660437418,110.90880900334545,False,max_epochs,5490.743897438049
rl4crn_rne_oscillator_trace_8rxn_stop_risksched085to09_lr1e4_entropy005_s4_c1_rnetol_d256_depth3_p20_bs200,seed229,229,742,148400,200,16,111.2993422452081,118.64781845502847,110.90880900334545,False,max_epochs,5499.0423448085785
rl4crn_rne_oscillator_trace_8rxn_stop_risksched085to09_lr1e4_entropy005_s4_c1_rnetol_d256_depth3_p20_bs200,seed229,229,743,148600,200,16,111.6398526535322,121.5655813690583,110.90880900334545,False,max_epochs,5507.15389084816
rl4crn_rne_oscillator_trace_8rxn_stop_risksched085to09_lr1e4_entropy005_s4_c1_rnetol_d256_depth3_p20_bs200,seed229,229,744,148800,200,16,111.11039925165437,119.45282219938451,110.90880900334545,False,max_epochs,5515.174740076065
rl4crn_rne_oscillator_trace_8rxn_stop_risksched085to09_lr1e4_entropy005_s4_c1_rnetol_d256_depth3_p20_bs200,seed229,229,745,149000,200,16,111.10487682105638,120.86110334056374,110.90880900334545,False,max_epochs,5523.233061790466
rl4crn_rne_oscillator_trace_8rxn_stop_risksched085to09_lr1e4_entropy005_s4_c1_rnetol_d256_depth3_p20_bs200,seed229,229,746,149200,200,16,111.51274013328869,120.83943915913964,110.90880900334545,False,max_epochs,5530.185807943344
rl4crn_rne_oscillator_trace_8rxn_stop_risksched085to09_lr1e4_entropy005_s4_c1_rnetol_d256_depth3_p20_bs200,seed229,229,747,149400,200,16,111.05163073489227,123.80324206964131,110.90880900334545,False,max_epochs,5534.205814838409
rl4crn_rne_oscillator_trace_8rxn_stop_risksched085to09_lr1e4_entropy005_s4_c1_rnetol_d256_depth3_p20_bs200,seed229,229,748,149600,200,16,111.29666507348277,121.39528748596885,110.90880900334545,False,max_epochs,5541.967600107193
rl4crn_rne_oscillator_trace_8rxn_stop_risksched085to09_lr1e4_entropy005_s4_c1_rnetol_d256_depth3_p20_bs200,seed229,229,749,149800,200,16,111.31291980497755,121.25525613752856,110.90880900334545,False,max_epochs,5550.241667985916
rl4crn_rne_oscillator_trace_8rxn_stop_risksched085to09_lr1e4_entropy005_s4_c1_rnetol_d256_depth3_p20_bs200,seed229,229,750,150000,200,16,111.23395281206265,120.35556508847176,110.90880900334545,False,max_epochs,5558.743568897247
rl4crn_rne_oscillator_trace_8rxn_stop_risksched085to09_lr1e4_entropy005_s4_c1_rnetol_d256_depth3_p20_bs200,seed229,229,751,150200,200,16,111.3948796194408,121.21720376609261,110.90880900334545,False,max_epochs,5567.618653535843
rl4crn_rne_oscillator_trace_8rxn_stop_risksched085to09_lr1e4_entropy005_s4_c1_rnetol_d256_depth3_p20_bs200,seed229,229,752,150400,200,16,111.3714248151644,121.42768409277446,110.90880900334545,False,max_epochs,5575.611574888229
rl4crn_rne_oscillator_trace_8rxn_stop_risksched085to09_lr1e4_entropy005_s4_c1_rnetol_d256_depth3_p20_bs200,seed229,229,753,150600,200,16,111.24782391356351,121.48603110311822,110.90880900334545,False,max_epochs,5583.385698080063
rl4crn_rne_oscillator_trace_8rxn_stop_risksched085to09_lr1e4_entropy005_s4_c1_rnetol_d256_depth3_p20_bs200,seed229,229,754,150800,200,16,111.71164419387146,122.19009210104105,110.90880900334545,False,max_epochs,5591.368436336517
rl4crn_rne_oscillator_trace_8rxn_stop_risksched085to09_lr1e4_entropy005_s4_c1_rnetol_d256_depth3_p20_bs200,seed229,229,755,151000,200,16,111.2626830619115,122.3241685824527,110.90880900334545,False,max_epochs,5598.845717430115
rl4crn_rne_oscillator_trace_8rxn_stop_risksched085to09_lr1e4_entropy005_s4_c1_rnetol_d256_depth3_p20_bs200,seed229,229,756,151200,200,16,111.2161392836676,122.00022640870603,110.90880900334545,False,max_epochs,5601.872711181641
rl4crn_rne_oscillator_trace_8rxn_stop_risksched085to09_lr1e4_entropy005_s4_c1_rnetol_d256_depth3_p20_bs200,seed229,229,757,151400,200,16,111.43286386924015,121.92273955503788,110.90880900334545,False,max_epochs,5609.794897079468
rl4crn_rne_oscillator_trace_8rxn_stop_risksched085to09_lr1e4_entropy005_s4_c1_rnetol_d256_depth3_p20_bs200,seed229,229,758,151600,200,16,111.34207410238967,122.51220876357827,110.90880900334545,False,max_epochs,5617.694901227951
rl4crn_rne_oscillator_trace_8rxn_stop_risksched085to09_lr1e4_entropy005_s4_c1_rnetol_d256_depth3_p20_bs200,seed229,229,759,151800,200,16,111.24752421586315,121.4829995723871,110.90880900334545,False,max_epochs,5626.079616308212
rl4crn_rne_oscillator_trace_8rxn_stop_risksched085to09_lr1e4_entropy005_s4_c1_rnetol_d256_depth3_p20_bs200,seed229,229,760,152000,200,16,111.05572026731306,122.4092879350512,110.90880900334545,False,max_epochs,5634.571158647537
rl4crn_rne_oscillator_trace_8rxn_stop_risksched085to09_lr1e4_entropy005_s4_c1_rnetol_d256_depth3_p20_bs200,seed229,229,761,152200,200,16,111.70044765167144,120.7102718799713,110.90880900334545,False,max_epochs,5642.6223757267
rl4crn_rne_oscillator_trace_8rxn_stop_risksched085to09_lr1e4_entropy005_s4_c1_rnetol_d256_depth3_p20_bs200,seed229,229,762,152400,200,16,111.1513799129299,121.3058339342948,110.90880900334545,False,max_epochs,5650.720539331436
rl4crn_rne_oscillator_trace_8rxn_stop_risksched085to09_lr1e4_entropy005_s4_c1_rnetol_d256_depth3_p20_bs200,seed229,229,763,152600,200,16,111.12499362227058,122.0138908245491,110.90880900334545,False,max_epochs,5658.137085914612
rl4crn_rne_oscillator_trace_8rxn_stop_risksched085to09_lr1e4_entropy005_s4_c1_rnetol_d256_depth3_p20_bs200,seed229,229,764,152800,200,16,111.15372618019656,122.38407815511789,110.90880900334545,False,max_epochs,5661.255765914917
rl4crn_rne_oscillator_trace_8rxn_stop_risksched085to09_lr1e4_entropy005_s4_c1_rnetol_d256_depth3_p20_bs200,seed229,229,765,153000,200,16,111.39274734139681,122.3859032495761,110.90880900334545,False,max_epochs,5669.475156784058
rl4crn_rne_oscillator_trace_8rxn_stop_risksched085to09_lr1e4_entropy005_s4_c1_rnetol_d256_depth3_p20_bs200,seed229,229,766,153200,200,16,111.31998011662476,122.85570900043567,110.90880900334545,False,max_epochs,5677.901505231857
rl4crn_rne_oscillator_trace_8rxn_stop_risksched085to09_lr1e4_entropy005_s4_c1_rnetol_d256_depth3_p20_bs200,seed229,229,767,153400,200,16,111.204366747019,124.77225248863505,110.90880900334545,False,max_epochs,5685.835159778595
rl4crn_rne_oscillator_trace_8rxn_stop_risksched085to09_lr1e4_entropy005_s4_c1_rnetol_d256_depth3_p20_bs200,seed229,229,768,153600,200,16,111.2392723397307,124.74375123326672,110.90880900334545,False,max_epochs,5694.245061635971
rl4crn_rne_oscillator_trace_8rxn_stop_risksched085to09_lr1e4_entropy005_s4_c1_rnetol_d256_depth3_p20_bs200,seed229,229,769,153800,200,16,111.65482320116229,125.0135616596087,110.90880900334545,False,max_epochs,5702.222056627274
rl4crn_rne_oscillator_trace_8rxn_stop_risksched085to09_lr1e4_entropy005_s4_c1_rnetol_d256_depth3_p20_bs200,seed229,229,770,154000,200,16,111.3270328128445,126.81867173495024,110.90880900334545,False,max_epochs,5710.2963190078735
rl4crn_rne_oscillator_trace_8rxn_stop_risksched085to09_lr1e4_entropy005_s4_c1_rnetol_d256_depth3_p20_bs200,seed229,229,771,154200,200,16,111.16150742860768,124.98370376082136,110.90880900334545,False,max_epochs,5718.359443187714
rl4crn_rne_oscillator_trace_8rxn_stop_risksched085to09_lr1e4_entropy005_s4_c1_rnetol_d256_depth3_p20_bs200,seed229,229,772,154400,200,16,111.30974020883642,124.71992487128202,110.90880900334545,False,max_epochs,5725.882002830505
rl4crn_rne_oscillator_trace_8rxn_stop_risksched085to09_lr1e4_entropy005_s4_c1_rnetol_d256_depth3_p20_bs200,seed229,229,773,154600,200,16,111.21755062301833,127.8439504746155,110.90880900334545,False,max_epochs,5728.904949188232
rl4crn_rne_oscillator_trace_8rxn_stop_risksched085to09_lr1e4_entropy005_s4_c1_rnetol_d256_depth3_p20_bs200,seed229,229,774,154800,200,16,111.66493154715765,126.95699995063464,110.90880900334545,False,max_epochs,5736.954340219498
rl4crn_rne_oscillator_trace_8rxn_stop_risksched085to09_lr1e4_entropy005_s4_c1_rnetol_d256_depth3_p20_bs200,seed229,229,775,155000,200,16,111.43260603427,126.9023609020337,110.90880900334545,False,max_epochs,5745.367207765579
rl4crn_rne_oscillator_trace_8rxn_stop_risksched085to09_lr1e4_entropy005_s4_c1_rnetol_d256_depth3_p20_bs200,seed229,229,776,155200,200,16,111.69506536407214,129.48254646313916,110.90880900334545,False,max_epochs,5753.6958639621735
rl4crn_rne_oscillator_trace_8rxn_stop_risksched085to09_lr1e4_entropy005_s4_c1_rnetol_d256_depth3_p20_bs200,seed229,229,777,155400,200,16,111.0266367264927,124.89575880932065,110.90880900334545,False,max_epochs,5761.830761432648
rl4crn_rne_oscillator_trace_8rxn_stop_risksched085to09_lr1e4_entropy005_s4_c1_rnetol_d256_depth3_p20_bs200,seed229,229,778,155600,200,16,111.64451806428562,124.62901579594887,110.90880900334545,False,max_epochs,5770.353788614273
rl4crn_rne_oscillator_trace_8rxn_stop_risksched085to09_lr1e4_entropy005_s4_c1_rnetol_d256_depth3_p20_bs200,seed229,229,779,155800,200,16,111.01012664026051,127.66655705888402,110.90880900334545,False,max_epochs,5778.684241294861
rl4crn_rne_oscillator_trace_8rxn_stop_risksched085to09_lr1e4_entropy005_s4_c1_rnetol_d256_depth3_p20_bs200,seed229,229,780,156000,200,16,111.21742369436174,129.10627470014958,110.90880900334545,False,max_epochs,5787.348391532898
rl4crn_rne_oscillator_trace_8rxn_stop_risksched085to09_lr1e4_entropy005_s4_c1_rnetol_d256_depth3_p20_bs200,seed229,229,781,156200,200,16,111.81516159147048,124.55796060230642,110.90880900334545,False,max_epochs,5795.517329931259
rl4crn_rne_oscillator_trace_8rxn_stop_risksched085to09_lr1e4_entropy005_s4_c1_rnetol_d256_depth3_p20_bs200,seed229,229,782,156400,200,16,111.26972772603578,124.19623702234313,110.90880900334545,False,max_epochs,5803.505566596985
rl4crn_rne_oscillator_trace_8rxn_stop_risksched085to09_lr1e4_entropy005_s4_c1_rnetol_d256_depth3_p20_bs200,seed229,229,783,156600,200,16,111.385296330246,124.79233459643739,110.90880900334545,False,max_epochs,5811.614018917084
rl4crn_rne_oscillator_trace_8rxn_stop_risksched085to09_lr1e4_entropy005_s4_c1_rnetol_d256_depth3_p20_bs200,seed229,229,784,156800,200,16,111.58276801565515,122.42035475266653,110.90880900334545,False,max_epochs,5818.797740221024
rl4crn_rne_oscillator_trace_8rxn_stop_risksched085to09_lr1e4_entropy005_s4_c1_rnetol_d256_depth3_p20_bs200,seed229,229,785,157000,200,16,111.29218182400415,124.88356387289863,110.90880900334545,False,max_epochs,5821.642429828644
rl4crn_rne_oscillator_trace_8rxn_stop_risksched085to09_lr1e4_entropy005_s4_c1_rnetol_d256_depth3_p20_bs200,seed229,229,786,157200,200,16,111.61374389705512,122.06263066789748,110.90880900334545,False,max_epochs,5829.0999619960785
rl4crn_rne_oscillator_trace_8rxn_stop_risksched085to09_lr1e4_entropy005_s4_c1_rnetol_d256_depth3_p20_bs200,seed229,229,787,157400,200,16,111.5059159184873,125.44303626571784,110.90880900334545,False,max_epochs,5837.33136677742
rl4crn_rne_oscillator_trace_8rxn_stop_risksched085to09_lr1e4_entropy005_s4_c1_rnetol_d256_depth3_p20_bs200,seed229,229,788,157600,200,16,111.03489747861644,125.1851061628327,110.90880900334545,False,max_epochs,5845.881146430969
rl4crn_rne_oscillator_trace_8rxn_stop_risksched085to09_lr1e4_entropy005_s4_c1_rnetol_d256_depth3_p20_bs200,seed229,229,789,157800,200,16,111.22444403044938,123.90135596236827,110.90880900334545,False,max_epochs,5854.086743354797
rl4crn_rne_oscillator_trace_8rxn_stop_risksched085to09_lr1e4_entropy005_s4_c1_rnetol_d256_depth3_p20_bs200,seed229,229,790,158000,200,16,111.65985835937039,124.87928821425831,110.90880900334545,False,max_epochs,5862.363274812698
rl4crn_rne_oscillator_trace_8rxn_stop_risksched085to09_lr1e4_entropy005_s4_c1_rnetol_d256_depth3_p20_bs200,seed229,229,791,158200,200,16,111.27295537149222,125.00638881754635,110.90880900334545,False,max_epochs,5869.923343896866
rl4crn_rne_oscillator_trace_8rxn_stop_risksched085to09_lr1e4_entropy005_s4_c1_rnetol_d256_depth3_p20_bs200,seed229,229,792,158400,200,16,111.32390124244874,122.25306124102039,110.90880900334545,False,max_epochs,5877.7339408397675
rl4crn_rne_oscillator_trace_8rxn_stop_risksched085to09_lr1e4_entropy005_s4_c1_rnetol_d256_depth3_p20_bs200,seed229,229,793,158600,200,16,111.70401172165664,122.4546588714319,110.90880900334545,False,max_epochs,5885.440332889557
rl4crn_rne_oscillator_trace_8rxn_stop_risksched085to09_lr1e4_entropy005_s4_c1_rnetol_d256_depth3_p20_bs200,seed229,229,794,158800,200,16,111.3735976632966,124.04059344584218,110.90880900334545,False,max_epochs,5891.51954126358
rl4crn_rne_oscillator_trace_8rxn_stop_risksched085to09_lr1e4_entropy005_s4_c1_rnetol_d256_depth3_p20_bs200,seed229,229,795,159000,200,16,111.36328174567977,125.32354744186277,110.90880900334545,False,max_epochs,5896.383387327194
rl4crn_rne_oscillator_trace_8rxn_stop_risksched085to09_lr1e4_entropy005_s4_c1_rnetol_d256_depth3_p20_bs200,seed229,229,796,159200,200,16,111.39812950035622,123.24252667853412,110.90880900334545,False,max_epochs,5903.739737987518
rl4crn_rne_oscillator_trace_8rxn_stop_risksched085to09_lr1e4_entropy005_s4_c1_rnetol_d256_depth3_p20_bs200,seed229,229,797,159400,200,16,111.24194086424545,126.34710035739042,110.90880900334545,False,max_epochs,5911.751877069473
rl4crn_rne_oscillator_trace_8rxn_stop_risksched085to09_lr1e4_entropy005_s4_c1_rnetol_d256_depth3_p20_bs200,seed229,229,798,159600,200,16,110.91017196668146,125.05465212078506,110.90880900334545,False,max_epochs,5920.028419017792
rl4crn_rne_oscillator_trace_8rxn_stop_risksched085to09_lr1e4_entropy005_s4_c1_rnetol_d256_depth3_p20_bs200,seed229,229,799,159800,200,16,111.69146083196442,125.5900274191792,110.90880900334545,False,max_epochs,5927.953724384308
rl4crn_rne_oscillator_trace_8rxn_stop_risksched085to09_lr1e4_entropy005_s4_c1_rnetol_d256_depth3_p20_bs200,seed229,229,800,160000,200,16,111.2711993103265,127.06281877332518,110.90880900334545,False,max_epochs,5935.739392757416
rl4crn_rne_oscillator_trace_8rxn_stop_risksched085to09_lr1e4_entropy005_s4_c1_rnetol_d256_depth3_p20_bs200,seed229,229,801,160200,200,16,111.29036753812282,127.00944811822094,110.90880900334545,False,max_epochs,5943.3089480400085
