metricName,metricValue,timestamp,step,epoch,runContext,offset
Timing: Forward,1.2648820877075195,1782737845159,,,,-6268078690716490017
Timing: Forward,0.1356360912322998,1782737845603,,,,-444895753949095953
Timing: Forward,0.13584065437316895,1782737845949,,,,-2545211716087744079
Timing: Forward,0.15338706970214844,1782737848051,,,,-7151718200055304862
Timing: Forward,0.13318109512329102,1782737848428,,,,-1311469093936441098
Timing: Forward,0.13649797439575195,1782737848819,,,,-4927820049579114730
Timing: Forward,0.5778911113739014,1782738026624,0.0,,,-107873862101677041
Timing: Forward,0.13633942604064941,1782738026962,0.0,,,-37601608097723128
Timing: Forward,0.5954723358154297,1782738028046,0.0,,,-5451841333440759267
Timing: Forward,0.14437198638916016,1782738028405,0.0,,,-6567917537903555741
Timing: Forward,0.42727112770080566,1782738029387,0.0,,,-2183898324015730738
Timing: Forward,0.7083103656768799,1782738030359,0.0,,,-7830862342444943250
Timing: Forward,0.12964105606079102,1782738195924,1.0,,,-8286716389831161885
Timing: Forward,0.13498950004577637,1782738196248,1.0,,,-373656765638220433
Timing: Forward,0.13155102729797363,1782738196587,1.0,,,-4818250828825147806
Timing: Forward,0.14305615425109863,1782738196953,1.0,,,-5394334688983630218
Timing: Forward,0.1399693489074707,1782738197345,1.0,,,-596278713645831578
Timing: Forward,0.1400434970855713,1782738197741,1.0,,,-5503731412220101891
Timing: Forward,0.14765691757202148,1782738387712,2.0,,,-64628089885464035
Timing: Forward,0.13624811172485352,1782738388058,2.0,,,-3532241185476935376
Timing: Forward,0.13556170463562012,1782738388422,2.0,,,-8186459890253983023
Timing: Forward,0.13721060752868652,1782738388790,2.0,,,-32815744398378728
Timing: Forward,0.15066289901733398,1782738389273,2.0,,,-5875328951617815845
Timing: Forward,0.1522061824798584,1782738389741,2.0,,,-2188242343821068217
Timing: Forward,0.13298416137695312,1782738526698,3.0,,,-6466341076775335144
Timing: Forward,0.17940187454223633,1782738527139,3.0,,,-4046202491367094086
Timing: Forward,0.17866730690002441,1782738527525,3.0,,,-5541170991532131137
Timing: Forward,0.3143734931945801,1782738528228,3.0,,,-5587237166342029114
Timing: Forward,0.24014544486999512,1782738528859,3.0,,,-6906123395223513736
Timing: Forward,0.14073610305786133,1782738529256,3.0,,,-2451609535360703891
Timing: Forward,0.05464816093444824,1782738723407,4.0,,,-2693814559778209953
Timing: Forward,0.05819869041442871,1782738723553,4.0,,,-8988381440447825777
Timing: Forward,0.06087899208068848,1782738723710,4.0,,,-4897189331254074643
Timing: Forward,0.054739952087402344,1782738723865,4.0,,,-1589849322943533361
Timing: Forward,0.05528879165649414,1782738724035,4.0,,,-5488601110925735352
Timing: Forward,0.054860591888427734,1782738724211,4.0,,,-7355907007154174604
Timing: Forward,1.1635990142822266,1782738908974,5.0,,,-7433612119680776958
Timing: Forward,0.897515058517456,1782738910565,5.0,,,-2235443395551346776
Timing: Forward,1.1068041324615479,1782738912379,5.0,,,-4342971994496962569
Timing: Forward,1.1610121726989746,1782738914121,5.0,,,-7622451503219910178
Timing: Forward,1.229966640472412,1782738918935,5.0,,,-3272780945134826158
Timing: Forward,0.14417624473571777,1782738919341,5.0,,,-6754371706314112311
Timing: Forward,1.2781484127044678,1782739067084,6.0,,,-2933340174471935692
Timing: Forward,0.14403986930847168,1782739067715,6.0,,,-2161289046908088297
Timing: Forward,0.13834595680236816,1782739068071,6.0,,,-5591014560005688499
Timing: Forward,0.14147543907165527,1782739068431,6.0,,,-3170965989918285815
Timing: Forward,0.14249515533447266,1782739068818,6.0,,,-7747159131349219837
Timing: Forward,0.16336941719055176,1782739069271,6.0,,,-2692162347712421147
Timing: Forward,0.050434112548828125,1782739278480,7.0,,,-2682639727145701846
Timing: Forward,0.05032801628112793,1782739278610,7.0,,,-7451927229874625576
Timing: Forward,0.05015230178833008,1782739278742,7.0,,,-1925336184438728919
Timing: Forward,0.05049586296081543,1782739278882,7.0,,,-5160311888672774372
Timing: Forward,0.05051589012145996,1782739279030,7.0,,,-5151220316335615904
Timing: Forward,0.05073690414428711,1782739279185,7.0,,,-7397327359773901017
Timing: Forward,0.14720821380615234,1782739473839,8.0,,,-831166699990741311
Timing: Forward,0.13317108154296875,1782739474188,8.0,,,-3363701572616230883
Timing: Forward,0.15575289726257324,1782739477557,8.0,,,-56416985839666790
Timing: Forward,0.12823796272277832,1782739477949,8.0,,,-7432193832341351727
Timing: Forward,0.12935090065002441,1782739478325,8.0,,,-4258311456588098075
Timing: Forward,0.13224577903747559,1782739478719,8.0,,,-5516246973653473932
Timing: Forward,0.09028220176696777,1782739704736,9.0,,,-1581325659954916151
Timing: Forward,0.07025933265686035,1782739704924,9.0,,,-8637811301426123852
Timing: Forward,0.07266044616699219,1782739705126,9.0,,,-473459312319544137
Timing: Forward,0.07380795478820801,1782739705334,9.0,,,-3731106146001942808
Timing: Forward,0.07109189033508301,1782739705554,9.0,,,-7957853864869584468
Timing: Forward,0.06521439552307129,1782739705771,9.0,,,-6044099943518932563
Timing: Forward,0.6278297901153564,1782739853275,10.0,,,-3410207394844634883
Timing: Forward,1.097635269165039,1782739854621,10.0,,,-3013100493550514315
Timing: Forward,1.2607274055480957,1782739856448,10.0,,,-5799239090753850596
Timing: Forward,1.0392475128173828,1782739857899,10.0,,,-4124406541403418550
Timing: Forward,1.4323227405548096,1782739859923,10.0,,,-4035095922492015887
Timing: Forward,1.426630973815918,1782739861928,10.0,,,-1481461602157324105
Timing: Forward,1.2556822299957275,1782740068709,11.0,,,-8330183768849851146
Timing: Forward,1.2532966136932373,1782740070365,11.0,,,-7489063976538743099
Timing: Forward,0.1381077766418457,1782740070980,11.0,,,-7554200036752471658
Timing: Forward,0.11957454681396484,1782740071328,11.0,,,-4937548370130617650
Timing: Forward,0.12030363082885742,1782740071687,11.0,,,-8075088331432229700
Timing: Forward,1.070044755935669,1782740073535,11.0,,,-3821671631462246446
Timing: Forward,2.6409945487976074,1782740254129,12.0,,,-7417861981642369698
Timing: Forward,3.2181529998779297,1782740259071,12.0,,,-9173948822803314045
Timing: Forward,3.2222726345062256,1782740263906,12.0,,,-1257431766474517529
Timing: Forward,2.7103168964385986,1782740267292,12.0,,,-7662981772535423582
Timing: Forward,0.0695486068725586,1782740268891,12.0,,,-5799109729108093331
Timing: Forward,0.05352377891540527,1782740269088,12.0,,,-723105740339096608
Timing: Forward,0.7233879566192627,1782740617290,13.0,,,-5394332407521502700
Timing: Forward,1.361253023147583,1782740619328,13.0,,,-4698463769751016122
Timing: Forward,1.3056011199951172,1782740621142,13.0,,,-3449686844206488928
Timing: Forward,0.6589934825897217,1782740622115,13.0,,,-1623201482968777540
Timing: Forward,0.7687153816223145,1782740623566,13.0,,,-8133694444960406581
Timing: Forward,1.5702228546142578,1782740625681,13.0,,,-252689529111824578
Timing: Forward,1.7523508071899414,1782740794503,14.0,,,-1914906096702873169
Timing: Forward,0.1476733684539795,1782740794844,14.0,,,-6923937451502556273
Timing: Forward,0.24153828620910645,1782740795309,14.0,,,-7999344762784067506
Timing: Forward,0.8070783615112305,1782740796511,14.0,,,-5275443180634180298
Timing: Forward,1.3363401889801025,1782740798459,14.0,,,-5134592611513592697
Timing: Forward,1.5681602954864502,1782740800597,14.0,,,-8436046150010212224
Timing: Forward,1.1568899154663086,1782740981160,15.0,,,-8809264339841071886
Timing: Forward,0.8254296779632568,1782740982523,15.0,,,-5586883335742871201
Timing: Forward,0.5355172157287598,1782740983577,15.0,,,-5412099550619960600
Timing: Forward,1.167832851409912,1782740985292,15.0,,,-5138679188630795406
Timing: Forward,0.9077789783477783,1782740988706,15.0,,,-1309659061021041554
Timing: Forward,3.1714789867401123,1782740992969,15.0,,,-6746486631950882964
Timing: Forward,1.0222790241241455,1782741185466,16.0,,,-6596041194656852391
Timing: Forward,0.4753715991973877,1782741186507,16.0,,,-3899000675307395077
Timing: Forward,0.8485896587371826,1782741187992,16.0,,,-7037527250741906564
Timing: Forward,1.0848133563995361,1782741189649,16.0,,,-4609047554367467744
Timing: Forward,1.2402799129486084,1782741191495,16.0,,,-9170499928028696699
Timing: Forward,0.052416324615478516,1782741191664,16.0,,,-1580647857561355355
Timing: Forward,0.9424834251403809,1782741350211,17.0,,,-1590104651417162825
Timing: Forward,0.21631932258605957,1782741350832,17.0,,,-1186563684002271196
Timing: Forward,1.596376895904541,1782741352918,17.0,,,-3673720745670918120
Timing: Forward,1.085789442062378,1782741355120,17.0,,,-6608967859501344212
Timing: Forward,1.0370237827301025,1782741357206,17.0,,,-309375180321247822
Timing: Forward,1.8235809803009033,1782741360069,17.0,,,-3274118464026264645
Timing: Forward,0.13016986846923828,1782741518413,18.0,,,-5753278282125833833
Timing: Forward,0.13346576690673828,1782741518744,18.0,,,-3062909256126487476
Timing: Forward,0.13192081451416016,1782741519091,18.0,,,-4476688843795410746
Timing: Forward,0.1323854923248291,1782741519450,18.0,,,-5027975078190688929
Timing: Forward,0.13060379028320312,1782741519825,18.0,,,-3722635065400166771
Timing: Forward,0.11431670188903809,1782741520207,18.0,,,-1684182366657853592
Timing: Forward,2.4511263370513916,1782741733467,19.0,,,-4044685236879267583
Timing: Forward,0.3561558723449707,1782741734548,19.0,,,-3873325099638930670
Timing: Forward,1.5533971786499023,1782741736849,19.0,,,-1556232889755457435
Timing: Forward,3.246077299118042,1782741741829,19.0,,,-3327080218150718071
Timing: Forward,2.6973652839660645,1782741746798,19.0,,,-5674454073712701493
Timing: Forward,2.6576640605926514,1782741751620,19.0,,,-4978553369547860784
Timing: Forward,0.2987349033355713,1782741980440,20.0,,,-6213039782250000003
Timing: Forward,1.3281221389770508,1782741982493,20.0,,,-8507851230735922986
Timing: Forward,1.5589964389801025,1782741984834,20.0,,,-6855201815206834182
Timing: Forward,0.058480262756347656,1782741985203,20.0,,,-6308336741575000964
Timing: Forward,1.4764354228973389,1782741986796,20.0,,,-296979084101275800
Timing: Forward,0.18329763412475586,1782741987610,20.0,,,-937262818290823855
Timing: Forward,0.6025431156158447,1782742196783,21.0,,,-8060913720928819369
Timing: Forward,0.08984732627868652,1782742197114,21.0,,,-2574605098039364320
Timing: Forward,0.11450719833374023,1782742197403,21.0,,,-7562881879404184888
Timing: Forward,0.1820845603942871,1782742198038,21.0,,,-2207091194868492080
Timing: Forward,0.2731442451477051,1782742198700,21.0,,,-5644127142420095420
Timing: Forward,0.24560236930847168,1782742202078,21.0,,,-3291965502368162237
Timing: Forward,0.8571937084197998,1782742335939,22.0,,,-6844185903261504539
Timing: Forward,1.0303170680999756,1782742338499,22.0,,,-3364238974141594926
Timing: Forward,0.5316793918609619,1782742340099,22.0,,,-1687697874017761114
Timing: Forward,1.1250362396240234,1782742342435,22.0,,,-679581091327360185
Timing: Forward,1.8250477313995361,1782742345180,22.0,,,-9042079043127340635
Timing: Forward,0.09238171577453613,1782742345582,22.0,,,-8217829998902242422
Timing: Forward,1.7353434562683105,1782742570524,23.0,,,-7904475121925186636
Timing: Forward,1.7465226650238037,1782742572432,23.0,,,-1114926576381424035
Timing: Forward,3.529346466064453,1782742577618,23.0,,,-5029320732530371691
Timing: Forward,3.274852991104126,1782742582713,23.0,,,-310556354756904811
Timing: Forward,3.375619411468506,1782742587936,23.0,,,-3310933251108236277
Timing: Forward,3.1195850372314453,1782742592813,23.0,,,-6354182409620846794
Timing: Forward,0.6554555892944336,1782742820322,24.0,,,-2857056778915411228
Timing: Forward,0.22574806213378906,1782742820733,24.0,,,-447354015834116447
Timing: Forward,0.08121776580810547,1782742821141,24.0,,,-971191127353068705
Timing: Forward,0.5909204483032227,1782742821962,24.0,,,-2503200629406494094
Timing: Forward,0.8143761157989502,1782742823661,24.0,,,-8587113238072413087
Timing: Forward,0.8521058559417725,1782742825158,24.0,,,-927556816138353382
Timing: Forward,1.527817964553833,1782743007073,25.0,,,-2944338253989607222
Timing: Forward,1.0219321250915527,1782743008392,25.0,,,-8453394394527899358
Timing: Forward,1.1762995719909668,1782743010277,25.0,,,-1090488717510444301
Timing: Forward,0.5328302383422852,1782743011439,25.0,,,-5449964350609543508
Timing: Forward,1.020439863204956,1782743012978,25.0,,,-3007450316990824751
Timing: Forward,0.17622041702270508,1782743013562,25.0,,,-4494196769565017908
Timing: Forward,1.036717414855957,1782743194349,26.0,,,-1261122654325124543
Timing: Forward,0.4746525287628174,1782743195024,26.0,,,-8723202315545022339
Timing: Forward,0.9142954349517822,1782743196477,26.0,,,-8490035171864073045
Timing: Forward,1.346634864807129,1782743198439,26.0,,,-6615758696198093046
Timing: Forward,1.2154288291931152,1782743200315,26.0,,,-5463537225106905140
Timing: Forward,1.0369842052459717,1782743202140,26.0,,,-4722857112748515333
Timing: Forward,2.6087512969970703,1782743375274,27.0,,,-9046385129200012296
Timing: Forward,2.883512258529663,1782743380250,27.0,,,-4937504867809717202
Timing: Forward,2.838693618774414,1782743385093,27.0,,,-6434305655192565908
Timing: Forward,3.1900758743286133,1782743390398,27.0,,,-5450292591973814115
Timing: Forward,2.372035026550293,1782743394375,27.0,,,-7908292858916235670
Timing: Forward,1.763936996459961,1782743396517,27.0,,,-7668815941897670282
Timing: Forward,0.0510258674621582,1782743576537,28.0,,,-7690885090672869057
Timing: Forward,0.05031895637512207,1782743576667,28.0,,,-1964130582268088821
Timing: Forward,0.051584482192993164,1782743576803,28.0,,,-7530406021402026081
Timing: Forward,0.05136513710021973,1782743576958,28.0,,,-8854678704434651477
Timing: Forward,0.0503382682800293,1782743577111,28.0,,,-4103617496353378856
Timing: Forward,0.050020456314086914,1782743577263,28.0,,,-5175558326471082558
Timing: Forward,0.13454866409301758,1782743712024,29.0,,,-520689770133030867
Timing: Forward,0.13669443130493164,1782743712362,29.0,,,-8060843688523706248
Timing: Forward,0.13762259483337402,1782743712720,29.0,,,-1739351477329243794
Timing: Forward,0.13557219505310059,1782743713093,29.0,,,-8196749146394105409
Timing: Forward,0.13648319244384766,1782743713484,29.0,,,-952442987986564933
Timing: Forward,0.13490867614746094,1782743713890,29.0,,,-2839211225017396712
Timing: Forward,0.12885761260986328,1782743915185,30.0,,,-7199009225117290350
Timing: Forward,0.13190627098083496,1782743915504,30.0,,,-6138437834721106810
Timing: Forward,0.12962579727172852,1782743915841,30.0,,,-7058623458788017206
Timing: Forward,0.12963223457336426,1782743916199,30.0,,,-2573689147702611947
Timing: Forward,0.13002991676330566,1782743916568,30.0,,,-7976447857473809394
Timing: Forward,0.1320481300354004,1782743916961,30.0,,,-751484864391799152
Timing: Forward,1.4446213245391846,1782744108932,31.0,,,-5953408810437364971
Timing: Forward,1.5594778060913086,1782744110717,31.0,,,-1305593534957035002
Timing: Forward,1.0678374767303467,1782744112598,31.0,,,-1702453499550875380
Timing: Forward,0.9650051593780518,1782744114250,31.0,,,-7382781163065319911
Timing: Forward,0.9546637535095215,1782744115871,31.0,,,-4474350349261699374
Timing: Forward,1.7090587615966797,1782744118098,31.0,,,-4782736471449151019
Timing: Forward,0.13227462768554688,1782744298290,32.0,,,-2187217852109703907
Timing: Forward,0.13489413261413574,1782744298626,32.0,,,-1639197728099249455
Timing: Forward,0.1670825481414795,1782744302195,32.0,,,-6915634235450712565
Timing: Forward,0.11894965171813965,1782744302514,32.0,,,-7674573293555007655
Timing: Forward,0.11183333396911621,1782744302843,32.0,,,-8830994151535224167
Timing: Forward,0.2413177490234375,1782744303326,32.0,,,-2256078382186365407
Timing: Forward,0.9725241661071777,1782744457272,33.0,,,-2013392011256757794
Timing: Forward,0.8078823089599609,1782744458772,33.0,,,-7127637837019952613
Timing: Forward,1.1404330730438232,1782744460283,33.0,,,-230186608509998349
Timing: Forward,0.6699008941650391,1782744462227,33.0,,,-2679303344578439627
Timing: Forward,1.1865534782409668,1782744464634,33.0,,,-915492879141210530
Timing: Forward,0.5632045269012451,1782744465899,33.0,,,-8117792811301359091
Timing: Forward,0.690863847732544,1782744692295,34.0,,,-1554877327265703057
Timing: Forward,1.5405693054199219,1782744694372,34.0,,,-4726583616688643583
Timing: Forward,0.9366185665130615,1782744696033,34.0,,,-3907137929425575507
Timing: Forward,1.0058588981628418,1782744697746,34.0,,,-834410961231128585
Timing: Forward,1.9377410411834717,1782744700256,34.0,,,-1678984489696337947
Timing: Forward,3.1047616004943848,1782744705041,34.0,,,-4251653164545832505
Timing: Forward,0.12885212898254395,1782744922017,35.0,,,-2817394408482828774
Timing: Forward,0.12954211235046387,1782744922331,35.0,,,-7402334868737532728
Timing: Forward,0.1278073787689209,1782744922663,35.0,,,-744689097265187786
Timing: Forward,0.0735163688659668,1782744922936,35.0,,,-6494833648146618764
Timing: Forward,0.06829237937927246,1782744923140,35.0,,,-4015367257738901687
Timing: Forward,0.09382057189941406,1782744923434,35.0,,,-7943875809500977729
Timing: Forward,1.1164326667785645,1782745069895,36.0,,,-132876483439040655
Timing: Forward,0.7108292579650879,1782745071630,36.0,,,-8526079535001441617
Timing: Forward,1.3956513404846191,1782745073769,36.0,,,-91741632247634193
Timing: Forward,1.4680569171905518,1782745075709,36.0,,,-880156332996570170
Timing: Forward,0.3854837417602539,1782745076699,36.0,,,-5679074285502426866
Timing: Forward,1.1497507095336914,1782745078815,36.0,,,-6105595041069620981
Timing: Forward,1.184272289276123,1782745239146,37.0,,,-1588094634396442894
Timing: Forward,1.4814112186431885,1782745241531,37.0,,,-8677714154698688037
Timing: Forward,0.380617618560791,1782745242167,37.0,,,-5321999910776905581
Timing: Forward,1.7061882019042969,1782745244389,37.0,,,-7604837442056666239
Timing: Forward,0.1399247646331787,1782745244770,37.0,,,-1186130083213498774
Timing: Forward,1.8117194175720215,1782745246859,37.0,,,-5372216184924250401
Timing: Forward,1.5586791038513184,1782745424971,38.0,,,-2384662936002366508
Timing: Forward,3.081566572189331,1782745429600,38.0,,,-6355466034508478910
Timing: Forward,3.1360716819763184,1782745432981,38.0,,,-5429766612487749727
Timing: Forward,0.2962946891784668,1782745435118,38.0,,,-6607743415736964385
Timing: Forward,0.17267322540283203,1782745435534,38.0,,,-4788133015817616516
Timing: Forward,0.180039644241333,1782745435916,38.0,,,-3521082824235729587
Timing: Forward,0.05167245864868164,1782745615388,39.0,,,-62868586846099301
Timing: Forward,1.3212881088256836,1782745617678,39.0,,,-4485098835974856318
Timing: Forward,1.5003182888031006,1782745620200,39.0,,,-3564352881428557385
Timing: Forward,1.3439557552337646,1782745622561,39.0,,,-2758776014212167867
Timing: Forward,1.7747483253479004,1782745625128,39.0,,,-1872536446568367971
Timing: Forward,1.5606451034545898,1782745627465,39.0,,,-2061641630928696391
Timing: Forward,0.06718587875366211,1782745809401,40.0,,,-8809015423093966200
Timing: Forward,1.6415860652923584,1782745811774,40.0,,,-1382832827559914208
Timing: Forward,0.05444812774658203,1782745811948,40.0,,,-4106162621971313538
Timing: Forward,1.5611469745635986,1782745814257,40.0,,,-4885748622822527303
Timing: Forward,1.564058780670166,1782745816623,40.0,,,-8950741821486886461
Timing: Forward,1.5655863285064697,1782745818988,40.0,,,-7995799753967077679
Timing: Forward,0.13034605979919434,1782745989194,41.0,,,-4544353965602451307
Timing: Forward,0.1298840045928955,1782745989524,41.0,,,-6614852739205747827
Timing: Forward,0.1337263584136963,1782745989894,41.0,,,-1926076664854219431
Timing: Forward,0.13444876670837402,1782745990264,41.0,,,-8701793353626077518
Timing: Forward,0.13420367240905762,1782745990647,41.0,,,-7209625157639040227
Timing: Forward,0.21860599517822266,1782745991132,41.0,,,-1242039039275689022
Timing: Forward,1.6905121803283691,1782746120275,42.0,,,-4551551139436730629
Timing: Forward,1.2579469680786133,1782746122186,42.0,,,-8232289253250642143
Timing: Forward,1.2965667247772217,1782746124242,42.0,,,-2543320916566100718
Timing: Forward,1.0428550243377686,1782746129903,42.0,,,-3478686432051200503
Timing: Forward,1.4101371765136719,1782746132102,42.0,,,-3243372535054149703
Timing: Forward,0.65785813331604,1782746133434,42.0,,,-5949839973232877950
Timing: Forward,0.056974172592163086,1782746320765,43.0,,,-7784215069907693039
Timing: Forward,0.05928230285644531,1782746320914,43.0,,,-1045819095541484713
Timing: Forward,0.05611753463745117,1782746321069,43.0,,,-139849579600391365
Timing: Forward,0.055138587951660156,1782746321235,43.0,,,-627203895901338872
Timing: Forward,0.054734230041503906,1782746321404,43.0,,,-7554420223548846718
Timing: Forward,0.05441093444824219,1782746321576,43.0,,,-5325212666027348971
Timing: Forward,1.5302817821502686,1782746494443,44.0,,,-66276010003308810
Timing: Forward,1.3647844791412354,1782746496149,44.0,,,-3393207008499493712
Timing: Forward,0.1326923370361328,1782746496625,44.0,,,-7818797134595479939
Timing: Forward,0.12916898727416992,1782746496980,44.0,,,-7559899388122716979
Timing: Forward,0.6261920928955078,1782746497847,44.0,,,-4617901553514547001
Timing: Forward,0.694615364074707,1782746499424,44.0,,,-4175544400901690962
Timing: Forward,0.13132429122924805,1782746645244,45.0,,,-3109585298912301099
Timing: Forward,0.133469820022583,1782746645573,45.0,,,-1802182639105080519
Timing: Forward,0.13353824615478516,1782746645918,45.0,,,-6510548479945645337
Timing: Forward,0.13595080375671387,1782746646286,45.0,,,-7817959989352749364
Timing: Forward,0.13225221633911133,1782746646663,45.0,,,-4649547665064290589
Timing: Forward,0.13133621215820312,1782746647058,45.0,,,-3843824486496905622
Timing: Forward,1.4887323379516602,1782746801745,46.0,,,-1232866198673878503
Timing: Forward,1.3335859775543213,1782746803584,46.0,,,-7917467251842543525
Timing: Forward,1.5063519477844238,1782746805525,46.0,,,-8531442266667146222
Timing: Forward,0.9493589401245117,1782746806992,46.0,,,-5459929852617894263
Timing: Forward,1.800816535949707,1782746809205,46.0,,,-8972426260548234211
Timing: Forward,1.788010597229004,1782746811718,46.0,,,-4948162336028603609
Timing: Forward,1.223306655883789,1782746987048,47.0,,,-7989968920238449088
Timing: Forward,1.2106575965881348,1782746988833,47.0,,,-112355528180438240
Timing: Forward,1.2058742046356201,1782746990638,47.0,,,-9192133354569700565
Timing: Forward,1.2674286365509033,1782746992481,47.0,,,-7500928646903177152
Timing: Forward,1.2081029415130615,1782746994316,47.0,,,-57630324499227686
Timing: Forward,0.28905582427978516,1782746997338,47.0,,,-3387992869189202079
Timing: Forward,0.10681653022766113,1782747164125,48.0,,,-5099420582747977021
Timing: Forward,1.5661273002624512,1782747166424,48.0,,,-7944647960764481544
Timing: Forward,1.567819356918335,1782747168760,48.0,,,-6002182876779782802
Timing: Forward,1.6376864910125732,1782747171163,48.0,,,-2400471941699228594
Timing: Forward,0.32666850090026855,1782747171609,48.0,,,-1201765887031307212
Timing: Forward,1.326488733291626,1782747173621,48.0,,,-9189612054037675576
Timing: Forward,0.13259553909301758,1782747300542,49.0,,,-9034918375248965369
Timing: Forward,0.13446593284606934,1782747300873,49.0,,,-359447795208921007
Timing: Forward,0.13508176803588867,1782747301221,49.0,,,-1052472415361639174
Timing: Forward,0.13246417045593262,1782747301584,49.0,,,-8039791719470396870
Timing: Forward,0.131699800491333,1782747301962,49.0,,,-993989446143869013
Timing: Forward,0.13247299194335938,1782747302359,49.0,,,-8255117796019978578
Timing: Forward,0.3093748092651367,1782747531685,50.0,,,-5851021763943341082
Timing: Forward,0.3008410930633545,1782747532508,50.0,,,-2389831454831568573
Timing: Forward,0.25841641426086426,1782747533231,50.0,,,-3510566816540284076
Timing: Forward,0.3141038417816162,1782747534068,50.0,,,-9144893826780353208
Timing: Forward,0.3151888847351074,1782747535048,50.0,,,-6471287644364420817
Timing: Forward,0.2812972068786621,1782747535913,50.0,,,-6113490239315018342
Timing: Forward,0.09168815612792969,1782747803430,51.0,,,-3874853579505202444
Timing: Forward,0.06432318687438965,1782747803624,51.0,,,-7849279132726481184
Timing: Forward,0.05955386161804199,1782747803796,51.0,,,-4267559422802856669
Timing: Forward,0.05986738204956055,1782747803983,51.0,,,-8629977426937313042
Timing: Forward,0.06176424026489258,1782747804169,51.0,,,-3982938871095746639
Timing: Forward,0.05924558639526367,1782747804362,51.0,,,-8018012862894362783
Timing: Forward,0.9580657482147217,1782747990417,52.0,,,-1499404312270924928
Timing: Forward,1.1450374126434326,1782747992092,52.0,,,-2437765767765585312
Timing: Forward,1.1397206783294678,1782747993751,52.0,,,-8791131348805330958
Timing: Forward,1.2141900062561035,1782747995461,52.0,,,-2567699262406022282
Timing: Forward,0.051122426986694336,1782747995614,52.0,,,-1530423810257664526
Timing: Forward,0.05189919471740723,1782747995773,52.0,,,-7185632152455404230
Timing: Forward,1.0113115310668945,1782748131949,53.0,,,-1197457626640336325
Timing: Forward,0.8301491737365723,1782748133033,53.0,,,-6881495109349386114
Timing: Forward,1.7037239074707031,1782748135305,53.0,,,-4317219512350378489
Timing: Forward,1.1634302139282227,1782748137190,53.0,,,-391500271623700399
Timing: Forward,1.1535494327545166,1782748139105,53.0,,,-5812805099213826577
Timing: Forward,1.01727294921875,1782748140934,53.0,,,-3843519930774779759
Timing: Forward,0.250732421875,1782748285526,54.0,,,-5886762876734956348
Timing: Forward,0.13536930084228516,1782748285941,54.0,,,-7169155871080999703
Timing: Forward,0.12847113609313965,1782748286265,54.0,,,-1762363794330999828
Timing: Forward,0.13064241409301758,1782748286610,54.0,,,-432052127810774908
Timing: Forward,0.12910103797912598,1782748286971,54.0,,,-4252767151224556804
Timing: Forward,0.12872862815856934,1782748287350,54.0,,,-829911673627600463
Timing: Forward,0.05176734924316406,1782748471405,55.0,,,-5671956905131390860
Timing: Forward,0.05112004280090332,1782748471535,55.0,,,-9201348540124077442
Timing: Forward,0.05058121681213379,1782748471669,55.0,,,-5361063750055880015
Timing: Forward,0.05060601234436035,1782748471936,55.0,,,-7894147916942254332
Timing: Forward,0.0503385066986084,1782748472080,55.0,,,-2757093872494481464
Timing: Forward,0.0507659912109375,1782748472231,55.0,,,-6585808945465778947
Timing: Forward,1.5522160530090332,1782748609051,56.0,,,-8616294070261218326
Timing: Forward,0.8522152900695801,1782748610098,56.0,,,-9012100446646515975
Timing: Forward,1.3729898929595947,1782748611806,56.0,,,-5177890288864912216
Timing: Forward,0.16095805168151855,1782748612233,56.0,,,-1692790013731408941
Timing: Forward,0.22734975814819336,1782748612780,56.0,,,-8921048935296839944
Timing: Forward,1.3202385902404785,1782748614415,56.0,,,-3141876421631491360
Timing: Forward,1.1585261821746826,1782748756538,57.0,,,-4288187343627598033
Timing: Forward,1.6014297008514404,1782748758972,57.0,,,-7485133159328926367
Timing: Forward,1.5388484001159668,1782748761153,57.0,,,-2013039535709126630
Timing: Forward,0.12975597381591797,1782748761616,57.0,,,-7449638292392798544
Timing: Forward,1.8400890827178955,1782748763976,57.0,,,-6309816599730057115
Timing: Forward,1.697540283203125,1782748766559,57.0,,,-9046192463101674325
Timing: Forward,0.9998562335968018,1782748928421,58.0,,,-4517998072604190716
Timing: Forward,1.556056261062622,1782748930750,58.0,,,-5205511260404699881
Timing: Forward,2.96173095703125,1782748935770,58.0,,,-5062408535427381855
Timing: Forward,2.7355902194976807,1782748940602,58.0,,,-929480806073812718
Timing: Forward,2.7738988399505615,1782748945597,58.0,,,-1645092479798454709
Timing: Forward,1.5970067977905273,1782748949417,58.0,,,-8376106017760520556
Timing: Forward,1.0779590606689453,1782749107707,59.0,,,-2509281363521392396
Timing: Forward,1.0848262310028076,1782749110263,59.0,,,-5847077439718669278
Timing: Forward,1.62941575050354,1782749112669,59.0,,,-2342303783325383853
Timing: Forward,0.051648616790771484,1782749112838,59.0,,,-3547941395779918250
Timing: Forward,3.2407524585723877,1782749116808,59.0,,,-4286789168387723199
Timing: Forward,3.1177358627319336,1782749121091,59.0,,,-5596925349051311639
Timing: Forward,0.05061459541320801,1782749278854,60.0,,,-4642444693364902129
Timing: Forward,3.561006546020508,1782749283168,60.0,,,-5567226474651404583
Timing: Forward,2.779879331588745,1782749287034,60.0,,,-4380545920514599581
Timing: Forward,0.8406758308410645,1782749289419,60.0,,,-2110564834916923857
Timing: Forward,2.924294948577881,1782749292458,60.0,,,-3704915053032780480
Timing: Forward,2.9442899227142334,1782749296559,60.0,,,-4858741106804969377
Timing: Forward,0.1721048355102539,1782749448362,61.0,,,-6964146730840426363
Timing: Forward,1.5608294010162354,1782749450698,61.0,,,-9159679530163990029
Timing: Forward,1.5604045391082764,1782749453061,61.0,,,-5576972980693749440
Timing: Forward,1.5694220066070557,1782749455432,61.0,,,-9112507932208554828
Timing: Forward,1.556274175643921,1782749457793,61.0,,,-750051027413477668
Timing: Forward,1.6361241340637207,1782749460239,61.0,,,-6298216368034355304
Timing: Forward,0.4074587821960449,1782749612492,62.0,,,-2246085276042151064
Timing: Forward,1.7639381885528564,1782749615126,62.0,,,-7747933136565902574
Timing: Forward,2.529642105102539,1782749618007,62.0,,,-7142696708938391515
Timing: Forward,1.948120355606079,1782749620312,62.0,,,-1211835671070637373
Timing: Forward,0.0948934555053711,1782749620973,62.0,,,-5298517818605954852
Timing: Forward,3.322849750518799,1782749626099,62.0,,,-3764253291338934635
Timing: Forward,0.9542303085327148,1782749790215,63.0,,,-4331788901853522815
Timing: Forward,1.853018045425415,1782749792835,63.0,,,-7809195827596440830
Timing: Forward,1.9992856979370117,1782749794922,63.0,,,-4538471656807189259
Timing: Forward,0.05538368225097656,1782749795551,63.0,,,-7580942800251993932
Timing: Forward,1.9768569469451904,1782749798375,63.0,,,-5954092125457151672
Timing: Forward,1.76596999168396,1782749801178,63.0,,,-5534243606658746528
Timing: Forward,2.0627288818359375,1782749969550,64.0,,,-6071117567411548854
Timing: Forward,0.06337833404541016,1782749969881,64.0,,,-5439118872537395612
Timing: Forward,1.768474817276001,1782749972540,64.0,,,-3677425855739096458
Timing: Forward,1.9550361633300781,1782749974879,64.0,,,-4352623582556618007
Timing: Forward,0.05919909477233887,1782749975301,64.0,,,-8517232307648278290
Timing: Forward,1.7713170051574707,1782749977925,64.0,,,-4968774822161508565
Timing: Forward,1.0358433723449707,1782750130984,65.0,,,-996918844537190899
Timing: Forward,1.8141229152679443,1782750133823,65.0,,,-6594207593786274798
Timing: Forward,1.449340581893921,1782750135483,65.0,,,-5224923578855429554
Timing: Forward,0.4981410503387451,1782750136805,65.0,,,-4178176467736276806
Timing: Forward,1.797997236251831,1782750139629,65.0,,,-4313801996271274270
Timing: Forward,1.9797918796539307,1782750141872,65.0,,,-6112943846477376386
Timing: Forward,0.1332225799560547,1782750273105,66.0,,,-186823086689557637
Timing: Forward,1.7952234745025635,1782750275891,66.0,,,-8925597531862766301
Timing: Forward,1.187246322631836,1782750277297,66.0,,,-6307375674496104941
Timing: Forward,0.7662405967712402,1782750278900,66.0,,,-5796736706617030174
Timing: Forward,0.3948099613189697,1782750279539,66.0,,,-1630157299646374528
Timing: Forward,1.0422399044036865,1782750281254,66.0,,,-8394298333291008182
Timing: Forward,1.4750614166259766,1782750441392,67.0,,,-70785253617512414
Timing: Forward,1.122166395187378,1782750442601,67.0,,,-3003397070765242804
Timing: Forward,0.6932458877563477,1782750444107,67.0,,,-2814450217664047236
Timing: Forward,1.9491238594055176,1782750446417,67.0,,,-3811759393024678812
Timing: Forward,0.21027684211730957,1782750447092,67.0,,,-3842272996941673526
Timing: Forward,1.902742624282837,1782750449740,67.0,,,-4853597068277200196
Timing: Forward,1.266416311264038,1782750603993,68.0,,,-1326349415997610267
Timing: Forward,0.10921263694763184,1782750604318,68.0,,,-2027706139585508121
Timing: Forward,0.22823619842529297,1782750604718,68.0,,,-4823166605916735072
Timing: Forward,1.9517645835876465,1782750607696,68.0,,,-2440301160304227039
Timing: Forward,1.0217876434326172,1782750608957,68.0,,,-3632869980695102957
Timing: Forward,0.7371635437011719,1782750610692,68.0,,,-8273112068887274900
Timing: Forward,0.2584407329559326,1782750737982,69.0,,,-4801631803304523836
Timing: Forward,0.26450133323669434,1782750738663,69.0,,,-4943777044189595452
Timing: Forward,1.393068790435791,1782750741844,69.0,,,-799858006233026984
Timing: Forward,0.990192174911499,1782750743058,69.0,,,-8468168298412982715
Timing: Forward,1.0928189754486084,1782750745051,69.0,,,-4921812213077541272
Timing: Forward,2.085484743118286,1782750747455,69.0,,,-6099975764649166052
Timing: Forward,0.13396668434143066,1782750899646,70.0,,,-8842966871583491262
Timing: Forward,2.1446211338043213,1782750901981,70.0,,,-2203423036807120651
Timing: Forward,0.3112330436706543,1782750903101,70.0,,,-1614353629385035840
Timing: Forward,1.3784441947937012,1782750904702,70.0,,,-2807467368154804593
Timing: Forward,0.5103347301483154,1782750906295,70.0,,,-7229347457459065339
Timing: Forward,0.1303110122680664,1782750909691,70.0,,,-6936347936392628913
Timing: Forward,2.4612936973571777,1782751058494,71.0,,,-493138794436053021
Timing: Forward,3.236372470855713,1782751062256,71.0,,,-5720620759462086979
Timing: Forward,0.30855536460876465,1782751062650,71.0,,,-2024019761595732201
Timing: Forward,0.32351231575012207,1782751063088,71.0,,,-8198809208488626755
Timing: Forward,0.387861967086792,1782751063701,71.0,,,-4330727303828451101
Timing: Forward,0.20372557640075684,1782751064138,71.0,,,-7705820004442781284
Timing: Forward,1.127845287322998,1782751221432,72.0,,,-34114369921506896
Timing: Forward,2.9266114234924316,1782751225153,72.0,,,-1820073420037835907
Timing: Forward,2.7194228172302246,1782751230301,72.0,,,-8612196223443245593
Timing: Forward,2.9491751194000244,1782751234298,72.0,,,-8881421345860443542
Timing: Forward,0.893427848815918,1782751237401,72.0,,,-4225801383744561120
Timing: Forward,2.3785862922668457,1782751240661,72.0,,,-2594629354998891620
Timing: Forward,1.8900344371795654,1782751395870,73.0,,,-8564241419168444066
Timing: Forward,0.05197000503540039,1782751396002,73.0,,,-6136908811539838061
Timing: Forward,1.8912217617034912,1782751398787,73.0,,,-3883164794774122605
Timing: Forward,0.051812171936035156,1782751398933,73.0,,,-4228756442770492643
Timing: Forward,1.889460563659668,1782751401702,73.0,,,-1965305837632829348
Timing: Forward,0.6291930675506592,1782751402437,73.0,,,-3259879222108059607
Timing: Forward,0.4586822986602783,1782751546935,74.0,,,-7864334439097219294
Timing: Forward,0.06818985939025879,1782751547111,74.0,,,-2576393247521827388
Timing: Forward,0.6440432071685791,1782751547869,74.0,,,-4491685840945758207
Timing: Forward,1.2585535049438477,1782751549725,74.0,,,-5305880051499503306
Timing: Forward,0.0634000301361084,1782751550182,74.0,,,-1599692138250506229
Timing: Forward,1.8144731521606445,1782751552141,74.0,,,-5609598638193154469
Timing: Forward,1.0945348739624023,1782751687287,75.0,,,-5633761848865319751
Timing: Forward,0.1578378677368164,1782751687646,75.0,,,-2412220609874544310
Timing: Forward,1.9665029048919678,1782751690516,75.0,,,-7179088854107680950
Timing: Forward,0.13628363609313965,1782751690881,75.0,,,-2459385299963854085
Timing: Forward,1.9548933506011963,1782751693827,75.0,,,-4283495726716790695
Timing: Forward,0.39761853218078613,1782751694490,75.0,,,-3153834171472239850
Timing: Forward,0.3772258758544922,1782751833521,76.0,,,-8056460167917056796
Timing: Forward,0.1345679759979248,1782751833846,76.0,,,-8185852114981026138
Timing: Forward,1.3971121311187744,1782751835443,76.0,,,-6958098331203694074
Timing: Forward,0.5202703475952148,1782751837030,76.0,,,-8273494325319137096
Timing: Forward,0.4241597652435303,1782751837684,76.0,,,-5572483661514907939
Timing: Forward,1.951768159866333,1782751840233,76.0,,,-8164228611917406306
Timing: Forward,0.9406776428222656,1782752001641,77.0,,,-6192903080574305141
Timing: Forward,0.4849662780761719,1782752004985,77.0,,,-8883485795065895466
Timing: Forward,0.6789956092834473,1782752005752,77.0,,,-882802094487589023
Timing: Forward,0.050263404846191406,1782752005894,77.0,,,-4356390204994783781
Timing: Forward,2.388453245162964,1782752008379,77.0,,,-6955589902063349183
Timing: Forward,3.188612699508667,1782752011710,77.0,,,-2390898523232299543
Timing: Forward,1.8120436668395996,1782752183019,78.0,,,-7718305191913979555
Timing: Forward,0.12874984741210938,1782752183332,78.0,,,-3569025979314290876
Timing: Forward,0.12938380241394043,1782752183671,78.0,,,-269662789328218814
Timing: Forward,1.6618776321411133,1782752186012,78.0,,,-4448112744179991834
Timing: Forward,0.07080411911010742,1782752186821,78.0,,,-5498246966993416465
Timing: Forward,1.9522202014923096,1782752188920,78.0,,,-8747532261104755586
Timing: Forward,0.1338975429534912,1782752310973,79.0,,,-3619293519830862179
Timing: Forward,0.1386559009552002,1782752311306,79.0,,,-3862461877771383231
Timing: Forward,0.13975286483764648,1782752311650,79.0,,,-5325979547371120243
Timing: Forward,0.13324809074401855,1782752312004,79.0,,,-804840188063455145
Timing: Forward,0.13270902633666992,1782752312377,79.0,,,-893097257249107767
Timing: Forward,0.13424277305603027,1782752312768,79.0,,,-1705717901504662256
Timing: Forward,0.08429932594299316,1782752462646,80.0,,,-3699185895513390671
Timing: Forward,1.883613109588623,1782752466768,80.0,,,-8896688774961187835
Timing: Forward,1.9200940132141113,1782752470507,80.0,,,-1751529877005442461
Timing: Forward,2.359954833984375,1782752474675,80.0,,,-5600496224320088823
Timing: Forward,0.31849074363708496,1782752479230,80.0,,,-2486168086476594186
Timing: Forward,2.40560245513916,1782752482377,80.0,,,-6736328648176405002
Timing: Forward,0.05052065849304199,1782752658875,81.0,,,-8386085298817282792
Timing: Forward,0.05110740661621094,1782752659012,81.0,,,-3090889890714027841
Timing: Forward,2.0711581707000732,1782752662053,81.0,,,-438031216411173862
Timing: Forward,0.05389571189880371,1782752662198,81.0,,,-3260514181947777509
Timing: Forward,2.196892023086548,1782752665389,81.0,,,-4296101035055280838
Timing: Forward,0.05267596244812012,1782752665642,81.0,,,-2086872842042320222
Timing: Forward,0.5545403957366943,1782752810985,82.0,,,-4527398309859518958
Timing: Forward,0.13516664505004883,1782752811324,82.0,,,-1113486921572277341
Timing: Forward,1.9465959072113037,1782752813476,82.0,,,-5117398078252970853
Timing: Forward,0.2533988952636719,1782752814772,82.0,,,-5142983342276408762
Timing: Forward,0.14283418655395508,1782752815158,82.0,,,-3934426075659956770
Timing: Forward,2.3856570720672607,1782752818480,82.0,,,-2922897684555718549
Timing: Forward,0.12978744506835938,1782752951311,83.0,,,-7459947103567032137
Timing: Forward,0.13668394088745117,1782752951639,83.0,,,-8055843271410301775
Timing: Forward,2.0945827960968018,1782752954725,83.0,,,-1479437124925582674
Timing: Forward,0.1286308765411377,1782752955220,83.0,,,-4999918019563263900
Timing: Forward,0.13020682334899902,1782752955589,83.0,,,-4160966452708628713
Timing: Forward,0.12988924980163574,1782752955975,83.0,,,-2869468952826857457
Timing: Forward,0.8012607097625732,1782753120666,84.0,,,-9121617757386359853
Timing: Forward,0.05174374580383301,1782753120799,84.0,,,-3962960885128292968
Timing: Forward,2.0407261848449707,1782753123844,84.0,,,-2901939756509285369
Timing: Forward,0.6158592700958252,1782753127533,84.0,,,-7442535712660711115
Timing: Forward,2.0564160346984863,1782753130587,84.0,,,-5111946533545945875
Timing: Forward,0.0517573356628418,1782753130747,84.0,,,-7682765733400105783
Timing: Forward,0.07713747024536133,1782753309559,85.0,,,-647537110047955439
Timing: Forward,0.05428624153137207,1782753309696,85.0,,,-3806012930729892279
Timing: Forward,0.05428123474121094,1782753309834,85.0,,,-2921956050064469311
Timing: Forward,0.05217576026916504,1782753309989,85.0,,,-739942651281165849
Timing: Forward,0.05279970169067383,1782753310138,85.0,,,-3423336755272056077
Timing: Forward,0.051947593688964844,1782753310294,85.0,,,-4087847175031429519
Timing: Forward,0.13115906715393066,1782753452381,86.0,,,-501270850743258995
Timing: Forward,0.13227629661560059,1782753452709,86.0,,,-6824713740168807189
Timing: Forward,0.13144922256469727,1782753453050,86.0,,,-8072758550774297329
Timing: Forward,0.13565397262573242,1782753453410,86.0,,,-8429495920285199203
Timing: Forward,0.13150811195373535,1782753453784,86.0,,,-4655858887197006822
Timing: Forward,0.13242340087890625,1782753454183,86.0,,,-8186277707885811933
Timing: Forward,0.12638425827026367,1782753568328,87.0,,,-3786025905448930918
Timing: Forward,0.12768030166625977,1782753568638,87.0,,,-4424519300580903302
Timing: Forward,0.14997148513793945,1782753572340,87.0,,,-7669190944120609594
Timing: Forward,0.14837050437927246,1782753572720,87.0,,,-1787370855312447886
Timing: Forward,0.18792295455932617,1782753573284,87.0,,,-5376908619837255440
Timing: Forward,0.12947821617126465,1782753573805,87.0,,,-124915367745194135
Timing: Forward,0.12986183166503906,1782753725354,88.0,,,-7060275574553978320
Timing: Forward,0.13387775421142578,1782753725683,88.0,,,-7649472203862794725
Timing: Forward,0.13889455795288086,1782753726031,88.0,,,-8628609662272434163
Timing: Forward,0.1983804702758789,1782753726498,88.0,,,-6788686169246074185
Timing: Forward,0.22105813026428223,1782753727091,88.0,,,-4077112163440221594
Timing: Forward,0.12854385375976562,1782753727473,88.0,,,-6529720196103068374
Timing: Forward,0.13283419609069824,1782753876370,89.0,,,-6366241116193004774
Timing: Forward,0.1343238353729248,1782753876698,89.0,,,-4300069985546276349
Timing: Forward,0.13338804244995117,1782753877040,89.0,,,-7325540245336511713
Timing: Forward,0.1325230598449707,1782753877403,89.0,,,-8985276839955511386
Timing: Forward,0.1945180892944336,1782753877842,89.0,,,-6694622761542443328
Timing: Forward,0.13452696800231934,1782753878258,89.0,,,-8141311396120804996
Timing: Forward,0.13290643692016602,1782754042066,90.0,,,-3079686071235239903
Timing: Forward,0.13332891464233398,1782754042396,90.0,,,-2777342455291068684
Timing: Forward,0.13434958457946777,1782754042932,90.0,,,-5310592441348392957
Timing: Forward,0.13163280487060547,1782754043315,90.0,,,-1485090516756655166
Timing: Forward,0.146651029586792,1782754043704,90.0,,,-3363890179747462781
Timing: Forward,0.14349007606506348,1782754044111,90.0,,,-3103459194646096770
Timing: Forward,0.13147234916687012,1782754177546,91.0,,,-7844150648014876572
Timing: Forward,0.23011326789855957,1782754177974,91.0,,,-5917081598864237704
Timing: Forward,0.12486529350280762,1782754178431,91.0,,,-2779151439017686103
Timing: Forward,0.14401984214782715,1782754178796,91.0,,,-2784334493382441304
Timing: Forward,0.14502358436584473,1782754179179,91.0,,,-5030320417704015424
Timing: Forward,0.14955401420593262,1782754179587,91.0,,,-4131864660673077482
Timing: Forward,0.12706398963928223,1782754307896,92.0,,,-4566735322195078583
Timing: Forward,0.13795781135559082,1782754308220,92.0,,,-7633761119671348646
Timing: Forward,0.13370013236999512,1782754308553,92.0,,,-5637609053865972790
Timing: Forward,0.13355135917663574,1782754308902,92.0,,,-3857029383106530803
Timing: Forward,0.13296127319335938,1782754309269,92.0,,,-8067370545833828975
Timing: Forward,0.13431096076965332,1782754309647,92.0,,,-1407195077790809689
Timing: Forward,0.07547831535339355,1782754468609,93.0,,,-7247204440385905717
Timing: Forward,0.051140785217285156,1782754468746,93.0,,,-3950007762989691925
Timing: Forward,0.05110502243041992,1782754468878,93.0,,,-53196446370953351
Timing: Forward,0.05438971519470215,1782754469020,93.0,,,-4102357239159857801
Timing: Forward,0.05062222480773926,1782754469163,93.0,,,-7298464176796048420
Timing: Forward,0.05041003227233887,1782754469316,93.0,,,-4442160200132466735
Timing: Forward,0.1515519618988037,1782754635132,94.0,,,-2358719228138051250
Timing: Forward,0.27872538566589355,1782754635655,94.0,,,-4340573819723810928
Timing: Forward,0.1342310905456543,1782754636131,94.0,,,-6704008221064906304
Timing: Forward,0.1335315704345703,1782754636493,94.0,,,-7651655626748115174
Timing: Forward,0.1314396858215332,1782754636874,94.0,,,-4620070881791792798
Timing: Forward,0.1303081512451172,1782754637264,94.0,,,-6724142012850446397
Timing: Forward,0.13412737846374512,1782754785338,95.0,,,-2488766672674600423
Timing: Forward,0.14203143119812012,1782754785676,95.0,,,-2984659128307629275
Timing: Forward,0.14357829093933105,1782754786030,95.0,,,-3261419388661825320
Timing: Forward,0.1424732208251953,1782754786396,95.0,,,-78538289547587968
Timing: Forward,0.14073514938354492,1782754786787,95.0,,,-7769945003665855812
Timing: Forward,0.1453242301940918,1782754787202,95.0,,,-2226095361601397077
Timing: Forward,0.12848758697509766,1782754934283,96.0,,,-6122857633329035665
Timing: Forward,0.13421034812927246,1782754934600,96.0,,,-5052022187554857932
Timing: Forward,0.13455939292907715,1782754934934,96.0,,,-6817939255408385369
Timing: Forward,0.13666152954101562,1782754935284,96.0,,,-5281621652747743302
Timing: Forward,0.1366896629333496,1782754935648,96.0,,,-596577921077318184
Timing: Forward,0.13750433921813965,1782754936033,96.0,,,-5327880020845396054
Timing: Forward,0.05082368850708008,1782755101989,97.0,,,-5144101049243103204
Timing: Forward,0.20290875434875488,1782755102291,97.0,,,-7040137539361431995
Timing: Forward,0.05327463150024414,1782755102426,97.0,,,-704055674704820466
Timing: Forward,0.051021575927734375,1782755102565,97.0,,,-3182300461943990437
Timing: Forward,0.05087161064147949,1782755102713,97.0,,,-8047286318652969022
Timing: Forward,0.05143904685974121,1782755102868,97.0,,,-2142187384750362896
Timing: Forward,0.057994842529296875,1782755263788,98.0,,,-5994456736887957850
Timing: Forward,0.05880141258239746,1782755263943,98.0,,,-8908603537797557099
Timing: Forward,0.058820247650146484,1782755264104,98.0,,,-1285386712520739025
Timing: Forward,0.05867886543273926,1782755264269,98.0,,,-3033125682695807819
Timing: Forward,0.05861616134643555,1782755264442,98.0,,,-1482967487382561812
Timing: Forward,0.058814048767089844,1782755264625,98.0,,,-6345537478516513040
Timing: Forward,0.14934897422790527,1782755375685,99.0,,,-1047557253845997166
Timing: Forward,0.14968299865722656,1782755376155,99.0,,,-2698325963116829941
Timing: Forward,0.2562391757965088,1782755376679,99.0,,,-1085789775176635050
Timing: Forward,0.13342714309692383,1782755377049,99.0,,,-3081922728624829116
Timing: Forward,0.1326601505279541,1782755377439,99.0,,,-3775512637418911195
Timing: Forward,0.13283872604370117,1782755377828,99.0,,,-4309089218506290944
Timing: Forward,0.1282181739807129,1782755537531,100.0,,,-3920166935385877183
Timing: Forward,0.136155366897583,1782755537849,100.0,,,-5978973555715453685
Timing: Forward,0.13445425033569336,1782755538189,100.0,,,-3998766573296431155
Timing: Forward,0.13756513595581055,1782755538557,100.0,,,-5966395077082152495
Timing: Forward,0.1309652328491211,1782755538918,100.0,,,-7347124354204624496
Timing: Forward,0.12903714179992676,1782755539296,100.0,,,-1298743107862548500
Timing: Forward,0.1681079864501953,1782755692458,101.0,,,-7209206441843844070
Timing: Forward,0.2457120418548584,1782755693124,101.0,,,-6248737828125915402
Timing: Forward,0.2626049518585205,1782755693790,101.0,,,-2658581815926276443
Timing: Forward,0.23742389678955078,1782755694469,101.0,,,-3618805255835170612
Timing: Forward,0.23436713218688965,1782755695172,101.0,,,-7637435921431208040
Timing: Forward,0.18447089195251465,1782755695851,101.0,,,-6732215937499608107
Timing: Forward,0.06902432441711426,1782755874594,102.0,,,-3308464447213986094
Timing: Forward,0.05109000205993652,1782755874729,102.0,,,-6375641815590491622
Timing: Forward,0.05119156837463379,1782755874867,102.0,,,-4597283707057715830
Timing: Forward,0.05145907402038574,1782755875023,102.0,,,-4610845177369900816
Timing: Forward,0.051207780838012695,1782755875172,102.0,,,-2274008378108254119
Timing: Forward,0.050992727279663086,1782755875331,102.0,,,-1656193924301122083
Timing: Forward,0.06320977210998535,1782756034344,103.0,,,-5128452316257169925
Timing: Forward,0.051502227783203125,1782756034479,103.0,,,-4642687934876773687
Timing: Forward,0.0515294075012207,1782756034616,103.0,,,-6470343664842471428
Timing: Forward,0.05160832405090332,1782756034769,103.0,,,-349303500017953823
Timing: Forward,0.05135846138000488,1782756034920,103.0,,,-8313872562862049109
Timing: Forward,0.0512232780456543,1782756035076,103.0,,,-7055372541793505970
Timing: Forward,0.06391382217407227,1782756185512,104.0,,,-7618151477526537534
Timing: Forward,0.06785416603088379,1782756185684,104.0,,,-6051969786471336023
Timing: Forward,0.06960463523864746,1782756185863,104.0,,,-6705841368883932630
Timing: Forward,0.06258392333984375,1782756186047,104.0,,,-1855054933003053218
Timing: Forward,0.11720991134643555,1782756189152,104.0,,,-3211244818181806735
Timing: Forward,0.06487846374511719,1782756189349,104.0,,,-3570264542423811382
Timing: Forward,0.13238239288330078,1782756317209,105.0,,,-2959499004563172
Timing: Forward,0.16636919975280762,1782756317571,105.0,,,-9027107668173549604
Timing: Forward,0.13367199897766113,1782756317914,105.0,,,-4029391608346748046
Timing: Forward,0.13274741172790527,1782756318273,105.0,,,-6334558281387549248
Timing: Forward,0.132920503616333,1782756318648,105.0,,,-3637864466553331487
Timing: Forward,0.13128399848937988,1782756319037,105.0,,,-8138044030718042672
Timing: Forward,0.13087010383605957,1782756469545,106.0,,,-6431972476794975740
Timing: Forward,0.13331198692321777,1782756469865,106.0,,,-103222577382986023
Timing: Forward,0.13044476509094238,1782756470210,106.0,,,-2712071319487349255
Timing: Forward,0.13033485412597656,1782756470571,106.0,,,-6372842570547077372
Timing: Forward,0.13538074493408203,1782756470945,106.0,,,-5850052810510366572
Timing: Forward,0.13202404975891113,1782756471331,106.0,,,-6329321944347793737
Timing: Forward,0.05222129821777344,1782756634600,107.0,,,-1332995716301177522
Timing: Forward,0.05184054374694824,1782756634731,107.0,,,-5356127373399358113
Timing: Forward,0.05145692825317383,1782756634867,107.0,,,-375623577384977286
Timing: Forward,0.05159640312194824,1782756635008,107.0,,,-2749521221236275467
Timing: Forward,0.05146956443786621,1782756635155,107.0,,,-5185488492584467103
Timing: Forward,0.051698923110961914,1782756637346,107.0,,,-2648470879533048105
Timing: Forward,0.13521242141723633,1782756784347,108.0,,,-4264948788975119607
Timing: Forward,0.13848590850830078,1782756784680,108.0,,,-3769482007459880049
Timing: Forward,0.1365058422088623,1782756785029,108.0,,,-7297356771583739939
Timing: Forward,0.13585281372070312,1782756785390,108.0,,,-5480156076269922966
Timing: Forward,0.1377246379852295,1782756785769,108.0,,,-6676352121727250579
Timing: Forward,0.13776183128356934,1782756786166,108.0,,,-4401398131039843101
Timing: Forward,0.13140225410461426,1782756931164,109.0,,,-2142960401867018072
Timing: Forward,0.1383824348449707,1782756931498,109.0,,,-5960125910480099263
Timing: Forward,0.13838934898376465,1782756931837,109.0,,,-692688782942942076
Timing: Forward,0.1338958740234375,1782756932188,109.0,,,-5374539544294552716
Timing: Forward,0.1315298080444336,1782756932557,109.0,,,-3029669466570192707
Timing: Forward,0.1321251392364502,1782756932944,109.0,,,-698639453150763794
Timing: Forward,0.12794995307922363,1782757094921,110.0,,,-7867268818763680716
Timing: Forward,0.13110041618347168,1782757095235,110.0,,,-2029213085177680577
Timing: Forward,0.12959718704223633,1782757095569,110.0,,,-1579442998624748397
Timing: Forward,0.12871503829956055,1782757095917,110.0,,,-6561608569117933510
Timing: Forward,0.128920316696167,1782757096276,110.0,,,-4265956351583449443
Timing: Forward,0.14667963981628418,1782757099589,110.0,,,-6959730943785977282
Timing: Forward,0.06145882606506348,1782757263490,111.0,,,-2057860003103684868
Timing: Forward,0.050667524337768555,1782757263622,111.0,,,-2644947290576450098
Timing: Forward,0.05061602592468262,1782757263756,111.0,,,-4671328099795977060
Timing: Forward,0.05057954788208008,1782757263899,111.0,,,-7139310432375942131
Timing: Forward,0.0504910945892334,1782757264043,111.0,,,-4076964816649733454
Timing: Forward,0.0507655143737793,1782757264196,111.0,,,-8265492901077078519
Timing: Forward,0.15353989601135254,1782757390357,112.0,,,-1755870845725257512
Timing: Forward,0.14002227783203125,1782757390700,112.0,,,-1338505495145893287
Timing: Forward,0.14499139785766602,1782757391051,112.0,,,-8727456362805073609
Timing: Forward,0.14108920097351074,1782757391419,112.0,,,-1198343905305623848
Timing: Forward,0.1419363021850586,1782757391801,112.0,,,-4579315453288381232
Timing: Forward,0.14242887496948242,1782757392199,112.0,,,-7835138352838342278
Timing: Forward,0.12842106819152832,1782757539634,113.0,,,-7823007077329177022
Timing: Forward,0.16013240814208984,1782757539979,113.0,,,-808562258726651275
Timing: Forward,0.13686370849609375,1782757540326,113.0,,,-6468030309802552323
Timing: Forward,0.1780223846435547,1782757544037,113.0,,,-6044478922187570459
Timing: Forward,0.13161826133728027,1782757544424,113.0,,,-5850307648892715497
Timing: Forward,0.17902159690856934,1782757544859,113.0,,,-496386058476499097
Timing: Forward,0.13022708892822266,1782757695315,114.0,,,-7505098536932935014
Timing: Forward,0.13292622566223145,1782757695635,114.0,,,-3048080093255627814
Timing: Forward,0.13507580757141113,1782757695974,114.0,,,-5182656766900086281
Timing: Forward,0.13654637336730957,1782757696335,114.0,,,-9019595853294246629
Timing: Forward,0.13826751708984375,1782757696716,114.0,,,-126940641829032089
Timing: Forward,0.13833308219909668,1782757697112,114.0,,,-2505178352466007183
Timing: Forward,0.2812323570251465,1782757861781,115.0,,,-2146512098586020486
Timing: Forward,0.3135035037994385,1782757862203,115.0,,,-3918537194616272875
Timing: Forward,0.2410283088684082,1782757862658,115.0,,,-5911177301079737405
Timing: Forward,0.13243436813354492,1782757863004,115.0,,,-7694805387726273179
Timing: Forward,0.13274168968200684,1782757865631,115.0,,,-2955891075885076966
Timing: Forward,0.13211894035339355,1782757866019,115.0,,,-7672663445443051961
Timing: Forward,0.05100417137145996,1782758022467,116.0,,,-7469490019732433653
Timing: Forward,0.05030059814453125,1782758022597,116.0,,,-1294903972948057385
Timing: Forward,0.05043148994445801,1782758022728,116.0,,,-2565752464214594801
Timing: Forward,0.05053138732910156,1782758022866,116.0,,,-8226628938295403360
Timing: Forward,0.05052042007446289,1782758023014,116.0,,,-1147902182381939704
Timing: Forward,0.050371408462524414,1782758023165,116.0,,,-5024761854486290427
Timing: Forward,0.12887001037597656,1782758177019,117.0,,,-8293583792908903056
Timing: Forward,0.06912589073181152,1782758177248,117.0,,,-209716322409371343
Timing: Forward,0.06715083122253418,1782758177427,117.0,,,-7581756881425762763
Timing: Forward,0.06938552856445312,1782758177618,117.0,,,-283363963572410908
Timing: Forward,0.06759977340698242,1782758177816,117.0,,,-2944602568706024813
Timing: Forward,0.06905961036682129,1782758178022,117.0,,,-3125241892331981093
Timing: Forward,0.13087987899780273,1782758293580,118.0,,,-4758688698432976069
Timing: Forward,0.12761378288269043,1782758293894,118.0,,,-3525860502605870292
Timing: Forward,0.12997198104858398,1782758294228,118.0,,,-8665431101799032138
Timing: Forward,0.14097261428833008,1782758294591,118.0,,,-7430137486633372105
Timing: Forward,0.1280982494354248,1782758294968,118.0,,,-2466654735216018154
Timing: Forward,0.12810564041137695,1782758295356,118.0,,,-9048273324877685523
Timing: Forward,0.12830591201782227,1782758443201,119.0,,,-377004031016281566
Timing: Forward,0.1305840015411377,1782758443515,119.0,,,-8690169677699786832
Timing: Forward,0.1304788589477539,1782758443849,119.0,,,-6508113154566698589
Timing: Forward,0.1288440227508545,1782758444196,119.0,,,-2310410108464500387
Timing: Forward,0.1283276081085205,1782758444559,119.0,,,-3920240547996315535
Timing: Forward,0.12842798233032227,1782758444939,119.0,,,-7613013616489486273
Timing: Forward,0.05082535743713379,1782758625259,120.0,,,-3709270737214856141
Timing: Forward,0.051132917404174805,1782758625391,120.0,,,-3035076345985988720
Timing: Forward,0.052759647369384766,1782758625525,120.0,,,-400023511126456632
Timing: Forward,0.05274081230163574,1782758625664,120.0,,,-1312808642898528249
Timing: Forward,0.053360700607299805,1782758625809,120.0,,,-504208180780564995
Timing: Forward,0.05084562301635742,1782758625959,120.0,,,-8995620139164462485
Timing: Forward,0.13364315032958984,1782758776620,121.0,,,-7190776674208561096
Timing: Forward,0.14058136940002441,1782758776954,121.0,,,-8533066524972786163
Timing: Forward,0.1366291046142578,1782758777296,121.0,,,-671392754132978872
Timing: Forward,0.13249945640563965,1782758777661,121.0,,,-3441748948334759459
Timing: Forward,0.13355755805969238,1782758778039,121.0,,,-6401987010200239054
Timing: Forward,0.13366413116455078,1782758778435,121.0,,,-6445592883761145176
Timing: Forward,0.12741327285766602,1782758920112,122.0,,,-5632177365875300776
Timing: Forward,0.13228511810302734,1782758920435,122.0,,,-2036933128621420893
Timing: Forward,0.13246726989746094,1782758920772,122.0,,,-3869399088582891309
Timing: Forward,0.12997221946716309,1782758921122,122.0,,,-1384093355149945482
Timing: Forward,0.13091611862182617,1782758921490,122.0,,,-5883887123800201941
Timing: Forward,0.1304786205291748,1782758921871,122.0,,,-9202587177097698416
Timing: Forward,0.05078768730163574,1782759078358,123.0,,,-2819101024652070325
Timing: Forward,0.05069375038146973,1782759078488,123.0,,,-2376499464163038831
Timing: Forward,0.0510561466217041,1782759078622,123.0,,,-2703259111746731228
Timing: Forward,0.05088520050048828,1782759078762,123.0,,,-5702769794544341357
Timing: Forward,0.050722599029541016,1782759078907,123.0,,,-8157326810379155772
Timing: Forward,0.050994873046875,1782759079059,123.0,,,-9055297726213309179
Timing: Forward,0.07906079292297363,1782759256518,124.0,,,-7159697324356984815
Timing: Forward,0.05957508087158203,1782759256679,124.0,,,-8556168958249222633
Timing: Forward,0.06359624862670898,1782759256850,124.0,,,-3236038397882582180
Timing: Forward,0.060498952865600586,1782759257025,124.0,,,-6679609363032331866
Timing: Forward,0.0578916072845459,1782759257207,124.0,,,-3007306318809592840
Timing: Forward,0.05971884727478027,1782759257391,124.0,,,-6910597458545781633
Timing: Forward,0.13148045539855957,1782759387969,125.0,,,-3770641823618400757
Timing: Forward,0.1376960277557373,1782759388295,125.0,,,-5922265165258941684
Timing: Forward,0.13939166069030762,1782759388633,125.0,,,-8008599281118381665
Timing: Forward,0.1443939208984375,1782759389000,125.0,,,-2671965584547950281
Timing: Forward,0.133742094039917,1782759389367,125.0,,,-8286678977644654219
Timing: Forward,0.13255929946899414,1782759389754,125.0,,,-3332741650027308439
Timing: Forward,0.13125085830688477,1782759538706,126.0,,,-2521690912588396859
Timing: Forward,0.1419203281402588,1782759539034,126.0,,,-1010190646433491562
Timing: Forward,0.13567018508911133,1782759539374,126.0,,,-277733613795446673
Timing: Forward,0.13679289817810059,1782759539728,126.0,,,-8455711623262678012
Timing: Forward,0.13764476776123047,1782759540097,126.0,,,-1220906982900472562
Timing: Forward,0.13805675506591797,1782759540481,126.0,,,-7702170859260908792
Timing: Forward,0.05075263977050781,1782759693776,127.0,,,-2063681494040834944
Timing: Forward,0.05211210250854492,1782759693907,127.0,,,-3187873258454173204
Timing: Forward,0.05206298828125,1782759694042,127.0,,,-7775565777215124574
Timing: Forward,0.052280426025390625,1782759694179,127.0,,,-8990011862400190216
Timing: Forward,0.049986839294433594,1782759694321,127.0,,,-1974848624893661674
Timing: Forward,0.05025172233581543,1782759694471,127.0,,,-7611162459223681539
Timing: Forward,0.07772684097290039,1782759858470,128.0,,,-8728088435568386325
Timing: Forward,0.05254507064819336,1782759858601,128.0,,,-3252808780837864052
Timing: Forward,0.05252575874328613,1782759858737,128.0,,,-524510820409370060
Timing: Forward,0.052712440490722656,1782759860930,128.0,,,-1293705520950711614
Timing: Forward,0.0526432991027832,1782759861077,128.0,,,-7184272947838707046
Timing: Forward,0.053139448165893555,1782759861231,128.0,,,-6199470096778711986
Timing: Forward,0.13054490089416504,1782759999907,129.0,,,-4375422805615105700
Timing: Forward,0.1344311237335205,1782760000236,129.0,,,-8379046537212470666
Timing: Forward,0.13295698165893555,1782760000578,129.0,,,-3166887818961715339
Timing: Forward,0.13231825828552246,1782760000942,129.0,,,-6816941809894988786
Timing: Forward,0.1330404281616211,1782760001318,129.0,,,-4753984522927844114
Timing: Forward,0.13075828552246094,1782760001710,129.0,,,-2927600831766223152
Timing: Forward,0.13202786445617676,1782760163530,130.0,,,-7342560112106828743
Timing: Forward,0.13396000862121582,1782760163865,130.0,,,-3406847268196102090
Timing: Forward,0.1332108974456787,1782760164208,130.0,,,-1212680543511210017
Timing: Forward,0.1326429843902588,1782760164565,130.0,,,-5893884484120486462
Timing: Forward,0.13187503814697266,1782760164939,130.0,,,-6914300870352491702
Timing: Forward,0.13261032104492188,1782760165331,130.0,,,-8941774987054166928
Timing: Forward,0.05028080940246582,1782760308482,131.0,,,-2633746411660519679
Timing: Forward,0.050366878509521484,1782760308611,131.0,,,-5841236395281711101
Timing: Forward,0.05019211769104004,1782760308744,131.0,,,-9095239848039155291
Timing: Forward,0.05091977119445801,1782760308884,131.0,,,-8468926731982256571
Timing: Forward,0.050492048263549805,1782760309028,131.0,,,-8183805082264243273
Timing: Forward,0.050069570541381836,1782760309179,131.0,,,-6441044255426258723
Timing: Forward,0.13347482681274414,1782760475980,132.0,,,-8285998736663367198
Timing: Forward,0.14419817924499512,1782760476319,132.0,,,-2404076330926717360
Timing: Forward,0.12561273574829102,1782760476644,132.0,,,-5218170389020151940
Timing: Forward,0.13413739204406738,1782760477006,132.0,,,-2747472973502805441
Timing: Forward,0.13438844680786133,1782760477385,132.0,,,-7803002672245402087
Timing: Forward,0.13640117645263672,1782760477781,132.0,,,-5799597276682581663
Timing: Forward,0.13592290878295898,1782760616103,133.0,,,-867491696577425131
Timing: Forward,0.1416912078857422,1782760616439,133.0,,,-6829194369027403827
Timing: Forward,0.13655328750610352,1782760616788,133.0,,,-8704214091059016318
Timing: Forward,0.1353445053100586,1782760617156,133.0,,,-3355060173182521963
Timing: Forward,0.13535594940185547,1782760617538,133.0,,,-2269656698943609509
Timing: Forward,0.13364553451538086,1782760617932,133.0,,,-1019529171297112443
Timing: Forward,0.130659818649292,1782760772515,134.0,,,-393617242300936640
Timing: Forward,0.1357269287109375,1782760772835,134.0,,,-6510406417460832411
Timing: Forward,0.13007688522338867,1782760773169,134.0,,,-312084204867524519
Timing: Forward,0.12996959686279297,1782760773522,134.0,,,-514565982173343895
Timing: Forward,0.12950825691223145,1782760773891,134.0,,,-285470430078277160
Timing: Forward,0.13120031356811523,1782760774277,134.0,,,-2444903097487840029
Timing: Forward,0.05112814903259277,1782760954945,135.0,,,-7163231999979843658
Timing: Forward,0.05177569389343262,1782760955078,135.0,,,-4964622688970257619
Timing: Forward,0.05129599571228027,1782760955216,135.0,,,-6583537544824735879
Timing: Forward,0.051122426986694336,1782760955356,135.0,,,-8124726040712135426
Timing: Forward,0.05337715148925781,1782760955504,135.0,,,-4311124044424783122
Timing: Forward,0.05411386489868164,1782760955659,135.0,,,-7643169588555734611
Timing: Forward,0.13775324821472168,1782761110633,136.0,,,-1499388161672080427
Timing: Forward,0.1380329132080078,1782761110962,136.0,,,-8213257453185542405
Timing: Forward,0.143967866897583,1782761111316,136.0,,,-2404055734387704341
Timing: Forward,0.13782191276550293,1782761111675,136.0,,,-5789342589160788077
Timing: Forward,0.13941001892089844,1782761112063,136.0,,,-5072336532280085496
Timing: Forward,0.1363356113433838,1782761112456,136.0,,,-342663023035883016
Timing: Forward,0.12835907936096191,1782761247056,137.0,,,-5917248713370229142
Timing: Forward,0.136948823928833,1782761247385,137.0,,,-8099125037483576327
Timing: Forward,0.13435029983520508,1782761247730,137.0,,,-2585198862766254166
Timing: Forward,0.1413123607635498,1782761251185,137.0,,,-697718949638838225
Timing: Forward,0.14499258995056152,1782761251566,137.0,,,-4864012933717128882
Timing: Forward,0.14540958404541016,1782761251965,137.0,,,-5124063202167186807
Timing: Forward,0.05155491828918457,1782761395909,138.0,,,-7168340120197673940
Timing: Forward,0.051607370376586914,1782761396040,138.0,,,-4476252602365052825
Timing: Forward,0.05109572410583496,1782761396173,138.0,,,-1914778671700484646
Timing: Forward,0.05163693428039551,1782761396313,138.0,,,-1707724307210843655
Timing: Forward,0.053269147872924805,1782761396459,138.0,,,-869966316667696696
Timing: Forward,0.05356454849243164,1782761396609,138.0,,,-6423843948559994772
Timing: Forward,0.13688254356384277,1782761555493,139.0,,,-8929648376205372927
Timing: Forward,0.14480018615722656,1782761555839,139.0,,,-3840961762489280576
Timing: Forward,0.13732218742370605,1782761556183,139.0,,,-6328460209972627079
Timing: Forward,0.1388247013092041,1782761556549,139.0,,,-4966203659949051810
Timing: Forward,0.13623929023742676,1782761556930,139.0,,,-4661552558195982604
Timing: Forward,0.13660407066345215,1782761557330,139.0,,,-509699409360663936
Timing: Forward,0.13567256927490234,1782761711837,140.0,,,-7581911079320932497
Timing: Forward,0.2348794937133789,1782761712318,140.0,,,-3233749008567084228
Timing: Forward,0.2069387435913086,1782761712916,140.0,,,-5665942233686561685
Timing: Forward,0.1346597671508789,1782761713391,140.0,,,-4446412715632920077
Timing: Forward,0.13693952560424805,1782761713769,140.0,,,-6051629119512182652
Timing: Forward,0.13646793365478516,1782761714162,140.0,,,-413227047572548505
Timing: Forward,0.13314199447631836,1782761868173,141.0,,,-2550347338674569146
Timing: Forward,0.2434549331665039,1782761868607,141.0,,,-7462339027079229644
Timing: Forward,0.2117328643798828,1782761869107,141.0,,,-3656529719321546456
Timing: Forward,0.13408780097961426,1782761869509,141.0,,,-7146994008369016091
Timing: Forward,0.13599777221679688,1782761869886,141.0,,,-7652722883444187626
Timing: Forward,0.13610005378723145,1782761870278,141.0,,,-3617655763723571143
Timing: Forward,0.0768289566040039,1782762024864,142.0,,,-8451967485369675403
Timing: Forward,0.050583600997924805,1782762024992,142.0,,,-2885366670210700511
Timing: Forward,0.05058479309082031,1782762025123,142.0,,,-8191200708436305409
Timing: Forward,0.050676822662353516,1782762025276,142.0,,,-2189859910858529496
Timing: Forward,0.05091667175292969,1782762025420,142.0,,,-7345796533615549349
Timing: Forward,0.11844968795776367,1782762025782,142.0,,,-857010979145142869
Timing: Forward,0.05156373977661133,1782762198510,143.0,,,-5738905917127062964
Timing: Forward,0.051760196685791016,1782762198642,143.0,,,-8577477604176987110
Timing: Forward,0.05151629447937012,1782762198784,143.0,,,-7335335149103946971
Timing: Forward,0.05160021781921387,1782762198925,143.0,,,-9201445072144946285
Timing: Forward,0.05364060401916504,1782762199073,143.0,,,-424616506989793616
Timing: Forward,0.05368304252624512,1782762199226,143.0,,,-2704341452765675249
Timing: Forward,0.1350390911102295,1782762345986,144.0,,,-2740204389168987207
Timing: Forward,0.13674020767211914,1782762346324,144.0,,,-4020392255810482540
Timing: Forward,0.13610076904296875,1782762346682,144.0,,,-5046208706519284176
Timing: Forward,0.13819670677185059,1782762347052,144.0,,,-6379498325485682890
Timing: Forward,0.13824748992919922,1782762347436,144.0,,,-6178638845355873406
Timing: Forward,0.1363680362701416,1782762347832,144.0,,,-2187668839452607628
Timing: Forward,0.13572478294372559,1782762497908,145.0,,,-69394162271543780
Timing: Forward,0.13800835609436035,1782762498240,145.0,,,-7944831449280413136
Timing: Forward,0.134476900100708,1782762498584,145.0,,,-3999300804900231898
Timing: Forward,0.13511180877685547,1782762498955,145.0,,,-6833334496841331690
Timing: Forward,0.13535571098327637,1782762499334,145.0,,,-2531692537302070223
Timing: Forward,0.1347653865814209,1782762499726,145.0,,,-2499175454894701674
Timing: Forward,0.05242466926574707,1782762663784,146.0,,,-4314699497119211572
Timing: Forward,0.05260515213012695,1782762663917,146.0,,,-5278312173996856139
Timing: Forward,0.05275845527648926,1782762664054,146.0,,,-8860749327639840862
Timing: Forward,0.05170249938964844,1782762664195,146.0,,,-6183810550593836765
Timing: Forward,0.05189347267150879,1782762664342,146.0,,,-641729326960441025
Timing: Forward,0.05202531814575195,1782762664495,146.0,,,-4083870438834699376
Timing: Forward,0.1329028606414795,1782762817894,147.0,,,-5826719192451875209
Timing: Forward,0.1356058120727539,1782762818229,147.0,,,-7899314902477550731
Timing: Forward,0.14122319221496582,1782762818572,147.0,,,-2418737126070584979
Timing: Forward,0.13898253440856934,1782762818930,147.0,,,-3179956773446420237
Timing: Forward,0.13411164283752441,1782762819296,147.0,,,-420723916811701181
Timing: Forward,0.14485716819763184,1782762819690,147.0,,,-856913313405954401
Timing: Forward,0.13192439079284668,1782762969690,148.0,,,-6099650831520452604
Timing: Forward,0.24564385414123535,1782762970195,148.0,,,-999322060303671518
Timing: Forward,0.24793648719787598,1782762970726,148.0,,,-7118904513204446765
Timing: Forward,0.13821649551391602,1782762971100,148.0,,,-1760245618471341124
Timing: Forward,0.15259838104248047,1782762971492,148.0,,,-8047240514426879075
Timing: Forward,0.13868212699890137,1782762971881,148.0,,,-7097845950765075575
Timing: Forward,0.12946820259094238,1782763123913,149.0,,,-3161873699444041745
Timing: Forward,0.1308140754699707,1782763124232,149.0,,,-3440698877289573799
Timing: Forward,0.13022589683532715,1782763124569,149.0,,,-1155542251616085528
Timing: Forward,0.13592982292175293,1782763124922,149.0,,,-6150407306126440090
Timing: Forward,0.13615918159484863,1782763125291,149.0,,,-5432677182152101989
Timing: Forward,0.1428971290588379,1782763125683,149.0,,,-8467333161695322498
Timing: Forward,0.12604498863220215,1782763293923,150.0,,,-4276126785875272922
Timing: Forward,0.13321447372436523,1782763294236,150.0,,,-9118979361681260575
Timing: Forward,0.12680912017822266,1782763294558,150.0,,,-1608003673813459382
Timing: Forward,0.1285855770111084,1782763294904,150.0,,,-3655678070784504396
Timing: Forward,0.12860369682312012,1782763295266,150.0,,,-3862506305253476512
Timing: Forward,0.12804841995239258,1782763295639,150.0,,,-8137680456734106148
Timing: Forward,0.07317709922790527,1782763469163,151.0,,,-2956933275900331358
Timing: Forward,0.050844430923461914,1782763469293,151.0,,,-5908050025214585964
Timing: Forward,0.05089545249938965,1782763469428,151.0,,,-1008477731971106238
Timing: Forward,0.050939321517944336,1782763469574,151.0,,,-1214704219055259846
Timing: Forward,0.05075502395629883,1782763469719,151.0,,,-3331595650404376921
Timing: Forward,0.0512547492980957,1782763469872,151.0,,,-7577722334662051538
Timing: Forward,0.13053631782531738,1782763590426,152.0,,,-7727097933025291780
Timing: Forward,0.13495469093322754,1782763590750,152.0,,,-3626282561359752806
Timing: Forward,0.1316661834716797,1782763591090,152.0,,,-5152387603460853184
Timing: Forward,0.13256001472473145,1782763591447,152.0,,,-1017137721786123059
Timing: Forward,0.13198351860046387,1782763591821,152.0,,,-6084274766821323554
Timing: Forward,0.13151764869689941,1782763592210,152.0,,,-9038809222004763750
Timing: Forward,0.12979865074157715,1782763746016,153.0,,,-3348859092935643834
Timing: Forward,0.13275408744812012,1782763746333,153.0,,,-6905674377914102803
Timing: Forward,0.12882351875305176,1782763746674,153.0,,,-3072510983955739783
Timing: Forward,0.12932848930358887,1782763747030,153.0,,,-5466860155631656456
Timing: Forward,0.12741708755493164,1782763747390,153.0,,,-1281784070937842917
Timing: Forward,0.1301717758178711,1782763747769,153.0,,,-9178570190843393881
Timing: Forward,0.06705689430236816,1782763927734,154.0,,,-5340998254367613472
Timing: Forward,0.05256795883178711,1782763927868,154.0,,,-6985314336863738052
Timing: Forward,0.05307197570800781,1782763928003,154.0,,,-3242678343239836971
Timing: Forward,0.05340456962585449,1782763928165,154.0,,,-5847618151925904286
Timing: Forward,0.050599098205566406,1782763928310,154.0,,,-3339372438477107160
Timing: Forward,0.050318241119384766,1782763928465,154.0,,,-3718305161977383065
Timing: Forward,0.1315784454345703,1782764081716,155.0,,,-2442253937315252774
Timing: Forward,0.23364639282226562,1782764082294,155.0,,,-7074828493820395667
Timing: Forward,0.13372206687927246,1782764082686,155.0,,,-6841766932607720349
Timing: Forward,0.13587355613708496,1782764083049,155.0,,,-4541495266697278623
Timing: Forward,0.13450384140014648,1782764083428,155.0,,,-6754508758127935989
Timing: Forward,0.13384199142456055,1782764083826,155.0,,,-2343883211590367613
Timing: Forward,0.1290140151977539,1782764237546,156.0,,,-4089986332027436311
Timing: Forward,0.13118362426757812,1782764237871,156.0,,,-4740444070813874327
Timing: Forward,0.13338232040405273,1782764238214,156.0,,,-7811652644062862761
Timing: Forward,0.13252830505371094,1782764238572,156.0,,,-6400639391409428763
Timing: Forward,0.13106250762939453,1782764239071,156.0,,,-8554260528843405384
Timing: Forward,0.1324787139892578,1782764239464,156.0,,,-7241450411955711157
Timing: Forward,0.050559282302856445,1782764399098,157.0,,,-6896057671103043807
Timing: Forward,0.052375078201293945,1782764399227,157.0,,,-3798245350423232185
Timing: Forward,0.0526735782623291,1782764401423,157.0,,,-8733097885595239596
Timing: Forward,0.05047130584716797,1782764401686,157.0,,,-4215247551621003241
Timing: Forward,0.0509946346282959,1782764401832,157.0,,,-8691428926013551514
Timing: Forward,0.0554356575012207,1782764401987,157.0,,,-7561982456725496699
Timing: Forward,0.13181114196777344,1782764569714,158.0,,,-1829321063026295923
Timing: Forward,0.1326308250427246,1782764570043,158.0,,,-3824685663596439077
Timing: Forward,0.1328747272491455,1782764570382,158.0,,,-7303613268787873572
Timing: Forward,0.13276457786560059,1782764570738,158.0,,,-2359750785471790438
Timing: Forward,0.13344573974609375,1782764571114,158.0,,,-1006073596783745806
Timing: Forward,0.1328127384185791,1782764571506,158.0,,,-1094170806614015591
Timing: Forward,0.12989139556884766,1782764701358,159.0,,,-9124809079404886190
Timing: Forward,0.13313531875610352,1782764701676,159.0,,,-6239410736399049896
Timing: Forward,0.13126611709594727,1782764702010,159.0,,,-6791046462759511195
Timing: Forward,0.13208317756652832,1782764702367,159.0,,,-8468937859677576230
Timing: Forward,0.1307516098022461,1782764702736,159.0,,,-3323067853566784603
Timing: Forward,0.13344216346740723,1782764703120,159.0,,,-5153411270224227310
Timing: Forward,0.050275564193725586,1782764875003,160.0,,,-6389516510217744421
Timing: Forward,0.05148792266845703,1782764875133,160.0,,,-4087825611698824362
Timing: Forward,0.052265167236328125,1782764875269,160.0,,,-7423070246041301696
Timing: Forward,0.04965806007385254,1782764875405,160.0,,,-462631298092680053
Timing: Forward,0.05005764961242676,1782764875549,160.0,,,-1819955200295942403
Timing: Forward,0.049494266510009766,1782764875700,160.0,,,-2178348300145098997
Timing: Forward,0.0735635757446289,1782765054097,161.0,,,-2323946558229367061
Timing: Forward,0.05394101142883301,1782765054237,161.0,,,-6547936559304366982
Timing: Forward,0.05364036560058594,1782765054379,161.0,,,-4120510041248500177
Timing: Forward,0.05381155014038086,1782765054538,161.0,,,-6772122429510017709
Timing: Forward,0.053478240966796875,1782765054692,161.0,,,-5973387202284028110
Timing: Forward,0.051444292068481445,1782765054853,161.0,,,-5409271655843025437
Timing: Forward,0.1330878734588623,1782765190575,162.0,,,-8821619553979313070
Timing: Forward,0.18962526321411133,1782765190959,162.0,,,-4263873100290306590
Timing: Forward,0.1308426856994629,1782765191294,162.0,,,-8005772724263468346
Timing: Forward,0.13086485862731934,1782765191648,162.0,,,-7369979964340392919
Timing: Forward,0.13049983978271484,1782765192019,162.0,,,-8472059551013005808
Timing: Forward,0.13193488121032715,1782765192409,162.0,,,-6209701860562876368
Timing: Forward,0.13089561462402344,1782765347267,163.0,,,-5062988895118286610
Timing: Forward,0.1337113380432129,1782765347600,163.0,,,-4429729588193241204
Timing: Forward,0.13407611846923828,1782765347950,163.0,,,-7168383702718984958
Timing: Forward,0.131941556930542,1782765348312,163.0,,,-5548107020830567911
Timing: Forward,0.13096356391906738,1782765348691,163.0,,,-8224266302605795399
Timing: Forward,0.13221979141235352,1782765349085,163.0,,,-1906016952771604728
Timing: Forward,0.12691950798034668,1782765506736,164.0,,,-3677416682479214791
Timing: Forward,0.12801408767700195,1782765507050,164.0,,,-963180706087977934
Timing: Forward,0.12666869163513184,1782765507382,164.0,,,-4233832911780627742
Timing: Forward,0.12917208671569824,1782765507730,164.0,,,-2196635427617388053
Timing: Forward,0.13484716415405273,1782765508105,164.0,,,-3420078784090805691
Timing: Forward,0.13412714004516602,1782765508484,164.0,,,-1595905297514975547
Timing: Forward,0.05200338363647461,1782765698078,165.0,,,-9178353807051606383
Timing: Forward,0.050563812255859375,1782765698211,165.0,,,-7680752006655059561
Timing: Forward,0.05119442939758301,1782765698347,165.0,,,-7732537126755631524
Timing: Forward,0.052428245544433594,1782765698486,165.0,,,-7695706959965205854
Timing: Forward,0.052794694900512695,1782765698633,165.0,,,-1704895414767852928
Timing: Forward,0.05331993103027344,1782765698787,165.0,,,-157256976684581996
Timing: Forward,0.13299274444580078,1782765831871,166.0,,,-8935212113446079321
Timing: Forward,0.1411135196685791,1782765832202,166.0,,,-1779015010882580688
Timing: Forward,0.13812875747680664,1782765832548,166.0,,,-7126559168848887811
Timing: Forward,0.22649550437927246,1782765833006,166.0,,,-4149306338290016884
Timing: Forward,0.15716147422790527,1782765833416,166.0,,,-8678082606093736059
Timing: Forward,0.22517108917236328,1782765834110,166.0,,,-2637819384105843802
Timing: Forward,0.13185405731201172,1782765991048,167.0,,,-4284302718330731658
Timing: Forward,0.14031577110290527,1782765991374,167.0,,,-4839632298937940005
Timing: Forward,0.1297321319580078,1782765991713,167.0,,,-602726162181838998
Timing: Forward,0.12877130508422852,1782765992067,167.0,,,-6186655361841528063
Timing: Forward,0.1306290626525879,1782765992491,167.0,,,-6557641332607446887
Timing: Forward,0.13694357872009277,1782765992883,167.0,,,-5081792956712283604
Timing: Forward,0.05108284950256348,1782766173756,168.0,,,-1731164766955166539
Timing: Forward,0.05186200141906738,1782766173892,168.0,,,-6327488870909139950
Timing: Forward,0.05170464515686035,1782766174036,168.0,,,-6585218978268857732
Timing: Forward,0.05374622344970703,1782766174185,168.0,,,-7109579116825029021
Timing: Forward,0.05496025085449219,1782766174338,168.0,,,-127170663506783614
Timing: Forward,0.05742359161376953,1782766174502,168.0,,,-1514342322485861838
Timing: Forward,0.12893986701965332,1782766330615,169.0,,,-9280037257529543
Timing: Forward,0.2065901756286621,1782766331025,169.0,,,-6696564413065383432
Timing: Forward,0.15624308586120605,1782766331513,169.0,,,-36268919516846690
Timing: Forward,0.16204500198364258,1782766331922,169.0,,,-2259951260155632865
Timing: Forward,3.278287887573242,1782766335451,169.0,,,-8460218292420145628
Timing: Forward,0.2078564167022705,1782766336182,169.0,,,-1208746800760938113
Timing: Forward,0.13727784156799316,1782766500771,170.0,,,-6388513420551653712
Timing: Forward,0.13057947158813477,1782766501110,170.0,,,-3241656450806009650
Timing: Forward,0.13149261474609375,1782766501453,170.0,,,-6166419665122669337
Timing: Forward,0.13091468811035156,1782766501818,170.0,,,-8813437619563014100
Timing: Forward,0.1307377815246582,1782766502193,170.0,,,-6389597348991254539
Timing: Forward,0.1288471221923828,1782766502576,170.0,,,-2495805921545504109
Timing: Forward,0.12969565391540527,1782766655889,171.0,,,-4328026523534376971
Timing: Forward,0.18784332275390625,1782766656328,171.0,,,-1665210603195686694
Timing: Forward,0.26062893867492676,1782766656955,171.0,,,-7906796577434516581
Timing: Forward,0.25807905197143555,1782766657664,171.0,,,-9101958623851672075
Timing: Forward,0.27651429176330566,1782766658417,171.0,,,-8223554547324638064
Timing: Forward,0.13367891311645508,1782766663538,171.0,,,-9002188500036739828
Timing: Forward,0.051654815673828125,1782766844461,172.0,,,-4801695639582067770
Timing: Forward,0.051505088806152344,1782766844594,172.0,,,-5940809770956698064
Timing: Forward,0.051133155822753906,1782766844730,172.0,,,-4296233723554155583
Timing: Forward,0.0814058780670166,1782766844901,172.0,,,-1892909774830448863
Timing: Forward,0.06493759155273438,1782766845084,172.0,,,-3262540901459713286
Timing: Forward,0.0517270565032959,1782766845244,172.0,,,-3250166739509316622
Timing: Forward,0.12897014617919922,1782766970397,173.0,,,-7551787040890750268
Timing: Forward,0.13320469856262207,1782766970720,173.0,,,-1692400101177866508
Timing: Forward,0.15509867668151855,1782766971082,173.0,,,-3117249505905580933
Timing: Forward,0.13039779663085938,1782766971444,173.0,,,-1097188375200300117
Timing: Forward,0.13792872428894043,1782766971818,173.0,,,-409709481710951259
Timing: Forward,0.13817310333251953,1782766972209,173.0,,,-7050273472851872247
Timing: Forward,0.12678313255310059,1782767132635,174.0,,,-4937880601269621268
Timing: Forward,0.12849926948547363,1782767132952,174.0,,,-6384681339192552787
Timing: Forward,0.1293659210205078,1782767133287,174.0,,,-6811532262776907030
Timing: Forward,0.1272885799407959,1782767133636,174.0,,,-1466676898256292210
Timing: Forward,0.12778186798095703,1782767134002,174.0,,,-5620163808888545090
Timing: Forward,0.13098740577697754,1782767134385,174.0,,,-8499142716068640758
Timing: Forward,0.27092671394348145,1782767322752,175.0,,,-2696410135831755011
Timing: Forward,0.0522456169128418,1782767322893,175.0,,,-4182968679444418729
Timing: Forward,0.05265164375305176,1782767323040,175.0,,,-8613232756247928395
Timing: Forward,0.05611610412597656,1782767323193,175.0,,,-2666619175666674545
Timing: Forward,0.05673480033874512,1782767323354,175.0,,,-1848816265489468067
Timing: Forward,0.057698726654052734,1782767323522,175.0,,,-5567436088874280419
Timing: Forward,0.560861349105835,1782767506005,176.0,,,-4016385218583318566
Timing: Forward,0.14766478538513184,1782767506348,176.0,,,-5563104534700344184
Timing: Forward,0.14453768730163574,1782767506902,176.0,,,-6474599919449537724
Timing: Forward,0.2205960750579834,1782767507558,176.0,,,-5313012555940867410
Timing: Forward,0.14773321151733398,1782767507946,176.0,,,-6490843969982964840
Timing: Forward,0.14009737968444824,1782767508353,176.0,,,-7839839383427027818
Timing: Forward,0.3692789077758789,1782767670946,177.0,,,-532820075889875516
Timing: Forward,0.26384425163269043,1782767671667,177.0,,,-3917863092259657420
Timing: Forward,0.1907052993774414,1782767672329,177.0,,,-8390336198051004510
Timing: Forward,0.2034144401550293,1782767672977,177.0,,,-8957501438474910818
Timing: Forward,0.1525709629058838,1782767673475,177.0,,,-3997682333969243706
Timing: Forward,0.1614847183227539,1782767673993,177.0,,,-3813638550536364983
Timing: Forward,0.05432295799255371,1782767848432,178.0,,,-4937126788713987425
Timing: Forward,0.05352354049682617,1782767848574,178.0,,,-1055931094696761173
Timing: Forward,0.0518336296081543,1782767848727,178.0,,,-7982989367753003389
Timing: Forward,0.05374407768249512,1782767848873,178.0,,,-8410107811305451289
Timing: Forward,0.05374956130981445,1782767849023,178.0,,,-6365237729626391143
Timing: Forward,0.05626273155212402,1782767849184,178.0,,,-3152652574105639409
Timing: Forward,0.24804306030273438,1782768023159,179.0,,,-2047520375192358153
Timing: Forward,0.12928557395935059,1782768023477,179.0,,,-7664215023042711776
Timing: Forward,0.09852075576782227,1782768023776,179.0,,,-5115537516338504110
Timing: Forward,0.0950002670288086,1782768024105,179.0,,,-8068588410394651830
Timing: Forward,0.10056281089782715,1782768024474,179.0,,,-5852843610655576012
Timing: Forward,0.09989666938781738,1782768024870,179.0,,,-7690781610573514972
Timing: Forward,0.3310103416442871,1782768199675,180.0,,,-5895681699853768338
Timing: Forward,0.13455414772033691,1782768200001,180.0,,,-1319124217777020407
Timing: Forward,0.11544036865234375,1782768200298,180.0,,,-8488949744293064787
Timing: Forward,0.08490753173828125,1782768200632,180.0,,,-1108528872249102425
Timing: Forward,0.06186079978942871,1782768200855,180.0,,,-8126148528476288688
Timing: Forward,0.05939221382141113,1782768201056,180.0,,,-4338745383059605795
Timing: Forward,0.07743215560913086,1782768290795,181.0,,,-7245316681289333819
Timing: Forward,0.05091357231140137,1782768290933,181.0,,,-5998806319734999793
Timing: Forward,0.05168938636779785,1782768291068,181.0,,,-8652707746510622182
Timing: Forward,0.05496335029602051,1782768291212,181.0,,,-2309407928009012674
Timing: Forward,0.05067181587219238,1782768291359,181.0,,,-4992996074723468094
Timing: Forward,0.050993919372558594,1782768291512,181.0,,,-3052153554165677512
Timing: Forward,0.05141901969909668,1782768380234,182.0,,,-7028955018380816874
Timing: Forward,0.050071001052856445,1782768380368,182.0,,,-6252478773471709385
Timing: Forward,0.05321645736694336,1782768380506,182.0,,,-4196083143581777390
Timing: Forward,0.06212186813354492,1782768380656,182.0,,,-7501973320464366756
Timing: Forward,0.05288243293762207,1782768380804,182.0,,,-3647676602336477857
Timing: Forward,0.050045013427734375,1782768380955,182.0,,,-8566515896185546037
Timing: Forward,0.0634450912475586,1782768468773,183.0,,,-384987646457026759
Timing: Forward,0.053720951080322266,1782768468907,183.0,,,-309285865735014518
Timing: Forward,0.050282955169677734,1782768469039,183.0,,,-6245431849981738641
Timing: Forward,0.05054640769958496,1782768469186,183.0,,,-8254779659532983510
Timing: Forward,0.05048203468322754,1782768469332,183.0,,,-8950910735909036748
Timing: Forward,0.05036425590515137,1782768469484,183.0,,,-6074563153030522241
Timing: Forward,0.05051159858703613,1782768558338,184.0,,,-8337531275915660194
Timing: Forward,0.04990744590759277,1782768558467,184.0,,,-3081123674917217784
Timing: Forward,0.04975295066833496,1782768558599,184.0,,,-8861829626918410686
Timing: Forward,0.04964423179626465,1782768558736,184.0,,,-5770966443252029754
Timing: Forward,0.050104379653930664,1782768558879,184.0,,,-651447320107265201
Timing: Forward,0.04989743232727051,1782768559029,184.0,,,-2607677789114067317
Timing: Forward,0.05049729347229004,1782768653672,185.0,,,-5110836766336120501
Timing: Forward,0.05077338218688965,1782768653804,185.0,,,-7728062784260442713
Timing: Forward,0.05004739761352539,1782768653936,185.0,,,-7837169498502910987
Timing: Forward,0.050226688385009766,1782768654074,185.0,,,-8901288993411020672
Timing: Forward,0.050260066986083984,1782768654220,185.0,,,-7818215745663380441
Timing: Forward,0.05331587791442871,1782768654373,185.0,,,-7930548883243652075
Timing: Forward,0.07391548156738281,1782768743088,186.0,,,-4648438771022571788
Timing: Forward,0.0516810417175293,1782768743224,186.0,,,-2524106565638304439
Timing: Forward,0.05198335647583008,1782768743355,186.0,,,-8941709977298135879
Timing: Forward,0.05368661880493164,1782768743492,186.0,,,-2843901407453204095
Timing: Forward,0.04971456527709961,1782768743635,186.0,,,-5160287574425068230
Timing: Forward,0.04929709434509277,1782768743782,186.0,,,-6348804114870064129
Timing: Forward,0.05002999305725098,1782768831051,187.0,,,-3806786182638573880
Timing: Forward,0.052167415618896484,1782768831179,187.0,,,-208888926452556993
Timing: Forward,0.04956960678100586,1782768831309,187.0,,,-5361490344146895141
Timing: Forward,0.04918408393859863,1782768831444,187.0,,,-3120498939598633259
Timing: Forward,0.04973196983337402,1782768831586,187.0,,,-7721970669923674947
Timing: Forward,0.04917478561401367,1782768831733,187.0,,,-1932089293782092435
Timing: Forward,0.07555484771728516,1782768922159,188.0,,,-3769107760575580684
Timing: Forward,0.05223798751831055,1782768922293,188.0,,,-4508098512809902596
Timing: Forward,0.052396535873413086,1782768922426,188.0,,,-2009567020359442811
Timing: Forward,0.05483412742614746,1782768922566,188.0,,,-1459535782351485011
Timing: Forward,0.05005598068237305,1782768922711,188.0,,,-723402079472789688
Timing: Forward,0.04978346824645996,1782768922864,188.0,,,-8472741094851013211
Timing: Forward,0.05025601387023926,1782769012977,189.0,,,-3809434271567059080
Timing: Forward,0.0502164363861084,1782769013106,189.0,,,-7697006918089968938
Timing: Forward,0.0511324405670166,1782769013242,189.0,,,-2712978154233960093
Timing: Forward,0.05163717269897461,1782769013384,189.0,,,-310884376014859177
Timing: Forward,0.051821231842041016,1782769013534,189.0,,,-2384487313344453880
Timing: Forward,0.05034065246582031,1782769013689,189.0,,,-5012800139671275749
Timing: Forward,0.05065512657165527,1782769108266,190.0,,,-6935980831496847369
Timing: Forward,0.052089691162109375,1782769108397,190.0,,,-8008929205212172896
Timing: Forward,0.050273895263671875,1782769108528,190.0,,,-7677414098137106002
Timing: Forward,0.05014395713806152,1782769108666,190.0,,,-8484656932002579292
Timing: Forward,0.04976367950439453,1782769108810,190.0,,,-4552241596316911862
Timing: Forward,0.05034780502319336,1782769108961,190.0,,,-31431138373703237
Timing: Forward,0.07625389099121094,1782769198403,191.0,,,-7877591549386745576
Timing: Forward,0.051305532455444336,1782769198539,191.0,,,-1167857044007435215
Timing: Forward,0.051378488540649414,1782769198675,191.0,,,-2800342002255655404
Timing: Forward,0.05391693115234375,1782769198820,191.0,,,-6322327664433480393
Timing: Forward,0.05114388465881348,1782769198968,191.0,,,-5072168361252617939
Timing: Forward,0.05054211616516113,1782769199123,191.0,,,-4411015016176432438
Timing: Forward,0.049607038497924805,1782769286730,192.0,,,-3104487667815464652
Timing: Forward,0.04954409599304199,1782769286857,192.0,,,-4403962725477728874
Timing: Forward,0.04944562911987305,1782769286987,192.0,,,-52844873478463625
Timing: Forward,0.050402164459228516,1782769287126,192.0,,,-2047013452805696421
Timing: Forward,2.1005499362945557,1782769289318,192.0,,,-419332271107756716
Timing: Forward,0.04980349540710449,1782769289480,192.0,,,-3225912188879501507
Timing: Forward,0.0772707462310791,1782769379511,193.0,,,-4474511246071492130
Timing: Forward,0.051294803619384766,1782769379651,193.0,,,-275015586502960460
Timing: Forward,0.05092644691467285,1782769379787,193.0,,,-903716484418671816
Timing: Forward,0.058635711669921875,1782769379937,193.0,,,-2820563326287530712
Timing: Forward,0.05069088935852051,1782769380085,193.0,,,-8455654597350618445
Timing: Forward,0.05364489555358887,1782769380239,193.0,,,-7999129540536026832
Timing: Forward,0.04993152618408203,1782769469294,194.0,,,-323767045103754897
Timing: Forward,0.05042767524719238,1782769469425,194.0,,,-3591699759907048359
Timing: Forward,0.05214190483093262,1782769469559,194.0,,,-6352434318781928685
Timing: Forward,0.052526235580444336,1782769469698,194.0,,,-3880286488239274749
Timing: Forward,0.05292654037475586,1782769469843,194.0,,,-3034353044438573934
Timing: Forward,0.05002737045288086,1782769469991,194.0,,,-1924607161802697136
Timing: Forward,0.05075645446777344,1782769564772,195.0,,,-5924177912295763501
Timing: Forward,0.05048942565917969,1782769564905,195.0,,,-1605596432714016386
Timing: Forward,0.052436113357543945,1782769565039,195.0,,,-6966700643241358259
Timing: Forward,0.05317401885986328,1782769565179,195.0,,,-4803231029721414675
Timing: Forward,0.053147315979003906,1782769565325,195.0,,,-4279653908548518637
Timing: Forward,0.050835609436035156,1782769565474,195.0,,,-5214714219137924881
Timing: Forward,0.07357549667358398,1782769654350,196.0,,,-1117526771182470503
Timing: Forward,0.049224853515625,1782769654483,196.0,,,-6687954571227717836
Timing: Forward,0.04981184005737305,1782769654613,196.0,,,-1492439284532164184
Timing: Forward,0.052791595458984375,1782769654750,196.0,,,-4645294122831548615
Timing: Forward,0.04874277114868164,1782769654891,196.0,,,-9160419365541234236
Timing: Forward,0.04956960678100586,1782769655041,196.0,,,-7241786189880887295
Timing: Forward,0.0501866340637207,1782769742058,197.0,,,-7161846998695907490
Timing: Forward,0.05016350746154785,1782769742189,197.0,,,-1678042256425442257
Timing: Forward,0.05062150955200195,1782769742323,197.0,,,-6163165488502704870
Timing: Forward,0.052590370178222656,1782769742462,197.0,,,-8509764008049116954
Timing: Forward,0.053443193435668945,1782769742608,197.0,,,-8863677807155705814
Timing: Forward,0.05338406562805176,1782769742761,197.0,,,-3827247019926931530
Timing: Forward,0.07645487785339355,1782769833380,198.0,,,-1671687345747870492
Timing: Forward,0.052475929260253906,1782769833513,198.0,,,-7977008260070015345
Timing: Forward,0.05313754081726074,1782769833656,198.0,,,-1120650595940998895
Timing: Forward,0.05275416374206543,1782769833813,198.0,,,-7570780023471149393
Timing: Forward,0.05694866180419922,1782769833967,198.0,,,-7033787080530744893
Timing: Forward,0.05067086219787598,1782769834123,198.0,,,-9060430738555245960
Timing: Forward,0.05019807815551758,1782769923955,199.0,,,-5081696323115119541
Timing: Forward,0.05257391929626465,1782769924085,199.0,,,-4623539181407894060
Timing: Forward,0.050656795501708984,1782769924217,199.0,,,-2091562963490926401
Timing: Forward,0.05000495910644531,1782769924355,199.0,,,-1465973258788882165
Timing: Forward,0.04955625534057617,1782769924499,199.0,,,-5041472728564551891
Timing: Forward,0.05018210411071777,1782769924651,199.0,,,-588021024172052894
Timing: Forward,0.05057549476623535,1782770020024,200.0,,,-1276112149046725619
Timing: Forward,0.04961824417114258,1782770020153,200.0,,,-5385349384158159859
Timing: Forward,0.049706459045410156,1782770020285,200.0,,,-1345886388043127901
Timing: Forward,0.04941821098327637,1782770020422,200.0,,,-1810140858889397882
Timing: Forward,0.04987454414367676,1782770020567,200.0,,,-7640797988256395199
Timing: Forward,0.04984641075134277,1782770020718,200.0,,,-6189685390192099577
Timing: Forward,0.05084991455078125,1782770111425,201.0,,,-6726113763304854403
Timing: Forward,0.05103302001953125,1782770111558,201.0,,,-6787977379462611359
Timing: Forward,0.05254387855529785,1782770111696,201.0,,,-6707381671468710207
Timing: Forward,0.05116844177246094,1782770111842,201.0,,,-6121811484391116837
Timing: Forward,0.0542142391204834,1782770111994,201.0,,,-3134510925110902955
Timing: Forward,0.055207014083862305,1782770112154,201.0,,,-367762873599311480
Timing: Forward,0.05036330223083496,1782770200606,202.0,,,-2513354753944724797
Timing: Forward,0.05253791809082031,1782770200735,202.0,,,-5971986412217538669
Timing: Forward,0.05235600471496582,1782770200867,202.0,,,-2374191371357794203
Timing: Forward,0.05247139930725098,1782770201005,202.0,,,-8912879119347219550
Timing: Forward,0.05000805854797363,1782770201145,202.0,,,-8000146079052595600
Timing: Forward,0.04986453056335449,1782770201295,202.0,,,-5989271344929601295
Timing: Forward,0.06238079071044922,1782770292341,203.0,,,-7151991642198149905
Timing: Forward,0.05375385284423828,1782770292475,203.0,,,-4343420905280139173
Timing: Forward,0.050972938537597656,1782770292608,203.0,,,-3159389448299196349
Timing: Forward,0.05112648010253906,1782770292752,203.0,,,-1567623183983877913
Timing: Forward,0.050261735916137695,1782770292899,203.0,,,-8172334257293858124
Timing: Forward,0.05083894729614258,1782770293054,203.0,,,-3685496888784110516
Timing: Forward,0.05095100402832031,1782770382207,204.0,,,-2803702752305977851
Timing: Forward,0.05057787895202637,1782770382337,204.0,,,-7227396790189684787
Timing: Forward,0.05306196212768555,1782770382474,204.0,,,-3811877428504294462
Timing: Forward,0.050672054290771484,1782770382617,204.0,,,-4618266446648433763
Timing: Forward,0.05063581466674805,1782770382764,204.0,,,-6810572038400334880
Timing: Forward,0.05077648162841797,1782770382918,204.0,,,-2637982125639941909
Timing: Forward,0.05132484436035156,1782770477303,205.0,,,-8959312738523309306
Timing: Forward,0.05110287666320801,1782770477435,205.0,,,-147616885373414781
Timing: Forward,0.05150485038757324,1782770477569,205.0,,,-8242798386638690933
Timing: Forward,0.05056047439575195,1782770477707,205.0,,,-4151640816924667201
Timing: Forward,0.05285215377807617,1782770477851,205.0,,,-5282919729110620589
Timing: Forward,0.053560495376586914,1782770478002,205.0,,,-1176340485523289722
Timing: Forward,0.050968170166015625,1782770567594,206.0,,,-1056316528013309295
Timing: Forward,0.050182342529296875,1782770567724,206.0,,,-3262425877605526387
Timing: Forward,0.051081180572509766,1782770567858,206.0,,,-1733018973298870013
Timing: Forward,0.05107688903808594,1782770567998,206.0,,,-1233966108252566519
Timing: Forward,0.05060243606567383,1782770568145,206.0,,,-4752761911201120799
Timing: Forward,0.050752878189086914,1782770568299,206.0,,,-9040792613088872874
Timing: Forward,0.05056309700012207,1782770655244,207.0,,,-1616564774195455533
Timing: Forward,0.050353288650512695,1782770655372,207.0,,,-4631553578992844156
Timing: Forward,0.050518035888671875,1782770655504,207.0,,,-6803138877174474770
Timing: Forward,0.0508880615234375,1782770657686,207.0,,,-406181244720574190
Timing: Forward,0.0513150691986084,1782770657841,207.0,,,-467910645267318758
Timing: Forward,0.05076742172241211,1782770657996,207.0,,,-7364159951170140832
Timing: Forward,0.06273984909057617,1782770753020,208.0,,,-1715455664931212125
Timing: Forward,0.05989217758178711,1782770753162,208.0,,,-6001621922458072778
Timing: Forward,0.0621490478515625,1782770753328,208.0,,,-703050110497236887
Timing: Forward,0.05714774131774902,1782770753551,208.0,,,-6382721980839997989
Timing: Forward,0.055718421936035156,1782770753719,208.0,,,-4025920102741206637
Timing: Forward,0.059931278228759766,1782770753970,208.0,,,-8152984668922970546
Timing: Forward,0.05241227149963379,1782770847559,209.0,,,-1229238726803849858
Timing: Forward,0.05416536331176758,1782770847737,209.0,,,-1360012472989256523
Timing: Forward,0.053093910217285156,1782770847887,209.0,,,-3446510504255625045
Timing: Forward,0.05171704292297363,1782770848032,209.0,,,-8490617509315241554
Timing: Forward,0.05511641502380371,1782770848188,209.0,,,-6140946207323818962
Timing: Forward,0.05153059959411621,1782770848351,209.0,,,-3511777779610200967
Timing: Forward,0.05293750762939453,1782770942738,210.0,,,-6586778079932606654
Timing: Forward,0.051987648010253906,1782770942886,210.0,,,-4994830401299340633
Timing: Forward,0.05166745185852051,1782770943029,210.0,,,-2504067107073979438
Timing: Forward,0.052719831466674805,1782770943173,210.0,,,-6856994994920437993
Timing: Forward,0.05156302452087402,1782770943321,210.0,,,-3781949930918032976
Timing: Forward,0.05190396308898926,1782770943476,210.0,,,-2629975163360975376
Timing: Forward,0.10039138793945312,1782771032664,211.0,,,-3421715017782930809
Timing: Forward,0.05615091323852539,1782771032850,211.0,,,-3676430593853827950
Timing: Forward,0.05131649971008301,1782771032993,211.0,,,-1802681048642130446
Timing: Forward,0.05173087120056152,1782771033136,211.0,,,-2532000841900484591
Timing: Forward,0.05158495903015137,1782771033284,211.0,,,-6587861453468787228
Timing: Forward,0.08310461044311523,1782771033471,211.0,,,-2420806256529670301
Timing: Forward,0.07702088356018066,1782771121421,212.0,,,-1008459070171657489
Timing: Forward,0.052149295806884766,1782771121584,212.0,,,-6944722497338430005
Timing: Forward,0.05182480812072754,1782771121748,212.0,,,-219781209907100539
Timing: Forward,0.05667376518249512,1782771124029,212.0,,,-8575890123986432468
Timing: Forward,0.05224967002868652,1782771124189,212.0,,,-571007857661401652
Timing: Forward,0.052346229553222656,1782771124351,212.0,,,-3070508643786252995
Timing: Forward,0.05151557922363281,1782771213716,213.0,,,-7629544141423266740
Timing: Forward,0.05142807960510254,1782771213848,213.0,,,-3212110408092495067
Timing: Forward,0.0521390438079834,1782771213982,213.0,,,-2496615607215810566
Timing: Forward,0.07540369033813477,1782771214144,213.0,,,-2134512246718097263
Timing: Forward,0.10053777694702148,1782771214342,213.0,,,-3249220748731549451
Timing: Forward,0.06255960464477539,1782771214529,213.0,,,-4024939973282693359
Timing: Forward,0.052214860916137695,1782771303848,214.0,,,-3656585906870946520
Timing: Forward,0.05205678939819336,1782771303983,214.0,,,-8537099449054414499
Timing: Forward,0.05195045471191406,1782771304131,214.0,,,-8332662379989746371
Timing: Forward,0.05144929885864258,1782771304280,214.0,,,-5889259539621328591
Timing: Forward,0.05154132843017578,1782771304430,214.0,,,-1530238132962545846
Timing: Forward,0.05184650421142578,1782771304587,214.0,,,-6751731847732044803
Timing: Forward,0.10179877281188965,1782771398933,215.0,,,-3966187807692167108
Timing: Forward,0.07619380950927734,1782771399113,215.0,,,-5702208765440348191
Timing: Forward,0.05174589157104492,1782771399275,215.0,,,-2726410755090021218
Timing: Forward,0.05151510238647461,1782771399418,215.0,,,-8450645756008345693
Timing: Forward,0.05155754089355469,1782771399565,215.0,,,-2346888912385662233
Timing: Forward,0.06427669525146484,1782771399735,215.0,,,-4130846125630888738
Timing: Forward,0.05220532417297363,1782771490049,216.0,,,-7842964913753785588
Timing: Forward,0.05206584930419922,1782771490196,216.0,,,-8151395610112891320
Timing: Forward,0.051095008850097656,1782771490341,216.0,,,-2009815045136591057
Timing: Forward,0.05133485794067383,1782771490484,216.0,,,-4173465350549649398
Timing: Forward,0.05362200736999512,1782771490640,216.0,,,-2467631360393067913
Timing: Forward,0.05414915084838867,1782771490808,216.0,,,-1753520795546898687
Timing: Forward,0.058065176010131836,1782771577682,217.0,,,-6372105264645941767
Timing: Forward,0.049988508224487305,1782771577818,217.0,,,-6486990389095862265
Timing: Forward,0.04951930046081543,1782771577950,217.0,,,-5455355316946740501
Timing: Forward,0.10284709930419922,1782771578148,217.0,,,-1700050445962501987
Timing: Forward,2.150315999984741,1782771580403,217.0,,,-2402143885165951601
Timing: Forward,0.051729679107666016,1782771580586,217.0,,,-3608305060584138801
Timing: Forward,0.1013185977935791,1782771668763,218.0,,,-2170371025439380311
Timing: Forward,0.10051393508911133,1782771668945,218.0,,,-7536740418505845588
Timing: Forward,0.0590972900390625,1782771669142,218.0,,,-8487515557995023241
Timing: Forward,0.05112814903259277,1782771669298,218.0,,,-7677444059421731554
Timing: Forward,0.05120134353637695,1782771669445,218.0,,,-22518256721366983
Timing: Forward,0.0509335994720459,1782771669598,218.0,,,-7625084061218492250
Timing: Forward,0.05012345314025879,1782771759110,219.0,,,-7776642737088711982
Timing: Forward,0.10291218757629395,1782771759295,219.0,,,-3959675404330371505
Timing: Forward,0.05620098114013672,1782771759491,219.0,,,-4681900503480259420
Timing: Forward,0.05343127250671387,1782771759655,219.0,,,-2595051725304223876
Timing: Forward,0.05392169952392578,1782771759804,219.0,,,-1479568640899783560
Timing: Forward,0.05449676513671875,1782771759959,219.0,,,-7860437979424541641
Timing: Forward,0.05293440818786621,1782771855310,220.0,,,-5664513503453060693
Timing: Forward,0.052065372467041016,1782771855447,220.0,,,-9167067780958933209
Timing: Forward,0.10132169723510742,1782771855635,220.0,,,-4029249521926265277
Timing: Forward,0.052533864974975586,1782771855816,220.0,,,-1152997769292409833
Timing: Forward,0.05181574821472168,1782771855977,220.0,,,-7252842412504575148
Timing: Forward,0.052243947982788086,1782771856132,220.0,,,-6051359605912030651
Timing: Forward,0.05190873146057129,1782771945827,221.0,,,-6310660760704368793
Timing: Forward,0.052024126052856445,1782771945972,221.0,,,-4174694599601444621
Timing: Forward,0.05154609680175781,1782771946108,221.0,,,-920739787306234699
Timing: Forward,0.051358938217163086,1782771946249,221.0,,,-6932397491609983703
Timing: Forward,0.05138826370239258,1782771946395,221.0,,,-7763549116250533925
Timing: Forward,0.053444623947143555,1782771946548,221.0,,,-2296268671777868646
Timing: Forward,0.10847306251525879,1782772035766,222.0,,,-3889913416350710485
Timing: Forward,0.08913803100585938,1782772035949,222.0,,,-8685456926219302560
Timing: Forward,0.05338335037231445,1782772036132,222.0,,,-7531303361328283454
Timing: Forward,0.05251622200012207,1782772036296,222.0,,,-7750063327340269974
Timing: Forward,0.05267500877380371,1782772036465,222.0,,,-3564580333152880182
Timing: Forward,0.08037447929382324,1782772036649,222.0,,,-6452903019725057153
Timing: Forward,0.05004000663757324,1782772125376,223.0,,,-4847376289478879624
Timing: Forward,0.051012277603149414,1782772125506,223.0,,,-733170796666330030
Timing: Forward,0.05155134201049805,1782772125649,223.0,,,-7747586305532115925
Timing: Forward,0.0519561767578125,1782772125805,223.0,,,-7931158438886644234
Timing: Forward,0.05138230323791504,1782772125955,223.0,,,-6921823660910676316
Timing: Forward,0.05139613151550293,1782772126111,223.0,,,-6485617867366490061
Timing: Forward,0.08861970901489258,1782772216255,224.0,,,-7068687850480202820
Timing: Forward,0.05504798889160156,1782772216435,224.0,,,-6816963064486828684
Timing: Forward,0.0517125129699707,1782772216583,224.0,,,-2630947418990819001
Timing: Forward,0.05016207695007324,1782772216725,224.0,,,-7066451712762748761
Timing: Forward,0.057333946228027344,1782772216916,224.0,,,-941773611352741112
Timing: Forward,0.054205894470214844,1782772217071,224.0,,,-3284968146591938345
Timing: Forward,0.0800783634185791,1782772312627,225.0,,,-4621256478312600879
Timing: Forward,0.08397936820983887,1782772312789,225.0,,,-336105045109181640
Timing: Forward,0.05422163009643555,1782772312923,225.0,,,-7157247071636312519
Timing: Forward,0.05409550666809082,1782772313060,225.0,,,-8710865962724988417
Timing: Forward,0.05189156532287598,1782772313202,225.0,,,-6710697480911113736
Timing: Forward,0.05162763595581055,1782772313353,225.0,,,-6709316119926327127
Timing: Forward,0.1016538143157959,1782772403311,226.0,,,-922898664078032411
Timing: Forward,0.11238431930541992,1782772403503,226.0,,,-8685268116539306763
Timing: Forward,0.05101513862609863,1782772403639,226.0,,,-8540764899209479552
Timing: Forward,0.09857988357543945,1782772403827,226.0,,,-3985767908902883990
Timing: Forward,0.05316495895385742,1782772404016,226.0,,,-624851806985011156
Timing: Forward,0.051853179931640625,1782772404172,226.0,,,-1829837712163841723
Timing: Forward,0.06475996971130371,1782772493517,227.0,,,-6329988230834451564
Timing: Forward,0.05146956443786621,1782772493653,227.0,,,-303664215671456412
Timing: Forward,0.051943302154541016,1782772493791,227.0,,,-6543318332873898428
Timing: Forward,0.07554483413696289,1782772496052,227.0,,,-6237471238326039163
Timing: Forward,0.05138087272644043,1782772496220,227.0,,,-6617505743667168234
Timing: Forward,0.05197906494140625,1782772496377,227.0,,,-8635910956465405832
Timing: Forward,0.05182337760925293,1782772586572,228.0,,,-9165995014509034295
Timing: Forward,0.05198264122009277,1782772586707,228.0,,,-5572739633545061598
Timing: Forward,0.05276942253112793,1782772586855,228.0,,,-3397570949524626021
Timing: Forward,0.05508685111999512,1782772587021,228.0,,,-6533432847698862100
Timing: Forward,0.08871698379516602,1782772587228,228.0,,,-3428559875595072422
Timing: Forward,0.0518038272857666,1782772587401,228.0,,,-7708230676847487004
Timing: Forward,0.050484418869018555,1782772678694,229.0,,,-5252419113178543077
Timing: Forward,0.05330371856689453,1782772678828,229.0,,,-852662168668852384
Timing: Forward,0.10047626495361328,1782772679017,229.0,,,-3264613153728014649
Timing: Forward,0.05501914024353027,1782772679189,229.0,,,-3279392227606053107
Timing: Forward,0.05457162857055664,1782772679340,229.0,,,-9068152019306128862
Timing: Forward,0.0516965389251709,1782772679491,229.0,,,-6677627881647745265
Timing: Forward,0.10071635246276855,1782772776915,230.0,,,-8775093325969579604
Timing: Forward,0.058562517166137695,1782772777096,230.0,,,-3327134584455904201
Timing: Forward,0.0539243221282959,1782772777249,230.0,,,-982718210643497907
Timing: Forward,0.05392932891845703,1782772777393,230.0,,,-2465258686551969335
Timing: Forward,0.0657646656036377,1782772777554,230.0,,,-8841207374500460275
Timing: Forward,0.1053462028503418,1782772777762,230.0,,,-5294987177387981882
Timing: Forward,0.10709691047668457,1782772870027,231.0,,,-3479784624296934777
Timing: Forward,0.0962674617767334,1782772870221,231.0,,,-1618030544732751640
Timing: Forward,0.05165243148803711,1782772870381,231.0,,,-4353237561809283974
Timing: Forward,0.05094718933105469,1782772870526,231.0,,,-6388957687237565959
Timing: Forward,0.05172300338745117,1782772870679,231.0,,,-8018418881872702048
Timing: Forward,0.055512428283691406,1782772870841,231.0,,,-7783020018836539696
Timing: Forward,0.051447153091430664,1782772960314,232.0,,,-6267390389059957587
Timing: Forward,0.10213303565979004,1782772962608,232.0,,,-5368465754790295902
Timing: Forward,0.09186196327209473,1782772962794,232.0,,,-5166422924964394621
Timing: Forward,0.05217576026916504,1782772962966,232.0,,,-4718780432243815800
Timing: Forward,0.0511324405670166,1782772963116,232.0,,,-7140045465226560999
Timing: Forward,0.05113387107849121,1782772963271,232.0,,,-7079720946271116861
Timing: Forward,0.10210013389587402,1782773055156,233.0,,,-8093585991283200518
Timing: Forward,0.10688638687133789,1782773055346,233.0,,,-423114477035743183
Timing: Forward,0.06962847709655762,1782773055530,233.0,,,-4801786217525837828
Timing: Forward,0.05260586738586426,1782773055690,233.0,,,-710071810206905587
Timing: Forward,0.05170631408691406,1782773055841,233.0,,,-2852308807907106685
Timing: Forward,0.05173301696777344,1782773055996,233.0,,,-643250968736146239
Timing: Forward,0.05309295654296875,1782773147313,234.0,,,-2466436995937570021
Timing: Forward,0.052468061447143555,1782773147461,234.0,,,-7267697794457324357
Timing: Forward,0.052826642990112305,1782773147617,234.0,,,-7076238459857307898
Timing: Forward,0.052300214767456055,1782773147771,234.0,,,-3727528980010460268
Timing: Forward,0.052347421646118164,1782773147920,234.0,,,-353334770912937726
Timing: Forward,0.06238985061645508,1782773148085,234.0,,,-4836654899082461294
Timing: Forward,0.09940910339355469,1782773245874,235.0,,,-8656291990479530102
Timing: Forward,0.09047961235046387,1782773246059,235.0,,,-7791544414329402339
Timing: Forward,0.07340693473815918,1782773246248,235.0,,,-4339741941645610838
Timing: Forward,0.05125689506530762,1782773246401,235.0,,,-6265810333321054054
Timing: Forward,0.051857948303222656,1782773246551,235.0,,,-5978696530352107215
Timing: Forward,0.059075355529785156,1782773246714,235.0,,,-3095006164329935929
Timing: Forward,0.05161643028259277,1782773339367,236.0,,,-6701608625278388489
Timing: Forward,0.05318570137023926,1782773339513,236.0,,,-7177131791830863611
Timing: Forward,0.05289316177368164,1782773339671,236.0,,,-2993841023403276177
Timing: Forward,0.06547307968139648,1782773339840,236.0,,,-5884011666235372927
Timing: Forward,0.10313105583190918,1782773340058,236.0,,,-9143991671632966085
Timing: Forward,0.05162954330444336,1782773340253,236.0,,,-7634491599472186368
Timing: Forward,0.05191969871520996,1782773432609,237.0,,,-6063103388602639386
Timing: Forward,0.05112624168395996,1782773432754,237.0,,,-8342179119306371189
Timing: Forward,0.05367445945739746,1782773432901,237.0,,,-1784632128826441721
Timing: Forward,0.05428957939147949,1782773433045,237.0,,,-4976436787934859505
Timing: Forward,0.054017066955566406,1782773433195,237.0,,,-4250130413986985915
Timing: Forward,0.07277297973632812,1782773433369,237.0,,,-7349187983361601995
Timing: Forward,0.10154509544372559,1782773525381,238.0,,,-3427055147976188879
Timing: Forward,0.10154342651367188,1782773525562,238.0,,,-5322878069106068121
Timing: Forward,0.05342435836791992,1782773525739,238.0,,,-3145683589574762008
Timing: Forward,0.051787614822387695,1782773525884,238.0,,,-5334922224815016448
Timing: Forward,0.05176544189453125,1782773526030,238.0,,,-3591165510564240009
Timing: Forward,0.049616098403930664,1782773526183,238.0,,,-2521769312858336528
Timing: Forward,0.0997476577758789,1782773620183,239.0,,,-5654941405383155459
Timing: Forward,0.054099321365356445,1782773620356,239.0,,,-2970150637806735254
Timing: Forward,0.09992265701293945,1782773620540,239.0,,,-613199706389924403
Timing: Forward,0.0740652084350586,1782773620729,239.0,,,-2424194017088702871
Timing: Forward,0.05251455307006836,1782773620911,239.0,,,-6048329510758767229
Timing: Forward,0.05135512351989746,1782773621070,239.0,,,-1326589417309720664
Timing: Forward,0.05270695686340332,1782773719542,240.0,,,-3030335043191380603
Timing: Forward,0.054305315017700195,1782773719689,240.0,,,-8989571896385065105
Timing: Forward,0.05116629600524902,1782773719840,240.0,,,-5009333420161863616
Timing: Forward,0.05089235305786133,1782773719995,240.0,,,-5870920498657686145
Timing: Forward,0.0511627197265625,1782773720144,240.0,,,-3922321522838570112
Timing: Forward,0.05135345458984375,1782773720297,240.0,,,-4318985173502983233
Timing: Forward,0.10675168037414551,1782773813134,241.0,,,-7263186297248854213
Timing: Forward,0.10063648223876953,1782773813319,241.0,,,-5018356264233057560
Timing: Forward,0.052596092224121094,1782773813495,241.0,,,-2217036578038255731
Timing: Forward,0.05120134353637695,1782773813642,241.0,,,-5540011704993089574
Timing: Forward,0.05173754692077637,1782773813793,241.0,,,-1527932577844298742
Timing: Forward,0.051423072814941406,1782773813947,241.0,,,-3655787260973110941
Timing: Forward,0.10085344314575195,1782773906136,242.0,,,-3950053197831684543
Timing: Forward,0.09967255592346191,1782773906317,242.0,,,-438712025433867308
Timing: Forward,0.08806514739990234,1782773906503,242.0,,,-812106126764752422
Timing: Forward,0.05290412902832031,1782773906691,242.0,,,-5769924880757971150
Timing: Forward,0.05147600173950195,1782773906852,242.0,,,-6379226825484058315
Timing: Forward,0.05135083198547363,1782773907010,242.0,,,-1726531368636309768
Timing: Forward,0.05156564712524414,1782773997275,243.0,,,-359690208530520670
Timing: Forward,0.05188274383544922,1782773997407,243.0,,,-4552664358979942356
Timing: Forward,0.051882028579711914,1782773997544,243.0,,,-4563262544579034261
Timing: Forward,0.051749229431152344,1782773997683,243.0,,,-372661208302078576
Timing: Forward,0.0538487434387207,1782773997832,243.0,,,-2723951973870205724
Timing: Forward,0.05195498466491699,1782773999997,243.0,,,-7427075066574613081
Timing: Forward,0.05223274230957031,1782774093373,244.0,,,-3505015294386154126
Timing: Forward,0.05179429054260254,1782774093517,244.0,,,-8023818697218953517
Timing: Forward,0.05181312561035156,1782774093657,244.0,,,-7138165295246100425
Timing: Forward,0.05159306526184082,1782774093799,244.0,,,-6866988133383622115
Timing: Forward,0.05186605453491211,1782774093947,244.0,,,-3671600350163766537
Timing: Forward,0.08120870590209961,1782774094129,244.0,,,-2149619988538419217
Timing: Forward,0.05277085304260254,1782774191974,245.0,,,-2754543394548268869
Timing: Forward,0.054656028747558594,1782774192130,245.0,,,-7229194272091299412
Timing: Forward,0.05430436134338379,1782774192277,245.0,,,-1585842328357793281
Timing: Forward,0.054059743881225586,1782774192426,245.0,,,-6730893199348800594
Timing: Forward,0.05427694320678711,1782774192579,245.0,,,-2287014957004492238
Timing: Forward,0.051500797271728516,1782774192733,245.0,,,-3890736414505151995
Timing: Forward,0.10186505317687988,1782774285360,246.0,,,-9016020715456564369
Timing: Forward,0.09059548377990723,1782774285542,246.0,,,-3677801760511817349
Timing: Forward,0.05237627029418945,1782774285716,246.0,,,-3557342391415601647
Timing: Forward,0.05128788948059082,1782774285864,246.0,,,-8974478846425838882
Timing: Forward,0.051156044006347656,1782774286012,246.0,,,-7667234039438743898
Timing: Forward,0.051599979400634766,1782774286167,246.0,,,-8803364601776041476
Timing: Forward,0.10133767127990723,1782774378949,247.0,,,-873190261596809840
Timing: Forward,0.05463910102844238,1782774379134,247.0,,,-7279735291782128990
Timing: Forward,0.05428051948547363,1782774379281,247.0,,,-8963265810302760941
Timing: Forward,0.05197286605834961,1782774379446,247.0,,,-826379243367463735
Timing: Forward,0.10108184814453125,1782774379660,247.0,,,-2872924528742824244
Timing: Forward,0.05211472511291504,1782774379863,247.0,,,-7926984713243539453
Timing: Forward,0.10542893409729004,1782774469405,248.0,,,-2203522761092467403
Timing: Forward,0.05416226387023926,1782774469577,248.0,,,-8496839403219093554
Timing: Forward,0.05243277549743652,1782774469718,248.0,,,-2381226841885636261
Timing: Forward,0.05098986625671387,1782774469861,248.0,,,-8312409684661699585
Timing: Forward,0.07243657112121582,1782774470032,248.0,,,-3137644427721500905
Timing: Forward,0.10193729400634766,1782774472237,248.0,,,-4365653820363358926
Timing: Forward,0.05128741264343262,1782774564930,249.0,,,-3011031761297131611
Timing: Forward,0.05238223075866699,1782774565082,249.0,,,-1712495589668913750
Timing: Forward,0.051981210708618164,1782774565247,249.0,,,-2781240943155743056
Timing: Forward,0.052289485931396484,1782774565407,249.0,,,-7276139903574265632
Timing: Forward,0.054857492446899414,1782774565555,249.0,,,-8577526699362568010
Timing: Forward,0.054392099380493164,1782774565708,249.0,,,-9063213078428953385
Timing: Forward,0.052979230880737305,1782774664126,250.0,,,-8016538110800943271
Timing: Forward,0.055201053619384766,1782774664284,250.0,,,-4404883915095167781
Timing: Forward,0.05299639701843262,1782774664435,250.0,,,-2731883865772313051
Timing: Forward,0.05176830291748047,1782774664577,250.0,,,-7600511845803167699
Timing: Forward,0.05214715003967285,1782774664726,250.0,,,-2599587676538105207
Timing: Forward,0.05153250694274902,1782774664882,250.0,,,-6485904248834717795
Timing: Forward,0.05200791358947754,1782774756908,251.0,,,-3746879362254551683
Timing: Forward,0.052068233489990234,1782774757060,251.0,,,-1476948659214961213
Timing: Forward,0.05170583724975586,1782774757217,251.0,,,-4671153317365526965
Timing: Forward,0.051422834396362305,1782774757369,251.0,,,-5736930771410899215
Timing: Forward,0.050882577896118164,1782774757516,251.0,,,-1821180725472499949
Timing: Forward,0.051725149154663086,1782774757672,251.0,,,-5143624678055531070
Timing: Forward,0.0701894760131836,1782774848265,252.0,,,-3929347310285403860
Timing: Forward,0.05174374580383301,1782774848398,252.0,,,-5601680639435098707
Timing: Forward,0.052742958068847656,1782774848536,252.0,,,-9212775372358875811
Timing: Forward,0.05211043357849121,1782774848689,252.0,,,-2278991434736547507
Timing: Forward,0.07288885116577148,1782774848860,252.0,,,-2425807892599038023
Timing: Forward,0.10222887992858887,1782774849073,252.0,,,-9000640045094874946
Timing: Forward,0.05132889747619629,1782774940402,253.0,,,-6208950990860820760
Timing: Forward,0.08664393424987793,1782774940570,253.0,,,-2589095693985322400
Timing: Forward,0.09998703002929688,1782774940759,253.0,,,-4504023880599879521
Timing: Forward,0.10650897026062012,1782774940958,253.0,,,-735927535689707633
Timing: Forward,0.0591280460357666,1782774941152,253.0,,,-6263424559220951419
Timing: Forward,0.05478477478027344,1782774941314,253.0,,,-5020251686144727995
Timing: Forward,0.10226774215698242,1782775034128,254.0,,,-5910396411409992748
Timing: Forward,0.10062766075134277,1782775034310,254.0,,,-2020306633278698282
Timing: Forward,0.08770442008972168,1782775034493,254.0,,,-5150779274298142479
Timing: Forward,0.05587267875671387,1782775034681,254.0,,,-7105513192901354107
Timing: Forward,0.05155348777770996,1782775034853,254.0,,,-6937379161993973990
Timing: Forward,0.05129241943359375,1782775035009,254.0,,,-7897195699038762090
Timing: Forward,0.052767038345336914,1782775131708,255.0,,,-8695501508724914496
Timing: Forward,0.051901817321777344,1782775131858,255.0,,,-8580557246979895911
Timing: Forward,0.05148196220397949,1782775132000,255.0,,,-691869677123242045
Timing: Forward,0.05205678939819336,1782775132149,255.0,,,-6643816068123162144
Timing: Forward,0.07045769691467285,1782775132325,255.0,,,-2444278163087782263
Timing: Forward,0.10510993003845215,1782775132533,255.0,,,-3600351048240560484
Timing: Forward,0.08983707427978516,1782775224902,256.0,,,-365977519269322472
Timing: Forward,0.10156464576721191,1782775225092,256.0,,,-1956254880439891085
Timing: Forward,0.09959197044372559,1782775225287,256.0,,,-219171793373036841
Timing: Forward,0.05265450477600098,1782775225477,256.0,,,-5676769449020753664
Timing: Forward,0.05153989791870117,1782775225635,256.0,,,-3895580792024590005
Timing: Forward,0.05163002014160156,1782775225798,256.0,,,-6587290071213311043
Timing: Forward,0.10154032707214355,1782775316984,257.0,,,-8892912727068770385
Timing: Forward,0.1037287712097168,1782775317167,257.0,,,-629315980063211063
Timing: Forward,0.05301523208618164,1782775317341,257.0,,,-7877676820448970671
Timing: Forward,0.05150794982910156,1782775317483,257.0,,,-3662929643512278065
Timing: Forward,0.09902548789978027,1782775317677,257.0,,,-4312425778013383450
Timing: Forward,0.05187416076660156,1782775317856,257.0,,,-4589849391418993408
Timing: Forward,0.051927804946899414,1782775408578,258.0,,,-5575166316182632545
Timing: Forward,0.05369925498962402,1782775408711,258.0,,,-1519139446477616216
Timing: Forward,0.054028987884521484,1782775408855,258.0,,,-4708364120891355531
Timing: Forward,0.05401945114135742,1782775409008,258.0,,,-7273658708342089597
Timing: Forward,0.05287814140319824,1782775409173,258.0,,,-4774918486875329451
Timing: Forward,0.057085514068603516,1782775409342,258.0,,,-5308443329397512299
Timing: Forward,0.05135989189147949,1782775502284,259.0,,,-3264431075838280773
Timing: Forward,0.051842451095581055,1782775502417,259.0,,,-6551775102343381563
Timing: Forward,0.051795244216918945,1782775502553,259.0,,,-3412158224007588803
Timing: Forward,0.05135512351989746,1782775502695,259.0,,,-8303232968366311365
Timing: Forward,0.06120634078979492,1782775502852,259.0,,,-6079114303184754558
Timing: Forward,0.10199737548828125,1782775503057,259.0,,,-6614385592757488974
Timing: Forward,0.09010004997253418,1782775599426,260.0,,,-8401993226501319008
Timing: Forward,0.05419802665710449,1782775599602,260.0,,,-1607707984566351491
Timing: Forward,0.0525670051574707,1782775599747,260.0,,,-2862869842457353292
Timing: Forward,0.051873207092285156,1782775599889,260.0,,,-1235255798313999052
Timing: Forward,0.08632278442382812,1782775600070,260.0,,,-7194059488009709574
Timing: Forward,0.09004950523376465,1782775600277,260.0,,,-8122762335022940796
Timing: Forward,0.05169677734375,1782775691843,261.0,,,-1108367665180475572
Timing: Forward,0.054688453674316406,1782775691978,261.0,,,-7406915793693731332
Timing: Forward,0.05157065391540527,1782775692113,261.0,,,-7176517861808644
Timing: Forward,0.05148434638977051,1782775692255,261.0,,,-6041334435220233486
Timing: Forward,0.06424665451049805,1782775692414,261.0,,,-8111156976968816371
Timing: Forward,0.10326886177062988,1782775692620,261.0,,,-4847790645218053184
Timing: Forward,0.054126739501953125,1782775782991,262.0,,,-719786720888215270
Timing: Forward,0.05114626884460449,1782775783130,262.0,,,-3248059910610064478
Timing: Forward,0.053438425064086914,1782775783271,262.0,,,-103542591248054042
Timing: Forward,0.05103588104248047,1782775783415,262.0,,,-3382190264833036097
Timing: Forward,0.051035404205322266,1782775783565,262.0,,,-8300361331589264551
Timing: Forward,0.07940411567687988,1782775783751,262.0,,,-2447374045761191749
Timing: Forward,0.05095195770263672,1782775872388,263.0,,,-1867580577922193287
Timing: Forward,0.053992509841918945,1782775872521,263.0,,,-6154950223720133794
Timing: Forward,0.05361127853393555,1782775872656,263.0,,,-470789638366778467
Timing: Forward,0.054140567779541016,1782775872802,263.0,,,-7527505350324178365
Timing: Forward,0.05154824256896973,1782775872947,263.0,,,-2707187243899650848
Timing: Forward,0.05109858512878418,1782775873100,263.0,,,-8398788171677845161
Timing: Forward,0.052349090576171875,1782775964589,264.0,,,-2689151433222056225
Timing: Forward,0.05483889579772949,1782775964730,264.0,,,-209779697830485537
Timing: Forward,0.05437040328979492,1782775964867,264.0,,,-3804139446011778127
Timing: Forward,0.05395960807800293,1782775965008,264.0,,,-4749778961455024701
Timing: Forward,0.052019357681274414,1782775965153,264.0,,,-6087273641044675234
Timing: Forward,0.06368279457092285,1782775965322,264.0,,,-3580015062448620861
Timing: Forward,0.0538640022277832,1782776060936,265.0,,,-8727501518977370749
Timing: Forward,0.05506134033203125,1782776061096,265.0,,,-2313661862714005498
Timing: Forward,0.052681684494018555,1782776061252,265.0,,,-5105324518306205201
Timing: Forward,0.05158543586730957,1782776061395,265.0,,,-82964030657487998
Timing: Forward,0.05170702934265137,1782776061544,265.0,,,-3828908114884063155
Timing: Forward,0.051500797271728516,1782776061699,265.0,,,-4868923889676440715
Timing: Forward,0.10207819938659668,1782776153560,266.0,,,-4055670757667839977
Timing: Forward,0.07373404502868652,1782776153741,266.0,,,-7282694280640858078
Timing: Forward,0.05198955535888672,1782776153904,266.0,,,-3254331213892148333
Timing: Forward,0.05104827880859375,1782776154054,266.0,,,-8125188381305719198
Timing: Forward,0.05293750762939453,1782776154212,266.0,,,-6398866373311036486
Timing: Forward,0.05086636543273926,1782776154374,266.0,,,-5772231808105522170
Timing: Forward,0.05244278907775879,1782776245572,267.0,,,-6202918770227998405
Timing: Forward,0.05196690559387207,1782776245728,267.0,,,-9207328519318998038
Timing: Forward,0.0539698600769043,1782776245875,267.0,,,-4493403264441307765
Timing: Forward,0.05411338806152344,1782776246024,267.0,,,-847954685451838714
Timing: Forward,0.05428290367126465,1782776246181,267.0,,,-6290784096908776153
Timing: Forward,0.05477333068847656,1782776246341,267.0,,,-3453821153253590677
Timing: Forward,0.051466941833496094,1782776335766,268.0,,,-2397043860616825888
Timing: Forward,0.05204439163208008,1782776335910,268.0,,,-6335125188717599124
Timing: Forward,0.05135822296142578,1782776336047,268.0,,,-9181391301380843275
Timing: Forward,0.05192255973815918,1782776336191,268.0,,,-4070984777044281811
Timing: Forward,0.05180764198303223,1782776336339,268.0,,,-4192752610701654998
Timing: Forward,0.10183405876159668,1782776336544,268.0,,,-4490224295375188718
Timing: Forward,0.07834792137145996,1782776428662,269.0,,,-5905324070015062026
Timing: Forward,0.056976318359375,1782776428798,269.0,,,-9118576982615730508
Timing: Forward,0.051122426986694336,1782776428933,269.0,,,-8836455304042425608
Timing: Forward,0.05162358283996582,1782776429076,269.0,,,-7414855888934044269
Timing: Forward,0.07846975326538086,1782776429250,269.0,,,-6275830694298783814
Timing: Forward,0.10203814506530762,1782776429459,269.0,,,-1149392133552072269
Timing: Forward,0.08544039726257324,1782776526372,270.0,,,-2685179579043525493
Timing: Forward,0.0529789924621582,1782776526539,270.0,,,-5473269772325489184
Timing: Forward,0.05185294151306152,1782776526683,270.0,,,-4789749671843659026
Timing: Forward,0.053963422775268555,1782776526830,270.0,,,-3710888299295524535
Timing: Forward,0.07678794860839844,1782776527005,270.0,,,-7889903744341359014
Timing: Forward,0.05213522911071777,1782776529094,270.0,,,-6844322653926808842
Timing: Forward,0.06218576431274414,1782776619260,271.0,,,-2296532795452793288
Timing: Forward,0.05139970779418945,1782776619395,271.0,,,-2597765292590481299
Timing: Forward,0.051629066467285156,1782776619531,271.0,,,-7524272706639004818
Timing: Forward,0.0511784553527832,1782776619679,271.0,,,-5288607471787926008
Timing: Forward,0.054537296295166016,1782776619830,271.0,,,-7709482771584808386
Timing: Forward,0.05464982986450195,1782776619985,271.0,,,-3429919280367877849
Timing: Forward,0.10188555717468262,1782776711975,272.0,,,-8214915122769465879
Timing: Forward,0.10303950309753418,1782776712162,272.0,,,-1405329629234163116
Timing: Forward,0.09704446792602539,1782776712348,272.0,,,-7597396321722792077
Timing: Forward,0.05568242073059082,1782776712538,272.0,,,-5188321289771262409
Timing: Forward,0.05356192588806152,1782776712688,272.0,,,-3410161807210322412
Timing: Forward,0.05464792251586914,1782776712841,272.0,,,-7704900517785832123
Timing: Forward,0.051964521408081055,1782776801790,273.0,,,-1175190315503741487
Timing: Forward,0.05467104911804199,1782776801924,273.0,,,-6465262414582004208
Timing: Forward,0.06639623641967773,1782776802077,273.0,,,-6329287829637058776
Timing: Forward,0.10463690757751465,1782776802271,273.0,,,-4731948481882356475
Timing: Forward,0.052774667739868164,1782776802473,273.0,,,-5073776938243277355
Timing: Forward,0.08333706855773926,1782776802664,273.0,,,-8581192629702734202
Timing: Forward,0.10585451126098633,1782776895397,274.0,,,-5680833047558268592
Timing: Forward,0.05002760887145996,1782776895526,274.0,,,-2223479465435455357
Timing: Forward,0.05348706245422363,1782776895664,274.0,,,-2075489215696570512
Timing: Forward,0.051689863204956055,1782776895810,274.0,,,-1337607366246615538
Timing: Forward,0.051564693450927734,1782776895959,274.0,,,-2885869253725527287
Timing: Forward,0.05131697654724121,1782776896114,274.0,,,-4829819642874134955
Timing: Forward,0.06206679344177246,1782776993963,275.0,,,-9049089404767697718
Timing: Forward,0.05211067199707031,1782776994108,275.0,,,-7048947333422499734
Timing: Forward,0.055394887924194336,1782776994248,275.0,,,-5694950178656574673
Timing: Forward,0.05176353454589844,1782776994391,275.0,,,-2906775541374264875
Timing: Forward,0.051787376403808594,1782776994539,275.0,,,-1246895174660244813
Timing: Forward,0.05237436294555664,1782776994693,275.0,,,-8566161862734390089
Timing: Forward,0.10095024108886719,1782777085859,276.0,,,-5043605260515344508
Timing: Forward,0.1031033992767334,1782777086044,276.0,,,-555588957459142546
Timing: Forward,0.05351710319519043,1782777086228,276.0,,,-5727128148212180754
Timing: Forward,0.0523381233215332,1782777086391,276.0,,,-6239615287901016764
Timing: Forward,0.08728194236755371,1782777086583,276.0,,,-2986787858991727649
Timing: Forward,0.10712885856628418,1782777086803,276.0,,,-4443536188053008453
Timing: Forward,0.05214071273803711,1782777180170,277.0,,,-1932771474126012674
Timing: Forward,0.05140376091003418,1782777180302,277.0,,,-7029008761694846432
Timing: Forward,0.051381587982177734,1782777180454,277.0,,,-2292387237104821125
Timing: Forward,0.05088949203491211,1782777180608,277.0,,,-4723378002177494957
Timing: Forward,0.053344011306762695,1782777180754,277.0,,,-521071019613476081
Timing: Forward,0.053846120834350586,1782777180909,277.0,,,-4864322063112428154
Timing: Forward,0.08672523498535156,1782777269662,278.0,,,-7794465035245057628
Timing: Forward,0.05441594123840332,1782777269797,278.0,,,-8246339381149798190
Timing: Forward,0.05827736854553223,1782777269942,278.0,,,-7745723174372013210
Timing: Forward,0.05439424514770508,1782777270090,278.0,,,-3327019550343685247
Timing: Forward,0.05097842216491699,1782777270237,278.0,,,-5424779218232390151
Timing: Forward,0.06383776664733887,1782777270404,278.0,,,-3894367647070772113
Timing: Forward,0.07094883918762207,1782777364290,279.0,,,-697975896729439653
Timing: Forward,0.06725668907165527,1782777364435,279.0,,,-3041213775818381864
Timing: Forward,0.07581162452697754,1782777364590,279.0,,,-2559577050515123978
Timing: Forward,0.10422563552856445,1782777364788,279.0,,,-5903038176277907202
Timing: Forward,0.053124427795410156,1782777364981,279.0,,,-6380158183039834534
Timing: Forward,0.05199384689331055,1782777365137,279.0,,,-8034571849052492978
Timing: Forward,0.05205655097961426,1782777462102,280.0,,,-5596734840096767030
Timing: Forward,0.05173826217651367,1782777462234,280.0,,,-5624238313485962238
Timing: Forward,0.051856279373168945,1782777462377,280.0,,,-3925212402105162182
Timing: Forward,0.051879167556762695,1782777462522,280.0,,,-5753861073021948526
Timing: Forward,0.054755210876464844,1782777462671,280.0,,,-6877032768725066725
Timing: Forward,0.054971933364868164,1782777462824,280.0,,,-421321470442476487
Timing: Forward,0.051142215728759766,1782777554913,281.0,,,-8669789093471305279
Timing: Forward,0.05230903625488281,1782777555061,281.0,,,-3181057982234427524
Timing: Forward,0.052956581115722656,1782777555219,281.0,,,-5316570620683386493
Timing: Forward,0.05199742317199707,1782777555368,281.0,,,-2661034056441716044
Timing: Forward,0.05215001106262207,1782777555521,281.0,,,-406912405653888393
Timing: Forward,0.10151362419128418,1782777555726,281.0,,,-6095143985183055523
Timing: Forward,0.05230236053466797,1782777647954,282.0,,,-3333993150233575004
Timing: Forward,0.05139517784118652,1782777648101,282.0,,,-2850231153282730148
Timing: Forward,0.053954362869262695,1782777648242,282.0,,,-5673809023646362196
Timing: Forward,0.051206350326538086,1782777648387,282.0,,,-5825166531485888405
Timing: Forward,0.050942182540893555,1782777648538,282.0,,,-2183209741363323545
Timing: Forward,0.09940981864929199,1782777648743,282.0,,,-5814578009620372337
Timing: Forward,0.10210227966308594,1782777740493,283.0,,,-456227504164732844
Timing: Forward,0.1014249324798584,1782777740675,283.0,,,-3613893228701294086
Timing: Forward,0.09948444366455078,1782777740863,283.0,,,-4685946134815844074
Timing: Forward,0.05366969108581543,1782777741040,283.0,,,-8322788333041489620
Timing: Forward,0.05164909362792969,1782777741197,283.0,,,-3227495185847026418
Timing: Forward,0.051696062088012695,1782777741351,283.0,,,-5762788107339688913
Timing: Forward,0.05145406723022461,1782777834770,284.0,,,-3588013048411666766
Timing: Forward,0.05236077308654785,1782777834904,284.0,,,-7517833759851893566
Timing: Forward,0.052304983139038086,1782777835073,284.0,,,-8575770860817065928
Timing: Forward,0.0515751838684082,1782777835233,284.0,,,-4761983425633472945
Timing: Forward,0.05163121223449707,1782777835393,284.0,,,-7828790843569331339
Timing: Forward,0.05170130729675293,1782777835549,284.0,,,-7681749503293745691
Timing: Forward,0.05219101905822754,1782777934039,285.0,,,-1231326593299893969
Timing: Forward,0.051966190338134766,1782777934196,285.0,,,-4473461362544384614
Timing: Forward,0.0509953498840332,1782777934345,285.0,,,-8302121017604679097
Timing: Forward,0.05094194412231445,1782777934492,285.0,,,-5028952409888285121
Timing: Forward,0.0511937141418457,1782777934640,285.0,,,-8692538424645892419
Timing: Forward,0.05151939392089844,1782777934793,285.0,,,-40639329521205582
Timing: Forward,0.10919976234436035,1782778027692,286.0,,,-8667031852286381016
Timing: Forward,0.10209965705871582,1782778027875,286.0,,,-8092375673087566961
Timing: Forward,0.06434273719787598,1782778028061,286.0,,,-2320468016656722451
Timing: Forward,0.10030651092529297,1782778028265,286.0,,,-2620320110084431278
Timing: Forward,0.09761786460876465,1782778028460,286.0,,,-8929253418362189164
Timing: Forward,0.05232882499694824,1782778028644,286.0,,,-3713365733119563013
Timing: Forward,0.05330514907836914,1782778121281,287.0,,,-4022912453313096313
Timing: Forward,0.052858591079711914,1782778121438,287.0,,,-2457295461695411755
Timing: Forward,0.05342245101928711,1782778121594,287.0,,,-312655948844302427
Timing: Forward,0.05188274383544922,1782778121752,287.0,,,-6050717152382209229
Timing: Forward,0.052227020263671875,1782778121906,287.0,,,-7521427257740468870
Timing: Forward,0.05241680145263672,1782778122065,287.0,,,-9024413684302047208
Timing: Forward,0.05218243598937988,1782778214734,288.0,,,-688203253369215711
Timing: Forward,0.052681922912597656,1782778214886,288.0,,,-5389036289800026173
Timing: Forward,0.051481008529663086,1782778215037,288.0,,,-618412603348877166
Timing: Forward,0.051930904388427734,1782778215189,288.0,,,-4428946408370117601
Timing: Forward,0.051666259765625,1782778215338,288.0,,,-6571610577177885427
Timing: Forward,0.051590681076049805,1782778215493,288.0,,,-1805214763454046079
Timing: Forward,0.05166006088256836,1782778309436,289.0,,,-3006155374117675024
Timing: Forward,0.05256938934326172,1782778309574,289.0,,,-1665489007709603831
Timing: Forward,0.0643775463104248,1782778309739,289.0,,,-3909002400744064439
Timing: Forward,0.10381507873535156,1782778309934,289.0,,,-8550666220644807829
Timing: Forward,0.07193851470947266,1782778310138,289.0,,,-7575523325441140373
Timing: Forward,0.055153608322143555,1782778310306,289.0,,,-448125173183005795
Timing: Forward,0.05285072326660156,1782778407219,290.0,,,-1462464003537367704
Timing: Forward,0.05157804489135742,1782778407377,290.0,,,-2989454651147415088
Timing: Forward,0.051361799240112305,1782778407535,290.0,,,-2465826780908636483
Timing: Forward,0.10112500190734863,1782778407731,290.0,,,-3249209897338381026
Timing: Forward,0.05108475685119629,1782778407908,290.0,,,-3958975857190160848
Timing: Forward,0.05173516273498535,1782778408069,290.0,,,-5495975840092563821
Timing: Forward,0.06369876861572266,1782778501847,291.0,,,-5438295250264196295
Timing: Forward,0.051682233810424805,1782778501981,291.0,,,-3228730758644606649
Timing: Forward,0.05177664756774902,1782778502117,291.0,,,-8468576777671758037
Timing: Forward,0.054042816162109375,1782778502261,291.0,,,-5628733239629766988
Timing: Forward,0.0539250373840332,1782778502409,291.0,,,-1966353851989764786
Timing: Forward,0.08420419692993164,1782778502614,291.0,,,-938225797947744622
Timing: Forward,0.10065388679504395,1782778595379,292.0,,,-3249906831181376676
Timing: Forward,0.07337760925292969,1782778595532,292.0,,,-1900729585303322068
Timing: Forward,0.07612895965576172,1782778595698,292.0,,,-2420811185958809175
Timing: Forward,0.08782625198364258,1782778595880,292.0,,,-1559308851549537863
Timing: Forward,0.051787376403808594,1782778596042,292.0,,,-2250766706724064666
Timing: Forward,0.05137205123901367,1782778596200,292.0,,,-3671666380800179654
Timing: Forward,0.058789968490600586,1782778687252,293.0,,,-4756172420959036494
Timing: Forward,0.05159926414489746,1782778687382,293.0,,,-1641221385935260440
Timing: Forward,0.051290273666381836,1782778687517,293.0,,,-6059790004744403469
Timing: Forward,0.05169534683227539,1782778687659,293.0,,,-8336310798923639826
Timing: Forward,0.05201530456542969,1782778687808,293.0,,,-3772036448119124573
Timing: Forward,0.05180716514587402,1782778687963,293.0,,,-2265314383929476735
Timing: Forward,0.10693621635437012,1782778783160,294.0,,,-3909105612106275505
Timing: Forward,0.08172392845153809,1782778783345,294.0,,,-8547014200862787989
Timing: Forward,0.051603078842163086,1782778783519,294.0,,,-6735029742279047973
Timing: Forward,0.05162215232849121,1782778783664,294.0,,,-5217176494668035593
Timing: Forward,0.05131959915161133,1782778783813,294.0,,,-630817638547897398
Timing: Forward,0.05100703239440918,1782778783969,294.0,,,-5304273745549738486
Timing: Forward,0.10203385353088379,1782778881688,295.0,,,-583888767664954724
Timing: Forward,0.07676410675048828,1782778881876,295.0,,,-2288113461358598971
Timing: Forward,0.05318903923034668,1782778882040,295.0,,,-1524103342671218713
Timing: Forward,0.051662445068359375,1782778882192,295.0,,,-2271643749187667985
Timing: Forward,0.051451683044433594,1782778882340,295.0,,,-8014816646871150209
Timing: Forward,0.06947159767150879,1782778884504,295.0,,,-4749091962063605098
Timing: Forward,0.05200362205505371,1782778976664,296.0,,,-1181797325970397190
Timing: Forward,0.053000688552856445,1782778976815,296.0,,,-7379698750269065997
Timing: Forward,0.05205202102661133,1782778976967,296.0,,,-784329350933048551
Timing: Forward,0.0520176887512207,1782778977113,296.0,,,-5689016999134284331
Timing: Forward,0.05233001708984375,1782778977270,296.0,,,-3623017335884990800
Timing: Forward,0.052309513092041016,1782778977427,296.0,,,-8083661037297435363
Timing: Forward,0.10093498229980469,1782779071214,297.0,,,-7736320324768972095
Timing: Forward,0.10308957099914551,1782779071397,297.0,,,-7913063716503572962
Timing: Forward,0.09577584266662598,1782779071579,297.0,,,-1056277716947504865
Timing: Forward,0.06290411949157715,1782779071752,297.0,,,-8016982693561214758
Timing: Forward,0.08239197731018066,1782779071933,297.0,,,-1289556538969449323
Timing: Forward,0.10048532485961914,1782779072138,297.0,,,-4028691815563111802
Timing: Forward,0.10245299339294434,1782779163496,298.0,,,-2637512955365013656
Timing: Forward,0.10014224052429199,1782779163678,298.0,,,-4020898072454959178
Timing: Forward,0.0523679256439209,1782779165984,298.0,,,-1844341029539827949
Timing: Forward,0.0591888427734375,1782779166140,298.0,,,-2904573488233333017
Timing: Forward,0.07587528228759766,1782779166317,298.0,,,-3736751446676325896
Timing: Forward,0.09995388984680176,1782779166524,298.0,,,-7493948765062969055
Timing: Forward,0.10939812660217285,1782779259005,299.0,,,-3093804852082365713
Timing: Forward,0.10105538368225098,1782779259186,299.0,,,-951979670324847429
Timing: Forward,0.10469865798950195,1782779259375,299.0,,,-770473125450489911
Timing: Forward,0.055058956146240234,1782779259561,299.0,,,-2179630925598893915
Timing: Forward,0.054903507232666016,1782779259728,299.0,,,-5958076443770012478
Timing: Forward,0.05409860610961914,1782779259883,299.0,,,-3964250755145560718
