method,run_id,seed,epoch,candidate_evaluations,batch_size,n_cpus,epoch_best_loss,epoch_median_loss,saved_best_loss,success,stop_reason,elapsed_seconds
rl4crn_rne_oscillator_trace_8rxn_stop_risksched085to09_lr1e4_entropy005_s4_c1_rnetol_d256_depth3_p20,seed272,272,1,100,100,16,123.99594535653495,130.1093779472949,123.99594535653495,False,max_epochs,7.997396469116211
rl4crn_rne_oscillator_trace_8rxn_stop_risksched085to09_lr1e4_entropy005_s4_c1_rnetol_d256_depth3_p20,seed272,272,2,200,100,16,123.34056520345142,130.52795075976996,123.34056520345142,False,max_epochs,12.28755784034729
rl4crn_rne_oscillator_trace_8rxn_stop_risksched085to09_lr1e4_entropy005_s4_c1_rnetol_d256_depth3_p20,seed272,272,3,300,100,16,124.14331291628888,131.5193882747272,123.34056520345142,False,max_epochs,16.647908449172974
rl4crn_rne_oscillator_trace_8rxn_stop_risksched085to09_lr1e4_entropy005_s4_c1_rnetol_d256_depth3_p20,seed272,272,4,400,100,16,124.71538634366125,131.0429956035357,123.34056520345142,False,max_epochs,21.63669514656067
rl4crn_rne_oscillator_trace_8rxn_stop_risksched085to09_lr1e4_entropy005_s4_c1_rnetol_d256_depth3_p20,seed272,272,5,500,100,16,124.34565218717259,130.38404439056154,123.34056520345142,False,max_epochs,26.438644409179688
rl4crn_rne_oscillator_trace_8rxn_stop_risksched085to09_lr1e4_entropy005_s4_c1_rnetol_d256_depth3_p20,seed272,272,6,600,100,16,124.47335493488474,131.08649677967873,123.34056520345142,False,max_epochs,31.156841278076172
rl4crn_rne_oscillator_trace_8rxn_stop_risksched085to09_lr1e4_entropy005_s4_c1_rnetol_d256_depth3_p20,seed272,272,7,700,100,16,123.71351329163511,129.60012225410634,123.34056520345142,False,max_epochs,34.25844979286194
rl4crn_rne_oscillator_trace_8rxn_stop_risksched085to09_lr1e4_entropy005_s4_c1_rnetol_d256_depth3_p20,seed272,272,8,800,100,16,122.62330772322164,131.6023031717799,122.62330772322164,False,max_epochs,38.72395348548889
rl4crn_rne_oscillator_trace_8rxn_stop_risksched085to09_lr1e4_entropy005_s4_c1_rnetol_d256_depth3_p20,seed272,272,9,900,100,16,122.60389906273312,130.89251005650573,122.60389906273312,False,max_epochs,43.65826773643494
rl4crn_rne_oscillator_trace_8rxn_stop_risksched085to09_lr1e4_entropy005_s4_c1_rnetol_d256_depth3_p20,seed272,272,10,1000,100,16,125.0,130.34768959508227,122.60389906273312,False,max_epochs,48.89925456047058
rl4crn_rne_oscillator_trace_8rxn_stop_risksched085to09_lr1e4_entropy005_s4_c1_rnetol_d256_depth3_p20,seed272,272,11,1100,100,16,123.04155723067237,129.7469756627699,122.60389906273312,False,max_epochs,54.163153886795044
rl4crn_rne_oscillator_trace_8rxn_stop_risksched085to09_lr1e4_entropy005_s4_c1_rnetol_d256_depth3_p20,seed272,272,12,1200,100,16,124.68365859970548,130.2028075506485,122.60389906273312,False,max_epochs,59.471128940582275
rl4crn_rne_oscillator_trace_8rxn_stop_risksched085to09_lr1e4_entropy005_s4_c1_rnetol_d256_depth3_p20,seed272,272,13,1300,100,16,124.07667944047857,130.16027642937797,122.60389906273312,False,max_epochs,64.40930128097534
rl4crn_rne_oscillator_trace_8rxn_stop_risksched085to09_lr1e4_entropy005_s4_c1_rnetol_d256_depth3_p20,seed272,272,14,1400,100,16,123.63190024571973,130.34497130458016,122.60389906273312,False,max_epochs,69.30393600463867
rl4crn_rne_oscillator_trace_8rxn_stop_risksched085to09_lr1e4_entropy005_s4_c1_rnetol_d256_depth3_p20,seed272,272,15,1500,100,16,123.2672964450836,130.54893247657554,122.60389906273312,False,max_epochs,72.40957188606262
rl4crn_rne_oscillator_trace_8rxn_stop_risksched085to09_lr1e4_entropy005_s4_c1_rnetol_d256_depth3_p20,seed272,272,16,1600,100,16,124.42938423728974,129.9680872661549,122.60389906273312,False,max_epochs,75.9255998134613
rl4crn_rne_oscillator_trace_8rxn_stop_risksched085to09_lr1e4_entropy005_s4_c1_rnetol_d256_depth3_p20,seed272,272,17,1700,100,16,124.55499384662075,129.36005083577942,122.60389906273312,False,max_epochs,80.7339220046997
rl4crn_rne_oscillator_trace_8rxn_stop_risksched085to09_lr1e4_entropy005_s4_c1_rnetol_d256_depth3_p20,seed272,272,18,1800,100,16,123.77902820123657,129.11883056908306,122.60389906273312,False,max_epochs,85.88926935195923
rl4crn_rne_oscillator_trace_8rxn_stop_risksched085to09_lr1e4_entropy005_s4_c1_rnetol_d256_depth3_p20,seed272,272,19,1900,100,16,122.07942630153566,128.72744892223716,122.07942630153566,False,max_epochs,90.84005069732666
rl4crn_rne_oscillator_trace_8rxn_stop_risksched085to09_lr1e4_entropy005_s4_c1_rnetol_d256_depth3_p20,seed272,272,20,2000,100,16,123.38031510609949,130.19034490907728,122.07942630153566,False,max_epochs,95.73444652557373
rl4crn_rne_oscillator_trace_8rxn_stop_risksched085to09_lr1e4_entropy005_s4_c1_rnetol_d256_depth3_p20,seed272,272,21,2100,100,16,124.0042137627841,128.67831889493368,122.07942630153566,False,max_epochs,98.3700442314148
rl4crn_rne_oscillator_trace_8rxn_stop_risksched085to09_lr1e4_entropy005_s4_c1_rnetol_d256_depth3_p20,seed272,272,22,2200,100,16,123.61550929653637,129.2158485082988,122.07942630153566,False,max_epochs,103.10480809211731
rl4crn_rne_oscillator_trace_8rxn_stop_risksched085to09_lr1e4_entropy005_s4_c1_rnetol_d256_depth3_p20,seed272,272,23,2300,100,16,123.48302451523874,127.87921723357779,122.07942630153566,False,max_epochs,108.16661810874939
rl4crn_rne_oscillator_trace_8rxn_stop_risksched085to09_lr1e4_entropy005_s4_c1_rnetol_d256_depth3_p20,seed272,272,24,2400,100,16,123.14400638754083,127.69597571240726,122.07942630153566,False,max_epochs,113.63879108428955
rl4crn_rne_oscillator_trace_8rxn_stop_risksched085to09_lr1e4_entropy005_s4_c1_rnetol_d256_depth3_p20,seed272,272,25,2500,100,16,123.6132209487884,127.79170271311213,122.07942630153566,False,max_epochs,118.85162115097046
rl4crn_rne_oscillator_trace_8rxn_stop_risksched085to09_lr1e4_entropy005_s4_c1_rnetol_d256_depth3_p20,seed272,272,26,2600,100,16,122.63655075134363,128.37101676619915,122.07942630153566,False,max_epochs,123.95648336410522
rl4crn_rne_oscillator_trace_8rxn_stop_risksched085to09_lr1e4_entropy005_s4_c1_rnetol_d256_depth3_p20,seed272,272,27,2700,100,16,122.1223209463263,127.24200689434458,122.07942630153566,False,max_epochs,129.0572440624237
rl4crn_rne_oscillator_trace_8rxn_stop_risksched085to09_lr1e4_entropy005_s4_c1_rnetol_d256_depth3_p20,seed272,272,28,2800,100,16,121.78243110357803,127.14876771650704,121.78243110357803,False,max_epochs,134.15700364112854
rl4crn_rne_oscillator_trace_8rxn_stop_risksched085to09_lr1e4_entropy005_s4_c1_rnetol_d256_depth3_p20,seed272,272,29,2900,100,16,122.285473295115,126.84001952126084,121.78243110357803,False,max_epochs,138.91509366035461
rl4crn_rne_oscillator_trace_8rxn_stop_risksched085to09_lr1e4_entropy005_s4_c1_rnetol_d256_depth3_p20,seed272,272,30,3000,100,16,122.1718091434485,127.0980761283,121.78243110357803,False,max_epochs,141.68610763549805
rl4crn_rne_oscillator_trace_8rxn_stop_risksched085to09_lr1e4_entropy005_s4_c1_rnetol_d256_depth3_p20,seed272,272,31,3100,100,16,122.28953260844101,127.5266518167596,121.78243110357803,False,max_epochs,146.17664074897766
rl4crn_rne_oscillator_trace_8rxn_stop_risksched085to09_lr1e4_entropy005_s4_c1_rnetol_d256_depth3_p20,seed272,272,32,3200,100,16,121.53316935607982,128.37173058615411,121.53316935607982,False,max_epochs,151.35272574424744
rl4crn_rne_oscillator_trace_8rxn_stop_risksched085to09_lr1e4_entropy005_s4_c1_rnetol_d256_depth3_p20,seed272,272,33,3300,100,16,121.98217268122389,131.4834566249287,121.53316935607982,False,max_epochs,156.77288389205933
rl4crn_rne_oscillator_trace_8rxn_stop_risksched085to09_lr1e4_entropy005_s4_c1_rnetol_d256_depth3_p20,seed272,272,34,3400,100,16,122.5409601525287,128.27275296073208,121.53316935607982,False,max_epochs,162.41171789169312
rl4crn_rne_oscillator_trace_8rxn_stop_risksched085to09_lr1e4_entropy005_s4_c1_rnetol_d256_depth3_p20,seed272,272,35,3500,100,16,122.26763641157204,128.24970365651433,121.53316935607982,False,max_epochs,167.2136993408203
rl4crn_rne_oscillator_trace_8rxn_stop_risksched085to09_lr1e4_entropy005_s4_c1_rnetol_d256_depth3_p20,seed272,272,36,3600,100,16,121.17031116903746,130.0314135402926,121.17031116903746,False,max_epochs,172.97512674331665
rl4crn_rne_oscillator_trace_8rxn_stop_risksched085to09_lr1e4_entropy005_s4_c1_rnetol_d256_depth3_p20,seed272,272,37,3700,100,16,121.75254360799804,129.4523160816041,121.17031116903746,False,max_epochs,177.7939591407776
rl4crn_rne_oscillator_trace_8rxn_stop_risksched085to09_lr1e4_entropy005_s4_c1_rnetol_d256_depth3_p20,seed272,272,38,3800,100,16,121.04714678617992,129.6764165939034,121.04714678617992,False,max_epochs,182.88025951385498
rl4crn_rne_oscillator_trace_8rxn_stop_risksched085to09_lr1e4_entropy005_s4_c1_rnetol_d256_depth3_p20,seed272,272,39,3900,100,16,121.79065383878947,129.63769315735377,121.04714678617992,False,max_epochs,187.61991095542908
rl4crn_rne_oscillator_trace_8rxn_stop_risksched085to09_lr1e4_entropy005_s4_c1_rnetol_d256_depth3_p20,seed272,272,40,4000,100,16,122.04762987049304,128.06896503350873,121.04714678617992,False,max_epochs,192.02607822418213
rl4crn_rne_oscillator_trace_8rxn_stop_risksched085to09_lr1e4_entropy005_s4_c1_rnetol_d256_depth3_p20,seed272,272,41,4100,100,16,122.28203213943215,128.97553928063707,121.04714678617992,False,max_epochs,195.0345060825348
rl4crn_rne_oscillator_trace_8rxn_stop_risksched085to09_lr1e4_entropy005_s4_c1_rnetol_d256_depth3_p20,seed272,272,42,4200,100,16,120.73456953325125,128.82708728390332,120.73456953325125,False,max_epochs,199.95712518692017
rl4crn_rne_oscillator_trace_8rxn_stop_risksched085to09_lr1e4_entropy005_s4_c1_rnetol_d256_depth3_p20,seed272,272,43,4300,100,16,119.71388407977895,128.91473635558106,119.71388407977895,False,max_epochs,205.10924410820007
rl4crn_rne_oscillator_trace_8rxn_stop_risksched085to09_lr1e4_entropy005_s4_c1_rnetol_d256_depth3_p20,seed272,272,44,4400,100,16,121.21459940035652,136.89903943941493,119.71388407977895,False,max_epochs,210.59854650497437
rl4crn_rne_oscillator_trace_8rxn_stop_risksched085to09_lr1e4_entropy005_s4_c1_rnetol_d256_depth3_p20,seed272,272,45,4500,100,16,120.95475881252086,135.1671835980382,119.71388407977895,False,max_epochs,215.29941487312317
rl4crn_rne_oscillator_trace_8rxn_stop_risksched085to09_lr1e4_entropy005_s4_c1_rnetol_d256_depth3_p20,seed272,272,46,4600,100,16,120.54112696440308,141.39990089989874,119.71388407977895,False,max_epochs,220.05422234535217
rl4crn_rne_oscillator_trace_8rxn_stop_risksched085to09_lr1e4_entropy005_s4_c1_rnetol_d256_depth3_p20,seed272,272,47,4700,100,16,121.37145293270632,144.85808895793542,119.71388407977895,False,max_epochs,222.28427410125732
rl4crn_rne_oscillator_trace_8rxn_stop_risksched085to09_lr1e4_entropy005_s4_c1_rnetol_d256_depth3_p20,seed272,272,48,4800,100,16,121.50138995855649,152.33220411535729,119.71388407977895,False,max_epochs,227.21051383018494
rl4crn_rne_oscillator_trace_8rxn_stop_risksched085to09_lr1e4_entropy005_s4_c1_rnetol_d256_depth3_p20,seed272,272,49,4900,100,16,121.07385917173517,142.8006692675948,119.71388407977895,False,max_epochs,232.49865531921387
rl4crn_rne_oscillator_trace_8rxn_stop_risksched085to09_lr1e4_entropy005_s4_c1_rnetol_d256_depth3_p20,seed272,272,50,5000,100,16,118.15694443133197,141.3139260669658,118.15694443133197,False,max_epochs,238.02434611320496
rl4crn_rne_oscillator_trace_8rxn_stop_risksched085to09_lr1e4_entropy005_s4_c1_rnetol_d256_depth3_p20,seed272,272,51,5100,100,16,120.99679397997015,133.4308430347525,118.15694443133197,False,max_epochs,243.30603218078613
rl4crn_rne_oscillator_trace_8rxn_stop_risksched085to09_lr1e4_entropy005_s4_c1_rnetol_d256_depth3_p20,seed272,272,52,5200,100,16,120.18517086926117,132.18985687139156,118.15694443133197,False,max_epochs,249.09606981277466
rl4crn_rne_oscillator_trace_8rxn_stop_risksched085to09_lr1e4_entropy005_s4_c1_rnetol_d256_depth3_p20,seed272,272,53,5300,100,16,121.27419719096551,133.20242053555336,118.15694443133197,False,max_epochs,254.2528772354126
rl4crn_rne_oscillator_trace_8rxn_stop_risksched085to09_lr1e4_entropy005_s4_c1_rnetol_d256_depth3_p20,seed272,272,54,5400,100,16,121.68651036929066,135.22505616914128,118.15694443133197,False,max_epochs,259.9147288799286
rl4crn_rne_oscillator_trace_8rxn_stop_risksched085to09_lr1e4_entropy005_s4_c1_rnetol_d256_depth3_p20,seed272,272,55,5500,100,16,120.76469274072758,136.06421062365047,118.15694443133197,False,max_epochs,264.7547216415405
rl4crn_rne_oscillator_trace_8rxn_stop_risksched085to09_lr1e4_entropy005_s4_c1_rnetol_d256_depth3_p20,seed272,272,56,5600,100,16,120.46121568710767,137.81991946403883,118.15694443133197,False,max_epochs,269.4432895183563
rl4crn_rne_oscillator_trace_8rxn_stop_risksched085to09_lr1e4_entropy005_s4_c1_rnetol_d256_depth3_p20,seed272,272,57,5700,100,16,113.79404410035183,135.08554322639833,113.79404410035183,False,max_epochs,274.4667830467224
rl4crn_rne_oscillator_trace_8rxn_stop_risksched085to09_lr1e4_entropy005_s4_c1_rnetol_d256_depth3_p20,seed272,272,58,5800,100,16,120.09868667424794,144.92638870252,113.79404410035183,False,max_epochs,277.01216077804565
rl4crn_rne_oscillator_trace_8rxn_stop_risksched085to09_lr1e4_entropy005_s4_c1_rnetol_d256_depth3_p20,seed272,272,59,5900,100,16,120.56919503991637,149.3555752734123,113.79404410035183,False,max_epochs,281.51685333251953
rl4crn_rne_oscillator_trace_8rxn_stop_risksched085to09_lr1e4_entropy005_s4_c1_rnetol_d256_depth3_p20,seed272,272,60,6000,100,16,120.99490205816099,148.02192017932578,113.79404410035183,False,max_epochs,286.7605447769165
rl4crn_rne_oscillator_trace_8rxn_stop_risksched085to09_lr1e4_entropy005_s4_c1_rnetol_d256_depth3_p20,seed272,272,61,6100,100,16,120.7574891741964,150.13354186904144,113.79404410035183,False,max_epochs,292.15551137924194
rl4crn_rne_oscillator_trace_8rxn_stop_risksched085to09_lr1e4_entropy005_s4_c1_rnetol_d256_depth3_p20,seed272,272,62,6200,100,16,119.43981729587321,140.37453833964008,113.79404410035183,False,max_epochs,297.5290846824646
rl4crn_rne_oscillator_trace_8rxn_stop_risksched085to09_lr1e4_entropy005_s4_c1_rnetol_d256_depth3_p20,seed272,272,63,6300,100,16,121.58260082197879,136.54684579929233,113.79404410035183,False,max_epochs,302.7521102428436
rl4crn_rne_oscillator_trace_8rxn_stop_risksched085to09_lr1e4_entropy005_s4_c1_rnetol_d256_depth3_p20,seed272,272,64,6400,100,16,119.11822955544696,135.2369087637494,113.79404410035183,False,max_epochs,307.6233239173889
rl4crn_rne_oscillator_trace_8rxn_stop_risksched085to09_lr1e4_entropy005_s4_c1_rnetol_d256_depth3_p20,seed272,272,65,6500,100,16,119.40562907614681,134.71624367854994,113.79404410035183,False,max_epochs,312.5950629711151
rl4crn_rne_oscillator_trace_8rxn_stop_risksched085to09_lr1e4_entropy005_s4_c1_rnetol_d256_depth3_p20,seed272,272,66,6600,100,16,121.35962255381214,135.06261935056622,113.79404410035183,False,max_epochs,317.3011898994446
rl4crn_rne_oscillator_trace_8rxn_stop_risksched085to09_lr1e4_entropy005_s4_c1_rnetol_d256_depth3_p20,seed272,272,67,6700,100,16,117.46071794249656,139.69677348552534,113.79404410035183,False,max_epochs,319.8377146720886
rl4crn_rne_oscillator_trace_8rxn_stop_risksched085to09_lr1e4_entropy005_s4_c1_rnetol_d256_depth3_p20,seed272,272,68,6800,100,16,122.33559240420881,148.68173671246075,113.79404410035183,False,max_epochs,324.54449224472046
rl4crn_rne_oscillator_trace_8rxn_stop_risksched085to09_lr1e4_entropy005_s4_c1_rnetol_d256_depth3_p20,seed272,272,69,6900,100,16,120.33518009369897,138.81016657394366,113.79404410035183,False,max_epochs,329.7364594936371
rl4crn_rne_oscillator_trace_8rxn_stop_risksched085to09_lr1e4_entropy005_s4_c1_rnetol_d256_depth3_p20,seed272,272,70,7000,100,16,119.49909525834232,144.62130210627157,113.79404410035183,False,max_epochs,335.00102496147156
rl4crn_rne_oscillator_trace_8rxn_stop_risksched085to09_lr1e4_entropy005_s4_c1_rnetol_d256_depth3_p20,seed272,272,71,7100,100,16,119.84328216389001,144.95185877048078,113.79404410035183,False,max_epochs,339.7587831020355
rl4crn_rne_oscillator_trace_8rxn_stop_risksched085to09_lr1e4_entropy005_s4_c1_rnetol_d256_depth3_p20,seed272,272,72,7200,100,16,120.76964591206773,140.7458321130659,113.79404410035183,False,max_epochs,344.6934530735016
rl4crn_rne_oscillator_trace_8rxn_stop_risksched085to09_lr1e4_entropy005_s4_c1_rnetol_d256_depth3_p20,seed272,272,73,7300,100,16,119.38579367611214,138.86419755907403,113.79404410035183,False,max_epochs,348.85700607299805
rl4crn_rne_oscillator_trace_8rxn_stop_risksched085to09_lr1e4_entropy005_s4_c1_rnetol_d256_depth3_p20,seed272,272,74,7400,100,16,119.86978830955937,142.11935060169486,113.79404410035183,False,max_epochs,351.9582300186157
rl4crn_rne_oscillator_trace_8rxn_stop_risksched085to09_lr1e4_entropy005_s4_c1_rnetol_d256_depth3_p20,seed272,272,75,7500,100,16,119.67398331907148,147.22858100472706,113.79404410035183,False,max_epochs,357.2133686542511
rl4crn_rne_oscillator_trace_8rxn_stop_risksched085to09_lr1e4_entropy005_s4_c1_rnetol_d256_depth3_p20,seed272,272,76,7600,100,16,119.8155125471784,149.1445409074235,113.79404410035183,False,max_epochs,362.4232168197632
rl4crn_rne_oscillator_trace_8rxn_stop_risksched085to09_lr1e4_entropy005_s4_c1_rnetol_d256_depth3_p20,seed272,272,77,7700,100,16,120.03932772270704,148.3922661252006,113.79404410035183,False,max_epochs,368.04704880714417
rl4crn_rne_oscillator_trace_8rxn_stop_risksched085to09_lr1e4_entropy005_s4_c1_rnetol_d256_depth3_p20,seed272,272,78,7800,100,16,119.73663283313927,143.9529642029095,113.79404410035183,False,max_epochs,373.29208040237427
rl4crn_rne_oscillator_trace_8rxn_stop_risksched085to09_lr1e4_entropy005_s4_c1_rnetol_d256_depth3_p20,seed272,272,79,7900,100,16,120.49118082373705,141.59128652977898,113.79404410035183,False,max_epochs,378.5141866207123
rl4crn_rne_oscillator_trace_8rxn_stop_risksched085to09_lr1e4_entropy005_s4_c1_rnetol_d256_depth3_p20,seed272,272,80,8000,100,16,119.76978995347648,140.13284031196275,113.79404410035183,False,max_epochs,383.57869839668274
rl4crn_rne_oscillator_trace_8rxn_stop_risksched085to09_lr1e4_entropy005_s4_c1_rnetol_d256_depth3_p20,seed272,272,81,8100,100,16,116.76686310115392,147.1409254701902,113.79404410035183,False,max_epochs,389.1382956504822
rl4crn_rne_oscillator_trace_8rxn_stop_risksched085to09_lr1e4_entropy005_s4_c1_rnetol_d256_depth3_p20,seed272,272,82,8200,100,16,118.72180435729265,144.82345201711055,113.79404410035183,False,max_epochs,393.96125769615173
rl4crn_rne_oscillator_trace_8rxn_stop_risksched085to09_lr1e4_entropy005_s4_c1_rnetol_d256_depth3_p20,seed272,272,83,8300,100,16,120.25603426015948,146.18366102310773,113.79404410035183,False,max_epochs,398.6405715942383
rl4crn_rne_oscillator_trace_8rxn_stop_risksched085to09_lr1e4_entropy005_s4_c1_rnetol_d256_depth3_p20,seed272,272,84,8400,100,16,118.28363567194756,139.51170626801093,113.79404410035183,False,max_epochs,402.2907271385193
rl4crn_rne_oscillator_trace_8rxn_stop_risksched085to09_lr1e4_entropy005_s4_c1_rnetol_d256_depth3_p20,seed272,272,85,8500,100,16,120.6745620656082,149.1542500376844,113.79404410035183,False,max_epochs,406.1342568397522
rl4crn_rne_oscillator_trace_8rxn_stop_risksched085to09_lr1e4_entropy005_s4_c1_rnetol_d256_depth3_p20,seed272,272,86,8600,100,16,120.38880207624163,146.1805063430007,113.79404410035183,False,max_epochs,411.2866315841675
rl4crn_rne_oscillator_trace_8rxn_stop_risksched085to09_lr1e4_entropy005_s4_c1_rnetol_d256_depth3_p20,seed272,272,87,8700,100,16,116.09128798391892,141.587045699803,113.79404410035183,False,max_epochs,416.4431517124176
rl4crn_rne_oscillator_trace_8rxn_stop_risksched085to09_lr1e4_entropy005_s4_c1_rnetol_d256_depth3_p20,seed272,272,88,8800,100,16,118.4541629326604,136.43113840433938,113.79404410035183,False,max_epochs,421.82966685295105
rl4crn_rne_oscillator_trace_8rxn_stop_risksched085to09_lr1e4_entropy005_s4_c1_rnetol_d256_depth3_p20,seed272,272,89,8900,100,16,120.15617377115102,142.84354737229316,113.79404410035183,False,max_epochs,427.4853734970093
rl4crn_rne_oscillator_trace_8rxn_stop_risksched085to09_lr1e4_entropy005_s4_c1_rnetol_d256_depth3_p20,seed272,272,90,9000,100,16,119.86735636034463,141.45850402181054,113.79404410035183,False,max_epochs,432.6917371749878
rl4crn_rne_oscillator_trace_8rxn_stop_risksched085to09_lr1e4_entropy005_s4_c1_rnetol_d256_depth3_p20,seed272,272,91,9100,100,16,119.81835948193994,146.29131968734086,113.79404410035183,False,max_epochs,437.5322413444519
rl4crn_rne_oscillator_trace_8rxn_stop_risksched085to09_lr1e4_entropy005_s4_c1_rnetol_d256_depth3_p20,seed272,272,92,9200,100,16,116.5281204450156,146.94965827691396,113.79404410035183,False,max_epochs,442.5335464477539
rl4crn_rne_oscillator_trace_8rxn_stop_risksched085to09_lr1e4_entropy005_s4_c1_rnetol_d256_depth3_p20,seed272,272,93,9300,100,16,121.16000617174414,148.0081805044079,113.79404410035183,False,max_epochs,447.30788564682007
rl4crn_rne_oscillator_trace_8rxn_stop_risksched085to09_lr1e4_entropy005_s4_c1_rnetol_d256_depth3_p20,seed272,272,94,9400,100,16,118.6781816550422,146.83060589970722,113.79404410035183,False,max_epochs,449.69600558280945
rl4crn_rne_oscillator_trace_8rxn_stop_risksched085to09_lr1e4_entropy005_s4_c1_rnetol_d256_depth3_p20,seed272,272,95,9500,100,16,119.01106578961641,146.02487796641162,113.79404410035183,False,max_epochs,454.9082946777344
rl4crn_rne_oscillator_trace_8rxn_stop_risksched085to09_lr1e4_entropy005_s4_c1_rnetol_d256_depth3_p20,seed272,272,96,9600,100,16,120.13885258440295,143.66436607030832,113.79404410035183,False,max_epochs,460.083758354187
rl4crn_rne_oscillator_trace_8rxn_stop_risksched085to09_lr1e4_entropy005_s4_c1_rnetol_d256_depth3_p20,seed272,272,97,9700,100,16,120.24194563814781,142.1545350063456,113.79404410035183,False,max_epochs,465.4086260795593
rl4crn_rne_oscillator_trace_8rxn_stop_risksched085to09_lr1e4_entropy005_s4_c1_rnetol_d256_depth3_p20,seed272,272,98,9800,100,16,120.6326304853429,141.8263281581666,113.79404410035183,False,max_epochs,470.68543672561646
rl4crn_rne_oscillator_trace_8rxn_stop_risksched085to09_lr1e4_entropy005_s4_c1_rnetol_d256_depth3_p20,seed272,272,99,9900,100,16,119.17180351620507,147.58369710721755,113.79404410035183,False,max_epochs,475.48519682884216
rl4crn_rne_oscillator_trace_8rxn_stop_risksched085to09_lr1e4_entropy005_s4_c1_rnetol_d256_depth3_p20,seed272,272,100,10000,100,16,116.91365523161303,141.06087909380113,113.79404410035183,False,max_epochs,480.5332946777344
rl4crn_rne_oscillator_trace_8rxn_stop_risksched085to09_lr1e4_entropy005_s4_c1_rnetol_d256_depth3_p20,seed272,272,101,10100,100,16,118.11315708360947,147.84588464295587,113.79404410035183,False,max_epochs,485.2168335914612
rl4crn_rne_oscillator_trace_8rxn_stop_risksched085to09_lr1e4_entropy005_s4_c1_rnetol_d256_depth3_p20,seed272,272,102,10200,100,16,119.73395455289764,142.79302869456453,113.79404410035183,False,max_epochs,487.71960949897766
rl4crn_rne_oscillator_trace_8rxn_stop_risksched085to09_lr1e4_entropy005_s4_c1_rnetol_d256_depth3_p20,seed272,272,103,10300,100,16,120.41632301823117,154.3267498919303,113.79404410035183,False,max_epochs,492.5196304321289
rl4crn_rne_oscillator_trace_8rxn_stop_risksched085to09_lr1e4_entropy005_s4_c1_rnetol_d256_depth3_p20,seed272,272,104,10400,100,16,118.40034906512501,150.78715184564794,113.79404410035183,False,max_epochs,497.70677733421326
rl4crn_rne_oscillator_trace_8rxn_stop_risksched085to09_lr1e4_entropy005_s4_c1_rnetol_d256_depth3_p20,seed272,272,105,10500,100,16,117.98727028779297,152.17178216637456,113.79404410035183,False,max_epochs,502.35684609413147
rl4crn_rne_oscillator_trace_8rxn_stop_risksched085to09_lr1e4_entropy005_s4_c1_rnetol_d256_depth3_p20,seed272,272,106,10600,100,16,116.99595467949547,143.4768330880698,113.79404410035183,False,max_epochs,507.4525032043457
rl4crn_rne_oscillator_trace_8rxn_stop_risksched085to09_lr1e4_entropy005_s4_c1_rnetol_d256_depth3_p20,seed272,272,107,10700,100,16,119.4147467436275,143.59049783175777,113.79404410035183,False,max_epochs,509.64381980895996
rl4crn_rne_oscillator_trace_8rxn_stop_risksched085to09_lr1e4_entropy005_s4_c1_rnetol_d256_depth3_p20,seed272,272,108,10800,100,16,114.51470704502283,143.48219392138094,113.79404410035183,False,max_epochs,514.4798226356506
rl4crn_rne_oscillator_trace_8rxn_stop_risksched085to09_lr1e4_entropy005_s4_c1_rnetol_d256_depth3_p20,seed272,272,109,10900,100,16,119.95464641597957,145.21677594553537,113.79404410035183,False,max_epochs,519.7719419002533
rl4crn_rne_oscillator_trace_8rxn_stop_risksched085to09_lr1e4_entropy005_s4_c1_rnetol_d256_depth3_p20,seed272,272,110,11000,100,16,118.49182537898277,139.82936989804523,113.79404410035183,False,max_epochs,525.1196608543396
rl4crn_rne_oscillator_trace_8rxn_stop_risksched085to09_lr1e4_entropy005_s4_c1_rnetol_d256_depth3_p20,seed272,272,111,11100,100,16,117.4129630120001,137.51391993702407,113.79404410035183,False,max_epochs,530.5355017185211
rl4crn_rne_oscillator_trace_8rxn_stop_risksched085to09_lr1e4_entropy005_s4_c1_rnetol_d256_depth3_p20,seed272,272,112,11200,100,16,119.60583714267653,139.96030300459262,113.79404410035183,False,max_epochs,535.6067051887512
rl4crn_rne_oscillator_trace_8rxn_stop_risksched085to09_lr1e4_entropy005_s4_c1_rnetol_d256_depth3_p20,seed272,272,113,11300,100,16,118.9346584217356,142.7406201852993,113.79404410035183,False,max_epochs,540.9303600788116
rl4crn_rne_oscillator_trace_8rxn_stop_risksched085to09_lr1e4_entropy005_s4_c1_rnetol_d256_depth3_p20,seed272,272,114,11400,100,16,116.54991256257884,143.37571666945755,113.79404410035183,False,max_epochs,546.1369302272797
rl4crn_rne_oscillator_trace_8rxn_stop_risksched085to09_lr1e4_entropy005_s4_c1_rnetol_d256_depth3_p20,seed272,272,115,11500,100,16,119.87752622146144,147.438173047479,113.79404410035183,False,max_epochs,550.7772836685181
rl4crn_rne_oscillator_trace_8rxn_stop_risksched085to09_lr1e4_entropy005_s4_c1_rnetol_d256_depth3_p20,seed272,272,116,11600,100,16,119.59586036843679,146.52322822828722,113.79404410035183,False,max_epochs,553.1253736019135
rl4crn_rne_oscillator_trace_8rxn_stop_risksched085to09_lr1e4_entropy005_s4_c1_rnetol_d256_depth3_p20,seed272,272,117,11700,100,16,118.29995633060007,146.05693339164273,113.79404410035183,False,max_epochs,558.1768872737885
rl4crn_rne_oscillator_trace_8rxn_stop_risksched085to09_lr1e4_entropy005_s4_c1_rnetol_d256_depth3_p20,seed272,272,118,11800,100,16,119.11098723461602,143.59828341440806,113.79404410035183,False,max_epochs,563.5938739776611
rl4crn_rne_oscillator_trace_8rxn_stop_risksched085to09_lr1e4_entropy005_s4_c1_rnetol_d256_depth3_p20,seed272,272,119,11900,100,16,117.68978348217269,139.04882864250035,113.79404410035183,False,max_epochs,568.921192407608
rl4crn_rne_oscillator_trace_8rxn_stop_risksched085to09_lr1e4_entropy005_s4_c1_rnetol_d256_depth3_p20,seed272,272,120,12000,100,16,117.88825710719968,141.75200905205668,113.79404410035183,False,max_epochs,574.2229447364807
rl4crn_rne_oscillator_trace_8rxn_stop_risksched085to09_lr1e4_entropy005_s4_c1_rnetol_d256_depth3_p20,seed272,272,121,12100,100,16,119.2796735935345,138.70462499273975,113.79404410035183,False,max_epochs,579.0426995754242
rl4crn_rne_oscillator_trace_8rxn_stop_risksched085to09_lr1e4_entropy005_s4_c1_rnetol_d256_depth3_p20,seed272,272,122,12200,100,16,117.54949457895984,140.15431533839913,113.79404410035183,False,max_epochs,583.9790894985199
rl4crn_rne_oscillator_trace_8rxn_stop_risksched085to09_lr1e4_entropy005_s4_c1_rnetol_d256_depth3_p20,seed272,272,123,12300,100,16,118.17584440224925,147.05508529653082,113.79404410035183,False,max_epochs,588.4894070625305
rl4crn_rne_oscillator_trace_8rxn_stop_risksched085to09_lr1e4_entropy005_s4_c1_rnetol_d256_depth3_p20,seed272,272,124,12400,100,16,119.30022339423914,148.11521002881722,113.79404410035183,False,max_epochs,591.1753463745117
rl4crn_rne_oscillator_trace_8rxn_stop_risksched085to09_lr1e4_entropy005_s4_c1_rnetol_d256_depth3_p20,seed272,272,125,12500,100,16,117.01887106115927,143.3338390454808,113.79404410035183,False,max_epochs,596.1438608169556
rl4crn_rne_oscillator_trace_8rxn_stop_risksched085to09_lr1e4_entropy005_s4_c1_rnetol_d256_depth3_p20,seed272,272,126,12600,100,16,119.20370887763663,145.83716345521805,113.79404410035183,False,max_epochs,601.483321428299
rl4crn_rne_oscillator_trace_8rxn_stop_risksched085to09_lr1e4_entropy005_s4_c1_rnetol_d256_depth3_p20,seed272,272,127,12700,100,16,117.91469523221699,144.1943222630943,113.79404410035183,False,max_epochs,606.6530194282532
rl4crn_rne_oscillator_trace_8rxn_stop_risksched085to09_lr1e4_entropy005_s4_c1_rnetol_d256_depth3_p20,seed272,272,128,12800,100,16,120.05584283297509,143.9698490558421,113.79404410035183,False,max_epochs,612.1244595050812
rl4crn_rne_oscillator_trace_8rxn_stop_risksched085to09_lr1e4_entropy005_s4_c1_rnetol_d256_depth3_p20,seed272,272,129,12900,100,16,118.22536314629903,141.36497224127277,113.79404410035183,False,max_epochs,616.939670085907
rl4crn_rne_oscillator_trace_8rxn_stop_risksched085to09_lr1e4_entropy005_s4_c1_rnetol_d256_depth3_p20,seed272,272,130,13000,100,16,118.01346409946993,134.87814496327186,113.79404410035183,False,max_epochs,621.682991027832
rl4crn_rne_oscillator_trace_8rxn_stop_risksched085to09_lr1e4_entropy005_s4_c1_rnetol_d256_depth3_p20,seed272,272,131,13100,100,16,114.3171166565845,137.9837519196812,113.79404410035183,False,max_epochs,624.3523275852203
rl4crn_rne_oscillator_trace_8rxn_stop_risksched085to09_lr1e4_entropy005_s4_c1_rnetol_d256_depth3_p20,seed272,272,132,13200,100,16,119.56494006782478,139.1954102180555,113.79404410035183,False,max_epochs,629.302802324295
rl4crn_rne_oscillator_trace_8rxn_stop_risksched085to09_lr1e4_entropy005_s4_c1_rnetol_d256_depth3_p20,seed272,272,133,13300,100,16,118.75473251504121,134.20376908511864,113.79404410035183,False,max_epochs,634.2807099819183
rl4crn_rne_oscillator_trace_8rxn_stop_risksched085to09_lr1e4_entropy005_s4_c1_rnetol_d256_depth3_p20,seed272,272,134,13400,100,16,118.5956784475308,143.52733458145246,113.79404410035183,False,max_epochs,639.6544666290283
rl4crn_rne_oscillator_trace_8rxn_stop_risksched085to09_lr1e4_entropy005_s4_c1_rnetol_d256_depth3_p20,seed272,272,135,13500,100,16,113.11325898637352,137.80198569641698,113.11325898637352,False,max_epochs,644.8092036247253
rl4crn_rne_oscillator_trace_8rxn_stop_risksched085to09_lr1e4_entropy005_s4_c1_rnetol_d256_depth3_p20,seed272,272,136,13600,100,16,116.77266594059944,145.96305124253982,113.11325898637352,False,max_epochs,650.0060012340546
rl4crn_rne_oscillator_trace_8rxn_stop_risksched085to09_lr1e4_entropy005_s4_c1_rnetol_d256_depth3_p20,seed272,272,137,13700,100,16,118.24024663389764,145.93487037586013,113.11325898637352,False,max_epochs,654.778805732727
rl4crn_rne_oscillator_trace_8rxn_stop_risksched085to09_lr1e4_entropy005_s4_c1_rnetol_d256_depth3_p20,seed272,272,138,13800,100,16,119.29882865584584,146.66495550487534,113.11325898637352,False,max_epochs,657.539014339447
rl4crn_rne_oscillator_trace_8rxn_stop_risksched085to09_lr1e4_entropy005_s4_c1_rnetol_d256_depth3_p20,seed272,272,139,13900,100,16,112.6689310157479,144.70394977902652,112.6689310157479,False,max_epochs,661.810115814209
rl4crn_rne_oscillator_trace_8rxn_stop_risksched085to09_lr1e4_entropy005_s4_c1_rnetol_d256_depth3_p20,seed272,272,140,14000,100,16,112.2975327560922,140.73614060712154,112.2975327560922,False,max_epochs,666.746132850647
rl4crn_rne_oscillator_trace_8rxn_stop_risksched085to09_lr1e4_entropy005_s4_c1_rnetol_d256_depth3_p20,seed272,272,141,14100,100,16,118.34180972550256,132.5324056873887,112.2975327560922,False,max_epochs,671.9712197780609
rl4crn_rne_oscillator_trace_8rxn_stop_risksched085to09_lr1e4_entropy005_s4_c1_rnetol_d256_depth3_p20,seed272,272,142,14200,100,16,119.43401904178116,138.370134778772,112.2975327560922,False,max_epochs,677.3240361213684
rl4crn_rne_oscillator_trace_8rxn_stop_risksched085to09_lr1e4_entropy005_s4_c1_rnetol_d256_depth3_p20,seed272,272,143,14300,100,16,118.6630325555965,144.0780231857235,112.2975327560922,False,max_epochs,682.0972917079926
rl4crn_rne_oscillator_trace_8rxn_stop_risksched085to09_lr1e4_entropy005_s4_c1_rnetol_d256_depth3_p20,seed272,272,144,14400,100,16,118.6472906026474,140.07614383156664,112.2975327560922,False,max_epochs,686.7517986297607
rl4crn_rne_oscillator_trace_8rxn_stop_risksched085to09_lr1e4_entropy005_s4_c1_rnetol_d256_depth3_p20,seed272,272,145,14500,100,16,113.63162220454724,143.1959892560596,112.2975327560922,False,max_epochs,689.4936003684998
rl4crn_rne_oscillator_trace_8rxn_stop_risksched085to09_lr1e4_entropy005_s4_c1_rnetol_d256_depth3_p20,seed272,272,146,14600,100,16,118.29587604179616,141.5582361842911,112.2975327560922,False,max_epochs,694.2309391498566
rl4crn_rne_oscillator_trace_8rxn_stop_risksched085to09_lr1e4_entropy005_s4_c1_rnetol_d256_depth3_p20,seed272,272,147,14700,100,16,121.24958246103698,143.16936137096093,112.2975327560922,False,max_epochs,699.392361164093
rl4crn_rne_oscillator_trace_8rxn_stop_risksched085to09_lr1e4_entropy005_s4_c1_rnetol_d256_depth3_p20,seed272,272,148,14800,100,16,117.17425349005003,142.47835078031687,112.2975327560922,False,max_epochs,704.4085259437561
rl4crn_rne_oscillator_trace_8rxn_stop_risksched085to09_lr1e4_entropy005_s4_c1_rnetol_d256_depth3_p20,seed272,272,149,14900,100,16,119.75520907427929,144.63972148373182,112.2975327560922,False,max_epochs,709.201299905777
rl4crn_rne_oscillator_trace_8rxn_stop_risksched085to09_lr1e4_entropy005_s4_c1_rnetol_d256_depth3_p20,seed272,272,150,15000,100,16,118.96297724448664,142.02673590972125,112.2975327560922,False,max_epochs,714.1516983509064
rl4crn_rne_oscillator_trace_8rxn_stop_risksched085to09_lr1e4_entropy005_s4_c1_rnetol_d256_depth3_p20,seed272,272,151,15100,100,16,118.47710110414225,147.7824462677469,112.2975327560922,False,max_epochs,718.5695781707764
rl4crn_rne_oscillator_trace_8rxn_stop_risksched085to09_lr1e4_entropy005_s4_c1_rnetol_d256_depth3_p20,seed272,272,152,15200,100,16,117.35168019216884,141.74136739133408,112.2975327560922,False,max_epochs,721.7518937587738
rl4crn_rne_oscillator_trace_8rxn_stop_risksched085to09_lr1e4_entropy005_s4_c1_rnetol_d256_depth3_p20,seed272,272,153,15300,100,16,117.67142607392061,146.68406896905532,112.2975327560922,False,max_epochs,726.4483253955841
rl4crn_rne_oscillator_trace_8rxn_stop_risksched085to09_lr1e4_entropy005_s4_c1_rnetol_d256_depth3_p20,seed272,272,154,15400,100,16,117.98480513593547,146.53636153532693,112.2975327560922,False,max_epochs,731.8796365261078
rl4crn_rne_oscillator_trace_8rxn_stop_risksched085to09_lr1e4_entropy005_s4_c1_rnetol_d256_depth3_p20,seed272,272,155,15500,100,16,119.14808097633302,150.50322198944008,112.2975327560922,False,max_epochs,736.9692394733429
rl4crn_rne_oscillator_trace_8rxn_stop_risksched085to09_lr1e4_entropy005_s4_c1_rnetol_d256_depth3_p20,seed272,272,156,15600,100,16,117.29072976474941,144.5461628101885,112.2975327560922,False,max_epochs,741.7450516223907
rl4crn_rne_oscillator_trace_8rxn_stop_risksched085to09_lr1e4_entropy005_s4_c1_rnetol_d256_depth3_p20,seed272,272,157,15700,100,16,119.83031446159274,148.33906461892565,112.2975327560922,False,max_epochs,746.6777629852295
rl4crn_rne_oscillator_trace_8rxn_stop_risksched085to09_lr1e4_entropy005_s4_c1_rnetol_d256_depth3_p20,seed272,272,158,15800,100,16,118.04885887683471,150.72096006436675,112.2975327560922,False,max_epochs,749.7134926319122
rl4crn_rne_oscillator_trace_8rxn_stop_risksched085to09_lr1e4_entropy005_s4_c1_rnetol_d256_depth3_p20,seed272,272,159,15900,100,16,114.66692796673763,149.32024212546503,112.2975327560922,False,max_epochs,753.6198024749756
rl4crn_rne_oscillator_trace_8rxn_stop_risksched085to09_lr1e4_entropy005_s4_c1_rnetol_d256_depth3_p20,seed272,272,160,16000,100,16,118.411213343755,137.30121478564638,112.2975327560922,False,max_epochs,758.7583434581757
rl4crn_rne_oscillator_trace_8rxn_stop_risksched085to09_lr1e4_entropy005_s4_c1_rnetol_d256_depth3_p20,seed272,272,161,16100,100,16,118.55966664037155,145.28494931251066,112.2975327560922,False,max_epochs,764.0460689067841
rl4crn_rne_oscillator_trace_8rxn_stop_risksched085to09_lr1e4_entropy005_s4_c1_rnetol_d256_depth3_p20,seed272,272,162,16200,100,16,118.36683013877878,147.9861828573594,112.2975327560922,False,max_epochs,768.9810292720795
rl4crn_rne_oscillator_trace_8rxn_stop_risksched085to09_lr1e4_entropy005_s4_c1_rnetol_d256_depth3_p20,seed272,272,163,16300,100,16,119.41848354133691,144.21314696029233,112.2975327560922,False,max_epochs,773.9946160316467
rl4crn_rne_oscillator_trace_8rxn_stop_risksched085to09_lr1e4_entropy005_s4_c1_rnetol_d256_depth3_p20,seed272,272,164,16400,100,16,118.11391279455081,147.80184221626553,112.2975327560922,False,max_epochs,776.293221950531
rl4crn_rne_oscillator_trace_8rxn_stop_risksched085to09_lr1e4_entropy005_s4_c1_rnetol_d256_depth3_p20,seed272,272,165,16500,100,16,117.70431241011005,139.48869664255642,112.2975327560922,False,max_epochs,780.9337124824524
rl4crn_rne_oscillator_trace_8rxn_stop_risksched085to09_lr1e4_entropy005_s4_c1_rnetol_d256_depth3_p20,seed272,272,166,16600,100,16,119.38275840305248,140.81346266594358,112.2975327560922,False,max_epochs,786.2076210975647
rl4crn_rne_oscillator_trace_8rxn_stop_risksched085to09_lr1e4_entropy005_s4_c1_rnetol_d256_depth3_p20,seed272,272,167,16700,100,16,116.82064242897162,147.8747008981559,112.2975327560922,False,max_epochs,791.7090029716492
rl4crn_rne_oscillator_trace_8rxn_stop_risksched085to09_lr1e4_entropy005_s4_c1_rnetol_d256_depth3_p20,seed272,272,168,16800,100,16,114.42551846486084,143.655416176911,112.2975327560922,False,max_epochs,796.8327662944794
rl4crn_rne_oscillator_trace_8rxn_stop_risksched085to09_lr1e4_entropy005_s4_c1_rnetol_d256_depth3_p20,seed272,272,169,16900,100,16,117.5806800318893,144.06274146940353,112.2975327560922,False,max_epochs,802.2615761756897
rl4crn_rne_oscillator_trace_8rxn_stop_risksched085to09_lr1e4_entropy005_s4_c1_rnetol_d256_depth3_p20,seed272,272,170,17000,100,16,117.1212667864691,143.26181699720416,112.2975327560922,False,max_epochs,807.3911938667297
rl4crn_rne_oscillator_trace_8rxn_stop_risksched085to09_lr1e4_entropy005_s4_c1_rnetol_d256_depth3_p20,seed272,272,171,17100,100,16,119.81171626305252,131.72066334752313,112.2975327560922,False,max_epochs,812.5291938781738
rl4crn_rne_oscillator_trace_8rxn_stop_risksched085to09_lr1e4_entropy005_s4_c1_rnetol_d256_depth3_p20,seed272,272,172,17200,100,16,112.10786905867248,139.72281722077528,112.10786905867248,False,max_epochs,817.3088073730469
rl4crn_rne_oscillator_trace_8rxn_stop_risksched085to09_lr1e4_entropy005_s4_c1_rnetol_d256_depth3_p20,seed272,272,173,17300,100,16,120.10307687538909,138.12565920997423,112.10786905867248,False,max_epochs,819.755542755127
rl4crn_rne_oscillator_trace_8rxn_stop_risksched085to09_lr1e4_entropy005_s4_c1_rnetol_d256_depth3_p20,seed272,272,174,17400,100,16,117.8718232571856,133.44268080542702,112.10786905867248,False,max_epochs,824.4102284908295
rl4crn_rne_oscillator_trace_8rxn_stop_risksched085to09_lr1e4_entropy005_s4_c1_rnetol_d256_depth3_p20,seed272,272,175,17500,100,16,118.47453866139179,145.2116750767725,112.10786905867248,False,max_epochs,830.2331686019897
rl4crn_rne_oscillator_trace_8rxn_stop_risksched085to09_lr1e4_entropy005_s4_c1_rnetol_d256_depth3_p20,seed272,272,176,17600,100,16,118.63224014288734,144.56107212519242,112.10786905867248,False,max_epochs,835.3787648677826
rl4crn_rne_oscillator_trace_8rxn_stop_risksched085to09_lr1e4_entropy005_s4_c1_rnetol_d256_depth3_p20,seed272,272,177,17700,100,16,118.35567271186218,140.03993092335963,112.10786905867248,False,max_epochs,840.0970487594604
rl4crn_rne_oscillator_trace_8rxn_stop_risksched085to09_lr1e4_entropy005_s4_c1_rnetol_d256_depth3_p20,seed272,272,178,17800,100,16,116.03212951372646,139.69401474540825,112.10786905867248,False,max_epochs,844.9549963474274
rl4crn_rne_oscillator_trace_8rxn_stop_risksched085to09_lr1e4_entropy005_s4_c1_rnetol_d256_depth3_p20,seed272,272,179,17900,100,16,118.78769846810597,140.66396088464478,112.10786905867248,False,max_epochs,849.5552973747253
rl4crn_rne_oscillator_trace_8rxn_stop_risksched085to09_lr1e4_entropy005_s4_c1_rnetol_d256_depth3_p20,seed272,272,180,18000,100,16,113.13187990623484,140.3518951452619,112.10786905867248,False,max_epochs,852.9175944328308
rl4crn_rne_oscillator_trace_8rxn_stop_risksched085to09_lr1e4_entropy005_s4_c1_rnetol_d256_depth3_p20,seed272,272,181,18100,100,16,118.08919719852499,142.56495885689623,112.10786905867248,False,max_epochs,857.1100428104401
rl4crn_rne_oscillator_trace_8rxn_stop_risksched085to09_lr1e4_entropy005_s4_c1_rnetol_d256_depth3_p20,seed272,272,182,18200,100,16,118.20004888179662,149.08966298818342,112.10786905867248,False,max_epochs,862.1176154613495
rl4crn_rne_oscillator_trace_8rxn_stop_risksched085to09_lr1e4_entropy005_s4_c1_rnetol_d256_depth3_p20,seed272,272,183,18300,100,16,116.86180919170087,144.6438886486908,112.10786905867248,False,max_epochs,867.8478028774261
rl4crn_rne_oscillator_trace_8rxn_stop_risksched085to09_lr1e4_entropy005_s4_c1_rnetol_d256_depth3_p20,seed272,272,184,18400,100,16,114.23556323902925,140.96485330601718,112.10786905867248,False,max_epochs,873.0896172523499
rl4crn_rne_oscillator_trace_8rxn_stop_risksched085to09_lr1e4_entropy005_s4_c1_rnetol_d256_depth3_p20,seed272,272,185,18500,100,16,118.36170029105489,145.9427232676378,112.10786905867248,False,max_epochs,878.7622811794281
rl4crn_rne_oscillator_trace_8rxn_stop_risksched085to09_lr1e4_entropy005_s4_c1_rnetol_d256_depth3_p20,seed272,272,186,18600,100,16,119.70577036726274,145.3213125396701,112.10786905867248,False,max_epochs,883.7195279598236
rl4crn_rne_oscillator_trace_8rxn_stop_risksched085to09_lr1e4_entropy005_s4_c1_rnetol_d256_depth3_p20,seed272,272,187,18700,100,16,118.38579251217827,138.91981954341097,112.10786905867248,False,max_epochs,888.8692317008972
rl4crn_rne_oscillator_trace_8rxn_stop_risksched085to09_lr1e4_entropy005_s4_c1_rnetol_d256_depth3_p20,seed272,272,188,18800,100,16,111.21132405546757,133.0701891348976,111.21132405546757,False,max_epochs,893.979428768158
rl4crn_rne_oscillator_trace_8rxn_stop_risksched085to09_lr1e4_entropy005_s4_c1_rnetol_d256_depth3_p20,seed272,272,189,18900,100,16,117.28541832801483,143.76105307776913,111.21132405546757,False,max_epochs,898.6475472450256
rl4crn_rne_oscillator_trace_8rxn_stop_risksched085to09_lr1e4_entropy005_s4_c1_rnetol_d256_depth3_p20,seed272,272,190,19000,100,16,117.6865179629597,144.988081686949,111.21132405546757,False,max_epochs,903.3882601261139
rl4crn_rne_oscillator_trace_8rxn_stop_risksched085to09_lr1e4_entropy005_s4_c1_rnetol_d256_depth3_p20,seed272,272,191,19100,100,16,117.36948365418266,146.62389222490197,111.21132405546757,False,max_epochs,905.8984787464142
rl4crn_rne_oscillator_trace_8rxn_stop_risksched085to09_lr1e4_entropy005_s4_c1_rnetol_d256_depth3_p20,seed272,272,192,19200,100,16,116.0495136391277,140.4778580080644,111.21132405546757,False,max_epochs,910.8144464492798
rl4crn_rne_oscillator_trace_8rxn_stop_risksched085to09_lr1e4_entropy005_s4_c1_rnetol_d256_depth3_p20,seed272,272,193,19300,100,16,118.5554770784539,131.2520831827401,111.21132405546757,False,max_epochs,916.1513221263885
rl4crn_rne_oscillator_trace_8rxn_stop_risksched085to09_lr1e4_entropy005_s4_c1_rnetol_d256_depth3_p20,seed272,272,194,19400,100,16,117.72634879430932,134.65257569280686,111.21132405546757,False,max_epochs,921.0749742984772
rl4crn_rne_oscillator_trace_8rxn_stop_risksched085to09_lr1e4_entropy005_s4_c1_rnetol_d256_depth3_p20,seed272,272,195,19500,100,16,117.57371953071035,136.54210174242297,111.21132405546757,False,max_epochs,926.147040605545
rl4crn_rne_oscillator_trace_8rxn_stop_risksched085to09_lr1e4_entropy005_s4_c1_rnetol_d256_depth3_p20,seed272,272,196,19600,100,16,117.26825687315164,134.57565017624802,111.21132405546757,False,max_epochs,930.8700678348541
rl4crn_rne_oscillator_trace_8rxn_stop_risksched085to09_lr1e4_entropy005_s4_c1_rnetol_d256_depth3_p20,seed272,272,197,19700,100,16,114.61410617142785,138.40841374596027,111.21132405546757,False,max_epochs,933.3973832130432
rl4crn_rne_oscillator_trace_8rxn_stop_risksched085to09_lr1e4_entropy005_s4_c1_rnetol_d256_depth3_p20,seed272,272,198,19800,100,16,117.1369183298837,131.23007571646912,111.21132405546757,False,max_epochs,938.2228507995605
rl4crn_rne_oscillator_trace_8rxn_stop_risksched085to09_lr1e4_entropy005_s4_c1_rnetol_d256_depth3_p20,seed272,272,199,19900,100,16,119.04319206551892,133.24077510572175,111.21132405546757,False,max_epochs,943.4393396377563
rl4crn_rne_oscillator_trace_8rxn_stop_risksched085to09_lr1e4_entropy005_s4_c1_rnetol_d256_depth3_p20,seed272,272,200,20000,100,16,116.40225247543572,135.32369737742303,111.21132405546757,False,max_epochs,948.5859746932983
rl4crn_rne_oscillator_trace_8rxn_stop_risksched085to09_lr1e4_entropy005_s4_c1_rnetol_d256_depth3_p20,seed272,272,201,20100,100,16,116.60916971162166,135.3767594409518,111.21132405546757,False,max_epochs,953.3243672847748
rl4crn_rne_oscillator_trace_8rxn_stop_risksched085to09_lr1e4_entropy005_s4_c1_rnetol_d256_depth3_p20,seed272,272,202,20200,100,16,112.01501454617299,133.44803075419787,111.21132405546757,False,max_epochs,958.2403552532196
rl4crn_rne_oscillator_trace_8rxn_stop_risksched085to09_lr1e4_entropy005_s4_c1_rnetol_d256_depth3_p20,seed272,272,203,20300,100,16,117.75112056858339,138.8479190105786,111.21132405546757,False,max_epochs,962.3801319599152
rl4crn_rne_oscillator_trace_8rxn_stop_risksched085to09_lr1e4_entropy005_s4_c1_rnetol_d256_depth3_p20,seed272,272,204,20400,100,16,118.2071154327801,137.6903812220473,111.21132405546757,False,max_epochs,965.445499420166
rl4crn_rne_oscillator_trace_8rxn_stop_risksched085to09_lr1e4_entropy005_s4_c1_rnetol_d256_depth3_p20,seed272,272,205,20500,100,16,118.01550056206572,132.42500282450067,111.21132405546757,False,max_epochs,970.4169554710388
rl4crn_rne_oscillator_trace_8rxn_stop_risksched085to09_lr1e4_entropy005_s4_c1_rnetol_d256_depth3_p20,seed272,272,206,20600,100,16,118.07640929561602,137.59601742333865,111.21132405546757,False,max_epochs,975.5331017971039
rl4crn_rne_oscillator_trace_8rxn_stop_risksched085to09_lr1e4_entropy005_s4_c1_rnetol_d256_depth3_p20,seed272,272,207,20700,100,16,114.2419416646538,146.55674523449,111.21132405546757,False,max_epochs,980.9837653636932
rl4crn_rne_oscillator_trace_8rxn_stop_risksched085to09_lr1e4_entropy005_s4_c1_rnetol_d256_depth3_p20,seed272,272,208,20800,100,16,117.38924142722614,148.87941192432845,111.21132405546757,False,max_epochs,986.3028991222382
rl4crn_rne_oscillator_trace_8rxn_stop_risksched085to09_lr1e4_entropy005_s4_c1_rnetol_d256_depth3_p20,seed272,272,209,20900,100,16,116.43642726333857,151.16613552863308,111.21132405546757,False,max_epochs,991.8379747867584
rl4crn_rne_oscillator_trace_8rxn_stop_risksched085to09_lr1e4_entropy005_s4_c1_rnetol_d256_depth3_p20,seed272,272,210,21000,100,16,118.14691253070227,144.59325203855929,111.21132405546757,False,max_epochs,997.1884231567383
rl4crn_rne_oscillator_trace_8rxn_stop_risksched085to09_lr1e4_entropy005_s4_c1_rnetol_d256_depth3_p20,seed272,272,211,21100,100,16,117.78802193750954,132.72421750760662,111.21132405546757,False,max_epochs,1002.5670189857483
rl4crn_rne_oscillator_trace_8rxn_stop_risksched085to09_lr1e4_entropy005_s4_c1_rnetol_d256_depth3_p20,seed272,272,212,21200,100,16,117.33006611631565,126.1982491087299,111.21132405546757,False,max_epochs,1007.9363687038422
rl4crn_rne_oscillator_trace_8rxn_stop_risksched085to09_lr1e4_entropy005_s4_c1_rnetol_d256_depth3_p20,seed272,272,213,21300,100,16,118.67782114161146,138.85624499296205,111.21132405546757,False,max_epochs,1013.1729822158813
rl4crn_rne_oscillator_trace_8rxn_stop_risksched085to09_lr1e4_entropy005_s4_c1_rnetol_d256_depth3_p20,seed272,272,214,21400,100,16,117.70573294323293,139.06174040194918,111.21132405546757,False,max_epochs,1018.406947851181
rl4crn_rne_oscillator_trace_8rxn_stop_risksched085to09_lr1e4_entropy005_s4_c1_rnetol_d256_depth3_p20,seed272,272,215,21500,100,16,115.11388190419946,139.2574458867704,111.21132405546757,False,max_epochs,1023.5801315307617
rl4crn_rne_oscillator_trace_8rxn_stop_risksched085to09_lr1e4_entropy005_s4_c1_rnetol_d256_depth3_p20,seed272,272,216,21600,100,16,118.51450520556864,138.62706991825178,111.21132405546757,False,max_epochs,1028.3292081356049
rl4crn_rne_oscillator_trace_8rxn_stop_risksched085to09_lr1e4_entropy005_s4_c1_rnetol_d256_depth3_p20,seed272,272,217,21700,100,16,119.04944543816548,138.39388138358123,111.21132405546757,False,max_epochs,1030.5124242305756
rl4crn_rne_oscillator_trace_8rxn_stop_risksched085to09_lr1e4_entropy005_s4_c1_rnetol_d256_depth3_p20,seed272,272,218,21800,100,16,117.26117857670398,137.81622431458214,111.21132405546757,False,max_epochs,1035.3798780441284
rl4crn_rne_oscillator_trace_8rxn_stop_risksched085to09_lr1e4_entropy005_s4_c1_rnetol_d256_depth3_p20,seed272,272,219,21900,100,16,116.87414163730504,136.04201384712735,111.21132405546757,False,max_epochs,1040.4478285312653
rl4crn_rne_oscillator_trace_8rxn_stop_risksched085to09_lr1e4_entropy005_s4_c1_rnetol_d256_depth3_p20,seed272,272,220,22000,100,16,117.7560761259137,146.20650816649615,111.21132405546757,False,max_epochs,1045.3635458946228
rl4crn_rne_oscillator_trace_8rxn_stop_risksched085to09_lr1e4_entropy005_s4_c1_rnetol_d256_depth3_p20,seed272,272,221,22100,100,16,114.01108837836006,147.06349163174337,111.21132405546757,False,max_epochs,1050.158197402954
rl4crn_rne_oscillator_trace_8rxn_stop_risksched085to09_lr1e4_entropy005_s4_c1_rnetol_d256_depth3_p20,seed272,272,222,22200,100,16,118.33440566150045,139.89014321926146,111.21132405546757,False,max_epochs,1054.31680560112
rl4crn_rne_oscillator_trace_8rxn_stop_risksched085to09_lr1e4_entropy005_s4_c1_rnetol_d256_depth3_p20,seed272,272,223,22300,100,16,117.62722217628021,141.4764507111376,111.21132405546757,False,max_epochs,1057.6269114017487
rl4crn_rne_oscillator_trace_8rxn_stop_risksched085to09_lr1e4_entropy005_s4_c1_rnetol_d256_depth3_p20,seed272,272,224,22400,100,16,118.04951722873028,147.5848822036258,111.21132405546757,False,max_epochs,1062.5684638023376
rl4crn_rne_oscillator_trace_8rxn_stop_risksched085to09_lr1e4_entropy005_s4_c1_rnetol_d256_depth3_p20,seed272,272,225,22500,100,16,117.35990035687045,136.0326969582672,111.21132405546757,False,max_epochs,1067.8829703330994
rl4crn_rne_oscillator_trace_8rxn_stop_risksched085to09_lr1e4_entropy005_s4_c1_rnetol_d256_depth3_p20,seed272,272,226,22600,100,16,117.43347267451122,135.1271517980348,111.21132405546757,False,max_epochs,1073.3857011795044
rl4crn_rne_oscillator_trace_8rxn_stop_risksched085to09_lr1e4_entropy005_s4_c1_rnetol_d256_depth3_p20,seed272,272,227,22700,100,16,118.1621847579623,135.35448033616836,111.21132405546757,False,max_epochs,1078.017068862915
rl4crn_rne_oscillator_trace_8rxn_stop_risksched085to09_lr1e4_entropy005_s4_c1_rnetol_d256_depth3_p20,seed272,272,228,22800,100,16,118.0459354079332,140.84278829759427,111.21132405546757,False,max_epochs,1083.0731143951416
rl4crn_rne_oscillator_trace_8rxn_stop_risksched085to09_lr1e4_entropy005_s4_c1_rnetol_d256_depth3_p20,seed272,272,229,22900,100,16,119.19400447762537,133.29522335576075,111.21132405546757,False,max_epochs,1086.3919565677643
rl4crn_rne_oscillator_trace_8rxn_stop_risksched085to09_lr1e4_entropy005_s4_c1_rnetol_d256_depth3_p20,seed272,272,230,23000,100,16,117.53917890700913,138.01174647261206,111.21132405546757,False,max_epochs,1090.3001427650452
rl4crn_rne_oscillator_trace_8rxn_stop_risksched085to09_lr1e4_entropy005_s4_c1_rnetol_d256_depth3_p20,seed272,272,231,23100,100,16,116.34020764419554,134.857476488245,111.21132405546757,False,max_epochs,1095.5265290737152
rl4crn_rne_oscillator_trace_8rxn_stop_risksched085to09_lr1e4_entropy005_s4_c1_rnetol_d256_depth3_p20,seed272,272,232,23200,100,16,117.90020516771496,132.09758717579558,111.21132405546757,False,max_epochs,1100.688999414444
rl4crn_rne_oscillator_trace_8rxn_stop_risksched085to09_lr1e4_entropy005_s4_c1_rnetol_d256_depth3_p20,seed272,272,233,23300,100,16,116.22094789084917,133.837777707202,111.21132405546757,False,max_epochs,1105.9222962856293
rl4crn_rne_oscillator_trace_8rxn_stop_risksched085to09_lr1e4_entropy005_s4_c1_rnetol_d256_depth3_p20,seed272,272,234,23400,100,16,114.32414970449625,140.4366008055171,111.21132405546757,False,max_epochs,1111.068602323532
rl4crn_rne_oscillator_trace_8rxn_stop_risksched085to09_lr1e4_entropy005_s4_c1_rnetol_d256_depth3_p20,seed272,272,235,23500,100,16,118.1873263224734,129.5191234981652,111.21132405546757,False,max_epochs,1116.060349702835
rl4crn_rne_oscillator_trace_8rxn_stop_risksched085to09_lr1e4_entropy005_s4_c1_rnetol_d256_depth3_p20,seed272,272,236,23600,100,16,117.52914227390447,132.25800346785925,111.21132405546757,False,max_epochs,1121.0678374767303
rl4crn_rne_oscillator_trace_8rxn_stop_risksched085to09_lr1e4_entropy005_s4_c1_rnetol_d256_depth3_p20,seed272,272,237,23700,100,16,118.98671609543044,135.8213398783731,111.21132405546757,False,max_epochs,1125.2608292102814
rl4crn_rne_oscillator_trace_8rxn_stop_risksched085to09_lr1e4_entropy005_s4_c1_rnetol_d256_depth3_p20,seed272,272,238,23800,100,16,118.07476028441155,139.42731000967433,111.21132405546757,False,max_epochs,1128.4490611553192
rl4crn_rne_oscillator_trace_8rxn_stop_risksched085to09_lr1e4_entropy005_s4_c1_rnetol_d256_depth3_p20,seed272,272,239,23900,100,16,118.6835061391119,139.44362177118614,111.21132405546757,False,max_epochs,1133.209186553955
rl4crn_rne_oscillator_trace_8rxn_stop_risksched085to09_lr1e4_entropy005_s4_c1_rnetol_d256_depth3_p20,seed272,272,240,24000,100,16,115.13458360478924,140.26558810860666,111.21132405546757,False,max_epochs,1138.6215312480927
rl4crn_rne_oscillator_trace_8rxn_stop_risksched085to09_lr1e4_entropy005_s4_c1_rnetol_d256_depth3_p20,seed272,272,241,24100,100,16,116.85213917346793,147.72445081443365,111.21132405546757,False,max_epochs,1143.7881155014038
rl4crn_rne_oscillator_trace_8rxn_stop_risksched085to09_lr1e4_entropy005_s4_c1_rnetol_d256_depth3_p20,seed272,272,242,24200,100,16,118.13940257133385,148.236016987984,111.21132405546757,False,max_epochs,1148.8305668830872
rl4crn_rne_oscillator_trace_8rxn_stop_risksched085to09_lr1e4_entropy005_s4_c1_rnetol_d256_depth3_p20,seed272,272,243,24300,100,16,115.6372326656703,147.87528256442084,111.21132405546757,False,max_epochs,1154.0410976409912
rl4crn_rne_oscillator_trace_8rxn_stop_risksched085to09_lr1e4_entropy005_s4_c1_rnetol_d256_depth3_p20,seed272,272,244,24400,100,16,115.81539283372553,145.32465354766475,111.21132405546757,False,max_epochs,1158.9322845935822
rl4crn_rne_oscillator_trace_8rxn_stop_risksched085to09_lr1e4_entropy005_s4_c1_rnetol_d256_depth3_p20,seed272,272,245,24500,100,16,117.3941911051882,140.74036662096017,111.21132405546757,False,max_epochs,1163.9931018352509
rl4crn_rne_oscillator_trace_8rxn_stop_risksched085to09_lr1e4_entropy005_s4_c1_rnetol_d256_depth3_p20,seed272,272,246,24600,100,16,117.3356067497015,134.04553197238428,111.21132405546757,False,max_epochs,1166.5552005767822
rl4crn_rne_oscillator_trace_8rxn_stop_risksched085to09_lr1e4_entropy005_s4_c1_rnetol_d256_depth3_p20,seed272,272,247,24700,100,16,117.58185090020969,143.09630512042094,111.21132405546757,False,max_epochs,1171.2032570838928
rl4crn_rne_oscillator_trace_8rxn_stop_risksched085to09_lr1e4_entropy005_s4_c1_rnetol_d256_depth3_p20,seed272,272,248,24800,100,16,117.70508702237315,141.35909472740997,111.21132405546757,False,max_epochs,1176.5145318508148
rl4crn_rne_oscillator_trace_8rxn_stop_risksched085to09_lr1e4_entropy005_s4_c1_rnetol_d256_depth3_p20,seed272,272,249,24900,100,16,116.90465496623872,140.2569848415872,111.21132405546757,False,max_epochs,1181.8191740512848
rl4crn_rne_oscillator_trace_8rxn_stop_risksched085to09_lr1e4_entropy005_s4_c1_rnetol_d256_depth3_p20,seed272,272,250,25000,100,16,118.28258097086375,147.12090902826367,111.21132405546757,False,max_epochs,1186.7820794582367
rl4crn_rne_oscillator_trace_8rxn_stop_risksched085to09_lr1e4_entropy005_s4_c1_rnetol_d256_depth3_p20,seed272,272,251,25100,100,16,116.58084152584586,137.086019533919,111.21132405546757,False,max_epochs,1191.746376991272
rl4crn_rne_oscillator_trace_8rxn_stop_risksched085to09_lr1e4_entropy005_s4_c1_rnetol_d256_depth3_p20,seed272,272,252,25200,100,16,117.80031502923164,135.2058314312666,111.21132405546757,False,max_epochs,1196.5038933753967
rl4crn_rne_oscillator_trace_8rxn_stop_risksched085to09_lr1e4_entropy005_s4_c1_rnetol_d256_depth3_p20,seed272,272,253,25300,100,16,116.62342601121188,133.55068000019864,111.21132405546757,False,max_epochs,1198.764321565628
rl4crn_rne_oscillator_trace_8rxn_stop_risksched085to09_lr1e4_entropy005_s4_c1_rnetol_d256_depth3_p20,seed272,272,254,25400,100,16,115.5504272992546,137.91944627093352,111.21132405546757,False,max_epochs,1203.9511556625366
rl4crn_rne_oscillator_trace_8rxn_stop_risksched085to09_lr1e4_entropy005_s4_c1_rnetol_d256_depth3_p20,seed272,272,255,25500,100,16,115.24926055286122,140.84796135702456,111.21132405546757,False,max_epochs,1209.3123254776
rl4crn_rne_oscillator_trace_8rxn_stop_risksched085to09_lr1e4_entropy005_s4_c1_rnetol_d256_depth3_p20,seed272,272,256,25600,100,16,119.5019139078119,137.66787088899446,111.21132405546757,False,max_epochs,1214.4730060100555
rl4crn_rne_oscillator_trace_8rxn_stop_risksched085to09_lr1e4_entropy005_s4_c1_rnetol_d256_depth3_p20,seed272,272,257,25700,100,16,118.02825607409358,140.4575973780918,111.21132405546757,False,max_epochs,1219.7170522212982
rl4crn_rne_oscillator_trace_8rxn_stop_risksched085to09_lr1e4_entropy005_s4_c1_rnetol_d256_depth3_p20,seed272,272,258,25800,100,16,117.21527118596359,138.9554959229475,111.21132405546757,False,max_epochs,1224.859426021576
rl4crn_rne_oscillator_trace_8rxn_stop_risksched085to09_lr1e4_entropy005_s4_c1_rnetol_d256_depth3_p20,seed272,272,259,25900,100,16,115.45025939125749,133.17081783255043,111.21132405546757,False,max_epochs,1229.7478294372559
rl4crn_rne_oscillator_trace_8rxn_stop_risksched085to09_lr1e4_entropy005_s4_c1_rnetol_d256_depth3_p20,seed272,272,260,26000,100,16,116.87102412534942,138.34081728389265,111.21132405546757,False,max_epochs,1232.1035604476929
rl4crn_rne_oscillator_trace_8rxn_stop_risksched085to09_lr1e4_entropy005_s4_c1_rnetol_d256_depth3_p20,seed272,272,261,26100,100,16,117.17218226373654,139.72517471451414,111.21132405546757,False,max_epochs,1236.835802078247
rl4crn_rne_oscillator_trace_8rxn_stop_risksched085to09_lr1e4_entropy005_s4_c1_rnetol_d256_depth3_p20,seed272,272,262,26200,100,16,118.14172740004058,131.11153788264232,111.21132405546757,False,max_epochs,1242.3758897781372
rl4crn_rne_oscillator_trace_8rxn_stop_risksched085to09_lr1e4_entropy005_s4_c1_rnetol_d256_depth3_p20,seed272,272,263,26300,100,16,116.51710305459062,132.6252405394141,111.21132405546757,False,max_epochs,1247.738483428955
rl4crn_rne_oscillator_trace_8rxn_stop_risksched085to09_lr1e4_entropy005_s4_c1_rnetol_d256_depth3_p20,seed272,272,264,26400,100,16,117.41659477509518,134.78710092515868,111.21132405546757,False,max_epochs,1252.8569190502167
rl4crn_rne_oscillator_trace_8rxn_stop_risksched085to09_lr1e4_entropy005_s4_c1_rnetol_d256_depth3_p20,seed272,272,265,26500,100,16,119.28722634334952,136.67950101459127,111.21132405546757,False,max_epochs,1258.1680040359497
rl4crn_rne_oscillator_trace_8rxn_stop_risksched085to09_lr1e4_entropy005_s4_c1_rnetol_d256_depth3_p20,seed272,272,266,26600,100,16,117.9142812704601,139.19222893824497,111.21132405546757,False,max_epochs,1263.9618077278137
rl4crn_rne_oscillator_trace_8rxn_stop_risksched085to09_lr1e4_entropy005_s4_c1_rnetol_d256_depth3_p20,seed272,272,267,26700,100,16,117.76157478052787,136.31308176776224,111.21132405546757,False,max_epochs,1268.6002142429352
rl4crn_rne_oscillator_trace_8rxn_stop_risksched085to09_lr1e4_entropy005_s4_c1_rnetol_d256_depth3_p20,seed272,272,268,26800,100,16,116.05908452544513,139.96046839867975,111.21132405546757,False,max_epochs,1273.3401696681976
rl4crn_rne_oscillator_trace_8rxn_stop_risksched085to09_lr1e4_entropy005_s4_c1_rnetol_d256_depth3_p20,seed272,272,269,26900,100,16,118.66798104430926,145.84805050639608,111.21132405546757,False,max_epochs,1276.3556010723114
rl4crn_rne_oscillator_trace_8rxn_stop_risksched085to09_lr1e4_entropy005_s4_c1_rnetol_d256_depth3_p20,seed272,272,270,27000,100,16,117.70634014150517,141.1077845892982,111.21132405546757,False,max_epochs,1280.68359541893
rl4crn_rne_oscillator_trace_8rxn_stop_risksched085to09_lr1e4_entropy005_s4_c1_rnetol_d256_depth3_p20,seed272,272,271,27100,100,16,116.39488818843348,142.65821933936704,111.21132405546757,False,max_epochs,1285.7710139751434
rl4crn_rne_oscillator_trace_8rxn_stop_risksched085to09_lr1e4_entropy005_s4_c1_rnetol_d256_depth3_p20,seed272,272,272,27200,100,16,117.42782408018452,138.5095662062397,111.21132405546757,False,max_epochs,1291.7506670951843
rl4crn_rne_oscillator_trace_8rxn_stop_risksched085to09_lr1e4_entropy005_s4_c1_rnetol_d256_depth3_p20,seed272,272,273,27300,100,16,113.86487480685723,139.43295986098138,111.21132405546757,False,max_epochs,1297.0339612960815
rl4crn_rne_oscillator_trace_8rxn_stop_risksched085to09_lr1e4_entropy005_s4_c1_rnetol_d256_depth3_p20,seed272,272,274,27400,100,16,118.81052225193659,137.5188879733539,111.21132405546757,False,max_epochs,1301.8727016448975
rl4crn_rne_oscillator_trace_8rxn_stop_risksched085to09_lr1e4_entropy005_s4_c1_rnetol_d256_depth3_p20,seed272,272,275,27500,100,16,116.87190388800785,137.57159637981496,111.21132405546757,False,max_epochs,1306.8434700965881
rl4crn_rne_oscillator_trace_8rxn_stop_risksched085to09_lr1e4_entropy005_s4_c1_rnetol_d256_depth3_p20,seed272,272,276,27600,100,16,116.44951928120913,149.16750142649192,111.21132405546757,False,max_epochs,1311.6590778827667
rl4crn_rne_oscillator_trace_8rxn_stop_risksched085to09_lr1e4_entropy005_s4_c1_rnetol_d256_depth3_p20,seed272,272,277,27700,100,16,117.41674416039783,142.55826057668932,111.21132405546757,False,max_epochs,1314.0644714832306
rl4crn_rne_oscillator_trace_8rxn_stop_risksched085to09_lr1e4_entropy005_s4_c1_rnetol_d256_depth3_p20,seed272,272,278,27800,100,16,116.14501470347471,139.16234189719498,111.21132405546757,False,max_epochs,1319.1222960948944
rl4crn_rne_oscillator_trace_8rxn_stop_risksched085to09_lr1e4_entropy005_s4_c1_rnetol_d256_depth3_p20,seed272,272,279,27900,100,16,117.40248855528387,132.07573543472466,111.21132405546757,False,max_epochs,1324.2875213623047
rl4crn_rne_oscillator_trace_8rxn_stop_risksched085to09_lr1e4_entropy005_s4_c1_rnetol_d256_depth3_p20,seed272,272,280,28000,100,16,116.80956489505097,142.44152962325882,111.21132405546757,False,max_epochs,1329.3970942497253
rl4crn_rne_oscillator_trace_8rxn_stop_risksched085to09_lr1e4_entropy005_s4_c1_rnetol_d256_depth3_p20,seed272,272,281,28100,100,16,117.17976382424534,136.96081476689494,111.21132405546757,False,max_epochs,1334.3007292747498
rl4crn_rne_oscillator_trace_8rxn_stop_risksched085to09_lr1e4_entropy005_s4_c1_rnetol_d256_depth3_p20,seed272,272,282,28200,100,16,116.6934846369346,131.79904929447127,111.21132405546757,False,max_epochs,1339.0090639591217
rl4crn_rne_oscillator_trace_8rxn_stop_risksched085to09_lr1e4_entropy005_s4_c1_rnetol_d256_depth3_p20,seed272,272,283,28300,100,16,112.15736961723196,134.0660862284407,111.21132405546757,False,max_epochs,1341.3971991539001
rl4crn_rne_oscillator_trace_8rxn_stop_risksched085to09_lr1e4_entropy005_s4_c1_rnetol_d256_depth3_p20,seed272,272,284,28400,100,16,116.43734572715427,139.67917006635008,111.21132405546757,False,max_epochs,1346.400011062622
rl4crn_rne_oscillator_trace_8rxn_stop_risksched085to09_lr1e4_entropy005_s4_c1_rnetol_d256_depth3_p20,seed272,272,285,28500,100,16,116.59263753180262,130.7711804013673,111.21132405546757,False,max_epochs,1351.7473981380463
rl4crn_rne_oscillator_trace_8rxn_stop_risksched085to09_lr1e4_entropy005_s4_c1_rnetol_d256_depth3_p20,seed272,272,286,28600,100,16,116.26694495975143,134.51748217242186,111.21132405546757,False,max_epochs,1357.2031924724579
rl4crn_rne_oscillator_trace_8rxn_stop_risksched085to09_lr1e4_entropy005_s4_c1_rnetol_d256_depth3_p20,seed272,272,287,28700,100,16,115.94314694653573,145.31147313201802,111.21132405546757,False,max_epochs,1362.6694738864899
rl4crn_rne_oscillator_trace_8rxn_stop_risksched085to09_lr1e4_entropy005_s4_c1_rnetol_d256_depth3_p20,seed272,272,288,28800,100,16,116.85446342534522,133.85039070485067,111.21132405546757,False,max_epochs,1367.9894156455994
rl4crn_rne_oscillator_trace_8rxn_stop_risksched085to09_lr1e4_entropy005_s4_c1_rnetol_d256_depth3_p20,seed272,272,289,28900,100,16,111.42833794803852,135.6648249074641,111.21132405546757,False,max_epochs,1373.9316058158875
rl4crn_rne_oscillator_trace_8rxn_stop_risksched085to09_lr1e4_entropy005_s4_c1_rnetol_d256_depth3_p20,seed272,272,290,29000,100,16,115.76888897022263,128.3238700942623,111.21132405546757,False,max_epochs,1379.359138727188
rl4crn_rne_oscillator_trace_8rxn_stop_risksched085to09_lr1e4_entropy005_s4_c1_rnetol_d256_depth3_p20,seed272,272,291,29100,100,16,113.76246936230719,128.1490502631914,111.21132405546757,False,max_epochs,1384.2836241722107
rl4crn_rne_oscillator_trace_8rxn_stop_risksched085to09_lr1e4_entropy005_s4_c1_rnetol_d256_depth3_p20,seed272,272,292,29200,100,16,117.89321419417908,130.39577150549937,111.21132405546757,False,max_epochs,1389.4360868930817
rl4crn_rne_oscillator_trace_8rxn_stop_risksched085to09_lr1e4_entropy005_s4_c1_rnetol_d256_depth3_p20,seed272,272,293,29300,100,16,116.75032414213405,136.86586895357848,111.21132405546757,False,max_epochs,1394.4033031463623
rl4crn_rne_oscillator_trace_8rxn_stop_risksched085to09_lr1e4_entropy005_s4_c1_rnetol_d256_depth3_p20,seed272,272,294,29400,100,16,115.93172605032956,143.33344361170492,111.21132405546757,False,max_epochs,1399.3347625732422
rl4crn_rne_oscillator_trace_8rxn_stop_risksched085to09_lr1e4_entropy005_s4_c1_rnetol_d256_depth3_p20,seed272,272,295,29500,100,16,116.42745500547191,136.62041910519056,111.21132405546757,False,max_epochs,1401.650552034378
rl4crn_rne_oscillator_trace_8rxn_stop_risksched085to09_lr1e4_entropy005_s4_c1_rnetol_d256_depth3_p20,seed272,272,296,29600,100,16,116.0487478659087,137.7771012804384,111.21132405546757,False,max_epochs,1406.6784534454346
rl4crn_rne_oscillator_trace_8rxn_stop_risksched085to09_lr1e4_entropy005_s4_c1_rnetol_d256_depth3_p20,seed272,272,297,29700,100,16,116.18186102940116,146.87029905124953,111.21132405546757,False,max_epochs,1411.866173028946
rl4crn_rne_oscillator_trace_8rxn_stop_risksched085to09_lr1e4_entropy005_s4_c1_rnetol_d256_depth3_p20,seed272,272,298,29800,100,16,115.58471386515312,127.78661101929106,111.21132405546757,False,max_epochs,1416.5652704238892
rl4crn_rne_oscillator_trace_8rxn_stop_risksched085to09_lr1e4_entropy005_s4_c1_rnetol_d256_depth3_p20,seed272,272,299,29900,100,16,117.48443905073808,131.0531186650058,111.21132405546757,False,max_epochs,1421.4410908222198
rl4crn_rne_oscillator_trace_8rxn_stop_risksched085to09_lr1e4_entropy005_s4_c1_rnetol_d256_depth3_p20,seed272,272,300,30000,100,16,116.15200418322809,140.26657990556038,111.21132405546757,False,max_epochs,1423.6763379573822
rl4crn_rne_oscillator_trace_8rxn_stop_risksched085to09_lr1e4_entropy005_s4_c1_rnetol_d256_depth3_p20,seed272,272,301,30100,100,16,118.89727383871536,132.2854395221056,111.21132405546757,False,max_epochs,1428.4529604911804
rl4crn_rne_oscillator_trace_8rxn_stop_risksched085to09_lr1e4_entropy005_s4_c1_rnetol_d256_depth3_p20,seed272,272,302,30200,100,16,117.09369668234639,144.96912557570948,111.21132405546757,False,max_epochs,1434.290601491928
rl4crn_rne_oscillator_trace_8rxn_stop_risksched085to09_lr1e4_entropy005_s4_c1_rnetol_d256_depth3_p20,seed272,272,303,30300,100,16,112.70470129424709,150.9144556706479,111.21132405546757,False,max_epochs,1439.5216069221497
rl4crn_rne_oscillator_trace_8rxn_stop_risksched085to09_lr1e4_entropy005_s4_c1_rnetol_d256_depth3_p20,seed272,272,304,30400,100,16,117.34842713519494,146.41396912696422,111.21132405546757,False,max_epochs,1444.9391267299652
rl4crn_rne_oscillator_trace_8rxn_stop_risksched085to09_lr1e4_entropy005_s4_c1_rnetol_d256_depth3_p20,seed272,272,305,30500,100,16,118.12936673568002,141.76976068051334,111.21132405546757,False,max_epochs,1449.9680836200714
rl4crn_rne_oscillator_trace_8rxn_stop_risksched085to09_lr1e4_entropy005_s4_c1_rnetol_d256_depth3_p20,seed272,272,306,30600,100,16,117.64236191667919,136.02754221647314,111.21132405546757,False,max_epochs,1455.2159988880157
rl4crn_rne_oscillator_trace_8rxn_stop_risksched085to09_lr1e4_entropy005_s4_c1_rnetol_d256_depth3_p20,seed272,272,307,30700,100,16,116.82351040123346,136.75161269368124,111.21132405546757,False,max_epochs,1460.5819668769836
rl4crn_rne_oscillator_trace_8rxn_stop_risksched085to09_lr1e4_entropy005_s4_c1_rnetol_d256_depth3_p20,seed272,272,308,30800,100,16,116.29696033246869,137.9983561505827,111.21132405546757,False,max_epochs,1466.1353838443756
rl4crn_rne_oscillator_trace_8rxn_stop_risksched085to09_lr1e4_entropy005_s4_c1_rnetol_d256_depth3_p20,seed272,272,309,30900,100,16,115.50834653823037,129.08339726580286,111.21132405546757,False,max_epochs,1471.5844185352325
rl4crn_rne_oscillator_trace_8rxn_stop_risksched085to09_lr1e4_entropy005_s4_c1_rnetol_d256_depth3_p20,seed272,272,310,31000,100,16,115.95488618155524,133.1477176802956,111.21132405546757,False,max_epochs,1476.9754848480225
rl4crn_rne_oscillator_trace_8rxn_stop_risksched085to09_lr1e4_entropy005_s4_c1_rnetol_d256_depth3_p20,seed272,272,311,31100,100,16,117.51484642628992,137.12588575377802,111.21132405546757,False,max_epochs,1482.0656344890594
rl4crn_rne_oscillator_trace_8rxn_stop_risksched085to09_lr1e4_entropy005_s4_c1_rnetol_d256_depth3_p20,seed272,272,312,31200,100,16,117.22985457890474,136.6353832811917,111.21132405546757,False,max_epochs,1486.79101395607
rl4crn_rne_oscillator_trace_8rxn_stop_risksched085to09_lr1e4_entropy005_s4_c1_rnetol_d256_depth3_p20,seed272,272,313,31300,100,16,117.20523797433384,138.1471467896156,111.21132405546757,False,max_epochs,1491.912294626236
rl4crn_rne_oscillator_trace_8rxn_stop_risksched085to09_lr1e4_entropy005_s4_c1_rnetol_d256_depth3_p20,seed272,272,314,31400,100,16,117.02904892069384,130.91331425361653,111.21132405546757,False,max_epochs,1494.2395558357239
rl4crn_rne_oscillator_trace_8rxn_stop_risksched085to09_lr1e4_entropy005_s4_c1_rnetol_d256_depth3_p20,seed272,272,315,31500,100,16,116.57204202467508,134.1347687690328,111.21132405546757,False,max_epochs,1498.9603242874146
rl4crn_rne_oscillator_trace_8rxn_stop_risksched085to09_lr1e4_entropy005_s4_c1_rnetol_d256_depth3_p20,seed272,272,316,31600,100,16,118.98630180672066,133.14262019491895,111.21132405546757,False,max_epochs,1504.0155234336853
rl4crn_rne_oscillator_trace_8rxn_stop_risksched085to09_lr1e4_entropy005_s4_c1_rnetol_d256_depth3_p20,seed272,272,317,31700,100,16,114.49427218940473,129.68998831346101,111.21132405546757,False,max_epochs,1509.4463105201721
rl4crn_rne_oscillator_trace_8rxn_stop_risksched085to09_lr1e4_entropy005_s4_c1_rnetol_d256_depth3_p20,seed272,272,318,31800,100,16,117.59053213015663,136.2188936038524,111.21132405546757,False,max_epochs,1514.1683111190796
rl4crn_rne_oscillator_trace_8rxn_stop_risksched085to09_lr1e4_entropy005_s4_c1_rnetol_d256_depth3_p20,seed272,272,319,31900,100,16,115.0312316023094,138.98875831004898,111.21132405546757,False,max_epochs,1519.1226682662964
rl4crn_rne_oscillator_trace_8rxn_stop_risksched085to09_lr1e4_entropy005_s4_c1_rnetol_d256_depth3_p20,seed272,272,320,32000,100,16,115.6234351090949,142.51864208681067,111.21132405546757,False,max_epochs,1521.9040200710297
rl4crn_rne_oscillator_trace_8rxn_stop_risksched085to09_lr1e4_entropy005_s4_c1_rnetol_d256_depth3_p20,seed272,272,321,32100,100,16,116.87404515788674,137.09587096207332,111.21132405546757,False,max_epochs,1526.2802534103394
rl4crn_rne_oscillator_trace_8rxn_stop_risksched085to09_lr1e4_entropy005_s4_c1_rnetol_d256_depth3_p20,seed272,272,322,32200,100,16,113.98109190280773,129.54711778665367,111.21132405546757,False,max_epochs,1531.4216485023499
rl4crn_rne_oscillator_trace_8rxn_stop_risksched085to09_lr1e4_entropy005_s4_c1_rnetol_d256_depth3_p20,seed272,272,323,32300,100,16,117.70752323713107,143.9773886862713,111.21132405546757,False,max_epochs,1537.0187776088715
rl4crn_rne_oscillator_trace_8rxn_stop_risksched085to09_lr1e4_entropy005_s4_c1_rnetol_d256_depth3_p20,seed272,272,324,32400,100,16,118.2350096046404,134.25665624334323,111.21132405546757,False,max_epochs,1542.095855474472
rl4crn_rne_oscillator_trace_8rxn_stop_risksched085to09_lr1e4_entropy005_s4_c1_rnetol_d256_depth3_p20,seed272,272,325,32500,100,16,117.63913258374936,137.37195632484602,111.21132405546757,False,max_epochs,1546.9018902778625
rl4crn_rne_oscillator_trace_8rxn_stop_risksched085to09_lr1e4_entropy005_s4_c1_rnetol_d256_depth3_p20,seed272,272,326,32600,100,16,116.06605208541163,137.84267003198906,111.21132405546757,False,max_epochs,1551.588359594345
rl4crn_rne_oscillator_trace_8rxn_stop_risksched085to09_lr1e4_entropy005_s4_c1_rnetol_d256_depth3_p20,seed272,272,327,32700,100,16,117.00464865900574,138.4125639392544,111.21132405546757,False,max_epochs,1553.9062495231628
rl4crn_rne_oscillator_trace_8rxn_stop_risksched085to09_lr1e4_entropy005_s4_c1_rnetol_d256_depth3_p20,seed272,272,328,32800,100,16,113.33974387109194,144.154146794775,111.21132405546757,False,max_epochs,1559.143560409546
rl4crn_rne_oscillator_trace_8rxn_stop_risksched085to09_lr1e4_entropy005_s4_c1_rnetol_d256_depth3_p20,seed272,272,329,32900,100,16,117.06156193045088,139.7812574458714,111.21132405546757,False,max_epochs,1564.193259716034
rl4crn_rne_oscillator_trace_8rxn_stop_risksched085to09_lr1e4_entropy005_s4_c1_rnetol_d256_depth3_p20,seed272,272,330,33000,100,16,117.24460432096217,135.28893110060568,111.21132405546757,False,max_epochs,1569.426186323166
rl4crn_rne_oscillator_trace_8rxn_stop_risksched085to09_lr1e4_entropy005_s4_c1_rnetol_d256_depth3_p20,seed272,272,331,33100,100,16,117.21562721153836,131.3180026155024,111.21132405546757,False,max_epochs,1574.768844127655
rl4crn_rne_oscillator_trace_8rxn_stop_risksched085to09_lr1e4_entropy005_s4_c1_rnetol_d256_depth3_p20,seed272,272,332,33200,100,16,114.61737229042265,129.40764220715795,111.21132405546757,False,max_epochs,1580.1620631217957
rl4crn_rne_oscillator_trace_8rxn_stop_risksched085to09_lr1e4_entropy005_s4_c1_rnetol_d256_depth3_p20,seed272,272,333,33300,100,16,118.40870654275776,139.77378183597023,111.21132405546757,False,max_epochs,1584.9834353923798
rl4crn_rne_oscillator_trace_8rxn_stop_risksched085to09_lr1e4_entropy005_s4_c1_rnetol_d256_depth3_p20,seed272,272,334,33400,100,16,115.68593005219499,130.69126089407035,111.21132405546757,False,max_epochs,1589.6910026073456
rl4crn_rne_oscillator_trace_8rxn_stop_risksched085to09_lr1e4_entropy005_s4_c1_rnetol_d256_depth3_p20,seed272,272,335,33500,100,16,113.46284658443194,131.102918687611,111.21132405546757,False,max_epochs,1591.818259716034
rl4crn_rne_oscillator_trace_8rxn_stop_risksched085to09_lr1e4_entropy005_s4_c1_rnetol_d256_depth3_p20,seed272,272,336,33600,100,16,116.44400485791985,135.2880779215899,111.21132405546757,False,max_epochs,1596.866171836853
rl4crn_rne_oscillator_trace_8rxn_stop_risksched085to09_lr1e4_entropy005_s4_c1_rnetol_d256_depth3_p20,seed272,272,337,33700,100,16,115.7284146616009,145.70296610868166,111.21132405546757,False,max_epochs,1601.882724761963
rl4crn_rne_oscillator_trace_8rxn_stop_risksched085to09_lr1e4_entropy005_s4_c1_rnetol_d256_depth3_p20,seed272,272,338,33800,100,16,118.36327002820393,143.4535090786132,111.21132405546757,False,max_epochs,1606.5961239337921
rl4crn_rne_oscillator_trace_8rxn_stop_risksched085to09_lr1e4_entropy005_s4_c1_rnetol_d256_depth3_p20,seed272,272,339,33900,100,16,115.36939157708964,139.87904427361696,111.21132405546757,False,max_epochs,1611.5118508338928
rl4crn_rne_oscillator_trace_8rxn_stop_risksched085to09_lr1e4_entropy005_s4_c1_rnetol_d256_depth3_p20,seed272,272,340,34000,100,16,117.11688244940538,134.20511379676407,111.21132405546757,False,max_epochs,1613.8372185230255
rl4crn_rne_oscillator_trace_8rxn_stop_risksched085to09_lr1e4_entropy005_s4_c1_rnetol_d256_depth3_p20,seed272,272,341,34100,100,16,116.22322890556836,133.4075091224006,111.21132405546757,False,max_epochs,1618.9803993701935
rl4crn_rne_oscillator_trace_8rxn_stop_risksched085to09_lr1e4_entropy005_s4_c1_rnetol_d256_depth3_p20,seed272,272,342,34200,100,16,116.93290252162373,128.09324591970318,111.21132405546757,False,max_epochs,1623.9948101043701
rl4crn_rne_oscillator_trace_8rxn_stop_risksched085to09_lr1e4_entropy005_s4_c1_rnetol_d256_depth3_p20,seed272,272,343,34300,100,16,118.25347085166864,132.49220514206382,111.21132405546757,False,max_epochs,1629.345618724823
rl4crn_rne_oscillator_trace_8rxn_stop_risksched085to09_lr1e4_entropy005_s4_c1_rnetol_d256_depth3_p20,seed272,272,344,34400,100,16,116.45829459201667,134.99836874311814,111.21132405546757,False,max_epochs,1634.5580263137817
rl4crn_rne_oscillator_trace_8rxn_stop_risksched085to09_lr1e4_entropy005_s4_c1_rnetol_d256_depth3_p20,seed272,272,345,34500,100,16,118.72157293392641,147.38610262957033,111.21132405546757,False,max_epochs,1639.4171624183655
rl4crn_rne_oscillator_trace_8rxn_stop_risksched085to09_lr1e4_entropy005_s4_c1_rnetol_d256_depth3_p20,seed272,272,346,34600,100,16,116.75308463698197,138.93901219709588,111.21132405546757,False,max_epochs,1644.7406640052795
rl4crn_rne_oscillator_trace_8rxn_stop_risksched085to09_lr1e4_entropy005_s4_c1_rnetol_d256_depth3_p20,seed272,272,347,34700,100,16,111.866328098247,131.02014814300625,111.21132405546757,False,max_epochs,1649.4005637168884
rl4crn_rne_oscillator_trace_8rxn_stop_risksched085to09_lr1e4_entropy005_s4_c1_rnetol_d256_depth3_p20,seed272,272,348,34800,100,16,115.78096386757402,134.92500649397073,111.21132405546757,False,max_epochs,1652.1737534999847
rl4crn_rne_oscillator_trace_8rxn_stop_risksched085to09_lr1e4_entropy005_s4_c1_rnetol_d256_depth3_p20,seed272,272,349,34900,100,16,117.67565317641404,140.94183718383556,111.21132405546757,False,max_epochs,1656.9854373931885
rl4crn_rne_oscillator_trace_8rxn_stop_risksched085to09_lr1e4_entropy005_s4_c1_rnetol_d256_depth3_p20,seed272,272,350,35000,100,16,114.06237494595541,138.46230091083348,111.21132405546757,False,max_epochs,1662.107791185379
rl4crn_rne_oscillator_trace_8rxn_stop_risksched085to09_lr1e4_entropy005_s4_c1_rnetol_d256_depth3_p20,seed272,272,351,35100,100,16,118.6670546957325,145.30908485534374,111.21132405546757,False,max_epochs,1667.7769796848297
rl4crn_rne_oscillator_trace_8rxn_stop_risksched085to09_lr1e4_entropy005_s4_c1_rnetol_d256_depth3_p20,seed272,272,352,35200,100,16,113.84097592830781,136.47515617273808,111.21132405546757,False,max_epochs,1673.1076707839966
rl4crn_rne_oscillator_trace_8rxn_stop_risksched085to09_lr1e4_entropy005_s4_c1_rnetol_d256_depth3_p20,seed272,272,353,35300,100,16,117.7695258084365,131.453512369507,111.21132405546757,False,max_epochs,1678.4121344089508
rl4crn_rne_oscillator_trace_8rxn_stop_risksched085to09_lr1e4_entropy005_s4_c1_rnetol_d256_depth3_p20,seed272,272,354,35400,100,16,116.74400013019894,135.46738491476822,111.21132405546757,False,max_epochs,1683.5073626041412
rl4crn_rne_oscillator_trace_8rxn_stop_risksched085to09_lr1e4_entropy005_s4_c1_rnetol_d256_depth3_p20,seed272,272,355,35500,100,16,117.47806135201482,134.47127918504128,111.21132405546757,False,max_epochs,1689.0439319610596
rl4crn_rne_oscillator_trace_8rxn_stop_risksched085to09_lr1e4_entropy005_s4_c1_rnetol_d256_depth3_p20,seed272,272,356,35600,100,16,116.95650409245138,129.91583915293594,111.21132405546757,False,max_epochs,1693.6998934745789
rl4crn_rne_oscillator_trace_8rxn_stop_risksched085to09_lr1e4_entropy005_s4_c1_rnetol_d256_depth3_p20,seed272,272,357,35700,100,16,116.96619581808639,138.01705098507824,111.21132405546757,False,max_epochs,1698.4564049243927
rl4crn_rne_oscillator_trace_8rxn_stop_risksched085to09_lr1e4_entropy005_s4_c1_rnetol_d256_depth3_p20,seed272,272,358,35800,100,16,113.57400052090091,130.53211307331287,111.21132405546757,False,max_epochs,1700.842677116394
rl4crn_rne_oscillator_trace_8rxn_stop_risksched085to09_lr1e4_entropy005_s4_c1_rnetol_d256_depth3_p20,seed272,272,359,35900,100,16,116.46320423000948,127.46868069982253,111.21132405546757,False,max_epochs,1705.5306634902954
rl4crn_rne_oscillator_trace_8rxn_stop_risksched085to09_lr1e4_entropy005_s4_c1_rnetol_d256_depth3_p20,seed272,272,360,36000,100,16,117.49407741221216,128.27225231119334,111.21132405546757,False,max_epochs,1710.974633216858
rl4crn_rne_oscillator_trace_8rxn_stop_risksched085to09_lr1e4_entropy005_s4_c1_rnetol_d256_depth3_p20,seed272,272,361,36100,100,16,117.01846081020054,134.09386946470283,111.21132405546757,False,max_epochs,1716.6864368915558
rl4crn_rne_oscillator_trace_8rxn_stop_risksched085to09_lr1e4_entropy005_s4_c1_rnetol_d256_depth3_p20,seed272,272,362,36200,100,16,117.45392467691507,132.91120251815045,111.21132405546757,False,max_epochs,1721.8959798812866
rl4crn_rne_oscillator_trace_8rxn_stop_risksched085to09_lr1e4_entropy005_s4_c1_rnetol_d256_depth3_p20,seed272,272,363,36300,100,16,115.28486859608692,138.5330921952547,111.21132405546757,False,max_epochs,1726.6520175933838
rl4crn_rne_oscillator_trace_8rxn_stop_risksched085to09_lr1e4_entropy005_s4_c1_rnetol_d256_depth3_p20,seed272,272,364,36400,100,16,114.84848004331718,129.72848255719342,111.21132405546757,False,max_epochs,1731.5547683238983
rl4crn_rne_oscillator_trace_8rxn_stop_risksched085to09_lr1e4_entropy005_s4_c1_rnetol_d256_depth3_p20,seed272,272,365,36500,100,16,116.42612492477556,141.7910088780265,111.21132405546757,False,max_epochs,1735.403802871704
rl4crn_rne_oscillator_trace_8rxn_stop_risksched085to09_lr1e4_entropy005_s4_c1_rnetol_d256_depth3_p20,seed272,272,366,36600,100,16,119.10598759239376,131.2725480673442,111.21132405546757,False,max_epochs,1738.3023734092712
rl4crn_rne_oscillator_trace_8rxn_stop_risksched085to09_lr1e4_entropy005_s4_c1_rnetol_d256_depth3_p20,seed272,272,367,36700,100,16,118.94479829578653,131.5162993870195,111.21132405546757,False,max_epochs,1743.4179847240448
rl4crn_rne_oscillator_trace_8rxn_stop_risksched085to09_lr1e4_entropy005_s4_c1_rnetol_d256_depth3_p20,seed272,272,368,36800,100,16,116.20563547548358,132.35672153334446,111.21132405546757,False,max_epochs,1748.5299217700958
rl4crn_rne_oscillator_trace_8rxn_stop_risksched085to09_lr1e4_entropy005_s4_c1_rnetol_d256_depth3_p20,seed272,272,369,36900,100,16,117.16072015450615,130.5129294459129,111.21132405546757,False,max_epochs,1753.1436595916748
rl4crn_rne_oscillator_trace_8rxn_stop_risksched085to09_lr1e4_entropy005_s4_c1_rnetol_d256_depth3_p20,seed272,272,370,37000,100,16,116.74621617159974,139.31427232660815,111.21132405546757,False,max_epochs,1758.2472915649414
rl4crn_rne_oscillator_trace_8rxn_stop_risksched085to09_lr1e4_entropy005_s4_c1_rnetol_d256_depth3_p20,seed272,272,371,37100,100,16,116.09078713076251,145.01342773999522,111.21132405546757,False,max_epochs,1762.8453929424286
rl4crn_rne_oscillator_trace_8rxn_stop_risksched085to09_lr1e4_entropy005_s4_c1_rnetol_d256_depth3_p20,seed272,272,372,37200,100,16,110.8896081450986,132.8285994262621,110.8896081450986,False,max_epochs,1765.551244020462
rl4crn_rne_oscillator_trace_8rxn_stop_risksched085to09_lr1e4_entropy005_s4_c1_rnetol_d256_depth3_p20,seed272,272,373,37300,100,16,116.8009900389807,138.7211390604511,110.8896081450986,False,max_epochs,1770.4929029941559
rl4crn_rne_oscillator_trace_8rxn_stop_risksched085to09_lr1e4_entropy005_s4_c1_rnetol_d256_depth3_p20,seed272,272,374,37400,100,16,116.69439638279104,134.40535926812515,110.8896081450986,False,max_epochs,1776.173680305481
rl4crn_rne_oscillator_trace_8rxn_stop_risksched085to09_lr1e4_entropy005_s4_c1_rnetol_d256_depth3_p20,seed272,272,375,37500,100,16,114.05202170107104,128.01291807322502,110.8896081450986,False,max_epochs,1781.1410284042358
rl4crn_rne_oscillator_trace_8rxn_stop_risksched085to09_lr1e4_entropy005_s4_c1_rnetol_d256_depth3_p20,seed272,272,376,37600,100,16,116.73881690283403,131.87165369398684,110.8896081450986,False,max_epochs,1786.8886008262634
rl4crn_rne_oscillator_trace_8rxn_stop_risksched085to09_lr1e4_entropy005_s4_c1_rnetol_d256_depth3_p20,seed272,272,377,37700,100,16,112.92942743431107,133.54669437361392,110.8896081450986,False,max_epochs,1792.300017118454
rl4crn_rne_oscillator_trace_8rxn_stop_risksched085to09_lr1e4_entropy005_s4_c1_rnetol_d256_depth3_p20,seed272,272,378,37800,100,16,114.49576992360934,128.896397625358,110.8896081450986,False,max_epochs,1797.199182510376
rl4crn_rne_oscillator_trace_8rxn_stop_risksched085to09_lr1e4_entropy005_s4_c1_rnetol_d256_depth3_p20,seed272,272,379,37900,100,16,117.70780806989625,131.11353817614867,110.8896081450986,False,max_epochs,1801.9649515151978
rl4crn_rne_oscillator_trace_8rxn_stop_risksched085to09_lr1e4_entropy005_s4_c1_rnetol_d256_depth3_p20,seed272,272,380,38000,100,16,116.42693669890951,142.71200576374275,110.8896081450986,False,max_epochs,1806.7643229961395
rl4crn_rne_oscillator_trace_8rxn_stop_risksched085to09_lr1e4_entropy005_s4_c1_rnetol_d256_depth3_p20,seed272,272,381,38100,100,16,117.18234718955442,143.13930617432328,110.8896081450986,False,max_epochs,1808.955400466919
rl4crn_rne_oscillator_trace_8rxn_stop_risksched085to09_lr1e4_entropy005_s4_c1_rnetol_d256_depth3_p20,seed272,272,382,38200,100,16,118.72792021689473,136.25995132048695,110.8896081450986,False,max_epochs,1813.9183447360992
rl4crn_rne_oscillator_trace_8rxn_stop_risksched085to09_lr1e4_entropy005_s4_c1_rnetol_d256_depth3_p20,seed272,272,383,38300,100,16,116.44218527868361,137.91705924890974,110.8896081450986,False,max_epochs,1819.247952222824
rl4crn_rne_oscillator_trace_8rxn_stop_risksched085to09_lr1e4_entropy005_s4_c1_rnetol_d256_depth3_p20,seed272,272,384,38400,100,16,116.52436963745443,129.18621040146434,110.8896081450986,False,max_epochs,1824.8902955055237
rl4crn_rne_oscillator_trace_8rxn_stop_risksched085to09_lr1e4_entropy005_s4_c1_rnetol_d256_depth3_p20,seed272,272,385,38500,100,16,116.64962399280823,128.34896612253476,110.8896081450986,False,max_epochs,1830.0778768062592
rl4crn_rne_oscillator_trace_8rxn_stop_risksched085to09_lr1e4_entropy005_s4_c1_rnetol_d256_depth3_p20,seed272,272,386,38600,100,16,116.18585754401057,135.6994391604481,110.8896081450986,False,max_epochs,1834.7294418811798
rl4crn_rne_oscillator_trace_8rxn_stop_risksched085to09_lr1e4_entropy005_s4_c1_rnetol_d256_depth3_p20,seed272,272,387,38700,100,16,114.34415575417377,141.0748413597957,110.8896081450986,False,max_epochs,1839.7364327907562
rl4crn_rne_oscillator_trace_8rxn_stop_risksched085to09_lr1e4_entropy005_s4_c1_rnetol_d256_depth3_p20,seed272,272,388,38800,100,16,116.24136858266108,144.00874911733928,110.8896081450986,False,max_epochs,1844.437082529068
rl4crn_rne_oscillator_trace_8rxn_stop_risksched085to09_lr1e4_entropy005_s4_c1_rnetol_d256_depth3_p20,seed272,272,389,38900,100,16,117.65300721339271,132.25032994542346,110.8896081450986,False,max_epochs,1847.448631286621
rl4crn_rne_oscillator_trace_8rxn_stop_risksched085to09_lr1e4_entropy005_s4_c1_rnetol_d256_depth3_p20,seed272,272,390,39000,100,16,117.32701223238858,131.71433929414155,110.8896081450986,False,max_epochs,1852.2442779541016
rl4crn_rne_oscillator_trace_8rxn_stop_risksched085to09_lr1e4_entropy005_s4_c1_rnetol_d256_depth3_p20,seed272,272,391,39100,100,16,111.853814414314,126.42990913428359,110.8896081450986,False,max_epochs,1857.3447988033295
rl4crn_rne_oscillator_trace_8rxn_stop_risksched085to09_lr1e4_entropy005_s4_c1_rnetol_d256_depth3_p20,seed272,272,392,39200,100,16,114.8897495258146,127.25319061348841,110.8896081450986,False,max_epochs,1862.9796063899994
rl4crn_rne_oscillator_trace_8rxn_stop_risksched085to09_lr1e4_entropy005_s4_c1_rnetol_d256_depth3_p20,seed272,272,393,39300,100,16,116.31245492521381,127.8381967599731,110.8896081450986,False,max_epochs,1868.0907287597656
rl4crn_rne_oscillator_trace_8rxn_stop_risksched085to09_lr1e4_entropy005_s4_c1_rnetol_d256_depth3_p20,seed272,272,394,39400,100,16,115.81524844701028,127.27413337093233,110.8896081450986,False,max_epochs,1873.242602109909
rl4crn_rne_oscillator_trace_8rxn_stop_risksched085to09_lr1e4_entropy005_s4_c1_rnetol_d256_depth3_p20,seed272,272,395,39500,100,16,115.47642374262611,131.66506618772692,110.8896081450986,False,max_epochs,1878.3442533016205
rl4crn_rne_oscillator_trace_8rxn_stop_risksched085to09_lr1e4_entropy005_s4_c1_rnetol_d256_depth3_p20,seed272,272,396,39600,100,16,115.67016855946174,132.5199071835498,110.8896081450986,False,max_epochs,1883.1249539852142
rl4crn_rne_oscillator_trace_8rxn_stop_risksched085to09_lr1e4_entropy005_s4_c1_rnetol_d256_depth3_p20,seed272,272,397,39700,100,16,113.04633448212022,135.17397309400542,110.8896081450986,False,max_epochs,1887.1268637180328
rl4crn_rne_oscillator_trace_8rxn_stop_risksched085to09_lr1e4_entropy005_s4_c1_rnetol_d256_depth3_p20,seed272,272,398,39800,100,16,113.57107767151979,130.4415843567724,110.8896081450986,False,max_epochs,1890.288126707077
rl4crn_rne_oscillator_trace_8rxn_stop_risksched085to09_lr1e4_entropy005_s4_c1_rnetol_d256_depth3_p20,seed272,272,399,39900,100,16,113.95794349519133,130.96145854769057,110.8896081450986,False,max_epochs,1895.4239740371704
rl4crn_rne_oscillator_trace_8rxn_stop_risksched085to09_lr1e4_entropy005_s4_c1_rnetol_d256_depth3_p20,seed272,272,400,40000,100,16,116.91854386934459,133.92646397375137,110.8896081450986,False,max_epochs,1901.093047618866
rl4crn_rne_oscillator_trace_8rxn_stop_risksched085to09_lr1e4_entropy005_s4_c1_rnetol_d256_depth3_p20,seed272,272,401,40100,100,16,113.94136459217232,130.01204799826093,110.8896081450986,False,max_epochs,1905.7518200874329
rl4crn_rne_oscillator_trace_8rxn_stop_risksched085to09_lr1e4_entropy005_s4_c1_rnetol_d256_depth3_p20,seed272,272,402,40200,100,16,116.4586690643898,130.86871427571776,110.8896081450986,False,max_epochs,1910.75217461586
rl4crn_rne_oscillator_trace_8rxn_stop_risksched085to09_lr1e4_entropy005_s4_c1_rnetol_d256_depth3_p20,seed272,272,403,40300,100,16,117.26776967936459,133.4990084008103,110.8896081450986,False,max_epochs,1915.6616175174713
rl4crn_rne_oscillator_trace_8rxn_stop_risksched085to09_lr1e4_entropy005_s4_c1_rnetol_d256_depth3_p20,seed272,272,404,40400,100,16,114.92724246926694,129.89530447082646,110.8896081450986,False,max_epochs,1918.366729259491
rl4crn_rne_oscillator_trace_8rxn_stop_risksched085to09_lr1e4_entropy005_s4_c1_rnetol_d256_depth3_p20,seed272,272,405,40500,100,16,113.66470611173546,138.2746443870891,110.8896081450986,False,max_epochs,1923.1386864185333
rl4crn_rne_oscillator_trace_8rxn_stop_risksched085to09_lr1e4_entropy005_s4_c1_rnetol_d256_depth3_p20,seed272,272,406,40600,100,16,115.04263079035857,141.25567078399297,110.8896081450986,False,max_epochs,1928.412936925888
rl4crn_rne_oscillator_trace_8rxn_stop_risksched085to09_lr1e4_entropy005_s4_c1_rnetol_d256_depth3_p20,seed272,272,407,40700,100,16,117.33698058280824,139.7149910216048,110.8896081450986,False,max_epochs,1933.7418925762177
rl4crn_rne_oscillator_trace_8rxn_stop_risksched085to09_lr1e4_entropy005_s4_c1_rnetol_d256_depth3_p20,seed272,272,408,40800,100,16,115.2470731891984,139.69650913763468,110.8896081450986,False,max_epochs,1939.357705116272
rl4crn_rne_oscillator_trace_8rxn_stop_risksched085to09_lr1e4_entropy005_s4_c1_rnetol_d256_depth3_p20,seed272,272,409,40900,100,16,116.89284482876218,135.52216975922022,110.8896081450986,False,max_epochs,1944.2414526939392
rl4crn_rne_oscillator_trace_8rxn_stop_risksched085to09_lr1e4_entropy005_s4_c1_rnetol_d256_depth3_p20,seed272,272,410,41000,100,16,115.55460893010863,134.79735983796115,110.8896081450986,False,max_epochs,1949.017150402069
rl4crn_rne_oscillator_trace_8rxn_stop_risksched085to09_lr1e4_entropy005_s4_c1_rnetol_d256_depth3_p20,seed272,272,411,41100,100,16,114.95033637408312,126.71034603537512,110.8896081450986,False,max_epochs,1954.1906514167786
rl4crn_rne_oscillator_trace_8rxn_stop_risksched085to09_lr1e4_entropy005_s4_c1_rnetol_d256_depth3_p20,seed272,272,412,41200,100,16,112.64718553134786,126.83559300563397,110.8896081450986,False,max_epochs,1956.5090341567993
rl4crn_rne_oscillator_trace_8rxn_stop_risksched085to09_lr1e4_entropy005_s4_c1_rnetol_d256_depth3_p20,seed272,272,413,41300,100,16,112.32804196720393,128.9343967398686,110.8896081450986,False,max_epochs,1961.272339105606
rl4crn_rne_oscillator_trace_8rxn_stop_risksched085to09_lr1e4_entropy005_s4_c1_rnetol_d256_depth3_p20,seed272,272,414,41400,100,16,117.8727919393976,128.82726480386748,110.8896081450986,False,max_epochs,1966.8463230133057
rl4crn_rne_oscillator_trace_8rxn_stop_risksched085to09_lr1e4_entropy005_s4_c1_rnetol_d256_depth3_p20,seed272,272,415,41500,100,16,113.72742248138783,134.7524665158686,110.8896081450986,False,max_epochs,1972.108746290207
rl4crn_rne_oscillator_trace_8rxn_stop_risksched085to09_lr1e4_entropy005_s4_c1_rnetol_d256_depth3_p20,seed272,272,416,41600,100,16,113.23140603507957,133.07421883667942,110.8896081450986,False,max_epochs,1977.7569885253906
rl4crn_rne_oscillator_trace_8rxn_stop_risksched085to09_lr1e4_entropy005_s4_c1_rnetol_d256_depth3_p20,seed272,272,417,41700,100,16,112.66940759881062,134.00151917511397,110.8896081450986,False,max_epochs,1983.0084073543549
rl4crn_rne_oscillator_trace_8rxn_stop_risksched085to09_lr1e4_entropy005_s4_c1_rnetol_d256_depth3_p20,seed272,272,418,41800,100,16,119.0228516130073,148.73119382103621,110.8896081450986,False,max_epochs,1988.0181164741516
rl4crn_rne_oscillator_trace_8rxn_stop_risksched085to09_lr1e4_entropy005_s4_c1_rnetol_d256_depth3_p20,seed272,272,419,41900,100,16,117.42961164963671,148.35288469506753,110.8896081450986,False,max_epochs,1993.0565168857574
rl4crn_rne_oscillator_trace_8rxn_stop_risksched085to09_lr1e4_entropy005_s4_c1_rnetol_d256_depth3_p20,seed272,272,420,42000,100,16,114.20844377505985,135.432949290539,110.8896081450986,False,max_epochs,1997.845021724701
rl4crn_rne_oscillator_trace_8rxn_stop_risksched085to09_lr1e4_entropy005_s4_c1_rnetol_d256_depth3_p20,seed272,272,421,42100,100,16,111.9831275887816,130.5639908280944,110.8896081450986,False,max_epochs,2000.2788910865784
rl4crn_rne_oscillator_trace_8rxn_stop_risksched085to09_lr1e4_entropy005_s4_c1_rnetol_d256_depth3_p20,seed272,272,422,42200,100,16,116.61315213646668,133.2298670327653,110.8896081450986,False,max_epochs,2005.277636051178
rl4crn_rne_oscillator_trace_8rxn_stop_risksched085to09_lr1e4_entropy005_s4_c1_rnetol_d256_depth3_p20,seed272,272,423,42300,100,16,111.3063474076888,139.2793779874316,110.8896081450986,False,max_epochs,2010.6143548488617
rl4crn_rne_oscillator_trace_8rxn_stop_risksched085to09_lr1e4_entropy005_s4_c1_rnetol_d256_depth3_p20,seed272,272,424,42400,100,16,116.32758686700248,134.80633113387609,110.8896081450986,False,max_epochs,2015.3213889598846
rl4crn_rne_oscillator_trace_8rxn_stop_risksched085to09_lr1e4_entropy005_s4_c1_rnetol_d256_depth3_p20,seed272,272,425,42500,100,16,113.15680732212215,135.15074673742726,110.8896081450986,False,max_epochs,2020.405292749405
rl4crn_rne_oscillator_trace_8rxn_stop_risksched085to09_lr1e4_entropy005_s4_c1_rnetol_d256_depth3_p20,seed272,272,426,42600,100,16,117.05904509100228,134.9114468576949,110.8896081450986,False,max_epochs,2024.8210544586182
rl4crn_rne_oscillator_trace_8rxn_stop_risksched085to09_lr1e4_entropy005_s4_c1_rnetol_d256_depth3_p20,seed272,272,427,42700,100,16,117.15751894616044,138.3735529504076,110.8896081450986,False,max_epochs,2027.4645960330963
rl4crn_rne_oscillator_trace_8rxn_stop_risksched085to09_lr1e4_entropy005_s4_c1_rnetol_d256_depth3_p20,seed272,272,428,42800,100,16,113.22482531697429,133.65494353920747,110.8896081450986,False,max_epochs,2032.4399309158325
rl4crn_rne_oscillator_trace_8rxn_stop_risksched085to09_lr1e4_entropy005_s4_c1_rnetol_d256_depth3_p20,seed272,272,429,42900,100,16,116.53109568990132,145.3869705983684,110.8896081450986,False,max_epochs,2037.586241722107
rl4crn_rne_oscillator_trace_8rxn_stop_risksched085to09_lr1e4_entropy005_s4_c1_rnetol_d256_depth3_p20,seed272,272,430,43000,100,16,118.42248328298841,134.94653991602422,110.8896081450986,False,max_epochs,2042.2916271686554
rl4crn_rne_oscillator_trace_8rxn_stop_risksched085to09_lr1e4_entropy005_s4_c1_rnetol_d256_depth3_p20,seed272,272,431,43100,100,16,114.57687915810277,136.83215064203839,110.8896081450986,False,max_epochs,2047.1698837280273
rl4crn_rne_oscillator_trace_8rxn_stop_risksched085to09_lr1e4_entropy005_s4_c1_rnetol_d256_depth3_p20,seed272,272,432,43200,100,16,115.63600514393615,136.69747128664352,110.8896081450986,False,max_epochs,2051.4629135131836
rl4crn_rne_oscillator_trace_8rxn_stop_risksched085to09_lr1e4_entropy005_s4_c1_rnetol_d256_depth3_p20,seed272,272,433,43300,100,16,114.51104906738561,132.62609938475214,110.8896081450986,False,max_epochs,2054.395825624466
rl4crn_rne_oscillator_trace_8rxn_stop_risksched085to09_lr1e4_entropy005_s4_c1_rnetol_d256_depth3_p20,seed272,272,434,43400,100,16,115.35238939061477,126.90622965111979,110.8896081450986,False,max_epochs,2059.8318712711334
rl4crn_rne_oscillator_trace_8rxn_stop_risksched085to09_lr1e4_entropy005_s4_c1_rnetol_d256_depth3_p20,seed272,272,435,43500,100,16,111.15443567140727,133.98483810537113,110.8896081450986,False,max_epochs,2064.8543808460236
rl4crn_rne_oscillator_trace_8rxn_stop_risksched085to09_lr1e4_entropy005_s4_c1_rnetol_d256_depth3_p20,seed272,272,436,43600,100,16,112.56358356444086,128.37848885117336,110.8896081450986,False,max_epochs,2070.2495136260986
rl4crn_rne_oscillator_trace_8rxn_stop_risksched085to09_lr1e4_entropy005_s4_c1_rnetol_d256_depth3_p20,seed272,272,437,43700,100,16,114.061419590647,129.0190329783944,110.8896081450986,False,max_epochs,2075.4863753318787
rl4crn_rne_oscillator_trace_8rxn_stop_risksched085to09_lr1e4_entropy005_s4_c1_rnetol_d256_depth3_p20,seed272,272,438,43800,100,16,112.67862820098833,135.4509438694883,110.8896081450986,False,max_epochs,2081.234519004822
rl4crn_rne_oscillator_trace_8rxn_stop_risksched085to09_lr1e4_entropy005_s4_c1_rnetol_d256_depth3_p20,seed272,272,439,43900,100,16,113.77410440505015,134.57559198342534,110.8896081450986,False,max_epochs,2086.2538385391235
rl4crn_rne_oscillator_trace_8rxn_stop_risksched085to09_lr1e4_entropy005_s4_c1_rnetol_d256_depth3_p20,seed272,272,440,44000,100,16,115.20415805158214,130.9575528399928,110.8896081450986,False,max_epochs,2091.0485196113586
rl4crn_rne_oscillator_trace_8rxn_stop_risksched085to09_lr1e4_entropy005_s4_c1_rnetol_d256_depth3_p20,seed272,272,441,44100,100,16,112.87871941879955,131.4081926335559,110.8896081450986,False,max_epochs,2096.0521187782288
rl4crn_rne_oscillator_trace_8rxn_stop_risksched085to09_lr1e4_entropy005_s4_c1_rnetol_d256_depth3_p20,seed272,272,442,44200,100,16,114.13196133237867,129.69588665769953,110.8896081450986,False,max_epochs,2100.3220410346985
rl4crn_rne_oscillator_trace_8rxn_stop_risksched085to09_lr1e4_entropy005_s4_c1_rnetol_d256_depth3_p20,seed272,272,443,44300,100,16,114.20236404824169,127.69085485843932,110.8896081450986,False,max_epochs,2103.3716123104095
rl4crn_rne_oscillator_trace_8rxn_stop_risksched085to09_lr1e4_entropy005_s4_c1_rnetol_d256_depth3_p20,seed272,272,444,44400,100,16,112.13166086880855,126.2842509641406,110.8896081450986,False,max_epochs,2108.2352583408356
rl4crn_rne_oscillator_trace_8rxn_stop_risksched085to09_lr1e4_entropy005_s4_c1_rnetol_d256_depth3_p20,seed272,272,445,44500,100,16,115.72739098690437,130.50770987842066,110.8896081450986,False,max_epochs,2113.5141685009003
rl4crn_rne_oscillator_trace_8rxn_stop_risksched085to09_lr1e4_entropy005_s4_c1_rnetol_d256_depth3_p20,seed272,272,446,44600,100,16,113.32351799204716,126.85526199884448,110.8896081450986,False,max_epochs,2119.2041885852814
rl4crn_rne_oscillator_trace_8rxn_stop_risksched085to09_lr1e4_entropy005_s4_c1_rnetol_d256_depth3_p20,seed272,272,447,44700,100,16,111.59763663676786,127.96689995961637,110.8896081450986,False,max_epochs,2124.238574743271
rl4crn_rne_oscillator_trace_8rxn_stop_risksched085to09_lr1e4_entropy005_s4_c1_rnetol_d256_depth3_p20,seed272,272,448,44800,100,16,112.71768279571805,126.13700779286216,110.8896081450986,False,max_epochs,2129.4473824501038
rl4crn_rne_oscillator_trace_8rxn_stop_risksched085to09_lr1e4_entropy005_s4_c1_rnetol_d256_depth3_p20,seed272,272,449,44900,100,16,117.0454733644685,133.0963145442392,110.8896081450986,False,max_epochs,2134.1213772296906
rl4crn_rne_oscillator_trace_8rxn_stop_risksched085to09_lr1e4_entropy005_s4_c1_rnetol_d256_depth3_p20,seed272,272,450,45000,100,16,115.68992373989941,133.57317348179745,110.8896081450986,False,max_epochs,2136.574918985367
rl4crn_rne_oscillator_trace_8rxn_stop_risksched085to09_lr1e4_entropy005_s4_c1_rnetol_d256_depth3_p20,seed272,272,451,45100,100,16,114.326865008746,130.434268893554,110.8896081450986,False,max_epochs,2141.301228761673
rl4crn_rne_oscillator_trace_8rxn_stop_risksched085to09_lr1e4_entropy005_s4_c1_rnetol_d256_depth3_p20,seed272,272,452,45200,100,16,112.4870885086975,130.93975839874892,110.8896081450986,False,max_epochs,2146.3598017692566
rl4crn_rne_oscillator_trace_8rxn_stop_risksched085to09_lr1e4_entropy005_s4_c1_rnetol_d256_depth3_p20,seed272,272,453,45300,100,16,115.24306041364159,125.91835189852424,110.8896081450986,False,max_epochs,2151.0757987499237
rl4crn_rne_oscillator_trace_8rxn_stop_risksched085to09_lr1e4_entropy005_s4_c1_rnetol_d256_depth3_p20,seed272,272,454,45400,100,16,112.78168067222748,133.0475315981507,110.8896081450986,False,max_epochs,2155.795906305313
rl4crn_rne_oscillator_trace_8rxn_stop_risksched085to09_lr1e4_entropy005_s4_c1_rnetol_d256_depth3_p20,seed272,272,455,45500,100,16,116.78182574643282,129.02305007979572,110.8896081450986,False,max_epochs,2158.4935944080353
rl4crn_rne_oscillator_trace_8rxn_stop_risksched085to09_lr1e4_entropy005_s4_c1_rnetol_d256_depth3_p20,seed272,272,456,45600,100,16,109.45836231520566,129.56715961432633,109.45836231520566,False,max_epochs,2163.244639158249
rl4crn_rne_oscillator_trace_8rxn_stop_risksched085to09_lr1e4_entropy005_s4_c1_rnetol_d256_depth3_p20,seed272,272,457,45700,100,16,113.31657937668697,133.2252313077151,109.45836231520566,False,max_epochs,2168.500120162964
rl4crn_rne_oscillator_trace_8rxn_stop_risksched085to09_lr1e4_entropy005_s4_c1_rnetol_d256_depth3_p20,seed272,272,458,45800,100,16,110.77166432744836,145.4960092622507,109.45836231520566,False,max_epochs,2174.0077409744263
rl4crn_rne_oscillator_trace_8rxn_stop_risksched085to09_lr1e4_entropy005_s4_c1_rnetol_d256_depth3_p20,seed272,272,459,45900,100,16,113.62725631460502,132.8779256553613,109.45836231520566,False,max_epochs,2179.142693758011
rl4crn_rne_oscillator_trace_8rxn_stop_risksched085to09_lr1e4_entropy005_s4_c1_rnetol_d256_depth3_p20,seed272,272,460,46000,100,16,113.06064658457619,129.71632514561924,109.45836231520566,False,max_epochs,2184.3753187656403
rl4crn_rne_oscillator_trace_8rxn_stop_risksched085to09_lr1e4_entropy005_s4_c1_rnetol_d256_depth3_p20,seed272,272,461,46100,100,16,113.96210312713308,132.8459928035996,109.45836231520566,False,max_epochs,2189.860235929489
rl4crn_rne_oscillator_trace_8rxn_stop_risksched085to09_lr1e4_entropy005_s4_c1_rnetol_d256_depth3_p20,seed272,272,462,46200,100,16,111.73103632791079,137.32080127204438,109.45836231520566,False,max_epochs,2195.5547063350677
rl4crn_rne_oscillator_trace_8rxn_stop_risksched085to09_lr1e4_entropy005_s4_c1_rnetol_d256_depth3_p20,seed272,272,463,46300,100,16,115.10713508237208,135.35828829514116,109.45836231520566,False,max_epochs,2200.4792091846466
rl4crn_rne_oscillator_trace_8rxn_stop_risksched085to09_lr1e4_entropy005_s4_c1_rnetol_d256_depth3_p20,seed272,272,464,46400,100,16,116.91863464984735,138.58656014163756,109.45836231520566,False,max_epochs,2205.2724800109863
rl4crn_rne_oscillator_trace_8rxn_stop_risksched085to09_lr1e4_entropy005_s4_c1_rnetol_d256_depth3_p20,seed272,272,465,46500,100,16,115.79189330798098,135.14075563119098,109.45836231520566,False,max_epochs,2210.2857160568237
rl4crn_rne_oscillator_trace_8rxn_stop_risksched085to09_lr1e4_entropy005_s4_c1_rnetol_d256_depth3_p20,seed272,272,466,46600,100,16,110.79595471875525,141.49179973501356,109.45836231520566,False,max_epochs,2212.665736913681
rl4crn_rne_oscillator_trace_8rxn_stop_risksched085to09_lr1e4_entropy005_s4_c1_rnetol_d256_depth3_p20,seed272,272,467,46700,100,16,114.71369049811886,125.68878325197996,109.45836231520566,False,max_epochs,2217.4179244041443
rl4crn_rne_oscillator_trace_8rxn_stop_risksched085to09_lr1e4_entropy005_s4_c1_rnetol_d256_depth3_p20,seed272,272,468,46800,100,16,116.8906731748518,132.74536211021655,109.45836231520566,False,max_epochs,2222.746550321579
rl4crn_rne_oscillator_trace_8rxn_stop_risksched085to09_lr1e4_entropy005_s4_c1_rnetol_d256_depth3_p20,seed272,272,469,46900,100,16,113.3628662234022,137.3635952346153,109.45836231520566,False,max_epochs,2228.175028324127
rl4crn_rne_oscillator_trace_8rxn_stop_risksched085to09_lr1e4_entropy005_s4_c1_rnetol_d256_depth3_p20,seed272,272,470,47000,100,16,114.58392569466663,135.12321864504872,109.45836231520566,False,max_epochs,2233.403320789337
rl4crn_rne_oscillator_trace_8rxn_stop_risksched085to09_lr1e4_entropy005_s4_c1_rnetol_d256_depth3_p20,seed272,272,471,47100,100,16,116.21359279571645,142.35591742801972,109.45836231520566,False,max_epochs,2238.911407470703
rl4crn_rne_oscillator_trace_8rxn_stop_risksched085to09_lr1e4_entropy005_s4_c1_rnetol_d256_depth3_p20,seed272,272,472,47200,100,16,112.32295964395745,138.46114161137533,109.45836231520566,False,max_epochs,2243.7445328235626
rl4crn_rne_oscillator_trace_8rxn_stop_risksched085to09_lr1e4_entropy005_s4_c1_rnetol_d256_depth3_p20,seed272,272,473,47300,100,16,113.10100491352821,126.23010033870543,109.45836231520566,False,max_epochs,2248.669670343399
rl4crn_rne_oscillator_trace_8rxn_stop_risksched085to09_lr1e4_entropy005_s4_c1_rnetol_d256_depth3_p20,seed272,272,474,47400,100,16,115.02546774102285,131.81949272957294,109.45836231520566,False,max_epochs,2252.3360602855682
rl4crn_rne_oscillator_trace_8rxn_stop_risksched085to09_lr1e4_entropy005_s4_c1_rnetol_d256_depth3_p20,seed272,272,475,47500,100,16,118.87608432269195,132.3587155158749,109.45836231520566,False,max_epochs,2256.231360435486
rl4crn_rne_oscillator_trace_8rxn_stop_risksched085to09_lr1e4_entropy005_s4_c1_rnetol_d256_depth3_p20,seed272,272,476,47600,100,16,115.51052778338789,130.6255502050285,109.45836231520566,False,max_epochs,2261.238475084305
rl4crn_rne_oscillator_trace_8rxn_stop_risksched085to09_lr1e4_entropy005_s4_c1_rnetol_d256_depth3_p20,seed272,272,477,47700,100,16,114.90337114852842,128.71557585375265,109.45836231520566,False,max_epochs,2266.454841852188
rl4crn_rne_oscillator_trace_8rxn_stop_risksched085to09_lr1e4_entropy005_s4_c1_rnetol_d256_depth3_p20,seed272,272,478,47800,100,16,114.28638221742199,130.795332473741,109.45836231520566,False,max_epochs,2271.798089981079
rl4crn_rne_oscillator_trace_8rxn_stop_risksched085to09_lr1e4_entropy005_s4_c1_rnetol_d256_depth3_p20,seed272,272,479,47900,100,16,112.93876295017319,132.4600830409651,109.45836231520566,False,max_epochs,2276.9092943668365
rl4crn_rne_oscillator_trace_8rxn_stop_risksched085to09_lr1e4_entropy005_s4_c1_rnetol_d256_depth3_p20,seed272,272,480,48000,100,16,115.082486002394,132.54339724458572,109.45836231520566,False,max_epochs,2281.7037284374237
rl4crn_rne_oscillator_trace_8rxn_stop_risksched085to09_lr1e4_entropy005_s4_c1_rnetol_d256_depth3_p20,seed272,272,481,48100,100,16,113.37394547709678,133.0483810424583,109.45836231520566,False,max_epochs,2283.893470287323
rl4crn_rne_oscillator_trace_8rxn_stop_risksched085to09_lr1e4_entropy005_s4_c1_rnetol_d256_depth3_p20,seed272,272,482,48200,100,16,114.21551813403218,128.99963182163472,109.45836231520566,False,max_epochs,2288.72603058815
rl4crn_rne_oscillator_trace_8rxn_stop_risksched085to09_lr1e4_entropy005_s4_c1_rnetol_d256_depth3_p20,seed272,272,483,48300,100,16,114.53282060532989,130.2037978310865,109.45836231520566,False,max_epochs,2293.7227351665497
rl4crn_rne_oscillator_trace_8rxn_stop_risksched085to09_lr1e4_entropy005_s4_c1_rnetol_d256_depth3_p20,seed272,272,484,48400,100,16,113.5347440710694,132.9141809551376,109.45836231520566,False,max_epochs,2298.748093366623
rl4crn_rne_oscillator_trace_8rxn_stop_risksched085to09_lr1e4_entropy005_s4_c1_rnetol_d256_depth3_p20,seed272,272,485,48500,100,16,116.30128256997982,130.29149918163057,109.45836231520566,False,max_epochs,2303.5496737957
rl4crn_rne_oscillator_trace_8rxn_stop_risksched085to09_lr1e4_entropy005_s4_c1_rnetol_d256_depth3_p20,seed272,272,486,48600,100,16,114.64685917439222,128.2767511848252,109.45836231520566,False,max_epochs,2305.782774448395
rl4crn_rne_oscillator_trace_8rxn_stop_risksched085to09_lr1e4_entropy005_s4_c1_rnetol_d256_depth3_p20,seed272,272,487,48700,100,16,113.47388521825008,131.90462699967185,109.45836231520566,False,max_epochs,2310.3513040542603
rl4crn_rne_oscillator_trace_8rxn_stop_risksched085to09_lr1e4_entropy005_s4_c1_rnetol_d256_depth3_p20,seed272,272,488,48800,100,16,114.63557673842399,134.63727143475123,109.45836231520566,False,max_epochs,2315.2623467445374
rl4crn_rne_oscillator_trace_8rxn_stop_risksched085to09_lr1e4_entropy005_s4_c1_rnetol_d256_depth3_p20,seed272,272,489,48900,100,16,114.71087670612897,133.37918634539415,109.45836231520566,False,max_epochs,2320.8401021957397
rl4crn_rne_oscillator_trace_8rxn_stop_risksched085to09_lr1e4_entropy005_s4_c1_rnetol_d256_depth3_p20,seed272,272,490,49000,100,16,116.39871454667983,134.42721659612837,109.45836231520566,False,max_epochs,2325.913773059845
rl4crn_rne_oscillator_trace_8rxn_stop_risksched085to09_lr1e4_entropy005_s4_c1_rnetol_d256_depth3_p20,seed272,272,491,49100,100,16,115.61098189254643,135.463183299662,109.45836231520566,False,max_epochs,2330.8346247673035
rl4crn_rne_oscillator_trace_8rxn_stop_risksched085to09_lr1e4_entropy005_s4_c1_rnetol_d256_depth3_p20,seed272,272,492,49200,100,16,112.93335204147034,129.54068040121055,109.45836231520566,False,max_epochs,2335.834733724594
rl4crn_rne_oscillator_trace_8rxn_stop_risksched085to09_lr1e4_entropy005_s4_c1_rnetol_d256_depth3_p20,seed272,272,493,49300,100,16,114.54118040788099,131.88240198592632,109.45836231520566,False,max_epochs,2338.215517759323
rl4crn_rne_oscillator_trace_8rxn_stop_risksched085to09_lr1e4_entropy005_s4_c1_rnetol_d256_depth3_p20,seed272,272,494,49400,100,16,111.86899312436076,138.5434080230773,109.45836231520566,False,max_epochs,2343.0260620117188
rl4crn_rne_oscillator_trace_8rxn_stop_risksched085to09_lr1e4_entropy005_s4_c1_rnetol_d256_depth3_p20,seed272,272,495,49500,100,16,116.03531164380597,127.88381471036433,109.45836231520566,False,max_epochs,2348.221734046936
rl4crn_rne_oscillator_trace_8rxn_stop_risksched085to09_lr1e4_entropy005_s4_c1_rnetol_d256_depth3_p20,seed272,272,496,49600,100,16,110.49683912874261,134.09504360647207,109.45836231520566,False,max_epochs,2353.682246208191
rl4crn_rne_oscillator_trace_8rxn_stop_risksched085to09_lr1e4_entropy005_s4_c1_rnetol_d256_depth3_p20,seed272,272,497,49700,100,16,113.95461391635129,128.34748634093046,109.45836231520566,False,max_epochs,2359.525604724884
rl4crn_rne_oscillator_trace_8rxn_stop_risksched085to09_lr1e4_entropy005_s4_c1_rnetol_d256_depth3_p20,seed272,272,498,49800,100,16,112.27410001588119,131.32728917680544,109.45836231520566,False,max_epochs,2364.8732109069824
rl4crn_rne_oscillator_trace_8rxn_stop_risksched085to09_lr1e4_entropy005_s4_c1_rnetol_d256_depth3_p20,seed272,272,499,49900,100,16,113.05381053175043,129.46858313695242,109.45836231520566,False,max_epochs,2370.70418715477
rl4crn_rne_oscillator_trace_8rxn_stop_risksched085to09_lr1e4_entropy005_s4_c1_rnetol_d256_depth3_p20,seed272,272,500,50000,100,16,115.25352910545742,130.85681133387797,109.45836231520566,False,max_epochs,2375.4510543346405
rl4crn_rne_oscillator_trace_8rxn_stop_risksched085to09_lr1e4_entropy005_s4_c1_rnetol_d256_depth3_p20,seed272,272,501,50100,100,16,116.36689840615799,128.44703256807554,109.45836231520566,False,max_epochs,2380.399249315262
rl4crn_rne_oscillator_trace_8rxn_stop_risksched085to09_lr1e4_entropy005_s4_c1_rnetol_d256_depth3_p20,seed272,272,502,50200,100,16,114.02158441082965,130.5177738715654,109.45836231520566,False,max_epochs,2385.399533033371
rl4crn_rne_oscillator_trace_8rxn_stop_risksched085to09_lr1e4_entropy005_s4_c1_rnetol_d256_depth3_p20,seed272,272,503,50300,100,16,115.68369006968814,131.07620867979247,109.45836231520566,False,max_epochs,2387.7706015110016
rl4crn_rne_oscillator_trace_8rxn_stop_risksched085to09_lr1e4_entropy005_s4_c1_rnetol_d256_depth3_p20,seed272,272,504,50400,100,16,114.01330706253135,136.42846691991272,109.45836231520566,False,max_epochs,2392.5815448760986
rl4crn_rne_oscillator_trace_8rxn_stop_risksched085to09_lr1e4_entropy005_s4_c1_rnetol_d256_depth3_p20,seed272,272,505,50500,100,16,111.27407690386649,126.37121113333052,109.45836231520566,False,max_epochs,2398.018657684326
rl4crn_rne_oscillator_trace_8rxn_stop_risksched085to09_lr1e4_entropy005_s4_c1_rnetol_d256_depth3_p20,seed272,272,506,50600,100,16,112.8849083891978,128.8890768313297,109.45836231520566,False,max_epochs,2403.2512826919556
rl4crn_rne_oscillator_trace_8rxn_stop_risksched085to09_lr1e4_entropy005_s4_c1_rnetol_d256_depth3_p20,seed272,272,507,50700,100,16,110.58129094031183,126.90504628733177,109.45836231520566,False,max_epochs,2407.973628282547
rl4crn_rne_oscillator_trace_8rxn_stop_risksched085to09_lr1e4_entropy005_s4_c1_rnetol_d256_depth3_p20,seed272,272,508,50800,100,16,113.03399274022888,125.91511332333673,109.45836231520566,False,max_epochs,2412.929803609848
rl4crn_rne_oscillator_trace_8rxn_stop_risksched085to09_lr1e4_entropy005_s4_c1_rnetol_d256_depth3_p20,seed272,272,509,50900,100,16,113.17597923678085,129.9191098656064,109.45836231520566,False,max_epochs,2415.142577648163
rl4crn_rne_oscillator_trace_8rxn_stop_risksched085to09_lr1e4_entropy005_s4_c1_rnetol_d256_depth3_p20,seed272,272,510,51000,100,16,113.24148986181113,126.16888695411544,109.45836231520566,False,max_epochs,2419.8972873687744
rl4crn_rne_oscillator_trace_8rxn_stop_risksched085to09_lr1e4_entropy005_s4_c1_rnetol_d256_depth3_p20,seed272,272,511,51100,100,16,116.1009206309347,132.85537178454453,109.45836231520566,False,max_epochs,2425.252491235733
rl4crn_rne_oscillator_trace_8rxn_stop_risksched085to09_lr1e4_entropy005_s4_c1_rnetol_d256_depth3_p20,seed272,272,512,51200,100,16,114.16563052837043,128.5823494135334,109.45836231520566,False,max_epochs,2430.3423347473145
rl4crn_rne_oscillator_trace_8rxn_stop_risksched085to09_lr1e4_entropy005_s4_c1_rnetol_d256_depth3_p20,seed272,272,513,51300,100,16,112.29060061736614,128.70933107987133,109.45836231520566,False,max_epochs,2436.1365265846252
rl4crn_rne_oscillator_trace_8rxn_stop_risksched085to09_lr1e4_entropy005_s4_c1_rnetol_d256_depth3_p20,seed272,272,514,51400,100,16,113.46533881148694,125.77719862163659,109.45836231520566,False,max_epochs,2441.4600706100464
rl4crn_rne_oscillator_trace_8rxn_stop_risksched085to09_lr1e4_entropy005_s4_c1_rnetol_d256_depth3_p20,seed272,272,515,51500,100,16,112.55101057613273,130.65899753813733,109.45836231520566,False,max_epochs,2446.246052980423
rl4crn_rne_oscillator_trace_8rxn_stop_risksched085to09_lr1e4_entropy005_s4_c1_rnetol_d256_depth3_p20,seed272,272,516,51600,100,16,113.00848604988332,131.80147007209848,109.45836231520566,False,max_epochs,2451.3503148555756
rl4crn_rne_oscillator_trace_8rxn_stop_risksched085to09_lr1e4_entropy005_s4_c1_rnetol_d256_depth3_p20,seed272,272,517,51700,100,16,112.83875337903434,128.1929296952125,109.45836231520566,False,max_epochs,2455.5758261680603
rl4crn_rne_oscillator_trace_8rxn_stop_risksched085to09_lr1e4_entropy005_s4_c1_rnetol_d256_depth3_p20,seed272,272,518,51800,100,16,114.35490887123838,134.2006684377855,109.45836231520566,False,max_epochs,2458.447919368744
rl4crn_rne_oscillator_trace_8rxn_stop_risksched085to09_lr1e4_entropy005_s4_c1_rnetol_d256_depth3_p20,seed272,272,519,51900,100,16,112.20507665993976,128.43794806672787,109.45836231520566,False,max_epochs,2463.771404027939
rl4crn_rne_oscillator_trace_8rxn_stop_risksched085to09_lr1e4_entropy005_s4_c1_rnetol_d256_depth3_p20,seed272,272,520,52000,100,16,114.19017788251281,128.1480860800417,109.45836231520566,False,max_epochs,2468.941253185272
rl4crn_rne_oscillator_trace_8rxn_stop_risksched085to09_lr1e4_entropy005_s4_c1_rnetol_d256_depth3_p20,seed272,272,521,52100,100,16,112.40573290302693,128.02415618617474,109.45836231520566,False,max_epochs,2474.252585172653
rl4crn_rne_oscillator_trace_8rxn_stop_risksched085to09_lr1e4_entropy005_s4_c1_rnetol_d256_depth3_p20,seed272,272,522,52200,100,16,112.10946954362207,122.88443704688942,109.45836231520566,False,max_epochs,2479.436022043228
rl4crn_rne_oscillator_trace_8rxn_stop_risksched085to09_lr1e4_entropy005_s4_c1_rnetol_d256_depth3_p20,seed272,272,523,52300,100,16,115.08810251981647,128.50928636584814,109.45836231520566,False,max_epochs,2484.4118933677673
rl4crn_rne_oscillator_trace_8rxn_stop_risksched085to09_lr1e4_entropy005_s4_c1_rnetol_d256_depth3_p20,seed272,272,524,52400,100,16,111.120251086963,126.8516979233259,109.45836231520566,False,max_epochs,2489.4098002910614
rl4crn_rne_oscillator_trace_8rxn_stop_risksched085to09_lr1e4_entropy005_s4_c1_rnetol_d256_depth3_p20,seed272,272,525,52500,100,16,113.1750872117976,125.40328253015306,109.45836231520566,False,max_epochs,2494.1076266765594
rl4crn_rne_oscillator_trace_8rxn_stop_risksched085to09_lr1e4_entropy005_s4_c1_rnetol_d256_depth3_p20,seed272,272,526,52600,100,16,109.59577987887171,130.87575939827823,109.45836231520566,False,max_epochs,2496.56188249588
rl4crn_rne_oscillator_trace_8rxn_stop_risksched085to09_lr1e4_entropy005_s4_c1_rnetol_d256_depth3_p20,seed272,272,527,52700,100,16,113.86745649113406,127.91056720643769,109.45836231520566,False,max_epochs,2501.766131877899
rl4crn_rne_oscillator_trace_8rxn_stop_risksched085to09_lr1e4_entropy005_s4_c1_rnetol_d256_depth3_p20,seed272,272,528,52800,100,16,114.03495076144469,134.01220912791686,109.45836231520566,False,max_epochs,2506.9558267593384
rl4crn_rne_oscillator_trace_8rxn_stop_risksched085to09_lr1e4_entropy005_s4_c1_rnetol_d256_depth3_p20,seed272,272,529,52900,100,16,112.83760191188777,127.10863738839399,109.45836231520566,False,max_epochs,2512.0988013744354
rl4crn_rne_oscillator_trace_8rxn_stop_risksched085to09_lr1e4_entropy005_s4_c1_rnetol_d256_depth3_p20,seed272,272,530,53000,100,16,111.55400052759036,138.79859684361935,109.45836231520566,False,max_epochs,2517.2766053676605
rl4crn_rne_oscillator_trace_8rxn_stop_risksched085to09_lr1e4_entropy005_s4_c1_rnetol_d256_depth3_p20,seed272,272,531,53100,100,16,110.59269359178342,132.13473244831283,109.45836231520566,False,max_epochs,2522.3632712364197
rl4crn_rne_oscillator_trace_8rxn_stop_risksched085to09_lr1e4_entropy005_s4_c1_rnetol_d256_depth3_p20,seed272,272,532,53200,100,16,114.36416771928097,133.88459304607514,109.45836231520566,False,max_epochs,2527.172387123108
rl4crn_rne_oscillator_trace_8rxn_stop_risksched085to09_lr1e4_entropy005_s4_c1_rnetol_d256_depth3_p20,seed272,272,533,53300,100,16,111.93183058598318,125.84527941675891,109.45836231520566,False,max_epochs,2529.504048347473
rl4crn_rne_oscillator_trace_8rxn_stop_risksched085to09_lr1e4_entropy005_s4_c1_rnetol_d256_depth3_p20,seed272,272,534,53400,100,16,115.52588633247616,128.629077989118,109.45836231520566,False,max_epochs,2534.366295337677
rl4crn_rne_oscillator_trace_8rxn_stop_risksched085to09_lr1e4_entropy005_s4_c1_rnetol_d256_depth3_p20,seed272,272,535,53500,100,16,113.81955996171867,130.39214919034708,109.45836231520566,False,max_epochs,2538.9810926914215
rl4crn_rne_oscillator_trace_8rxn_stop_risksched085to09_lr1e4_entropy005_s4_c1_rnetol_d256_depth3_p20,seed272,272,536,53600,100,16,113.11105314873679,129.28546633203382,109.45836231520566,False,max_epochs,2543.9713537693024
rl4crn_rne_oscillator_trace_8rxn_stop_risksched085to09_lr1e4_entropy005_s4_c1_rnetol_d256_depth3_p20,seed272,272,537,53700,100,16,113.65471500386371,129.0181207700854,109.45836231520566,False,max_epochs,2548.709374189377
rl4crn_rne_oscillator_trace_8rxn_stop_risksched085to09_lr1e4_entropy005_s4_c1_rnetol_d256_depth3_p20,seed272,272,538,53800,100,16,112.80053347684176,129.0966491625535,109.45836231520566,False,max_epochs,2550.955761194229
rl4crn_rne_oscillator_trace_8rxn_stop_risksched085to09_lr1e4_entropy005_s4_c1_rnetol_d256_depth3_p20,seed272,272,539,53900,100,16,113.79792705023337,125.74672094298658,109.45836231520566,False,max_epochs,2556.0470793247223
rl4crn_rne_oscillator_trace_8rxn_stop_risksched085to09_lr1e4_entropy005_s4_c1_rnetol_d256_depth3_p20,seed272,272,540,54000,100,16,113.21886678251552,130.42023396313786,109.45836231520566,False,max_epochs,2561.4389758110046
rl4crn_rne_oscillator_trace_8rxn_stop_risksched085to09_lr1e4_entropy005_s4_c1_rnetol_d256_depth3_p20,seed272,272,541,54100,100,16,113.55063322946573,132.2665158961585,109.45836231520566,False,max_epochs,2566.458685874939
rl4crn_rne_oscillator_trace_8rxn_stop_risksched085to09_lr1e4_entropy005_s4_c1_rnetol_d256_depth3_p20,seed272,272,542,54200,100,16,114.22010095483027,129.86756023815127,109.45836231520566,False,max_epochs,2571.4275233745575
rl4crn_rne_oscillator_trace_8rxn_stop_risksched085to09_lr1e4_entropy005_s4_c1_rnetol_d256_depth3_p20,seed272,272,543,54300,100,16,111.64895613380449,135.15912788465533,109.45836231520566,False,max_epochs,2576.217929840088
rl4crn_rne_oscillator_trace_8rxn_stop_risksched085to09_lr1e4_entropy005_s4_c1_rnetol_d256_depth3_p20,seed272,272,544,54400,100,16,115.62352997391793,131.18555450106328,109.45836231520566,False,max_epochs,2578.543608903885
rl4crn_rne_oscillator_trace_8rxn_stop_risksched085to09_lr1e4_entropy005_s4_c1_rnetol_d256_depth3_p20,seed272,272,545,54500,100,16,112.19835347398275,126.1896307660639,109.45836231520566,False,max_epochs,2583.541877746582
rl4crn_rne_oscillator_trace_8rxn_stop_risksched085to09_lr1e4_entropy005_s4_c1_rnetol_d256_depth3_p20,seed272,272,546,54600,100,16,114.90051729234087,130.01699918347526,109.45836231520566,False,max_epochs,2588.5561425685883
rl4crn_rne_oscillator_trace_8rxn_stop_risksched085to09_lr1e4_entropy005_s4_c1_rnetol_d256_depth3_p20,seed272,272,547,54700,100,16,112.68182576545462,127.17655056293131,109.45836231520566,False,max_epochs,2593.641176223755
rl4crn_rne_oscillator_trace_8rxn_stop_risksched085to09_lr1e4_entropy005_s4_c1_rnetol_d256_depth3_p20,seed272,272,548,54800,100,16,112.7842343500376,132.59029255068737,109.45836231520566,False,max_epochs,2598.395864725113
rl4crn_rne_oscillator_trace_8rxn_stop_risksched085to09_lr1e4_entropy005_s4_c1_rnetol_d256_depth3_p20,seed272,272,549,54900,100,16,113.28143222706504,125.27515675939088,109.45836231520566,False,max_epochs,2600.6001551151276
rl4crn_rne_oscillator_trace_8rxn_stop_risksched085to09_lr1e4_entropy005_s4_c1_rnetol_d256_depth3_p20,seed272,272,550,55000,100,16,114.11680476617121,129.28239023676008,109.45836231520566,False,max_epochs,2605.434173822403
rl4crn_rne_oscillator_trace_8rxn_stop_risksched085to09_lr1e4_entropy005_s4_c1_rnetol_d256_depth3_p20,seed272,272,551,55100,100,16,112.61192755846804,135.62758741053443,109.45836231520566,False,max_epochs,2610.181313276291
rl4crn_rne_oscillator_trace_8rxn_stop_risksched085to09_lr1e4_entropy005_s4_c1_rnetol_d256_depth3_p20,seed272,272,552,55200,100,16,111.85394689155082,126.5584176293224,109.45836231520566,False,max_epochs,2615.0866882801056
rl4crn_rne_oscillator_trace_8rxn_stop_risksched085to09_lr1e4_entropy005_s4_c1_rnetol_d256_depth3_p20,seed272,272,553,55300,100,16,113.78595919528895,126.72317633658638,109.45836231520566,False,max_epochs,2619.5874452590942
rl4crn_rne_oscillator_trace_8rxn_stop_risksched085to09_lr1e4_entropy005_s4_c1_rnetol_d256_depth3_p20,seed272,272,554,55400,100,16,115.62542070385364,128.84384137814456,109.45836231520566,False,max_epochs,2621.7702972888947
rl4crn_rne_oscillator_trace_8rxn_stop_risksched085to09_lr1e4_entropy005_s4_c1_rnetol_d256_depth3_p20,seed272,272,555,55500,100,16,114.02775460443027,127.85038275022626,109.45836231520566,False,max_epochs,2626.6591782569885
rl4crn_rne_oscillator_trace_8rxn_stop_risksched085to09_lr1e4_entropy005_s4_c1_rnetol_d256_depth3_p20,seed272,272,556,55600,100,16,110.20223250880382,127.1124339749407,109.45836231520566,False,max_epochs,2632.129945039749
rl4crn_rne_oscillator_trace_8rxn_stop_risksched085to09_lr1e4_entropy005_s4_c1_rnetol_d256_depth3_p20,seed272,272,557,55700,100,16,114.72555671696644,132.93005855839226,109.45836231520566,False,max_epochs,2637.594638109207
rl4crn_rne_oscillator_trace_8rxn_stop_risksched085to09_lr1e4_entropy005_s4_c1_rnetol_d256_depth3_p20,seed272,272,558,55800,100,16,115.33109997324948,129.51705919619033,109.45836231520566,False,max_epochs,2643.073233604431
rl4crn_rne_oscillator_trace_8rxn_stop_risksched085to09_lr1e4_entropy005_s4_c1_rnetol_d256_depth3_p20,seed272,272,559,55900,100,16,115.03390180835883,130.91318800666548,109.45836231520566,False,max_epochs,2649.0094046592712
rl4crn_rne_oscillator_trace_8rxn_stop_risksched085to09_lr1e4_entropy005_s4_c1_rnetol_d256_depth3_p20,seed272,272,560,56000,100,16,114.09165719636765,128.42924937615885,109.45836231520566,False,max_epochs,2654.264175891876
rl4crn_rne_oscillator_trace_8rxn_stop_risksched085to09_lr1e4_entropy005_s4_c1_rnetol_d256_depth3_p20,seed272,272,561,56100,100,16,111.75400632720002,127.77871744261647,109.45836231520566,False,max_epochs,2659.2636268138885
rl4crn_rne_oscillator_trace_8rxn_stop_risksched085to09_lr1e4_entropy005_s4_c1_rnetol_d256_depth3_p20,seed272,272,562,56200,100,16,111.46893035643795,129.64202116042708,109.45836231520566,False,max_epochs,2664.3656754493713
rl4crn_rne_oscillator_trace_8rxn_stop_risksched085to09_lr1e4_entropy005_s4_c1_rnetol_d256_depth3_p20,seed272,272,563,56300,100,16,112.23099427680768,131.21626942872996,109.45836231520566,False,max_epochs,2669.2208676338196
rl4crn_rne_oscillator_trace_8rxn_stop_risksched085to09_lr1e4_entropy005_s4_c1_rnetol_d256_depth3_p20,seed272,272,564,56400,100,16,111.91099474163566,128.1434005934155,109.45836231520566,False,max_epochs,2671.8171055316925
rl4crn_rne_oscillator_trace_8rxn_stop_risksched085to09_lr1e4_entropy005_s4_c1_rnetol_d256_depth3_p20,seed272,272,565,56500,100,16,113.06326864208641,135.29420718243665,109.45836231520566,False,max_epochs,2676.4129848480225
rl4crn_rne_oscillator_trace_8rxn_stop_risksched085to09_lr1e4_entropy005_s4_c1_rnetol_d256_depth3_p20,seed272,272,566,56600,100,16,114.52586449229742,136.97938461529193,109.45836231520566,False,max_epochs,2681.7425558567047
rl4crn_rne_oscillator_trace_8rxn_stop_risksched085to09_lr1e4_entropy005_s4_c1_rnetol_d256_depth3_p20,seed272,272,567,56700,100,16,115.36581056582658,133.03195039880518,109.45836231520566,False,max_epochs,2687.160135746002
rl4crn_rne_oscillator_trace_8rxn_stop_risksched085to09_lr1e4_entropy005_s4_c1_rnetol_d256_depth3_p20,seed272,272,568,56800,100,16,111.79173447734978,131.17043201582794,109.45836231520566,False,max_epochs,2692.661484003067
rl4crn_rne_oscillator_trace_8rxn_stop_risksched085to09_lr1e4_entropy005_s4_c1_rnetol_d256_depth3_p20,seed272,272,569,56900,100,16,111.13043681974526,126.19409167560494,109.45836231520566,False,max_epochs,2698.0662937164307
rl4crn_rne_oscillator_trace_8rxn_stop_risksched085to09_lr1e4_entropy005_s4_c1_rnetol_d256_depth3_p20,seed272,272,570,57000,100,16,112.38442460207654,127.06028030345433,109.45836231520566,False,max_epochs,2703.461080312729
rl4crn_rne_oscillator_trace_8rxn_stop_risksched085to09_lr1e4_entropy005_s4_c1_rnetol_d256_depth3_p20,seed272,272,571,57100,100,16,113.95361625444279,127.27982434161746,109.45836231520566,False,max_epochs,2708.4679584503174
rl4crn_rne_oscillator_trace_8rxn_stop_risksched085to09_lr1e4_entropy005_s4_c1_rnetol_d256_depth3_p20,seed272,272,572,57200,100,16,114.20208627101998,126.43448464603259,109.45836231520566,False,max_epochs,2713.593647480011
rl4crn_rne_oscillator_trace_8rxn_stop_risksched085to09_lr1e4_entropy005_s4_c1_rnetol_d256_depth3_p20,seed272,272,573,57300,100,16,113.22721933151617,129.05025605967325,109.45836231520566,False,max_epochs,2718.378936767578
rl4crn_rne_oscillator_trace_8rxn_stop_risksched085to09_lr1e4_entropy005_s4_c1_rnetol_d256_depth3_p20,seed272,272,574,57400,100,16,111.91703581186923,125.30454360129615,109.45836231520566,False,max_epochs,2720.8569231033325
rl4crn_rne_oscillator_trace_8rxn_stop_risksched085to09_lr1e4_entropy005_s4_c1_rnetol_d256_depth3_p20,seed272,272,575,57500,100,16,112.95118449313695,128.94190502587196,109.45836231520566,False,max_epochs,2725.72278547287
rl4crn_rne_oscillator_trace_8rxn_stop_risksched085to09_lr1e4_entropy005_s4_c1_rnetol_d256_depth3_p20,seed272,272,576,57600,100,16,114.69002518965665,129.20513091224234,109.45836231520566,False,max_epochs,2731.1230680942535
rl4crn_rne_oscillator_trace_8rxn_stop_risksched085to09_lr1e4_entropy005_s4_c1_rnetol_d256_depth3_p20,seed272,272,577,57700,100,16,112.45875983319374,131.40425115735633,109.45836231520566,False,max_epochs,2736.7359659671783
rl4crn_rne_oscillator_trace_8rxn_stop_risksched085to09_lr1e4_entropy005_s4_c1_rnetol_d256_depth3_p20,seed272,272,578,57800,100,16,114.6252057129749,129.9646689287071,109.45836231520566,False,max_epochs,2741.950395822525
rl4crn_rne_oscillator_trace_8rxn_stop_risksched085to09_lr1e4_entropy005_s4_c1_rnetol_d256_depth3_p20,seed272,272,579,57900,100,16,113.16198512352324,129.15088989376358,109.45836231520566,False,max_epochs,2747.269753217697
rl4crn_rne_oscillator_trace_8rxn_stop_risksched085to09_lr1e4_entropy005_s4_c1_rnetol_d256_depth3_p20,seed272,272,580,58000,100,16,111.0138365875029,132.47961973830817,109.45836231520566,False,max_epochs,2752.9731345176697
rl4crn_rne_oscillator_trace_8rxn_stop_risksched085to09_lr1e4_entropy005_s4_c1_rnetol_d256_depth3_p20,seed272,272,581,58100,100,16,113.37571917058189,140.7605272251181,109.45836231520566,False,max_epochs,2758.728885412216
rl4crn_rne_oscillator_trace_8rxn_stop_risksched085to09_lr1e4_entropy005_s4_c1_rnetol_d256_depth3_p20,seed272,272,582,58200,100,16,112.36489891464619,134.90848888171848,109.45836231520566,False,max_epochs,2764.0721395015717
rl4crn_rne_oscillator_trace_8rxn_stop_risksched085to09_lr1e4_entropy005_s4_c1_rnetol_d256_depth3_p20,seed272,272,583,58300,100,16,112.42203663145972,128.89426719556388,109.45836231520566,False,max_epochs,2769.6876962184906
rl4crn_rne_oscillator_trace_8rxn_stop_risksched085to09_lr1e4_entropy005_s4_c1_rnetol_d256_depth3_p20,seed272,272,584,58400,100,16,110.12848392064892,124.66484272231116,109.45836231520566,False,max_epochs,2774.8858692646027
rl4crn_rne_oscillator_trace_8rxn_stop_risksched085to09_lr1e4_entropy005_s4_c1_rnetol_d256_depth3_p20,seed272,272,585,58500,100,16,115.64925824117128,128.3977682758791,109.45836231520566,False,max_epochs,2779.7834372520447
rl4crn_rne_oscillator_trace_8rxn_stop_risksched085to09_lr1e4_entropy005_s4_c1_rnetol_d256_depth3_p20,seed272,272,586,58600,100,16,115.4630222766137,128.87128194533977,109.45836231520566,False,max_epochs,2785.2053422927856
rl4crn_rne_oscillator_trace_8rxn_stop_risksched085to09_lr1e4_entropy005_s4_c1_rnetol_d256_depth3_p20,seed272,272,587,58700,100,16,112.30218631949113,127.78180613519079,109.45836231520566,False,max_epochs,2790.0547766685486
rl4crn_rne_oscillator_trace_8rxn_stop_risksched085to09_lr1e4_entropy005_s4_c1_rnetol_d256_depth3_p20,seed272,272,588,58800,100,16,110.78490874242976,130.97401720693819,109.45836231520566,False,max_epochs,2795.0915007591248
rl4crn_rne_oscillator_trace_8rxn_stop_risksched085to09_lr1e4_entropy005_s4_c1_rnetol_d256_depth3_p20,seed272,272,589,58900,100,16,112.4958137332035,132.81548846575348,109.45836231520566,False,max_epochs,2798.8112604618073
rl4crn_rne_oscillator_trace_8rxn_stop_risksched085to09_lr1e4_entropy005_s4_c1_rnetol_d256_depth3_p20,seed272,272,590,59000,100,16,112.18906504501889,127.7726847426263,109.45836231520566,False,max_epochs,2802.5471239089966
rl4crn_rne_oscillator_trace_8rxn_stop_risksched085to09_lr1e4_entropy005_s4_c1_rnetol_d256_depth3_p20,seed272,272,591,59100,100,16,115.77233531323323,128.2244745810003,109.45836231520566,False,max_epochs,2807.5556933879852
rl4crn_rne_oscillator_trace_8rxn_stop_risksched085to09_lr1e4_entropy005_s4_c1_rnetol_d256_depth3_p20,seed272,272,592,59200,100,16,115.08509858811266,131.8482182013267,109.45836231520566,False,max_epochs,2812.8361387252808
rl4crn_rne_oscillator_trace_8rxn_stop_risksched085to09_lr1e4_entropy005_s4_c1_rnetol_d256_depth3_p20,seed272,272,593,59300,100,16,112.16923028710475,127.20153092148914,109.45836231520566,False,max_epochs,2817.7644934654236
rl4crn_rne_oscillator_trace_8rxn_stop_risksched085to09_lr1e4_entropy005_s4_c1_rnetol_d256_depth3_p20,seed272,272,594,59400,100,16,112.65488736972594,130.07429090237187,109.45836231520566,False,max_epochs,2822.8524281978607
rl4crn_rne_oscillator_trace_8rxn_stop_risksched085to09_lr1e4_entropy005_s4_c1_rnetol_d256_depth3_p20,seed272,272,595,59500,100,16,112.2903297460159,125.2385862311603,109.45836231520566,False,max_epochs,2827.5111145973206
rl4crn_rne_oscillator_trace_8rxn_stop_risksched085to09_lr1e4_entropy005_s4_c1_rnetol_d256_depth3_p20,seed272,272,596,59600,100,16,112.07441609025368,129.10185803307468,109.45836231520566,False,max_epochs,2829.7049984931946
rl4crn_rne_oscillator_trace_8rxn_stop_risksched085to09_lr1e4_entropy005_s4_c1_rnetol_d256_depth3_p20,seed272,272,597,59700,100,16,111.89604485241486,126.45025469727577,109.45836231520566,False,max_epochs,2834.90083026886
rl4crn_rne_oscillator_trace_8rxn_stop_risksched085to09_lr1e4_entropy005_s4_c1_rnetol_d256_depth3_p20,seed272,272,598,59800,100,16,112.64405268685317,125.13172852997857,109.45836231520566,False,max_epochs,2839.7860231399536
rl4crn_rne_oscillator_trace_8rxn_stop_risksched085to09_lr1e4_entropy005_s4_c1_rnetol_d256_depth3_p20,seed272,272,599,59900,100,16,113.27030657044514,139.04230476068304,109.45836231520566,False,max_epochs,2844.7761204242706
rl4crn_rne_oscillator_trace_8rxn_stop_risksched085to09_lr1e4_entropy005_s4_c1_rnetol_d256_depth3_p20,seed272,272,600,60000,100,16,114.45087937329991,126.9080938393447,109.45836231520566,False,max_epochs,2849.055802345276
rl4crn_rne_oscillator_trace_8rxn_stop_risksched085to09_lr1e4_entropy005_s4_c1_rnetol_d256_depth3_p20,seed272,272,601,60100,100,16,114.85511800714643,128.7841730645397,109.45836231520566,False,max_epochs,2851.8173863887787
rl4crn_rne_oscillator_trace_8rxn_stop_risksched085to09_lr1e4_entropy005_s4_c1_rnetol_d256_depth3_p20,seed272,272,602,60200,100,16,112.19729192653308,124.85327969146309,109.45836231520566,False,max_epochs,2856.883741378784
rl4crn_rne_oscillator_trace_8rxn_stop_risksched085to09_lr1e4_entropy005_s4_c1_rnetol_d256_depth3_p20,seed272,272,603,60300,100,16,114.2700166490764,125.20355442753012,109.45836231520566,False,max_epochs,2862.2739210128784
rl4crn_rne_oscillator_trace_8rxn_stop_risksched085to09_lr1e4_entropy005_s4_c1_rnetol_d256_depth3_p20,seed272,272,604,60400,100,16,111.71690353683913,125.7513633262555,109.45836231520566,False,max_epochs,2867.588953256607
rl4crn_rne_oscillator_trace_8rxn_stop_risksched085to09_lr1e4_entropy005_s4_c1_rnetol_d256_depth3_p20,seed272,272,605,60500,100,16,115.05770850990204,132.13279774985315,109.45836231520566,False,max_epochs,2872.8593797683716
rl4crn_rne_oscillator_trace_8rxn_stop_risksched085to09_lr1e4_entropy005_s4_c1_rnetol_d256_depth3_p20,seed272,272,606,60600,100,16,114.60761563885148,130.46496541717875,109.45836231520566,False,max_epochs,2877.973229408264
rl4crn_rne_oscillator_trace_8rxn_stop_risksched085to09_lr1e4_entropy005_s4_c1_rnetol_d256_depth3_p20,seed272,272,607,60700,100,16,110.01965661817346,130.25888765455426,109.45836231520566,False,max_epochs,2882.7893555164337
rl4crn_rne_oscillator_trace_8rxn_stop_risksched085to09_lr1e4_entropy005_s4_c1_rnetol_d256_depth3_p20,seed272,272,608,60800,100,16,114.76466403659342,128.8356540804744,109.45836231520566,False,max_epochs,2885.1784102916718
rl4crn_rne_oscillator_trace_8rxn_stop_risksched085to09_lr1e4_entropy005_s4_c1_rnetol_d256_depth3_p20,seed272,272,609,60900,100,16,113.228756140415,127.14412224227966,109.45836231520566,False,max_epochs,2890.1490309238434
rl4crn_rne_oscillator_trace_8rxn_stop_risksched085to09_lr1e4_entropy005_s4_c1_rnetol_d256_depth3_p20,seed272,272,610,61000,100,16,113.52437650727997,125.22575684895949,109.45836231520566,False,max_epochs,2895.4012784957886
rl4crn_rne_oscillator_trace_8rxn_stop_risksched085to09_lr1e4_entropy005_s4_c1_rnetol_d256_depth3_p20,seed272,272,611,61100,100,16,113.01055692234904,129.95027344158098,109.45836231520566,False,max_epochs,2900.918056488037
rl4crn_rne_oscillator_trace_8rxn_stop_risksched085to09_lr1e4_entropy005_s4_c1_rnetol_d256_depth3_p20,seed272,272,612,61200,100,16,112.6348992615145,131.2630470036438,109.45836231520566,False,max_epochs,2906.2712988853455
rl4crn_rne_oscillator_trace_8rxn_stop_risksched085to09_lr1e4_entropy005_s4_c1_rnetol_d256_depth3_p20,seed272,272,613,61300,100,16,111.93852967100312,125.53374928001364,109.45836231520566,False,max_epochs,2911.2124831676483
rl4crn_rne_oscillator_trace_8rxn_stop_risksched085to09_lr1e4_entropy005_s4_c1_rnetol_d256_depth3_p20,seed272,272,614,61400,100,16,113.18188174856968,124.37728007631642,109.45836231520566,False,max_epochs,2916.044666528702
rl4crn_rne_oscillator_trace_8rxn_stop_risksched085to09_lr1e4_entropy005_s4_c1_rnetol_d256_depth3_p20,seed272,272,615,61500,100,16,111.33268661979398,127.22927441081774,109.45836231520566,False,max_epochs,2918.767746925354
rl4crn_rne_oscillator_trace_8rxn_stop_risksched085to09_lr1e4_entropy005_s4_c1_rnetol_d256_depth3_p20,seed272,272,616,61600,100,16,111.22867599413416,131.4047722126469,109.45836231520566,False,max_epochs,2923.3766782283783
rl4crn_rne_oscillator_trace_8rxn_stop_risksched085to09_lr1e4_entropy005_s4_c1_rnetol_d256_depth3_p20,seed272,272,617,61700,100,16,114.26471326009268,128.1116155119359,109.45836231520566,False,max_epochs,2928.690681695938
rl4crn_rne_oscillator_trace_8rxn_stop_risksched085to09_lr1e4_entropy005_s4_c1_rnetol_d256_depth3_p20,seed272,272,618,61800,100,16,113.47813052108411,134.67749485720893,109.45836231520566,False,max_epochs,2934.0607590675354
rl4crn_rne_oscillator_trace_8rxn_stop_risksched085to09_lr1e4_entropy005_s4_c1_rnetol_d256_depth3_p20,seed272,272,619,61900,100,16,111.83605404045339,128.24871251472422,109.45836231520566,False,max_epochs,2939.2255091667175
rl4crn_rne_oscillator_trace_8rxn_stop_risksched085to09_lr1e4_entropy005_s4_c1_rnetol_d256_depth3_p20,seed272,272,620,62000,100,16,112.78245921774565,128.2685392430422,109.45836231520566,False,max_epochs,2945.0246024131775
rl4crn_rne_oscillator_trace_8rxn_stop_risksched085to09_lr1e4_entropy005_s4_c1_rnetol_d256_depth3_p20,seed272,272,621,62100,100,16,113.2658535012464,130.4470189802285,109.45836231520566,False,max_epochs,2950.27542924881
rl4crn_rne_oscillator_trace_8rxn_stop_risksched085to09_lr1e4_entropy005_s4_c1_rnetol_d256_depth3_p20,seed272,272,622,62200,100,16,115.0715547239764,127.99682156736813,109.45836231520566,False,max_epochs,2955.125170946121
rl4crn_rne_oscillator_trace_8rxn_stop_risksched085to09_lr1e4_entropy005_s4_c1_rnetol_d256_depth3_p20,seed272,272,623,62300,100,16,112.47581672582703,127.66879601962503,109.45836231520566,False,max_epochs,2960.0142760276794
rl4crn_rne_oscillator_trace_8rxn_stop_risksched085to09_lr1e4_entropy005_s4_c1_rnetol_d256_depth3_p20,seed272,272,624,62400,100,16,111.31170466389482,125.27314964812113,109.45836231520566,False,max_epochs,2963.9569656848907
rl4crn_rne_oscillator_trace_8rxn_stop_risksched085to09_lr1e4_entropy005_s4_c1_rnetol_d256_depth3_p20,seed272,272,625,62500,100,16,112.7229767666804,124.65872674312143,109.45836231520566,False,max_epochs,2967.0531051158905
rl4crn_rne_oscillator_trace_8rxn_stop_risksched085to09_lr1e4_entropy005_s4_c1_rnetol_d256_depth3_p20,seed272,272,626,62600,100,16,111.52977549513872,129.65048967584744,109.45836231520566,False,max_epochs,2972.385787963867
rl4crn_rne_oscillator_trace_8rxn_stop_risksched085to09_lr1e4_entropy005_s4_c1_rnetol_d256_depth3_p20,seed272,272,627,62700,100,16,111.8736617772469,129.30434930754438,109.45836231520566,False,max_epochs,2977.5440561771393
rl4crn_rne_oscillator_trace_8rxn_stop_risksched085to09_lr1e4_entropy005_s4_c1_rnetol_d256_depth3_p20,seed272,272,628,62800,100,16,114.04412084062284,130.7950317956424,109.45836231520566,False,max_epochs,2982.620515346527
rl4crn_rne_oscillator_trace_8rxn_stop_risksched085to09_lr1e4_entropy005_s4_c1_rnetol_d256_depth3_p20,seed272,272,629,62900,100,16,114.28573231037267,128.32470331122704,109.45836231520566,False,max_epochs,2988.0827312469482
rl4crn_rne_oscillator_trace_8rxn_stop_risksched085to09_lr1e4_entropy005_s4_c1_rnetol_d256_depth3_p20,seed272,272,630,63000,100,16,112.48471461874308,127.29860823405753,109.45836231520566,False,max_epochs,2993.622180700302
rl4crn_rne_oscillator_trace_8rxn_stop_risksched085to09_lr1e4_entropy005_s4_c1_rnetol_d256_depth3_p20,seed272,272,631,63100,100,16,115.02188432278706,132.35396020593464,109.45836231520566,False,max_epochs,2998.536461830139
rl4crn_rne_oscillator_trace_8rxn_stop_risksched085to09_lr1e4_entropy005_s4_c1_rnetol_d256_depth3_p20,seed272,272,632,63200,100,16,115.09121828715725,129.49993547484002,109.45836231520566,False,max_epochs,3003.224385499954
rl4crn_rne_oscillator_trace_8rxn_stop_risksched085to09_lr1e4_entropy005_s4_c1_rnetol_d256_depth3_p20,seed272,272,633,63300,100,16,110.08107919292915,128.51372191822128,109.45836231520566,False,max_epochs,3005.9674878120422
rl4crn_rne_oscillator_trace_8rxn_stop_risksched085to09_lr1e4_entropy005_s4_c1_rnetol_d256_depth3_p20,seed272,272,634,63400,100,16,114.05863341231516,134.9800352334616,109.45836231520566,False,max_epochs,3010.953375339508
rl4crn_rne_oscillator_trace_8rxn_stop_risksched085to09_lr1e4_entropy005_s4_c1_rnetol_d256_depth3_p20,seed272,272,635,63500,100,16,114.28353444170067,124.71145971445831,109.45836231520566,False,max_epochs,3016.1892178058624
rl4crn_rne_oscillator_trace_8rxn_stop_risksched085to09_lr1e4_entropy005_s4_c1_rnetol_d256_depth3_p20,seed272,272,636,63600,100,16,112.2197577815655,126.67100644875157,109.45836231520566,False,max_epochs,3021.749399662018
rl4crn_rne_oscillator_trace_8rxn_stop_risksched085to09_lr1e4_entropy005_s4_c1_rnetol_d256_depth3_p20,seed272,272,637,63700,100,16,111.94625525624336,127.15558823420463,109.45836231520566,False,max_epochs,3027.2096824645996
rl4crn_rne_oscillator_trace_8rxn_stop_risksched085to09_lr1e4_entropy005_s4_c1_rnetol_d256_depth3_p20,seed272,272,638,63800,100,16,111.93218174636468,125.9121593866975,109.45836231520566,False,max_epochs,3032.456201314926
rl4crn_rne_oscillator_trace_8rxn_stop_risksched085to09_lr1e4_entropy005_s4_c1_rnetol_d256_depth3_p20,seed272,272,639,63900,100,16,112.97390293659848,129.18834132747637,109.45836231520566,False,max_epochs,3037.797690153122
rl4crn_rne_oscillator_trace_8rxn_stop_risksched085to09_lr1e4_entropy005_s4_c1_rnetol_d256_depth3_p20,seed272,272,640,64000,100,16,113.51762987645142,130.3539110135788,109.45836231520566,False,max_epochs,3043.240700483322
rl4crn_rne_oscillator_trace_8rxn_stop_risksched085to09_lr1e4_entropy005_s4_c1_rnetol_d256_depth3_p20,seed272,272,641,64100,100,16,112.81631126397212,127.67007701081735,109.45836231520566,False,max_epochs,3048.0224215984344
rl4crn_rne_oscillator_trace_8rxn_stop_risksched085to09_lr1e4_entropy005_s4_c1_rnetol_d256_depth3_p20,seed272,272,642,64200,100,16,114.3489350884962,127.56295283815982,109.45836231520566,False,max_epochs,3052.796933889389
rl4crn_rne_oscillator_trace_8rxn_stop_risksched085to09_lr1e4_entropy005_s4_c1_rnetol_d256_depth3_p20,seed272,272,643,64300,100,16,112.22906192381359,132.38209832015264,109.45836231520566,False,max_epochs,3055.7674674987793
rl4crn_rne_oscillator_trace_8rxn_stop_risksched085to09_lr1e4_entropy005_s4_c1_rnetol_d256_depth3_p20,seed272,272,644,64400,100,16,113.21643374811724,130.98944111648484,109.45836231520566,False,max_epochs,3060.2629220485687
rl4crn_rne_oscillator_trace_8rxn_stop_risksched085to09_lr1e4_entropy005_s4_c1_rnetol_d256_depth3_p20,seed272,272,645,64500,100,16,113.21427816644946,133.43088550222768,109.45836231520566,False,max_epochs,3065.370465993881
rl4crn_rne_oscillator_trace_8rxn_stop_risksched085to09_lr1e4_entropy005_s4_c1_rnetol_d256_depth3_p20,seed272,272,646,64600,100,16,112.21772157851325,130.48560962164487,109.45836231520566,False,max_epochs,3070.7920603752136
rl4crn_rne_oscillator_trace_8rxn_stop_risksched085to09_lr1e4_entropy005_s4_c1_rnetol_d256_depth3_p20,seed272,272,647,64700,100,16,111.79110760566549,130.83718956819928,109.45836231520566,False,max_epochs,3076.092183113098
rl4crn_rne_oscillator_trace_8rxn_stop_risksched085to09_lr1e4_entropy005_s4_c1_rnetol_d256_depth3_p20,seed272,272,648,64800,100,16,113.46560146053602,130.91378911574955,109.45836231520566,False,max_epochs,3081.940639734268
rl4crn_rne_oscillator_trace_8rxn_stop_risksched085to09_lr1e4_entropy005_s4_c1_rnetol_d256_depth3_p20,seed272,272,649,64900,100,16,111.45679921445469,127.07373914406539,109.45836231520566,False,max_epochs,3087.2074398994446
rl4crn_rne_oscillator_trace_8rxn_stop_risksched085to09_lr1e4_entropy005_s4_c1_rnetol_d256_depth3_p20,seed272,272,650,65000,100,16,112.82452483428952,126.62055619789385,109.45836231520566,False,max_epochs,3092.266937971115
rl4crn_rne_oscillator_trace_8rxn_stop_risksched085to09_lr1e4_entropy005_s4_c1_rnetol_d256_depth3_p20,seed272,272,651,65100,100,16,110.46661384006792,128.30633378054688,109.45836231520566,False,max_epochs,3098.047827720642
rl4crn_rne_oscillator_trace_8rxn_stop_risksched085to09_lr1e4_entropy005_s4_c1_rnetol_d256_depth3_p20,seed272,272,652,65200,100,16,114.03077464874774,137.08157312973384,109.45836231520566,False,max_epochs,3103.3150317668915
rl4crn_rne_oscillator_trace_8rxn_stop_risksched085to09_lr1e4_entropy005_s4_c1_rnetol_d256_depth3_p20,seed272,272,653,65300,100,16,111.86580420934297,129.2815791149469,109.45836231520566,False,max_epochs,3108.7511792182922
rl4crn_rne_oscillator_trace_8rxn_stop_risksched085to09_lr1e4_entropy005_s4_c1_rnetol_d256_depth3_p20,seed272,272,654,65400,100,16,110.31987493511699,129.72609502652458,109.45836231520566,False,max_epochs,3113.6521348953247
rl4crn_rne_oscillator_trace_8rxn_stop_risksched085to09_lr1e4_entropy005_s4_c1_rnetol_d256_depth3_p20,seed272,272,655,65500,100,16,111.94144422177537,127.70425083753152,109.45836231520566,False,max_epochs,3118.685288667679
rl4crn_rne_oscillator_trace_8rxn_stop_risksched085to09_lr1e4_entropy005_s4_c1_rnetol_d256_depth3_p20,seed272,272,656,65600,100,16,111.6885866371762,127.08474120069613,109.45836231520566,False,max_epochs,3121.0618295669556
rl4crn_rne_oscillator_trace_8rxn_stop_risksched085to09_lr1e4_entropy005_s4_c1_rnetol_d256_depth3_p20,seed272,272,657,65700,100,16,115.03508911264518,129.27543608583596,109.45836231520566,False,max_epochs,3125.812617778778
rl4crn_rne_oscillator_trace_8rxn_stop_risksched085to09_lr1e4_entropy005_s4_c1_rnetol_d256_depth3_p20,seed272,272,658,65800,100,16,111.97023047210635,125.28155251222063,109.45836231520566,False,max_epochs,3130.8994772434235
rl4crn_rne_oscillator_trace_8rxn_stop_risksched085to09_lr1e4_entropy005_s4_c1_rnetol_d256_depth3_p20,seed272,272,659,65900,100,16,110.78906577765493,128.1213396788354,109.45836231520566,False,max_epochs,3135.8661313056946
rl4crn_rne_oscillator_trace_8rxn_stop_risksched085to09_lr1e4_entropy005_s4_c1_rnetol_d256_depth3_p20,seed272,272,660,66000,100,16,111.63642924266546,125.4866001168163,109.45836231520566,False,max_epochs,3140.9335656166077
rl4crn_rne_oscillator_trace_8rxn_stop_risksched085to09_lr1e4_entropy005_s4_c1_rnetol_d256_depth3_p20,seed272,272,661,66100,100,16,110.73791179938563,129.89475161418565,109.45836231520566,False,max_epochs,3143.4722652435303
rl4crn_rne_oscillator_trace_8rxn_stop_risksched085to09_lr1e4_entropy005_s4_c1_rnetol_d256_depth3_p20,seed272,272,662,66200,100,16,114.70354827607635,140.23506582999772,109.45836231520566,False,max_epochs,3147.836551427841
rl4crn_rne_oscillator_trace_8rxn_stop_risksched085to09_lr1e4_entropy005_s4_c1_rnetol_d256_depth3_p20,seed272,272,663,66300,100,16,110.99392044702093,135.11257380720838,109.45836231520566,False,max_epochs,3153.2948112487793
rl4crn_rne_oscillator_trace_8rxn_stop_risksched085to09_lr1e4_entropy005_s4_c1_rnetol_d256_depth3_p20,seed272,272,664,66400,100,16,111.93091412057815,137.15950435118677,109.45836231520566,False,max_epochs,3158.73313164711
rl4crn_rne_oscillator_trace_8rxn_stop_risksched085to09_lr1e4_entropy005_s4_c1_rnetol_d256_depth3_p20,seed272,272,665,66500,100,16,111.95570756845035,136.6763092593432,109.45836231520566,False,max_epochs,3164.214575767517
rl4crn_rne_oscillator_trace_8rxn_stop_risksched085to09_lr1e4_entropy005_s4_c1_rnetol_d256_depth3_p20,seed272,272,666,66600,100,16,113.37145736107453,133.2186928695882,109.45836231520566,False,max_epochs,3169.737964630127
rl4crn_rne_oscillator_trace_8rxn_stop_risksched085to09_lr1e4_entropy005_s4_c1_rnetol_d256_depth3_p20,seed272,272,667,66700,100,16,111.33447796592887,133.26636338489146,109.45836231520566,False,max_epochs,3174.606817007065
rl4crn_rne_oscillator_trace_8rxn_stop_risksched085to09_lr1e4_entropy005_s4_c1_rnetol_d256_depth3_p20,seed272,272,668,66800,100,16,111.33633277016422,126.97303679442132,109.45836231520566,False,max_epochs,3179.6118636131287
rl4crn_rne_oscillator_trace_8rxn_stop_risksched085to09_lr1e4_entropy005_s4_c1_rnetol_d256_depth3_p20,seed272,272,669,66900,100,16,112.86438982256782,133.48367587144193,109.45836231520566,False,max_epochs,3182.081118583679
rl4crn_rne_oscillator_trace_8rxn_stop_risksched085to09_lr1e4_entropy005_s4_c1_rnetol_d256_depth3_p20,seed272,272,670,67000,100,16,111.39812810644162,135.80402949046683,109.45836231520566,False,max_epochs,3186.6764945983887
rl4crn_rne_oscillator_trace_8rxn_stop_risksched085to09_lr1e4_entropy005_s4_c1_rnetol_d256_depth3_p20,seed272,272,671,67100,100,16,112.72840726828542,133.74717367111472,109.45836231520566,False,max_epochs,3191.6930046081543
rl4crn_rne_oscillator_trace_8rxn_stop_risksched085to09_lr1e4_entropy005_s4_c1_rnetol_d256_depth3_p20,seed272,272,672,67200,100,16,111.60950937734694,126.44755099473906,109.45836231520566,False,max_epochs,3197.41158080101
rl4crn_rne_oscillator_trace_8rxn_stop_risksched085to09_lr1e4_entropy005_s4_c1_rnetol_d256_depth3_p20,seed272,272,673,67300,100,16,110.96492940239068,125.23956664279855,109.45836231520566,False,max_epochs,3202.7819538116455
rl4crn_rne_oscillator_trace_8rxn_stop_risksched085to09_lr1e4_entropy005_s4_c1_rnetol_d256_depth3_p20,seed272,272,674,67400,100,16,112.95802474810867,132.00100336673958,109.45836231520566,False,max_epochs,3207.949447631836
rl4crn_rne_oscillator_trace_8rxn_stop_risksched085to09_lr1e4_entropy005_s4_c1_rnetol_d256_depth3_p20,seed272,272,675,67500,100,16,113.14546255526744,126.70115463023907,109.45836231520566,False,max_epochs,3213.3884930610657
rl4crn_rne_oscillator_trace_8rxn_stop_risksched085to09_lr1e4_entropy005_s4_c1_rnetol_d256_depth3_p20,seed272,272,676,67600,100,16,113.37785321552535,128.70822307236458,109.45836231520566,False,max_epochs,3218.240609884262
rl4crn_rne_oscillator_trace_8rxn_stop_risksched085to09_lr1e4_entropy005_s4_c1_rnetol_d256_depth3_p20,seed272,272,677,67700,100,16,112.91156387829422,127.56531103934736,109.45836231520566,False,max_epochs,3223.2113869190216
rl4crn_rne_oscillator_trace_8rxn_stop_risksched085to09_lr1e4_entropy005_s4_c1_rnetol_d256_depth3_p20,seed272,272,678,67800,100,16,112.59086148755596,128.84391299904,109.45836231520566,False,max_epochs,3225.7191450595856
rl4crn_rne_oscillator_trace_8rxn_stop_risksched085to09_lr1e4_entropy005_s4_c1_rnetol_d256_depth3_p20,seed272,272,679,67900,100,16,113.44179995607612,137.62152674414585,109.45836231520566,False,max_epochs,3230.2777140140533
rl4crn_rne_oscillator_trace_8rxn_stop_risksched085to09_lr1e4_entropy005_s4_c1_rnetol_d256_depth3_p20,seed272,272,680,68000,100,16,112.16677752791246,128.07883675023484,109.45836231520566,False,max_epochs,3235.4482188224792
rl4crn_rne_oscillator_trace_8rxn_stop_risksched085to09_lr1e4_entropy005_s4_c1_rnetol_d256_depth3_p20,seed272,272,681,68100,100,16,113.3648402337658,132.79920126331643,109.45836231520566,False,max_epochs,3240.67444896698
rl4crn_rne_oscillator_trace_8rxn_stop_risksched085to09_lr1e4_entropy005_s4_c1_rnetol_d256_depth3_p20,seed272,272,682,68200,100,16,111.69781222746798,133.24971506257666,109.45836231520566,False,max_epochs,3246.0490765571594
rl4crn_rne_oscillator_trace_8rxn_stop_risksched085to09_lr1e4_entropy005_s4_c1_rnetol_d256_depth3_p20,seed272,272,683,68300,100,16,112.05844791847245,131.87483211597834,109.45836231520566,False,max_epochs,3251.226438522339
rl4crn_rne_oscillator_trace_8rxn_stop_risksched085to09_lr1e4_entropy005_s4_c1_rnetol_d256_depth3_p20,seed272,272,684,68400,100,16,111.72517439024816,129.5784005567288,109.45836231520566,False,max_epochs,3256.2941472530365
rl4crn_rne_oscillator_trace_8rxn_stop_risksched085to09_lr1e4_entropy005_s4_c1_rnetol_d256_depth3_p20,seed272,272,685,68500,100,16,112.27207274583098,129.57366646214996,109.45836231520566,False,max_epochs,3261.419085264206
rl4crn_rne_oscillator_trace_8rxn_stop_risksched085to09_lr1e4_entropy005_s4_c1_rnetol_d256_depth3_p20,seed272,272,686,68600,100,16,112.83944976012727,126.9529709446706,109.45836231520566,False,max_epochs,3266.438379764557
rl4crn_rne_oscillator_trace_8rxn_stop_risksched085to09_lr1e4_entropy005_s4_c1_rnetol_d256_depth3_p20,seed272,272,687,68700,100,16,112.76870693174139,129.68706974814452,109.45836231520566,False,max_epochs,3271.458170413971
rl4crn_rne_oscillator_trace_8rxn_stop_risksched085to09_lr1e4_entropy005_s4_c1_rnetol_d256_depth3_p20,seed272,272,688,68800,100,16,111.4270366795776,126.77856136807324,109.45836231520566,False,max_epochs,3273.6378076076508
rl4crn_rne_oscillator_trace_8rxn_stop_risksched085to09_lr1e4_entropy005_s4_c1_rnetol_d256_depth3_p20,seed272,272,689,68900,100,16,112.21454613763777,129.33415774546083,109.45836231520566,False,max_epochs,3278.514456987381
rl4crn_rne_oscillator_trace_8rxn_stop_risksched085to09_lr1e4_entropy005_s4_c1_rnetol_d256_depth3_p20,seed272,272,690,69000,100,16,112.63328645632201,126.92832125449084,109.45836231520566,False,max_epochs,3283.892578125
rl4crn_rne_oscillator_trace_8rxn_stop_risksched085to09_lr1e4_entropy005_s4_c1_rnetol_d256_depth3_p20,seed272,272,691,69100,100,16,111.53387152152828,129.68739962063347,109.45836231520566,False,max_epochs,3289.00302362442
rl4crn_rne_oscillator_trace_8rxn_stop_risksched085to09_lr1e4_entropy005_s4_c1_rnetol_d256_depth3_p20,seed272,272,692,69200,100,16,111.05537848726259,135.40810031690182,109.45836231520566,False,max_epochs,3293.672881603241
rl4crn_rne_oscillator_trace_8rxn_stop_risksched085to09_lr1e4_entropy005_s4_c1_rnetol_d256_depth3_p20,seed272,272,693,69300,100,16,110.76713680378364,130.81804158004138,109.45836231520566,False,max_epochs,3296.5440814495087
rl4crn_rne_oscillator_trace_8rxn_stop_risksched085to09_lr1e4_entropy005_s4_c1_rnetol_d256_depth3_p20,seed272,272,694,69400,100,16,111.81813549872233,132.64116373293444,109.45836231520566,False,max_epochs,3300.6650683879852
rl4crn_rne_oscillator_trace_8rxn_stop_risksched085to09_lr1e4_entropy005_s4_c1_rnetol_d256_depth3_p20,seed272,272,695,69500,100,16,109.25364274390648,132.44431811348701,109.25364274390648,False,max_epochs,3306.2682716846466
rl4crn_rne_oscillator_trace_8rxn_stop_risksched085to09_lr1e4_entropy005_s4_c1_rnetol_d256_depth3_p20,seed272,272,696,69600,100,16,112.1193422312677,133.36057668499294,109.25364274390648,False,max_epochs,3311.41223859787
rl4crn_rne_oscillator_trace_8rxn_stop_risksched085to09_lr1e4_entropy005_s4_c1_rnetol_d256_depth3_p20,seed272,272,697,69700,100,16,111.37956542547559,128.22964074398422,109.25364274390648,False,max_epochs,3317.1693165302277
rl4crn_rne_oscillator_trace_8rxn_stop_risksched085to09_lr1e4_entropy005_s4_c1_rnetol_d256_depth3_p20,seed272,272,698,69800,100,16,114.61762756034736,128.76147175571143,109.25364274390648,False,max_epochs,3322.3836579322815
rl4crn_rne_oscillator_trace_8rxn_stop_risksched085to09_lr1e4_entropy005_s4_c1_rnetol_d256_depth3_p20,seed272,272,699,69900,100,16,111.4385472258524,128.29403002374394,109.25364274390648,False,max_epochs,3327.843006372452
rl4crn_rne_oscillator_trace_8rxn_stop_risksched085to09_lr1e4_entropy005_s4_c1_rnetol_d256_depth3_p20,seed272,272,700,70000,100,16,111.2946749483029,128.40054816870025,109.25364274390648,False,max_epochs,3333.241746902466
rl4crn_rne_oscillator_trace_8rxn_stop_risksched085to09_lr1e4_entropy005_s4_c1_rnetol_d256_depth3_p20,seed272,272,701,70100,100,16,111.61768637916393,143.62757472173917,109.25364274390648,False,max_epochs,3338.7749993801117
rl4crn_rne_oscillator_trace_8rxn_stop_risksched085to09_lr1e4_entropy005_s4_c1_rnetol_d256_depth3_p20,seed272,272,702,70200,100,16,112.57548638998652,145.83548267024435,109.25364274390648,False,max_epochs,3344.1884427070618
rl4crn_rne_oscillator_trace_8rxn_stop_risksched085to09_lr1e4_entropy005_s4_c1_rnetol_d256_depth3_p20,seed272,272,703,70300,100,16,111.39166284882751,131.0687736636748,109.25364274390648,False,max_epochs,3350.192577123642
rl4crn_rne_oscillator_trace_8rxn_stop_risksched085to09_lr1e4_entropy005_s4_c1_rnetol_d256_depth3_p20,seed272,272,704,70400,100,16,112.2132482229857,137.46046752704757,109.25364274390648,False,max_epochs,3355.351791858673
rl4crn_rne_oscillator_trace_8rxn_stop_risksched085to09_lr1e4_entropy005_s4_c1_rnetol_d256_depth3_p20,seed272,272,705,70500,100,16,111.69635325062171,128.21627514949427,109.25364274390648,False,max_epochs,3360.8816916942596
rl4crn_rne_oscillator_trace_8rxn_stop_risksched085to09_lr1e4_entropy005_s4_c1_rnetol_d256_depth3_p20,seed272,272,706,70600,100,16,111.55391690851846,127.94164805139457,109.25364274390648,False,max_epochs,3366.079485654831
rl4crn_rne_oscillator_trace_8rxn_stop_risksched085to09_lr1e4_entropy005_s4_c1_rnetol_d256_depth3_p20,seed272,272,707,70700,100,16,111.38839828036981,128.8569768196421,109.25364274390648,False,max_epochs,3371.393958091736
rl4crn_rne_oscillator_trace_8rxn_stop_risksched085to09_lr1e4_entropy005_s4_c1_rnetol_d256_depth3_p20,seed272,272,708,70800,100,16,111.58854354465655,134.26173121917685,109.25364274390648,False,max_epochs,3376.975021123886
rl4crn_rne_oscillator_trace_8rxn_stop_risksched085to09_lr1e4_entropy005_s4_c1_rnetol_d256_depth3_p20,seed272,272,709,70900,100,16,111.56300451275004,127.89434130381537,109.25364274390648,False,max_epochs,3381.855958223343
rl4crn_rne_oscillator_trace_8rxn_stop_risksched085to09_lr1e4_entropy005_s4_c1_rnetol_d256_depth3_p20,seed272,272,710,71000,100,16,112.57110828508762,124.73194224627224,109.25364274390648,False,max_epochs,3387.109278202057
rl4crn_rne_oscillator_trace_8rxn_stop_risksched085to09_lr1e4_entropy005_s4_c1_rnetol_d256_depth3_p20,seed272,272,711,71100,100,16,111.83339885175192,128.77128606925643,109.25364274390648,False,max_epochs,3391.855915784836
rl4crn_rne_oscillator_trace_8rxn_stop_risksched085to09_lr1e4_entropy005_s4_c1_rnetol_d256_depth3_p20,seed272,272,712,71200,100,16,112.59258992673831,139.77738739748352,109.25364274390648,False,max_epochs,3396.3023266792297
rl4crn_rne_oscillator_trace_8rxn_stop_risksched085to09_lr1e4_entropy005_s4_c1_rnetol_d256_depth3_p20,seed272,272,713,71300,100,16,110.76221522185912,136.53616958284616,109.25364274390648,False,max_epochs,3399.116004705429
rl4crn_rne_oscillator_trace_8rxn_stop_risksched085to09_lr1e4_entropy005_s4_c1_rnetol_d256_depth3_p20,seed272,272,714,71400,100,16,112.44159958198412,131.79580561156024,109.25364274390648,False,max_epochs,3404.4300932884216
rl4crn_rne_oscillator_trace_8rxn_stop_risksched085to09_lr1e4_entropy005_s4_c1_rnetol_d256_depth3_p20,seed272,272,715,71500,100,16,112.00202647571815,134.46245342331684,109.25364274390648,False,max_epochs,3409.387605190277
rl4crn_rne_oscillator_trace_8rxn_stop_risksched085to09_lr1e4_entropy005_s4_c1_rnetol_d256_depth3_p20,seed272,272,716,71600,100,16,110.11541130527634,127.9990834440712,109.25364274390648,False,max_epochs,3415.0519800186157
rl4crn_rne_oscillator_trace_8rxn_stop_risksched085to09_lr1e4_entropy005_s4_c1_rnetol_d256_depth3_p20,seed272,272,717,71700,100,16,110.27270767453705,126.20119994428165,109.25364274390648,False,max_epochs,3419.9823126792908
rl4crn_rne_oscillator_trace_8rxn_stop_risksched085to09_lr1e4_entropy005_s4_c1_rnetol_d256_depth3_p20,seed272,272,718,71800,100,16,113.07194995906492,129.57111940918298,109.25364274390648,False,max_epochs,3424.7589547634125
rl4crn_rne_oscillator_trace_8rxn_stop_risksched085to09_lr1e4_entropy005_s4_c1_rnetol_d256_depth3_p20,seed272,272,719,71900,100,16,112.75468274249532,131.0082988103827,109.25364274390648,False,max_epochs,3429.6537737846375
rl4crn_rne_oscillator_trace_8rxn_stop_risksched085to09_lr1e4_entropy005_s4_c1_rnetol_d256_depth3_p20,seed272,272,720,72000,100,16,112.70199645983553,126.08992986238725,109.25364274390648,False,max_epochs,3432.468730688095
rl4crn_rne_oscillator_trace_8rxn_stop_risksched085to09_lr1e4_entropy005_s4_c1_rnetol_d256_depth3_p20,seed272,272,721,72100,100,16,111.97994427955885,137.79461993339027,109.25364274390648,False,max_epochs,3436.6038975715637
rl4crn_rne_oscillator_trace_8rxn_stop_risksched085to09_lr1e4_entropy005_s4_c1_rnetol_d256_depth3_p20,seed272,272,722,72200,100,16,111.27954810666606,136.48240726746718,109.25364274390648,False,max_epochs,3441.888767719269
rl4crn_rne_oscillator_trace_8rxn_stop_risksched085to09_lr1e4_entropy005_s4_c1_rnetol_d256_depth3_p20,seed272,272,723,72300,100,16,112.23656382343454,132.88436493255722,109.25364274390648,False,max_epochs,3447.300763130188
rl4crn_rne_oscillator_trace_8rxn_stop_risksched085to09_lr1e4_entropy005_s4_c1_rnetol_d256_depth3_p20,seed272,272,724,72400,100,16,113.55912876866144,138.6850211228003,109.25364274390648,False,max_epochs,3452.4650073051453
rl4crn_rne_oscillator_trace_8rxn_stop_risksched085to09_lr1e4_entropy005_s4_c1_rnetol_d256_depth3_p20,seed272,272,725,72500,100,16,112.5040812372509,127.3766242295857,109.25364274390648,False,max_epochs,3457.54954457283
rl4crn_rne_oscillator_trace_8rxn_stop_risksched085to09_lr1e4_entropy005_s4_c1_rnetol_d256_depth3_p20,seed272,272,726,72600,100,16,111.34537530837784,133.43644850435993,109.25364274390648,False,max_epochs,3462.467277765274
rl4crn_rne_oscillator_trace_8rxn_stop_risksched085to09_lr1e4_entropy005_s4_c1_rnetol_d256_depth3_p20,seed272,272,727,72700,100,16,112.31629060852728,141.63205616652033,109.25364274390648,False,max_epochs,3466.537725687027
rl4crn_rne_oscillator_trace_8rxn_stop_risksched085to09_lr1e4_entropy005_s4_c1_rnetol_d256_depth3_p20,seed272,272,728,72800,100,16,111.84773825903991,130.5971208459885,109.25364274390648,False,max_epochs,3469.6691744327545
rl4crn_rne_oscillator_trace_8rxn_stop_risksched085to09_lr1e4_entropy005_s4_c1_rnetol_d256_depth3_p20,seed272,272,729,72900,100,16,110.31402106033012,141.53189080012157,109.25364274390648,False,max_epochs,3475.032209634781
rl4crn_rne_oscillator_trace_8rxn_stop_risksched085to09_lr1e4_entropy005_s4_c1_rnetol_d256_depth3_p20,seed272,272,730,73000,100,16,111.69831457346196,126.93389459869749,109.25364274390648,False,max_epochs,3479.9133780002594
rl4crn_rne_oscillator_trace_8rxn_stop_risksched085to09_lr1e4_entropy005_s4_c1_rnetol_d256_depth3_p20,seed272,272,731,73100,100,16,113.29376135954956,128.6178183153001,109.25364274390648,False,max_epochs,3485.420773267746
rl4crn_rne_oscillator_trace_8rxn_stop_risksched085to09_lr1e4_entropy005_s4_c1_rnetol_d256_depth3_p20,seed272,272,732,73200,100,16,111.02610921053382,125.34432563576854,109.25364274390648,False,max_epochs,3490.1833086013794
rl4crn_rne_oscillator_trace_8rxn_stop_risksched085to09_lr1e4_entropy005_s4_c1_rnetol_d256_depth3_p20,seed272,272,733,73300,100,16,111.71858804846272,126.12968532813375,109.25364274390648,False,max_epochs,3492.927864551544
rl4crn_rne_oscillator_trace_8rxn_stop_risksched085to09_lr1e4_entropy005_s4_c1_rnetol_d256_depth3_p20,seed272,272,734,73400,100,16,111.38183608195872,130.6454773436418,109.25364274390648,False,max_epochs,3497.0587372779846
rl4crn_rne_oscillator_trace_8rxn_stop_risksched085to09_lr1e4_entropy005_s4_c1_rnetol_d256_depth3_p20,seed272,272,735,73500,100,16,111.0651909968291,130.69334133245084,109.25364274390648,False,max_epochs,3502.3121898174286
rl4crn_rne_oscillator_trace_8rxn_stop_risksched085to09_lr1e4_entropy005_s4_c1_rnetol_d256_depth3_p20,seed272,272,736,73600,100,16,111.93198606251003,129.11168427853335,109.25364274390648,False,max_epochs,3507.726232290268
rl4crn_rne_oscillator_trace_8rxn_stop_risksched085to09_lr1e4_entropy005_s4_c1_rnetol_d256_depth3_p20,seed272,272,737,73700,100,16,112.78005669344661,128.7025565018139,109.25364274390648,False,max_epochs,3512.512296438217
rl4crn_rne_oscillator_trace_8rxn_stop_risksched085to09_lr1e4_entropy005_s4_c1_rnetol_d256_depth3_p20,seed272,272,738,73800,100,16,110.67404891438642,128.13898928870879,109.25364274390648,False,max_epochs,3517.4015748500824
rl4crn_rne_oscillator_trace_8rxn_stop_risksched085to09_lr1e4_entropy005_s4_c1_rnetol_d256_depth3_p20,seed272,272,739,73900,100,16,112.79399105130979,133.0923859069031,109.25364274390648,False,max_epochs,3519.7286188602448
rl4crn_rne_oscillator_trace_8rxn_stop_risksched085to09_lr1e4_entropy005_s4_c1_rnetol_d256_depth3_p20,seed272,272,740,74000,100,16,111.14827613091276,122.98653311592487,109.25364274390648,False,max_epochs,3524.678626060486
rl4crn_rne_oscillator_trace_8rxn_stop_risksched085to09_lr1e4_entropy005_s4_c1_rnetol_d256_depth3_p20,seed272,272,741,74100,100,16,112.92843787759932,139.07881340097202,109.25364274390648,False,max_epochs,3529.873565673828
rl4crn_rne_oscillator_trace_8rxn_stop_risksched085to09_lr1e4_entropy005_s4_c1_rnetol_d256_depth3_p20,seed272,272,742,74200,100,16,111.73319277443302,137.16877334512114,109.25364274390648,False,max_epochs,3535.629150390625
rl4crn_rne_oscillator_trace_8rxn_stop_risksched085to09_lr1e4_entropy005_s4_c1_rnetol_d256_depth3_p20,seed272,272,743,74300,100,16,112.77341529302382,128.34502854001803,109.25364274390648,False,max_epochs,3540.662632703781
rl4crn_rne_oscillator_trace_8rxn_stop_risksched085to09_lr1e4_entropy005_s4_c1_rnetol_d256_depth3_p20,seed272,272,744,74400,100,16,111.66956452353463,125.34330036303959,109.25364274390648,False,max_epochs,3545.619220018387
rl4crn_rne_oscillator_trace_8rxn_stop_risksched085to09_lr1e4_entropy005_s4_c1_rnetol_d256_depth3_p20,seed272,272,745,74500,100,16,111.14620681199,131.19473884693497,109.25364274390648,False,max_epochs,3550.561985731125
rl4crn_rne_oscillator_trace_8rxn_stop_risksched085to09_lr1e4_entropy005_s4_c1_rnetol_d256_depth3_p20,seed272,272,746,74600,100,16,111.68727585368616,129.4301624551324,109.25364274390648,False,max_epochs,3552.6594314575195
rl4crn_rne_oscillator_trace_8rxn_stop_risksched085to09_lr1e4_entropy005_s4_c1_rnetol_d256_depth3_p20,seed272,272,747,74700,100,16,109.93809809868795,126.95313394182881,109.25364274390648,False,max_epochs,3557.5290944576263
rl4crn_rne_oscillator_trace_8rxn_stop_risksched085to09_lr1e4_entropy005_s4_c1_rnetol_d256_depth3_p20,seed272,272,748,74800,100,16,113.94930616936355,133.31242575681188,109.25364274390648,False,max_epochs,3562.72593998909
rl4crn_rne_oscillator_trace_8rxn_stop_risksched085to09_lr1e4_entropy005_s4_c1_rnetol_d256_depth3_p20,seed272,272,749,74900,100,16,111.46326561985713,131.84969311311184,109.25364274390648,False,max_epochs,3567.576221227646
rl4crn_rne_oscillator_trace_8rxn_stop_risksched085to09_lr1e4_entropy005_s4_c1_rnetol_d256_depth3_p20,seed272,272,750,75000,100,16,112.51103660925152,131.28897292382544,109.25364274390648,False,max_epochs,3572.5018508434296
rl4crn_rne_oscillator_trace_8rxn_stop_risksched085to09_lr1e4_entropy005_s4_c1_rnetol_d256_depth3_p20,seed272,272,751,75100,100,16,111.22687312151875,131.264169483241,109.25364274390648,False,max_epochs,3575.021646976471
rl4crn_rne_oscillator_trace_8rxn_stop_risksched085to09_lr1e4_entropy005_s4_c1_rnetol_d256_depth3_p20,seed272,272,752,75200,100,16,113.30052850915003,128.92323970578548,109.25364274390648,False,max_epochs,3579.8795902729034
rl4crn_rne_oscillator_trace_8rxn_stop_risksched085to09_lr1e4_entropy005_s4_c1_rnetol_d256_depth3_p20,seed272,272,753,75300,100,16,113.00572640286747,124.38194032875427,109.25364274390648,False,max_epochs,3585.0711545944214
rl4crn_rne_oscillator_trace_8rxn_stop_risksched085to09_lr1e4_entropy005_s4_c1_rnetol_d256_depth3_p20,seed272,272,754,75400,100,16,112.65085497942312,127.16366225818228,109.25364274390648,False,max_epochs,3590.92138838768
rl4crn_rne_oscillator_trace_8rxn_stop_risksched085to09_lr1e4_entropy005_s4_c1_rnetol_d256_depth3_p20,seed272,272,755,75500,100,16,111.50647680029365,129.11918484180055,109.25364274390648,False,max_epochs,3595.9960918426514
rl4crn_rne_oscillator_trace_8rxn_stop_risksched085to09_lr1e4_entropy005_s4_c1_rnetol_d256_depth3_p20,seed272,272,756,75600,100,16,111.51987720219748,123.64709596273569,109.25364274390648,False,max_epochs,3601.5566947460175
rl4crn_rne_oscillator_trace_8rxn_stop_risksched085to09_lr1e4_entropy005_s4_c1_rnetol_d256_depth3_p20,seed272,272,757,75700,100,16,114.44330107666832,127.20916824758135,109.25364274390648,False,max_epochs,3606.8326573371887
rl4crn_rne_oscillator_trace_8rxn_stop_risksched085to09_lr1e4_entropy005_s4_c1_rnetol_d256_depth3_p20,seed272,272,758,75800,100,16,112.10093005455586,125.49582344615649,109.25364274390648,False,max_epochs,3611.7995750904083
rl4crn_rne_oscillator_trace_8rxn_stop_risksched085to09_lr1e4_entropy005_s4_c1_rnetol_d256_depth3_p20,seed272,272,759,75900,100,16,112.28866133604163,126.69328771060563,109.25364274390648,False,max_epochs,3616.7533659934998
rl4crn_rne_oscillator_trace_8rxn_stop_risksched085to09_lr1e4_entropy005_s4_c1_rnetol_d256_depth3_p20,seed272,272,760,76000,100,16,112.36482132070229,125.20059266566764,109.25364274390648,False,max_epochs,3618.825534582138
rl4crn_rne_oscillator_trace_8rxn_stop_risksched085to09_lr1e4_entropy005_s4_c1_rnetol_d256_depth3_p20,seed272,272,761,76100,100,16,110.84739534933664,125.87307019328031,109.25364274390648,False,max_epochs,3623.5725104808807
rl4crn_rne_oscillator_trace_8rxn_stop_risksched085to09_lr1e4_entropy005_s4_c1_rnetol_d256_depth3_p20,seed272,272,762,76200,100,16,112.68717869478539,137.89003728481526,109.25364274390648,False,max_epochs,3628.763690471649
rl4crn_rne_oscillator_trace_8rxn_stop_risksched085to09_lr1e4_entropy005_s4_c1_rnetol_d256_depth3_p20,seed272,272,763,76300,100,16,111.73886786405922,139.10518726268958,109.25364274390648,False,max_epochs,3633.8630146980286
rl4crn_rne_oscillator_trace_8rxn_stop_risksched085to09_lr1e4_entropy005_s4_c1_rnetol_d256_depth3_p20,seed272,272,764,76400,100,16,110.7769348067239,138.99984146866498,109.25364274390648,False,max_epochs,3638.8423154354095
rl4crn_rne_oscillator_trace_8rxn_stop_risksched085to09_lr1e4_entropy005_s4_c1_rnetol_d256_depth3_p20,seed272,272,765,76500,100,16,109.65443457411713,143.52092544226963,109.25364274390648,False,max_epochs,3643.8618128299713
rl4crn_rne_oscillator_trace_8rxn_stop_risksched085to09_lr1e4_entropy005_s4_c1_rnetol_d256_depth3_p20,seed272,272,766,76600,100,16,112.01231147935891,145.6635520907334,109.25364274390648,False,max_epochs,3646.096660375595
rl4crn_rne_oscillator_trace_8rxn_stop_risksched085to09_lr1e4_entropy005_s4_c1_rnetol_d256_depth3_p20,seed272,272,767,76700,100,16,113.97259824432477,148.57483620593362,109.25364274390648,False,max_epochs,3651.283061981201
rl4crn_rne_oscillator_trace_8rxn_stop_risksched085to09_lr1e4_entropy005_s4_c1_rnetol_d256_depth3_p20,seed272,272,768,76800,100,16,110.38047534809452,130.18895854752876,109.25364274390648,False,max_epochs,3656.727284193039
rl4crn_rne_oscillator_trace_8rxn_stop_risksched085to09_lr1e4_entropy005_s4_c1_rnetol_d256_depth3_p20,seed272,272,769,76900,100,16,113.22015604794997,131.7123990397945,109.25364274390648,False,max_epochs,3661.711108446121
rl4crn_rne_oscillator_trace_8rxn_stop_risksched085to09_lr1e4_entropy005_s4_c1_rnetol_d256_depth3_p20,seed272,272,770,77000,100,16,111.8455117769681,132.2125873190961,109.25364274390648,False,max_epochs,3667.1563980579376
rl4crn_rne_oscillator_trace_8rxn_stop_risksched085to09_lr1e4_entropy005_s4_c1_rnetol_d256_depth3_p20,seed272,272,771,77100,100,16,113.17347328124251,131.0088273707329,109.25364274390648,False,max_epochs,3672.449221134186
rl4crn_rne_oscillator_trace_8rxn_stop_risksched085to09_lr1e4_entropy005_s4_c1_rnetol_d256_depth3_p20,seed272,272,772,77200,100,16,112.26016113985919,135.00290856614083,109.25364274390648,False,max_epochs,3677.3767240047455
rl4crn_rne_oscillator_trace_8rxn_stop_risksched085to09_lr1e4_entropy005_s4_c1_rnetol_d256_depth3_p20,seed272,272,773,77300,100,16,112.76228942125725,129.8487710549117,109.25364274390648,False,max_epochs,3682.1027722358704
rl4crn_rne_oscillator_trace_8rxn_stop_risksched085to09_lr1e4_entropy005_s4_c1_rnetol_d256_depth3_p20,seed272,272,774,77400,100,16,113.46313718107682,133.43799061002443,109.25364274390648,False,max_epochs,3684.4961574077606
rl4crn_rne_oscillator_trace_8rxn_stop_risksched085to09_lr1e4_entropy005_s4_c1_rnetol_d256_depth3_p20,seed272,272,775,77500,100,16,110.66266785257868,127.00597306960785,109.25364274390648,False,max_epochs,3689.788902759552
rl4crn_rne_oscillator_trace_8rxn_stop_risksched085to09_lr1e4_entropy005_s4_c1_rnetol_d256_depth3_p20,seed272,272,776,77600,100,16,111.38228754482078,126.81799159353172,109.25364274390648,False,max_epochs,3695.065817117691
rl4crn_rne_oscillator_trace_8rxn_stop_risksched085to09_lr1e4_entropy005_s4_c1_rnetol_d256_depth3_p20,seed272,272,777,77700,100,16,113.68848125608058,127.64628808727451,109.25364274390648,False,max_epochs,3700.231487751007
rl4crn_rne_oscillator_trace_8rxn_stop_risksched085to09_lr1e4_entropy005_s4_c1_rnetol_d256_depth3_p20,seed272,272,778,77800,100,16,111.10067263485067,129.63757609692757,109.25364274390648,False,max_epochs,3705.4047684669495
rl4crn_rne_oscillator_trace_8rxn_stop_risksched085to09_lr1e4_entropy005_s4_c1_rnetol_d256_depth3_p20,seed272,272,779,77900,100,16,111.68384733108472,132.63721325123518,109.25364274390648,False,max_epochs,3710.4250547885895
rl4crn_rne_oscillator_trace_8rxn_stop_risksched085to09_lr1e4_entropy005_s4_c1_rnetol_d256_depth3_p20,seed272,272,780,78000,100,16,112.37930779143147,134.22854382631903,109.25364274390648,False,max_epochs,3715.440187215805
rl4crn_rne_oscillator_trace_8rxn_stop_risksched085to09_lr1e4_entropy005_s4_c1_rnetol_d256_depth3_p20,seed272,272,781,78100,100,16,111.33307057652456,134.69147084464126,109.25364274390648,False,max_epochs,3717.799065351486
rl4crn_rne_oscillator_trace_8rxn_stop_risksched085to09_lr1e4_entropy005_s4_c1_rnetol_d256_depth3_p20,seed272,272,782,78200,100,16,113.23765485350631,135.79641394608063,109.25364274390648,False,max_epochs,3722.5576910972595
rl4crn_rne_oscillator_trace_8rxn_stop_risksched085to09_lr1e4_entropy005_s4_c1_rnetol_d256_depth3_p20,seed272,272,783,78300,100,16,112.69001944273064,132.0830993446427,109.25364274390648,False,max_epochs,3728.2700531482697
rl4crn_rne_oscillator_trace_8rxn_stop_risksched085to09_lr1e4_entropy005_s4_c1_rnetol_d256_depth3_p20,seed272,272,784,78400,100,16,110.38352759750734,127.41550284535127,109.25364274390648,False,max_epochs,3733.5214879512787
rl4crn_rne_oscillator_trace_8rxn_stop_risksched085to09_lr1e4_entropy005_s4_c1_rnetol_d256_depth3_p20,seed272,272,785,78500,100,16,110.41860380693056,131.55719273490126,109.25364274390648,False,max_epochs,3738.7387170791626
rl4crn_rne_oscillator_trace_8rxn_stop_risksched085to09_lr1e4_entropy005_s4_c1_rnetol_d256_depth3_p20,seed272,272,786,78600,100,16,112.37549641431586,127.47545711145341,109.25364274390648,False,max_epochs,3744.259906768799
rl4crn_rne_oscillator_trace_8rxn_stop_risksched085to09_lr1e4_entropy005_s4_c1_rnetol_d256_depth3_p20,seed272,272,787,78700,100,16,111.78701363397171,124.92711283771355,109.25364274390648,False,max_epochs,3749.9734065532684
rl4crn_rne_oscillator_trace_8rxn_stop_risksched085to09_lr1e4_entropy005_s4_c1_rnetol_d256_depth3_p20,seed272,272,788,78800,100,16,112.55115420768828,128.61332971519278,109.25364274390648,False,max_epochs,3754.782193660736
rl4crn_rne_oscillator_trace_8rxn_stop_risksched085to09_lr1e4_entropy005_s4_c1_rnetol_d256_depth3_p20,seed272,272,789,78900,100,16,109.88731315021762,139.51341915793847,109.25364274390648,False,max_epochs,3759.9400084018707
rl4crn_rne_oscillator_trace_8rxn_stop_risksched085to09_lr1e4_entropy005_s4_c1_rnetol_d256_depth3_p20,seed272,272,790,79000,100,16,113.89074463630652,135.26369044240403,109.25364274390648,False,max_epochs,3762.157463788986
rl4crn_rne_oscillator_trace_8rxn_stop_risksched085to09_lr1e4_entropy005_s4_c1_rnetol_d256_depth3_p20,seed272,272,791,79100,100,16,111.52437342289407,129.86807796636185,109.25364274390648,False,max_epochs,3767.1718084812164
rl4crn_rne_oscillator_trace_8rxn_stop_risksched085to09_lr1e4_entropy005_s4_c1_rnetol_d256_depth3_p20,seed272,272,792,79200,100,16,112.46439874713658,127.46868032629746,109.25364274390648,False,max_epochs,3772.291984796524
rl4crn_rne_oscillator_trace_8rxn_stop_risksched085to09_lr1e4_entropy005_s4_c1_rnetol_d256_depth3_p20,seed272,272,793,79300,100,16,113.35178571736785,137.51491024182536,109.25364274390648,False,max_epochs,3777.7358639240265
rl4crn_rne_oscillator_trace_8rxn_stop_risksched085to09_lr1e4_entropy005_s4_c1_rnetol_d256_depth3_p20,seed272,272,794,79400,100,16,112.97526248965399,126.43289110314497,109.25364274390648,False,max_epochs,3783.04678606987
rl4crn_rne_oscillator_trace_8rxn_stop_risksched085to09_lr1e4_entropy005_s4_c1_rnetol_d256_depth3_p20,seed272,272,795,79500,100,16,113.40532541855185,132.8530333774159,109.25364274390648,False,max_epochs,3788.805797100067
rl4crn_rne_oscillator_trace_8rxn_stop_risksched085to09_lr1e4_entropy005_s4_c1_rnetol_d256_depth3_p20,seed272,272,796,79600,100,16,112.18469368648846,124.37728431237323,109.25364274390648,False,max_epochs,3794.07528591156
rl4crn_rne_oscillator_trace_8rxn_stop_risksched085to09_lr1e4_entropy005_s4_c1_rnetol_d256_depth3_p20,seed272,272,797,79700,100,16,111.17249693887638,129.72351301253346,109.25364274390648,False,max_epochs,3799.350825071335
rl4crn_rne_oscillator_trace_8rxn_stop_risksched085to09_lr1e4_entropy005_s4_c1_rnetol_d256_depth3_p20,seed272,272,798,79800,100,16,110.73172653923622,134.39998846634109,109.25364274390648,False,max_epochs,3804.223006248474
rl4crn_rne_oscillator_trace_8rxn_stop_risksched085to09_lr1e4_entropy005_s4_c1_rnetol_d256_depth3_p20,seed272,272,799,79900,100,16,112.52242883210016,127.49304602559442,109.25364274390648,False,max_epochs,3808.996139526367
rl4crn_rne_oscillator_trace_8rxn_stop_risksched085to09_lr1e4_entropy005_s4_c1_rnetol_d256_depth3_p20,seed272,272,800,80000,100,16,110.53795201648722,129.0867312461346,109.25364274390648,False,max_epochs,3811.2790751457214
rl4crn_rne_oscillator_trace_8rxn_stop_risksched085to09_lr1e4_entropy005_s4_c1_rnetol_d256_depth3_p20,seed272,272,801,80100,100,16,112.26113152339927,137.37434301736215,109.25364274390648,False,max_epochs,3816.381531238556
