method,run_id,seed,epoch,candidate_evaluations,batch_size,n_cpus,epoch_best_loss,epoch_median_loss,saved_best_loss,success,stop_reason,elapsed_seconds
rl4crn_rne_oscillator_trace_8rxn_stop_risksched085to09_lr1e4_entropy005_s4_c1_rnetol_d256_depth3_p20,seed367,367,1,100,100,16,124.20074036617702,131.2718635427127,124.20074036617702,False,max_epochs,9.586723804473877
rl4crn_rne_oscillator_trace_8rxn_stop_risksched085to09_lr1e4_entropy005_s4_c1_rnetol_d256_depth3_p20,seed367,367,2,200,100,16,120.93274323014056,129.99553025711649,120.93274323014056,False,max_epochs,14.057634115219116
rl4crn_rne_oscillator_trace_8rxn_stop_risksched085to09_lr1e4_entropy005_s4_c1_rnetol_d256_depth3_p20,seed367,367,3,300,100,16,122.6491692287168,130.11011551465356,120.93274323014056,False,max_epochs,19.539753198623657
rl4crn_rne_oscillator_trace_8rxn_stop_risksched085to09_lr1e4_entropy005_s4_c1_rnetol_d256_depth3_p20,seed367,367,4,400,100,16,123.0223941010898,129.85809295983137,120.93274323014056,False,max_epochs,25.009273290634155
rl4crn_rne_oscillator_trace_8rxn_stop_risksched085to09_lr1e4_entropy005_s4_c1_rnetol_d256_depth3_p20,seed367,367,5,500,100,16,123.76605356762582,131.13796909572352,120.93274323014056,False,max_epochs,30.550139665603638
rl4crn_rne_oscillator_trace_8rxn_stop_risksched085to09_lr1e4_entropy005_s4_c1_rnetol_d256_depth3_p20,seed367,367,6,600,100,16,123.92263215911348,130.2075739136339,120.93274323014056,False,max_epochs,35.90213108062744
rl4crn_rne_oscillator_trace_8rxn_stop_risksched085to09_lr1e4_entropy005_s4_c1_rnetol_d256_depth3_p20,seed367,367,7,700,100,16,124.1434200978608,130.37478692194708,120.93274323014056,False,max_epochs,41.450119495391846
rl4crn_rne_oscillator_trace_8rxn_stop_risksched085to09_lr1e4_entropy005_s4_c1_rnetol_d256_depth3_p20,seed367,367,8,800,100,16,124.24382577914545,130.38454234322498,120.93274323014056,False,max_epochs,46.53169107437134
rl4crn_rne_oscillator_trace_8rxn_stop_risksched085to09_lr1e4_entropy005_s4_c1_rnetol_d256_depth3_p20,seed367,367,9,900,100,16,122.2355757515951,131.07918190424476,120.93274323014056,False,max_epochs,50.126917600631714
rl4crn_rne_oscillator_trace_8rxn_stop_risksched085to09_lr1e4_entropy005_s4_c1_rnetol_d256_depth3_p20,seed367,367,10,1000,100,16,124.61705172837728,130.35808305478884,120.93274323014056,False,max_epochs,53.86866235733032
rl4crn_rne_oscillator_trace_8rxn_stop_risksched085to09_lr1e4_entropy005_s4_c1_rnetol_d256_depth3_p20,seed367,367,11,1100,100,16,123.51482071699698,131.47318722250841,120.93274323014056,False,max_epochs,59.27105927467346
rl4crn_rne_oscillator_trace_8rxn_stop_risksched085to09_lr1e4_entropy005_s4_c1_rnetol_d256_depth3_p20,seed367,367,12,1200,100,16,123.95575719785897,131.22602576530886,120.93274323014056,False,max_epochs,64.48753476142883
rl4crn_rne_oscillator_trace_8rxn_stop_risksched085to09_lr1e4_entropy005_s4_c1_rnetol_d256_depth3_p20,seed367,367,13,1300,100,16,124.51278362098114,130.2893249404517,120.93274323014056,False,max_epochs,69.52330279350281
rl4crn_rne_oscillator_trace_8rxn_stop_risksched085to09_lr1e4_entropy005_s4_c1_rnetol_d256_depth3_p20,seed367,367,14,1400,100,16,124.43774092921525,130.53853486655674,120.93274323014056,False,max_epochs,74.79991579055786
rl4crn_rne_oscillator_trace_8rxn_stop_risksched085to09_lr1e4_entropy005_s4_c1_rnetol_d256_depth3_p20,seed367,367,15,1500,100,16,123.83815380987127,129.42690526283093,120.93274323014056,False,max_epochs,77.17218255996704
rl4crn_rne_oscillator_trace_8rxn_stop_risksched085to09_lr1e4_entropy005_s4_c1_rnetol_d256_depth3_p20,seed367,367,16,1600,100,16,123.34887078725419,130.2934998356691,120.93274323014056,False,max_epochs,82.1959114074707
rl4crn_rne_oscillator_trace_8rxn_stop_risksched085to09_lr1e4_entropy005_s4_c1_rnetol_d256_depth3_p20,seed367,367,17,1700,100,16,123.15392906573024,128.52777126581447,120.93274323014056,False,max_epochs,87.58362913131714
rl4crn_rne_oscillator_trace_8rxn_stop_risksched085to09_lr1e4_entropy005_s4_c1_rnetol_d256_depth3_p20,seed367,367,18,1800,100,16,122.06277585745585,129.47937192358313,120.93274323014056,False,max_epochs,93.08288073539734
rl4crn_rne_oscillator_trace_8rxn_stop_risksched085to09_lr1e4_entropy005_s4_c1_rnetol_d256_depth3_p20,seed367,367,19,1900,100,16,123.9989591980223,129.7578918448043,120.93274323014056,False,max_epochs,98.72111749649048
rl4crn_rne_oscillator_trace_8rxn_stop_risksched085to09_lr1e4_entropy005_s4_c1_rnetol_d256_depth3_p20,seed367,367,20,2000,100,16,123.11527901057478,129.87910336856277,120.93274323014056,False,max_epochs,103.86168909072876
rl4crn_rne_oscillator_trace_8rxn_stop_risksched085to09_lr1e4_entropy005_s4_c1_rnetol_d256_depth3_p20,seed367,367,21,2100,100,16,123.30463575773103,128.31786185163645,120.93274323014056,False,max_epochs,109.1108717918396
rl4crn_rne_oscillator_trace_8rxn_stop_risksched085to09_lr1e4_entropy005_s4_c1_rnetol_d256_depth3_p20,seed367,367,22,2200,100,16,121.41080650480157,130.06692053487987,120.93274323014056,False,max_epochs,111.38387513160706
rl4crn_rne_oscillator_trace_8rxn_stop_risksched085to09_lr1e4_entropy005_s4_c1_rnetol_d256_depth3_p20,seed367,367,23,2300,100,16,122.03927068118068,127.56359449304068,120.93274323014056,False,max_epochs,116.40922141075134
rl4crn_rne_oscillator_trace_8rxn_stop_risksched085to09_lr1e4_entropy005_s4_c1_rnetol_d256_depth3_p20,seed367,367,24,2400,100,16,121.37743535916212,130.997217318202,120.93274323014056,False,max_epochs,121.17648506164551
rl4crn_rne_oscillator_trace_8rxn_stop_risksched085to09_lr1e4_entropy005_s4_c1_rnetol_d256_depth3_p20,seed367,367,25,2500,100,16,121.84617530727945,131.32591850275162,120.93274323014056,False,max_epochs,126.8365113735199
rl4crn_rne_oscillator_trace_8rxn_stop_risksched085to09_lr1e4_entropy005_s4_c1_rnetol_d256_depth3_p20,seed367,367,26,2600,100,16,122.16798469837367,133.4239281239221,120.93274323014056,False,max_epochs,132.5186426639557
rl4crn_rne_oscillator_trace_8rxn_stop_risksched085to09_lr1e4_entropy005_s4_c1_rnetol_d256_depth3_p20,seed367,367,27,2700,100,16,122.16189049973336,131.77183207079653,120.93274323014056,False,max_epochs,137.62312245368958
rl4crn_rne_oscillator_trace_8rxn_stop_risksched085to09_lr1e4_entropy005_s4_c1_rnetol_d256_depth3_p20,seed367,367,28,2800,100,16,122.15933340294457,131.840764917505,120.93274323014056,False,max_epochs,142.71736645698547
rl4crn_rne_oscillator_trace_8rxn_stop_risksched085to09_lr1e4_entropy005_s4_c1_rnetol_d256_depth3_p20,seed367,367,29,2900,100,16,122.36717729178778,129.94899324196157,120.93274323014056,False,max_epochs,145.10954546928406
rl4crn_rne_oscillator_trace_8rxn_stop_risksched085to09_lr1e4_entropy005_s4_c1_rnetol_d256_depth3_p20,seed367,367,30,3000,100,16,121.87103130473746,131.6699112260667,120.93274323014056,False,max_epochs,150.27484679222107
rl4crn_rne_oscillator_trace_8rxn_stop_risksched085to09_lr1e4_entropy005_s4_c1_rnetol_d256_depth3_p20,seed367,367,31,3100,100,16,122.74432390257282,132.5013511341505,120.93274323014056,False,max_epochs,155.2926585674286
rl4crn_rne_oscillator_trace_8rxn_stop_risksched085to09_lr1e4_entropy005_s4_c1_rnetol_d256_depth3_p20,seed367,367,32,3200,100,16,121.74275070126572,130.47981303057168,120.93274323014056,False,max_epochs,160.87809538841248
rl4crn_rne_oscillator_trace_8rxn_stop_risksched085to09_lr1e4_entropy005_s4_c1_rnetol_d256_depth3_p20,seed367,367,33,3300,100,16,122.2444336404037,132.04648297333335,120.93274323014056,False,max_epochs,165.88934421539307
rl4crn_rne_oscillator_trace_8rxn_stop_risksched085to09_lr1e4_entropy005_s4_c1_rnetol_d256_depth3_p20,seed367,367,34,3400,100,16,121.89489417526707,133.07476805155426,120.93274323014056,False,max_epochs,171.07054090499878
rl4crn_rne_oscillator_trace_8rxn_stop_risksched085to09_lr1e4_entropy005_s4_c1_rnetol_d256_depth3_p20,seed367,367,35,3500,100,16,121.5352001451752,130.06761114951817,120.93274323014056,False,max_epochs,173.5422821044922
rl4crn_rne_oscillator_trace_8rxn_stop_risksched085to09_lr1e4_entropy005_s4_c1_rnetol_d256_depth3_p20,seed367,367,36,3600,100,16,121.68834335201586,131.36098280517876,120.93274323014056,False,max_epochs,178.89110684394836
rl4crn_rne_oscillator_trace_8rxn_stop_risksched085to09_lr1e4_entropy005_s4_c1_rnetol_d256_depth3_p20,seed367,367,37,3700,100,16,121.40678414105751,128.94635542316115,120.93274323014056,False,max_epochs,184.02688097953796
rl4crn_rne_oscillator_trace_8rxn_stop_risksched085to09_lr1e4_entropy005_s4_c1_rnetol_d256_depth3_p20,seed367,367,38,3800,100,16,120.5093024112963,129.24718469364763,120.5093024112963,False,max_epochs,189.75630569458008
rl4crn_rne_oscillator_trace_8rxn_stop_risksched085to09_lr1e4_entropy005_s4_c1_rnetol_d256_depth3_p20,seed367,367,39,3900,100,16,120.5353701629729,131.17548188967612,120.5093024112963,False,max_epochs,195.7859001159668
rl4crn_rne_oscillator_trace_8rxn_stop_risksched085to09_lr1e4_entropy005_s4_c1_rnetol_d256_depth3_p20,seed367,367,40,4000,100,16,121.67466558301587,132.75940776449846,120.5093024112963,False,max_epochs,201.23077845573425
rl4crn_rne_oscillator_trace_8rxn_stop_risksched085to09_lr1e4_entropy005_s4_c1_rnetol_d256_depth3_p20,seed367,367,41,4100,100,16,120.90553940393445,129.06911263899616,120.5093024112963,False,max_epochs,206.2823781967163
rl4crn_rne_oscillator_trace_8rxn_stop_risksched085to09_lr1e4_entropy005_s4_c1_rnetol_d256_depth3_p20,seed367,367,42,4200,100,16,121.48283425791259,129.7897670389158,120.5093024112963,False,max_epochs,211.5067858695984
rl4crn_rne_oscillator_trace_8rxn_stop_risksched085to09_lr1e4_entropy005_s4_c1_rnetol_d256_depth3_p20,seed367,367,43,4300,100,16,121.145779721666,130.7545141443063,120.5093024112963,False,max_epochs,213.92957592010498
rl4crn_rne_oscillator_trace_8rxn_stop_risksched085to09_lr1e4_entropy005_s4_c1_rnetol_d256_depth3_p20,seed367,367,44,4400,100,16,120.74952214268356,128.4095009175775,120.5093024112963,False,max_epochs,218.26325702667236
rl4crn_rne_oscillator_trace_8rxn_stop_risksched085to09_lr1e4_entropy005_s4_c1_rnetol_d256_depth3_p20,seed367,367,45,4500,100,16,121.46774351794589,127.74840066130719,120.5093024112963,False,max_epochs,224.19788599014282
rl4crn_rne_oscillator_trace_8rxn_stop_risksched085to09_lr1e4_entropy005_s4_c1_rnetol_d256_depth3_p20,seed367,367,46,4600,100,16,120.82935157885744,128.80204671413338,120.5093024112963,False,max_epochs,229.69925236701965
rl4crn_rne_oscillator_trace_8rxn_stop_risksched085to09_lr1e4_entropy005_s4_c1_rnetol_d256_depth3_p20,seed367,367,47,4700,100,16,121.7078192367274,129.68032289115501,120.5093024112963,False,max_epochs,235.03343105316162
rl4crn_rne_oscillator_trace_8rxn_stop_risksched085to09_lr1e4_entropy005_s4_c1_rnetol_d256_depth3_p20,seed367,367,48,4800,100,16,121.1359790215299,126.88643930792523,120.5093024112963,False,max_epochs,240.4690043926239
rl4crn_rne_oscillator_trace_8rxn_stop_risksched085to09_lr1e4_entropy005_s4_c1_rnetol_d256_depth3_p20,seed367,367,49,4900,100,16,120.62093345272558,127.62875665070555,120.5093024112963,False,max_epochs,245.3022403717041
rl4crn_rne_oscillator_trace_8rxn_stop_risksched085to09_lr1e4_entropy005_s4_c1_rnetol_d256_depth3_p20,seed367,367,50,5000,100,16,121.15114142747291,127.6341210366136,120.5093024112963,False,max_epochs,248.54368805885315
rl4crn_rne_oscillator_trace_8rxn_stop_risksched085to09_lr1e4_entropy005_s4_c1_rnetol_d256_depth3_p20,seed367,367,51,5100,100,16,120.59243423873879,129.0860322467422,120.5093024112963,False,max_epochs,252.481271982193
rl4crn_rne_oscillator_trace_8rxn_stop_risksched085to09_lr1e4_entropy005_s4_c1_rnetol_d256_depth3_p20,seed367,367,52,5200,100,16,120.79939660103277,127.55038368256058,120.5093024112963,False,max_epochs,257.93688011169434
rl4crn_rne_oscillator_trace_8rxn_stop_risksched085to09_lr1e4_entropy005_s4_c1_rnetol_d256_depth3_p20,seed367,367,53,5300,100,16,121.64792041999624,126.97095178720846,120.5093024112963,False,max_epochs,263.8786497116089
rl4crn_rne_oscillator_trace_8rxn_stop_risksched085to09_lr1e4_entropy005_s4_c1_rnetol_d256_depth3_p20,seed367,367,54,5400,100,16,121.59895732863984,127.27479583052926,120.5093024112963,False,max_epochs,269.4274971485138
rl4crn_rne_oscillator_trace_8rxn_stop_risksched085to09_lr1e4_entropy005_s4_c1_rnetol_d256_depth3_p20,seed367,367,55,5500,100,16,121.35780542184611,127.0938781448371,120.5093024112963,False,max_epochs,275.45239782333374
rl4crn_rne_oscillator_trace_8rxn_stop_risksched085to09_lr1e4_entropy005_s4_c1_rnetol_d256_depth3_p20,seed367,367,56,5600,100,16,121.10346582491471,127.16975783904253,120.5093024112963,False,max_epochs,280.1443610191345
rl4crn_rne_oscillator_trace_8rxn_stop_risksched085to09_lr1e4_entropy005_s4_c1_rnetol_d256_depth3_p20,seed367,367,57,5700,100,16,121.05282874490409,129.33549279146,120.5093024112963,False,max_epochs,286.0634198188782
rl4crn_rne_oscillator_trace_8rxn_stop_risksched085to09_lr1e4_entropy005_s4_c1_rnetol_d256_depth3_p20,seed367,367,58,5800,100,16,122.48317769572594,129.9064609204643,120.5093024112963,False,max_epochs,291.25669860839844
rl4crn_rne_oscillator_trace_8rxn_stop_risksched085to09_lr1e4_entropy005_s4_c1_rnetol_d256_depth3_p20,seed367,367,59,5900,100,16,120.63370651679129,130.2932406005147,120.5093024112963,False,max_epochs,296.69240379333496
rl4crn_rne_oscillator_trace_8rxn_stop_risksched085to09_lr1e4_entropy005_s4_c1_rnetol_d256_depth3_p20,seed367,367,60,6000,100,16,120.12184011176602,129.66232357028707,120.12184011176602,False,max_epochs,301.7865524291992
rl4crn_rne_oscillator_trace_8rxn_stop_risksched085to09_lr1e4_entropy005_s4_c1_rnetol_d256_depth3_p20,seed367,367,61,6100,100,16,122.27656872491772,128.09217018000973,120.12184011176602,False,max_epochs,304.5040669441223
rl4crn_rne_oscillator_trace_8rxn_stop_risksched085to09_lr1e4_entropy005_s4_c1_rnetol_d256_depth3_p20,seed367,367,62,6200,100,16,121.53558749777113,127.07839128779358,120.12184011176602,False,max_epochs,309.53163146972656
rl4crn_rne_oscillator_trace_8rxn_stop_risksched085to09_lr1e4_entropy005_s4_c1_rnetol_d256_depth3_p20,seed367,367,63,6300,100,16,121.06349382362875,127.85483826934271,120.12184011176602,False,max_epochs,314.86113476753235
rl4crn_rne_oscillator_trace_8rxn_stop_risksched085to09_lr1e4_entropy005_s4_c1_rnetol_d256_depth3_p20,seed367,367,64,6400,100,16,120.17745541744864,126.04931542316682,120.12184011176602,False,max_epochs,320.39497423171997
rl4crn_rne_oscillator_trace_8rxn_stop_risksched085to09_lr1e4_entropy005_s4_c1_rnetol_d256_depth3_p20,seed367,367,65,6500,100,16,120.30653066658034,126.07023422415901,120.12184011176602,False,max_epochs,326.2704186439514
rl4crn_rne_oscillator_trace_8rxn_stop_risksched085to09_lr1e4_entropy005_s4_c1_rnetol_d256_depth3_p20,seed367,367,66,6600,100,16,120.36242306574837,126.79998028425884,120.12184011176602,False,max_epochs,331.70515871047974
rl4crn_rne_oscillator_trace_8rxn_stop_risksched085to09_lr1e4_entropy005_s4_c1_rnetol_d256_depth3_p20,seed367,367,67,6700,100,16,121.79411148629949,129.64105832922564,120.12184011176602,False,max_epochs,336.9760558605194
rl4crn_rne_oscillator_trace_8rxn_stop_risksched085to09_lr1e4_entropy005_s4_c1_rnetol_d256_depth3_p20,seed367,367,68,6800,100,16,122.18689649478095,129.8306389718295,120.12184011176602,False,max_epochs,342.29791164398193
rl4crn_rne_oscillator_trace_8rxn_stop_risksched085to09_lr1e4_entropy005_s4_c1_rnetol_d256_depth3_p20,seed367,367,69,6900,100,16,120.4541772778737,130.28770525731218,120.12184011176602,False,max_epochs,347.1286425590515
rl4crn_rne_oscillator_trace_8rxn_stop_risksched085to09_lr1e4_entropy005_s4_c1_rnetol_d256_depth3_p20,seed367,367,70,7000,100,16,120.86678053923167,129.59831784443534,120.12184011176602,False,max_epochs,352.409131526947
rl4crn_rne_oscillator_trace_8rxn_stop_risksched085to09_lr1e4_entropy005_s4_c1_rnetol_d256_depth3_p20,seed367,367,71,7100,100,16,120.87521967079955,126.3077002905751,120.12184011176602,False,max_epochs,354.77911591529846
rl4crn_rne_oscillator_trace_8rxn_stop_risksched085to09_lr1e4_entropy005_s4_c1_rnetol_d256_depth3_p20,seed367,367,72,7200,100,16,121.0402984396644,128.5706957422248,120.12184011176602,False,max_epochs,360.3531219959259
rl4crn_rne_oscillator_trace_8rxn_stop_risksched085to09_lr1e4_entropy005_s4_c1_rnetol_d256_depth3_p20,seed367,367,73,7300,100,16,121.6256493019306,125.88883698989994,120.12184011176602,False,max_epochs,366.1206693649292
rl4crn_rne_oscillator_trace_8rxn_stop_risksched085to09_lr1e4_entropy005_s4_c1_rnetol_d256_depth3_p20,seed367,367,74,7400,100,16,121.37954171278972,127.53357202495496,120.12184011176602,False,max_epochs,371.5014395713806
rl4crn_rne_oscillator_trace_8rxn_stop_risksched085to09_lr1e4_entropy005_s4_c1_rnetol_d256_depth3_p20,seed367,367,75,7500,100,16,120.62267667062106,130.22394083876395,120.12184011176602,False,max_epochs,377.10936188697815
rl4crn_rne_oscillator_trace_8rxn_stop_risksched085to09_lr1e4_entropy005_s4_c1_rnetol_d256_depth3_p20,seed367,367,76,7600,100,16,120.53565828372979,129.15029274575323,120.12184011176602,False,max_epochs,382.61889839172363
rl4crn_rne_oscillator_trace_8rxn_stop_risksched085to09_lr1e4_entropy005_s4_c1_rnetol_d256_depth3_p20,seed367,367,77,7700,100,16,120.03573861731132,129.94466479972988,120.03573861731132,False,max_epochs,387.58284282684326
rl4crn_rne_oscillator_trace_8rxn_stop_risksched085to09_lr1e4_entropy005_s4_c1_rnetol_d256_depth3_p20,seed367,367,78,7800,100,16,120.90604505936788,126.1305158577878,120.03573861731132,False,max_epochs,392.95549750328064
rl4crn_rne_oscillator_trace_8rxn_stop_risksched085to09_lr1e4_entropy005_s4_c1_rnetol_d256_depth3_p20,seed367,367,79,7900,100,16,120.7193746799161,126.46316265108936,120.03573861731132,False,max_epochs,395.8502995967865
rl4crn_rne_oscillator_trace_8rxn_stop_risksched085to09_lr1e4_entropy005_s4_c1_rnetol_d256_depth3_p20,seed367,367,80,8000,100,16,121.02514548950026,125.85787185984854,120.03573861731132,False,max_epochs,400.2835011482239
rl4crn_rne_oscillator_trace_8rxn_stop_risksched085to09_lr1e4_entropy005_s4_c1_rnetol_d256_depth3_p20,seed367,367,81,8100,100,16,119.9756744744236,125.8694131366524,119.9756744744236,False,max_epochs,405.18323969841003
rl4crn_rne_oscillator_trace_8rxn_stop_risksched085to09_lr1e4_entropy005_s4_c1_rnetol_d256_depth3_p20,seed367,367,82,8200,100,16,116.66144231010784,126.27039211894032,116.66144231010784,False,max_epochs,410.13233494758606
rl4crn_rne_oscillator_trace_8rxn_stop_risksched085to09_lr1e4_entropy005_s4_c1_rnetol_d256_depth3_p20,seed367,367,83,8300,100,16,121.03676621992875,130.891669867243,116.66144231010784,False,max_epochs,415.1452341079712
rl4crn_rne_oscillator_trace_8rxn_stop_risksched085to09_lr1e4_entropy005_s4_c1_rnetol_d256_depth3_p20,seed367,367,84,8400,100,16,121.52602989534685,130.34854859518373,116.66144231010784,False,max_epochs,417.6342775821686
rl4crn_rne_oscillator_trace_8rxn_stop_risksched085to09_lr1e4_entropy005_s4_c1_rnetol_d256_depth3_p20,seed367,367,85,8500,100,16,121.93039838684726,130.57803830398402,116.66144231010784,False,max_epochs,423.1139886379242
rl4crn_rne_oscillator_trace_8rxn_stop_risksched085to09_lr1e4_entropy005_s4_c1_rnetol_d256_depth3_p20,seed367,367,86,8600,100,16,121.14551138082986,130.6144058568162,116.66144231010784,False,max_epochs,428.6226625442505
rl4crn_rne_oscillator_trace_8rxn_stop_risksched085to09_lr1e4_entropy005_s4_c1_rnetol_d256_depth3_p20,seed367,367,87,8700,100,16,121.08638669282932,130.1337861175338,116.66144231010784,False,max_epochs,434.68446111679077
rl4crn_rne_oscillator_trace_8rxn_stop_risksched085to09_lr1e4_entropy005_s4_c1_rnetol_d256_depth3_p20,seed367,367,88,8800,100,16,120.35834347813376,129.3096417354484,116.66144231010784,False,max_epochs,439.55321764945984
rl4crn_rne_oscillator_trace_8rxn_stop_risksched085to09_lr1e4_entropy005_s4_c1_rnetol_d256_depth3_p20,seed367,367,89,8900,100,16,122.55229164156106,128.14250700786704,116.66144231010784,False,max_epochs,444.54401898384094
rl4crn_rne_oscillator_trace_8rxn_stop_risksched085to09_lr1e4_entropy005_s4_c1_rnetol_d256_depth3_p20,seed367,367,90,9000,100,16,121.0955165457609,126.85113488961909,116.66144231010784,False,max_epochs,449.69126439094543
rl4crn_rne_oscillator_trace_8rxn_stop_risksched085to09_lr1e4_entropy005_s4_c1_rnetol_d256_depth3_p20,seed367,367,91,9100,100,16,120.67028444618391,129.18855232221483,116.66144231010784,False,max_epochs,454.56550765037537
rl4crn_rne_oscillator_trace_8rxn_stop_risksched085to09_lr1e4_entropy005_s4_c1_rnetol_d256_depth3_p20,seed367,367,92,9200,100,16,121.68237907665804,131.71582462528573,116.66144231010784,False,max_epochs,457.0136716365814
rl4crn_rne_oscillator_trace_8rxn_stop_risksched085to09_lr1e4_entropy005_s4_c1_rnetol_d256_depth3_p20,seed367,367,93,9300,100,16,120.80900657998292,129.67828968663167,116.66144231010784,False,max_epochs,462.1224014759064
rl4crn_rne_oscillator_trace_8rxn_stop_risksched085to09_lr1e4_entropy005_s4_c1_rnetol_d256_depth3_p20,seed367,367,94,9400,100,16,121.12066951740931,130.29528375914333,116.66144231010784,False,max_epochs,467.2921030521393
rl4crn_rne_oscillator_trace_8rxn_stop_risksched085to09_lr1e4_entropy005_s4_c1_rnetol_d256_depth3_p20,seed367,367,95,9500,100,16,120.33236295942389,128.88702533185392,116.66144231010784,False,max_epochs,472.71872115135193
rl4crn_rne_oscillator_trace_8rxn_stop_risksched085to09_lr1e4_entropy005_s4_c1_rnetol_d256_depth3_p20,seed367,367,96,9600,100,16,120.42012881838104,128.76893327170393,116.66144231010784,False,max_epochs,478.4352035522461
rl4crn_rne_oscillator_trace_8rxn_stop_risksched085to09_lr1e4_entropy005_s4_c1_rnetol_d256_depth3_p20,seed367,367,97,9700,100,16,121.99400421976988,129.2237990730963,116.66144231010784,False,max_epochs,484.22364020347595
rl4crn_rne_oscillator_trace_8rxn_stop_risksched085to09_lr1e4_entropy005_s4_c1_rnetol_d256_depth3_p20,seed367,367,98,9800,100,16,120.98975787963937,129.04432478391385,116.66144231010784,False,max_epochs,489.32645201683044
rl4crn_rne_oscillator_trace_8rxn_stop_risksched085to09_lr1e4_entropy005_s4_c1_rnetol_d256_depth3_p20,seed367,367,99,9900,100,16,120.59617703417496,126.70094058334776,116.66144231010784,False,max_epochs,494.2797133922577
rl4crn_rne_oscillator_trace_8rxn_stop_risksched085to09_lr1e4_entropy005_s4_c1_rnetol_d256_depth3_p20,seed367,367,100,10000,100,16,122.00635547100019,127.74309528942453,116.66144231010784,False,max_epochs,496.6209604740143
rl4crn_rne_oscillator_trace_8rxn_stop_risksched085to09_lr1e4_entropy005_s4_c1_rnetol_d256_depth3_p20,seed367,367,101,10100,100,16,121.13719858367605,126.73436200360612,116.66144231010784,False,max_epochs,501.6951787471771
rl4crn_rne_oscillator_trace_8rxn_stop_risksched085to09_lr1e4_entropy005_s4_c1_rnetol_d256_depth3_p20,seed367,367,102,10200,100,16,120.15544082225797,126.01171374081,116.66144231010784,False,max_epochs,507.53123688697815
rl4crn_rne_oscillator_trace_8rxn_stop_risksched085to09_lr1e4_entropy005_s4_c1_rnetol_d256_depth3_p20,seed367,367,103,10300,100,16,120.69924779311164,126.03983859705187,116.66144231010784,False,max_epochs,513.0638718605042
rl4crn_rne_oscillator_trace_8rxn_stop_risksched085to09_lr1e4_entropy005_s4_c1_rnetol_d256_depth3_p20,seed367,367,104,10400,100,16,120.88484810546944,126.1994968576812,116.66144231010784,False,max_epochs,518.3624739646912
rl4crn_rne_oscillator_trace_8rxn_stop_risksched085to09_lr1e4_entropy005_s4_c1_rnetol_d256_depth3_p20,seed367,367,105,10500,100,16,121.92911003251223,126.53114468778344,116.66144231010784,False,max_epochs,523.2925496101379
rl4crn_rne_oscillator_trace_8rxn_stop_risksched085to09_lr1e4_entropy005_s4_c1_rnetol_d256_depth3_p20,seed367,367,106,10600,100,16,120.99838866273326,127.37718211969786,116.66144231010784,False,max_epochs,528.0271406173706
rl4crn_rne_oscillator_trace_8rxn_stop_risksched085to09_lr1e4_entropy005_s4_c1_rnetol_d256_depth3_p20,seed367,367,107,10700,100,16,121.14103183334674,126.32689494172064,116.66144231010784,False,max_epochs,530.4981319904327
rl4crn_rne_oscillator_trace_8rxn_stop_risksched085to09_lr1e4_entropy005_s4_c1_rnetol_d256_depth3_p20,seed367,367,108,10800,100,16,121.36998234890433,126.86167498050187,116.66144231010784,False,max_epochs,535.4965982437134
rl4crn_rne_oscillator_trace_8rxn_stop_risksched085to09_lr1e4_entropy005_s4_c1_rnetol_d256_depth3_p20,seed367,367,109,10900,100,16,120.67414067766606,125.52599955388166,116.66144231010784,False,max_epochs,541.0099408626556
rl4crn_rne_oscillator_trace_8rxn_stop_risksched085to09_lr1e4_entropy005_s4_c1_rnetol_d256_depth3_p20,seed367,367,110,11000,100,16,121.36604987272354,126.9274008470797,116.66144231010784,False,max_epochs,546.784140586853
rl4crn_rne_oscillator_trace_8rxn_stop_risksched085to09_lr1e4_entropy005_s4_c1_rnetol_d256_depth3_p20,seed367,367,111,11100,100,16,120.35271372594116,126.5123400244428,116.66144231010784,False,max_epochs,552.4625914096832
rl4crn_rne_oscillator_trace_8rxn_stop_risksched085to09_lr1e4_entropy005_s4_c1_rnetol_d256_depth3_p20,seed367,367,112,11200,100,16,120.63829307567677,126.74254670251995,116.66144231010784,False,max_epochs,557.8139629364014
rl4crn_rne_oscillator_trace_8rxn_stop_risksched085to09_lr1e4_entropy005_s4_c1_rnetol_d256_depth3_p20,seed367,367,113,11300,100,16,120.73452075372522,126.4815107091903,116.66144231010784,False,max_epochs,562.4922392368317
rl4crn_rne_oscillator_trace_8rxn_stop_risksched085to09_lr1e4_entropy005_s4_c1_rnetol_d256_depth3_p20,seed367,367,114,11400,100,16,119.88120185885441,125.54197831169805,116.66144231010784,False,max_epochs,567.6857182979584
rl4crn_rne_oscillator_trace_8rxn_stop_risksched085to09_lr1e4_entropy005_s4_c1_rnetol_d256_depth3_p20,seed367,367,115,11500,100,16,120.70109942603166,126.37674079207923,116.66144231010784,False,max_epochs,571.6087305545807
rl4crn_rne_oscillator_trace_8rxn_stop_risksched085to09_lr1e4_entropy005_s4_c1_rnetol_d256_depth3_p20,seed367,367,116,11600,100,16,120.56880571845193,126.56517343870837,116.66144231010784,False,max_epochs,574.6790699958801
rl4crn_rne_oscillator_trace_8rxn_stop_risksched085to09_lr1e4_entropy005_s4_c1_rnetol_d256_depth3_p20,seed367,367,117,11700,100,16,120.47834472337327,127.04105578303619,116.66144231010784,False,max_epochs,580.2213654518127
rl4crn_rne_oscillator_trace_8rxn_stop_risksched085to09_lr1e4_entropy005_s4_c1_rnetol_d256_depth3_p20,seed367,367,118,11800,100,16,121.31628961999124,128.05645446712035,116.66144231010784,False,max_epochs,585.7864062786102
rl4crn_rne_oscillator_trace_8rxn_stop_risksched085to09_lr1e4_entropy005_s4_c1_rnetol_d256_depth3_p20,seed367,367,119,11900,100,16,121.21870277031401,125.69348306077865,116.66144231010784,False,max_epochs,591.0812492370605
rl4crn_rne_oscillator_trace_8rxn_stop_risksched085to09_lr1e4_entropy005_s4_c1_rnetol_d256_depth3_p20,seed367,367,120,12000,100,16,120.34998314137475,125.5246101736878,116.66144231010784,False,max_epochs,596.8610599040985
rl4crn_rne_oscillator_trace_8rxn_stop_risksched085to09_lr1e4_entropy005_s4_c1_rnetol_d256_depth3_p20,seed367,367,121,12100,100,16,118.67242991464012,125.88547681522162,116.66144231010784,False,max_epochs,602.3550825119019
rl4crn_rne_oscillator_trace_8rxn_stop_risksched085to09_lr1e4_entropy005_s4_c1_rnetol_d256_depth3_p20,seed367,367,122,12200,100,16,121.72013831130835,126.4360861289204,116.66144231010784,False,max_epochs,607.7827181816101
rl4crn_rne_oscillator_trace_8rxn_stop_risksched085to09_lr1e4_entropy005_s4_c1_rnetol_d256_depth3_p20,seed367,367,123,12300,100,16,122.34495086016582,126.84157934185198,116.66144231010784,False,max_epochs,613.1495940685272
rl4crn_rne_oscillator_trace_8rxn_stop_risksched085to09_lr1e4_entropy005_s4_c1_rnetol_d256_depth3_p20,seed367,367,124,12400,100,16,121.64158239451865,127.62369889660411,116.66144231010784,False,max_epochs,618.2851264476776
rl4crn_rne_oscillator_trace_8rxn_stop_risksched085to09_lr1e4_entropy005_s4_c1_rnetol_d256_depth3_p20,seed367,367,125,12500,100,16,120.17802291268296,126.92656718156107,116.66144231010784,False,max_epochs,621.9910378456116
rl4crn_rne_oscillator_trace_8rxn_stop_risksched085to09_lr1e4_entropy005_s4_c1_rnetol_d256_depth3_p20,seed367,367,126,12600,100,16,120.92044774652334,125.93570509463433,116.66144231010784,False,max_epochs,625.4840791225433
rl4crn_rne_oscillator_trace_8rxn_stop_risksched085to09_lr1e4_entropy005_s4_c1_rnetol_d256_depth3_p20,seed367,367,127,12700,100,16,120.56057419588291,125.53058316404841,116.66144231010784,False,max_epochs,630.905161857605
rl4crn_rne_oscillator_trace_8rxn_stop_risksched085to09_lr1e4_entropy005_s4_c1_rnetol_d256_depth3_p20,seed367,367,128,12800,100,16,120.44765183517578,125.76463404120742,116.66144231010784,False,max_epochs,636.9369921684265
rl4crn_rne_oscillator_trace_8rxn_stop_risksched085to09_lr1e4_entropy005_s4_c1_rnetol_d256_depth3_p20,seed367,367,129,12900,100,16,120.4644603715572,125.92063954795489,116.66144231010784,False,max_epochs,642.326516866684
rl4crn_rne_oscillator_trace_8rxn_stop_risksched085to09_lr1e4_entropy005_s4_c1_rnetol_d256_depth3_p20,seed367,367,130,13000,100,16,120.08551951945091,125.94551429331368,116.66144231010784,False,max_epochs,647.9949080944061
rl4crn_rne_oscillator_trace_8rxn_stop_risksched085to09_lr1e4_entropy005_s4_c1_rnetol_d256_depth3_p20,seed367,367,131,13100,100,16,120.709472692526,127.9189919129462,116.66144231010784,False,max_epochs,653.2059192657471
rl4crn_rne_oscillator_trace_8rxn_stop_risksched085to09_lr1e4_entropy005_s4_c1_rnetol_d256_depth3_p20,seed367,367,132,13200,100,16,120.26219209013301,126.20764787014187,116.66144231010784,False,max_epochs,658.1210985183716
rl4crn_rne_oscillator_trace_8rxn_stop_risksched085to09_lr1e4_entropy005_s4_c1_rnetol_d256_depth3_p20,seed367,367,133,13300,100,16,118.63795990353847,126.51871383065426,116.66144231010784,False,max_epochs,663.3334801197052
rl4crn_rne_oscillator_trace_8rxn_stop_risksched085to09_lr1e4_entropy005_s4_c1_rnetol_d256_depth3_p20,seed367,367,134,13400,100,16,121.20924350830278,125.53637790155608,116.66144231010784,False,max_epochs,668.3575088977814
rl4crn_rne_oscillator_trace_8rxn_stop_risksched085to09_lr1e4_entropy005_s4_c1_rnetol_d256_depth3_p20,seed367,367,135,13500,100,16,120.53728701387803,125.3534429772699,116.66144231010784,False,max_epochs,671.1259446144104
rl4crn_rne_oscillator_trace_8rxn_stop_risksched085to09_lr1e4_entropy005_s4_c1_rnetol_d256_depth3_p20,seed367,367,136,13600,100,16,120.63434337983642,125.57755076386336,116.66144231010784,False,max_epochs,676.4261798858643
rl4crn_rne_oscillator_trace_8rxn_stop_risksched085to09_lr1e4_entropy005_s4_c1_rnetol_d256_depth3_p20,seed367,367,137,13700,100,16,120.09420078099441,125.65208934737132,116.66144231010784,False,max_epochs,681.6540253162384
rl4crn_rne_oscillator_trace_8rxn_stop_risksched085to09_lr1e4_entropy005_s4_c1_rnetol_d256_depth3_p20,seed367,367,138,13800,100,16,119.10547904866584,126.70204893536548,116.66144231010784,False,max_epochs,686.6543591022491
rl4crn_rne_oscillator_trace_8rxn_stop_risksched085to09_lr1e4_entropy005_s4_c1_rnetol_d256_depth3_p20,seed367,367,139,13900,100,16,119.60800356120416,126.90369378785907,116.66144231010784,False,max_epochs,692.0905697345734
rl4crn_rne_oscillator_trace_8rxn_stop_risksched085to09_lr1e4_entropy005_s4_c1_rnetol_d256_depth3_p20,seed367,367,140,14000,100,16,121.87568714834202,129.10548557513596,116.66144231010784,False,max_epochs,697.3554594516754
rl4crn_rne_oscillator_trace_8rxn_stop_risksched085to09_lr1e4_entropy005_s4_c1_rnetol_d256_depth3_p20,seed367,367,141,14100,100,16,119.81445197541535,126.26276840950845,116.66144231010784,False,max_epochs,702.1593585014343
rl4crn_rne_oscillator_trace_8rxn_stop_risksched085to09_lr1e4_entropy005_s4_c1_rnetol_d256_depth3_p20,seed367,367,142,14200,100,16,120.17750230886546,126.60987190304743,116.66144231010784,False,max_epochs,705.1192445755005
rl4crn_rne_oscillator_trace_8rxn_stop_risksched085to09_lr1e4_entropy005_s4_c1_rnetol_d256_depth3_p20,seed367,367,143,14300,100,16,117.89706451207005,126.44676345854899,116.66144231010784,False,max_epochs,709.9871335029602
rl4crn_rne_oscillator_trace_8rxn_stop_risksched085to09_lr1e4_entropy005_s4_c1_rnetol_d256_depth3_p20,seed367,367,144,14400,100,16,120.69025794112831,125.70585647360144,116.66144231010784,False,max_epochs,715.3460538387299
rl4crn_rne_oscillator_trace_8rxn_stop_risksched085to09_lr1e4_entropy005_s4_c1_rnetol_d256_depth3_p20,seed367,367,145,14500,100,16,118.93077982725063,125.60667992971781,116.66144231010784,False,max_epochs,720.6607043743134
rl4crn_rne_oscillator_trace_8rxn_stop_risksched085to09_lr1e4_entropy005_s4_c1_rnetol_d256_depth3_p20,seed367,367,146,14600,100,16,120.49575290992507,127.81398228101763,116.66144231010784,False,max_epochs,726.0523788928986
rl4crn_rne_oscillator_trace_8rxn_stop_risksched085to09_lr1e4_entropy005_s4_c1_rnetol_d256_depth3_p20,seed367,367,147,14700,100,16,120.40379173474918,126.61349071713128,116.66144231010784,False,max_epochs,731.2393815517426
rl4crn_rne_oscillator_trace_8rxn_stop_risksched085to09_lr1e4_entropy005_s4_c1_rnetol_d256_depth3_p20,seed367,367,148,14800,100,16,120.78046394951613,126.08674787460939,116.66144231010784,False,max_epochs,736.245977640152
rl4crn_rne_oscillator_trace_8rxn_stop_risksched085to09_lr1e4_entropy005_s4_c1_rnetol_d256_depth3_p20,seed367,367,149,14900,100,16,121.69640719118975,125.90653775741237,116.66144231010784,False,max_epochs,739.0791432857513
rl4crn_rne_oscillator_trace_8rxn_stop_risksched085to09_lr1e4_entropy005_s4_c1_rnetol_d256_depth3_p20,seed367,367,150,15000,100,16,120.82516453304358,125.38234153991876,116.66144231010784,False,max_epochs,743.9091272354126
rl4crn_rne_oscillator_trace_8rxn_stop_risksched085to09_lr1e4_entropy005_s4_c1_rnetol_d256_depth3_p20,seed367,367,151,15100,100,16,120.79268973855804,125.44492864389667,116.66144231010784,False,max_epochs,748.7666568756104
rl4crn_rne_oscillator_trace_8rxn_stop_risksched085to09_lr1e4_entropy005_s4_c1_rnetol_d256_depth3_p20,seed367,367,152,15200,100,16,121.27100560405844,126.28165410142319,116.66144231010784,False,max_epochs,754.3375792503357
rl4crn_rne_oscillator_trace_8rxn_stop_risksched085to09_lr1e4_entropy005_s4_c1_rnetol_d256_depth3_p20,seed367,367,153,15300,100,16,119.71314236683315,125.94616362034034,116.66144231010784,False,max_epochs,760.1094965934753
rl4crn_rne_oscillator_trace_8rxn_stop_risksched085to09_lr1e4_entropy005_s4_c1_rnetol_d256_depth3_p20,seed367,367,154,15400,100,16,120.82676136910322,126.19762894678207,116.66144231010784,False,max_epochs,765.203705072403
rl4crn_rne_oscillator_trace_8rxn_stop_risksched085to09_lr1e4_entropy005_s4_c1_rnetol_d256_depth3_p20,seed367,367,155,15500,100,16,120.55237427042276,125.67339643117418,116.66144231010784,False,max_epochs,769.7115914821625
rl4crn_rne_oscillator_trace_8rxn_stop_risksched085to09_lr1e4_entropy005_s4_c1_rnetol_d256_depth3_p20,seed367,367,156,15600,100,16,120.97045695445009,126.02076530679983,116.66144231010784,False,max_epochs,772.4227786064148
rl4crn_rne_oscillator_trace_8rxn_stop_risksched085to09_lr1e4_entropy005_s4_c1_rnetol_d256_depth3_p20,seed367,367,157,15700,100,16,119.63928404175519,125.48501205804553,116.66144231010784,False,max_epochs,777.6432781219482
rl4crn_rne_oscillator_trace_8rxn_stop_risksched085to09_lr1e4_entropy005_s4_c1_rnetol_d256_depth3_p20,seed367,367,158,15800,100,16,120.74766656393246,125.43123830263387,116.66144231010784,False,max_epochs,783.1615233421326
rl4crn_rne_oscillator_trace_8rxn_stop_risksched085to09_lr1e4_entropy005_s4_c1_rnetol_d256_depth3_p20,seed367,367,159,15900,100,16,120.03992998237743,125.77700235456916,116.66144231010784,False,max_epochs,788.7503192424774
rl4crn_rne_oscillator_trace_8rxn_stop_risksched085to09_lr1e4_entropy005_s4_c1_rnetol_d256_depth3_p20,seed367,367,160,16000,100,16,120.99663431891413,126.51405571958725,116.66144231010784,False,max_epochs,794.1276078224182
rl4crn_rne_oscillator_trace_8rxn_stop_risksched085to09_lr1e4_entropy005_s4_c1_rnetol_d256_depth3_p20,seed367,367,161,16100,100,16,120.80974136091191,127.14974746021254,116.66144231010784,False,max_epochs,800.3564124107361
rl4crn_rne_oscillator_trace_8rxn_stop_risksched085to09_lr1e4_entropy005_s4_c1_rnetol_d256_depth3_p20,seed367,367,162,16200,100,16,119.8552905136516,128.5241921504977,116.66144231010784,False,max_epochs,805.6884577274323
rl4crn_rne_oscillator_trace_8rxn_stop_risksched085to09_lr1e4_entropy005_s4_c1_rnetol_d256_depth3_p20,seed367,367,163,16300,100,16,120.44726253289342,125.72461310614389,116.66144231010784,False,max_epochs,810.9384453296661
rl4crn_rne_oscillator_trace_8rxn_stop_risksched085to09_lr1e4_entropy005_s4_c1_rnetol_d256_depth3_p20,seed367,367,164,16400,100,16,120.42964370851227,125.32649152634448,116.66144231010784,False,max_epochs,816.013435125351
rl4crn_rne_oscillator_trace_8rxn_stop_risksched085to09_lr1e4_entropy005_s4_c1_rnetol_d256_depth3_p20,seed367,367,165,16500,100,16,120.35995693260007,125.22484638442745,116.66144231010784,False,max_epochs,821.0357904434204
rl4crn_rne_oscillator_trace_8rxn_stop_risksched085to09_lr1e4_entropy005_s4_c1_rnetol_d256_depth3_p20,seed367,367,166,16600,100,16,120.19107727409042,125.72860136098434,116.66144231010784,False,max_epochs,823.8514099121094
rl4crn_rne_oscillator_trace_8rxn_stop_risksched085to09_lr1e4_entropy005_s4_c1_rnetol_d256_depth3_p20,seed367,367,167,16700,100,16,120.70600648305295,127.14242856854517,116.66144231010784,False,max_epochs,828.8641064167023
rl4crn_rne_oscillator_trace_8rxn_stop_risksched085to09_lr1e4_entropy005_s4_c1_rnetol_d256_depth3_p20,seed367,367,168,16800,100,16,120.22100597796046,126.61993271915382,116.66144231010784,False,max_epochs,834.4490723609924
rl4crn_rne_oscillator_trace_8rxn_stop_risksched085to09_lr1e4_entropy005_s4_c1_rnetol_d256_depth3_p20,seed367,367,169,16900,100,16,120.66193772304311,128.79847881030196,116.66144231010784,False,max_epochs,840.0752642154694
rl4crn_rne_oscillator_trace_8rxn_stop_risksched085to09_lr1e4_entropy005_s4_c1_rnetol_d256_depth3_p20,seed367,367,170,17000,100,16,120.15410219785461,125.29652075531878,116.66144231010784,False,max_epochs,845.3648223876953
rl4crn_rne_oscillator_trace_8rxn_stop_risksched085to09_lr1e4_entropy005_s4_c1_rnetol_d256_depth3_p20,seed367,367,171,17100,100,16,120.47476562670963,125.36315315208046,116.66144231010784,False,max_epochs,851.1385073661804
rl4crn_rne_oscillator_trace_8rxn_stop_risksched085to09_lr1e4_entropy005_s4_c1_rnetol_d256_depth3_p20,seed367,367,172,17200,100,16,120.66918757286136,125.08197968833656,116.66144231010784,False,max_epochs,856.550901889801
rl4crn_rne_oscillator_trace_8rxn_stop_risksched085to09_lr1e4_entropy005_s4_c1_rnetol_d256_depth3_p20,seed367,367,173,17300,100,16,120.9525464204522,125.31122663121866,116.66144231010784,False,max_epochs,862.062376499176
rl4crn_rne_oscillator_trace_8rxn_stop_risksched085to09_lr1e4_entropy005_s4_c1_rnetol_d256_depth3_p20,seed367,367,174,17400,100,16,120.24814972656985,125.77220854031557,116.66144231010784,False,max_epochs,867.7878818511963
rl4crn_rne_oscillator_trace_8rxn_stop_risksched085to09_lr1e4_entropy005_s4_c1_rnetol_d256_depth3_p20,seed367,367,175,17500,100,16,120.20591617965134,126.787105491728,116.66144231010784,False,max_epochs,873.4985024929047
rl4crn_rne_oscillator_trace_8rxn_stop_risksched085to09_lr1e4_entropy005_s4_c1_rnetol_d256_depth3_p20,seed367,367,176,17600,100,16,119.49921120038343,127.89843565830458,116.66144231010784,False,max_epochs,878.8850111961365
rl4crn_rne_oscillator_trace_8rxn_stop_risksched085to09_lr1e4_entropy005_s4_c1_rnetol_d256_depth3_p20,seed367,367,177,17700,100,16,121.09682252436534,125.95543776547896,116.66144231010784,False,max_epochs,884.357263803482
rl4crn_rne_oscillator_trace_8rxn_stop_risksched085to09_lr1e4_entropy005_s4_c1_rnetol_d256_depth3_p20,seed367,367,178,17800,100,16,120.99828760640668,128.25289822080066,116.66144231010784,False,max_epochs,889.9247393608093
rl4crn_rne_oscillator_trace_8rxn_stop_risksched085to09_lr1e4_entropy005_s4_c1_rnetol_d256_depth3_p20,seed367,367,179,17900,100,16,119.96027149177891,126.09026652093527,116.66144231010784,False,max_epochs,896.0252954959869
rl4crn_rne_oscillator_trace_8rxn_stop_risksched085to09_lr1e4_entropy005_s4_c1_rnetol_d256_depth3_p20,seed367,367,180,18000,100,16,120.30349989720968,125.80876383892236,116.66144231010784,False,max_epochs,901.298347234726
rl4crn_rne_oscillator_trace_8rxn_stop_risksched085to09_lr1e4_entropy005_s4_c1_rnetol_d256_depth3_p20,seed367,367,181,18100,100,16,120.07543749750684,126.96547663858301,116.66144231010784,False,max_epochs,906.1749930381775
rl4crn_rne_oscillator_trace_8rxn_stop_risksched085to09_lr1e4_entropy005_s4_c1_rnetol_d256_depth3_p20,seed367,367,182,18200,100,16,119.77889120740485,125.54705427394478,116.66144231010784,False,max_epochs,911.5256395339966
rl4crn_rne_oscillator_trace_8rxn_stop_risksched085to09_lr1e4_entropy005_s4_c1_rnetol_d256_depth3_p20,seed367,367,183,18300,100,16,121.01955603363186,126.01669428808434,116.66144231010784,False,max_epochs,917.0037364959717
rl4crn_rne_oscillator_trace_8rxn_stop_risksched085to09_lr1e4_entropy005_s4_c1_rnetol_d256_depth3_p20,seed367,367,184,18400,100,16,120.32728616253932,125.3767163209128,116.66144231010784,False,max_epochs,921.9922540187836
rl4crn_rne_oscillator_trace_8rxn_stop_risksched085to09_lr1e4_entropy005_s4_c1_rnetol_d256_depth3_p20,seed367,367,185,18500,100,16,120.4458349273523,125.26358160920702,116.66144231010784,False,max_epochs,924.7708783149719
rl4crn_rne_oscillator_trace_8rxn_stop_risksched085to09_lr1e4_entropy005_s4_c1_rnetol_d256_depth3_p20,seed367,367,186,18600,100,16,119.9921849631016,125.3668007528575,116.66144231010784,False,max_epochs,929.7533354759216
rl4crn_rne_oscillator_trace_8rxn_stop_risksched085to09_lr1e4_entropy005_s4_c1_rnetol_d256_depth3_p20,seed367,367,187,18700,100,16,120.99591580586335,127.17220546489048,116.66144231010784,False,max_epochs,935.0622975826263
rl4crn_rne_oscillator_trace_8rxn_stop_risksched085to09_lr1e4_entropy005_s4_c1_rnetol_d256_depth3_p20,seed367,367,188,18800,100,16,120.7761378412387,127.11587280956684,116.66144231010784,False,max_epochs,940.538330078125
rl4crn_rne_oscillator_trace_8rxn_stop_risksched085to09_lr1e4_entropy005_s4_c1_rnetol_d256_depth3_p20,seed367,367,189,18900,100,16,120.03830491700343,125.75469457668757,116.66144231010784,False,max_epochs,945.9401450157166
rl4crn_rne_oscillator_trace_8rxn_stop_risksched085to09_lr1e4_entropy005_s4_c1_rnetol_d256_depth3_p20,seed367,367,190,19000,100,16,120.28343851311617,125.99268116447858,116.66144231010784,False,max_epochs,951.1003906726837
rl4crn_rne_oscillator_trace_8rxn_stop_risksched085to09_lr1e4_entropy005_s4_c1_rnetol_d256_depth3_p20,seed367,367,191,19100,100,16,120.08953689480836,125.24283755580706,116.66144231010784,False,max_epochs,956.2224328517914
rl4crn_rne_oscillator_trace_8rxn_stop_risksched085to09_lr1e4_entropy005_s4_c1_rnetol_d256_depth3_p20,seed367,367,192,19200,100,16,119.29289688465349,125.16056111498429,116.66144231010784,False,max_epochs,959.0100660324097
rl4crn_rne_oscillator_trace_8rxn_stop_risksched085to09_lr1e4_entropy005_s4_c1_rnetol_d256_depth3_p20,seed367,367,193,19300,100,16,119.97351014125329,125.2021605248018,116.66144231010784,False,max_epochs,963.8629486560822
rl4crn_rne_oscillator_trace_8rxn_stop_risksched085to09_lr1e4_entropy005_s4_c1_rnetol_d256_depth3_p20,seed367,367,194,19400,100,16,120.2149018513855,125.96802519782577,116.66144231010784,False,max_epochs,968.7010071277618
rl4crn_rne_oscillator_trace_8rxn_stop_risksched085to09_lr1e4_entropy005_s4_c1_rnetol_d256_depth3_p20,seed367,367,195,19500,100,16,121.17698097120852,125.61578910236668,116.66144231010784,False,max_epochs,974.2663052082062
rl4crn_rne_oscillator_trace_8rxn_stop_risksched085to09_lr1e4_entropy005_s4_c1_rnetol_d256_depth3_p20,seed367,367,196,19600,100,16,120.23429465595592,127.06058946046511,116.66144231010784,False,max_epochs,979.9732384681702
rl4crn_rne_oscillator_trace_8rxn_stop_risksched085to09_lr1e4_entropy005_s4_c1_rnetol_d256_depth3_p20,seed367,367,197,19700,100,16,120.90515060798133,126.3433711264688,116.66144231010784,False,max_epochs,985.7828638553619
rl4crn_rne_oscillator_trace_8rxn_stop_risksched085to09_lr1e4_entropy005_s4_c1_rnetol_d256_depth3_p20,seed367,367,198,19800,100,16,120.28975383924839,126.34667460445466,116.66144231010784,False,max_epochs,991.2543168067932
rl4crn_rne_oscillator_trace_8rxn_stop_risksched085to09_lr1e4_entropy005_s4_c1_rnetol_d256_depth3_p20,seed367,367,199,19900,100,16,120.75013559515118,126.75921899188229,116.66144231010784,False,max_epochs,996.1624617576599
rl4crn_rne_oscillator_trace_8rxn_stop_risksched085to09_lr1e4_entropy005_s4_c1_rnetol_d256_depth3_p20,seed367,367,200,20000,100,16,116.93750987110877,126.60962231808224,116.66144231010784,False,max_epochs,1001.315761089325
rl4crn_rne_oscillator_trace_8rxn_stop_risksched085to09_lr1e4_entropy005_s4_c1_rnetol_d256_depth3_p20,seed367,367,201,20100,100,16,119.84591432472517,125.89664955690688,116.66144231010784,False,max_epochs,1004.908017873764
rl4crn_rne_oscillator_trace_8rxn_stop_risksched085to09_lr1e4_entropy005_s4_c1_rnetol_d256_depth3_p20,seed367,367,202,20200,100,16,120.62428947039268,126.75785294108823,116.66144231010784,False,max_epochs,1008.5190613269806
rl4crn_rne_oscillator_trace_8rxn_stop_risksched085to09_lr1e4_entropy005_s4_c1_rnetol_d256_depth3_p20,seed367,367,203,20300,100,16,120.6994289077934,127.90816617248484,116.66144231010784,False,max_epochs,1014.1389603614807
rl4crn_rne_oscillator_trace_8rxn_stop_risksched085to09_lr1e4_entropy005_s4_c1_rnetol_d256_depth3_p20,seed367,367,204,20400,100,16,120.29378754499727,129.19544912437743,116.66144231010784,False,max_epochs,1019.8866653442383
rl4crn_rne_oscillator_trace_8rxn_stop_risksched085to09_lr1e4_entropy005_s4_c1_rnetol_d256_depth3_p20,seed367,367,205,20500,100,16,114.86779403949981,126.36967866929649,114.86779403949981,False,max_epochs,1025.950814962387
rl4crn_rne_oscillator_trace_8rxn_stop_risksched085to09_lr1e4_entropy005_s4_c1_rnetol_d256_depth3_p20,seed367,367,206,20600,100,16,118.70654443311517,124.70658702721289,114.86779403949981,False,max_epochs,1031.1588311195374
rl4crn_rne_oscillator_trace_8rxn_stop_risksched085to09_lr1e4_entropy005_s4_c1_rnetol_d256_depth3_p20,seed367,367,207,20700,100,16,120.05837354009056,125.73772305788424,114.86779403949981,False,max_epochs,1036.816505908966
rl4crn_rne_oscillator_trace_8rxn_stop_risksched085to09_lr1e4_entropy005_s4_c1_rnetol_d256_depth3_p20,seed367,367,208,20800,100,16,119.97275307738504,125.16013097319532,114.86779403949981,False,max_epochs,1042.7472066879272
rl4crn_rne_oscillator_trace_8rxn_stop_risksched085to09_lr1e4_entropy005_s4_c1_rnetol_d256_depth3_p20,seed367,367,209,20900,100,16,116.34734589119716,125.43947986873403,114.86779403949981,False,max_epochs,1047.8275980949402
rl4crn_rne_oscillator_trace_8rxn_stop_risksched085to09_lr1e4_entropy005_s4_c1_rnetol_d256_depth3_p20,seed367,367,210,21000,100,16,118.32407425425478,127.87847923896445,114.86779403949981,False,max_epochs,1053.168986082077
rl4crn_rne_oscillator_trace_8rxn_stop_risksched085to09_lr1e4_entropy005_s4_c1_rnetol_d256_depth3_p20,seed367,367,211,21100,100,16,119.92388638243605,127.07682589835602,114.86779403949981,False,max_epochs,1055.5130064487457
rl4crn_rne_oscillator_trace_8rxn_stop_risksched085to09_lr1e4_entropy005_s4_c1_rnetol_d256_depth3_p20,seed367,367,212,21200,100,16,120.18839163133114,126.52122542310755,114.86779403949981,False,max_epochs,1060.1660220623016
rl4crn_rne_oscillator_trace_8rxn_stop_risksched085to09_lr1e4_entropy005_s4_c1_rnetol_d256_depth3_p20,seed367,367,213,21300,100,16,120.12526877740576,127.27249575492117,114.86779403949981,False,max_epochs,1065.7371900081635
rl4crn_rne_oscillator_trace_8rxn_stop_risksched085to09_lr1e4_entropy005_s4_c1_rnetol_d256_depth3_p20,seed367,367,214,21400,100,16,121.0964869637114,125.8122182586454,114.86779403949981,False,max_epochs,1071.1007211208344
rl4crn_rne_oscillator_trace_8rxn_stop_risksched085to09_lr1e4_entropy005_s4_c1_rnetol_d256_depth3_p20,seed367,367,215,21500,100,16,120.61273811084453,128.78425804716053,114.86779403949981,False,max_epochs,1076.279260635376
rl4crn_rne_oscillator_trace_8rxn_stop_risksched085to09_lr1e4_entropy005_s4_c1_rnetol_d256_depth3_p20,seed367,367,216,21600,100,16,120.34693501188724,125.60989300495294,114.86779403949981,False,max_epochs,1078.6079413890839
rl4crn_rne_oscillator_trace_8rxn_stop_risksched085to09_lr1e4_entropy005_s4_c1_rnetol_d256_depth3_p20,seed367,367,217,21700,100,16,119.96591347590437,126.06517363927614,114.86779403949981,False,max_epochs,1083.7349109649658
rl4crn_rne_oscillator_trace_8rxn_stop_risksched085to09_lr1e4_entropy005_s4_c1_rnetol_d256_depth3_p20,seed367,367,218,21800,100,16,120.48932148016064,129.35978792417353,114.86779403949981,False,max_epochs,1089.4671728610992
rl4crn_rne_oscillator_trace_8rxn_stop_risksched085to09_lr1e4_entropy005_s4_c1_rnetol_d256_depth3_p20,seed367,367,219,21900,100,16,119.9003735489773,127.44895726255183,114.86779403949981,False,max_epochs,1094.6288294792175
rl4crn_rne_oscillator_trace_8rxn_stop_risksched085to09_lr1e4_entropy005_s4_c1_rnetol_d256_depth3_p20,seed367,367,220,22000,100,16,120.80239133481155,125.78914375472846,114.86779403949981,False,max_epochs,1100.3817880153656
rl4crn_rne_oscillator_trace_8rxn_stop_risksched085to09_lr1e4_entropy005_s4_c1_rnetol_d256_depth3_p20,seed367,367,221,22100,100,16,120.92203308780711,126.92617439074988,114.86779403949981,False,max_epochs,1105.5725400447845
rl4crn_rne_oscillator_trace_8rxn_stop_risksched085to09_lr1e4_entropy005_s4_c1_rnetol_d256_depth3_p20,seed367,367,222,22200,100,16,120.47634538303552,128.53979229752593,114.86779403949981,False,max_epochs,1110.6450154781342
rl4crn_rne_oscillator_trace_8rxn_stop_risksched085to09_lr1e4_entropy005_s4_c1_rnetol_d256_depth3_p20,seed367,367,223,22300,100,16,120.53300418392222,127.3136251915665,114.86779403949981,False,max_epochs,1115.9342784881592
rl4crn_rne_oscillator_trace_8rxn_stop_risksched085to09_lr1e4_entropy005_s4_c1_rnetol_d256_depth3_p20,seed367,367,224,22400,100,16,120.97807575961437,129.16938445388251,114.86779403949981,False,max_epochs,1118.499801158905
rl4crn_rne_oscillator_trace_8rxn_stop_risksched085to09_lr1e4_entropy005_s4_c1_rnetol_d256_depth3_p20,seed367,367,225,22500,100,16,120.29018027316602,129.97714571523846,114.86779403949981,False,max_epochs,1123.2344999313354
rl4crn_rne_oscillator_trace_8rxn_stop_risksched085to09_lr1e4_entropy005_s4_c1_rnetol_d256_depth3_p20,seed367,367,226,22600,100,16,120.54916249691323,126.02051100602212,114.86779403949981,False,max_epochs,1128.7680432796478
rl4crn_rne_oscillator_trace_8rxn_stop_risksched085to09_lr1e4_entropy005_s4_c1_rnetol_d256_depth3_p20,seed367,367,227,22700,100,16,120.11832482447313,125.92402859231913,114.86779403949981,False,max_epochs,1134.6455428600311
rl4crn_rne_oscillator_trace_8rxn_stop_risksched085to09_lr1e4_entropy005_s4_c1_rnetol_d256_depth3_p20,seed367,367,228,22800,100,16,120.54557376303632,126.03718601661339,114.86779403949981,False,max_epochs,1140.6243777275085
rl4crn_rne_oscillator_trace_8rxn_stop_risksched085to09_lr1e4_entropy005_s4_c1_rnetol_d256_depth3_p20,seed367,367,229,22900,100,16,120.56490997294992,128.44101660738204,114.86779403949981,False,max_epochs,1146.2082810401917
rl4crn_rne_oscillator_trace_8rxn_stop_risksched085to09_lr1e4_entropy005_s4_c1_rnetol_d256_depth3_p20,seed367,367,230,23000,100,16,119.53983011737749,129.42636900669376,114.86779403949981,False,max_epochs,1152.1988215446472
rl4crn_rne_oscillator_trace_8rxn_stop_risksched085to09_lr1e4_entropy005_s4_c1_rnetol_d256_depth3_p20,seed367,367,231,23100,100,16,120.36410903483649,127.10788412097824,114.86779403949981,False,max_epochs,1157.3122646808624
rl4crn_rne_oscillator_trace_8rxn_stop_risksched085to09_lr1e4_entropy005_s4_c1_rnetol_d256_depth3_p20,seed367,367,232,23200,100,16,120.18371123214641,127.1543900196423,114.86779403949981,False,max_epochs,1162.7624266147614
rl4crn_rne_oscillator_trace_8rxn_stop_risksched085to09_lr1e4_entropy005_s4_c1_rnetol_d256_depth3_p20,seed367,367,233,23300,100,16,120.97144816732418,128.75812333833755,114.86779403949981,False,max_epochs,1168.6549158096313
rl4crn_rne_oscillator_trace_8rxn_stop_risksched085to09_lr1e4_entropy005_s4_c1_rnetol_d256_depth3_p20,seed367,367,234,23400,100,16,120.0355319143521,126.3726381962093,114.86779403949981,False,max_epochs,1174.461144208908
rl4crn_rne_oscillator_trace_8rxn_stop_risksched085to09_lr1e4_entropy005_s4_c1_rnetol_d256_depth3_p20,seed367,367,235,23500,100,16,120.34786706206745,126.3804697204612,114.86779403949981,False,max_epochs,1180.2061972618103
rl4crn_rne_oscillator_trace_8rxn_stop_risksched085to09_lr1e4_entropy005_s4_c1_rnetol_d256_depth3_p20,seed367,367,236,23600,100,16,120.52997467813336,127.2724146208415,114.86779403949981,False,max_epochs,1184.900086402893
rl4crn_rne_oscillator_trace_8rxn_stop_risksched085to09_lr1e4_entropy005_s4_c1_rnetol_d256_depth3_p20,seed367,367,237,23700,100,16,119.47447198074087,125.94910373742414,114.86779403949981,False,max_epochs,1190.097872018814
rl4crn_rne_oscillator_trace_8rxn_stop_risksched085to09_lr1e4_entropy005_s4_c1_rnetol_d256_depth3_p20,seed367,367,238,23800,100,16,120.1217088846553,129.36140688522096,114.86779403949981,False,max_epochs,1194.8570392131805
rl4crn_rne_oscillator_trace_8rxn_stop_risksched085to09_lr1e4_entropy005_s4_c1_rnetol_d256_depth3_p20,seed367,367,239,23900,100,16,120.03710429510186,126.75270111122056,114.86779403949981,False,max_epochs,1197.6237604618073
rl4crn_rne_oscillator_trace_8rxn_stop_risksched085to09_lr1e4_entropy005_s4_c1_rnetol_d256_depth3_p20,seed367,367,240,24000,100,16,118.74087699349272,129.28542180596162,114.86779403949981,False,max_epochs,1203.00541639328
rl4crn_rne_oscillator_trace_8rxn_stop_risksched085to09_lr1e4_entropy005_s4_c1_rnetol_d256_depth3_p20,seed367,367,241,24100,100,16,120.62559683432598,127.36614676969668,114.86779403949981,False,max_epochs,1208.6710376739502
rl4crn_rne_oscillator_trace_8rxn_stop_risksched085to09_lr1e4_entropy005_s4_c1_rnetol_d256_depth3_p20,seed367,367,242,24200,100,16,120.22130785018967,128.5194935317857,114.86779403949981,False,max_epochs,1214.1791319847107
rl4crn_rne_oscillator_trace_8rxn_stop_risksched085to09_lr1e4_entropy005_s4_c1_rnetol_d256_depth3_p20,seed367,367,243,24300,100,16,120.31209805264275,127.06706409716702,114.86779403949981,False,max_epochs,1219.17635512352
rl4crn_rne_oscillator_trace_8rxn_stop_risksched085to09_lr1e4_entropy005_s4_c1_rnetol_d256_depth3_p20,seed367,367,244,24400,100,16,118.81668731751978,127.02033872584501,114.86779403949981,False,max_epochs,1224.6261084079742
rl4crn_rne_oscillator_trace_8rxn_stop_risksched085to09_lr1e4_entropy005_s4_c1_rnetol_d256_depth3_p20,seed367,367,245,24500,100,16,119.83942129762363,126.35211038345491,114.86779403949981,False,max_epochs,1229.9359114170074
rl4crn_rne_oscillator_trace_8rxn_stop_risksched085to09_lr1e4_entropy005_s4_c1_rnetol_d256_depth3_p20,seed367,367,246,24600,100,16,119.97268261007693,126.32800393281451,114.86779403949981,False,max_epochs,1235.018394947052
rl4crn_rne_oscillator_trace_8rxn_stop_risksched085to09_lr1e4_entropy005_s4_c1_rnetol_d256_depth3_p20,seed367,367,247,24700,100,16,117.98734334259328,125.43534820327216,114.86779403949981,False,max_epochs,1237.805014371872
rl4crn_rne_oscillator_trace_8rxn_stop_risksched085to09_lr1e4_entropy005_s4_c1_rnetol_d256_depth3_p20,seed367,367,248,24800,100,16,119.3902344270255,126.36970147507584,114.86779403949981,False,max_epochs,1242.978120803833
rl4crn_rne_oscillator_trace_8rxn_stop_risksched085to09_lr1e4_entropy005_s4_c1_rnetol_d256_depth3_p20,seed367,367,249,24900,100,16,120.06791616733307,127.85818847018376,114.86779403949981,False,max_epochs,1248.0169982910156
rl4crn_rne_oscillator_trace_8rxn_stop_risksched085to09_lr1e4_entropy005_s4_c1_rnetol_d256_depth3_p20,seed367,367,250,25000,100,16,119.45023539635017,126.7293482325506,114.86779403949981,False,max_epochs,1252.9518146514893
rl4crn_rne_oscillator_trace_8rxn_stop_risksched085to09_lr1e4_entropy005_s4_c1_rnetol_d256_depth3_p20,seed367,367,251,25100,100,16,118.6382982265632,128.09232134375748,114.86779403949981,False,max_epochs,1258.262062549591
rl4crn_rne_oscillator_trace_8rxn_stop_risksched085to09_lr1e4_entropy005_s4_c1_rnetol_d256_depth3_p20,seed367,367,252,25200,100,16,119.07239279195699,127.52078525760857,114.86779403949981,False,max_epochs,1263.346440076828
rl4crn_rne_oscillator_trace_8rxn_stop_risksched085to09_lr1e4_entropy005_s4_c1_rnetol_d256_depth3_p20,seed367,367,253,25300,100,16,119.45635652043268,127.45916678165555,114.86779403949981,False,max_epochs,1266.2296266555786
rl4crn_rne_oscillator_trace_8rxn_stop_risksched085to09_lr1e4_entropy005_s4_c1_rnetol_d256_depth3_p20,seed367,367,254,25400,100,16,119.50438266066095,128.38770564416188,114.86779403949981,False,max_epochs,1271.220754146576
rl4crn_rne_oscillator_trace_8rxn_stop_risksched085to09_lr1e4_entropy005_s4_c1_rnetol_d256_depth3_p20,seed367,367,255,25500,100,16,118.0092028277333,127.45763970861752,114.86779403949981,False,max_epochs,1276.7547454833984
rl4crn_rne_oscillator_trace_8rxn_stop_risksched085to09_lr1e4_entropy005_s4_c1_rnetol_d256_depth3_p20,seed367,367,256,25600,100,16,120.72355417761524,127.05048222605741,114.86779403949981,False,max_epochs,1282.0531604290009
rl4crn_rne_oscillator_trace_8rxn_stop_risksched085to09_lr1e4_entropy005_s4_c1_rnetol_d256_depth3_p20,seed367,367,257,25700,100,16,120.16758821526352,127.25232505357957,114.86779403949981,False,max_epochs,1287.7828817367554
rl4crn_rne_oscillator_trace_8rxn_stop_risksched085to09_lr1e4_entropy005_s4_c1_rnetol_d256_depth3_p20,seed367,367,258,25800,100,16,118.2731980045454,127.18384625193704,114.86779403949981,False,max_epochs,1293.2032566070557
rl4crn_rne_oscillator_trace_8rxn_stop_risksched085to09_lr1e4_entropy005_s4_c1_rnetol_d256_depth3_p20,seed367,367,259,25900,100,16,119.31403068933555,129.2928459078068,114.86779403949981,False,max_epochs,1299.0930383205414
rl4crn_rne_oscillator_trace_8rxn_stop_risksched085to09_lr1e4_entropy005_s4_c1_rnetol_d256_depth3_p20,seed367,367,260,26000,100,16,120.2827293585156,128.11594351155532,114.86779403949981,False,max_epochs,1304.1341798305511
rl4crn_rne_oscillator_trace_8rxn_stop_risksched085to09_lr1e4_entropy005_s4_c1_rnetol_d256_depth3_p20,seed367,367,261,26100,100,16,120.19362776743836,128.1492783536996,114.86779403949981,False,max_epochs,1308.109575510025
rl4crn_rne_oscillator_trace_8rxn_stop_risksched085to09_lr1e4_entropy005_s4_c1_rnetol_d256_depth3_p20,seed367,367,262,26200,100,16,120.15453722296948,129.40356290294645,114.86779403949981,False,max_epochs,1310.9583191871643
rl4crn_rne_oscillator_trace_8rxn_stop_risksched085to09_lr1e4_entropy005_s4_c1_rnetol_d256_depth3_p20,seed367,367,263,26300,100,16,120.19573897857556,126.9098148758809,114.86779403949981,False,max_epochs,1316.690212726593
rl4crn_rne_oscillator_trace_8rxn_stop_risksched085to09_lr1e4_entropy005_s4_c1_rnetol_d256_depth3_p20,seed367,367,264,26400,100,16,117.93529636253129,130.09104172364124,114.86779403949981,False,max_epochs,1322.1648931503296
rl4crn_rne_oscillator_trace_8rxn_stop_risksched085to09_lr1e4_entropy005_s4_c1_rnetol_d256_depth3_p20,seed367,367,265,26500,100,16,118.98683139904077,127.10054238231301,114.86779403949981,False,max_epochs,1327.9786803722382
rl4crn_rne_oscillator_trace_8rxn_stop_risksched085to09_lr1e4_entropy005_s4_c1_rnetol_d256_depth3_p20,seed367,367,266,26600,100,16,117.85320599084535,127.52600314854537,114.86779403949981,False,max_epochs,1333.6820979118347
rl4crn_rne_oscillator_trace_8rxn_stop_risksched085to09_lr1e4_entropy005_s4_c1_rnetol_d256_depth3_p20,seed367,367,267,26700,100,16,120.81987622752958,126.07544133274762,114.86779403949981,False,max_epochs,1339.61745095253
rl4crn_rne_oscillator_trace_8rxn_stop_risksched085to09_lr1e4_entropy005_s4_c1_rnetol_d256_depth3_p20,seed367,367,268,26800,100,16,117.84913754930305,128.87365119002484,114.86779403949981,False,max_epochs,1344.7234950065613
rl4crn_rne_oscillator_trace_8rxn_stop_risksched085to09_lr1e4_entropy005_s4_c1_rnetol_d256_depth3_p20,seed367,367,269,26900,100,16,119.75684780252632,127.85701914275772,114.86779403949981,False,max_epochs,1350.5139803886414
rl4crn_rne_oscillator_trace_8rxn_stop_risksched085to09_lr1e4_entropy005_s4_c1_rnetol_d256_depth3_p20,seed367,367,270,27000,100,16,116.00697207552983,129.27331408678248,114.86779403949981,False,max_epochs,1356.272412776947
rl4crn_rne_oscillator_trace_8rxn_stop_risksched085to09_lr1e4_entropy005_s4_c1_rnetol_d256_depth3_p20,seed367,367,271,27100,100,16,118.84838110854298,127.31794922917743,114.86779403949981,False,max_epochs,1361.9151647090912
rl4crn_rne_oscillator_trace_8rxn_stop_risksched085to09_lr1e4_entropy005_s4_c1_rnetol_d256_depth3_p20,seed367,367,272,27200,100,16,119.9568112701626,127.19570980537009,114.86779403949981,False,max_epochs,1367.1133868694305
rl4crn_rne_oscillator_trace_8rxn_stop_risksched085to09_lr1e4_entropy005_s4_c1_rnetol_d256_depth3_p20,seed367,367,273,27300,100,16,119.12493908099302,126.933139508576,114.86779403949981,False,max_epochs,1372.0855431556702
rl4crn_rne_oscillator_trace_8rxn_stop_risksched085to09_lr1e4_entropy005_s4_c1_rnetol_d256_depth3_p20,seed367,367,274,27400,100,16,119.17971696335226,128.96546996057228,114.86779403949981,False,max_epochs,1374.2465841770172
rl4crn_rne_oscillator_trace_8rxn_stop_risksched085to09_lr1e4_entropy005_s4_c1_rnetol_d256_depth3_p20,seed367,367,275,27500,100,16,119.08518969501142,127.66202055931936,114.86779403949981,False,max_epochs,1379.6209213733673
rl4crn_rne_oscillator_trace_8rxn_stop_risksched085to09_lr1e4_entropy005_s4_c1_rnetol_d256_depth3_p20,seed367,367,276,27600,100,16,120.70969462814439,127.19664554124586,114.86779403949981,False,max_epochs,1385.2023828029633
rl4crn_rne_oscillator_trace_8rxn_stop_risksched085to09_lr1e4_entropy005_s4_c1_rnetol_d256_depth3_p20,seed367,367,277,27700,100,16,120.03416907061553,127.94253469202833,114.86779403949981,False,max_epochs,1390.7775974273682
rl4crn_rne_oscillator_trace_8rxn_stop_risksched085to09_lr1e4_entropy005_s4_c1_rnetol_d256_depth3_p20,seed367,367,278,27800,100,16,115.47757304086866,129.0669942986936,114.86779403949981,False,max_epochs,1395.9941947460175
rl4crn_rne_oscillator_trace_8rxn_stop_risksched085to09_lr1e4_entropy005_s4_c1_rnetol_d256_depth3_p20,seed367,367,279,27900,100,16,120.11011279137044,128.95245740817805,114.86779403949981,False,max_epochs,1401.0719230175018
rl4crn_rne_oscillator_trace_8rxn_stop_risksched085to09_lr1e4_entropy005_s4_c1_rnetol_d256_depth3_p20,seed367,367,280,28000,100,16,117.92594327758812,129.20540656420914,114.86779403949981,False,max_epochs,1404.8599350452423
rl4crn_rne_oscillator_trace_8rxn_stop_risksched085to09_lr1e4_entropy005_s4_c1_rnetol_d256_depth3_p20,seed367,367,281,28100,100,16,118.56394672740848,129.62033585209264,114.86779403949981,False,max_epochs,1407.9830746650696
rl4crn_rne_oscillator_trace_8rxn_stop_risksched085to09_lr1e4_entropy005_s4_c1_rnetol_d256_depth3_p20,seed367,367,282,28200,100,16,118.87803728881669,129.1495271231696,114.86779403949981,False,max_epochs,1413.1529788970947
rl4crn_rne_oscillator_trace_8rxn_stop_risksched085to09_lr1e4_entropy005_s4_c1_rnetol_d256_depth3_p20,seed367,367,283,28300,100,16,120.81897333554153,129.90254416532986,114.86779403949981,False,max_epochs,1418.6706311702728
rl4crn_rne_oscillator_trace_8rxn_stop_risksched085to09_lr1e4_entropy005_s4_c1_rnetol_d256_depth3_p20,seed367,367,284,28400,100,16,118.43900370356715,130.6506866990275,114.86779403949981,False,max_epochs,1424.299528837204
rl4crn_rne_oscillator_trace_8rxn_stop_risksched085to09_lr1e4_entropy005_s4_c1_rnetol_d256_depth3_p20,seed367,367,285,28500,100,16,117.56328018718658,131.59645189958997,114.86779403949981,False,max_epochs,1430.0869221687317
rl4crn_rne_oscillator_trace_8rxn_stop_risksched085to09_lr1e4_entropy005_s4_c1_rnetol_d256_depth3_p20,seed367,367,286,28600,100,16,118.4717998880141,130.7629269038005,114.86779403949981,False,max_epochs,1434.9987742900848
rl4crn_rne_oscillator_trace_8rxn_stop_risksched085to09_lr1e4_entropy005_s4_c1_rnetol_d256_depth3_p20,seed367,367,287,28700,100,16,119.94548959895302,128.95516294392255,114.86779403949981,False,max_epochs,1440.3008077144623
rl4crn_rne_oscillator_trace_8rxn_stop_risksched085to09_lr1e4_entropy005_s4_c1_rnetol_d256_depth3_p20,seed367,367,288,28800,100,16,119.59359085953695,131.28058896802864,114.86779403949981,False,max_epochs,1445.399673461914
rl4crn_rne_oscillator_trace_8rxn_stop_risksched085to09_lr1e4_entropy005_s4_c1_rnetol_d256_depth3_p20,seed367,367,289,28900,100,16,114.18648874772516,128.42967865208885,114.18648874772516,False,max_epochs,1448.015792608261
rl4crn_rne_oscillator_trace_8rxn_stop_risksched085to09_lr1e4_entropy005_s4_c1_rnetol_d256_depth3_p20,seed367,367,290,29000,100,16,118.83598324209552,130.52756381627793,114.18648874772516,False,max_epochs,1453.260719537735
rl4crn_rne_oscillator_trace_8rxn_stop_risksched085to09_lr1e4_entropy005_s4_c1_rnetol_d256_depth3_p20,seed367,367,291,29100,100,16,120.66181641497215,130.171728488137,114.18648874772516,False,max_epochs,1459.1176900863647
rl4crn_rne_oscillator_trace_8rxn_stop_risksched085to09_lr1e4_entropy005_s4_c1_rnetol_d256_depth3_p20,seed367,367,292,29200,100,16,120.0785709561761,131.48137956487204,114.18648874772516,False,max_epochs,1464.7150263786316
rl4crn_rne_oscillator_trace_8rxn_stop_risksched085to09_lr1e4_entropy005_s4_c1_rnetol_d256_depth3_p20,seed367,367,293,29300,100,16,119.88678858947749,128.6747477233781,114.18648874772516,False,max_epochs,1470.0559775829315
rl4crn_rne_oscillator_trace_8rxn_stop_risksched085to09_lr1e4_entropy005_s4_c1_rnetol_d256_depth3_p20,seed367,367,294,29400,100,16,115.89615901379277,126.47722393540748,114.18648874772516,False,max_epochs,1475.7576456069946
rl4crn_rne_oscillator_trace_8rxn_stop_risksched085to09_lr1e4_entropy005_s4_c1_rnetol_d256_depth3_p20,seed367,367,295,29500,100,16,120.51373659011593,130.2574277714507,114.18648874772516,False,max_epochs,1481.7319338321686
rl4crn_rne_oscillator_trace_8rxn_stop_risksched085to09_lr1e4_entropy005_s4_c1_rnetol_d256_depth3_p20,seed367,367,296,29600,100,16,120.18892451448093,130.1594021238805,114.18648874772516,False,max_epochs,1487.324927330017
rl4crn_rne_oscillator_trace_8rxn_stop_risksched085to09_lr1e4_entropy005_s4_c1_rnetol_d256_depth3_p20,seed367,367,297,29700,100,16,120.59598047172145,130.54509268357538,114.18648874772516,False,max_epochs,1492.9846017360687
rl4crn_rne_oscillator_trace_8rxn_stop_risksched085to09_lr1e4_entropy005_s4_c1_rnetol_d256_depth3_p20,seed367,367,298,29800,100,16,118.13928498040272,128.6284523404927,114.18648874772516,False,max_epochs,1498.153787612915
rl4crn_rne_oscillator_trace_8rxn_stop_risksched085to09_lr1e4_entropy005_s4_c1_rnetol_d256_depth3_p20,seed367,367,299,29900,100,16,116.04036963071593,128.06635562489438,114.18648874772516,False,max_epochs,1503.810640335083
rl4crn_rne_oscillator_trace_8rxn_stop_risksched085to09_lr1e4_entropy005_s4_c1_rnetol_d256_depth3_p20,seed367,367,300,30000,100,16,120.5357328500201,129.41897422090878,114.18648874772516,False,max_epochs,1509.2545232772827
rl4crn_rne_oscillator_trace_8rxn_stop_risksched085to09_lr1e4_entropy005_s4_c1_rnetol_d256_depth3_p20,seed367,367,301,30100,100,16,116.7854458274632,130.354902397482,114.18648874772516,False,max_epochs,1514.433277130127
rl4crn_rne_oscillator_trace_8rxn_stop_risksched085to09_lr1e4_entropy005_s4_c1_rnetol_d256_depth3_p20,seed367,367,302,30200,100,16,120.32928432536711,126.95547909931913,114.18648874772516,False,max_epochs,1519.6895501613617
rl4crn_rne_oscillator_trace_8rxn_stop_risksched085to09_lr1e4_entropy005_s4_c1_rnetol_d256_depth3_p20,seed367,367,303,30300,100,16,120.52213049528376,128.54207353016204,114.18648874772516,False,max_epochs,1522.3263127803802
rl4crn_rne_oscillator_trace_8rxn_stop_risksched085to09_lr1e4_entropy005_s4_c1_rnetol_d256_depth3_p20,seed367,367,304,30400,100,16,118.80310764146483,128.83346352878772,114.18648874772516,False,max_epochs,1527.5123465061188
rl4crn_rne_oscillator_trace_8rxn_stop_risksched085to09_lr1e4_entropy005_s4_c1_rnetol_d256_depth3_p20,seed367,367,305,30500,100,16,120.14991063434195,127.73088644447111,114.18648874772516,False,max_epochs,1533.0045478343964
rl4crn_rne_oscillator_trace_8rxn_stop_risksched085to09_lr1e4_entropy005_s4_c1_rnetol_d256_depth3_p20,seed367,367,306,30600,100,16,118.45840768800589,127.75475762919092,114.18648874772516,False,max_epochs,1538.5040154457092
rl4crn_rne_oscillator_trace_8rxn_stop_risksched085to09_lr1e4_entropy005_s4_c1_rnetol_d256_depth3_p20,seed367,367,307,30700,100,16,116.10660608021792,127.43698285738134,114.18648874772516,False,max_epochs,1544.421912431717
rl4crn_rne_oscillator_trace_8rxn_stop_risksched085to09_lr1e4_entropy005_s4_c1_rnetol_d256_depth3_p20,seed367,367,308,30800,100,16,117.72401622727735,129.44903843966773,114.18648874772516,False,max_epochs,1549.6769578456879
rl4crn_rne_oscillator_trace_8rxn_stop_risksched085to09_lr1e4_entropy005_s4_c1_rnetol_d256_depth3_p20,seed367,367,309,30900,100,16,117.05518434379309,130.62130895980215,114.18648874772516,False,max_epochs,1554.5961744785309
rl4crn_rne_oscillator_trace_8rxn_stop_risksched085to09_lr1e4_entropy005_s4_c1_rnetol_d256_depth3_p20,seed367,367,310,31000,100,16,117.4299815757486,129.83471704194977,114.18648874772516,False,max_epochs,1559.582546710968
rl4crn_rne_oscillator_trace_8rxn_stop_risksched085to09_lr1e4_entropy005_s4_c1_rnetol_d256_depth3_p20,seed367,367,311,31100,100,16,116.13497514096981,130.10769732811272,114.18648874772516,False,max_epochs,1563.4340138435364
rl4crn_rne_oscillator_trace_8rxn_stop_risksched085to09_lr1e4_entropy005_s4_c1_rnetol_d256_depth3_p20,seed367,367,312,31200,100,16,116.34151169505121,129.32598432762205,114.18648874772516,False,max_epochs,1566.5536832809448
rl4crn_rne_oscillator_trace_8rxn_stop_risksched085to09_lr1e4_entropy005_s4_c1_rnetol_d256_depth3_p20,seed367,367,313,31300,100,16,111.92361701181095,130.53928843457464,111.92361701181095,False,max_epochs,1571.7558498382568
rl4crn_rne_oscillator_trace_8rxn_stop_risksched085to09_lr1e4_entropy005_s4_c1_rnetol_d256_depth3_p20,seed367,367,314,31400,100,16,117.84308310543773,129.88228381862962,111.92361701181095,False,max_epochs,1577.386117696762
rl4crn_rne_oscillator_trace_8rxn_stop_risksched085to09_lr1e4_entropy005_s4_c1_rnetol_d256_depth3_p20,seed367,367,315,31500,100,16,114.13087541818234,129.07295503577285,111.92361701181095,False,max_epochs,1583.0650417804718
rl4crn_rne_oscillator_trace_8rxn_stop_risksched085to09_lr1e4_entropy005_s4_c1_rnetol_d256_depth3_p20,seed367,367,316,31600,100,16,120.08547615970774,131.4631548007108,111.92361701181095,False,max_epochs,1588.9245629310608
rl4crn_rne_oscillator_trace_8rxn_stop_risksched085to09_lr1e4_entropy005_s4_c1_rnetol_d256_depth3_p20,seed367,367,317,31700,100,16,119.45192306543879,130.33526737499386,111.92361701181095,False,max_epochs,1594.5802474021912
rl4crn_rne_oscillator_trace_8rxn_stop_risksched085to09_lr1e4_entropy005_s4_c1_rnetol_d256_depth3_p20,seed367,367,318,31800,100,16,117.84689390493185,130.41597274697426,111.92361701181095,False,max_epochs,1600.052500963211
rl4crn_rne_oscillator_trace_8rxn_stop_risksched085to09_lr1e4_entropy005_s4_c1_rnetol_d256_depth3_p20,seed367,367,319,31900,100,16,116.73215811985887,129.53945691745045,111.92361701181095,False,max_epochs,1605.6619021892548
rl4crn_rne_oscillator_trace_8rxn_stop_risksched085to09_lr1e4_entropy005_s4_c1_rnetol_d256_depth3_p20,seed367,367,320,32000,100,16,119.9880651321865,130.27787827953819,111.92361701181095,False,max_epochs,1611.3366746902466
rl4crn_rne_oscillator_trace_8rxn_stop_risksched085to09_lr1e4_entropy005_s4_c1_rnetol_d256_depth3_p20,seed367,367,321,32100,100,16,119.4660363807645,129.9934155254589,111.92361701181095,False,max_epochs,1617.3553428649902
rl4crn_rne_oscillator_trace_8rxn_stop_risksched085to09_lr1e4_entropy005_s4_c1_rnetol_d256_depth3_p20,seed367,367,322,32200,100,16,114.16663315879576,129.30691619229157,111.92361701181095,False,max_epochs,1622.4134542942047
rl4crn_rne_oscillator_trace_8rxn_stop_risksched085to09_lr1e4_entropy005_s4_c1_rnetol_d256_depth3_p20,seed367,367,323,32300,100,16,118.91753818448935,128.9307256742117,111.92361701181095,False,max_epochs,1627.4084930419922
rl4crn_rne_oscillator_trace_8rxn_stop_risksched085to09_lr1e4_entropy005_s4_c1_rnetol_d256_depth3_p20,seed367,367,324,32400,100,16,114.0126334898254,129.88446766252557,111.92361701181095,False,max_epochs,1632.709426164627
rl4crn_rne_oscillator_trace_8rxn_stop_risksched085to09_lr1e4_entropy005_s4_c1_rnetol_d256_depth3_p20,seed367,367,325,32500,100,16,118.81474877730541,129.75495436481367,111.92361701181095,False,max_epochs,1634.9329748153687
rl4crn_rne_oscillator_trace_8rxn_stop_risksched085to09_lr1e4_entropy005_s4_c1_rnetol_d256_depth3_p20,seed367,367,326,32600,100,16,117.88753334583808,129.16010478355292,111.92361701181095,False,max_epochs,1640.2208046913147
rl4crn_rne_oscillator_trace_8rxn_stop_risksched085to09_lr1e4_entropy005_s4_c1_rnetol_d256_depth3_p20,seed367,367,327,32700,100,16,115.427896008103,130.00296703318568,111.92361701181095,False,max_epochs,1645.9381115436554
rl4crn_rne_oscillator_trace_8rxn_stop_risksched085to09_lr1e4_entropy005_s4_c1_rnetol_d256_depth3_p20,seed367,367,328,32800,100,16,110.21255586735343,129.5925042024242,110.21255586735343,False,max_epochs,1651.289694070816
rl4crn_rne_oscillator_trace_8rxn_stop_risksched085to09_lr1e4_entropy005_s4_c1_rnetol_d256_depth3_p20,seed367,367,329,32900,100,16,120.03962838923933,131.30974667014914,110.21255586735343,False,max_epochs,1656.4997925758362
rl4crn_rne_oscillator_trace_8rxn_stop_risksched085to09_lr1e4_entropy005_s4_c1_rnetol_d256_depth3_p20,seed367,367,330,33000,100,16,118.42900420376439,128.79072843491772,110.21255586735343,False,max_epochs,1661.6962547302246
rl4crn_rne_oscillator_trace_8rxn_stop_risksched085to09_lr1e4_entropy005_s4_c1_rnetol_d256_depth3_p20,seed367,367,331,33100,100,16,115.87456726218868,128.75315044941925,110.21255586735343,False,max_epochs,1665.3585863113403
rl4crn_rne_oscillator_trace_8rxn_stop_risksched085to09_lr1e4_entropy005_s4_c1_rnetol_d256_depth3_p20,seed367,367,332,33200,100,16,120.03511978553377,129.7121537730381,110.21255586735343,False,max_epochs,1668.5362849235535
rl4crn_rne_oscillator_trace_8rxn_stop_risksched085to09_lr1e4_entropy005_s4_c1_rnetol_d256_depth3_p20,seed367,367,333,33300,100,16,119.65858876827713,130.48848689467133,110.21255586735343,False,max_epochs,1674.283173084259
rl4crn_rne_oscillator_trace_8rxn_stop_risksched085to09_lr1e4_entropy005_s4_c1_rnetol_d256_depth3_p20,seed367,367,334,33400,100,16,120.30301378463511,129.21120812899562,110.21255586735343,False,max_epochs,1679.892293214798
rl4crn_rne_oscillator_trace_8rxn_stop_risksched085to09_lr1e4_entropy005_s4_c1_rnetol_d256_depth3_p20,seed367,367,335,33500,100,16,119.2149018674716,127.31408344031209,110.21255586735343,False,max_epochs,1685.3574097156525
rl4crn_rne_oscillator_trace_8rxn_stop_risksched085to09_lr1e4_entropy005_s4_c1_rnetol_d256_depth3_p20,seed367,367,336,33600,100,16,116.19016044379174,129.317527785173,110.21255586735343,False,max_epochs,1690.724941253662
rl4crn_rne_oscillator_trace_8rxn_stop_risksched085to09_lr1e4_entropy005_s4_c1_rnetol_d256_depth3_p20,seed367,367,337,33700,100,16,119.17882822285003,129.75429240361976,110.21255586735343,False,max_epochs,1696.103183746338
rl4crn_rne_oscillator_trace_8rxn_stop_risksched085to09_lr1e4_entropy005_s4_c1_rnetol_d256_depth3_p20,seed367,367,338,33800,100,16,115.0642022426231,130.69175371241005,110.21255586735343,False,max_epochs,1701.34414768219
rl4crn_rne_oscillator_trace_8rxn_stop_risksched085to09_lr1e4_entropy005_s4_c1_rnetol_d256_depth3_p20,seed367,367,339,33900,100,16,112.02191881375597,130.1965452528387,110.21255586735343,False,max_epochs,1706.3527629375458
rl4crn_rne_oscillator_trace_8rxn_stop_risksched085to09_lr1e4_entropy005_s4_c1_rnetol_d256_depth3_p20,seed367,367,340,34000,100,16,118.09823524021604,131.33481867608884,110.21255586735343,False,max_epochs,1709.5984930992126
rl4crn_rne_oscillator_trace_8rxn_stop_risksched085to09_lr1e4_entropy005_s4_c1_rnetol_d256_depth3_p20,seed367,367,341,34100,100,16,117.78968422587616,131.70268964396945,110.21255586735343,False,max_epochs,1714.0675730705261
rl4crn_rne_oscillator_trace_8rxn_stop_risksched085to09_lr1e4_entropy005_s4_c1_rnetol_d256_depth3_p20,seed367,367,342,34200,100,16,111.04682424734116,131.598706744624,110.21255586735343,False,max_epochs,1719.5210700035095
rl4crn_rne_oscillator_trace_8rxn_stop_risksched085to09_lr1e4_entropy005_s4_c1_rnetol_d256_depth3_p20,seed367,367,343,34300,100,16,116.4619300728418,131.74040478274924,110.21255586735343,False,max_epochs,1725.3929722309113
rl4crn_rne_oscillator_trace_8rxn_stop_risksched085to09_lr1e4_entropy005_s4_c1_rnetol_d256_depth3_p20,seed367,367,344,34400,100,16,115.45463310592324,130.49528591162257,110.21255586735343,False,max_epochs,1730.5739965438843
rl4crn_rne_oscillator_trace_8rxn_stop_risksched085to09_lr1e4_entropy005_s4_c1_rnetol_d256_depth3_p20,seed367,367,345,34500,100,16,112.09478535545563,130.83697595035562,110.21255586735343,False,max_epochs,1736.1909716129303
rl4crn_rne_oscillator_trace_8rxn_stop_risksched085to09_lr1e4_entropy005_s4_c1_rnetol_d256_depth3_p20,seed367,367,346,34600,100,16,114.8731287976812,130.7701022348295,110.21255586735343,False,max_epochs,1742.1949214935303
rl4crn_rne_oscillator_trace_8rxn_stop_risksched085to09_lr1e4_entropy005_s4_c1_rnetol_d256_depth3_p20,seed367,367,347,34700,100,16,117.61794898253534,130.7512323234476,110.21255586735343,False,max_epochs,1748.2279951572418
rl4crn_rne_oscillator_trace_8rxn_stop_risksched085to09_lr1e4_entropy005_s4_c1_rnetol_d256_depth3_p20,seed367,367,348,34800,100,16,118.21797598769666,130.4259919227884,110.21255586735343,False,max_epochs,1754.1379668712616
rl4crn_rne_oscillator_trace_8rxn_stop_risksched085to09_lr1e4_entropy005_s4_c1_rnetol_d256_depth3_p20,seed367,367,349,34900,100,16,116.91308703826289,133.4430901477017,110.21255586735343,False,max_epochs,1759.526273727417
rl4crn_rne_oscillator_trace_8rxn_stop_risksched085to09_lr1e4_entropy005_s4_c1_rnetol_d256_depth3_p20,seed367,367,350,35000,100,16,114.01850797171022,129.8888580675452,110.21255586735343,False,max_epochs,1765.242035627365
rl4crn_rne_oscillator_trace_8rxn_stop_risksched085to09_lr1e4_entropy005_s4_c1_rnetol_d256_depth3_p20,seed367,367,351,35100,100,16,117.5621829866164,132.8968952367829,110.21255586735343,False,max_epochs,1771.0259420871735
rl4crn_rne_oscillator_trace_8rxn_stop_risksched085to09_lr1e4_entropy005_s4_c1_rnetol_d256_depth3_p20,seed367,367,352,35200,100,16,120.59819054188998,132.99263449221027,110.21255586735343,False,max_epochs,1776.6859815120697
rl4crn_rne_oscillator_trace_8rxn_stop_risksched085to09_lr1e4_entropy005_s4_c1_rnetol_d256_depth3_p20,seed367,367,353,35300,100,16,113.06612222394479,130.8617906728258,110.21255586735343,False,max_epochs,1782.5172691345215
rl4crn_rne_oscillator_trace_8rxn_stop_risksched085to09_lr1e4_entropy005_s4_c1_rnetol_d256_depth3_p20,seed367,367,354,35400,100,16,118.21704333352278,132.02894815526963,110.21255586735343,False,max_epochs,1788.139766216278
rl4crn_rne_oscillator_trace_8rxn_stop_risksched085to09_lr1e4_entropy005_s4_c1_rnetol_d256_depth3_p20,seed367,367,355,35500,100,16,112.95601587655413,135.07962236490383,110.21255586735343,False,max_epochs,1793.776298046112
rl4crn_rne_oscillator_trace_8rxn_stop_risksched085to09_lr1e4_entropy005_s4_c1_rnetol_d256_depth3_p20,seed367,367,356,35600,100,16,115.17017742666506,132.9937517306439,110.21255586735343,False,max_epochs,1799.5913858413696
rl4crn_rne_oscillator_trace_8rxn_stop_risksched085to09_lr1e4_entropy005_s4_c1_rnetol_d256_depth3_p20,seed367,367,357,35700,100,16,119.67305029763561,134.42337596798,110.21255586735343,False,max_epochs,1805.2044095993042
rl4crn_rne_oscillator_trace_8rxn_stop_risksched085to09_lr1e4_entropy005_s4_c1_rnetol_d256_depth3_p20,seed367,367,358,35800,100,16,116.21841420748972,132.96771227747786,110.21255586735343,False,max_epochs,1811.109718322754
rl4crn_rne_oscillator_trace_8rxn_stop_risksched085to09_lr1e4_entropy005_s4_c1_rnetol_d256_depth3_p20,seed367,367,359,35900,100,16,117.35178629894507,130.0577279755472,110.21255586735343,False,max_epochs,1817.0743291378021
rl4crn_rne_oscillator_trace_8rxn_stop_risksched085to09_lr1e4_entropy005_s4_c1_rnetol_d256_depth3_p20,seed367,367,360,36000,100,16,116.47515789185624,135.2995772628857,110.21255586735343,False,max_epochs,1821.9291849136353
rl4crn_rne_oscillator_trace_8rxn_stop_risksched085to09_lr1e4_entropy005_s4_c1_rnetol_d256_depth3_p20,seed367,367,361,36100,100,16,119.25439801399878,132.92238263030185,110.21255586735343,False,max_epochs,1827.6078186035156
rl4crn_rne_oscillator_trace_8rxn_stop_risksched085to09_lr1e4_entropy005_s4_c1_rnetol_d256_depth3_p20,seed367,367,362,36200,100,16,115.6645880111262,132.6578800185983,110.21255586735343,False,max_epochs,1833.0439848899841
rl4crn_rne_oscillator_trace_8rxn_stop_risksched085to09_lr1e4_entropy005_s4_c1_rnetol_d256_depth3_p20,seed367,367,363,36300,100,16,112.46263691677981,129.79994573614135,110.21255586735343,False,max_epochs,1838.5048732757568
rl4crn_rne_oscillator_trace_8rxn_stop_risksched085to09_lr1e4_entropy005_s4_c1_rnetol_d256_depth3_p20,seed367,367,364,36400,100,16,118.48242560460116,129.94191082538484,110.21255586735343,False,max_epochs,1843.6822776794434
rl4crn_rne_oscillator_trace_8rxn_stop_risksched085to09_lr1e4_entropy005_s4_c1_rnetol_d256_depth3_p20,seed367,367,365,36500,100,16,115.02371493922823,131.19783901031542,110.21255586735343,False,max_epochs,1848.8932557106018
rl4crn_rne_oscillator_trace_8rxn_stop_risksched085to09_lr1e4_entropy005_s4_c1_rnetol_d256_depth3_p20,seed367,367,366,36600,100,16,120.86424211596142,131.84195298418354,110.21255586735343,False,max_epochs,1851.1260919570923
rl4crn_rne_oscillator_trace_8rxn_stop_risksched085to09_lr1e4_entropy005_s4_c1_rnetol_d256_depth3_p20,seed367,367,367,36700,100,16,117.86422298725415,133.5580680653179,110.21255586735343,False,max_epochs,1855.8877942562103
rl4crn_rne_oscillator_trace_8rxn_stop_risksched085to09_lr1e4_entropy005_s4_c1_rnetol_d256_depth3_p20,seed367,367,368,36800,100,16,111.65356067421328,130.17583782625363,110.21255586735343,False,max_epochs,1861.560596704483
rl4crn_rne_oscillator_trace_8rxn_stop_risksched085to09_lr1e4_entropy005_s4_c1_rnetol_d256_depth3_p20,seed367,367,369,36900,100,16,115.93167760041945,134.96636978346027,110.21255586735343,False,max_epochs,1867.5202236175537
rl4crn_rne_oscillator_trace_8rxn_stop_risksched085to09_lr1e4_entropy005_s4_c1_rnetol_d256_depth3_p20,seed367,367,370,37000,100,16,111.87104531370264,134.45014611496023,110.21255586735343,False,max_epochs,1872.8737199306488
rl4crn_rne_oscillator_trace_8rxn_stop_risksched085to09_lr1e4_entropy005_s4_c1_rnetol_d256_depth3_p20,seed367,367,371,37100,100,16,116.19943628747797,129.84454744612697,110.21255586735343,False,max_epochs,1878.78764295578
rl4crn_rne_oscillator_trace_8rxn_stop_risksched085to09_lr1e4_entropy005_s4_c1_rnetol_d256_depth3_p20,seed367,367,372,37200,100,16,114.41005761756253,129.59812920279938,110.21255586735343,False,max_epochs,1884.223694562912
rl4crn_rne_oscillator_trace_8rxn_stop_risksched085to09_lr1e4_entropy005_s4_c1_rnetol_d256_depth3_p20,seed367,367,373,37300,100,16,119.65255754352549,130.48025894566473,110.21255586735343,False,max_epochs,1888.9324040412903
rl4crn_rne_oscillator_trace_8rxn_stop_risksched085to09_lr1e4_entropy005_s4_c1_rnetol_d256_depth3_p20,seed367,367,374,37400,100,16,116.41891417644565,131.16163801083943,110.21255586735343,False,max_epochs,1894.2089631557465
rl4crn_rne_oscillator_trace_8rxn_stop_risksched085to09_lr1e4_entropy005_s4_c1_rnetol_d256_depth3_p20,seed367,367,375,37500,100,16,109.9451602646337,129.82142775079626,109.9451602646337,False,max_epochs,1897.09863114357
rl4crn_rne_oscillator_trace_8rxn_stop_risksched085to09_lr1e4_entropy005_s4_c1_rnetol_d256_depth3_p20,seed367,367,376,37600,100,16,111.34015323205456,131.0583440825867,109.9451602646337,False,max_epochs,1901.6255252361298
rl4crn_rne_oscillator_trace_8rxn_stop_risksched085to09_lr1e4_entropy005_s4_c1_rnetol_d256_depth3_p20,seed367,367,377,37700,100,16,120.41126525703734,132.06450318057344,109.9451602646337,False,max_epochs,1907.2550134658813
rl4crn_rne_oscillator_trace_8rxn_stop_risksched085to09_lr1e4_entropy005_s4_c1_rnetol_d256_depth3_p20,seed367,367,378,37800,100,16,115.03252747029639,129.91009418603355,109.9451602646337,False,max_epochs,1913.0959401130676
rl4crn_rne_oscillator_trace_8rxn_stop_risksched085to09_lr1e4_entropy005_s4_c1_rnetol_d256_depth3_p20,seed367,367,379,37900,100,16,116.09344055883273,130.4934212903465,109.9451602646337,False,max_epochs,1918.7646789550781
rl4crn_rne_oscillator_trace_8rxn_stop_risksched085to09_lr1e4_entropy005_s4_c1_rnetol_d256_depth3_p20,seed367,367,380,38000,100,16,114.71326898871632,130.7515207217949,109.9451602646337,False,max_epochs,1924.186220407486
rl4crn_rne_oscillator_trace_8rxn_stop_risksched085to09_lr1e4_entropy005_s4_c1_rnetol_d256_depth3_p20,seed367,367,381,38100,100,16,116.83528861968928,133.34864702383445,109.9451602646337,False,max_epochs,1930.4621977806091
rl4crn_rne_oscillator_trace_8rxn_stop_risksched085to09_lr1e4_entropy005_s4_c1_rnetol_d256_depth3_p20,seed367,367,382,38200,100,16,119.40642927745164,132.98652614482492,109.9451602646337,False,max_epochs,1935.889237165451
rl4crn_rne_oscillator_trace_8rxn_stop_risksched085to09_lr1e4_entropy005_s4_c1_rnetol_d256_depth3_p20,seed367,367,383,38300,100,16,118.5326783677106,132.82267190756744,109.9451602646337,False,max_epochs,1941.369133234024
rl4crn_rne_oscillator_trace_8rxn_stop_risksched085to09_lr1e4_entropy005_s4_c1_rnetol_d256_depth3_p20,seed367,367,384,38400,100,16,112.52413191039446,132.09767703551643,109.9451602646337,False,max_epochs,1946.6686618328094
rl4crn_rne_oscillator_trace_8rxn_stop_risksched085to09_lr1e4_entropy005_s4_c1_rnetol_d256_depth3_p20,seed367,367,385,38500,100,16,120.40423970971824,130.43673694027893,109.9451602646337,False,max_epochs,1951.6651601791382
rl4crn_rne_oscillator_trace_8rxn_stop_risksched085to09_lr1e4_entropy005_s4_c1_rnetol_d256_depth3_p20,seed367,367,386,38600,100,16,119.60729386142786,130.35736215208297,109.9451602646337,False,max_epochs,1955.390911102295
rl4crn_rne_oscillator_trace_8rxn_stop_risksched085to09_lr1e4_entropy005_s4_c1_rnetol_d256_depth3_p20,seed367,367,387,38700,100,16,114.76961533786587,130.92814100758648,109.9451602646337,False,max_epochs,1958.9085719585419
rl4crn_rne_oscillator_trace_8rxn_stop_risksched085to09_lr1e4_entropy005_s4_c1_rnetol_d256_depth3_p20,seed367,367,388,38800,100,16,116.67216669236436,131.60448611539985,109.9451602646337,False,max_epochs,1964.528851032257
rl4crn_rne_oscillator_trace_8rxn_stop_risksched085to09_lr1e4_entropy005_s4_c1_rnetol_d256_depth3_p20,seed367,367,389,38900,100,16,114.94141384935664,133.05714257178175,109.9451602646337,False,max_epochs,1970.583447933197
rl4crn_rne_oscillator_trace_8rxn_stop_risksched085to09_lr1e4_entropy005_s4_c1_rnetol_d256_depth3_p20,seed367,367,390,39000,100,16,116.12939008693864,134.0026970044017,109.9451602646337,False,max_epochs,1975.8596794605255
rl4crn_rne_oscillator_trace_8rxn_stop_risksched085to09_lr1e4_entropy005_s4_c1_rnetol_d256_depth3_p20,seed367,367,391,39100,100,16,120.19167215623051,132.83854794916573,109.9451602646337,False,max_epochs,1981.2015407085419
rl4crn_rne_oscillator_trace_8rxn_stop_risksched085to09_lr1e4_entropy005_s4_c1_rnetol_d256_depth3_p20,seed367,367,392,39200,100,16,111.79734762101631,132.26572329303363,109.9451602646337,False,max_epochs,1987.1557772159576
rl4crn_rne_oscillator_trace_8rxn_stop_risksched085to09_lr1e4_entropy005_s4_c1_rnetol_d256_depth3_p20,seed367,367,393,39300,100,16,116.72240895105276,130.26899286754198,109.9451602646337,False,max_epochs,1992.6174914836884
rl4crn_rne_oscillator_trace_8rxn_stop_risksched085to09_lr1e4_entropy005_s4_c1_rnetol_d256_depth3_p20,seed367,367,394,39400,100,16,117.82015290351234,131.30861544614078,109.9451602646337,False,max_epochs,1998.2181346416473
rl4crn_rne_oscillator_trace_8rxn_stop_risksched085to09_lr1e4_entropy005_s4_c1_rnetol_d256_depth3_p20,seed367,367,395,39500,100,16,114.07837592544674,128.70601033706095,109.9451602646337,False,max_epochs,2004.2669639587402
rl4crn_rne_oscillator_trace_8rxn_stop_risksched085to09_lr1e4_entropy005_s4_c1_rnetol_d256_depth3_p20,seed367,367,396,39600,100,16,116.66417195971805,130.0351956513577,109.9451602646337,False,max_epochs,2009.4646093845367
rl4crn_rne_oscillator_trace_8rxn_stop_risksched085to09_lr1e4_entropy005_s4_c1_rnetol_d256_depth3_p20,seed367,367,397,39700,100,16,113.30729446222513,131.3731155634713,109.9451602646337,False,max_epochs,2014.6708679199219
rl4crn_rne_oscillator_trace_8rxn_stop_risksched085to09_lr1e4_entropy005_s4_c1_rnetol_d256_depth3_p20,seed367,367,398,39800,100,16,117.18724270459495,129.8333300949067,109.9451602646337,False,max_epochs,2020.0877339839935
rl4crn_rne_oscillator_trace_8rxn_stop_risksched085to09_lr1e4_entropy005_s4_c1_rnetol_d256_depth3_p20,seed367,367,399,39900,100,16,118.10627386424201,132.03581616195171,109.9451602646337,False,max_epochs,2025.462080001831
rl4crn_rne_oscillator_trace_8rxn_stop_risksched085to09_lr1e4_entropy005_s4_c1_rnetol_d256_depth3_p20,seed367,367,400,40000,100,16,118.48441509222985,130.88471844531796,109.9451602646337,False,max_epochs,2030.5210070610046
rl4crn_rne_oscillator_trace_8rxn_stop_risksched085to09_lr1e4_entropy005_s4_c1_rnetol_d256_depth3_p20,seed367,367,401,40100,100,16,102.94345459158384,128.79255355995892,102.94345459158384,False,max_epochs,2032.926910161972
rl4crn_rne_oscillator_trace_8rxn_stop_risksched085to09_lr1e4_entropy005_s4_c1_rnetol_d256_depth3_p20,seed367,367,402,40200,100,16,116.03283079322667,131.94817848204713,102.94345459158384,False,max_epochs,2038.1239709854126
rl4crn_rne_oscillator_trace_8rxn_stop_risksched085to09_lr1e4_entropy005_s4_c1_rnetol_d256_depth3_p20,seed367,367,403,40300,100,16,113.93706765430356,128.8673149151169,102.94345459158384,False,max_epochs,2043.8860108852386
rl4crn_rne_oscillator_trace_8rxn_stop_risksched085to09_lr1e4_entropy005_s4_c1_rnetol_d256_depth3_p20,seed367,367,404,40400,100,16,114.64220282548311,131.31510525327474,102.94345459158384,False,max_epochs,2049.508066892624
rl4crn_rne_oscillator_trace_8rxn_stop_risksched085to09_lr1e4_entropy005_s4_c1_rnetol_d256_depth3_p20,seed367,367,405,40500,100,16,115.12226063389011,128.96518687963032,102.94345459158384,False,max_epochs,2055.356077671051
rl4crn_rne_oscillator_trace_8rxn_stop_risksched085to09_lr1e4_entropy005_s4_c1_rnetol_d256_depth3_p20,seed367,367,406,40600,100,16,118.47317470191976,128.2803287050719,102.94345459158384,False,max_epochs,2061.071538925171
rl4crn_rne_oscillator_trace_8rxn_stop_risksched085to09_lr1e4_entropy005_s4_c1_rnetol_d256_depth3_p20,seed367,367,407,40700,100,16,117.2595193706698,130.20067049670075,102.94345459158384,False,max_epochs,2066.8420927524567
rl4crn_rne_oscillator_trace_8rxn_stop_risksched085to09_lr1e4_entropy005_s4_c1_rnetol_d256_depth3_p20,seed367,367,408,40800,100,16,109.7521435476828,132.70946195658112,102.94345459158384,False,max_epochs,2072.5533797740936
rl4crn_rne_oscillator_trace_8rxn_stop_risksched085to09_lr1e4_entropy005_s4_c1_rnetol_d256_depth3_p20,seed367,367,409,40900,100,16,117.67295117992212,131.545300144242,102.94345459158384,False,max_epochs,2077.670433282852
rl4crn_rne_oscillator_trace_8rxn_stop_risksched085to09_lr1e4_entropy005_s4_c1_rnetol_d256_depth3_p20,seed367,367,410,41000,100,16,115.31680297396363,130.850813176828,102.94345459158384,False,max_epochs,2083.223755836487
rl4crn_rne_oscillator_trace_8rxn_stop_risksched085to09_lr1e4_entropy005_s4_c1_rnetol_d256_depth3_p20,seed367,367,411,41100,100,16,111.40911322688439,129.74120206268162,102.94345459158384,False,max_epochs,2088.4783260822296
rl4crn_rne_oscillator_trace_8rxn_stop_risksched085to09_lr1e4_entropy005_s4_c1_rnetol_d256_depth3_p20,seed367,367,412,41200,100,16,112.70260815537208,132.07028336214483,102.94345459158384,False,max_epochs,2093.700115919113
rl4crn_rne_oscillator_trace_8rxn_stop_risksched085to09_lr1e4_entropy005_s4_c1_rnetol_d256_depth3_p20,seed367,367,413,41300,100,16,115.44187507778537,132.5784581092807,102.94345459158384,False,max_epochs,2098.757407426834
rl4crn_rne_oscillator_trace_8rxn_stop_risksched085to09_lr1e4_entropy005_s4_c1_rnetol_d256_depth3_p20,seed367,367,414,41400,100,16,116.86737152875392,129.82451213992925,102.94345459158384,False,max_epochs,2101.348218679428
rl4crn_rne_oscillator_trace_8rxn_stop_risksched085to09_lr1e4_entropy005_s4_c1_rnetol_d256_depth3_p20,seed367,367,415,41500,100,16,113.80598590625841,134.81209865528393,102.94345459158384,False,max_epochs,2106.4809844493866
rl4crn_rne_oscillator_trace_8rxn_stop_risksched085to09_lr1e4_entropy005_s4_c1_rnetol_d256_depth3_p20,seed367,367,416,41600,100,16,114.29244118524028,131.13675029136272,102.94345459158384,False,max_epochs,2112.067656517029
rl4crn_rne_oscillator_trace_8rxn_stop_risksched085to09_lr1e4_entropy005_s4_c1_rnetol_d256_depth3_p20,seed367,367,417,41700,100,16,116.82851302396281,129.50747489564208,102.94345459158384,False,max_epochs,2118.0938704013824
rl4crn_rne_oscillator_trace_8rxn_stop_risksched085to09_lr1e4_entropy005_s4_c1_rnetol_d256_depth3_p20,seed367,367,418,41800,100,16,117.37567202592507,128.30508441832245,102.94345459158384,False,max_epochs,2123.6678807735443
rl4crn_rne_oscillator_trace_8rxn_stop_risksched085to09_lr1e4_entropy005_s4_c1_rnetol_d256_depth3_p20,seed367,367,419,41900,100,16,115.84845117208611,130.25778658965623,102.94345459158384,False,max_epochs,2129.298031568527
rl4crn_rne_oscillator_trace_8rxn_stop_risksched085to09_lr1e4_entropy005_s4_c1_rnetol_d256_depth3_p20,seed367,367,420,42000,100,16,116.20001182540864,130.89056197922258,102.94345459158384,False,max_epochs,2134.7195167541504
rl4crn_rne_oscillator_trace_8rxn_stop_risksched085to09_lr1e4_entropy005_s4_c1_rnetol_d256_depth3_p20,seed367,367,421,42100,100,16,114.20716156852018,130.94676818806704,102.94345459158384,False,max_epochs,2139.4598755836487
rl4crn_rne_oscillator_trace_8rxn_stop_risksched085to09_lr1e4_entropy005_s4_c1_rnetol_d256_depth3_p20,seed367,367,422,42200,100,16,111.03478411070171,132.31452439399155,102.94345459158384,False,max_epochs,2144.783702611923
rl4crn_rne_oscillator_trace_8rxn_stop_risksched085to09_lr1e4_entropy005_s4_c1_rnetol_d256_depth3_p20,seed367,367,423,42300,100,16,114.41043503401258,128.6352684037252,102.94345459158384,False,max_epochs,2148.4511156082153
rl4crn_rne_oscillator_trace_8rxn_stop_risksched085to09_lr1e4_entropy005_s4_c1_rnetol_d256_depth3_p20,seed367,367,424,42400,100,16,117.02202565899358,132.13530176467933,102.94345459158384,False,max_epochs,2152.221655845642
rl4crn_rne_oscillator_trace_8rxn_stop_risksched085to09_lr1e4_entropy005_s4_c1_rnetol_d256_depth3_p20,seed367,367,425,42500,100,16,116.39686520214886,132.45404541682615,102.94345459158384,False,max_epochs,2157.502774000168
rl4crn_rne_oscillator_trace_8rxn_stop_risksched085to09_lr1e4_entropy005_s4_c1_rnetol_d256_depth3_p20,seed367,367,426,42600,100,16,115.5488923588064,131.8775986656898,102.94345459158384,False,max_epochs,2162.888142347336
rl4crn_rne_oscillator_trace_8rxn_stop_risksched085to09_lr1e4_entropy005_s4_c1_rnetol_d256_depth3_p20,seed367,367,427,42700,100,16,112.64453550842525,131.7983570918791,102.94345459158384,False,max_epochs,2168.3294949531555
rl4crn_rne_oscillator_trace_8rxn_stop_risksched085to09_lr1e4_entropy005_s4_c1_rnetol_d256_depth3_p20,seed367,367,428,42800,100,16,117.53579542947524,131.59586684535708,102.94345459158384,False,max_epochs,2173.3615210056305
rl4crn_rne_oscillator_trace_8rxn_stop_risksched085to09_lr1e4_entropy005_s4_c1_rnetol_d256_depth3_p20,seed367,367,429,42900,100,16,117.77400205084334,131.4947299258882,102.94345459158384,False,max_epochs,2178.2522447109222
rl4crn_rne_oscillator_trace_8rxn_stop_risksched085to09_lr1e4_entropy005_s4_c1_rnetol_d256_depth3_p20,seed367,367,430,43000,100,16,116.96865671258718,132.1780977803097,102.94345459158384,False,max_epochs,2183.284370660782
rl4crn_rne_oscillator_trace_8rxn_stop_risksched085to09_lr1e4_entropy005_s4_c1_rnetol_d256_depth3_p20,seed367,367,431,43100,100,16,113.8579302017995,131.59656323254296,102.94345459158384,False,max_epochs,2186.18608546257
rl4crn_rne_oscillator_trace_8rxn_stop_risksched085to09_lr1e4_entropy005_s4_c1_rnetol_d256_depth3_p20,seed367,367,432,43200,100,16,111.25399922495943,129.5831715411608,102.94345459158384,False,max_epochs,2191.0567429065704
rl4crn_rne_oscillator_trace_8rxn_stop_risksched085to09_lr1e4_entropy005_s4_c1_rnetol_d256_depth3_p20,seed367,367,433,43300,100,16,115.58246054304287,130.1052723748643,102.94345459158384,False,max_epochs,2196.269014120102
rl4crn_rne_oscillator_trace_8rxn_stop_risksched085to09_lr1e4_entropy005_s4_c1_rnetol_d256_depth3_p20,seed367,367,434,43400,100,16,118.78726819476061,131.82974889495446,102.94345459158384,False,max_epochs,2201.602789402008
rl4crn_rne_oscillator_trace_8rxn_stop_risksched085to09_lr1e4_entropy005_s4_c1_rnetol_d256_depth3_p20,seed367,367,435,43500,100,16,109.83087614280163,130.98667496041662,102.94345459158384,False,max_epochs,2207.09455370903
rl4crn_rne_oscillator_trace_8rxn_stop_risksched085to09_lr1e4_entropy005_s4_c1_rnetol_d256_depth3_p20,seed367,367,436,43600,100,16,111.11876115423601,131.2644242987729,102.94345459158384,False,max_epochs,2212.9390869140625
rl4crn_rne_oscillator_trace_8rxn_stop_risksched085to09_lr1e4_entropy005_s4_c1_rnetol_d256_depth3_p20,seed367,367,437,43700,100,16,112.06810517251198,134.15793882221598,102.94345459158384,False,max_epochs,2218.7598598003387
rl4crn_rne_oscillator_trace_8rxn_stop_risksched085to09_lr1e4_entropy005_s4_c1_rnetol_d256_depth3_p20,seed367,367,438,43800,100,16,119.53288905201269,131.91171849877938,102.94345459158384,False,max_epochs,2224.319067001343
rl4crn_rne_oscillator_trace_8rxn_stop_risksched085to09_lr1e4_entropy005_s4_c1_rnetol_d256_depth3_p20,seed367,367,439,43900,100,16,118.3800239827696,132.6286122946024,102.94345459158384,False,max_epochs,2229.188276052475
rl4crn_rne_oscillator_trace_8rxn_stop_risksched085to09_lr1e4_entropy005_s4_c1_rnetol_d256_depth3_p20,seed367,367,440,44000,100,16,115.32265072327475,131.0090070903142,102.94345459158384,False,max_epochs,2234.3405661582947
rl4crn_rne_oscillator_trace_8rxn_stop_risksched085to09_lr1e4_entropy005_s4_c1_rnetol_d256_depth3_p20,seed367,367,441,44100,100,16,113.5221956350169,131.27660164545932,102.94345459158384,False,max_epochs,2239.3313448429108
rl4crn_rne_oscillator_trace_8rxn_stop_risksched085to09_lr1e4_entropy005_s4_c1_rnetol_d256_depth3_p20,seed367,367,442,44200,100,16,114.08356351839132,131.1082268225378,102.94345459158384,False,max_epochs,2241.671911716461
rl4crn_rne_oscillator_trace_8rxn_stop_risksched085to09_lr1e4_entropy005_s4_c1_rnetol_d256_depth3_p20,seed367,367,443,44300,100,16,112.3266447324226,131.57932271254305,102.94345459158384,False,max_epochs,2247.0681121349335
rl4crn_rne_oscillator_trace_8rxn_stop_risksched085to09_lr1e4_entropy005_s4_c1_rnetol_d256_depth3_p20,seed367,367,444,44400,100,16,115.88994995896836,131.35525366582277,102.94345459158384,False,max_epochs,2252.6227946281433
rl4crn_rne_oscillator_trace_8rxn_stop_risksched085to09_lr1e4_entropy005_s4_c1_rnetol_d256_depth3_p20,seed367,367,445,44500,100,16,111.32010396974817,135.42400767697626,102.94345459158384,False,max_epochs,2257.8040618896484
rl4crn_rne_oscillator_trace_8rxn_stop_risksched085to09_lr1e4_entropy005_s4_c1_rnetol_d256_depth3_p20,seed367,367,446,44600,100,16,118.23305055017089,132.10735311337558,102.94345459158384,False,max_epochs,2262.786213159561
rl4crn_rne_oscillator_trace_8rxn_stop_risksched085to09_lr1e4_entropy005_s4_c1_rnetol_d256_depth3_p20,seed367,367,447,44700,100,16,115.91585142462816,131.75815762043362,102.94345459158384,False,max_epochs,2267.880500793457
rl4crn_rne_oscillator_trace_8rxn_stop_risksched085to09_lr1e4_entropy005_s4_c1_rnetol_d256_depth3_p20,seed367,367,448,44800,100,16,116.50894949267212,131.91397125611064,102.94345459158384,False,max_epochs,2270.3640089035034
rl4crn_rne_oscillator_trace_8rxn_stop_risksched085to09_lr1e4_entropy005_s4_c1_rnetol_d256_depth3_p20,seed367,367,449,44900,100,16,119.37186334458292,131.72908653113805,102.94345459158384,False,max_epochs,2275.5563690662384
rl4crn_rne_oscillator_trace_8rxn_stop_risksched085to09_lr1e4_entropy005_s4_c1_rnetol_d256_depth3_p20,seed367,367,450,45000,100,16,109.01569563609428,132.55657582769868,102.94345459158384,False,max_epochs,2280.9936089515686
rl4crn_rne_oscillator_trace_8rxn_stop_risksched085to09_lr1e4_entropy005_s4_c1_rnetol_d256_depth3_p20,seed367,367,451,45100,100,16,109.77352411613316,131.133506319251,102.94345459158384,False,max_epochs,2286.3147377967834
rl4crn_rne_oscillator_trace_8rxn_stop_risksched085to09_lr1e4_entropy005_s4_c1_rnetol_d256_depth3_p20,seed367,367,452,45200,100,16,117.07574975405947,133.99596994805415,102.94345459158384,False,max_epochs,2291.4109721183777
rl4crn_rne_oscillator_trace_8rxn_stop_risksched085to09_lr1e4_entropy005_s4_c1_rnetol_d256_depth3_p20,seed367,367,453,45300,100,16,108.9802445258825,130.78546041976742,102.94345459158384,False,max_epochs,2296.285662174225
rl4crn_rne_oscillator_trace_8rxn_stop_risksched085to09_lr1e4_entropy005_s4_c1_rnetol_d256_depth3_p20,seed367,367,454,45400,100,16,115.00890483103649,132.35836529008668,102.94345459158384,False,max_epochs,2300.334640264511
rl4crn_rne_oscillator_trace_8rxn_stop_risksched085to09_lr1e4_entropy005_s4_c1_rnetol_d256_depth3_p20,seed367,367,455,45500,100,16,116.22374670737904,133.9919722516015,102.94345459158384,False,max_epochs,2303.7439579963684
rl4crn_rne_oscillator_trace_8rxn_stop_risksched085to09_lr1e4_entropy005_s4_c1_rnetol_d256_depth3_p20,seed367,367,456,45600,100,16,115.53888183044505,132.5787594263598,102.94345459158384,False,max_epochs,2309.1989030838013
rl4crn_rne_oscillator_trace_8rxn_stop_risksched085to09_lr1e4_entropy005_s4_c1_rnetol_d256_depth3_p20,seed367,367,457,45700,100,16,113.05266946893953,130.5125714541341,102.94345459158384,False,max_epochs,2315.2755897045135
rl4crn_rne_oscillator_trace_8rxn_stop_risksched085to09_lr1e4_entropy005_s4_c1_rnetol_d256_depth3_p20,seed367,367,458,45800,100,16,108.29301076707598,131.46919042923383,102.94345459158384,False,max_epochs,2320.7843704223633
rl4crn_rne_oscillator_trace_8rxn_stop_risksched085to09_lr1e4_entropy005_s4_c1_rnetol_d256_depth3_p20,seed367,367,459,45900,100,16,113.26906400076628,132.24268539990783,102.94345459158384,False,max_epochs,2326.04811501503
rl4crn_rne_oscillator_trace_8rxn_stop_risksched085to09_lr1e4_entropy005_s4_c1_rnetol_d256_depth3_p20,seed367,367,460,46000,100,16,108.68581723992095,132.0361945666031,102.94345459158384,False,max_epochs,2331.815454721451
rl4crn_rne_oscillator_trace_8rxn_stop_risksched085to09_lr1e4_entropy005_s4_c1_rnetol_d256_depth3_p20,seed367,367,461,46100,100,16,113.6260228025813,131.5987265322466,102.94345459158384,False,max_epochs,2337.2060782909393
rl4crn_rne_oscillator_trace_8rxn_stop_risksched085to09_lr1e4_entropy005_s4_c1_rnetol_d256_depth3_p20,seed367,367,462,46200,100,16,111.13161071446915,134.52193779065777,102.94345459158384,False,max_epochs,2342.2113180160522
rl4crn_rne_oscillator_trace_8rxn_stop_risksched085to09_lr1e4_entropy005_s4_c1_rnetol_d256_depth3_p20,seed367,367,463,46300,100,16,109.56162846559036,133.17180150335577,102.94345459158384,False,max_epochs,2347.0686740875244
rl4crn_rne_oscillator_trace_8rxn_stop_risksched085to09_lr1e4_entropy005_s4_c1_rnetol_d256_depth3_p20,seed367,367,464,46400,100,16,116.08540566737663,130.9878094340268,102.94345459158384,False,max_epochs,2349.3914580345154
rl4crn_rne_oscillator_trace_8rxn_stop_risksched085to09_lr1e4_entropy005_s4_c1_rnetol_d256_depth3_p20,seed367,367,465,46500,100,16,114.4021239046618,134.24076775422128,102.94345459158384,False,max_epochs,2354.4552886486053
rl4crn_rne_oscillator_trace_8rxn_stop_risksched085to09_lr1e4_entropy005_s4_c1_rnetol_d256_depth3_p20,seed367,367,466,46600,100,16,113.24168334051524,133.80274692443646,102.94345459158384,False,max_epochs,2359.515038251877
rl4crn_rne_oscillator_trace_8rxn_stop_risksched085to09_lr1e4_entropy005_s4_c1_rnetol_d256_depth3_p20,seed367,367,467,46700,100,16,115.74667465261821,134.30877895614265,102.94345459158384,False,max_epochs,2365.5408918857574
rl4crn_rne_oscillator_trace_8rxn_stop_risksched085to09_lr1e4_entropy005_s4_c1_rnetol_d256_depth3_p20,seed367,367,468,46800,100,16,112.04959146151396,135.10461477465086,102.94345459158384,False,max_epochs,2371.035415649414
rl4crn_rne_oscillator_trace_8rxn_stop_risksched085to09_lr1e4_entropy005_s4_c1_rnetol_d256_depth3_p20,seed367,367,469,46900,100,16,115.75595161413004,134.9287535850446,102.94345459158384,False,max_epochs,2377.205580472946
rl4crn_rne_oscillator_trace_8rxn_stop_risksched085to09_lr1e4_entropy005_s4_c1_rnetol_d256_depth3_p20,seed367,367,470,47000,100,16,115.13597581960028,130.28793111353826,102.94345459158384,False,max_epochs,2382.7409329414368
rl4crn_rne_oscillator_trace_8rxn_stop_risksched085to09_lr1e4_entropy005_s4_c1_rnetol_d256_depth3_p20,seed367,367,471,47100,100,16,116.06133405408092,133.77142872927396,102.94345459158384,False,max_epochs,2387.615031003952
rl4crn_rne_oscillator_trace_8rxn_stop_risksched085to09_lr1e4_entropy005_s4_c1_rnetol_d256_depth3_p20,seed367,367,472,47200,100,16,112.25979333223384,136.69867413699427,102.94345459158384,False,max_epochs,2392.8636713027954
rl4crn_rne_oscillator_trace_8rxn_stop_risksched085to09_lr1e4_entropy005_s4_c1_rnetol_d256_depth3_p20,seed367,367,473,47300,100,16,110.05533433999037,131.28819951221388,102.94345459158384,False,max_epochs,2398.1704943180084
rl4crn_rne_oscillator_trace_8rxn_stop_risksched085to09_lr1e4_entropy005_s4_c1_rnetol_d256_depth3_p20,seed367,367,474,47400,100,16,110.91492923532782,133.9480560465245,102.94345459158384,False,max_epochs,2402.9369118213654
rl4crn_rne_oscillator_trace_8rxn_stop_risksched085to09_lr1e4_entropy005_s4_c1_rnetol_d256_depth3_p20,seed367,367,475,47500,100,16,116.46974557154472,135.19011313684297,102.94345459158384,False,max_epochs,2405.376387834549
rl4crn_rne_oscillator_trace_8rxn_stop_risksched085to09_lr1e4_entropy005_s4_c1_rnetol_d256_depth3_p20,seed367,367,476,47600,100,16,114.22223138869693,129.37144199581098,102.94345459158384,False,max_epochs,2410.6575326919556
rl4crn_rne_oscillator_trace_8rxn_stop_risksched085to09_lr1e4_entropy005_s4_c1_rnetol_d256_depth3_p20,seed367,367,477,47700,100,16,114.57782059300705,133.07900210220245,102.94345459158384,False,max_epochs,2416.0325701236725
rl4crn_rne_oscillator_trace_8rxn_stop_risksched085to09_lr1e4_entropy005_s4_c1_rnetol_d256_depth3_p20,seed367,367,478,47800,100,16,111.3534338252208,133.03774285283083,102.94345459158384,False,max_epochs,2421.626617908478
rl4crn_rne_oscillator_trace_8rxn_stop_risksched085to09_lr1e4_entropy005_s4_c1_rnetol_d256_depth3_p20,seed367,367,479,47900,100,16,112.7215073670407,130.93433041364472,102.94345459158384,False,max_epochs,2427.1110475063324
rl4crn_rne_oscillator_trace_8rxn_stop_risksched085to09_lr1e4_entropy005_s4_c1_rnetol_d256_depth3_p20,seed367,367,480,48000,100,16,109.99553299659861,130.18604181529312,102.94345459158384,False,max_epochs,2432.129698753357
rl4crn_rne_oscillator_trace_8rxn_stop_risksched085to09_lr1e4_entropy005_s4_c1_rnetol_d256_depth3_p20,seed367,367,481,48100,100,16,110.04127168204464,131.7842219632962,102.94345459158384,False,max_epochs,2437.2562322616577
rl4crn_rne_oscillator_trace_8rxn_stop_risksched085to09_lr1e4_entropy005_s4_c1_rnetol_d256_depth3_p20,seed367,367,482,48200,100,16,108.29524078735454,131.80221348543728,102.94345459158384,False,max_epochs,2439.549962759018
rl4crn_rne_oscillator_trace_8rxn_stop_risksched085to09_lr1e4_entropy005_s4_c1_rnetol_d256_depth3_p20,seed367,367,483,48300,100,16,112.28895513418158,131.7360906514004,102.94345459158384,False,max_epochs,2444.948949098587
rl4crn_rne_oscillator_trace_8rxn_stop_risksched085to09_lr1e4_entropy005_s4_c1_rnetol_d256_depth3_p20,seed367,367,484,48400,100,16,114.27743605846727,131.75311690618256,102.94345459158384,False,max_epochs,2449.9538774490356
rl4crn_rne_oscillator_trace_8rxn_stop_risksched085to09_lr1e4_entropy005_s4_c1_rnetol_d256_depth3_p20,seed367,367,485,48500,100,16,112.92527770998245,132.4972080680871,102.94345459158384,False,max_epochs,2455.7227811813354
rl4crn_rne_oscillator_trace_8rxn_stop_risksched085to09_lr1e4_entropy005_s4_c1_rnetol_d256_depth3_p20,seed367,367,486,48600,100,16,111.49319105528619,133.3813217175034,102.94345459158384,False,max_epochs,2461.2856001853943
rl4crn_rne_oscillator_trace_8rxn_stop_risksched085to09_lr1e4_entropy005_s4_c1_rnetol_d256_depth3_p20,seed367,367,487,48700,100,16,115.20705663648458,132.2810683083273,102.94345459158384,False,max_epochs,2466.5941185951233
rl4crn_rne_oscillator_trace_8rxn_stop_risksched085to09_lr1e4_entropy005_s4_c1_rnetol_d256_depth3_p20,seed367,367,488,48800,100,16,110.20738450051313,131.8471146205015,102.94345459158384,False,max_epochs,2471.8152961730957
rl4crn_rne_oscillator_trace_8rxn_stop_risksched085to09_lr1e4_entropy005_s4_c1_rnetol_d256_depth3_p20,seed367,367,489,48900,100,16,111.2250437135377,132.26480780951266,102.94345459158384,False,max_epochs,2475.221300840378
rl4crn_rne_oscillator_trace_8rxn_stop_risksched085to09_lr1e4_entropy005_s4_c1_rnetol_d256_depth3_p20,seed367,367,490,49000,100,16,116.60409382294051,133.73745715140046,102.94345459158384,False,max_epochs,2478.437299966812
rl4crn_rne_oscillator_trace_8rxn_stop_risksched085to09_lr1e4_entropy005_s4_c1_rnetol_d256_depth3_p20,seed367,367,491,49100,100,16,111.39354736097145,131.70063469241182,102.94345459158384,False,max_epochs,2484.0070626735687
rl4crn_rne_oscillator_trace_8rxn_stop_risksched085to09_lr1e4_entropy005_s4_c1_rnetol_d256_depth3_p20,seed367,367,492,49200,100,16,111.84315121897188,134.16722731037902,102.94345459158384,False,max_epochs,2489.35853433609
rl4crn_rne_oscillator_trace_8rxn_stop_risksched085to09_lr1e4_entropy005_s4_c1_rnetol_d256_depth3_p20,seed367,367,493,49300,100,16,107.27249900183736,130.20356995421596,102.94345459158384,False,max_epochs,2494.9395384788513
rl4crn_rne_oscillator_trace_8rxn_stop_risksched085to09_lr1e4_entropy005_s4_c1_rnetol_d256_depth3_p20,seed367,367,494,49400,100,16,109.51307260153462,133.1345886217216,102.94345459158384,False,max_epochs,2500.5320982933044
rl4crn_rne_oscillator_trace_8rxn_stop_risksched085to09_lr1e4_entropy005_s4_c1_rnetol_d256_depth3_p20,seed367,367,495,49500,100,16,110.33276484818465,132.92276926061655,102.94345459158384,False,max_epochs,2505.5570137500763
rl4crn_rne_oscillator_trace_8rxn_stop_risksched085to09_lr1e4_entropy005_s4_c1_rnetol_d256_depth3_p20,seed367,367,496,49600,100,16,114.62810498319509,135.16686309808762,102.94345459158384,False,max_epochs,2510.5094237327576
rl4crn_rne_oscillator_trace_8rxn_stop_risksched085to09_lr1e4_entropy005_s4_c1_rnetol_d256_depth3_p20,seed367,367,497,49700,100,16,107.90594177281442,131.3535233992685,102.94345459158384,False,max_epochs,2512.769112586975
rl4crn_rne_oscillator_trace_8rxn_stop_risksched085to09_lr1e4_entropy005_s4_c1_rnetol_d256_depth3_p20,seed367,367,498,49800,100,16,114.56195145414488,134.6936651984766,102.94345459158384,False,max_epochs,2517.821858406067
rl4crn_rne_oscillator_trace_8rxn_stop_risksched085to09_lr1e4_entropy005_s4_c1_rnetol_d256_depth3_p20,seed367,367,499,49900,100,16,114.39030216182044,134.43161353882013,102.94345459158384,False,max_epochs,2523.2243242263794
rl4crn_rne_oscillator_trace_8rxn_stop_risksched085to09_lr1e4_entropy005_s4_c1_rnetol_d256_depth3_p20,seed367,367,500,50000,100,16,112.74695203441335,130.92849368352506,102.94345459158384,False,max_epochs,2528.8427472114563
rl4crn_rne_oscillator_trace_8rxn_stop_risksched085to09_lr1e4_entropy005_s4_c1_rnetol_d256_depth3_p20,seed367,367,501,50100,100,16,112.84918368785306,135.67399047254287,102.94345459158384,False,max_epochs,2534.019510746002
rl4crn_rne_oscillator_trace_8rxn_stop_risksched085to09_lr1e4_entropy005_s4_c1_rnetol_d256_depth3_p20,seed367,367,502,50200,100,16,111.47629745649232,136.39865523985975,102.94345459158384,False,max_epochs,2539.450845718384
rl4crn_rne_oscillator_trace_8rxn_stop_risksched085to09_lr1e4_entropy005_s4_c1_rnetol_d256_depth3_p20,seed367,367,503,50300,100,16,111.93913013023729,132.82357834373454,102.94345459158384,False,max_epochs,2541.5434651374817
rl4crn_rne_oscillator_trace_8rxn_stop_risksched085to09_lr1e4_entropy005_s4_c1_rnetol_d256_depth3_p20,seed367,367,504,50400,100,16,113.54288002558366,133.6651947150478,102.94345459158384,False,max_epochs,2546.654070854187
rl4crn_rne_oscillator_trace_8rxn_stop_risksched085to09_lr1e4_entropy005_s4_c1_rnetol_d256_depth3_p20,seed367,367,505,50500,100,16,109.03386436552793,131.65581710374386,102.94345459158384,False,max_epochs,2551.9348871707916
rl4crn_rne_oscillator_trace_8rxn_stop_risksched085to09_lr1e4_entropy005_s4_c1_rnetol_d256_depth3_p20,seed367,367,506,50600,100,16,106.54673706199598,137.85088741932145,102.94345459158384,False,max_epochs,2557.608601808548
rl4crn_rne_oscillator_trace_8rxn_stop_risksched085to09_lr1e4_entropy005_s4_c1_rnetol_d256_depth3_p20,seed367,367,507,50700,100,16,113.40660305536949,132.80371608996978,102.94345459158384,False,max_epochs,2563.330986261368
rl4crn_rne_oscillator_trace_8rxn_stop_risksched085to09_lr1e4_entropy005_s4_c1_rnetol_d256_depth3_p20,seed367,367,508,50800,100,16,113.19599252423227,133.70324638835393,102.94345459158384,False,max_epochs,2569.4317021369934
rl4crn_rne_oscillator_trace_8rxn_stop_risksched085to09_lr1e4_entropy005_s4_c1_rnetol_d256_depth3_p20,seed367,367,509,50900,100,16,112.78057645331698,130.80333014208344,102.94345459158384,False,max_epochs,2574.324563264847
rl4crn_rne_oscillator_trace_8rxn_stop_risksched085to09_lr1e4_entropy005_s4_c1_rnetol_d256_depth3_p20,seed367,367,510,51000,100,16,106.67464154123657,138.18516125788386,102.94345459158384,False,max_epochs,2579.5466599464417
rl4crn_rne_oscillator_trace_8rxn_stop_risksched085to09_lr1e4_entropy005_s4_c1_rnetol_d256_depth3_p20,seed367,367,511,51100,100,16,110.17740137936943,131.7620897186383,102.94345459158384,False,max_epochs,2584.87898850441
rl4crn_rne_oscillator_trace_8rxn_stop_risksched085to09_lr1e4_entropy005_s4_c1_rnetol_d256_depth3_p20,seed367,367,512,51200,100,16,113.96586158454554,133.59329229635227,102.94345459158384,False,max_epochs,2589.930713891983
rl4crn_rne_oscillator_trace_8rxn_stop_risksched085to09_lr1e4_entropy005_s4_c1_rnetol_d256_depth3_p20,seed367,367,513,51300,100,16,106.59972496445265,133.7187889075159,102.94345459158384,False,max_epochs,2592.489830970764
rl4crn_rne_oscillator_trace_8rxn_stop_risksched085to09_lr1e4_entropy005_s4_c1_rnetol_d256_depth3_p20,seed367,367,514,51400,100,16,113.12554850730325,133.27955909529328,102.94345459158384,False,max_epochs,2597.1929454803467
rl4crn_rne_oscillator_trace_8rxn_stop_risksched085to09_lr1e4_entropy005_s4_c1_rnetol_d256_depth3_p20,seed367,367,515,51500,100,16,108.40757847268101,135.22749036663697,102.94345459158384,False,max_epochs,2602.903947353363
rl4crn_rne_oscillator_trace_8rxn_stop_risksched085to09_lr1e4_entropy005_s4_c1_rnetol_d256_depth3_p20,seed367,367,516,51600,100,16,107.21606319066098,132.3075867336036,102.94345459158384,False,max_epochs,2608.05158162117
rl4crn_rne_oscillator_trace_8rxn_stop_risksched085to09_lr1e4_entropy005_s4_c1_rnetol_d256_depth3_p20,seed367,367,517,51700,100,16,115.01790981397848,134.63735139828825,102.94345459158384,False,max_epochs,2613.4132068157196
rl4crn_rne_oscillator_trace_8rxn_stop_risksched085to09_lr1e4_entropy005_s4_c1_rnetol_d256_depth3_p20,seed367,367,518,51800,100,16,106.63367054061382,131.66166066478178,102.94345459158384,False,max_epochs,2618.8058915138245
rl4crn_rne_oscillator_trace_8rxn_stop_risksched085to09_lr1e4_entropy005_s4_c1_rnetol_d256_depth3_p20,seed367,367,519,51900,100,16,115.38975810402725,135.0247820637553,102.94345459158384,False,max_epochs,2624.2797989845276
rl4crn_rne_oscillator_trace_8rxn_stop_risksched085to09_lr1e4_entropy005_s4_c1_rnetol_d256_depth3_p20,seed367,367,520,52000,100,16,112.10179860488306,137.35553620245338,102.94345459158384,False,max_epochs,2629.380096435547
rl4crn_rne_oscillator_trace_8rxn_stop_risksched085to09_lr1e4_entropy005_s4_c1_rnetol_d256_depth3_p20,seed367,367,521,52100,100,16,111.73428199018187,134.49029363150714,102.94345459158384,False,max_epochs,2634.3041009902954
rl4crn_rne_oscillator_trace_8rxn_stop_risksched085to09_lr1e4_entropy005_s4_c1_rnetol_d256_depth3_p20,seed367,367,522,52200,100,16,111.40100884080161,132.90958272163064,102.94345459158384,False,max_epochs,2636.7198362350464
rl4crn_rne_oscillator_trace_8rxn_stop_risksched085to09_lr1e4_entropy005_s4_c1_rnetol_d256_depth3_p20,seed367,367,523,52300,100,16,111.21271440337046,135.4951053361833,102.94345459158384,False,max_epochs,2641.289632797241
rl4crn_rne_oscillator_trace_8rxn_stop_risksched085to09_lr1e4_entropy005_s4_c1_rnetol_d256_depth3_p20,seed367,367,524,52400,100,16,112.51193911210117,138.57883523313262,102.94345459158384,False,max_epochs,2646.7456934452057
rl4crn_rne_oscillator_trace_8rxn_stop_risksched085to09_lr1e4_entropy005_s4_c1_rnetol_d256_depth3_p20,seed367,367,525,52500,100,16,115.15965430860183,132.7949034719996,102.94345459158384,False,max_epochs,2652.238731622696
rl4crn_rne_oscillator_trace_8rxn_stop_risksched085to09_lr1e4_entropy005_s4_c1_rnetol_d256_depth3_p20,seed367,367,526,52600,100,16,112.50090594772098,132.67068507602352,102.94345459158384,False,max_epochs,2658.0589611530304
rl4crn_rne_oscillator_trace_8rxn_stop_risksched085to09_lr1e4_entropy005_s4_c1_rnetol_d256_depth3_p20,seed367,367,527,52700,100,16,113.15165995343771,135.39698275089214,102.94345459158384,False,max_epochs,2664.009209394455
rl4crn_rne_oscillator_trace_8rxn_stop_risksched085to09_lr1e4_entropy005_s4_c1_rnetol_d256_depth3_p20,seed367,367,528,52800,100,16,113.08489725846451,136.1545779517371,102.94345459158384,False,max_epochs,2669.453435897827
rl4crn_rne_oscillator_trace_8rxn_stop_risksched085to09_lr1e4_entropy005_s4_c1_rnetol_d256_depth3_p20,seed367,367,529,52900,100,16,114.93577995909064,131.67551641969862,102.94345459158384,False,max_epochs,2675.245557308197
rl4crn_rne_oscillator_trace_8rxn_stop_risksched085to09_lr1e4_entropy005_s4_c1_rnetol_d256_depth3_p20,seed367,367,530,53000,100,16,107.69059982662901,131.20292156844468,102.94345459158384,False,max_epochs,2681.056791305542
rl4crn_rne_oscillator_trace_8rxn_stop_risksched085to09_lr1e4_entropy005_s4_c1_rnetol_d256_depth3_p20,seed367,367,531,53100,100,16,105.82597173534809,133.97200057791792,102.94345459158384,False,max_epochs,2686.5364084243774
rl4crn_rne_oscillator_trace_8rxn_stop_risksched085to09_lr1e4_entropy005_s4_c1_rnetol_d256_depth3_p20,seed367,367,532,53200,100,16,111.4202338706587,132.84881668042695,102.94345459158384,False,max_epochs,2692.424220085144
rl4crn_rne_oscillator_trace_8rxn_stop_risksched085to09_lr1e4_entropy005_s4_c1_rnetol_d256_depth3_p20,seed367,367,533,53300,100,16,107.36017990615603,133.1871354709552,102.94345459158384,False,max_epochs,2698.0694761276245
rl4crn_rne_oscillator_trace_8rxn_stop_risksched085to09_lr1e4_entropy005_s4_c1_rnetol_d256_depth3_p20,seed367,367,534,53400,100,16,114.58919358648635,132.40144085248977,102.94345459158384,False,max_epochs,2703.5145213603973
rl4crn_rne_oscillator_trace_8rxn_stop_risksched085to09_lr1e4_entropy005_s4_c1_rnetol_d256_depth3_p20,seed367,367,535,53500,100,16,103.07080951594578,131.9578662696765,102.94345459158384,False,max_epochs,2709.157217979431
rl4crn_rne_oscillator_trace_8rxn_stop_risksched085to09_lr1e4_entropy005_s4_c1_rnetol_d256_depth3_p20,seed367,367,536,53600,100,16,106.98927586455949,130.72899824288754,102.94345459158384,False,max_epochs,2714.7599971294403
rl4crn_rne_oscillator_trace_8rxn_stop_risksched085to09_lr1e4_entropy005_s4_c1_rnetol_d256_depth3_p20,seed367,367,537,53700,100,16,111.68306954886538,134.73457051306542,102.94345459158384,False,max_epochs,2719.7570827007294
rl4crn_rne_oscillator_trace_8rxn_stop_risksched085to09_lr1e4_entropy005_s4_c1_rnetol_d256_depth3_p20,seed367,367,538,53800,100,16,108.17510769173869,133.056576916246,102.94345459158384,False,max_epochs,2724.9844398498535
rl4crn_rne_oscillator_trace_8rxn_stop_risksched085to09_lr1e4_entropy005_s4_c1_rnetol_d256_depth3_p20,seed367,367,539,53900,100,16,108.65051114743325,130.8128779681458,102.94345459158384,False,max_epochs,2727.3744807243347
rl4crn_rne_oscillator_trace_8rxn_stop_risksched085to09_lr1e4_entropy005_s4_c1_rnetol_d256_depth3_p20,seed367,367,540,54000,100,16,108.80466988393698,132.3906588381194,102.94345459158384,False,max_epochs,2731.924610853195
rl4crn_rne_oscillator_trace_8rxn_stop_risksched085to09_lr1e4_entropy005_s4_c1_rnetol_d256_depth3_p20,seed367,367,541,54100,100,16,113.60981897532085,134.2605550704892,102.94345459158384,False,max_epochs,2737.162927865982
rl4crn_rne_oscillator_trace_8rxn_stop_risksched085to09_lr1e4_entropy005_s4_c1_rnetol_d256_depth3_p20,seed367,367,542,54200,100,16,113.89718608041348,134.4369143013929,102.94345459158384,False,max_epochs,2742.797075033188
rl4crn_rne_oscillator_trace_8rxn_stop_risksched085to09_lr1e4_entropy005_s4_c1_rnetol_d256_depth3_p20,seed367,367,543,54300,100,16,110.37321037818444,131.82487324965115,102.94345459158384,False,max_epochs,2748.5505220890045
rl4crn_rne_oscillator_trace_8rxn_stop_risksched085to09_lr1e4_entropy005_s4_c1_rnetol_d256_depth3_p20,seed367,367,544,54400,100,16,110.87494780037491,132.8506176623261,102.94345459158384,False,max_epochs,2754.1767675876617
rl4crn_rne_oscillator_trace_8rxn_stop_risksched085to09_lr1e4_entropy005_s4_c1_rnetol_d256_depth3_p20,seed367,367,545,54500,100,16,111.68748331347739,132.2417881348789,102.94345459158384,False,max_epochs,2759.32093334198
rl4crn_rne_oscillator_trace_8rxn_stop_risksched085to09_lr1e4_entropy005_s4_c1_rnetol_d256_depth3_p20,seed367,367,546,54600,100,16,117.35520326202669,130.38189721064117,102.94345459158384,False,max_epochs,2764.153958797455
rl4crn_rne_oscillator_trace_8rxn_stop_risksched085to09_lr1e4_entropy005_s4_c1_rnetol_d256_depth3_p20,seed367,367,547,54700,100,16,109.47545511121712,131.97979648427676,102.94345459158384,False,max_epochs,2769.473653078079
rl4crn_rne_oscillator_trace_8rxn_stop_risksched085to09_lr1e4_entropy005_s4_c1_rnetol_d256_depth3_p20,seed367,367,548,54800,100,16,113.15364105727329,133.71384610265955,102.94345459158384,False,max_epochs,2774.592284679413
rl4crn_rne_oscillator_trace_8rxn_stop_risksched085to09_lr1e4_entropy005_s4_c1_rnetol_d256_depth3_p20,seed367,367,549,54900,100,16,107.37662145743982,131.359895043785,102.94345459158384,False,max_epochs,2777.4625272750854
rl4crn_rne_oscillator_trace_8rxn_stop_risksched085to09_lr1e4_entropy005_s4_c1_rnetol_d256_depth3_p20,seed367,367,550,55000,100,16,111.22431411555912,131.26150127889994,102.94345459158384,False,max_epochs,2782.6770849227905
rl4crn_rne_oscillator_trace_8rxn_stop_risksched085to09_lr1e4_entropy005_s4_c1_rnetol_d256_depth3_p20,seed367,367,551,55100,100,16,112.26924961644501,133.07826689442942,102.94345459158384,False,max_epochs,2788.282415151596
rl4crn_rne_oscillator_trace_8rxn_stop_risksched085to09_lr1e4_entropy005_s4_c1_rnetol_d256_depth3_p20,seed367,367,552,55200,100,16,114.89950053180797,133.54706861229124,102.94345459158384,False,max_epochs,2793.221840620041
rl4crn_rne_oscillator_trace_8rxn_stop_risksched085to09_lr1e4_entropy005_s4_c1_rnetol_d256_depth3_p20,seed367,367,553,55300,100,16,113.16101444195627,132.2117416590459,102.94345459158384,False,max_epochs,2798.8580787181854
rl4crn_rne_oscillator_trace_8rxn_stop_risksched085to09_lr1e4_entropy005_s4_c1_rnetol_d256_depth3_p20,seed367,367,554,55400,100,16,112.88545790716287,132.53841099673116,102.94345459158384,False,max_epochs,2804.4411573410034
rl4crn_rne_oscillator_trace_8rxn_stop_risksched085to09_lr1e4_entropy005_s4_c1_rnetol_d256_depth3_p20,seed367,367,555,55500,100,16,115.71751494627189,133.07604197775356,102.94345459158384,False,max_epochs,2809.6212060451508
rl4crn_rne_oscillator_trace_8rxn_stop_risksched085to09_lr1e4_entropy005_s4_c1_rnetol_d256_depth3_p20,seed367,367,556,55600,100,16,114.4860635272002,132.15583059813792,102.94345459158384,False,max_epochs,2814.9202320575714
rl4crn_rne_oscillator_trace_8rxn_stop_risksched085to09_lr1e4_entropy005_s4_c1_rnetol_d256_depth3_p20,seed367,367,557,55700,100,16,109.65061113254778,136.55529555478586,102.94345459158384,False,max_epochs,2817.191531896591
rl4crn_rne_oscillator_trace_8rxn_stop_risksched085to09_lr1e4_entropy005_s4_c1_rnetol_d256_depth3_p20,seed367,367,558,55800,100,16,113.66511593035757,137.49284903617666,102.94345459158384,False,max_epochs,2822.0659329891205
rl4crn_rne_oscillator_trace_8rxn_stop_risksched085to09_lr1e4_entropy005_s4_c1_rnetol_d256_depth3_p20,seed367,367,559,55900,100,16,107.82325511084626,133.54381086141183,102.94345459158384,False,max_epochs,2827.604864835739
rl4crn_rne_oscillator_trace_8rxn_stop_risksched085to09_lr1e4_entropy005_s4_c1_rnetol_d256_depth3_p20,seed367,367,560,56000,100,16,110.09028401121711,130.57515601925292,102.94345459158384,False,max_epochs,2833.200769662857
rl4crn_rne_oscillator_trace_8rxn_stop_risksched085to09_lr1e4_entropy005_s4_c1_rnetol_d256_depth3_p20,seed367,367,561,56100,100,16,108.20041696806913,131.37744070516715,102.94345459158384,False,max_epochs,2838.6916468143463
rl4crn_rne_oscillator_trace_8rxn_stop_risksched085to09_lr1e4_entropy005_s4_c1_rnetol_d256_depth3_p20,seed367,367,562,56200,100,16,112.08341299991496,135.5086249843377,102.94345459158384,False,max_epochs,2843.7476608753204
rl4crn_rne_oscillator_trace_8rxn_stop_risksched085to09_lr1e4_entropy005_s4_c1_rnetol_d256_depth3_p20,seed367,367,563,56300,100,16,106.45519913588022,129.29559444439246,102.94345459158384,False,max_epochs,2849.022138595581
rl4crn_rne_oscillator_trace_8rxn_stop_risksched085to09_lr1e4_entropy005_s4_c1_rnetol_d256_depth3_p20,seed367,367,564,56400,100,16,113.45312608678245,134.59621266528808,102.94345459158384,False,max_epochs,2851.3551790714264
rl4crn_rne_oscillator_trace_8rxn_stop_risksched085to09_lr1e4_entropy005_s4_c1_rnetol_d256_depth3_p20,seed367,367,565,56500,100,16,115.42443495499575,132.84353559614198,102.94345459158384,False,max_epochs,2855.791443347931
rl4crn_rne_oscillator_trace_8rxn_stop_risksched085to09_lr1e4_entropy005_s4_c1_rnetol_d256_depth3_p20,seed367,367,566,56600,100,16,106.02786063231952,130.85250544951242,102.94345459158384,False,max_epochs,2861.5689449310303
rl4crn_rne_oscillator_trace_8rxn_stop_risksched085to09_lr1e4_entropy005_s4_c1_rnetol_d256_depth3_p20,seed367,367,567,56700,100,16,112.90151954967372,138.79901017244168,102.94345459158384,False,max_epochs,2867.2840588092804
rl4crn_rne_oscillator_trace_8rxn_stop_risksched085to09_lr1e4_entropy005_s4_c1_rnetol_d256_depth3_p20,seed367,367,568,56800,100,16,110.16117146448349,130.3275379082054,102.94345459158384,False,max_epochs,2872.789159297943
rl4crn_rne_oscillator_trace_8rxn_stop_risksched085to09_lr1e4_entropy005_s4_c1_rnetol_d256_depth3_p20,seed367,367,569,56900,100,16,113.65055978551041,131.83911035880575,102.94345459158384,False,max_epochs,2878.7928335666656
rl4crn_rne_oscillator_trace_8rxn_stop_risksched085to09_lr1e4_entropy005_s4_c1_rnetol_d256_depth3_p20,seed367,367,570,57000,100,16,114.10136022740694,133.99213768927888,102.94345459158384,False,max_epochs,2884.179600954056
rl4crn_rne_oscillator_trace_8rxn_stop_risksched085to09_lr1e4_entropy005_s4_c1_rnetol_d256_depth3_p20,seed367,367,571,57100,100,16,114.43785938068213,132.56448229242864,102.94345459158384,False,max_epochs,2889.45525932312
rl4crn_rne_oscillator_trace_8rxn_stop_risksched085to09_lr1e4_entropy005_s4_c1_rnetol_d256_depth3_p20,seed367,367,572,57200,100,16,111.9757036679459,134.2206261144225,102.94345459158384,False,max_epochs,2894.7181770801544
rl4crn_rne_oscillator_trace_8rxn_stop_risksched085to09_lr1e4_entropy005_s4_c1_rnetol_d256_depth3_p20,seed367,367,573,57300,100,16,107.62058437147773,131.94495097006092,102.94345459158384,False,max_epochs,2899.8823606967926
rl4crn_rne_oscillator_trace_8rxn_stop_risksched085to09_lr1e4_entropy005_s4_c1_rnetol_d256_depth3_p20,seed367,367,574,57400,100,16,114.01701243705644,133.2956182780385,102.94345459158384,False,max_epochs,2905.123883008957
rl4crn_rne_oscillator_trace_8rxn_stop_risksched085to09_lr1e4_entropy005_s4_c1_rnetol_d256_depth3_p20,seed367,367,575,57500,100,16,108.90460353826107,130.3938008067347,102.94345459158384,False,max_epochs,2907.7700057029724
rl4crn_rne_oscillator_trace_8rxn_stop_risksched085to09_lr1e4_entropy005_s4_c1_rnetol_d256_depth3_p20,seed367,367,576,57600,100,16,113.74589095215799,131.36652598346512,102.94345459158384,False,max_epochs,2913.0589864254
rl4crn_rne_oscillator_trace_8rxn_stop_risksched085to09_lr1e4_entropy005_s4_c1_rnetol_d256_depth3_p20,seed367,367,577,57700,100,16,105.54352338691005,134.33361469533776,102.94345459158384,False,max_epochs,2918.502385377884
rl4crn_rne_oscillator_trace_8rxn_stop_risksched085to09_lr1e4_entropy005_s4_c1_rnetol_d256_depth3_p20,seed367,367,578,57800,100,16,106.82928361207775,132.32385451580654,102.94345459158384,False,max_epochs,2924.0643010139465
rl4crn_rne_oscillator_trace_8rxn_stop_risksched085to09_lr1e4_entropy005_s4_c1_rnetol_d256_depth3_p20,seed367,367,579,57900,100,16,106.9248555893722,133.87906993329466,102.94345459158384,False,max_epochs,2929.737138032913
rl4crn_rne_oscillator_trace_8rxn_stop_risksched085to09_lr1e4_entropy005_s4_c1_rnetol_d256_depth3_p20,seed367,367,580,58000,100,16,109.03356325259334,130.63989450890915,102.94345459158384,False,max_epochs,2935.4269263744354
rl4crn_rne_oscillator_trace_8rxn_stop_risksched085to09_lr1e4_entropy005_s4_c1_rnetol_d256_depth3_p20,seed367,367,581,58100,100,16,113.06875508168224,132.90655052172474,102.94345459158384,False,max_epochs,2941.0647554397583
rl4crn_rne_oscillator_trace_8rxn_stop_risksched085to09_lr1e4_entropy005_s4_c1_rnetol_d256_depth3_p20,seed367,367,582,58200,100,16,115.4131545765491,131.76080523339647,102.94345459158384,False,max_epochs,2946.3509492874146
rl4crn_rne_oscillator_trace_8rxn_stop_risksched085to09_lr1e4_entropy005_s4_c1_rnetol_d256_depth3_p20,seed367,367,583,58300,100,16,108.84441884915645,130.43829304690163,102.94345459158384,False,max_epochs,2951.7489726543427
rl4crn_rne_oscillator_trace_8rxn_stop_risksched085to09_lr1e4_entropy005_s4_c1_rnetol_d256_depth3_p20,seed367,367,584,58400,100,16,110.95009754850366,135.60833111189663,102.94345459158384,False,max_epochs,2956.9280405044556
rl4crn_rne_oscillator_trace_8rxn_stop_risksched085to09_lr1e4_entropy005_s4_c1_rnetol_d256_depth3_p20,seed367,367,585,58500,100,16,111.18638221700373,131.88816293859423,102.94345459158384,False,max_epochs,2962.200218439102
rl4crn_rne_oscillator_trace_8rxn_stop_risksched085to09_lr1e4_entropy005_s4_c1_rnetol_d256_depth3_p20,seed367,367,586,58600,100,16,111.2401233982757,133.630738622435,102.94345459158384,False,max_epochs,2966.4308199882507
rl4crn_rne_oscillator_trace_8rxn_stop_risksched085to09_lr1e4_entropy005_s4_c1_rnetol_d256_depth3_p20,seed367,367,587,58700,100,16,113.42082089300598,133.0938446641804,102.94345459158384,False,max_epochs,2969.6579575538635
rl4crn_rne_oscillator_trace_8rxn_stop_risksched085to09_lr1e4_entropy005_s4_c1_rnetol_d256_depth3_p20,seed367,367,588,58800,100,16,106.53181703993403,130.62044725806328,102.94345459158384,False,max_epochs,2975.069580554962
rl4crn_rne_oscillator_trace_8rxn_stop_risksched085to09_lr1e4_entropy005_s4_c1_rnetol_d256_depth3_p20,seed367,367,589,58900,100,16,115.3546646382981,132.96733230715347,102.94345459158384,False,max_epochs,2980.213185787201
rl4crn_rne_oscillator_trace_8rxn_stop_risksched085to09_lr1e4_entropy005_s4_c1_rnetol_d256_depth3_p20,seed367,367,590,59000,100,16,110.67906499585662,130.72471822496436,102.94345459158384,False,max_epochs,2985.644607782364
rl4crn_rne_oscillator_trace_8rxn_stop_risksched085to09_lr1e4_entropy005_s4_c1_rnetol_d256_depth3_p20,seed367,367,591,59100,100,16,109.73888864021389,131.62892502632138,102.94345459158384,False,max_epochs,2990.677529811859
rl4crn_rne_oscillator_trace_8rxn_stop_risksched085to09_lr1e4_entropy005_s4_c1_rnetol_d256_depth3_p20,seed367,367,592,59200,100,16,112.58307700854587,132.31784571255787,102.94345459158384,False,max_epochs,2995.8525030612946
rl4crn_rne_oscillator_trace_8rxn_stop_risksched085to09_lr1e4_entropy005_s4_c1_rnetol_d256_depth3_p20,seed367,367,593,59300,100,16,110.35981697604758,132.18682236258147,102.94345459158384,False,max_epochs,2998.4467747211456
rl4crn_rne_oscillator_trace_8rxn_stop_risksched085to09_lr1e4_entropy005_s4_c1_rnetol_d256_depth3_p20,seed367,367,594,59400,100,16,112.73134105112648,132.59774036081285,102.94345459158384,False,max_epochs,3003.4919867515564
rl4crn_rne_oscillator_trace_8rxn_stop_risksched085to09_lr1e4_entropy005_s4_c1_rnetol_d256_depth3_p20,seed367,367,595,59500,100,16,113.76874291673845,134.39656620635617,102.94345459158384,False,max_epochs,3009.01154756546
rl4crn_rne_oscillator_trace_8rxn_stop_risksched085to09_lr1e4_entropy005_s4_c1_rnetol_d256_depth3_p20,seed367,367,596,59600,100,16,109.05408223040814,131.65833363213636,102.94345459158384,False,max_epochs,3014.2241518497467
rl4crn_rne_oscillator_trace_8rxn_stop_risksched085to09_lr1e4_entropy005_s4_c1_rnetol_d256_depth3_p20,seed367,367,597,59700,100,16,105.94727690332968,135.2876060106973,102.94345459158384,False,max_epochs,3020.2266092300415
rl4crn_rne_oscillator_trace_8rxn_stop_risksched085to09_lr1e4_entropy005_s4_c1_rnetol_d256_depth3_p20,seed367,367,598,59800,100,16,109.73493902514842,130.71503118073286,102.94345459158384,False,max_epochs,3025.516956806183
rl4crn_rne_oscillator_trace_8rxn_stop_risksched085to09_lr1e4_entropy005_s4_c1_rnetol_d256_depth3_p20,seed367,367,599,59900,100,16,110.48890782603023,133.49901544971647,102.94345459158384,False,max_epochs,3031.5768344402313
rl4crn_rne_oscillator_trace_8rxn_stop_risksched085to09_lr1e4_entropy005_s4_c1_rnetol_d256_depth3_p20,seed367,367,600,60000,100,16,113.35401813979374,134.04873475925575,102.94345459158384,False,max_epochs,3037.2153027057648
rl4crn_rne_oscillator_trace_8rxn_stop_risksched085to09_lr1e4_entropy005_s4_c1_rnetol_d256_depth3_p20,seed367,367,601,60100,100,16,114.46822392111237,133.1992892084682,102.94345459158384,False,max_epochs,3042.545688867569
rl4crn_rne_oscillator_trace_8rxn_stop_risksched085to09_lr1e4_entropy005_s4_c1_rnetol_d256_depth3_p20,seed367,367,602,60200,100,16,112.67110265039584,132.41921347549,102.94345459158384,False,max_epochs,3047.9466948509216
rl4crn_rne_oscillator_trace_8rxn_stop_risksched085to09_lr1e4_entropy005_s4_c1_rnetol_d256_depth3_p20,seed367,367,603,60300,100,16,115.4011992550851,131.99304716869375,102.94345459158384,False,max_epochs,3052.9983310699463
rl4crn_rne_oscillator_trace_8rxn_stop_risksched085to09_lr1e4_entropy005_s4_c1_rnetol_d256_depth3_p20,seed367,367,604,60400,100,16,115.42116474981448,134.9425778640885,102.94345459158384,False,max_epochs,3058.2987463474274
rl4crn_rne_oscillator_trace_8rxn_stop_risksched085to09_lr1e4_entropy005_s4_c1_rnetol_d256_depth3_p20,seed367,367,605,60500,100,16,113.99614855972452,130.40947881456125,102.94345459158384,False,max_epochs,3060.821132659912
rl4crn_rne_oscillator_trace_8rxn_stop_risksched085to09_lr1e4_entropy005_s4_c1_rnetol_d256_depth3_p20,seed367,367,606,60600,100,16,114.51137683040034,132.963227051393,102.94345459158384,False,max_epochs,3065.7105605602264
rl4crn_rne_oscillator_trace_8rxn_stop_risksched085to09_lr1e4_entropy005_s4_c1_rnetol_d256_depth3_p20,seed367,367,607,60700,100,16,105.01880718203903,129.46191746204354,102.94345459158384,False,max_epochs,3071.0744922161102
rl4crn_rne_oscillator_trace_8rxn_stop_risksched085to09_lr1e4_entropy005_s4_c1_rnetol_d256_depth3_p20,seed367,367,608,60800,100,16,110.51832060168829,132.71458819851478,102.94345459158384,False,max_epochs,3076.0593490600586
rl4crn_rne_oscillator_trace_8rxn_stop_risksched085to09_lr1e4_entropy005_s4_c1_rnetol_d256_depth3_p20,seed367,367,609,60900,100,16,108.79276626924921,128.87424494452284,102.94345459158384,False,max_epochs,3081.1119227409363
rl4crn_rne_oscillator_trace_8rxn_stop_risksched085to09_lr1e4_entropy005_s4_c1_rnetol_d256_depth3_p20,seed367,367,610,61000,100,16,109.85743257422908,133.7943508085189,102.94345459158384,False,max_epochs,3083.5567529201508
rl4crn_rne_oscillator_trace_8rxn_stop_risksched085to09_lr1e4_entropy005_s4_c1_rnetol_d256_depth3_p20,seed367,367,611,61100,100,16,113.51046444265943,130.96328320762498,102.94345459158384,False,max_epochs,3088.7342295646667
rl4crn_rne_oscillator_trace_8rxn_stop_risksched085to09_lr1e4_entropy005_s4_c1_rnetol_d256_depth3_p20,seed367,367,612,61200,100,16,107.56766943961689,131.15612318393033,102.94345459158384,False,max_epochs,3094.3559222221375
rl4crn_rne_oscillator_trace_8rxn_stop_risksched085to09_lr1e4_entropy005_s4_c1_rnetol_d256_depth3_p20,seed367,367,613,61300,100,16,96.7898470369527,133.8540608358898,96.7898470369527,False,max_epochs,3100.262533903122
rl4crn_rne_oscillator_trace_8rxn_stop_risksched085to09_lr1e4_entropy005_s4_c1_rnetol_d256_depth3_p20,seed367,367,614,61400,100,16,110.29252561105326,128.56424401312455,96.7898470369527,False,max_epochs,3105.6886138916016
rl4crn_rne_oscillator_trace_8rxn_stop_risksched085to09_lr1e4_entropy005_s4_c1_rnetol_d256_depth3_p20,seed367,367,615,61500,100,16,116.9104729923256,132.12199341450898,96.7898470369527,False,max_epochs,3110.9543976783752
rl4crn_rne_oscillator_trace_8rxn_stop_risksched085to09_lr1e4_entropy005_s4_c1_rnetol_d256_depth3_p20,seed367,367,616,61600,100,16,112.47408493011297,130.6778438387346,96.7898470369527,False,max_epochs,3116.590448617935
rl4crn_rne_oscillator_trace_8rxn_stop_risksched085to09_lr1e4_entropy005_s4_c1_rnetol_d256_depth3_p20,seed367,367,617,61700,100,16,118.37179047206315,130.75914644814682,96.7898470369527,False,max_epochs,3122.409017562866
rl4crn_rne_oscillator_trace_8rxn_stop_risksched085to09_lr1e4_entropy005_s4_c1_rnetol_d256_depth3_p20,seed367,367,618,61800,100,16,117.40307247222249,133.379886360384,96.7898470369527,False,max_epochs,3127.959600687027
rl4crn_rne_oscillator_trace_8rxn_stop_risksched085to09_lr1e4_entropy005_s4_c1_rnetol_d256_depth3_p20,seed367,367,619,61900,100,16,112.85266585724234,133.19940462286772,96.7898470369527,False,max_epochs,3133.5583062171936
rl4crn_rne_oscillator_trace_8rxn_stop_risksched085to09_lr1e4_entropy005_s4_c1_rnetol_d256_depth3_p20,seed367,367,620,62000,100,16,107.48941428330733,129.4869546956447,96.7898470369527,False,max_epochs,3138.7370908260345
rl4crn_rne_oscillator_trace_8rxn_stop_risksched085to09_lr1e4_entropy005_s4_c1_rnetol_d256_depth3_p20,seed367,367,621,62100,100,16,115.36714886840107,130.45060260182845,96.7898470369527,False,max_epochs,3144.0927209854126
rl4crn_rne_oscillator_trace_8rxn_stop_risksched085to09_lr1e4_entropy005_s4_c1_rnetol_d256_depth3_p20,seed367,367,622,62200,100,16,111.1301378425228,129.59146345140607,96.7898470369527,False,max_epochs,3149.1655464172363
rl4crn_rne_oscillator_trace_8rxn_stop_risksched085to09_lr1e4_entropy005_s4_c1_rnetol_d256_depth3_p20,seed367,367,623,62300,100,16,108.1415501883556,131.0792369894712,96.7898470369527,False,max_epochs,3153.9710664749146
rl4crn_rne_oscillator_trace_8rxn_stop_risksched085to09_lr1e4_entropy005_s4_c1_rnetol_d256_depth3_p20,seed367,367,624,62400,100,16,110.4776491281778,131.3548056358697,96.7898470369527,False,max_epochs,3156.7538781166077
rl4crn_rne_oscillator_trace_8rxn_stop_risksched085to09_lr1e4_entropy005_s4_c1_rnetol_d256_depth3_p20,seed367,367,625,62500,100,16,107.89440103003929,129.47331210628977,96.7898470369527,False,max_epochs,3161.9512996673584
rl4crn_rne_oscillator_trace_8rxn_stop_risksched085to09_lr1e4_entropy005_s4_c1_rnetol_d256_depth3_p20,seed367,367,626,62600,100,16,110.19406165289266,129.8369510507068,96.7898470369527,False,max_epochs,3167.437625169754
rl4crn_rne_oscillator_trace_8rxn_stop_risksched085to09_lr1e4_entropy005_s4_c1_rnetol_d256_depth3_p20,seed367,367,627,62700,100,16,111.9055198610666,133.1136443552548,96.7898470369527,False,max_epochs,3172.8264122009277
rl4crn_rne_oscillator_trace_8rxn_stop_risksched085to09_lr1e4_entropy005_s4_c1_rnetol_d256_depth3_p20,seed367,367,628,62800,100,16,113.92236643287899,130.3095233217084,96.7898470369527,False,max_epochs,3178.3335633277893
rl4crn_rne_oscillator_trace_8rxn_stop_risksched085to09_lr1e4_entropy005_s4_c1_rnetol_d256_depth3_p20,seed367,367,629,62900,100,16,112.5503786818574,128.99573998833108,96.7898470369527,False,max_epochs,3184.367114305496
rl4crn_rne_oscillator_trace_8rxn_stop_risksched085to09_lr1e4_entropy005_s4_c1_rnetol_d256_depth3_p20,seed367,367,630,63000,100,16,112.64798824219298,131.2349570871355,96.7898470369527,False,max_epochs,3190.0034923553467
rl4crn_rne_oscillator_trace_8rxn_stop_risksched085to09_lr1e4_entropy005_s4_c1_rnetol_d256_depth3_p20,seed367,367,631,63100,100,16,108.40708871392806,130.96934948924365,96.7898470369527,False,max_epochs,3195.5702016353607
rl4crn_rne_oscillator_trace_8rxn_stop_risksched085to09_lr1e4_entropy005_s4_c1_rnetol_d256_depth3_p20,seed367,367,632,63200,100,16,106.63372371240416,132.19767343736544,96.7898470369527,False,max_epochs,3200.8950855731964
rl4crn_rne_oscillator_trace_8rxn_stop_risksched085to09_lr1e4_entropy005_s4_c1_rnetol_d256_depth3_p20,seed367,367,633,63300,100,16,113.651569251879,133.32033233079798,96.7898470369527,False,max_epochs,3206.7606501579285
rl4crn_rne_oscillator_trace_8rxn_stop_risksched085to09_lr1e4_entropy005_s4_c1_rnetol_d256_depth3_p20,seed367,367,634,63400,100,16,107.3076961013106,130.70953541069787,96.7898470369527,False,max_epochs,3212.3357763290405
rl4crn_rne_oscillator_trace_8rxn_stop_risksched085to09_lr1e4_entropy005_s4_c1_rnetol_d256_depth3_p20,seed367,367,635,63500,100,16,112.30216052932178,132.8953561054745,96.7898470369527,False,max_epochs,3218.276103258133
rl4crn_rne_oscillator_trace_8rxn_stop_risksched085to09_lr1e4_entropy005_s4_c1_rnetol_d256_depth3_p20,seed367,367,636,63600,100,16,112.35484044391066,131.44290148285455,96.7898470369527,False,max_epochs,3224.1708660125732
rl4crn_rne_oscillator_trace_8rxn_stop_risksched085to09_lr1e4_entropy005_s4_c1_rnetol_d256_depth3_p20,seed367,367,637,63700,100,16,114.08706956325855,132.791042885967,96.7898470369527,False,max_epochs,3230.1292793750763
rl4crn_rne_oscillator_trace_8rxn_stop_risksched085to09_lr1e4_entropy005_s4_c1_rnetol_d256_depth3_p20,seed367,367,638,63800,100,16,110.6255636611284,131.1390892021374,96.7898470369527,False,max_epochs,3235.1519310474396
rl4crn_rne_oscillator_trace_8rxn_stop_risksched085to09_lr1e4_entropy005_s4_c1_rnetol_d256_depth3_p20,seed367,367,639,63900,100,16,108.0549011350681,131.93208770315417,96.7898470369527,False,max_epochs,3240.8657879829407
rl4crn_rne_oscillator_trace_8rxn_stop_risksched085to09_lr1e4_entropy005_s4_c1_rnetol_d256_depth3_p20,seed367,367,640,64000,100,16,104.59191600997633,131.03410210245823,96.7898470369527,False,max_epochs,3246.3713006973267
rl4crn_rne_oscillator_trace_8rxn_stop_risksched085to09_lr1e4_entropy005_s4_c1_rnetol_d256_depth3_p20,seed367,367,641,64100,100,16,115.92297194736035,138.80508364335623,96.7898470369527,False,max_epochs,3252.0377197265625
rl4crn_rne_oscillator_trace_8rxn_stop_risksched085to09_lr1e4_entropy005_s4_c1_rnetol_d256_depth3_p20,seed367,367,642,64200,100,16,105.73259398194294,130.64805742579057,96.7898470369527,False,max_epochs,3257.186914920807
rl4crn_rne_oscillator_trace_8rxn_stop_risksched085to09_lr1e4_entropy005_s4_c1_rnetol_d256_depth3_p20,seed367,367,643,64300,100,16,108.94192542898395,133.72223751001036,96.7898470369527,False,max_epochs,3262.1959233283997
rl4crn_rne_oscillator_trace_8rxn_stop_risksched085to09_lr1e4_entropy005_s4_c1_rnetol_d256_depth3_p20,seed367,367,644,64400,100,16,111.97706135817423,133.9715082782989,96.7898470369527,False,max_epochs,3264.3419377803802
rl4crn_rne_oscillator_trace_8rxn_stop_risksched085to09_lr1e4_entropy005_s4_c1_rnetol_d256_depth3_p20,seed367,367,645,64500,100,16,118.35086689509158,133.07611427781535,96.7898470369527,False,max_epochs,3269.6104316711426
rl4crn_rne_oscillator_trace_8rxn_stop_risksched085to09_lr1e4_entropy005_s4_c1_rnetol_d256_depth3_p20,seed367,367,646,64600,100,16,111.70335792845286,133.55886206030345,96.7898470369527,False,max_epochs,3275.3480656147003
rl4crn_rne_oscillator_trace_8rxn_stop_risksched085to09_lr1e4_entropy005_s4_c1_rnetol_d256_depth3_p20,seed367,367,647,64700,100,16,114.18498500689617,132.3690745002595,96.7898470369527,False,max_epochs,3281.1854858398438
rl4crn_rne_oscillator_trace_8rxn_stop_risksched085to09_lr1e4_entropy005_s4_c1_rnetol_d256_depth3_p20,seed367,367,648,64800,100,16,118.13454951876182,135.11263350205044,96.7898470369527,False,max_epochs,3286.6970643997192
rl4crn_rne_oscillator_trace_8rxn_stop_risksched085to09_lr1e4_entropy005_s4_c1_rnetol_d256_depth3_p20,seed367,367,649,64900,100,16,113.31775898759848,137.63715694765366,96.7898470369527,False,max_epochs,3292.0600023269653
rl4crn_rne_oscillator_trace_8rxn_stop_risksched085to09_lr1e4_entropy005_s4_c1_rnetol_d256_depth3_p20,seed367,367,650,65000,100,16,114.19330907626392,129.80903531423843,96.7898470369527,False,max_epochs,3296.7476325035095
rl4crn_rne_oscillator_trace_8rxn_stop_risksched085to09_lr1e4_entropy005_s4_c1_rnetol_d256_depth3_p20,seed367,367,651,65100,100,16,116.0887434775188,134.14577158841567,96.7898470369527,False,max_epochs,3301.9454457759857
rl4crn_rne_oscillator_trace_8rxn_stop_risksched085to09_lr1e4_entropy005_s4_c1_rnetol_d256_depth3_p20,seed367,367,652,65200,100,16,103.22226630007953,132.30187182139696,96.7898470369527,False,max_epochs,3306.8000767230988
rl4crn_rne_oscillator_trace_8rxn_stop_risksched085to09_lr1e4_entropy005_s4_c1_rnetol_d256_depth3_p20,seed367,367,653,65300,100,16,114.06985222282904,134.4767087689768,96.7898470369527,False,max_epochs,3309.727737426758
rl4crn_rne_oscillator_trace_8rxn_stop_risksched085to09_lr1e4_entropy005_s4_c1_rnetol_d256_depth3_p20,seed367,367,654,65400,100,16,115.21218445362858,133.23695157338108,96.7898470369527,False,max_epochs,3314.8845183849335
rl4crn_rne_oscillator_trace_8rxn_stop_risksched085to09_lr1e4_entropy005_s4_c1_rnetol_d256_depth3_p20,seed367,367,655,65500,100,16,113.5104377759232,131.43676642728968,96.7898470369527,False,max_epochs,3320.9332299232483
rl4crn_rne_oscillator_trace_8rxn_stop_risksched085to09_lr1e4_entropy005_s4_c1_rnetol_d256_depth3_p20,seed367,367,656,65600,100,16,105.93444997337673,134.32830112810882,96.7898470369527,False,max_epochs,3326.1612532138824
rl4crn_rne_oscillator_trace_8rxn_stop_risksched085to09_lr1e4_entropy005_s4_c1_rnetol_d256_depth3_p20,seed367,367,657,65700,100,16,101.95243423506729,133.8619872102152,96.7898470369527,False,max_epochs,3331.1857488155365
rl4crn_rne_oscillator_trace_8rxn_stop_risksched085to09_lr1e4_entropy005_s4_c1_rnetol_d256_depth3_p20,seed367,367,658,65800,100,16,113.791283273167,133.23712945065563,96.7898470369527,False,max_epochs,3336.4468030929565
rl4crn_rne_oscillator_trace_8rxn_stop_risksched085to09_lr1e4_entropy005_s4_c1_rnetol_d256_depth3_p20,seed367,367,659,65900,100,16,88.08090028333636,134.04020847133523,88.08090028333636,False,max_epochs,3341.802190542221
rl4crn_rne_oscillator_trace_8rxn_stop_risksched085to09_lr1e4_entropy005_s4_c1_rnetol_d256_depth3_p20,seed367,367,660,66000,100,16,108.80591250773395,132.1574546079529,88.08090028333636,False,max_epochs,3344.498569726944
rl4crn_rne_oscillator_trace_8rxn_stop_risksched085to09_lr1e4_entropy005_s4_c1_rnetol_d256_depth3_p20,seed367,367,661,66100,100,16,110.797441953562,131.96733200135102,88.08090028333636,False,max_epochs,3349.20703792572
rl4crn_rne_oscillator_trace_8rxn_stop_risksched085to09_lr1e4_entropy005_s4_c1_rnetol_d256_depth3_p20,seed367,367,662,66200,100,16,110.6393117313344,130.6439900435215,88.08090028333636,False,max_epochs,3354.8356096744537
rl4crn_rne_oscillator_trace_8rxn_stop_risksched085to09_lr1e4_entropy005_s4_c1_rnetol_d256_depth3_p20,seed367,367,663,66300,100,16,100.54690607323118,133.16617847253366,88.08090028333636,False,max_epochs,3360.5595409870148
rl4crn_rne_oscillator_trace_8rxn_stop_risksched085to09_lr1e4_entropy005_s4_c1_rnetol_d256_depth3_p20,seed367,367,664,66400,100,16,114.07732102800945,134.14907071661585,88.08090028333636,False,max_epochs,3366.093240261078
rl4crn_rne_oscillator_trace_8rxn_stop_risksched085to09_lr1e4_entropy005_s4_c1_rnetol_d256_depth3_p20,seed367,367,665,66500,100,16,81.62639490559553,133.28867784385622,81.62639490559553,False,max_epochs,3371.6562480926514
rl4crn_rne_oscillator_trace_8rxn_stop_risksched085to09_lr1e4_entropy005_s4_c1_rnetol_d256_depth3_p20,seed367,367,666,66600,100,16,115.17934632425766,130.6269316909706,81.62639490559553,False,max_epochs,3377.3345930576324
rl4crn_rne_oscillator_trace_8rxn_stop_risksched085to09_lr1e4_entropy005_s4_c1_rnetol_d256_depth3_p20,seed367,367,667,66700,100,16,117.94782182693619,134.31289775934965,81.62639490559553,False,max_epochs,3383.2801446914673
rl4crn_rne_oscillator_trace_8rxn_stop_risksched085to09_lr1e4_entropy005_s4_c1_rnetol_d256_depth3_p20,seed367,367,668,66800,100,16,117.5436009495064,131.06004111962153,81.62639490559553,False,max_epochs,3388.639025449753
rl4crn_rne_oscillator_trace_8rxn_stop_risksched085to09_lr1e4_entropy005_s4_c1_rnetol_d256_depth3_p20,seed367,367,669,66900,100,16,105.78946113231119,132.73836136538546,81.62639490559553,False,max_epochs,3394.3713252544403
rl4crn_rne_oscillator_trace_8rxn_stop_risksched085to09_lr1e4_entropy005_s4_c1_rnetol_d256_depth3_p20,seed367,367,670,67000,100,16,112.56621622232025,130.9742258275477,81.62639490559553,False,max_epochs,3399.620687484741
rl4crn_rne_oscillator_trace_8rxn_stop_risksched085to09_lr1e4_entropy005_s4_c1_rnetol_d256_depth3_p20,seed367,367,671,67100,100,16,115.31089858400014,130.83689156271572,81.62639490559553,False,max_epochs,3405.65105175972
rl4crn_rne_oscillator_trace_8rxn_stop_risksched085to09_lr1e4_entropy005_s4_c1_rnetol_d256_depth3_p20,seed367,367,672,67200,100,16,111.35479712843028,132.29952415303893,81.62639490559553,False,max_epochs,3410.9984126091003
rl4crn_rne_oscillator_trace_8rxn_stop_risksched085to09_lr1e4_entropy005_s4_c1_rnetol_d256_depth3_p20,seed367,367,673,67300,100,16,112.61665517965753,134.16393869243126,81.62639490559553,False,max_epochs,3416.42467546463
rl4crn_rne_oscillator_trace_8rxn_stop_risksched085to09_lr1e4_entropy005_s4_c1_rnetol_d256_depth3_p20,seed367,367,674,67400,100,16,111.87949742583645,132.89613445041516,81.62639490559553,False,max_epochs,3421.376600265503
rl4crn_rne_oscillator_trace_8rxn_stop_risksched085to09_lr1e4_entropy005_s4_c1_rnetol_d256_depth3_p20,seed367,367,675,67500,100,16,102.91151645954008,131.36696016751733,81.62639490559553,False,max_epochs,3426.0347871780396
rl4crn_rne_oscillator_trace_8rxn_stop_risksched085to09_lr1e4_entropy005_s4_c1_rnetol_d256_depth3_p20,seed367,367,676,67600,100,16,109.69306683682417,130.83898245047044,81.62639490559553,False,max_epochs,3428.5142822265625
rl4crn_rne_oscillator_trace_8rxn_stop_risksched085to09_lr1e4_entropy005_s4_c1_rnetol_d256_depth3_p20,seed367,367,677,67700,100,16,108.88749285744348,135.55229917992637,81.62639490559553,False,max_epochs,3433.583063364029
rl4crn_rne_oscillator_trace_8rxn_stop_risksched085to09_lr1e4_entropy005_s4_c1_rnetol_d256_depth3_p20,seed367,367,678,67800,100,16,108.72943988311016,132.3769140015798,81.62639490559553,False,max_epochs,3439.0038063526154
rl4crn_rne_oscillator_trace_8rxn_stop_risksched085to09_lr1e4_entropy005_s4_c1_rnetol_d256_depth3_p20,seed367,367,679,67900,100,16,113.11015890717202,132.35316856832486,81.62639490559553,False,max_epochs,3444.3135125637054
rl4crn_rne_oscillator_trace_8rxn_stop_risksched085to09_lr1e4_entropy005_s4_c1_rnetol_d256_depth3_p20,seed367,367,680,68000,100,16,111.21393554131464,133.0564206938239,81.62639490559553,False,max_epochs,3449.4717593193054
rl4crn_rne_oscillator_trace_8rxn_stop_risksched085to09_lr1e4_entropy005_s4_c1_rnetol_d256_depth3_p20,seed367,367,681,68100,100,16,110.9921986343362,135.38935339484004,81.62639490559553,False,max_epochs,3453.82635307312
rl4crn_rne_oscillator_trace_8rxn_stop_risksched085to09_lr1e4_entropy005_s4_c1_rnetol_d256_depth3_p20,seed367,367,682,68200,100,16,102.97700737896649,134.8191608094266,81.62639490559553,False,max_epochs,3456.5416128635406
rl4crn_rne_oscillator_trace_8rxn_stop_risksched085to09_lr1e4_entropy005_s4_c1_rnetol_d256_depth3_p20,seed367,367,683,68300,100,16,108.31020297411858,133.28087640032007,81.62639490559553,False,max_epochs,3461.8536505699158
rl4crn_rne_oscillator_trace_8rxn_stop_risksched085to09_lr1e4_entropy005_s4_c1_rnetol_d256_depth3_p20,seed367,367,684,68400,100,16,104.85871554925323,132.25853953468348,81.62639490559553,False,max_epochs,3467.5487484931946
rl4crn_rne_oscillator_trace_8rxn_stop_risksched085to09_lr1e4_entropy005_s4_c1_rnetol_d256_depth3_p20,seed367,367,685,68500,100,16,106.26672814147192,133.14294593797433,81.62639490559553,False,max_epochs,3473.068515062332
rl4crn_rne_oscillator_trace_8rxn_stop_risksched085to09_lr1e4_entropy005_s4_c1_rnetol_d256_depth3_p20,seed367,367,686,68600,100,16,111.95539448313312,132.16702352713548,81.62639490559553,False,max_epochs,3478.441842317581
rl4crn_rne_oscillator_trace_8rxn_stop_risksched085to09_lr1e4_entropy005_s4_c1_rnetol_d256_depth3_p20,seed367,367,687,68700,100,16,107.52460956721649,136.00788179411367,81.62639490559553,False,max_epochs,3483.639739513397
rl4crn_rne_oscillator_trace_8rxn_stop_risksched085to09_lr1e4_entropy005_s4_c1_rnetol_d256_depth3_p20,seed367,367,688,68800,100,16,109.21329472649543,132.70448771229775,81.62639490559553,False,max_epochs,3488.210230112076
rl4crn_rne_oscillator_trace_8rxn_stop_risksched085to09_lr1e4_entropy005_s4_c1_rnetol_d256_depth3_p20,seed367,367,689,68900,100,16,115.264298904343,135.4424585050032,81.62639490559553,False,max_epochs,3490.6259961128235
rl4crn_rne_oscillator_trace_8rxn_stop_risksched085to09_lr1e4_entropy005_s4_c1_rnetol_d256_depth3_p20,seed367,367,690,69000,100,16,108.81817163618823,134.5448502822038,81.62639490559553,False,max_epochs,3495.6276190280914
rl4crn_rne_oscillator_trace_8rxn_stop_risksched085to09_lr1e4_entropy005_s4_c1_rnetol_d256_depth3_p20,seed367,367,691,69100,100,16,111.52984297100464,133.79766327025288,81.62639490559553,False,max_epochs,3501.430780649185
rl4crn_rne_oscillator_trace_8rxn_stop_risksched085to09_lr1e4_entropy005_s4_c1_rnetol_d256_depth3_p20,seed367,367,692,69200,100,16,114.02389611213205,135.31453061427283,81.62639490559553,False,max_epochs,3507.5799918174744
rl4crn_rne_oscillator_trace_8rxn_stop_risksched085to09_lr1e4_entropy005_s4_c1_rnetol_d256_depth3_p20,seed367,367,693,69300,100,16,110.65388687704223,133.64664247581686,81.62639490559553,False,max_epochs,3513.241154193878
rl4crn_rne_oscillator_trace_8rxn_stop_risksched085to09_lr1e4_entropy005_s4_c1_rnetol_d256_depth3_p20,seed367,367,694,69400,100,16,108.46433011772459,132.48375402682473,81.62639490559553,False,max_epochs,3518.357307910919
rl4crn_rne_oscillator_trace_8rxn_stop_risksched085to09_lr1e4_entropy005_s4_c1_rnetol_d256_depth3_p20,seed367,367,695,69500,100,16,104.45018647164936,139.24471732387514,81.62639490559553,False,max_epochs,3523.9301855564117
rl4crn_rne_oscillator_trace_8rxn_stop_risksched085to09_lr1e4_entropy005_s4_c1_rnetol_d256_depth3_p20,seed367,367,696,69600,100,16,107.25465784774028,130.58444403154465,81.62639490559553,False,max_epochs,3529.8407440185547
rl4crn_rne_oscillator_trace_8rxn_stop_risksched085to09_lr1e4_entropy005_s4_c1_rnetol_d256_depth3_p20,seed367,367,697,69700,100,16,47.64540455443398,130.7013451650646,47.64540455443398,False,max_epochs,3535.4589681625366
rl4crn_rne_oscillator_trace_8rxn_stop_risksched085to09_lr1e4_entropy005_s4_c1_rnetol_d256_depth3_p20,seed367,367,698,69800,100,16,112.77584947052333,136.35543621303935,47.64540455443398,False,max_epochs,3540.632271051407
rl4crn_rne_oscillator_trace_8rxn_stop_risksched085to09_lr1e4_entropy005_s4_c1_rnetol_d256_depth3_p20,seed367,367,699,69900,100,16,116.84608712541004,134.59553891688296,47.64540455443398,False,max_epochs,3545.697281599045
rl4crn_rne_oscillator_trace_8rxn_stop_risksched085to09_lr1e4_entropy005_s4_c1_rnetol_d256_depth3_p20,seed367,367,700,70000,100,16,106.10870824885264,132.3445789989545,47.64540455443398,False,max_epochs,3547.9688589572906
rl4crn_rne_oscillator_trace_8rxn_stop_risksched085to09_lr1e4_entropy005_s4_c1_rnetol_d256_depth3_p20,seed367,367,701,70100,100,16,110.58202632392607,134.35395769115914,47.64540455443398,False,max_epochs,3552.7299196720123
rl4crn_rne_oscillator_trace_8rxn_stop_risksched085to09_lr1e4_entropy005_s4_c1_rnetol_d256_depth3_p20,seed367,367,702,70200,100,16,112.0647210030504,134.72285714726735,47.64540455443398,False,max_epochs,3558.280095100403
rl4crn_rne_oscillator_trace_8rxn_stop_risksched085to09_lr1e4_entropy005_s4_c1_rnetol_d256_depth3_p20,seed367,367,703,70300,100,16,106.52487499018035,133.9602495616215,47.64540455443398,False,max_epochs,3563.903950691223
rl4crn_rne_oscillator_trace_8rxn_stop_risksched085to09_lr1e4_entropy005_s4_c1_rnetol_d256_depth3_p20,seed367,367,704,70400,100,16,105.31641219293081,132.33455767352478,47.64540455443398,False,max_epochs,3569.5400404930115
rl4crn_rne_oscillator_trace_8rxn_stop_risksched085to09_lr1e4_entropy005_s4_c1_rnetol_d256_depth3_p20,seed367,367,705,70500,100,16,114.10780629358726,136.7778888943468,47.64540455443398,False,max_epochs,3575.260062932968
rl4crn_rne_oscillator_trace_8rxn_stop_risksched085to09_lr1e4_entropy005_s4_c1_rnetol_d256_depth3_p20,seed367,367,706,70600,100,16,117.03960827286558,132.6466620345754,47.64540455443398,False,max_epochs,3580.328239440918
rl4crn_rne_oscillator_trace_8rxn_stop_risksched085to09_lr1e4_entropy005_s4_c1_rnetol_d256_depth3_p20,seed367,367,707,70700,100,16,116.43886391682187,135.46461483512033,47.64540455443398,False,max_epochs,3585.7931213378906
rl4crn_rne_oscillator_trace_8rxn_stop_risksched085to09_lr1e4_entropy005_s4_c1_rnetol_d256_depth3_p20,seed367,367,708,70800,100,16,117.07784819647175,137.19548498811423,47.64540455443398,False,max_epochs,3590.7287452220917
rl4crn_rne_oscillator_trace_8rxn_stop_risksched085to09_lr1e4_entropy005_s4_c1_rnetol_d256_depth3_p20,seed367,367,709,70900,100,16,112.52991784250513,131.0164311015397,47.64540455443398,False,max_epochs,3595.741858959198
rl4crn_rne_oscillator_trace_8rxn_stop_risksched085to09_lr1e4_entropy005_s4_c1_rnetol_d256_depth3_p20,seed367,367,710,71000,100,16,111.15117544918253,133.73436751958278,47.64540455443398,False,max_epochs,3599.657138109207
rl4crn_rne_oscillator_trace_8rxn_stop_risksched085to09_lr1e4_entropy005_s4_c1_rnetol_d256_depth3_p20,seed367,367,711,71100,100,16,109.31262724446725,134.8244707446558,47.64540455443398,False,max_epochs,3603.322196483612
rl4crn_rne_oscillator_trace_8rxn_stop_risksched085to09_lr1e4_entropy005_s4_c1_rnetol_d256_depth3_p20,seed367,367,712,71200,100,16,107.87075342038476,137.02040843769885,47.64540455443398,False,max_epochs,3608.511175632477
rl4crn_rne_oscillator_trace_8rxn_stop_risksched085to09_lr1e4_entropy005_s4_c1_rnetol_d256_depth3_p20,seed367,367,713,71300,100,16,106.04729173403926,135.39074822321982,47.64540455443398,False,max_epochs,3613.626895427704
rl4crn_rne_oscillator_trace_8rxn_stop_risksched085to09_lr1e4_entropy005_s4_c1_rnetol_d256_depth3_p20,seed367,367,714,71400,100,16,103.82953934267186,133.35561142433545,47.64540455443398,False,max_epochs,3618.7329585552216
rl4crn_rne_oscillator_trace_8rxn_stop_risksched085to09_lr1e4_entropy005_s4_c1_rnetol_d256_depth3_p20,seed367,367,715,71500,100,16,111.29715055182258,130.1893466693718,47.64540455443398,False,max_epochs,3623.968722343445
rl4crn_rne_oscillator_trace_8rxn_stop_risksched085to09_lr1e4_entropy005_s4_c1_rnetol_d256_depth3_p20,seed367,367,716,71600,100,16,94.453931866102,137.5264083510673,47.64540455443398,False,max_epochs,3628.6093497276306
rl4crn_rne_oscillator_trace_8rxn_stop_risksched085to09_lr1e4_entropy005_s4_c1_rnetol_d256_depth3_p20,seed367,367,717,71700,100,16,112.09067464398264,133.58956727507257,47.64540455443398,False,max_epochs,3631.4390399456024
rl4crn_rne_oscillator_trace_8rxn_stop_risksched085to09_lr1e4_entropy005_s4_c1_rnetol_d256_depth3_p20,seed367,367,718,71800,100,16,104.58844134348607,129.7617275122709,47.64540455443398,False,max_epochs,3636.8999598026276
rl4crn_rne_oscillator_trace_8rxn_stop_risksched085to09_lr1e4_entropy005_s4_c1_rnetol_d256_depth3_p20,seed367,367,719,71900,100,16,114.38834758242508,132.48946406899435,47.64540455443398,False,max_epochs,3641.8883213996887
rl4crn_rne_oscillator_trace_8rxn_stop_risksched085to09_lr1e4_entropy005_s4_c1_rnetol_d256_depth3_p20,seed367,367,720,72000,100,16,101.58253483094373,134.88344981616996,47.64540455443398,False,max_epochs,3647.0490186214447
rl4crn_rne_oscillator_trace_8rxn_stop_risksched085to09_lr1e4_entropy005_s4_c1_rnetol_d256_depth3_p20,seed367,367,721,72100,100,16,115.2475767947672,132.58751748456496,47.64540455443398,False,max_epochs,3652.3067524433136
rl4crn_rne_oscillator_trace_8rxn_stop_risksched085to09_lr1e4_entropy005_s4_c1_rnetol_d256_depth3_p20,seed367,367,722,72200,100,16,87.1659442750531,131.2125980718929,47.64540455443398,False,max_epochs,3656.2417726516724
rl4crn_rne_oscillator_trace_8rxn_stop_risksched085to09_lr1e4_entropy005_s4_c1_rnetol_d256_depth3_p20,seed367,367,723,72300,100,16,113.67453345557651,141.24440779279308,47.64540455443398,False,max_epochs,3659.621032476425
rl4crn_rne_oscillator_trace_8rxn_stop_risksched085to09_lr1e4_entropy005_s4_c1_rnetol_d256_depth3_p20,seed367,367,724,72400,100,16,113.71603033970545,133.551793979387,47.64540455443398,False,max_epochs,3665.1390187740326
rl4crn_rne_oscillator_trace_8rxn_stop_risksched085to09_lr1e4_entropy005_s4_c1_rnetol_d256_depth3_p20,seed367,367,725,72500,100,16,112.28952088680646,132.35353686774573,47.64540455443398,False,max_epochs,3670.7111740112305
rl4crn_rne_oscillator_trace_8rxn_stop_risksched085to09_lr1e4_entropy005_s4_c1_rnetol_d256_depth3_p20,seed367,367,726,72600,100,16,100.72313561885815,134.0749652109365,47.64540455443398,False,max_epochs,3676.021413087845
rl4crn_rne_oscillator_trace_8rxn_stop_risksched085to09_lr1e4_entropy005_s4_c1_rnetol_d256_depth3_p20,seed367,367,727,72700,100,16,108.79213863132638,129.52491998330032,47.64540455443398,False,max_epochs,3681.5145287513733
rl4crn_rne_oscillator_trace_8rxn_stop_risksched085to09_lr1e4_entropy005_s4_c1_rnetol_d256_depth3_p20,seed367,367,728,72800,100,16,108.37241053157453,129.5641780582071,47.64540455443398,False,max_epochs,3687.0307745933533
rl4crn_rne_oscillator_trace_8rxn_stop_risksched085to09_lr1e4_entropy005_s4_c1_rnetol_d256_depth3_p20,seed367,367,729,72900,100,16,110.70902099299164,133.15199335799167,47.64540455443398,False,max_epochs,3692.633437871933
rl4crn_rne_oscillator_trace_8rxn_stop_risksched085to09_lr1e4_entropy005_s4_c1_rnetol_d256_depth3_p20,seed367,367,730,73000,100,16,112.43907818991072,133.76299528913935,47.64540455443398,False,max_epochs,3698.5715305805206
rl4crn_rne_oscillator_trace_8rxn_stop_risksched085to09_lr1e4_entropy005_s4_c1_rnetol_d256_depth3_p20,seed367,367,731,73100,100,16,112.11986440162735,135.38355859510096,47.64540455443398,False,max_epochs,3703.4500391483307
rl4crn_rne_oscillator_trace_8rxn_stop_risksched085to09_lr1e4_entropy005_s4_c1_rnetol_d256_depth3_p20,seed367,367,732,73200,100,16,111.34802049963545,136.8404239707554,47.64540455443398,False,max_epochs,3708.236438035965
rl4crn_rne_oscillator_trace_8rxn_stop_risksched085to09_lr1e4_entropy005_s4_c1_rnetol_d256_depth3_p20,seed367,367,733,73300,100,16,115.76272470535802,129.9294817696431,47.64540455443398,False,max_epochs,3713.456752061844
rl4crn_rne_oscillator_trace_8rxn_stop_risksched085to09_lr1e4_entropy005_s4_c1_rnetol_d256_depth3_p20,seed367,367,734,73400,100,16,109.62497874832927,134.71817761159787,47.64540455443398,False,max_epochs,3715.873403072357
rl4crn_rne_oscillator_trace_8rxn_stop_risksched085to09_lr1e4_entropy005_s4_c1_rnetol_d256_depth3_p20,seed367,367,735,73500,100,16,110.8788466734336,131.23737593765412,47.64540455443398,False,max_epochs,3721.203611135483
rl4crn_rne_oscillator_trace_8rxn_stop_risksched085to09_lr1e4_entropy005_s4_c1_rnetol_d256_depth3_p20,seed367,367,736,73600,100,16,106.37326740955137,131.46984427644205,47.64540455443398,False,max_epochs,3726.7261910438538
rl4crn_rne_oscillator_trace_8rxn_stop_risksched085to09_lr1e4_entropy005_s4_c1_rnetol_d256_depth3_p20,seed367,367,737,73700,100,16,108.68378497660323,131.47561994746502,47.64540455443398,False,max_epochs,3732.163123369217
rl4crn_rne_oscillator_trace_8rxn_stop_risksched085to09_lr1e4_entropy005_s4_c1_rnetol_d256_depth3_p20,seed367,367,738,73800,100,16,114.44411043214826,130.99804751185587,47.64540455443398,False,max_epochs,3736.797214269638
rl4crn_rne_oscillator_trace_8rxn_stop_risksched085to09_lr1e4_entropy005_s4_c1_rnetol_d256_depth3_p20,seed367,367,739,73900,100,16,102.07656612746044,130.8487325324557,47.64540455443398,False,max_epochs,3742.1432597637177
rl4crn_rne_oscillator_trace_8rxn_stop_risksched085to09_lr1e4_entropy005_s4_c1_rnetol_d256_depth3_p20,seed367,367,740,74000,100,16,112.2374833070895,128.4045677815477,47.64540455443398,False,max_epochs,3747.17165017128
rl4crn_rne_oscillator_trace_8rxn_stop_risksched085to09_lr1e4_entropy005_s4_c1_rnetol_d256_depth3_p20,seed367,367,741,74100,100,16,109.51802463215115,131.032061398233,47.64540455443398,False,max_epochs,3749.9743945598602
rl4crn_rne_oscillator_trace_8rxn_stop_risksched085to09_lr1e4_entropy005_s4_c1_rnetol_d256_depth3_p20,seed367,367,742,74200,100,16,107.31913352595728,134.0305461333441,47.64540455443398,False,max_epochs,3755.181132078171
rl4crn_rne_oscillator_trace_8rxn_stop_risksched085to09_lr1e4_entropy005_s4_c1_rnetol_d256_depth3_p20,seed367,367,743,74300,100,16,110.35392205483168,133.11138786788513,47.64540455443398,False,max_epochs,3760.8903245925903
rl4crn_rne_oscillator_trace_8rxn_stop_risksched085to09_lr1e4_entropy005_s4_c1_rnetol_d256_depth3_p20,seed367,367,744,74400,100,16,108.96243679585676,129.95718757757544,47.64540455443398,False,max_epochs,3766.036106824875
rl4crn_rne_oscillator_trace_8rxn_stop_risksched085to09_lr1e4_entropy005_s4_c1_rnetol_d256_depth3_p20,seed367,367,745,74500,100,16,112.52769578932157,135.01607208686482,47.64540455443398,False,max_epochs,3771.616059064865
rl4crn_rne_oscillator_trace_8rxn_stop_risksched085to09_lr1e4_entropy005_s4_c1_rnetol_d256_depth3_p20,seed367,367,746,74600,100,16,111.6761114977773,133.0662114380603,47.64540455443398,False,max_epochs,3777.4295012950897
rl4crn_rne_oscillator_trace_8rxn_stop_risksched085to09_lr1e4_entropy005_s4_c1_rnetol_d256_depth3_p20,seed367,367,747,74700,100,16,107.40482146679332,139.06151584123518,47.64540455443398,False,max_epochs,3782.560842037201
rl4crn_rne_oscillator_trace_8rxn_stop_risksched085to09_lr1e4_entropy005_s4_c1_rnetol_d256_depth3_p20,seed367,367,748,74800,100,16,109.8208180609935,135.69181480308578,47.64540455443398,False,max_epochs,3787.643833875656
rl4crn_rne_oscillator_trace_8rxn_stop_risksched085to09_lr1e4_entropy005_s4_c1_rnetol_d256_depth3_p20,seed367,367,749,74900,100,16,107.06334217941644,136.2612377705924,47.64540455443398,False,max_epochs,3791.984621286392
rl4crn_rne_oscillator_trace_8rxn_stop_risksched085to09_lr1e4_entropy005_s4_c1_rnetol_d256_depth3_p20,seed367,367,750,75000,100,16,100.08651572746224,135.12720974008647,47.64540455443398,False,max_epochs,3795.134537935257
rl4crn_rne_oscillator_trace_8rxn_stop_risksched085to09_lr1e4_entropy005_s4_c1_rnetol_d256_depth3_p20,seed367,367,751,75100,100,16,110.00306096748805,134.97233481692254,47.64540455443398,False,max_epochs,3800.2232658863068
rl4crn_rne_oscillator_trace_8rxn_stop_risksched085to09_lr1e4_entropy005_s4_c1_rnetol_d256_depth3_p20,seed367,367,752,75200,100,16,93.22847063581052,130.93628935582348,47.64540455443398,False,max_epochs,3805.731834411621
rl4crn_rne_oscillator_trace_8rxn_stop_risksched085to09_lr1e4_entropy005_s4_c1_rnetol_d256_depth3_p20,seed367,367,753,75300,100,16,103.1999332107932,133.68472359999464,47.64540455443398,False,max_epochs,3811.6983726024628
rl4crn_rne_oscillator_trace_8rxn_stop_risksched085to09_lr1e4_entropy005_s4_c1_rnetol_d256_depth3_p20,seed367,367,754,75400,100,16,95.96013644447915,136.0910144501753,47.64540455443398,False,max_epochs,3817.0309596061707
rl4crn_rne_oscillator_trace_8rxn_stop_risksched085to09_lr1e4_entropy005_s4_c1_rnetol_d256_depth3_p20,seed367,367,755,75500,100,16,101.66613441529798,134.14023127418767,47.64540455443398,False,max_epochs,3822.2541625499725
rl4crn_rne_oscillator_trace_8rxn_stop_risksched085to09_lr1e4_entropy005_s4_c1_rnetol_d256_depth3_p20,seed367,367,756,75600,100,16,107.99746793603336,132.45474325348886,47.64540455443398,False,max_epochs,3827.396708726883
rl4crn_rne_oscillator_trace_8rxn_stop_risksched085to09_lr1e4_entropy005_s4_c1_rnetol_d256_depth3_p20,seed367,367,757,75700,100,16,99.54811885703899,136.84971310520825,47.64540455443398,False,max_epochs,3831.0791444778442
rl4crn_rne_oscillator_trace_8rxn_stop_risksched085to09_lr1e4_entropy005_s4_c1_rnetol_d256_depth3_p20,seed367,367,758,75800,100,16,107.52947074404344,130.92061703144753,47.64540455443398,False,max_epochs,3834.486047267914
rl4crn_rne_oscillator_trace_8rxn_stop_risksched085to09_lr1e4_entropy005_s4_c1_rnetol_d256_depth3_p20,seed367,367,759,75900,100,16,109.95937119252446,139.6156602025133,47.64540455443398,False,max_epochs,3839.714904308319
rl4crn_rne_oscillator_trace_8rxn_stop_risksched085to09_lr1e4_entropy005_s4_c1_rnetol_d256_depth3_p20,seed367,367,760,76000,100,16,99.52258115325694,129.51813900410193,47.64540455443398,False,max_epochs,3845.598706960678
rl4crn_rne_oscillator_trace_8rxn_stop_risksched085to09_lr1e4_entropy005_s4_c1_rnetol_d256_depth3_p20,seed367,367,761,76100,100,16,89.08735383764039,132.05141400486337,47.64540455443398,False,max_epochs,3851.2083098888397
rl4crn_rne_oscillator_trace_8rxn_stop_risksched085to09_lr1e4_entropy005_s4_c1_rnetol_d256_depth3_p20,seed367,367,762,76200,100,16,111.62688563051674,134.64613859186522,47.64540455443398,False,max_epochs,3856.4401190280914
rl4crn_rne_oscillator_trace_8rxn_stop_risksched085to09_lr1e4_entropy005_s4_c1_rnetol_d256_depth3_p20,seed367,367,763,76300,100,16,102.10146301179606,137.14640384275856,47.64540455443398,False,max_epochs,3861.557559490204
rl4crn_rne_oscillator_trace_8rxn_stop_risksched085to09_lr1e4_entropy005_s4_c1_rnetol_d256_depth3_p20,seed367,367,764,76400,100,16,108.41437507394234,132.11684770119183,47.64540455443398,False,max_epochs,3866.90935254097
rl4crn_rne_oscillator_trace_8rxn_stop_risksched085to09_lr1e4_entropy005_s4_c1_rnetol_d256_depth3_p20,seed367,367,765,76500,100,16,81.64015014539952,130.95267995559462,47.64540455443398,False,max_epochs,3871.7581174373627
rl4crn_rne_oscillator_trace_8rxn_stop_risksched085to09_lr1e4_entropy005_s4_c1_rnetol_d256_depth3_p20,seed367,367,766,76600,100,16,109.56364553856109,134.08854809088453,47.64540455443398,False,max_epochs,3873.9993228912354
rl4crn_rne_oscillator_trace_8rxn_stop_risksched085to09_lr1e4_entropy005_s4_c1_rnetol_d256_depth3_p20,seed367,367,767,76700,100,16,106.70639162504214,130.99257607430664,47.64540455443398,False,max_epochs,3878.7786395549774
rl4crn_rne_oscillator_trace_8rxn_stop_risksched085to09_lr1e4_entropy005_s4_c1_rnetol_d256_depth3_p20,seed367,367,768,76800,100,16,89.20128971498016,131.28713029069675,47.64540455443398,False,max_epochs,3884.57946062088
rl4crn_rne_oscillator_trace_8rxn_stop_risksched085to09_lr1e4_entropy005_s4_c1_rnetol_d256_depth3_p20,seed367,367,769,76900,100,16,90.21155580088188,137.8665953359789,47.64540455443398,False,max_epochs,3889.5985441207886
rl4crn_rne_oscillator_trace_8rxn_stop_risksched085to09_lr1e4_entropy005_s4_c1_rnetol_d256_depth3_p20,seed367,367,770,77000,100,16,103.67383806006563,130.29652557879345,47.64540455443398,False,max_epochs,3894.5835106372833
rl4crn_rne_oscillator_trace_8rxn_stop_risksched085to09_lr1e4_entropy005_s4_c1_rnetol_d256_depth3_p20,seed367,367,771,77100,100,16,99.09033296430074,130.45653456591614,47.64540455443398,False,max_epochs,3899.8216207027435
rl4crn_rne_oscillator_trace_8rxn_stop_risksched085to09_lr1e4_entropy005_s4_c1_rnetol_d256_depth3_p20,seed367,367,772,77200,100,16,105.09077558750103,128.61500914118665,47.64540455443398,False,max_epochs,3904.9183485507965
rl4crn_rne_oscillator_trace_8rxn_stop_risksched085to09_lr1e4_entropy005_s4_c1_rnetol_d256_depth3_p20,seed367,367,773,77300,100,16,101.19367581627563,128.81247294060717,47.64540455443398,False,max_epochs,3907.328816175461
rl4crn_rne_oscillator_trace_8rxn_stop_risksched085to09_lr1e4_entropy005_s4_c1_rnetol_d256_depth3_p20,seed367,367,774,77400,100,16,109.08764029582122,133.2796669148741,47.64540455443398,False,max_epochs,3912.657053232193
rl4crn_rne_oscillator_trace_8rxn_stop_risksched085to09_lr1e4_entropy005_s4_c1_rnetol_d256_depth3_p20,seed367,367,775,77500,100,16,108.79206040507594,132.58728213677136,47.64540455443398,False,max_epochs,3918.2680144309998
rl4crn_rne_oscillator_trace_8rxn_stop_risksched085to09_lr1e4_entropy005_s4_c1_rnetol_d256_depth3_p20,seed367,367,776,77600,100,16,113.91802287699664,131.2943149296279,47.64540455443398,False,max_epochs,3923.7798783779144
rl4crn_rne_oscillator_trace_8rxn_stop_risksched085to09_lr1e4_entropy005_s4_c1_rnetol_d256_depth3_p20,seed367,367,777,77700,100,16,105.89886591626441,134.16878462281215,47.64540455443398,False,max_epochs,3929.26677942276
rl4crn_rne_oscillator_trace_8rxn_stop_risksched085to09_lr1e4_entropy005_s4_c1_rnetol_d256_depth3_p20,seed367,367,778,77800,100,16,69.23089814279655,131.61138629770483,47.64540455443398,False,max_epochs,3934.457745552063
rl4crn_rne_oscillator_trace_8rxn_stop_risksched085to09_lr1e4_entropy005_s4_c1_rnetol_d256_depth3_p20,seed367,367,779,77900,100,16,113.84582443836352,129.40790017023645,47.64540455443398,False,max_epochs,3939.7397339344025
rl4crn_rne_oscillator_trace_8rxn_stop_risksched085to09_lr1e4_entropy005_s4_c1_rnetol_d256_depth3_p20,seed367,367,780,78000,100,16,107.94246513705843,132.924631727544,47.64540455443398,False,max_epochs,3945.205414056778
rl4crn_rne_oscillator_trace_8rxn_stop_risksched085to09_lr1e4_entropy005_s4_c1_rnetol_d256_depth3_p20,seed367,367,781,78100,100,16,109.60218109934367,133.59330944761908,47.64540455443398,False,max_epochs,3949.9303481578827
rl4crn_rne_oscillator_trace_8rxn_stop_risksched085to09_lr1e4_entropy005_s4_c1_rnetol_d256_depth3_p20,seed367,367,782,78200,100,16,99.71496522710852,134.44916633959588,47.64540455443398,False,max_epochs,3952.2399427890778
rl4crn_rne_oscillator_trace_8rxn_stop_risksched085to09_lr1e4_entropy005_s4_c1_rnetol_d256_depth3_p20,seed367,367,783,78300,100,16,76.27042964414537,135.7888663440915,47.64540455443398,False,max_epochs,3957.318989276886
rl4crn_rne_oscillator_trace_8rxn_stop_risksched085to09_lr1e4_entropy005_s4_c1_rnetol_d256_depth3_p20,seed367,367,784,78400,100,16,113.58085330775185,135.39792630965167,47.64540455443398,False,max_epochs,3962.7183294296265
rl4crn_rne_oscillator_trace_8rxn_stop_risksched085to09_lr1e4_entropy005_s4_c1_rnetol_d256_depth3_p20,seed367,367,785,78500,100,16,85.43334076346517,133.07767898264217,47.64540455443398,False,max_epochs,3968.02476978302
rl4crn_rne_oscillator_trace_8rxn_stop_risksched085to09_lr1e4_entropy005_s4_c1_rnetol_d256_depth3_p20,seed367,367,786,78600,100,16,98.457840300877,130.2026236858744,47.64540455443398,False,max_epochs,3972.912259578705
rl4crn_rne_oscillator_trace_8rxn_stop_risksched085to09_lr1e4_entropy005_s4_c1_rnetol_d256_depth3_p20,seed367,367,787,78700,100,16,111.54387186877078,129.37514358287982,47.64540455443398,False,max_epochs,3978.172787427902
rl4crn_rne_oscillator_trace_8rxn_stop_risksched085to09_lr1e4_entropy005_s4_c1_rnetol_d256_depth3_p20,seed367,367,788,78800,100,16,103.61642227514884,134.6480874212892,47.64540455443398,False,max_epochs,3982.2445509433746
rl4crn_rne_oscillator_trace_8rxn_stop_risksched085to09_lr1e4_entropy005_s4_c1_rnetol_d256_depth3_p20,seed367,367,789,78900,100,16,104.59439935489237,133.105967059157,47.64540455443398,False,max_epochs,3985.0468628406525
rl4crn_rne_oscillator_trace_8rxn_stop_risksched085to09_lr1e4_entropy005_s4_c1_rnetol_d256_depth3_p20,seed367,367,790,79000,100,16,102.86342118387682,128.7652609696654,47.64540455443398,False,max_epochs,3990.501382827759
rl4crn_rne_oscillator_trace_8rxn_stop_risksched085to09_lr1e4_entropy005_s4_c1_rnetol_d256_depth3_p20,seed367,367,791,79100,100,16,111.73153711373104,129.64588331911713,47.64540455443398,False,max_epochs,3996.217192173004
rl4crn_rne_oscillator_trace_8rxn_stop_risksched085to09_lr1e4_entropy005_s4_c1_rnetol_d256_depth3_p20,seed367,367,792,79200,100,16,45.74029196421773,129.68827812333086,45.74029196421773,False,max_epochs,4001.7142939567566
rl4crn_rne_oscillator_trace_8rxn_stop_risksched085to09_lr1e4_entropy005_s4_c1_rnetol_d256_depth3_p20,seed367,367,793,79300,100,16,105.15554225638255,130.72121881145512,45.74029196421773,False,max_epochs,4007.253587245941
rl4crn_rne_oscillator_trace_8rxn_stop_risksched085to09_lr1e4_entropy005_s4_c1_rnetol_d256_depth3_p20,seed367,367,794,79400,100,16,108.96055698500753,128.83116312398187,45.74029196421773,False,max_epochs,4012.652866125107
rl4crn_rne_oscillator_trace_8rxn_stop_risksched085to09_lr1e4_entropy005_s4_c1_rnetol_d256_depth3_p20,seed367,367,795,79500,100,16,114.37130677560292,133.56775070067346,45.74029196421773,False,max_epochs,4018.0296335220337
rl4crn_rne_oscillator_trace_8rxn_stop_risksched085to09_lr1e4_entropy005_s4_c1_rnetol_d256_depth3_p20,seed367,367,796,79600,100,16,85.82793180914842,132.35406637447682,45.74029196421773,False,max_epochs,4023.240147829056
rl4crn_rne_oscillator_trace_8rxn_stop_risksched085to09_lr1e4_entropy005_s4_c1_rnetol_d256_depth3_p20,seed367,367,797,79700,100,16,105.11137676634326,133.0017477230185,45.74029196421773,False,max_epochs,4028.3565702438354
rl4crn_rne_oscillator_trace_8rxn_stop_risksched085to09_lr1e4_entropy005_s4_c1_rnetol_d256_depth3_p20,seed367,367,798,79800,100,16,115.30524263565528,132.08075394639667,45.74029196421773,False,max_epochs,4033.6395761966705
rl4crn_rne_oscillator_trace_8rxn_stop_risksched085to09_lr1e4_entropy005_s4_c1_rnetol_d256_depth3_p20,seed367,367,799,79900,100,16,112.45071349833223,133.2908810770473,45.74029196421773,False,max_epochs,4036.482501745224
rl4crn_rne_oscillator_trace_8rxn_stop_risksched085to09_lr1e4_entropy005_s4_c1_rnetol_d256_depth3_p20,seed367,367,800,80000,100,16,95.10541939011573,135.9088086056636,45.74029196421773,False,max_epochs,4041.385998249054
rl4crn_rne_oscillator_trace_8rxn_stop_risksched085to09_lr1e4_entropy005_s4_c1_rnetol_d256_depth3_p20,seed367,367,801,80100,100,16,113.37344564212742,142.43718148292132,45.74029196421773,False,max_epochs,4046.2450852394104
