method,run_id,seed,epoch,candidate_evaluations,batch_size,n_cpus,epoch_best_loss,epoch_median_loss,saved_best_loss,success,stop_reason,elapsed_seconds
rl4crn_rne_oscillator_trace_8rxn_stop_risksched085to09_lr1e4_entropy005_s4_c1_rnetol_d256_depth3_p20_bs200,seed051,51,1,200,200,16,123.78331413355303,130.2903878360812,123.78331413355303,False,max_epochs,9.518336296081543
rl4crn_rne_oscillator_trace_8rxn_stop_risksched085to09_lr1e4_entropy005_s4_c1_rnetol_d256_depth3_p20_bs200,seed051,51,2,400,200,16,123.24654125762234,130.24593087163908,123.24654125762234,False,max_epochs,16.501197576522827
rl4crn_rne_oscillator_trace_8rxn_stop_risksched085to09_lr1e4_entropy005_s4_c1_rnetol_d256_depth3_p20_bs200,seed051,51,3,600,200,16,123.08326112287334,129.91332687037743,123.08326112287334,False,max_epochs,25.786158800125122
rl4crn_rne_oscillator_trace_8rxn_stop_risksched085to09_lr1e4_entropy005_s4_c1_rnetol_d256_depth3_p20_bs200,seed051,51,4,800,200,16,123.90084987408927,130.7807739570472,123.08326112287334,False,max_epochs,35.249746322631836
rl4crn_rne_oscillator_trace_8rxn_stop_risksched085to09_lr1e4_entropy005_s4_c1_rnetol_d256_depth3_p20_bs200,seed051,51,5,1000,200,16,124.55304168518353,130.94822509301198,123.08326112287334,False,max_epochs,44.328678607940674
rl4crn_rne_oscillator_trace_8rxn_stop_risksched085to09_lr1e4_entropy005_s4_c1_rnetol_d256_depth3_p20_bs200,seed051,51,6,1200,200,16,123.94051631537207,130.29515829004754,123.08326112287334,False,max_epochs,53.54084825515747
rl4crn_rne_oscillator_trace_8rxn_stop_risksched085to09_lr1e4_entropy005_s4_c1_rnetol_d256_depth3_p20_bs200,seed051,51,7,1400,200,16,122.73405062306027,130.55696438740932,122.73405062306027,False,max_epochs,63.491066694259644
rl4crn_rne_oscillator_trace_8rxn_stop_risksched085to09_lr1e4_entropy005_s4_c1_rnetol_d256_depth3_p20_bs200,seed051,51,8,1600,200,16,123.01157080709315,130.2883637219216,122.73405062306027,False,max_epochs,72.35874915122986
rl4crn_rne_oscillator_trace_8rxn_stop_risksched085to09_lr1e4_entropy005_s4_c1_rnetol_d256_depth3_p20_bs200,seed051,51,9,1800,200,16,122.80085081577657,130.3172908155866,122.73405062306027,False,max_epochs,81.39866328239441
rl4crn_rne_oscillator_trace_8rxn_stop_risksched085to09_lr1e4_entropy005_s4_c1_rnetol_d256_depth3_p20_bs200,seed051,51,10,2000,200,16,124.07141142426877,130.34251513539402,122.73405062306027,False,max_epochs,90.21833753585815
rl4crn_rne_oscillator_trace_8rxn_stop_risksched085to09_lr1e4_entropy005_s4_c1_rnetol_d256_depth3_p20_bs200,seed051,51,11,2200,200,16,122.07600655540499,130.53334076267086,122.07600655540499,False,max_epochs,99.28559470176697
rl4crn_rne_oscillator_trace_8rxn_stop_risksched085to09_lr1e4_entropy005_s4_c1_rnetol_d256_depth3_p20_bs200,seed051,51,12,2400,200,16,122.36231919958377,131.29134383601894,122.07600655540499,False,max_epochs,104.96354389190674
rl4crn_rne_oscillator_trace_8rxn_stop_risksched085to09_lr1e4_entropy005_s4_c1_rnetol_d256_depth3_p20_bs200,seed051,51,13,2600,200,16,123.13629311960206,130.65452750042806,122.07600655540499,False,max_epochs,110.7542793750763
rl4crn_rne_oscillator_trace_8rxn_stop_risksched085to09_lr1e4_entropy005_s4_c1_rnetol_d256_depth3_p20_bs200,seed051,51,14,2800,200,16,123.58569724114724,130.35858396601776,122.07600655540499,False,max_epochs,119.630211353302
rl4crn_rne_oscillator_trace_8rxn_stop_risksched085to09_lr1e4_entropy005_s4_c1_rnetol_d256_depth3_p20_bs200,seed051,51,15,3000,200,16,123.11295326489727,129.98920483570402,122.07600655540499,False,max_epochs,129.02028560638428
rl4crn_rne_oscillator_trace_8rxn_stop_risksched085to09_lr1e4_entropy005_s4_c1_rnetol_d256_depth3_p20_bs200,seed051,51,16,3200,200,16,123.60846088499987,129.92665979648638,122.07600655540499,False,max_epochs,137.81326365470886
rl4crn_rne_oscillator_trace_8rxn_stop_risksched085to09_lr1e4_entropy005_s4_c1_rnetol_d256_depth3_p20_bs200,seed051,51,17,3400,200,16,122.83306933248423,130.58760304868986,122.07600655540499,False,max_epochs,147.23617482185364
rl4crn_rne_oscillator_trace_8rxn_stop_risksched085to09_lr1e4_entropy005_s4_c1_rnetol_d256_depth3_p20_bs200,seed051,51,18,3600,200,16,122.40076317124186,130.00675362910633,122.07600655540499,False,max_epochs,156.36985564231873
rl4crn_rne_oscillator_trace_8rxn_stop_risksched085to09_lr1e4_entropy005_s4_c1_rnetol_d256_depth3_p20_bs200,seed051,51,19,3800,200,16,123.55046610393413,128.47197638134662,122.07600655540499,False,max_epochs,165.24247860908508
rl4crn_rne_oscillator_trace_8rxn_stop_risksched085to09_lr1e4_entropy005_s4_c1_rnetol_d256_depth3_p20_bs200,seed051,51,20,4000,200,16,121.46560038822662,128.5279972391653,121.46560038822662,False,max_epochs,174.35771703720093
rl4crn_rne_oscillator_trace_8rxn_stop_risksched085to09_lr1e4_entropy005_s4_c1_rnetol_d256_depth3_p20_bs200,seed051,51,21,4200,200,16,122.07847921790214,127.6848273585255,121.46560038822662,False,max_epochs,183.01406407356262
rl4crn_rne_oscillator_trace_8rxn_stop_risksched085to09_lr1e4_entropy005_s4_c1_rnetol_d256_depth3_p20_bs200,seed051,51,22,4400,200,16,121.36740066860492,127.41953612715804,121.36740066860492,False,max_epochs,190.61742091178894
rl4crn_rne_oscillator_trace_8rxn_stop_risksched085to09_lr1e4_entropy005_s4_c1_rnetol_d256_depth3_p20_bs200,seed051,51,23,4600,200,16,121.63732333103871,127.06722981398144,121.36740066860492,False,max_epochs,195.4861135482788
rl4crn_rne_oscillator_trace_8rxn_stop_risksched085to09_lr1e4_entropy005_s4_c1_rnetol_d256_depth3_p20_bs200,seed051,51,24,4800,200,16,120.78290639079745,126.69589075847969,120.78290639079745,False,max_epochs,203.66707611083984
rl4crn_rne_oscillator_trace_8rxn_stop_risksched085to09_lr1e4_entropy005_s4_c1_rnetol_d256_depth3_p20_bs200,seed051,51,25,5000,200,16,121.27089767011847,126.68998094650249,120.78290639079745,False,max_epochs,212.67675852775574
rl4crn_rne_oscillator_trace_8rxn_stop_risksched085to09_lr1e4_entropy005_s4_c1_rnetol_d256_depth3_p20_bs200,seed051,51,26,5200,200,16,120.77523754300071,126.8651749301111,120.77523754300071,False,max_epochs,221.97331929206848
rl4crn_rne_oscillator_trace_8rxn_stop_risksched085to09_lr1e4_entropy005_s4_c1_rnetol_d256_depth3_p20_bs200,seed051,51,27,5400,200,16,121.33051640813869,127.04408066851562,120.77523754300071,False,max_epochs,230.98790836334229
rl4crn_rne_oscillator_trace_8rxn_stop_risksched085to09_lr1e4_entropy005_s4_c1_rnetol_d256_depth3_p20_bs200,seed051,51,28,5600,200,16,120.12592950245342,127.40061146052219,120.12592950245342,False,max_epochs,240.43258953094482
rl4crn_rne_oscillator_trace_8rxn_stop_risksched085to09_lr1e4_entropy005_s4_c1_rnetol_d256_depth3_p20_bs200,seed051,51,29,5800,200,16,120.94915598092793,126.90893913817133,120.12592950245342,False,max_epochs,249.61229610443115
rl4crn_rne_oscillator_trace_8rxn_stop_risksched085to09_lr1e4_entropy005_s4_c1_rnetol_d256_depth3_p20_bs200,seed051,51,30,6000,200,16,119.87759876801074,126.00829710653002,119.87759876801074,False,max_epochs,259.08271193504333
rl4crn_rne_oscillator_trace_8rxn_stop_risksched085to09_lr1e4_entropy005_s4_c1_rnetol_d256_depth3_p20_bs200,seed051,51,31,6200,200,16,120.5655532297179,127.76588669803893,119.87759876801074,False,max_epochs,267.6806185245514
rl4crn_rne_oscillator_trace_8rxn_stop_risksched085to09_lr1e4_entropy005_s4_c1_rnetol_d256_depth3_p20_bs200,seed051,51,32,6400,200,16,120.68655893153883,128.24171251905102,119.87759876801074,False,max_epochs,277.3925108909607
rl4crn_rne_oscillator_trace_8rxn_stop_risksched085to09_lr1e4_entropy005_s4_c1_rnetol_d256_depth3_p20_bs200,seed051,51,33,6600,200,16,120.37232035520663,129.27312822908573,119.87759876801074,False,max_epochs,286.561972618103
rl4crn_rne_oscillator_trace_8rxn_stop_risksched085to09_lr1e4_entropy005_s4_c1_rnetol_d256_depth3_p20_bs200,seed051,51,34,6800,200,16,118.47124313828354,130.43367052780138,118.47124313828354,False,max_epochs,295.89339780807495
rl4crn_rne_oscillator_trace_8rxn_stop_risksched085to09_lr1e4_entropy005_s4_c1_rnetol_d256_depth3_p20_bs200,seed051,51,35,7000,200,16,120.6909204462177,131.08072727082146,118.47124313828354,False,max_epochs,305.42223262786865
rl4crn_rne_oscillator_trace_8rxn_stop_risksched085to09_lr1e4_entropy005_s4_c1_rnetol_d256_depth3_p20_bs200,seed051,51,36,7200,200,16,120.77372734748707,129.66927615322385,118.47124313828354,False,max_epochs,315.40965270996094
rl4crn_rne_oscillator_trace_8rxn_stop_risksched085to09_lr1e4_entropy005_s4_c1_rnetol_d256_depth3_p20_bs200,seed051,51,37,7400,200,16,116.02688572420281,128.74044507920013,116.02688572420281,False,max_epochs,324.697368144989
rl4crn_rne_oscillator_trace_8rxn_stop_risksched085to09_lr1e4_entropy005_s4_c1_rnetol_d256_depth3_p20_bs200,seed051,51,38,7600,200,16,119.66542665108383,128.43704278847278,116.02688572420281,False,max_epochs,334.06592178344727
rl4crn_rne_oscillator_trace_8rxn_stop_risksched085to09_lr1e4_entropy005_s4_c1_rnetol_d256_depth3_p20_bs200,seed051,51,39,7800,200,16,119.55790994834126,126.89714168626716,116.02688572420281,False,max_epochs,343.91316628456116
rl4crn_rne_oscillator_trace_8rxn_stop_risksched085to09_lr1e4_entropy005_s4_c1_rnetol_d256_depth3_p20_bs200,seed051,51,40,8000,200,16,119.12902216101345,130.23139842575173,116.02688572420281,False,max_epochs,353.47172570228577
rl4crn_rne_oscillator_trace_8rxn_stop_risksched085to09_lr1e4_entropy005_s4_c1_rnetol_d256_depth3_p20_bs200,seed051,51,41,8200,200,16,119.7825099393605,129.52337098426653,116.02688572420281,False,max_epochs,362.4712882041931
rl4crn_rne_oscillator_trace_8rxn_stop_risksched085to09_lr1e4_entropy005_s4_c1_rnetol_d256_depth3_p20_bs200,seed051,51,42,8400,200,16,120.51996551652702,128.2236975135515,116.02688572420281,False,max_epochs,372.19298458099365
rl4crn_rne_oscillator_trace_8rxn_stop_risksched085to09_lr1e4_entropy005_s4_c1_rnetol_d256_depth3_p20_bs200,seed051,51,43,8600,200,16,119.90986085384289,131.56148511947345,116.02688572420281,False,max_epochs,381.5516941547394
rl4crn_rne_oscillator_trace_8rxn_stop_risksched085to09_lr1e4_entropy005_s4_c1_rnetol_d256_depth3_p20_bs200,seed051,51,44,8800,200,16,117.59052735370958,131.38442327256598,116.02688572420281,False,max_epochs,390.2159523963928
rl4crn_rne_oscillator_trace_8rxn_stop_risksched085to09_lr1e4_entropy005_s4_c1_rnetol_d256_depth3_p20_bs200,seed051,51,45,9000,200,16,119.8261552600521,132.31172992205464,116.02688572420281,False,max_epochs,399.5251624584198
rl4crn_rne_oscillator_trace_8rxn_stop_risksched085to09_lr1e4_entropy005_s4_c1_rnetol_d256_depth3_p20_bs200,seed051,51,46,9200,200,16,117.51224641851982,128.54645579643014,116.02688572420281,False,max_epochs,408.97958731651306
rl4crn_rne_oscillator_trace_8rxn_stop_risksched085to09_lr1e4_entropy005_s4_c1_rnetol_d256_depth3_p20_bs200,seed051,51,47,9400,200,16,118.9717605488857,132.1039044474426,116.02688572420281,False,max_epochs,418.050062417984
rl4crn_rne_oscillator_trace_8rxn_stop_risksched085to09_lr1e4_entropy005_s4_c1_rnetol_d256_depth3_p20_bs200,seed051,51,48,9600,200,16,118.28542666178534,126.38226172571342,116.02688572420281,False,max_epochs,426.40009474754333
rl4crn_rne_oscillator_trace_8rxn_stop_risksched085to09_lr1e4_entropy005_s4_c1_rnetol_d256_depth3_p20_bs200,seed051,51,49,9800,200,16,119.00621772302001,127.64655738566881,116.02688572420281,False,max_epochs,430.8952181339264
rl4crn_rne_oscillator_trace_8rxn_stop_risksched085to09_lr1e4_entropy005_s4_c1_rnetol_d256_depth3_p20_bs200,seed051,51,50,10000,200,16,119.4108461701689,132.8138045750356,116.02688572420281,False,max_epochs,438.30418395996094
rl4crn_rne_oscillator_trace_8rxn_stop_risksched085to09_lr1e4_entropy005_s4_c1_rnetol_d256_depth3_p20_bs200,seed051,51,51,10200,200,16,119.90502262302635,134.31110357926255,116.02688572420281,False,max_epochs,447.7041800022125
rl4crn_rne_oscillator_trace_8rxn_stop_risksched085to09_lr1e4_entropy005_s4_c1_rnetol_d256_depth3_p20_bs200,seed051,51,52,10400,200,16,119.56990671974293,131.62914932266125,116.02688572420281,False,max_epochs,456.6591079235077
rl4crn_rne_oscillator_trace_8rxn_stop_risksched085to09_lr1e4_entropy005_s4_c1_rnetol_d256_depth3_p20_bs200,seed051,51,53,10600,200,16,119.91774096824193,130.24419868555808,116.02688572420281,False,max_epochs,466.2128577232361
rl4crn_rne_oscillator_trace_8rxn_stop_risksched085to09_lr1e4_entropy005_s4_c1_rnetol_d256_depth3_p20_bs200,seed051,51,54,10800,200,16,116.82450695964503,132.4650090669166,116.02688572420281,False,max_epochs,475.9742748737335
rl4crn_rne_oscillator_trace_8rxn_stop_risksched085to09_lr1e4_entropy005_s4_c1_rnetol_d256_depth3_p20_bs200,seed051,51,55,11000,200,16,119.33546175471068,130.9887561736163,116.02688572420281,False,max_epochs,485.1868939399719
rl4crn_rne_oscillator_trace_8rxn_stop_risksched085to09_lr1e4_entropy005_s4_c1_rnetol_d256_depth3_p20_bs200,seed051,51,56,11200,200,16,118.51991276354059,130.35463980425038,116.02688572420281,False,max_epochs,494.6080758571625
rl4crn_rne_oscillator_trace_8rxn_stop_risksched085to09_lr1e4_entropy005_s4_c1_rnetol_d256_depth3_p20_bs200,seed051,51,57,11400,200,16,119.95506590750367,135.17325613473872,116.02688572420281,False,max_epochs,504.0960097312927
rl4crn_rne_oscillator_trace_8rxn_stop_risksched085to09_lr1e4_entropy005_s4_c1_rnetol_d256_depth3_p20_bs200,seed051,51,58,11600,200,16,119.10862784202207,135.43740105558282,116.02688572420281,False,max_epochs,513.2584953308105
rl4crn_rne_oscillator_trace_8rxn_stop_risksched085to09_lr1e4_entropy005_s4_c1_rnetol_d256_depth3_p20_bs200,seed051,51,59,11800,200,16,116.28329363980379,127.56205356278136,116.02688572420281,False,max_epochs,521.9771478176117
rl4crn_rne_oscillator_trace_8rxn_stop_risksched085to09_lr1e4_entropy005_s4_c1_rnetol_d256_depth3_p20_bs200,seed051,51,60,12000,200,16,118.24152931679171,129.98261269793855,116.02688572420281,False,max_epochs,530.988659620285
rl4crn_rne_oscillator_trace_8rxn_stop_risksched085to09_lr1e4_entropy005_s4_c1_rnetol_d256_depth3_p20_bs200,seed051,51,61,12200,200,16,118.04194626870044,133.4336430843693,116.02688572420281,False,max_epochs,539.5183589458466
rl4crn_rne_oscillator_trace_8rxn_stop_risksched085to09_lr1e4_entropy005_s4_c1_rnetol_d256_depth3_p20_bs200,seed051,51,62,12400,200,16,119.45961540007225,129.94071261713924,116.02688572420281,False,max_epochs,543.7865052223206
rl4crn_rne_oscillator_trace_8rxn_stop_risksched085to09_lr1e4_entropy005_s4_c1_rnetol_d256_depth3_p20_bs200,seed051,51,63,12600,200,16,117.60247553342612,137.27375158445642,116.02688572420281,False,max_epochs,551.27800989151
rl4crn_rne_oscillator_trace_8rxn_stop_risksched085to09_lr1e4_entropy005_s4_c1_rnetol_d256_depth3_p20_bs200,seed051,51,64,12800,200,16,119.35196959842166,130.60279717719322,116.02688572420281,False,max_epochs,560.3475828170776
rl4crn_rne_oscillator_trace_8rxn_stop_risksched085to09_lr1e4_entropy005_s4_c1_rnetol_d256_depth3_p20_bs200,seed051,51,65,13000,200,16,117.24886573367256,131.54729237929126,116.02688572420281,False,max_epochs,569.6570982933044
rl4crn_rne_oscillator_trace_8rxn_stop_risksched085to09_lr1e4_entropy005_s4_c1_rnetol_d256_depth3_p20_bs200,seed051,51,66,13200,200,16,119.45262594476546,129.7027592256954,116.02688572420281,False,max_epochs,577.7793514728546
rl4crn_rne_oscillator_trace_8rxn_stop_risksched085to09_lr1e4_entropy005_s4_c1_rnetol_d256_depth3_p20_bs200,seed051,51,67,13400,200,16,119.45192642148874,128.64104076868435,116.02688572420281,False,max_epochs,587.1106798648834
rl4crn_rne_oscillator_trace_8rxn_stop_risksched085to09_lr1e4_entropy005_s4_c1_rnetol_d256_depth3_p20_bs200,seed051,51,68,13600,200,16,117.92988298920088,133.05543004553425,116.02688572420281,False,max_epochs,596.3473150730133
rl4crn_rne_oscillator_trace_8rxn_stop_risksched085to09_lr1e4_entropy005_s4_c1_rnetol_d256_depth3_p20_bs200,seed051,51,69,13800,200,16,117.22237034519347,127.28694291730194,116.02688572420281,False,max_epochs,604.965160369873
rl4crn_rne_oscillator_trace_8rxn_stop_risksched085to09_lr1e4_entropy005_s4_c1_rnetol_d256_depth3_p20_bs200,seed051,51,70,14000,200,16,119.69405435095445,127.8971967577631,116.02688572420281,False,max_epochs,607.7116224765778
rl4crn_rne_oscillator_trace_8rxn_stop_risksched085to09_lr1e4_entropy005_s4_c1_rnetol_d256_depth3_p20_bs200,seed051,51,71,14200,200,16,118.2992221846159,128.2774831760059,116.02688572420281,False,max_epochs,616.6074266433716
rl4crn_rne_oscillator_trace_8rxn_stop_risksched085to09_lr1e4_entropy005_s4_c1_rnetol_d256_depth3_p20_bs200,seed051,51,72,14400,200,16,118.89063383539889,131.05006837278793,116.02688572420281,False,max_epochs,625.8304471969604
rl4crn_rne_oscillator_trace_8rxn_stop_risksched085to09_lr1e4_entropy005_s4_c1_rnetol_d256_depth3_p20_bs200,seed051,51,73,14600,200,16,117.80293667604373,129.3964099249685,116.02688572420281,False,max_epochs,634.9162101745605
rl4crn_rne_oscillator_trace_8rxn_stop_risksched085to09_lr1e4_entropy005_s4_c1_rnetol_d256_depth3_p20_bs200,seed051,51,74,14800,200,16,117.60974918739932,126.24683162409599,116.02688572420281,False,max_epochs,643.5663540363312
rl4crn_rne_oscillator_trace_8rxn_stop_risksched085to09_lr1e4_entropy005_s4_c1_rnetol_d256_depth3_p20_bs200,seed051,51,75,15000,200,16,115.82557653021263,127.2783008867709,115.82557653021263,False,max_epochs,652.313515663147
rl4crn_rne_oscillator_trace_8rxn_stop_risksched085to09_lr1e4_entropy005_s4_c1_rnetol_d256_depth3_p20_bs200,seed051,51,76,15200,200,16,113.64583315810026,130.6941575113999,113.64583315810026,False,max_epochs,655.2339065074921
rl4crn_rne_oscillator_trace_8rxn_stop_risksched085to09_lr1e4_entropy005_s4_c1_rnetol_d256_depth3_p20_bs200,seed051,51,77,15400,200,16,117.66607429547705,128.64804420572693,113.64583315810026,False,max_epochs,664.4033432006836
rl4crn_rne_oscillator_trace_8rxn_stop_risksched085to09_lr1e4_entropy005_s4_c1_rnetol_d256_depth3_p20_bs200,seed051,51,78,15600,200,16,118.94101364333228,130.23753633539854,113.64583315810026,False,max_epochs,673.0078482627869
rl4crn_rne_oscillator_trace_8rxn_stop_risksched085to09_lr1e4_entropy005_s4_c1_rnetol_d256_depth3_p20_bs200,seed051,51,79,15800,200,16,118.51991432220649,130.7393402609694,113.64583315810026,False,max_epochs,682.2979438304901
rl4crn_rne_oscillator_trace_8rxn_stop_risksched085to09_lr1e4_entropy005_s4_c1_rnetol_d256_depth3_p20_bs200,seed051,51,80,16000,200,16,114.37726475505903,126.87664472123114,113.64583315810026,False,max_epochs,691.6298463344574
rl4crn_rne_oscillator_trace_8rxn_stop_risksched085to09_lr1e4_entropy005_s4_c1_rnetol_d256_depth3_p20_bs200,seed051,51,81,16200,200,16,119.82457312229809,129.9231147726859,113.64583315810026,False,max_epochs,700.7084662914276
rl4crn_rne_oscillator_trace_8rxn_stop_risksched085to09_lr1e4_entropy005_s4_c1_rnetol_d256_depth3_p20_bs200,seed051,51,82,16400,200,16,119.21092754171015,130.12565898782077,113.64583315810026,False,max_epochs,710.8039224147797
rl4crn_rne_oscillator_trace_8rxn_stop_risksched085to09_lr1e4_entropy005_s4_c1_rnetol_d256_depth3_p20_bs200,seed051,51,83,16600,200,16,118.79848287245665,127.98824551640381,113.64583315810026,False,max_epochs,720.0566234588623
rl4crn_rne_oscillator_trace_8rxn_stop_risksched085to09_lr1e4_entropy005_s4_c1_rnetol_d256_depth3_p20_bs200,seed051,51,84,16800,200,16,116.70647902665371,125.71432751258521,113.64583315810026,False,max_epochs,729.050365447998
rl4crn_rne_oscillator_trace_8rxn_stop_risksched085to09_lr1e4_entropy005_s4_c1_rnetol_d256_depth3_p20_bs200,seed051,51,85,17000,200,16,115.02331019305925,126.09185069962204,113.64583315810026,False,max_epochs,737.902792930603
rl4crn_rne_oscillator_trace_8rxn_stop_risksched085to09_lr1e4_entropy005_s4_c1_rnetol_d256_depth3_p20_bs200,seed051,51,86,17200,200,16,115.59363255731476,126.8632819291221,113.64583315810026,False,max_epochs,746.9773888587952
rl4crn_rne_oscillator_trace_8rxn_stop_risksched085to09_lr1e4_entropy005_s4_c1_rnetol_d256_depth3_p20_bs200,seed051,51,87,17400,200,16,118.79576271037068,125.83866142749407,113.64583315810026,False,max_epochs,755.1331624984741
rl4crn_rne_oscillator_trace_8rxn_stop_risksched085to09_lr1e4_entropy005_s4_c1_rnetol_d256_depth3_p20_bs200,seed051,51,88,17600,200,16,118.40608059401617,127.74071859770413,113.64583315810026,False,max_epochs,758.8839831352234
rl4crn_rne_oscillator_trace_8rxn_stop_risksched085to09_lr1e4_entropy005_s4_c1_rnetol_d256_depth3_p20_bs200,seed051,51,89,17800,200,16,117.59014149223313,126.64291130451363,113.64583315810026,False,max_epochs,767.3125691413879
rl4crn_rne_oscillator_trace_8rxn_stop_risksched085to09_lr1e4_entropy005_s4_c1_rnetol_d256_depth3_p20_bs200,seed051,51,90,18000,200,16,118.72526247582795,127.11958079994417,113.64583315810026,False,max_epochs,776.7811591625214
rl4crn_rne_oscillator_trace_8rxn_stop_risksched085to09_lr1e4_entropy005_s4_c1_rnetol_d256_depth3_p20_bs200,seed051,51,91,18200,200,16,117.8138233659237,126.58793148832024,113.64583315810026,False,max_epochs,786.3348321914673
rl4crn_rne_oscillator_trace_8rxn_stop_risksched085to09_lr1e4_entropy005_s4_c1_rnetol_d256_depth3_p20_bs200,seed051,51,92,18400,200,16,118.04440258884473,136.37423580316434,113.64583315810026,False,max_epochs,795.1225316524506
rl4crn_rne_oscillator_trace_8rxn_stop_risksched085to09_lr1e4_entropy005_s4_c1_rnetol_d256_depth3_p20_bs200,seed051,51,93,18600,200,16,110.690757629549,127.87539508883764,110.690757629549,False,max_epochs,804.4331676959991
rl4crn_rne_oscillator_trace_8rxn_stop_risksched085to09_lr1e4_entropy005_s4_c1_rnetol_d256_depth3_p20_bs200,seed051,51,94,18800,200,16,117.73826858625374,127.11564505558349,110.690757629549,False,max_epochs,813.6492063999176
rl4crn_rne_oscillator_trace_8rxn_stop_risksched085to09_lr1e4_entropy005_s4_c1_rnetol_d256_depth3_p20_bs200,seed051,51,95,19000,200,16,118.13619511629034,126.11840719768797,110.690757629549,False,max_epochs,822.4935281276703
rl4crn_rne_oscillator_trace_8rxn_stop_risksched085to09_lr1e4_entropy005_s4_c1_rnetol_d256_depth3_p20_bs200,seed051,51,96,19200,200,16,118.55137300043125,126.07851354045441,110.690757629549,False,max_epochs,825.1684138774872
rl4crn_rne_oscillator_trace_8rxn_stop_risksched085to09_lr1e4_entropy005_s4_c1_rnetol_d256_depth3_p20_bs200,seed051,51,97,19400,200,16,117.62684183291533,126.78159795847024,110.690757629549,False,max_epochs,833.489431142807
rl4crn_rne_oscillator_trace_8rxn_stop_risksched085to09_lr1e4_entropy005_s4_c1_rnetol_d256_depth3_p20_bs200,seed051,51,98,19600,200,16,117.12891343620824,127.10457783099866,110.690757629549,False,max_epochs,842.8060257434845
rl4crn_rne_oscillator_trace_8rxn_stop_risksched085to09_lr1e4_entropy005_s4_c1_rnetol_d256_depth3_p20_bs200,seed051,51,99,19800,200,16,116.95336956097383,130.08308462451743,110.690757629549,False,max_epochs,852.1986703872681
rl4crn_rne_oscillator_trace_8rxn_stop_risksched085to09_lr1e4_entropy005_s4_c1_rnetol_d256_depth3_p20_bs200,seed051,51,100,20000,200,16,117.64439548686785,126.05750143656628,110.690757629549,False,max_epochs,860.8201282024384
rl4crn_rne_oscillator_trace_8rxn_stop_risksched085to09_lr1e4_entropy005_s4_c1_rnetol_d256_depth3_p20_bs200,seed051,51,101,20200,200,16,116.72893812939608,126.12432398492706,110.690757629549,False,max_epochs,870.0162796974182
rl4crn_rne_oscillator_trace_8rxn_stop_risksched085to09_lr1e4_entropy005_s4_c1_rnetol_d256_depth3_p20_bs200,seed051,51,102,20400,200,16,114.5239335375375,127.55265529649549,110.690757629549,False,max_epochs,879.3969113826752
rl4crn_rne_oscillator_trace_8rxn_stop_risksched085to09_lr1e4_entropy005_s4_c1_rnetol_d256_depth3_p20_bs200,seed051,51,103,20600,200,16,115.44004044482153,126.81373823559659,110.690757629549,False,max_epochs,888.255110502243
rl4crn_rne_oscillator_trace_8rxn_stop_risksched085to09_lr1e4_entropy005_s4_c1_rnetol_d256_depth3_p20_bs200,seed051,51,104,20800,200,16,112.63454337508328,127.72558429261264,110.690757629549,False,max_epochs,896.8709354400635
rl4crn_rne_oscillator_trace_8rxn_stop_risksched085to09_lr1e4_entropy005_s4_c1_rnetol_d256_depth3_p20_bs200,seed051,51,105,21000,200,16,117.58706575217587,127.36385443717168,110.690757629549,False,max_epochs,901.8728492259979
rl4crn_rne_oscillator_trace_8rxn_stop_risksched085to09_lr1e4_entropy005_s4_c1_rnetol_d256_depth3_p20_bs200,seed051,51,106,21200,200,16,115.88841308809138,132.0497019330328,110.690757629549,False,max_epochs,908.9178717136383
rl4crn_rne_oscillator_trace_8rxn_stop_risksched085to09_lr1e4_entropy005_s4_c1_rnetol_d256_depth3_p20_bs200,seed051,51,107,21400,200,16,116.46601595220737,127.68531342309971,110.690757629549,False,max_epochs,918.0296316146851
rl4crn_rne_oscillator_trace_8rxn_stop_risksched085to09_lr1e4_entropy005_s4_c1_rnetol_d256_depth3_p20_bs200,seed051,51,108,21600,200,16,114.90007247215571,128.18694850050406,110.690757629549,False,max_epochs,926.9630882740021
rl4crn_rne_oscillator_trace_8rxn_stop_risksched085to09_lr1e4_entropy005_s4_c1_rnetol_d256_depth3_p20_bs200,seed051,51,109,21800,200,16,117.63841529487371,132.13057824981206,110.690757629549,False,max_epochs,936.5603482723236
rl4crn_rne_oscillator_trace_8rxn_stop_risksched085to09_lr1e4_entropy005_s4_c1_rnetol_d256_depth3_p20_bs200,seed051,51,110,22000,200,16,114.64237225242131,130.0420421124058,110.690757629549,False,max_epochs,945.7484362125397
rl4crn_rne_oscillator_trace_8rxn_stop_risksched085to09_lr1e4_entropy005_s4_c1_rnetol_d256_depth3_p20_bs200,seed051,51,111,22200,200,16,115.78827142203575,127.79608338403673,110.690757629549,False,max_epochs,954.4118239879608
rl4crn_rne_oscillator_trace_8rxn_stop_risksched085to09_lr1e4_entropy005_s4_c1_rnetol_d256_depth3_p20_bs200,seed051,51,112,22400,200,16,113.52302155455365,128.0369106040185,110.690757629549,False,max_epochs,963.7164063453674
rl4crn_rne_oscillator_trace_8rxn_stop_risksched085to09_lr1e4_entropy005_s4_c1_rnetol_d256_depth3_p20_bs200,seed051,51,113,22600,200,16,117.6401848211969,127.52924733174885,110.690757629549,False,max_epochs,972.9834055900574
rl4crn_rne_oscillator_trace_8rxn_stop_risksched085to09_lr1e4_entropy005_s4_c1_rnetol_d256_depth3_p20_bs200,seed051,51,114,22800,200,16,113.3873361861028,126.45601608474715,110.690757629549,False,max_epochs,981.4021320343018
rl4crn_rne_oscillator_trace_8rxn_stop_risksched085to09_lr1e4_entropy005_s4_c1_rnetol_d256_depth3_p20_bs200,seed051,51,115,23000,200,16,117.75592632168697,130.2426824254162,110.690757629549,False,max_epochs,984.2708132266998
rl4crn_rne_oscillator_trace_8rxn_stop_risksched085to09_lr1e4_entropy005_s4_c1_rnetol_d256_depth3_p20_bs200,seed051,51,116,23200,200,16,114.81656503872482,132.57366220664858,110.690757629549,False,max_epochs,993.0070548057556
rl4crn_rne_oscillator_trace_8rxn_stop_risksched085to09_lr1e4_entropy005_s4_c1_rnetol_d256_depth3_p20_bs200,seed051,51,117,23400,200,16,114.03364075575459,130.41732555793112,110.690757629549,False,max_epochs,1002.3413844108582
rl4crn_rne_oscillator_trace_8rxn_stop_risksched085to09_lr1e4_entropy005_s4_c1_rnetol_d256_depth3_p20_bs200,seed051,51,118,23600,200,16,114.18229277732156,128.02331094283613,110.690757629549,False,max_epochs,1011.6233367919922
rl4crn_rne_oscillator_trace_8rxn_stop_risksched085to09_lr1e4_entropy005_s4_c1_rnetol_d256_depth3_p20_bs200,seed051,51,119,23800,200,16,113.24251968479133,127.75944702966117,110.690757629549,False,max_epochs,1019.9789762496948
rl4crn_rne_oscillator_trace_8rxn_stop_risksched085to09_lr1e4_entropy005_s4_c1_rnetol_d256_depth3_p20_bs200,seed051,51,120,24000,200,16,117.7170789955124,127.02609654345494,110.690757629549,False,max_epochs,1029.1612436771393
rl4crn_rne_oscillator_trace_8rxn_stop_risksched085to09_lr1e4_entropy005_s4_c1_rnetol_d256_depth3_p20_bs200,seed051,51,121,24200,200,16,116.2119816243687,127.82510440001715,110.690757629549,False,max_epochs,1038.2013857364655
rl4crn_rne_oscillator_trace_8rxn_stop_risksched085to09_lr1e4_entropy005_s4_c1_rnetol_d256_depth3_p20_bs200,seed051,51,122,24400,200,16,115.96809551580118,125.3480933636732,110.690757629549,False,max_epochs,1046.1334669589996
rl4crn_rne_oscillator_trace_8rxn_stop_risksched085to09_lr1e4_entropy005_s4_c1_rnetol_d256_depth3_p20_bs200,seed051,51,123,24600,200,16,116.20161488371949,126.4461745546576,110.690757629549,False,max_epochs,1049.3610138893127
rl4crn_rne_oscillator_trace_8rxn_stop_risksched085to09_lr1e4_entropy005_s4_c1_rnetol_d256_depth3_p20_bs200,seed051,51,124,24800,200,16,112.03925453512728,125.66868903793011,110.690757629549,False,max_epochs,1058.8987119197845
rl4crn_rne_oscillator_trace_8rxn_stop_risksched085to09_lr1e4_entropy005_s4_c1_rnetol_d256_depth3_p20_bs200,seed051,51,125,25000,200,16,115.49094273250428,125.63729790646656,110.690757629549,False,max_epochs,1068.2972135543823
rl4crn_rne_oscillator_trace_8rxn_stop_risksched085to09_lr1e4_entropy005_s4_c1_rnetol_d256_depth3_p20_bs200,seed051,51,126,25200,200,16,113.65466063715118,125.15835977395298,110.690757629549,False,max_epochs,1077.1063647270203
rl4crn_rne_oscillator_trace_8rxn_stop_risksched085to09_lr1e4_entropy005_s4_c1_rnetol_d256_depth3_p20_bs200,seed051,51,127,25400,200,16,115.93520521113767,124.76989981626835,110.690757629549,False,max_epochs,1086.7427051067352
rl4crn_rne_oscillator_trace_8rxn_stop_risksched085to09_lr1e4_entropy005_s4_c1_rnetol_d256_depth3_p20_bs200,seed051,51,128,25600,200,16,112.12003701179114,124.12384348282527,110.690757629549,False,max_epochs,1096.1666734218597
rl4crn_rne_oscillator_trace_8rxn_stop_risksched085to09_lr1e4_entropy005_s4_c1_rnetol_d256_depth3_p20_bs200,seed051,51,129,25800,200,16,114.82718346722567,126.34180019673525,110.690757629549,False,max_epochs,1104.9551074504852
rl4crn_rne_oscillator_trace_8rxn_stop_risksched085to09_lr1e4_entropy005_s4_c1_rnetol_d256_depth3_p20_bs200,seed051,51,130,26000,200,16,115.6384999870671,125.25846913022161,110.690757629549,False,max_epochs,1113.4557263851166
rl4crn_rne_oscillator_trace_8rxn_stop_risksched085to09_lr1e4_entropy005_s4_c1_rnetol_d256_depth3_p20_bs200,seed051,51,131,26200,200,16,116.97068682461648,125.45210707913556,110.690757629549,False,max_epochs,1122.3333270549774
rl4crn_rne_oscillator_trace_8rxn_stop_risksched085to09_lr1e4_entropy005_s4_c1_rnetol_d256_depth3_p20_bs200,seed051,51,132,26400,200,16,113.60515592679468,124.68103265422104,110.690757629549,False,max_epochs,1128.9741101264954
rl4crn_rne_oscillator_trace_8rxn_stop_risksched085to09_lr1e4_entropy005_s4_c1_rnetol_d256_depth3_p20_bs200,seed051,51,133,26600,200,16,114.70698877981279,125.11510233882797,110.690757629549,False,max_epochs,1135.0276548862457
rl4crn_rne_oscillator_trace_8rxn_stop_risksched085to09_lr1e4_entropy005_s4_c1_rnetol_d256_depth3_p20_bs200,seed051,51,134,26800,200,16,116.25540601026844,125.01102395619509,110.690757629549,False,max_epochs,1143.1469435691833
rl4crn_rne_oscillator_trace_8rxn_stop_risksched085to09_lr1e4_entropy005_s4_c1_rnetol_d256_depth3_p20_bs200,seed051,51,135,27000,200,16,116.57059050465801,126.87907005113222,110.690757629549,False,max_epochs,1152.6129081249237
rl4crn_rne_oscillator_trace_8rxn_stop_risksched085to09_lr1e4_entropy005_s4_c1_rnetol_d256_depth3_p20_bs200,seed051,51,136,27200,200,16,113.94412190650596,127.76313862280827,110.690757629549,False,max_epochs,1161.8637852668762
rl4crn_rne_oscillator_trace_8rxn_stop_risksched085to09_lr1e4_entropy005_s4_c1_rnetol_d256_depth3_p20_bs200,seed051,51,137,27400,200,16,113.09178086848436,128.9237866885004,110.690757629549,False,max_epochs,1170.929107427597
rl4crn_rne_oscillator_trace_8rxn_stop_risksched085to09_lr1e4_entropy005_s4_c1_rnetol_d256_depth3_p20_bs200,seed051,51,138,27600,200,16,114.77901715120299,130.46211868572064,110.690757629549,False,max_epochs,1179.971840620041
rl4crn_rne_oscillator_trace_8rxn_stop_risksched085to09_lr1e4_entropy005_s4_c1_rnetol_d256_depth3_p20_bs200,seed051,51,139,27800,200,16,117.99251991841444,129.96921544460042,110.690757629549,False,max_epochs,1189.1442494392395
rl4crn_rne_oscillator_trace_8rxn_stop_risksched085to09_lr1e4_entropy005_s4_c1_rnetol_d256_depth3_p20_bs200,seed051,51,140,28000,200,16,114.58834776320127,125.83456765032517,110.690757629549,False,max_epochs,1197.9944651126862
rl4crn_rne_oscillator_trace_8rxn_stop_risksched085to09_lr1e4_entropy005_s4_c1_rnetol_d256_depth3_p20_bs200,seed051,51,141,28200,200,16,113.98553966051827,128.64002260819234,110.690757629549,False,max_epochs,1200.7747032642365
rl4crn_rne_oscillator_trace_8rxn_stop_risksched085to09_lr1e4_entropy005_s4_c1_rnetol_d256_depth3_p20_bs200,seed051,51,142,28400,200,16,108.61349552576229,127.81474803779875,108.61349552576229,False,max_epochs,1209.3828053474426
rl4crn_rne_oscillator_trace_8rxn_stop_risksched085to09_lr1e4_entropy005_s4_c1_rnetol_d256_depth3_p20_bs200,seed051,51,143,28600,200,16,112.38817846245402,125.74972721049505,108.61349552576229,False,max_epochs,1219.1571445465088
rl4crn_rne_oscillator_trace_8rxn_stop_risksched085to09_lr1e4_entropy005_s4_c1_rnetol_d256_depth3_p20_bs200,seed051,51,144,28800,200,16,114.92648438696483,129.30283998374415,108.61349552576229,False,max_epochs,1228.5975811481476
rl4crn_rne_oscillator_trace_8rxn_stop_risksched085to09_lr1e4_entropy005_s4_c1_rnetol_d256_depth3_p20_bs200,seed051,51,145,29000,200,16,116.17466584663029,132.76100065051628,108.61349552576229,False,max_epochs,1238.1853806972504
rl4crn_rne_oscillator_trace_8rxn_stop_risksched085to09_lr1e4_entropy005_s4_c1_rnetol_d256_depth3_p20_bs200,seed051,51,146,29200,200,16,110.80999197300228,131.48846533809092,108.61349552576229,False,max_epochs,1247.7587201595306
rl4crn_rne_oscillator_trace_8rxn_stop_risksched085to09_lr1e4_entropy005_s4_c1_rnetol_d256_depth3_p20_bs200,seed051,51,147,29400,200,16,112.45352401336051,131.7586645780322,108.61349552576229,False,max_epochs,1257.3745412826538
rl4crn_rne_oscillator_trace_8rxn_stop_risksched085to09_lr1e4_entropy005_s4_c1_rnetol_d256_depth3_p20_bs200,seed051,51,148,29600,200,16,112.51435768554316,128.31754446066572,108.61349552576229,False,max_epochs,1266.4562215805054
rl4crn_rne_oscillator_trace_8rxn_stop_risksched085to09_lr1e4_entropy005_s4_c1_rnetol_d256_depth3_p20_bs200,seed051,51,149,29800,200,16,112.59517821222218,133.00974954057955,108.61349552576229,False,max_epochs,1275.7234406471252
rl4crn_rne_oscillator_trace_8rxn_stop_risksched085to09_lr1e4_entropy005_s4_c1_rnetol_d256_depth3_p20_bs200,seed051,51,150,30000,200,16,113.68657990618442,131.62605609554873,108.61349552576229,False,max_epochs,1284.864117383957
rl4crn_rne_oscillator_trace_8rxn_stop_risksched085to09_lr1e4_entropy005_s4_c1_rnetol_d256_depth3_p20_bs200,seed051,51,151,30200,200,16,111.43948768128521,130.81410470318912,108.61349552576229,False,max_epochs,1293.9612424373627
rl4crn_rne_oscillator_trace_8rxn_stop_risksched085to09_lr1e4_entropy005_s4_c1_rnetol_d256_depth3_p20_bs200,seed051,51,152,30400,200,16,110.84079749359105,130.7294499343683,108.61349552576229,False,max_epochs,1301.9687931537628
rl4crn_rne_oscillator_trace_8rxn_stop_risksched085to09_lr1e4_entropy005_s4_c1_rnetol_d256_depth3_p20_bs200,seed051,51,153,30600,200,16,113.08156319377906,127.72392180902756,108.61349552576229,False,max_epochs,1305.3941445350647
rl4crn_rne_oscillator_trace_8rxn_stop_risksched085to09_lr1e4_entropy005_s4_c1_rnetol_d256_depth3_p20_bs200,seed051,51,154,30800,200,16,112.47482191231062,131.87208672535627,108.61349552576229,False,max_epochs,1314.1667923927307
rl4crn_rne_oscillator_trace_8rxn_stop_risksched085to09_lr1e4_entropy005_s4_c1_rnetol_d256_depth3_p20_bs200,seed051,51,155,31000,200,16,115.03446078322695,128.6775890525218,108.61349552576229,False,max_epochs,1323.7941286563873
rl4crn_rne_oscillator_trace_8rxn_stop_risksched085to09_lr1e4_entropy005_s4_c1_rnetol_d256_depth3_p20_bs200,seed051,51,156,31200,200,16,115.68137271870243,131.89657569529535,108.61349552576229,False,max_epochs,1332.2467095851898
rl4crn_rne_oscillator_trace_8rxn_stop_risksched085to09_lr1e4_entropy005_s4_c1_rnetol_d256_depth3_p20_bs200,seed051,51,157,31400,200,16,111.67032065179268,133.9486493000556,108.61349552576229,False,max_epochs,1342.0302467346191
rl4crn_rne_oscillator_trace_8rxn_stop_risksched085to09_lr1e4_entropy005_s4_c1_rnetol_d256_depth3_p20_bs200,seed051,51,158,31600,200,16,114.31674112384879,133.30624193509567,108.61349552576229,False,max_epochs,1350.8959848880768
rl4crn_rne_oscillator_trace_8rxn_stop_risksched085to09_lr1e4_entropy005_s4_c1_rnetol_d256_depth3_p20_bs200,seed051,51,159,31800,200,16,105.53602314895167,131.43620691108222,105.53602314895167,False,max_epochs,1359.8954713344574
rl4crn_rne_oscillator_trace_8rxn_stop_risksched085to09_lr1e4_entropy005_s4_c1_rnetol_d256_depth3_p20_bs200,seed051,51,160,32000,200,16,114.161806659764,133.5827477154258,105.53602314895167,False,max_epochs,1368.2186625003815
rl4crn_rne_oscillator_trace_8rxn_stop_risksched085to09_lr1e4_entropy005_s4_c1_rnetol_d256_depth3_p20_bs200,seed051,51,161,32200,200,16,107.94213214170955,129.916512374021,105.53602314895167,False,max_epochs,1377.247254371643
rl4crn_rne_oscillator_trace_8rxn_stop_risksched085to09_lr1e4_entropy005_s4_c1_rnetol_d256_depth3_p20_bs200,seed051,51,162,32400,200,16,113.86757269954244,130.80647447103422,105.53602314895167,False,max_epochs,1385.9668748378754
rl4crn_rne_oscillator_trace_8rxn_stop_risksched085to09_lr1e4_entropy005_s4_c1_rnetol_d256_depth3_p20_bs200,seed051,51,163,32600,200,16,109.67683108827256,128.79958535725632,105.53602314895167,False,max_epochs,1393.3806302547455
rl4crn_rne_oscillator_trace_8rxn_stop_risksched085to09_lr1e4_entropy005_s4_c1_rnetol_d256_depth3_p20_bs200,seed051,51,164,32800,200,16,109.02277072672202,130.8728494658168,105.53602314895167,False,max_epochs,1398.7591557502747
rl4crn_rne_oscillator_trace_8rxn_stop_risksched085to09_lr1e4_entropy005_s4_c1_rnetol_d256_depth3_p20_bs200,seed051,51,165,33000,200,16,111.68726583661953,135.18629806019692,105.53602314895167,False,max_epochs,1406.9142780303955
rl4crn_rne_oscillator_trace_8rxn_stop_risksched085to09_lr1e4_entropy005_s4_c1_rnetol_d256_depth3_p20_bs200,seed051,51,166,33200,200,16,110.38825566242579,134.14992839030515,105.53602314895167,False,max_epochs,1416.2842345237732
rl4crn_rne_oscillator_trace_8rxn_stop_risksched085to09_lr1e4_entropy005_s4_c1_rnetol_d256_depth3_p20_bs200,seed051,51,167,33400,200,16,113.23744588386768,132.59977015285463,105.53602314895167,False,max_epochs,1424.8753626346588
rl4crn_rne_oscillator_trace_8rxn_stop_risksched085to09_lr1e4_entropy005_s4_c1_rnetol_d256_depth3_p20_bs200,seed051,51,168,33600,200,16,113.18072597464186,134.92495175151925,105.53602314895167,False,max_epochs,1434.2471408843994
rl4crn_rne_oscillator_trace_8rxn_stop_risksched085to09_lr1e4_entropy005_s4_c1_rnetol_d256_depth3_p20_bs200,seed051,51,169,33800,200,16,114.68595460825077,132.35068156268866,105.53602314895167,False,max_epochs,1444.0121395587921
rl4crn_rne_oscillator_trace_8rxn_stop_risksched085to09_lr1e4_entropy005_s4_c1_rnetol_d256_depth3_p20_bs200,seed051,51,170,34000,200,16,111.39029413422753,130.57497421295074,105.53602314895167,False,max_epochs,1453.2117297649384
rl4crn_rne_oscillator_trace_8rxn_stop_risksched085to09_lr1e4_entropy005_s4_c1_rnetol_d256_depth3_p20_bs200,seed051,51,171,34200,200,16,99.36715555381404,133.53616656366495,99.36715555381404,False,max_epochs,1461.659333229065
rl4crn_rne_oscillator_trace_8rxn_stop_risksched085to09_lr1e4_entropy005_s4_c1_rnetol_d256_depth3_p20_bs200,seed051,51,172,34400,200,16,107.5272742736665,132.438016298599,99.36715555381404,False,max_epochs,1470.8965079784393
rl4crn_rne_oscillator_trace_8rxn_stop_risksched085to09_lr1e4_entropy005_s4_c1_rnetol_d256_depth3_p20_bs200,seed051,51,173,34600,200,16,98.85084404884526,132.82602431453046,98.85084404884526,False,max_epochs,1479.695071220398
rl4crn_rne_oscillator_trace_8rxn_stop_risksched085to09_lr1e4_entropy005_s4_c1_rnetol_d256_depth3_p20_bs200,seed051,51,174,34800,200,16,110.03347869011455,132.08000150125986,98.85084404884526,False,max_epochs,1485.437213420868
rl4crn_rne_oscillator_trace_8rxn_stop_risksched085to09_lr1e4_entropy005_s4_c1_rnetol_d256_depth3_p20_bs200,seed051,51,175,35000,200,16,106.8494163966944,131.40790178116617,98.85084404884526,False,max_epochs,1491.2682809829712
rl4crn_rne_oscillator_trace_8rxn_stop_risksched085to09_lr1e4_entropy005_s4_c1_rnetol_d256_depth3_p20_bs200,seed051,51,176,35200,200,16,110.4837900411391,134.95247181751034,98.85084404884526,False,max_epochs,1500.4367163181305
rl4crn_rne_oscillator_trace_8rxn_stop_risksched085to09_lr1e4_entropy005_s4_c1_rnetol_d256_depth3_p20_bs200,seed051,51,177,35400,200,16,112.65177374215533,134.52733282905797,98.85084404884526,False,max_epochs,1510.3484098911285
rl4crn_rne_oscillator_trace_8rxn_stop_risksched085to09_lr1e4_entropy005_s4_c1_rnetol_d256_depth3_p20_bs200,seed051,51,178,35600,200,16,110.18473448216434,138.14414536952972,98.85084404884526,False,max_epochs,1519.6845998764038
rl4crn_rne_oscillator_trace_8rxn_stop_risksched085to09_lr1e4_entropy005_s4_c1_rnetol_d256_depth3_p20_bs200,seed051,51,179,35800,200,16,105.63277846695202,138.07182167955,98.85084404884526,False,max_epochs,1529.162547826767
rl4crn_rne_oscillator_trace_8rxn_stop_risksched085to09_lr1e4_entropy005_s4_c1_rnetol_d256_depth3_p20_bs200,seed051,51,180,36000,200,16,112.80237176566912,137.3719047866161,98.85084404884526,False,max_epochs,1538.6787493228912
rl4crn_rne_oscillator_trace_8rxn_stop_risksched085to09_lr1e4_entropy005_s4_c1_rnetol_d256_depth3_p20_bs200,seed051,51,181,36200,200,16,103.9678082452392,135.8016568029401,98.85084404884526,False,max_epochs,1547.8945636749268
rl4crn_rne_oscillator_trace_8rxn_stop_risksched085to09_lr1e4_entropy005_s4_c1_rnetol_d256_depth3_p20_bs200,seed051,51,182,36400,200,16,106.25390035241081,135.57088751585897,98.85084404884526,False,max_epochs,1556.406842470169
rl4crn_rne_oscillator_trace_8rxn_stop_risksched085to09_lr1e4_entropy005_s4_c1_rnetol_d256_depth3_p20_bs200,seed051,51,183,36600,200,16,103.3721911122554,135.60241592504678,98.85084404884526,False,max_epochs,1565.723177433014
rl4crn_rne_oscillator_trace_8rxn_stop_risksched085to09_lr1e4_entropy005_s4_c1_rnetol_d256_depth3_p20_bs200,seed051,51,184,36800,200,16,110.99888052116656,137.76928728537115,98.85084404884526,False,max_epochs,1574.8150935173035
rl4crn_rne_oscillator_trace_8rxn_stop_risksched085to09_lr1e4_entropy005_s4_c1_rnetol_d256_depth3_p20_bs200,seed051,51,185,37000,200,16,114.87964333105018,138.18527262315757,98.85084404884526,False,max_epochs,1582.763850927353
rl4crn_rne_oscillator_trace_8rxn_stop_risksched085to09_lr1e4_entropy005_s4_c1_rnetol_d256_depth3_p20_bs200,seed051,51,186,37200,200,16,110.709962963348,137.22418545858258,98.85084404884526,False,max_epochs,1586.155383348465
rl4crn_rne_oscillator_trace_8rxn_stop_risksched085to09_lr1e4_entropy005_s4_c1_rnetol_d256_depth3_p20_bs200,seed051,51,187,37400,200,16,104.03283212167598,134.909467747342,98.85084404884526,False,max_epochs,1595.4419004917145
rl4crn_rne_oscillator_trace_8rxn_stop_risksched085to09_lr1e4_entropy005_s4_c1_rnetol_d256_depth3_p20_bs200,seed051,51,188,37600,200,16,115.57176264998886,135.85695544111553,98.85084404884526,False,max_epochs,1605.1264238357544
rl4crn_rne_oscillator_trace_8rxn_stop_risksched085to09_lr1e4_entropy005_s4_c1_rnetol_d256_depth3_p20_bs200,seed051,51,189,37800,200,16,110.81822686547798,137.5276544621126,98.85084404884526,False,max_epochs,1614.2446613311768
rl4crn_rne_oscillator_trace_8rxn_stop_risksched085to09_lr1e4_entropy005_s4_c1_rnetol_d256_depth3_p20_bs200,seed051,51,190,38000,200,16,106.27674460104255,137.2156243989267,98.85084404884526,False,max_epochs,1623.651781797409
rl4crn_rne_oscillator_trace_8rxn_stop_risksched085to09_lr1e4_entropy005_s4_c1_rnetol_d256_depth3_p20_bs200,seed051,51,191,38200,200,16,92.5010141258027,138.08872538805008,92.5010141258027,False,max_epochs,1632.5293657779694
rl4crn_rne_oscillator_trace_8rxn_stop_risksched085to09_lr1e4_entropy005_s4_c1_rnetol_d256_depth3_p20_bs200,seed051,51,192,38400,200,16,113.11091877349624,138.0676319541329,92.5010141258027,False,max_epochs,1641.839495420456
rl4crn_rne_oscillator_trace_8rxn_stop_risksched085to09_lr1e4_entropy005_s4_c1_rnetol_d256_depth3_p20_bs200,seed051,51,193,38600,200,16,105.21880898184124,135.67023883217865,92.5010141258027,False,max_epochs,1650.1708087921143
rl4crn_rne_oscillator_trace_8rxn_stop_risksched085to09_lr1e4_entropy005_s4_c1_rnetol_d256_depth3_p20_bs200,seed051,51,194,38800,200,16,109.91403318846643,134.96641886357583,92.5010141258027,False,max_epochs,1653.982676744461
rl4crn_rne_oscillator_trace_8rxn_stop_risksched085to09_lr1e4_entropy005_s4_c1_rnetol_d256_depth3_p20_bs200,seed051,51,195,39000,200,16,108.8591623593269,136.36130038614345,92.5010141258027,False,max_epochs,1662.2220990657806
rl4crn_rne_oscillator_trace_8rxn_stop_risksched085to09_lr1e4_entropy005_s4_c1_rnetol_d256_depth3_p20_bs200,seed051,51,196,39200,200,16,112.45903074340472,134.79438552723127,92.5010141258027,False,max_epochs,1671.8768944740295
rl4crn_rne_oscillator_trace_8rxn_stop_risksched085to09_lr1e4_entropy005_s4_c1_rnetol_d256_depth3_p20_bs200,seed051,51,197,39400,200,16,110.22714677902862,137.99946371615007,92.5010141258027,False,max_epochs,1680.8837110996246
rl4crn_rne_oscillator_trace_8rxn_stop_risksched085to09_lr1e4_entropy005_s4_c1_rnetol_d256_depth3_p20_bs200,seed051,51,198,39600,200,16,106.76952758950492,137.88951596553486,92.5010141258027,False,max_epochs,1690.421889781952
rl4crn_rne_oscillator_trace_8rxn_stop_risksched085to09_lr1e4_entropy005_s4_c1_rnetol_d256_depth3_p20_bs200,seed051,51,199,39800,200,16,108.04069550375496,138.23216992616653,92.5010141258027,False,max_epochs,1700.0648829936981
rl4crn_rne_oscillator_trace_8rxn_stop_risksched085to09_lr1e4_entropy005_s4_c1_rnetol_d256_depth3_p20_bs200,seed051,51,200,40000,200,16,110.37027106411611,135.73910280141865,92.5010141258027,False,max_epochs,1708.990737438202
rl4crn_rne_oscillator_trace_8rxn_stop_risksched085to09_lr1e4_entropy005_s4_c1_rnetol_d256_depth3_p20_bs200,seed051,51,201,40200,200,16,103.77699601841168,137.21595626174178,92.5010141258027,False,max_epochs,1718.6315953731537
rl4crn_rne_oscillator_trace_8rxn_stop_risksched085to09_lr1e4_entropy005_s4_c1_rnetol_d256_depth3_p20_bs200,seed051,51,202,40400,200,16,108.35658222959403,137.30545418923543,92.5010141258027,False,max_epochs,1728.198967218399
rl4crn_rne_oscillator_trace_8rxn_stop_risksched085to09_lr1e4_entropy005_s4_c1_rnetol_d256_depth3_p20_bs200,seed051,51,203,40600,200,16,106.44169110074412,138.35520039904463,92.5010141258027,False,max_epochs,1737.405395269394
rl4crn_rne_oscillator_trace_8rxn_stop_risksched085to09_lr1e4_entropy005_s4_c1_rnetol_d256_depth3_p20_bs200,seed051,51,204,40800,200,16,105.607355955553,138.15816249561766,92.5010141258027,False,max_epochs,1746.2569465637207
rl4crn_rne_oscillator_trace_8rxn_stop_risksched085to09_lr1e4_entropy005_s4_c1_rnetol_d256_depth3_p20_bs200,seed051,51,205,41000,200,16,95.97518096504511,137.978317213384,92.5010141258027,False,max_epochs,1755.5147869586945
rl4crn_rne_oscillator_trace_8rxn_stop_risksched085to09_lr1e4_entropy005_s4_c1_rnetol_d256_depth3_p20_bs200,seed051,51,206,41200,200,16,106.78829077901284,138.05941942334175,92.5010141258027,False,max_epochs,1764.5199890136719
rl4crn_rne_oscillator_trace_8rxn_stop_risksched085to09_lr1e4_entropy005_s4_c1_rnetol_d256_depth3_p20_bs200,seed051,51,207,41400,200,16,105.30444106052124,136.56831977905438,92.5010141258027,False,max_epochs,1770.6138288974762
rl4crn_rne_oscillator_trace_8rxn_stop_risksched085to09_lr1e4_entropy005_s4_c1_rnetol_d256_depth3_p20_bs200,seed051,51,208,41600,200,16,107.26636283445478,135.60829167923967,92.5010141258027,False,max_epochs,1776.0427594184875
rl4crn_rne_oscillator_trace_8rxn_stop_risksched085to09_lr1e4_entropy005_s4_c1_rnetol_d256_depth3_p20_bs200,seed051,51,209,41800,200,16,114.91581531526792,138.1092256307602,92.5010141258027,False,max_epochs,1784.9793446063995
rl4crn_rne_oscillator_trace_8rxn_stop_risksched085to09_lr1e4_entropy005_s4_c1_rnetol_d256_depth3_p20_bs200,seed051,51,210,42000,200,16,115.15724509657379,138.1264247894287,92.5010141258027,False,max_epochs,1794.2710285186768
rl4crn_rne_oscillator_trace_8rxn_stop_risksched085to09_lr1e4_entropy005_s4_c1_rnetol_d256_depth3_p20_bs200,seed051,51,211,42200,200,16,112.28558770942382,136.83005225631376,92.5010141258027,False,max_epochs,1803.401043176651
rl4crn_rne_oscillator_trace_8rxn_stop_risksched085to09_lr1e4_entropy005_s4_c1_rnetol_d256_depth3_p20_bs200,seed051,51,212,42400,200,16,96.39527376278595,135.895205780045,92.5010141258027,False,max_epochs,1812.730518579483
rl4crn_rne_oscillator_trace_8rxn_stop_risksched085to09_lr1e4_entropy005_s4_c1_rnetol_d256_depth3_p20_bs200,seed051,51,213,42600,200,16,96.53628936119831,136.3047442788287,92.5010141258027,False,max_epochs,1821.9637451171875
rl4crn_rne_oscillator_trace_8rxn_stop_risksched085to09_lr1e4_entropy005_s4_c1_rnetol_d256_depth3_p20_bs200,seed051,51,214,42800,200,16,105.44255288052032,136.52781148096454,92.5010141258027,False,max_epochs,1831.0343573093414
rl4crn_rne_oscillator_trace_8rxn_stop_risksched085to09_lr1e4_entropy005_s4_c1_rnetol_d256_depth3_p20_bs200,seed051,51,215,43000,200,16,112.77947669163562,137.26980779606208,92.5010141258027,False,max_epochs,1839.6441314220428
rl4crn_rne_oscillator_trace_8rxn_stop_risksched085to09_lr1e4_entropy005_s4_c1_rnetol_d256_depth3_p20_bs200,seed051,51,216,43200,200,16,111.97241506259085,137.04135244121647,92.5010141258027,False,max_epochs,1848.5425782203674
rl4crn_rne_oscillator_trace_8rxn_stop_risksched085to09_lr1e4_entropy005_s4_c1_rnetol_d256_depth3_p20_bs200,seed051,51,217,43400,200,16,110.36628149631174,138.03831273317337,92.5010141258027,False,max_epochs,1851.589308977127
rl4crn_rne_oscillator_trace_8rxn_stop_risksched085to09_lr1e4_entropy005_s4_c1_rnetol_d256_depth3_p20_bs200,seed051,51,218,43600,200,16,107.01684532755455,133.27035488996114,92.5010141258027,False,max_epochs,1860.378925561905
rl4crn_rne_oscillator_trace_8rxn_stop_risksched085to09_lr1e4_entropy005_s4_c1_rnetol_d256_depth3_p20_bs200,seed051,51,219,43800,200,16,111.38610119893671,133.31140878428855,92.5010141258027,False,max_epochs,1869.291009426117
rl4crn_rne_oscillator_trace_8rxn_stop_risksched085to09_lr1e4_entropy005_s4_c1_rnetol_d256_depth3_p20_bs200,seed051,51,220,44000,200,16,108.4967825209008,130.66579912097478,92.5010141258027,False,max_epochs,1878.7761814594269
rl4crn_rne_oscillator_trace_8rxn_stop_risksched085to09_lr1e4_entropy005_s4_c1_rnetol_d256_depth3_p20_bs200,seed051,51,221,44200,200,16,111.18423244194287,135.81633693827743,92.5010141258027,False,max_epochs,1887.9550940990448
rl4crn_rne_oscillator_trace_8rxn_stop_risksched085to09_lr1e4_entropy005_s4_c1_rnetol_d256_depth3_p20_bs200,seed051,51,222,44400,200,16,111.13138380505943,136.76252987610115,92.5010141258027,False,max_epochs,1897.0412967205048
rl4crn_rne_oscillator_trace_8rxn_stop_risksched085to09_lr1e4_entropy005_s4_c1_rnetol_d256_depth3_p20_bs200,seed051,51,223,44600,200,16,112.74027244090853,138.3485875427723,92.5010141258027,False,max_epochs,1906.0458071231842
rl4crn_rne_oscillator_trace_8rxn_stop_risksched085to09_lr1e4_entropy005_s4_c1_rnetol_d256_depth3_p20_bs200,seed051,51,224,44800,200,16,111.78037340960842,138.46666392683983,92.5010141258027,False,max_epochs,1914.0240280628204
rl4crn_rne_oscillator_trace_8rxn_stop_risksched085to09_lr1e4_entropy005_s4_c1_rnetol_d256_depth3_p20_bs200,seed051,51,225,45000,200,16,96.42207836556531,138.4040020108223,92.5010141258027,False,max_epochs,1917.8454794883728
rl4crn_rne_oscillator_trace_8rxn_stop_risksched085to09_lr1e4_entropy005_s4_c1_rnetol_d256_depth3_p20_bs200,seed051,51,226,45200,200,16,102.50491100616647,138.31701618433,92.5010141258027,False,max_epochs,1926.8275384902954
rl4crn_rne_oscillator_trace_8rxn_stop_risksched085to09_lr1e4_entropy005_s4_c1_rnetol_d256_depth3_p20_bs200,seed051,51,227,45400,200,16,104.670804353242,136.8358507378212,92.5010141258027,False,max_epochs,1935.763419866562
rl4crn_rne_oscillator_trace_8rxn_stop_risksched085to09_lr1e4_entropy005_s4_c1_rnetol_d256_depth3_p20_bs200,seed051,51,228,45600,200,16,109.88684577086107,138.18599393963814,92.5010141258027,False,max_epochs,1945.206382036209
rl4crn_rne_oscillator_trace_8rxn_stop_risksched085to09_lr1e4_entropy005_s4_c1_rnetol_d256_depth3_p20_bs200,seed051,51,229,45800,200,16,98.68604424804457,137.2085660788817,92.5010141258027,False,max_epochs,1954.3064937591553
rl4crn_rne_oscillator_trace_8rxn_stop_risksched085to09_lr1e4_entropy005_s4_c1_rnetol_d256_depth3_p20_bs200,seed051,51,230,46000,200,16,112.20248678127714,138.6021471619606,92.5010141258027,False,max_epochs,1963.0469059944153
rl4crn_rne_oscillator_trace_8rxn_stop_risksched085to09_lr1e4_entropy005_s4_c1_rnetol_d256_depth3_p20_bs200,seed051,51,231,46200,200,16,109.00826270906938,138.440032184124,92.5010141258027,False,max_epochs,1972.5319421291351
rl4crn_rne_oscillator_trace_8rxn_stop_risksched085to09_lr1e4_entropy005_s4_c1_rnetol_d256_depth3_p20_bs200,seed051,51,232,46400,200,16,111.04427916338715,138.41873908042908,92.5010141258027,False,max_epochs,1981.8981294631958
rl4crn_rne_oscillator_trace_8rxn_stop_risksched085to09_lr1e4_entropy005_s4_c1_rnetol_d256_depth3_p20_bs200,seed051,51,233,46600,200,16,111.93324994498781,138.5046497203079,92.5010141258027,False,max_epochs,1990.8863189220428
rl4crn_rne_oscillator_trace_8rxn_stop_risksched085to09_lr1e4_entropy005_s4_c1_rnetol_d256_depth3_p20_bs200,seed051,51,234,46800,200,16,111.71864155444096,137.8674287134154,92.5010141258027,False,max_epochs,1994.6955065727234
rl4crn_rne_oscillator_trace_8rxn_stop_risksched085to09_lr1e4_entropy005_s4_c1_rnetol_d256_depth3_p20_bs200,seed051,51,235,47000,200,16,90.21978497763236,136.1179410245669,90.21978497763236,False,max_epochs,2002.6055023670197
rl4crn_rne_oscillator_trace_8rxn_stop_risksched085to09_lr1e4_entropy005_s4_c1_rnetol_d256_depth3_p20_bs200,seed051,51,236,47200,200,16,111.59135314927212,135.949009333191,90.21978497763236,False,max_epochs,2012.326639175415
rl4crn_rne_oscillator_trace_8rxn_stop_risksched085to09_lr1e4_entropy005_s4_c1_rnetol_d256_depth3_p20_bs200,seed051,51,237,47400,200,16,106.13084166006874,136.96290368869668,90.21978497763236,False,max_epochs,2021.895993232727
rl4crn_rne_oscillator_trace_8rxn_stop_risksched085to09_lr1e4_entropy005_s4_c1_rnetol_d256_depth3_p20_bs200,seed051,51,238,47600,200,16,109.96002300912983,135.23581787154706,90.21978497763236,False,max_epochs,2030.709243297577
rl4crn_rne_oscillator_trace_8rxn_stop_risksched085to09_lr1e4_entropy005_s4_c1_rnetol_d256_depth3_p20_bs200,seed051,51,239,47800,200,16,106.2272128467255,138.2475500702858,90.21978497763236,False,max_epochs,2039.9303901195526
rl4crn_rne_oscillator_trace_8rxn_stop_risksched085to09_lr1e4_entropy005_s4_c1_rnetol_d256_depth3_p20_bs200,seed051,51,240,48000,200,16,112.46068864437707,137.46649057203894,90.21978497763236,False,max_epochs,2049.4027094841003
rl4crn_rne_oscillator_trace_8rxn_stop_risksched085to09_lr1e4_entropy005_s4_c1_rnetol_d256_depth3_p20_bs200,seed051,51,241,48200,200,16,108.89846787527628,138.17473841454563,90.21978497763236,False,max_epochs,2058.234552383423
rl4crn_rne_oscillator_trace_8rxn_stop_risksched085to09_lr1e4_entropy005_s4_c1_rnetol_d256_depth3_p20_bs200,seed051,51,242,48400,200,16,114.03169707205151,138.35601997375488,90.21978497763236,False,max_epochs,2067.2536640167236
rl4crn_rne_oscillator_trace_8rxn_stop_risksched085to09_lr1e4_entropy005_s4_c1_rnetol_d256_depth3_p20_bs200,seed051,51,243,48600,200,16,101.04005469397461,138.1645184159279,90.21978497763236,False,max_epochs,2076.9527916908264
rl4crn_rne_oscillator_trace_8rxn_stop_risksched085to09_lr1e4_entropy005_s4_c1_rnetol_d256_depth3_p20_bs200,seed051,51,244,48800,200,16,109.49955356230637,138.3462756180371,90.21978497763236,False,max_epochs,2085.967149734497
rl4crn_rne_oscillator_trace_8rxn_stop_risksched085to09_lr1e4_entropy005_s4_c1_rnetol_d256_depth3_p20_bs200,seed051,51,245,49000,200,16,106.15867899401658,138.15648497121435,90.21978497763236,False,max_epochs,2094.7089278697968
rl4crn_rne_oscillator_trace_8rxn_stop_risksched085to09_lr1e4_entropy005_s4_c1_rnetol_d256_depth3_p20_bs200,seed051,51,246,49200,200,16,106.11558622434902,138.2679468495002,90.21978497763236,False,max_epochs,2103.415608882904
rl4crn_rne_oscillator_trace_8rxn_stop_risksched085to09_lr1e4_entropy005_s4_c1_rnetol_d256_depth3_p20_bs200,seed051,51,247,49400,200,16,112.02378949554547,138.59986180067062,90.21978497763236,False,max_epochs,2106.5404851436615
rl4crn_rne_oscillator_trace_8rxn_stop_risksched085to09_lr1e4_entropy005_s4_c1_rnetol_d256_depth3_p20_bs200,seed051,51,248,49600,200,16,107.07677182579172,138.28380686044693,90.21978497763236,False,max_epochs,2115.1897213459015
rl4crn_rne_oscillator_trace_8rxn_stop_risksched085to09_lr1e4_entropy005_s4_c1_rnetol_d256_depth3_p20_bs200,seed051,51,249,49800,200,16,109.72777077186124,138.2520569562912,90.21978497763236,False,max_epochs,2123.874057531357
rl4crn_rne_oscillator_trace_8rxn_stop_risksched085to09_lr1e4_entropy005_s4_c1_rnetol_d256_depth3_p20_bs200,seed051,51,250,50000,200,16,104.10851733205777,138.5820004940033,90.21978497763236,False,max_epochs,2133.404808998108
rl4crn_rne_oscillator_trace_8rxn_stop_risksched085to09_lr1e4_entropy005_s4_c1_rnetol_d256_depth3_p20_bs200,seed051,51,251,50200,200,16,101.96233506330275,138.73785817823847,90.21978497763236,False,max_epochs,2142.849398612976
rl4crn_rne_oscillator_trace_8rxn_stop_risksched085to09_lr1e4_entropy005_s4_c1_rnetol_d256_depth3_p20_bs200,seed051,51,252,50400,200,16,108.50658573851692,138.5249687731266,90.21978497763236,False,max_epochs,2152.03107881546
rl4crn_rne_oscillator_trace_8rxn_stop_risksched085to09_lr1e4_entropy005_s4_c1_rnetol_d256_depth3_p20_bs200,seed051,51,253,50600,200,16,103.28541810928162,138.62852273714088,90.21978497763236,False,max_epochs,2161.79802942276
rl4crn_rne_oscillator_trace_8rxn_stop_risksched085to09_lr1e4_entropy005_s4_c1_rnetol_d256_depth3_p20_bs200,seed051,51,254,50800,200,16,111.31241880007094,138.4581427425146,90.21978497763236,False,max_epochs,2171.38666844368
rl4crn_rne_oscillator_trace_8rxn_stop_risksched085to09_lr1e4_entropy005_s4_c1_rnetol_d256_depth3_p20_bs200,seed051,51,255,51000,200,16,105.86400871259741,138.3146341634068,90.21978497763236,False,max_epochs,2180.2843391895294
rl4crn_rne_oscillator_trace_8rxn_stop_risksched085to09_lr1e4_entropy005_s4_c1_rnetol_d256_depth3_p20_bs200,seed051,51,256,51200,200,16,96.20156698074541,138.46249264478683,90.21978497763236,False,max_epochs,2190.083760738373
rl4crn_rne_oscillator_trace_8rxn_stop_risksched085to09_lr1e4_entropy005_s4_c1_rnetol_d256_depth3_p20_bs200,seed051,51,257,51400,200,16,100.74593179440748,138.67094966769218,90.21978497763236,False,max_epochs,2199.1773085594177
rl4crn_rne_oscillator_trace_8rxn_stop_risksched085to09_lr1e4_entropy005_s4_c1_rnetol_d256_depth3_p20_bs200,seed051,51,258,51600,200,16,104.76850281562832,138.03966361284256,90.21978497763236,False,max_epochs,2208.116292953491
rl4crn_rne_oscillator_trace_8rxn_stop_risksched085to09_lr1e4_entropy005_s4_c1_rnetol_d256_depth3_p20_bs200,seed051,51,259,51800,200,16,110.55385849934389,138.4178405404091,90.21978497763236,False,max_epochs,2217.054671525955
rl4crn_rne_oscillator_trace_8rxn_stop_risksched085to09_lr1e4_entropy005_s4_c1_rnetol_d256_depth3_p20_bs200,seed051,51,260,52000,200,16,97.3215387153908,138.5198096036911,90.21978497763236,False,max_epochs,2225.8140654563904
rl4crn_rne_oscillator_trace_8rxn_stop_risksched085to09_lr1e4_entropy005_s4_c1_rnetol_d256_depth3_p20_bs200,seed051,51,261,52200,200,16,108.75702299774623,138.37939965724945,90.21978497763236,False,max_epochs,2233.7966256141663
rl4crn_rne_oscillator_trace_8rxn_stop_risksched085to09_lr1e4_entropy005_s4_c1_rnetol_d256_depth3_p20_bs200,seed051,51,262,52400,200,16,103.27473564221316,138.64260411262512,90.21978497763236,False,max_epochs,2238.640268802643
rl4crn_rne_oscillator_trace_8rxn_stop_risksched085to09_lr1e4_entropy005_s4_c1_rnetol_d256_depth3_p20_bs200,seed051,51,263,52600,200,16,107.29263768281206,138.3014041185379,90.21978497763236,False,max_epochs,2246.3905477523804
rl4crn_rne_oscillator_trace_8rxn_stop_risksched085to09_lr1e4_entropy005_s4_c1_rnetol_d256_depth3_p20_bs200,seed051,51,264,52800,200,16,110.9928675364286,138.74237520537656,90.21978497763236,False,max_epochs,2255.5378165245056
rl4crn_rne_oscillator_trace_8rxn_stop_risksched085to09_lr1e4_entropy005_s4_c1_rnetol_d256_depth3_p20_bs200,seed051,51,265,53000,200,16,105.26250965839921,138.39138938486576,90.21978497763236,False,max_epochs,2264.917553424835
rl4crn_rne_oscillator_trace_8rxn_stop_risksched085to09_lr1e4_entropy005_s4_c1_rnetol_d256_depth3_p20_bs200,seed051,51,266,53200,200,16,112.28489106839938,138.52761846895663,90.21978497763236,False,max_epochs,2273.573704481125
rl4crn_rne_oscillator_trace_8rxn_stop_risksched085to09_lr1e4_entropy005_s4_c1_rnetol_d256_depth3_p20_bs200,seed051,51,267,53400,200,16,110.77050041738784,138.73795102536678,90.21978497763236,False,max_epochs,2282.8963871002197
rl4crn_rne_oscillator_trace_8rxn_stop_risksched085to09_lr1e4_entropy005_s4_c1_rnetol_d256_depth3_p20_bs200,seed051,51,268,53600,200,16,110.81353334105334,138.58461940288544,90.21978497763236,False,max_epochs,2291.8846306800842
rl4crn_rne_oscillator_trace_8rxn_stop_risksched085to09_lr1e4_entropy005_s4_c1_rnetol_d256_depth3_p20_bs200,seed051,51,269,53800,200,16,109.624994289975,138.4795217514038,90.21978497763236,False,max_epochs,2300.064272403717
rl4crn_rne_oscillator_trace_8rxn_stop_risksched085to09_lr1e4_entropy005_s4_c1_rnetol_d256_depth3_p20_bs200,seed051,51,270,54000,200,16,108.28112959621215,138.48154574632645,90.21978497763236,False,max_epochs,2304.0446741580963
rl4crn_rne_oscillator_trace_8rxn_stop_risksched085to09_lr1e4_entropy005_s4_c1_rnetol_d256_depth3_p20_bs200,seed051,51,271,54200,200,16,102.5578289946395,138.64729151129725,90.21978497763236,False,max_epochs,2312.3924267292023
rl4crn_rne_oscillator_trace_8rxn_stop_risksched085to09_lr1e4_entropy005_s4_c1_rnetol_d256_depth3_p20_bs200,seed051,51,272,54400,200,16,106.09428809757523,138.3151505291462,90.21978497763236,False,max_epochs,2321.5496542453766
rl4crn_rne_oscillator_trace_8rxn_stop_risksched085to09_lr1e4_entropy005_s4_c1_rnetol_d256_depth3_p20_bs200,seed051,51,273,54600,200,16,77.22980387203955,138.63690543174744,77.22980387203955,False,max_epochs,2330.9739603996277
rl4crn_rne_oscillator_trace_8rxn_stop_risksched085to09_lr1e4_entropy005_s4_c1_rnetol_d256_depth3_p20_bs200,seed051,51,274,54800,200,16,88.57179938484457,137.69106881366005,77.22980387203955,False,max_epochs,2339.8174979686737
rl4crn_rne_oscillator_trace_8rxn_stop_risksched085to09_lr1e4_entropy005_s4_c1_rnetol_d256_depth3_p20_bs200,seed051,51,275,55000,200,16,97.00560564856629,137.60747390350681,77.22980387203955,False,max_epochs,2348.900287628174
rl4crn_rne_oscillator_trace_8rxn_stop_risksched085to09_lr1e4_entropy005_s4_c1_rnetol_d256_depth3_p20_bs200,seed051,51,276,55200,200,16,98.67111115580389,138.1468142547705,77.22980387203955,False,max_epochs,2358.006651878357
rl4crn_rne_oscillator_trace_8rxn_stop_risksched085to09_lr1e4_entropy005_s4_c1_rnetol_d256_depth3_p20_bs200,seed051,51,277,55400,200,16,92.88765952237105,138.43173348903656,77.22980387203955,False,max_epochs,2365.696854829788
rl4crn_rne_oscillator_trace_8rxn_stop_risksched085to09_lr1e4_entropy005_s4_c1_rnetol_d256_depth3_p20_bs200,seed051,51,278,55600,200,16,102.42938778497694,138.69349545240402,77.22980387203955,False,max_epochs,2369.162486553192
rl4crn_rne_oscillator_trace_8rxn_stop_risksched085to09_lr1e4_entropy005_s4_c1_rnetol_d256_depth3_p20_bs200,seed051,51,279,55800,200,16,102.07406404106645,138.69072300999665,77.22980387203955,False,max_epochs,2378.5626060962677
rl4crn_rne_oscillator_trace_8rxn_stop_risksched085to09_lr1e4_entropy005_s4_c1_rnetol_d256_depth3_p20_bs200,seed051,51,280,56000,200,16,106.28058111278017,138.47225904464722,77.22980387203955,False,max_epochs,2388.2367334365845
rl4crn_rne_oscillator_trace_8rxn_stop_risksched085to09_lr1e4_entropy005_s4_c1_rnetol_d256_depth3_p20_bs200,seed051,51,281,56200,200,16,102.1197152687725,138.3235428929329,77.22980387203955,False,max_epochs,2397.6208148002625
rl4crn_rne_oscillator_trace_8rxn_stop_risksched085to09_lr1e4_entropy005_s4_c1_rnetol_d256_depth3_p20_bs200,seed051,51,282,56400,200,16,97.3573585722466,138.17744213342667,77.22980387203955,False,max_epochs,2406.7735521793365
rl4crn_rne_oscillator_trace_8rxn_stop_risksched085to09_lr1e4_entropy005_s4_c1_rnetol_d256_depth3_p20_bs200,seed051,51,283,56600,200,16,102.66603063113872,138.18562757968903,77.22980387203955,False,max_epochs,2416.3821227550507
rl4crn_rne_oscillator_trace_8rxn_stop_risksched085to09_lr1e4_entropy005_s4_c1_rnetol_d256_depth3_p20_bs200,seed051,51,284,56800,200,16,111.15912928398537,138.29543197155,77.22980387203955,False,max_epochs,2425.823488712311
rl4crn_rne_oscillator_trace_8rxn_stop_risksched085to09_lr1e4_entropy005_s4_c1_rnetol_d256_depth3_p20_bs200,seed051,51,285,57000,200,16,103.16520644616168,138.7706990351901,77.22980387203955,False,max_epochs,2434.171620130539
rl4crn_rne_oscillator_trace_8rxn_stop_risksched085to09_lr1e4_entropy005_s4_c1_rnetol_d256_depth3_p20_bs200,seed051,51,286,57200,200,16,101.3229707864177,138.29868257045746,77.22980387203955,False,max_epochs,2443.5069291591644
rl4crn_rne_oscillator_trace_8rxn_stop_risksched085to09_lr1e4_entropy005_s4_c1_rnetol_d256_depth3_p20_bs200,seed051,51,287,57400,200,16,106.83286799325478,138.3204401731491,77.22980387203955,False,max_epochs,2452.0676300525665
rl4crn_rne_oscillator_trace_8rxn_stop_risksched085to09_lr1e4_entropy005_s4_c1_rnetol_d256_depth3_p20_bs200,seed051,51,288,57600,200,16,98.10746206476574,138.32056954125233,77.22980387203955,False,max_epochs,2455.6113040447235
rl4crn_rne_oscillator_trace_8rxn_stop_risksched085to09_lr1e4_entropy005_s4_c1_rnetol_d256_depth3_p20_bs200,seed051,51,289,57800,200,16,97.91194879070642,138.57616937160492,77.22980387203955,False,max_epochs,2463.641189813614
rl4crn_rne_oscillator_trace_8rxn_stop_risksched085to09_lr1e4_entropy005_s4_c1_rnetol_d256_depth3_p20_bs200,seed051,51,290,58000,200,16,94.77288801494916,138.40852445363998,77.22980387203955,False,max_epochs,2473.140727519989
rl4crn_rne_oscillator_trace_8rxn_stop_risksched085to09_lr1e4_entropy005_s4_c1_rnetol_d256_depth3_p20_bs200,seed051,51,291,58200,200,16,105.94033045811932,138.40984040498734,77.22980387203955,False,max_epochs,2482.8405804634094
rl4crn_rne_oscillator_trace_8rxn_stop_risksched085to09_lr1e4_entropy005_s4_c1_rnetol_d256_depth3_p20_bs200,seed051,51,292,58400,200,16,106.3912466018135,138.65395641326904,77.22980387203955,False,max_epochs,2491.95867061615
rl4crn_rne_oscillator_trace_8rxn_stop_risksched085to09_lr1e4_entropy005_s4_c1_rnetol_d256_depth3_p20_bs200,seed051,51,293,58600,200,16,102.7927336169574,138.83099967241287,77.22980387203955,False,max_epochs,2500.6790721416473
rl4crn_rne_oscillator_trace_8rxn_stop_risksched085to09_lr1e4_entropy005_s4_c1_rnetol_d256_depth3_p20_bs200,seed051,51,294,58800,200,16,103.19518421296996,138.85599929094315,77.22980387203955,False,max_epochs,2509.8568093776703
rl4crn_rne_oscillator_trace_8rxn_stop_risksched085to09_lr1e4_entropy005_s4_c1_rnetol_d256_depth3_p20_bs200,seed051,51,295,59000,200,16,107.58711958101378,138.25581413507462,77.22980387203955,False,max_epochs,2518.8765058517456
rl4crn_rne_oscillator_trace_8rxn_stop_risksched085to09_lr1e4_entropy005_s4_c1_rnetol_d256_depth3_p20_bs200,seed051,51,296,59200,200,16,106.49769716013517,138.67010165005922,77.22980387203955,False,max_epochs,2526.6624064445496
rl4crn_rne_oscillator_trace_8rxn_stop_risksched085to09_lr1e4_entropy005_s4_c1_rnetol_d256_depth3_p20_bs200,seed051,51,297,59400,200,16,98.29032548787654,138.992923503586,77.22980387203955,False,max_epochs,2529.995346546173
rl4crn_rne_oscillator_trace_8rxn_stop_risksched085to09_lr1e4_entropy005_s4_c1_rnetol_d256_depth3_p20_bs200,seed051,51,298,59600,200,16,107.31981073844409,139.64636370539665,77.22980387203955,False,max_epochs,2539.5153329372406
rl4crn_rne_oscillator_trace_8rxn_stop_risksched085to09_lr1e4_entropy005_s4_c1_rnetol_d256_depth3_p20_bs200,seed051,51,299,59800,200,16,97.63094826400602,138.91050446033478,77.22980387203955,False,max_epochs,2549.2458527088165
rl4crn_rne_oscillator_trace_8rxn_stop_risksched085to09_lr1e4_entropy005_s4_c1_rnetol_d256_depth3_p20_bs200,seed051,51,300,60000,200,16,89.44398562013444,139.1872264184773,77.22980387203955,False,max_epochs,2558.102842092514
rl4crn_rne_oscillator_trace_8rxn_stop_risksched085to09_lr1e4_entropy005_s4_c1_rnetol_d256_depth3_p20_bs200,seed051,51,301,60200,200,16,92.15834205295435,138.778216868639,77.22980387203955,False,max_epochs,2567.575731754303
rl4crn_rne_oscillator_trace_8rxn_stop_risksched085to09_lr1e4_entropy005_s4_c1_rnetol_d256_depth3_p20_bs200,seed051,51,302,60400,200,16,93.45817148555918,138.9461761713028,77.22980387203955,False,max_epochs,2577.379052400589
rl4crn_rne_oscillator_trace_8rxn_stop_risksched085to09_lr1e4_entropy005_s4_c1_rnetol_d256_depth3_p20_bs200,seed051,51,303,60600,200,16,94.80793195353006,140.49062699412835,77.22980387203955,False,max_epochs,2586.9356191158295
rl4crn_rne_oscillator_trace_8rxn_stop_risksched085to09_lr1e4_entropy005_s4_c1_rnetol_d256_depth3_p20_bs200,seed051,51,304,60800,200,16,107.26709235153237,139.42437890632746,77.22980387203955,False,max_epochs,2596.572222471237
rl4crn_rne_oscillator_trace_8rxn_stop_risksched085to09_lr1e4_entropy005_s4_c1_rnetol_d256_depth3_p20_bs200,seed051,51,305,61000,200,16,103.28528309373587,139.43499870895153,77.22980387203955,False,max_epochs,2606.0561230182648
rl4crn_rne_oscillator_trace_8rxn_stop_risksched085to09_lr1e4_entropy005_s4_c1_rnetol_d256_depth3_p20_bs200,seed051,51,306,61200,200,16,102.07934799847136,139.4289304747242,77.22980387203955,False,max_epochs,2615.1140611171722
rl4crn_rne_oscillator_trace_8rxn_stop_risksched085to09_lr1e4_entropy005_s4_c1_rnetol_d256_depth3_p20_bs200,seed051,51,307,61400,200,16,105.04782087837005,139.1614536345005,77.22980387203955,False,max_epochs,2623.5079686641693
rl4crn_rne_oscillator_trace_8rxn_stop_risksched085to09_lr1e4_entropy005_s4_c1_rnetol_d256_depth3_p20_bs200,seed051,51,308,61600,200,16,100.39436712023117,138.8816079199314,77.22980387203955,False,max_epochs,2632.3591754436493
rl4crn_rne_oscillator_trace_8rxn_stop_risksched085to09_lr1e4_entropy005_s4_c1_rnetol_d256_depth3_p20_bs200,seed051,51,309,61800,200,16,80.91996617180783,138.94177841322102,77.22980387203955,False,max_epochs,2637.7259933948517
rl4crn_rne_oscillator_trace_8rxn_stop_risksched085to09_lr1e4_entropy005_s4_c1_rnetol_d256_depth3_p20_bs200,seed051,51,310,62000,200,16,110.58650269086647,139.18898367881775,77.22980387203955,False,max_epochs,2644.2929344177246
rl4crn_rne_oscillator_trace_8rxn_stop_risksched085to09_lr1e4_entropy005_s4_c1_rnetol_d256_depth3_p20_bs200,seed051,51,311,62200,200,16,106.77737345110629,140.37148559093475,77.22980387203955,False,max_epochs,2653.4984600543976
rl4crn_rne_oscillator_trace_8rxn_stop_risksched085to09_lr1e4_entropy005_s4_c1_rnetol_d256_depth3_p20_bs200,seed051,51,312,62400,200,16,76.44747140158042,138.51810893416405,76.44747140158042,False,max_epochs,2662.657567501068
rl4crn_rne_oscillator_trace_8rxn_stop_risksched085to09_lr1e4_entropy005_s4_c1_rnetol_d256_depth3_p20_bs200,seed051,51,313,62600,200,16,109.72210484166912,138.9555920852394,76.44747140158042,False,max_epochs,2672.106370449066
rl4crn_rne_oscillator_trace_8rxn_stop_risksched085to09_lr1e4_entropy005_s4_c1_rnetol_d256_depth3_p20_bs200,seed051,51,314,62800,200,16,95.8062916712536,139.03637185692787,76.44747140158042,False,max_epochs,2681.1876785755157
rl4crn_rne_oscillator_trace_8rxn_stop_risksched085to09_lr1e4_entropy005_s4_c1_rnetol_d256_depth3_p20_bs200,seed051,51,315,63000,200,16,97.16736791368515,139.34591218829155,76.44747140158042,False,max_epochs,2689.900311946869
rl4crn_rne_oscillator_trace_8rxn_stop_risksched085to09_lr1e4_entropy005_s4_c1_rnetol_d256_depth3_p20_bs200,seed051,51,316,63200,200,16,97.3885261329157,138.9615422487259,76.44747140158042,False,max_epochs,2698.775265455246
rl4crn_rne_oscillator_trace_8rxn_stop_risksched085to09_lr1e4_entropy005_s4_c1_rnetol_d256_depth3_p20_bs200,seed051,51,317,63400,200,16,103.31750764687854,139.40026777982712,76.44747140158042,False,max_epochs,2701.8714587688446
rl4crn_rne_oscillator_trace_8rxn_stop_risksched085to09_lr1e4_entropy005_s4_c1_rnetol_d256_depth3_p20_bs200,seed051,51,318,63600,200,16,100.86054241976566,138.85309648513794,76.44747140158042,False,max_epochs,2711.1628654003143
rl4crn_rne_oscillator_trace_8rxn_stop_risksched085to09_lr1e4_entropy005_s4_c1_rnetol_d256_depth3_p20_bs200,seed051,51,319,63800,200,16,95.06251639469073,139.56021787213277,76.44747140158042,False,max_epochs,2720.01908826828
rl4crn_rne_oscillator_trace_8rxn_stop_risksched085to09_lr1e4_entropy005_s4_c1_rnetol_d256_depth3_p20_bs200,seed051,51,320,64000,200,16,75.00252676122533,139.4382756075193,75.00252676122533,False,max_epochs,2729.609453201294
rl4crn_rne_oscillator_trace_8rxn_stop_risksched085to09_lr1e4_entropy005_s4_c1_rnetol_d256_depth3_p20_bs200,seed051,51,321,64200,200,16,102.78646658708726,139.23598408762552,75.00252676122533,False,max_epochs,2739.3582870960236
rl4crn_rne_oscillator_trace_8rxn_stop_risksched085to09_lr1e4_entropy005_s4_c1_rnetol_d256_depth3_p20_bs200,seed051,51,322,64400,200,16,99.40043163943498,139.2810283601284,75.00252676122533,False,max_epochs,2748.3848028182983
rl4crn_rne_oscillator_trace_8rxn_stop_risksched085to09_lr1e4_entropy005_s4_c1_rnetol_d256_depth3_p20_bs200,seed051,51,323,64600,200,16,90.79108356739708,139.8767245411873,75.00252676122533,False,max_epochs,2757.823632478714
rl4crn_rne_oscillator_trace_8rxn_stop_risksched085to09_lr1e4_entropy005_s4_c1_rnetol_d256_depth3_p20_bs200,seed051,51,324,64800,200,16,100.41839312371333,139.96734756589905,75.00252676122533,False,max_epochs,2767.4007229804993
rl4crn_rne_oscillator_trace_8rxn_stop_risksched085to09_lr1e4_entropy005_s4_c1_rnetol_d256_depth3_p20_bs200,seed051,51,325,65000,200,16,109.18488482219605,140.11264726519585,75.00252676122533,False,max_epochs,2776.844922065735
rl4crn_rne_oscillator_trace_8rxn_stop_risksched085to09_lr1e4_entropy005_s4_c1_rnetol_d256_depth3_p20_bs200,seed051,51,326,65200,200,16,108.29857918020804,139.58527785539627,75.00252676122533,False,max_epochs,2786.562620639801
rl4crn_rne_oscillator_trace_8rxn_stop_risksched085to09_lr1e4_entropy005_s4_c1_rnetol_d256_depth3_p20_bs200,seed051,51,327,65400,200,16,99.89028087477303,138.90583619475365,75.00252676122533,False,max_epochs,2796.054676771164
rl4crn_rne_oscillator_trace_8rxn_stop_risksched085to09_lr1e4_entropy005_s4_c1_rnetol_d256_depth3_p20_bs200,seed051,51,328,65600,200,16,80.86047438509863,139.02988743782043,75.00252676122533,False,max_epochs,2805.45712184906
rl4crn_rne_oscillator_trace_8rxn_stop_risksched085to09_lr1e4_entropy005_s4_c1_rnetol_d256_depth3_p20_bs200,seed051,51,329,65800,200,16,103.11373202826024,139.01218855381012,75.00252676122533,False,max_epochs,2814.6774299144745
rl4crn_rne_oscillator_trace_8rxn_stop_risksched085to09_lr1e4_entropy005_s4_c1_rnetol_d256_depth3_p20_bs200,seed051,51,330,66000,200,16,101.04525341084877,139.58470785617828,75.00252676122533,False,max_epochs,2823.979767560959
rl4crn_rne_oscillator_trace_8rxn_stop_risksched085to09_lr1e4_entropy005_s4_c1_rnetol_d256_depth3_p20_bs200,seed051,51,331,66200,200,16,105.1977329503011,138.80781462977183,75.00252676122533,False,max_epochs,2833.042135953903
rl4crn_rne_oscillator_trace_8rxn_stop_risksched085to09_lr1e4_entropy005_s4_c1_rnetol_d256_depth3_p20_bs200,seed051,51,332,66400,200,16,94.04125556624012,139.89219304919243,75.00252676122533,False,max_epochs,2840.8917598724365
rl4crn_rne_oscillator_trace_8rxn_stop_risksched085to09_lr1e4_entropy005_s4_c1_rnetol_d256_depth3_p20_bs200,seed051,51,333,66600,200,16,95.6403613188229,138.91266762549708,75.00252676122533,False,max_epochs,2847.640724182129
rl4crn_rne_oscillator_trace_8rxn_stop_risksched085to09_lr1e4_entropy005_s4_c1_rnetol_d256_depth3_p20_bs200,seed051,51,334,66800,200,16,106.36883983220633,139.04249837994576,75.00252676122533,False,max_epochs,2853.45575094223
rl4crn_rne_oscillator_trace_8rxn_stop_risksched085to09_lr1e4_entropy005_s4_c1_rnetol_d256_depth3_p20_bs200,seed051,51,335,67000,200,16,101.54209415614909,138.54533342315563,75.00252676122533,False,max_epochs,2862.9872925281525
rl4crn_rne_oscillator_trace_8rxn_stop_risksched085to09_lr1e4_entropy005_s4_c1_rnetol_d256_depth3_p20_bs200,seed051,51,336,67200,200,16,100.7314792476829,138.74861428141594,75.00252676122533,False,max_epochs,2872.0232679843903
rl4crn_rne_oscillator_trace_8rxn_stop_risksched085to09_lr1e4_entropy005_s4_c1_rnetol_d256_depth3_p20_bs200,seed051,51,337,67400,200,16,102.03421569513463,138.89783024787903,75.00252676122533,False,max_epochs,2881.6565973758698
rl4crn_rne_oscillator_trace_8rxn_stop_risksched085to09_lr1e4_entropy005_s4_c1_rnetol_d256_depth3_p20_bs200,seed051,51,338,67600,200,16,70.01021028326407,138.83848989009857,70.01021028326407,False,max_epochs,2891.32750248909
rl4crn_rne_oscillator_trace_8rxn_stop_risksched085to09_lr1e4_entropy005_s4_c1_rnetol_d256_depth3_p20_bs200,seed051,51,339,67800,200,16,104.89844043480521,138.93496838212013,70.01021028326407,False,max_epochs,2900.3836874961853
rl4crn_rne_oscillator_trace_8rxn_stop_risksched085to09_lr1e4_entropy005_s4_c1_rnetol_d256_depth3_p20_bs200,seed051,51,340,68000,200,16,99.19976857142068,139.32646456360817,70.01021028326407,False,max_epochs,2909.55628824234
rl4crn_rne_oscillator_trace_8rxn_stop_risksched085to09_lr1e4_entropy005_s4_c1_rnetol_d256_depth3_p20_bs200,seed051,51,341,68200,200,16,97.73061464350468,138.82937172055244,70.01021028326407,False,max_epochs,2919.299061059952
rl4crn_rne_oscillator_trace_8rxn_stop_risksched085to09_lr1e4_entropy005_s4_c1_rnetol_d256_depth3_p20_bs200,seed051,51,342,68400,200,16,94.20721269317357,138.91870909929276,70.01021028326407,False,max_epochs,2928.316210269928
rl4crn_rne_oscillator_trace_8rxn_stop_risksched085to09_lr1e4_entropy005_s4_c1_rnetol_d256_depth3_p20_bs200,seed051,51,343,68600,200,16,86.7128820620308,139.72117957180672,70.01021028326407,False,max_epochs,2936.8488399982452
rl4crn_rne_oscillator_trace_8rxn_stop_risksched085to09_lr1e4_entropy005_s4_c1_rnetol_d256_depth3_p20_bs200,seed051,51,344,68800,200,16,104.6473325157944,138.7337508201599,70.01021028326407,False,max_epochs,2946.0924587249756
rl4crn_rne_oscillator_trace_8rxn_stop_risksched085to09_lr1e4_entropy005_s4_c1_rnetol_d256_depth3_p20_bs200,seed051,51,345,69000,200,16,97.37948056733828,138.7983506321907,70.01021028326407,False,max_epochs,2954.4645714759827
rl4crn_rne_oscillator_trace_8rxn_stop_risksched085to09_lr1e4_entropy005_s4_c1_rnetol_d256_depth3_p20_bs200,seed051,51,346,69200,200,16,97.65905975840488,139.5673431232232,70.01021028326407,False,max_epochs,2957.9024362564087
rl4crn_rne_oscillator_trace_8rxn_stop_risksched085to09_lr1e4_entropy005_s4_c1_rnetol_d256_depth3_p20_bs200,seed051,51,347,69400,200,16,93.66989220067362,139.7767098524925,70.01021028326407,False,max_epochs,2966.939390897751
rl4crn_rne_oscillator_trace_8rxn_stop_risksched085to09_lr1e4_entropy005_s4_c1_rnetol_d256_depth3_p20_bs200,seed051,51,348,69600,200,16,110.15551940418803,138.79877817630768,70.01021028326407,False,max_epochs,2976.450152158737
rl4crn_rne_oscillator_trace_8rxn_stop_risksched085to09_lr1e4_entropy005_s4_c1_rnetol_d256_depth3_p20_bs200,seed051,51,349,69800,200,16,107.79861283382873,139.31011283197222,70.01021028326407,False,max_epochs,2986.065218925476
rl4crn_rne_oscillator_trace_8rxn_stop_risksched085to09_lr1e4_entropy005_s4_c1_rnetol_d256_depth3_p20_bs200,seed051,51,350,70000,200,16,92.1916571191068,138.82143765687943,70.01021028326407,False,max_epochs,2995.925277233124
rl4crn_rne_oscillator_trace_8rxn_stop_risksched085to09_lr1e4_entropy005_s4_c1_rnetol_d256_depth3_p20_bs200,seed051,51,351,70200,200,16,94.86851147246806,139.2606226503849,70.01021028326407,False,max_epochs,3004.1771421432495
rl4crn_rne_oscillator_trace_8rxn_stop_risksched085to09_lr1e4_entropy005_s4_c1_rnetol_d256_depth3_p20_bs200,seed051,51,352,70400,200,16,112.97665953111648,138.9609534740448,70.01021028326407,False,max_epochs,3013.0688586235046
rl4crn_rne_oscillator_trace_8rxn_stop_risksched085to09_lr1e4_entropy005_s4_c1_rnetol_d256_depth3_p20_bs200,seed051,51,353,70600,200,16,87.20751671841231,139.49067977070808,70.01021028326407,False,max_epochs,3021.4403796195984
rl4crn_rne_oscillator_trace_8rxn_stop_risksched085to09_lr1e4_entropy005_s4_c1_rnetol_d256_depth3_p20_bs200,seed051,51,354,70800,200,16,92.40480729205282,138.96359062194824,70.01021028326407,False,max_epochs,3026.2537610530853
rl4crn_rne_oscillator_trace_8rxn_stop_risksched085to09_lr1e4_entropy005_s4_c1_rnetol_d256_depth3_p20_bs200,seed051,51,355,71000,200,16,98.82552579061287,138.7226980692977,70.01021028326407,False,max_epochs,3033.2343277931213
rl4crn_rne_oscillator_trace_8rxn_stop_risksched085to09_lr1e4_entropy005_s4_c1_rnetol_d256_depth3_p20_bs200,seed051,51,356,71200,200,16,96.70751054487745,139.90204298496246,70.01021028326407,False,max_epochs,3042.6947197914124
rl4crn_rne_oscillator_trace_8rxn_stop_risksched085to09_lr1e4_entropy005_s4_c1_rnetol_d256_depth3_p20_bs200,seed051,51,357,71400,200,16,103.90742468876415,139.54713678359985,70.01021028326407,False,max_epochs,3052.7176241874695
rl4crn_rne_oscillator_trace_8rxn_stop_risksched085to09_lr1e4_entropy005_s4_c1_rnetol_d256_depth3_p20_bs200,seed051,51,358,71600,200,16,104.28898540104316,138.96495193243027,70.01021028326407,False,max_epochs,3061.3679432868958
rl4crn_rne_oscillator_trace_8rxn_stop_risksched085to09_lr1e4_entropy005_s4_c1_rnetol_d256_depth3_p20_bs200,seed051,51,359,71800,200,16,100.2571702675809,138.98486638793054,70.01021028326407,False,max_epochs,3070.6295795440674
rl4crn_rne_oscillator_trace_8rxn_stop_risksched085to09_lr1e4_entropy005_s4_c1_rnetol_d256_depth3_p20_bs200,seed051,51,360,72000,200,16,112.00534490222277,139.82535883784294,70.01021028326407,False,max_epochs,3080.0812833309174
rl4crn_rne_oscillator_trace_8rxn_stop_risksched085to09_lr1e4_entropy005_s4_c1_rnetol_d256_depth3_p20_bs200,seed051,51,361,72200,200,16,94.05392528684285,139.94187566637993,70.01021028326407,False,max_epochs,3089.3523621559143
rl4crn_rne_oscillator_trace_8rxn_stop_risksched085to09_lr1e4_entropy005_s4_c1_rnetol_d256_depth3_p20_bs200,seed051,51,362,72400,200,16,97.07326435049859,139.65390235185623,70.01021028326407,False,max_epochs,3098.0044853687286
rl4crn_rne_oscillator_trace_8rxn_stop_risksched085to09_lr1e4_entropy005_s4_c1_rnetol_d256_depth3_p20_bs200,seed051,51,363,72600,200,16,91.49624732848639,139.09120696783066,70.01021028326407,False,max_epochs,3106.489200115204
rl4crn_rne_oscillator_trace_8rxn_stop_risksched085to09_lr1e4_entropy005_s4_c1_rnetol_d256_depth3_p20_bs200,seed051,51,364,72800,200,16,102.38375075789142,138.88010704517365,70.01021028326407,False,max_epochs,3109.394349336624
rl4crn_rne_oscillator_trace_8rxn_stop_risksched085to09_lr1e4_entropy005_s4_c1_rnetol_d256_depth3_p20_bs200,seed051,51,365,73000,200,16,102.88021355869753,139.8112360589566,70.01021028326407,False,max_epochs,3118.537687063217
rl4crn_rne_oscillator_trace_8rxn_stop_risksched085to09_lr1e4_entropy005_s4_c1_rnetol_d256_depth3_p20_bs200,seed051,51,366,73200,200,16,102.65659062666208,139.32626247651353,70.01021028326407,False,max_epochs,3127.601908683777
rl4crn_rne_oscillator_trace_8rxn_stop_risksched085to09_lr1e4_entropy005_s4_c1_rnetol_d256_depth3_p20_bs200,seed051,51,367,73400,200,16,103.72038649802704,139.43636733293533,70.01021028326407,False,max_epochs,3137.133155107498
rl4crn_rne_oscillator_trace_8rxn_stop_risksched085to09_lr1e4_entropy005_s4_c1_rnetol_d256_depth3_p20_bs200,seed051,51,368,73600,200,16,99.66435091873906,140.3675969839096,70.01021028326407,False,max_epochs,3146.58287858963
rl4crn_rne_oscillator_trace_8rxn_stop_risksched085to09_lr1e4_entropy005_s4_c1_rnetol_d256_depth3_p20_bs200,seed051,51,369,73800,200,16,98.60934851609865,139.59702780503156,70.01021028326407,False,max_epochs,3155.907206058502
rl4crn_rne_oscillator_trace_8rxn_stop_risksched085to09_lr1e4_entropy005_s4_c1_rnetol_d256_depth3_p20_bs200,seed051,51,370,74000,200,16,92.22534783212129,139.10841593146324,70.01021028326407,False,max_epochs,3164.594077348709
rl4crn_rne_oscillator_trace_8rxn_stop_risksched085to09_lr1e4_entropy005_s4_c1_rnetol_d256_depth3_p20_bs200,seed051,51,371,74200,200,16,78.57796109722828,138.9596004486084,70.01021028326407,False,max_epochs,3173.5164108276367
rl4crn_rne_oscillator_trace_8rxn_stop_risksched085to09_lr1e4_entropy005_s4_c1_rnetol_d256_depth3_p20_bs200,seed051,51,372,74400,200,16,98.86150051070304,140.6709522008896,70.01021028326407,False,max_epochs,3176.811480998993
rl4crn_rne_oscillator_trace_8rxn_stop_risksched085to09_lr1e4_entropy005_s4_c1_rnetol_d256_depth3_p20_bs200,seed051,51,373,74600,200,16,102.30185556223454,139.83138769865036,70.01021028326407,False,max_epochs,3185.296537399292
rl4crn_rne_oscillator_trace_8rxn_stop_risksched085to09_lr1e4_entropy005_s4_c1_rnetol_d256_depth3_p20_bs200,seed051,51,374,74800,200,16,90.1563807530208,139.6768745542879,70.01021028326407,False,max_epochs,3194.265355825424
rl4crn_rne_oscillator_trace_8rxn_stop_risksched085to09_lr1e4_entropy005_s4_c1_rnetol_d256_depth3_p20_bs200,seed051,51,375,75000,200,16,91.09080223214319,139.54237246513367,70.01021028326407,False,max_epochs,3203.7626388072968
rl4crn_rne_oscillator_trace_8rxn_stop_risksched085to09_lr1e4_entropy005_s4_c1_rnetol_d256_depth3_p20_bs200,seed051,51,376,75200,200,16,100.14915053260557,139.3773166583464,70.01021028326407,False,max_epochs,3213.371175765991
rl4crn_rne_oscillator_trace_8rxn_stop_risksched085to09_lr1e4_entropy005_s4_c1_rnetol_d256_depth3_p20_bs200,seed051,51,377,75400,200,16,92.57733122577292,139.56422305107117,70.01021028326407,False,max_epochs,3221.7214109897614
rl4crn_rne_oscillator_trace_8rxn_stop_risksched085to09_lr1e4_entropy005_s4_c1_rnetol_d256_depth3_p20_bs200,seed051,51,378,75600,200,16,103.2841850133379,138.9685781929375,70.01021028326407,False,max_epochs,3231.2095539569855
rl4crn_rne_oscillator_trace_8rxn_stop_risksched085to09_lr1e4_entropy005_s4_c1_rnetol_d256_depth3_p20_bs200,seed051,51,379,75800,200,16,108.46480307750713,139.54708778858185,70.01021028326407,False,max_epochs,3240.738797903061
rl4crn_rne_oscillator_trace_8rxn_stop_risksched085to09_lr1e4_entropy005_s4_c1_rnetol_d256_depth3_p20_bs200,seed051,51,380,76000,200,16,96.65365058205879,139.9463549554348,70.01021028326407,False,max_epochs,3250.017107963562
rl4crn_rne_oscillator_trace_8rxn_stop_risksched085to09_lr1e4_entropy005_s4_c1_rnetol_d256_depth3_p20_bs200,seed051,51,381,76200,200,16,98.14792624058673,140.07350854575634,70.01021028326407,False,max_epochs,3257.9170846939087
rl4crn_rne_oscillator_trace_8rxn_stop_risksched085to09_lr1e4_entropy005_s4_c1_rnetol_d256_depth3_p20_bs200,seed051,51,382,76400,200,16,95.28201560497669,139.73742127418518,70.01021028326407,False,max_epochs,3261.585211277008
rl4crn_rne_oscillator_trace_8rxn_stop_risksched085to09_lr1e4_entropy005_s4_c1_rnetol_d256_depth3_p20_bs200,seed051,51,383,76600,200,16,92.1623099062668,140.32873341441154,70.01021028326407,False,max_epochs,3270.0737767219543
rl4crn_rne_oscillator_trace_8rxn_stop_risksched085to09_lr1e4_entropy005_s4_c1_rnetol_d256_depth3_p20_bs200,seed051,51,384,76800,200,16,91.82130841700692,138.9815809428692,70.01021028326407,False,max_epochs,3279.5865738391876
rl4crn_rne_oscillator_trace_8rxn_stop_risksched085to09_lr1e4_entropy005_s4_c1_rnetol_d256_depth3_p20_bs200,seed051,51,385,77000,200,16,105.06883472301774,139.0159867946944,70.01021028326407,False,max_epochs,3288.344308614731
rl4crn_rne_oscillator_trace_8rxn_stop_risksched085to09_lr1e4_entropy005_s4_c1_rnetol_d256_depth3_p20_bs200,seed051,51,386,77200,200,16,100.41245793125438,140.37914441268765,70.01021028326407,False,max_epochs,3297.885703086853
rl4crn_rne_oscillator_trace_8rxn_stop_risksched085to09_lr1e4_entropy005_s4_c1_rnetol_d256_depth3_p20_bs200,seed051,51,387,77400,200,16,79.43512029199778,139.90959498286247,70.01021028326407,False,max_epochs,3307.151967525482
rl4crn_rne_oscillator_trace_8rxn_stop_risksched085to09_lr1e4_entropy005_s4_c1_rnetol_d256_depth3_p20_bs200,seed051,51,388,77600,200,16,97.13323760933497,139.44731721282005,70.01021028326407,False,max_epochs,3316.276177406311
rl4crn_rne_oscillator_trace_8rxn_stop_risksched085to09_lr1e4_entropy005_s4_c1_rnetol_d256_depth3_p20_bs200,seed051,51,389,77800,200,16,102.66496057993825,141.00097626447678,70.01021028326407,False,max_epochs,3324.8715965747833
rl4crn_rne_oscillator_trace_8rxn_stop_risksched085to09_lr1e4_entropy005_s4_c1_rnetol_d256_depth3_p20_bs200,seed051,51,390,78000,200,16,94.2088713410857,140.26302437484264,70.01021028326407,False,max_epochs,3329.8035130500793
rl4crn_rne_oscillator_trace_8rxn_stop_risksched085to09_lr1e4_entropy005_s4_c1_rnetol_d256_depth3_p20_bs200,seed051,51,391,78200,200,16,97.10284008474795,139.62598633766174,70.01021028326407,False,max_epochs,3336.9479670524597
rl4crn_rne_oscillator_trace_8rxn_stop_risksched085to09_lr1e4_entropy005_s4_c1_rnetol_d256_depth3_p20_bs200,seed051,51,392,78400,200,16,63.80002024811843,139.86668780446053,63.80002024811843,False,max_epochs,3346.395737886429
rl4crn_rne_oscillator_trace_8rxn_stop_risksched085to09_lr1e4_entropy005_s4_c1_rnetol_d256_depth3_p20_bs200,seed051,51,393,78600,200,16,90.68573196686798,139.68434335291386,63.80002024811843,False,max_epochs,3355.0558652877808
rl4crn_rne_oscillator_trace_8rxn_stop_risksched085to09_lr1e4_entropy005_s4_c1_rnetol_d256_depth3_p20_bs200,seed051,51,394,78800,200,16,98.32984744119399,140.0447127782984,63.80002024811843,False,max_epochs,3364.517596721649
rl4crn_rne_oscillator_trace_8rxn_stop_risksched085to09_lr1e4_entropy005_s4_c1_rnetol_d256_depth3_p20_bs200,seed051,51,395,79000,200,16,100.95582013591857,140.37925446033478,63.80002024811843,False,max_epochs,3373.507166624069
rl4crn_rne_oscillator_trace_8rxn_stop_risksched085to09_lr1e4_entropy005_s4_c1_rnetol_d256_depth3_p20_bs200,seed051,51,396,79200,200,16,109.67688542421878,139.77532661523264,63.80002024811843,False,max_epochs,3381.9603912830353
rl4crn_rne_oscillator_trace_8rxn_stop_risksched085to09_lr1e4_entropy005_s4_c1_rnetol_d256_depth3_p20_bs200,seed051,51,397,79400,200,16,110.21002009339392,140.05033648074175,63.80002024811843,False,max_epochs,3391.089703321457
rl4crn_rne_oscillator_trace_8rxn_stop_risksched085to09_lr1e4_entropy005_s4_c1_rnetol_d256_depth3_p20_bs200,seed051,51,398,79600,200,16,105.65313566936442,139.06220093369484,63.80002024811843,False,max_epochs,3397.767348051071
rl4crn_rne_oscillator_trace_8rxn_stop_risksched085to09_lr1e4_entropy005_s4_c1_rnetol_d256_depth3_p20_bs200,seed051,51,399,79800,200,16,87.92573471927753,139.6109101176262,63.80002024811843,False,max_epochs,3402.7637012004852
rl4crn_rne_oscillator_trace_8rxn_stop_risksched085to09_lr1e4_entropy005_s4_c1_rnetol_d256_depth3_p20_bs200,seed051,51,400,80000,200,16,85.17255641600174,141.19875668734312,63.80002024811843,False,max_epochs,3411.797214984894
rl4crn_rne_oscillator_trace_8rxn_stop_risksched085to09_lr1e4_entropy005_s4_c1_rnetol_d256_depth3_p20_bs200,seed051,51,401,80200,200,16,88.20168809555051,139.9061728861352,63.80002024811843,False,max_epochs,3421.2191591262817
rl4crn_rne_oscillator_trace_8rxn_stop_risksched085to09_lr1e4_entropy005_s4_c1_rnetol_d256_depth3_p20_bs200,seed051,51,402,80400,200,16,87.64493599589761,139.01725041866305,63.80002024811843,False,max_epochs,3430.6050267219543
rl4crn_rne_oscillator_trace_8rxn_stop_risksched085to09_lr1e4_entropy005_s4_c1_rnetol_d256_depth3_p20_bs200,seed051,51,403,80600,200,16,101.27023581304793,139.21242371201515,63.80002024811843,False,max_epochs,3439.6557149887085
rl4crn_rne_oscillator_trace_8rxn_stop_risksched085to09_lr1e4_entropy005_s4_c1_rnetol_d256_depth3_p20_bs200,seed051,51,404,80800,200,16,106.20450628527337,139.6990962458163,63.80002024811843,False,max_epochs,3448.2513008117676
rl4crn_rne_oscillator_trace_8rxn_stop_risksched085to09_lr1e4_entropy005_s4_c1_rnetol_d256_depth3_p20_bs200,seed051,51,405,81000,200,16,95.56031635288417,139.19034987688065,63.80002024811843,False,max_epochs,3457.0895352363586
rl4crn_rne_oscillator_trace_8rxn_stop_risksched085to09_lr1e4_entropy005_s4_c1_rnetol_d256_depth3_p20_bs200,seed051,51,406,81200,200,16,102.56104772636388,138.94742667675018,63.80002024811843,False,max_epochs,3462.267757177353
rl4crn_rne_oscillator_trace_8rxn_stop_risksched085to09_lr1e4_entropy005_s4_c1_rnetol_d256_depth3_p20_bs200,seed051,51,407,81400,200,16,95.8542686760028,138.84807515144348,63.80002024811843,False,max_epochs,3469.3671016693115
rl4crn_rne_oscillator_trace_8rxn_stop_risksched085to09_lr1e4_entropy005_s4_c1_rnetol_d256_depth3_p20_bs200,seed051,51,408,81600,200,16,91.25007311932252,139.22034418582916,63.80002024811843,False,max_epochs,3478.173364639282
rl4crn_rne_oscillator_trace_8rxn_stop_risksched085to09_lr1e4_entropy005_s4_c1_rnetol_d256_depth3_p20_bs200,seed051,51,409,81800,200,16,107.11412432765432,140.9613302287667,63.80002024811843,False,max_epochs,3487.9326519966125
rl4crn_rne_oscillator_trace_8rxn_stop_risksched085to09_lr1e4_entropy005_s4_c1_rnetol_d256_depth3_p20_bs200,seed051,51,410,82000,200,16,98.51104320853183,139.3197412788868,63.80002024811843,False,max_epochs,3497.530783891678
rl4crn_rne_oscillator_trace_8rxn_stop_risksched085to09_lr1e4_entropy005_s4_c1_rnetol_d256_depth3_p20_bs200,seed051,51,411,82200,200,16,105.40227302770792,139.95667106147405,63.80002024811843,False,max_epochs,3506.813992023468
rl4crn_rne_oscillator_trace_8rxn_stop_risksched085to09_lr1e4_entropy005_s4_c1_rnetol_d256_depth3_p20_bs200,seed051,51,412,82400,200,16,75.23376111784721,138.9394552707672,63.80002024811843,False,max_epochs,3516.4395039081573
rl4crn_rne_oscillator_trace_8rxn_stop_risksched085to09_lr1e4_entropy005_s4_c1_rnetol_d256_depth3_p20_bs200,seed051,51,413,82600,200,16,93.28352188168097,140.23892098665237,63.80002024811843,False,max_epochs,3526.063759326935
rl4crn_rne_oscillator_trace_8rxn_stop_risksched085to09_lr1e4_entropy005_s4_c1_rnetol_d256_depth3_p20_bs200,seed051,51,414,82800,200,16,97.6805859791167,139.06201738119125,63.80002024811843,False,max_epochs,3535.3365137577057
rl4crn_rne_oscillator_trace_8rxn_stop_risksched085to09_lr1e4_entropy005_s4_c1_rnetol_d256_depth3_p20_bs200,seed051,51,415,83000,200,16,108.83100266124563,140.25226785135237,63.80002024811843,False,max_epochs,3544.482095003128
rl4crn_rne_oscillator_trace_8rxn_stop_risksched085to09_lr1e4_entropy005_s4_c1_rnetol_d256_depth3_p20_bs200,seed051,51,416,83200,200,16,84.30005894091623,140.0583758354187,63.80002024811843,False,max_epochs,3553.570417165756
rl4crn_rne_oscillator_trace_8rxn_stop_risksched085to09_lr1e4_entropy005_s4_c1_rnetol_d256_depth3_p20_bs200,seed051,51,417,83400,200,16,93.12125299791886,140.03045973181725,63.80002024811843,False,max_epochs,3562.8578720092773
rl4crn_rne_oscillator_trace_8rxn_stop_risksched085to09_lr1e4_entropy005_s4_c1_rnetol_d256_depth3_p20_bs200,seed051,51,418,83600,200,16,105.95835812818794,139.10074689984322,63.80002024811843,False,max_epochs,3570.865066051483
rl4crn_rne_oscillator_trace_8rxn_stop_risksched085to09_lr1e4_entropy005_s4_c1_rnetol_d256_depth3_p20_bs200,seed051,51,419,83800,200,16,81.84490906886694,139.06013204157352,63.80002024811843,False,max_epochs,3574.2085292339325
rl4crn_rne_oscillator_trace_8rxn_stop_risksched085to09_lr1e4_entropy005_s4_c1_rnetol_d256_depth3_p20_bs200,seed051,51,420,84000,200,16,90.88254943790787,139.23058307170868,63.80002024811843,False,max_epochs,3582.6326274871826
rl4crn_rne_oscillator_trace_8rxn_stop_risksched085to09_lr1e4_entropy005_s4_c1_rnetol_d256_depth3_p20_bs200,seed051,51,421,84200,200,16,91.53519416690774,140.25123676657677,63.80002024811843,False,max_epochs,3592.1261038780212
rl4crn_rne_oscillator_trace_8rxn_stop_risksched085to09_lr1e4_entropy005_s4_c1_rnetol_d256_depth3_p20_bs200,seed051,51,422,84400,200,16,103.92982474189475,139.05152648687363,63.80002024811843,False,max_epochs,3601.2296307086945
rl4crn_rne_oscillator_trace_8rxn_stop_risksched085to09_lr1e4_entropy005_s4_c1_rnetol_d256_depth3_p20_bs200,seed051,51,423,84600,200,16,86.11242982605772,139.5142021609088,63.80002024811843,False,max_epochs,3610.417438030243
rl4crn_rne_oscillator_trace_8rxn_stop_risksched085to09_lr1e4_entropy005_s4_c1_rnetol_d256_depth3_p20_bs200,seed051,51,424,84800,200,16,90.5223858405181,139.87886482477188,63.80002024811843,False,max_epochs,3619.504818916321
rl4crn_rne_oscillator_trace_8rxn_stop_risksched085to09_lr1e4_entropy005_s4_c1_rnetol_d256_depth3_p20_bs200,seed051,51,425,85000,200,16,100.92042742909544,139.38173803677643,63.80002024811843,False,max_epochs,3628.6372559070587
rl4crn_rne_oscillator_trace_8rxn_stop_risksched085to09_lr1e4_entropy005_s4_c1_rnetol_d256_depth3_p20_bs200,seed051,51,426,85200,200,16,106.52481071058449,139.8191779255867,63.80002024811843,False,max_epochs,3636.838724374771
rl4crn_rne_oscillator_trace_8rxn_stop_risksched085to09_lr1e4_entropy005_s4_c1_rnetol_d256_depth3_p20_bs200,seed051,51,427,85400,200,16,91.46128399567834,139.5369316637516,63.80002024811843,False,max_epochs,3642.939841270447
rl4crn_rne_oscillator_trace_8rxn_stop_risksched085to09_lr1e4_entropy005_s4_c1_rnetol_d256_depth3_p20_bs200,seed051,51,428,85600,200,16,98.59221008959743,140.75625523552003,63.80002024811843,False,max_epochs,3649.3653371334076
rl4crn_rne_oscillator_trace_8rxn_stop_risksched085to09_lr1e4_entropy005_s4_c1_rnetol_d256_depth3_p20_bs200,seed051,51,429,85800,200,16,92.5548093720388,139.8036450445652,63.80002024811843,False,max_epochs,3658.6613097190857
rl4crn_rne_oscillator_trace_8rxn_stop_risksched085to09_lr1e4_entropy005_s4_c1_rnetol_d256_depth3_p20_bs200,seed051,51,430,86000,200,16,102.28143962139146,140.09331247210503,63.80002024811843,False,max_epochs,3667.598258495331
rl4crn_rne_oscillator_trace_8rxn_stop_risksched085to09_lr1e4_entropy005_s4_c1_rnetol_d256_depth3_p20_bs200,seed051,51,431,86200,200,16,89.63329851728894,139.55721563100815,63.80002024811843,False,max_epochs,3677.2417373657227
rl4crn_rne_oscillator_trace_8rxn_stop_risksched085to09_lr1e4_entropy005_s4_c1_rnetol_d256_depth3_p20_bs200,seed051,51,432,86400,200,16,103.08932312679504,139.96816185683588,63.80002024811843,False,max_epochs,3686.835934638977
rl4crn_rne_oscillator_trace_8rxn_stop_risksched085to09_lr1e4_entropy005_s4_c1_rnetol_d256_depth3_p20_bs200,seed051,51,433,86600,200,16,102.32313100828239,140.15237674117088,63.80002024811843,False,max_epochs,3695.487656354904
rl4crn_rne_oscillator_trace_8rxn_stop_risksched085to09_lr1e4_entropy005_s4_c1_rnetol_d256_depth3_p20_bs200,seed051,51,434,86800,200,16,100.41202253050184,139.8159648647711,63.80002024811843,False,max_epochs,3705.2144677639008
rl4crn_rne_oscillator_trace_8rxn_stop_risksched085to09_lr1e4_entropy005_s4_c1_rnetol_d256_depth3_p20_bs200,seed051,51,435,87000,200,16,106.53345612820026,139.83993373811245,63.80002024811843,False,max_epochs,3714.364850282669
rl4crn_rne_oscillator_trace_8rxn_stop_risksched085to09_lr1e4_entropy005_s4_c1_rnetol_d256_depth3_p20_bs200,seed051,51,436,87200,200,16,97.35397775963874,140.28782460093498,63.80002024811843,False,max_epochs,3723.736695289612
rl4crn_rne_oscillator_trace_8rxn_stop_risksched085to09_lr1e4_entropy005_s4_c1_rnetol_d256_depth3_p20_bs200,seed051,51,437,87400,200,16,100.98202513248178,139.32632666826248,63.80002024811843,False,max_epochs,3732.3059632778168
rl4crn_rne_oscillator_trace_8rxn_stop_risksched085to09_lr1e4_entropy005_s4_c1_rnetol_d256_depth3_p20_bs200,seed051,51,438,87600,200,16,92.62038024143516,139.67982970607756,63.80002024811843,False,max_epochs,3739.913996696472
rl4crn_rne_oscillator_trace_8rxn_stop_risksched085to09_lr1e4_entropy005_s4_c1_rnetol_d256_depth3_p20_bs200,seed051,51,439,87800,200,16,95.7915405031389,140.2776616944513,63.80002024811843,False,max_epochs,3744.4596979618073
rl4crn_rne_oscillator_trace_8rxn_stop_risksched085to09_lr1e4_entropy005_s4_c1_rnetol_d256_depth3_p20_bs200,seed051,51,440,88000,200,16,80.25834266113431,139.43181663751602,63.80002024811843,False,max_epochs,3753.6965260505676
rl4crn_rne_oscillator_trace_8rxn_stop_risksched085to09_lr1e4_entropy005_s4_c1_rnetol_d256_depth3_p20_bs200,seed051,51,441,88200,200,16,103.39416591303721,138.86557361483574,63.80002024811843,False,max_epochs,3762.4581837654114
rl4crn_rne_oscillator_trace_8rxn_stop_risksched085to09_lr1e4_entropy005_s4_c1_rnetol_d256_depth3_p20_bs200,seed051,51,442,88400,200,16,100.48368020725842,140.27607448441245,63.80002024811843,False,max_epochs,3772.369053840637
rl4crn_rne_oscillator_trace_8rxn_stop_risksched085to09_lr1e4_entropy005_s4_c1_rnetol_d256_depth3_p20_bs200,seed051,51,443,88600,200,16,95.17095874515121,140.26289919018745,63.80002024811843,False,max_epochs,3781.6269824504852
rl4crn_rne_oscillator_trace_8rxn_stop_risksched085to09_lr1e4_entropy005_s4_c1_rnetol_d256_depth3_p20_bs200,seed051,51,444,88800,200,16,93.21536147016914,139.49523276417915,63.80002024811843,False,max_epochs,3790.6758863925934
rl4crn_rne_oscillator_trace_8rxn_stop_risksched085to09_lr1e4_entropy005_s4_c1_rnetol_d256_depth3_p20_bs200,seed051,51,445,89000,200,16,88.59795592325077,139.25768295143158,63.80002024811843,False,max_epochs,3800.5353784561157
rl4crn_rne_oscillator_trace_8rxn_stop_risksched085to09_lr1e4_entropy005_s4_c1_rnetol_d256_depth3_p20_bs200,seed051,51,446,89200,200,16,97.55647099874227,139.7248434126377,63.80002024811843,False,max_epochs,3810.3232395648956
rl4crn_rne_oscillator_trace_8rxn_stop_risksched085to09_lr1e4_entropy005_s4_c1_rnetol_d256_depth3_p20_bs200,seed051,51,447,89400,200,16,95.32959409349274,139.31040677428246,63.80002024811843,False,max_epochs,3819.5108890533447
rl4crn_rne_oscillator_trace_8rxn_stop_risksched085to09_lr1e4_entropy005_s4_c1_rnetol_d256_depth3_p20_bs200,seed051,51,448,89600,200,16,100.4978021808719,139.75934886932373,63.80002024811843,False,max_epochs,3828.9235351085663
rl4crn_rne_oscillator_trace_8rxn_stop_risksched085to09_lr1e4_entropy005_s4_c1_rnetol_d256_depth3_p20_bs200,seed051,51,449,89800,200,16,101.12317971814021,139.2641861581099,63.80002024811843,False,max_epochs,3838.314561843872
rl4crn_rne_oscillator_trace_8rxn_stop_risksched085to09_lr1e4_entropy005_s4_c1_rnetol_d256_depth3_p20_bs200,seed051,51,450,90000,200,16,83.4600783630035,138.63396054506302,63.80002024811843,False,max_epochs,3847.101479768753
rl4crn_rne_oscillator_trace_8rxn_stop_risksched085to09_lr1e4_entropy005_s4_c1_rnetol_d256_depth3_p20_bs200,seed051,51,451,90200,200,16,111.92773762110616,141.61701980233192,63.80002024811843,False,max_epochs,3855.687207698822
rl4crn_rne_oscillator_trace_8rxn_stop_risksched085to09_lr1e4_entropy005_s4_c1_rnetol_d256_depth3_p20_bs200,seed051,51,452,90400,200,16,90.14190246396281,139.6655189692974,63.80002024811843,False,max_epochs,3864.609857082367
rl4crn_rne_oscillator_trace_8rxn_stop_risksched085to09_lr1e4_entropy005_s4_c1_rnetol_d256_depth3_p20_bs200,seed051,51,453,90600,200,16,91.98476032464379,138.85684082060823,63.80002024811843,False,max_epochs,3868.5398104190826
rl4crn_rne_oscillator_trace_8rxn_stop_risksched085to09_lr1e4_entropy005_s4_c1_rnetol_d256_depth3_p20_bs200,seed051,51,454,90800,200,16,90.08522632589728,140.08236199617386,63.80002024811843,False,max_epochs,3876.677253007889
rl4crn_rne_oscillator_trace_8rxn_stop_risksched085to09_lr1e4_entropy005_s4_c1_rnetol_d256_depth3_p20_bs200,seed051,51,455,91000,200,16,93.30305703251386,140.1844028274951,63.80002024811843,False,max_epochs,3885.653559446335
rl4crn_rne_oscillator_trace_8rxn_stop_risksched085to09_lr1e4_entropy005_s4_c1_rnetol_d256_depth3_p20_bs200,seed051,51,456,91200,200,16,99.46079504248233,139.26474745465936,63.80002024811843,False,max_epochs,3894.9868824481964
rl4crn_rne_oscillator_trace_8rxn_stop_risksched085to09_lr1e4_entropy005_s4_c1_rnetol_d256_depth3_p20_bs200,seed051,51,457,91400,200,16,87.99154770773751,139.6689029633999,63.80002024811843,False,max_epochs,3904.5119194984436
rl4crn_rne_oscillator_trace_8rxn_stop_risksched085to09_lr1e4_entropy005_s4_c1_rnetol_d256_depth3_p20_bs200,seed051,51,458,91600,200,16,99.55064715409759,140.37464158268244,63.80002024811843,False,max_epochs,3913.582799434662
rl4crn_rne_oscillator_trace_8rxn_stop_risksched085to09_lr1e4_entropy005_s4_c1_rnetol_d256_depth3_p20_bs200,seed051,51,459,91800,200,16,108.08460672442602,139.51814621686935,63.80002024811843,False,max_epochs,3922.629390001297
rl4crn_rne_oscillator_trace_8rxn_stop_risksched085to09_lr1e4_entropy005_s4_c1_rnetol_d256_depth3_p20_bs200,seed051,51,460,92000,200,16,98.74525957282673,140.21904224157333,63.80002024811843,False,max_epochs,3931.913411140442
rl4crn_rne_oscillator_trace_8rxn_stop_risksched085to09_lr1e4_entropy005_s4_c1_rnetol_d256_depth3_p20_bs200,seed051,51,461,92200,200,16,83.85446498043504,140.04778726090632,63.80002024811843,False,max_epochs,3940.9127628803253
rl4crn_rne_oscillator_trace_8rxn_stop_risksched085to09_lr1e4_entropy005_s4_c1_rnetol_d256_depth3_p20_bs200,seed051,51,462,92400,200,16,97.47366108418046,139.74886578321457,63.80002024811843,False,max_epochs,3943.946690797806
rl4crn_rne_oscillator_trace_8rxn_stop_risksched085to09_lr1e4_entropy005_s4_c1_rnetol_d256_depth3_p20_bs200,seed051,51,463,92600,200,16,107.1763421396924,139.5140669196844,63.80002024811843,False,max_epochs,3952.165381193161
rl4crn_rne_oscillator_trace_8rxn_stop_risksched085to09_lr1e4_entropy005_s4_c1_rnetol_d256_depth3_p20_bs200,seed051,51,464,92800,200,16,104.96984402063933,139.61295747756958,63.80002024811843,False,max_epochs,3961.9616684913635
rl4crn_rne_oscillator_trace_8rxn_stop_risksched085to09_lr1e4_entropy005_s4_c1_rnetol_d256_depth3_p20_bs200,seed051,51,465,93000,200,16,98.77578286765012,140.81608572811245,63.80002024811843,False,max_epochs,3971.7233412265778
rl4crn_rne_oscillator_trace_8rxn_stop_risksched085to09_lr1e4_entropy005_s4_c1_rnetol_d256_depth3_p20_bs200,seed051,51,466,93200,200,16,78.64930390145942,139.54382035136223,63.80002024811843,False,max_epochs,3980.319799900055
rl4crn_rne_oscillator_trace_8rxn_stop_risksched085to09_lr1e4_entropy005_s4_c1_rnetol_d256_depth3_p20_bs200,seed051,51,467,93400,200,16,97.01675560283466,140.53498719062276,63.80002024811843,False,max_epochs,3989.845338344574
rl4crn_rne_oscillator_trace_8rxn_stop_risksched085to09_lr1e4_entropy005_s4_c1_rnetol_d256_depth3_p20_bs200,seed051,51,468,93600,200,16,94.79539434094508,139.5322408080101,63.80002024811843,False,max_epochs,3999.4036905765533
rl4crn_rne_oscillator_trace_8rxn_stop_risksched085to09_lr1e4_entropy005_s4_c1_rnetol_d256_depth3_p20_bs200,seed051,51,469,93800,200,16,87.29113208689658,140.05828345566988,63.80002024811843,False,max_epochs,4008.74426817894
rl4crn_rne_oscillator_trace_8rxn_stop_risksched085to09_lr1e4_entropy005_s4_c1_rnetol_d256_depth3_p20_bs200,seed051,51,470,94000,200,16,96.90774331962226,139.38756251335144,63.80002024811843,False,max_epochs,4017.863426208496
rl4crn_rne_oscillator_trace_8rxn_stop_risksched085to09_lr1e4_entropy005_s4_c1_rnetol_d256_depth3_p20_bs200,seed051,51,471,94200,200,16,92.7537388389181,140.8506511796548,63.80002024811843,False,max_epochs,4027.2338581085205
rl4crn_rne_oscillator_trace_8rxn_stop_risksched085to09_lr1e4_entropy005_s4_c1_rnetol_d256_depth3_p20_bs200,seed051,51,472,94400,200,16,88.10533551775792,140.17413271264206,63.80002024811843,False,max_epochs,4036.298938512802
rl4crn_rne_oscillator_trace_8rxn_stop_risksched085to09_lr1e4_entropy005_s4_c1_rnetol_d256_depth3_p20_bs200,seed051,51,473,94600,200,16,97.05245954345925,139.89861671626568,63.80002024811843,False,max_epochs,4044.3349916934967
rl4crn_rne_oscillator_trace_8rxn_stop_risksched085to09_lr1e4_entropy005_s4_c1_rnetol_d256_depth3_p20_bs200,seed051,51,474,94800,200,16,92.33406205891269,139.71175187826157,63.80002024811843,False,max_epochs,4047.571789741516
rl4crn_rne_oscillator_trace_8rxn_stop_risksched085to09_lr1e4_entropy005_s4_c1_rnetol_d256_depth3_p20_bs200,seed051,51,475,95000,200,16,93.61178621195492,139.40597411990166,63.80002024811843,False,max_epochs,4056.459529876709
rl4crn_rne_oscillator_trace_8rxn_stop_risksched085to09_lr1e4_entropy005_s4_c1_rnetol_d256_depth3_p20_bs200,seed051,51,476,95200,200,16,97.38199240230098,139.3852052475848,63.80002024811843,False,max_epochs,4065.8908619880676
rl4crn_rne_oscillator_trace_8rxn_stop_risksched085to09_lr1e4_entropy005_s4_c1_rnetol_d256_depth3_p20_bs200,seed051,51,477,95400,200,16,100.33538731505078,139.07245868444443,63.80002024811843,False,max_epochs,4074.882649421692
rl4crn_rne_oscillator_trace_8rxn_stop_risksched085to09_lr1e4_entropy005_s4_c1_rnetol_d256_depth3_p20_bs200,seed051,51,478,95600,200,16,103.29618546251396,139.46399533748627,63.80002024811843,False,max_epochs,4084.2526292800903
rl4crn_rne_oscillator_trace_8rxn_stop_risksched085to09_lr1e4_entropy005_s4_c1_rnetol_d256_depth3_p20_bs200,seed051,51,479,95800,200,16,89.97759502719961,139.31578758358955,63.80002024811843,False,max_epochs,4093.3312332630157
rl4crn_rne_oscillator_trace_8rxn_stop_risksched085to09_lr1e4_entropy005_s4_c1_rnetol_d256_depth3_p20_bs200,seed051,51,480,96000,200,16,98.48753752853344,139.6153623041422,63.80002024811843,False,max_epochs,4101.763381481171
rl4crn_rne_oscillator_trace_8rxn_stop_risksched085to09_lr1e4_entropy005_s4_c1_rnetol_d256_depth3_p20_bs200,seed051,51,481,96200,200,16,82.37941065710591,139.47161304950714,63.80002024811843,False,max_epochs,4104.901979446411
rl4crn_rne_oscillator_trace_8rxn_stop_risksched085to09_lr1e4_entropy005_s4_c1_rnetol_d256_depth3_p20_bs200,seed051,51,482,96400,200,16,97.36724329518235,139.2628063469506,63.80002024811843,False,max_epochs,4112.720566749573
rl4crn_rne_oscillator_trace_8rxn_stop_risksched085to09_lr1e4_entropy005_s4_c1_rnetol_d256_depth3_p20_bs200,seed051,51,483,96600,200,16,105.65954191607996,140.22625696659088,63.80002024811843,False,max_epochs,4122.0639617443085
rl4crn_rne_oscillator_trace_8rxn_stop_risksched085to09_lr1e4_entropy005_s4_c1_rnetol_d256_depth3_p20_bs200,seed051,51,484,96800,200,16,95.65403199659094,139.00134509801865,63.80002024811843,False,max_epochs,4131.062826633453
rl4crn_rne_oscillator_trace_8rxn_stop_risksched085to09_lr1e4_entropy005_s4_c1_rnetol_d256_depth3_p20_bs200,seed051,51,485,97000,200,16,100.0363242538241,139.51672613620758,63.80002024811843,False,max_epochs,4139.390604972839
rl4crn_rne_oscillator_trace_8rxn_stop_risksched085to09_lr1e4_entropy005_s4_c1_rnetol_d256_depth3_p20_bs200,seed051,51,486,97200,200,16,98.60568381713962,139.99011183530092,63.80002024811843,False,max_epochs,4148.508629083633
rl4crn_rne_oscillator_trace_8rxn_stop_risksched085to09_lr1e4_entropy005_s4_c1_rnetol_d256_depth3_p20_bs200,seed051,51,487,97400,200,16,98.37783207865314,140.82565115171985,63.80002024811843,False,max_epochs,4157.374454259872
rl4crn_rne_oscillator_trace_8rxn_stop_risksched085to09_lr1e4_entropy005_s4_c1_rnetol_d256_depth3_p20_bs200,seed051,51,488,97600,200,16,112.39657572616802,140.57645029671926,63.80002024811843,False,max_epochs,4160.508191585541
rl4crn_rne_oscillator_trace_8rxn_stop_risksched085to09_lr1e4_entropy005_s4_c1_rnetol_d256_depth3_p20_bs200,seed051,51,489,97800,200,16,100.53994999911394,139.61028072237968,63.80002024811843,False,max_epochs,4169.861847162247
rl4crn_rne_oscillator_trace_8rxn_stop_risksched085to09_lr1e4_entropy005_s4_c1_rnetol_d256_depth3_p20_bs200,seed051,51,490,98000,200,16,91.55177173819703,140.03514347970486,63.80002024811843,False,max_epochs,4179.085453987122
rl4crn_rne_oscillator_trace_8rxn_stop_risksched085to09_lr1e4_entropy005_s4_c1_rnetol_d256_depth3_p20_bs200,seed051,51,491,98200,200,16,91.9220194568444,139.4469119431048,63.80002024811843,False,max_epochs,4188.473760843277
rl4crn_rne_oscillator_trace_8rxn_stop_risksched085to09_lr1e4_entropy005_s4_c1_rnetol_d256_depth3_p20_bs200,seed051,51,492,98400,200,16,93.65797464766771,140.11836118251085,63.80002024811843,False,max_epochs,4197.883091926575
rl4crn_rne_oscillator_trace_8rxn_stop_risksched085to09_lr1e4_entropy005_s4_c1_rnetol_d256_depth3_p20_bs200,seed051,51,493,98600,200,16,106.83052239154814,140.304489672184,63.80002024811843,False,max_epochs,4206.689064979553
rl4crn_rne_oscillator_trace_8rxn_stop_risksched085to09_lr1e4_entropy005_s4_c1_rnetol_d256_depth3_p20_bs200,seed051,51,494,98800,200,16,94.01439500246175,140.20135617256165,63.80002024811843,False,max_epochs,4215.661508321762
rl4crn_rne_oscillator_trace_8rxn_stop_risksched085to09_lr1e4_entropy005_s4_c1_rnetol_d256_depth3_p20_bs200,seed051,51,495,99000,200,16,94.63464055080934,139.61885187029839,63.80002024811843,False,max_epochs,4224.839452266693
rl4crn_rne_oscillator_trace_8rxn_stop_risksched085to09_lr1e4_entropy005_s4_c1_rnetol_d256_depth3_p20_bs200,seed051,51,496,99200,200,16,110.71917966038876,140.09378044304532,63.80002024811843,False,max_epochs,4233.068749666214
rl4crn_rne_oscillator_trace_8rxn_stop_risksched085to09_lr1e4_entropy005_s4_c1_rnetol_d256_depth3_p20_bs200,seed051,51,497,99400,200,16,99.79047011423874,140.23786125972123,63.80002024811843,False,max_epochs,4237.771737337112
rl4crn_rne_oscillator_trace_8rxn_stop_risksched085to09_lr1e4_entropy005_s4_c1_rnetol_d256_depth3_p20_bs200,seed051,51,498,99600,200,16,87.27183944558456,140.03192859888077,63.80002024811843,False,max_epochs,4245.33002114296
rl4crn_rne_oscillator_trace_8rxn_stop_risksched085to09_lr1e4_entropy005_s4_c1_rnetol_d256_depth3_p20_bs200,seed051,51,499,99800,200,16,98.89500145542675,139.27250882983208,63.80002024811843,False,max_epochs,4254.681476593018
rl4crn_rne_oscillator_trace_8rxn_stop_risksched085to09_lr1e4_entropy005_s4_c1_rnetol_d256_depth3_p20_bs200,seed051,51,500,100000,200,16,91.40643460527819,139.88401213288307,63.80002024811843,False,max_epochs,4263.568868160248
rl4crn_rne_oscillator_trace_8rxn_stop_risksched085to09_lr1e4_entropy005_s4_c1_rnetol_d256_depth3_p20_bs200,seed051,51,501,100200,200,16,98.97714173645076,140.6085582971573,63.80002024811843,False,max_epochs,4272.6263954639435
rl4crn_rne_oscillator_trace_8rxn_stop_risksched085to09_lr1e4_entropy005_s4_c1_rnetol_d256_depth3_p20_bs200,seed051,51,502,100400,200,16,103.19087443984678,139.84841671830628,63.80002024811843,False,max_epochs,4282.164350986481
rl4crn_rne_oscillator_trace_8rxn_stop_risksched085to09_lr1e4_entropy005_s4_c1_rnetol_d256_depth3_p20_bs200,seed051,51,503,100600,200,16,104.1066696678356,139.92277608811855,63.80002024811843,False,max_epochs,4291.360014677048
rl4crn_rne_oscillator_trace_8rxn_stop_risksched085to09_lr1e4_entropy005_s4_c1_rnetol_d256_depth3_p20_bs200,seed051,51,504,100800,200,16,108.48683842006969,140.35767698287964,63.80002024811843,False,max_epochs,4299.565548658371
rl4crn_rne_oscillator_trace_8rxn_stop_risksched085to09_lr1e4_entropy005_s4_c1_rnetol_d256_depth3_p20_bs200,seed051,51,505,101000,200,16,48.27368947827913,139.96815699338913,48.27368947827913,False,max_epochs,4304.106385707855
rl4crn_rne_oscillator_trace_8rxn_stop_risksched085to09_lr1e4_entropy005_s4_c1_rnetol_d256_depth3_p20_bs200,seed051,51,506,101200,200,16,95.71233842968157,139.76216772198677,48.27368947827913,False,max_epochs,4311.538904905319
rl4crn_rne_oscillator_trace_8rxn_stop_risksched085to09_lr1e4_entropy005_s4_c1_rnetol_d256_depth3_p20_bs200,seed051,51,507,101400,200,16,93.70713670608177,139.70394670963287,48.27368947827913,False,max_epochs,4321.218478441238
rl4crn_rne_oscillator_trace_8rxn_stop_risksched085to09_lr1e4_entropy005_s4_c1_rnetol_d256_depth3_p20_bs200,seed051,51,508,101600,200,16,85.62223167633394,140.23734751343727,48.27368947827913,False,max_epochs,4329.967148780823
rl4crn_rne_oscillator_trace_8rxn_stop_risksched085to09_lr1e4_entropy005_s4_c1_rnetol_d256_depth3_p20_bs200,seed051,51,509,101800,200,16,93.78845336579622,140.79099641475415,48.27368947827913,False,max_epochs,4339.327455282211
rl4crn_rne_oscillator_trace_8rxn_stop_risksched085to09_lr1e4_entropy005_s4_c1_rnetol_d256_depth3_p20_bs200,seed051,51,510,102000,200,16,84.83776064997124,139.51781219244003,48.27368947827913,False,max_epochs,4348.677560329437
rl4crn_rne_oscillator_trace_8rxn_stop_risksched085to09_lr1e4_entropy005_s4_c1_rnetol_d256_depth3_p20_bs200,seed051,51,511,102200,200,16,92.98343313663455,139.33879749600368,48.27368947827913,False,max_epochs,4357.518721103668
rl4crn_rne_oscillator_trace_8rxn_stop_risksched085to09_lr1e4_entropy005_s4_c1_rnetol_d256_depth3_p20_bs200,seed051,51,512,102400,200,16,100.80894644723458,138.91187179088593,48.27368947827913,False,max_epochs,4366.647223949432
rl4crn_rne_oscillator_trace_8rxn_stop_risksched085to09_lr1e4_entropy005_s4_c1_rnetol_d256_depth3_p20_bs200,seed051,51,513,102600,200,16,101.79573741496557,138.9687439352274,48.27368947827913,False,max_epochs,4373.694358110428
rl4crn_rne_oscillator_trace_8rxn_stop_risksched085to09_lr1e4_entropy005_s4_c1_rnetol_d256_depth3_p20_bs200,seed051,51,514,102800,200,16,111.56873340061375,140.45566389016273,48.27368947827913,False,max_epochs,4378.377862453461
rl4crn_rne_oscillator_trace_8rxn_stop_risksched085to09_lr1e4_entropy005_s4_c1_rnetol_d256_depth3_p20_bs200,seed051,51,515,103000,200,16,99.08115016106476,141.58351027965546,48.27368947827913,False,max_epochs,4387.6066036224365
rl4crn_rne_oscillator_trace_8rxn_stop_risksched085to09_lr1e4_entropy005_s4_c1_rnetol_d256_depth3_p20_bs200,seed051,51,516,103200,200,16,100.96001276995942,139.45316764712334,48.27368947827913,False,max_epochs,4397.132998466492
rl4crn_rne_oscillator_trace_8rxn_stop_risksched085to09_lr1e4_entropy005_s4_c1_rnetol_d256_depth3_p20_bs200,seed051,51,517,103400,200,16,109.21887660541647,139.21298795938492,48.27368947827913,False,max_epochs,4406.23247051239
rl4crn_rne_oscillator_trace_8rxn_stop_risksched085to09_lr1e4_entropy005_s4_c1_rnetol_d256_depth3_p20_bs200,seed051,51,518,103600,200,16,96.6573828238321,139.02331459768973,48.27368947827913,False,max_epochs,4415.409101963043
rl4crn_rne_oscillator_trace_8rxn_stop_risksched085to09_lr1e4_entropy005_s4_c1_rnetol_d256_depth3_p20_bs200,seed051,51,519,103800,200,16,99.61760266588348,140.2668371796608,48.27368947827913,False,max_epochs,4424.003312587738
rl4crn_rne_oscillator_trace_8rxn_stop_risksched085to09_lr1e4_entropy005_s4_c1_rnetol_d256_depth3_p20_bs200,seed051,51,520,104000,200,16,86.43161940591716,140.2016274034977,48.27368947827913,False,max_epochs,4432.897262811661
rl4crn_rne_oscillator_trace_8rxn_stop_risksched085to09_lr1e4_entropy005_s4_c1_rnetol_d256_depth3_p20_bs200,seed051,51,521,104200,200,16,79.32492570938004,139.79668080806732,48.27368947827913,False,max_epochs,4438.406589508057
rl4crn_rne_oscillator_trace_8rxn_stop_risksched085to09_lr1e4_entropy005_s4_c1_rnetol_d256_depth3_p20_bs200,seed051,51,522,104400,200,16,96.69664322493948,139.65430618791504,48.27368947827913,False,max_epochs,4445.039537906647
rl4crn_rne_oscillator_trace_8rxn_stop_risksched085to09_lr1e4_entropy005_s4_c1_rnetol_d256_depth3_p20_bs200,seed051,51,523,104600,200,16,97.61910053983136,138.76842162013054,48.27368947827913,False,max_epochs,4453.848038434982
rl4crn_rne_oscillator_trace_8rxn_stop_risksched085to09_lr1e4_entropy005_s4_c1_rnetol_d256_depth3_p20_bs200,seed051,51,524,104800,200,16,83.95741476246728,138.65750759840012,48.27368947827913,False,max_epochs,4463.3312084674835
rl4crn_rne_oscillator_trace_8rxn_stop_risksched085to09_lr1e4_entropy005_s4_c1_rnetol_d256_depth3_p20_bs200,seed051,51,525,105000,200,16,112.73966173284624,139.16075096734852,48.27368947827913,False,max_epochs,4472.733457803726
rl4crn_rne_oscillator_trace_8rxn_stop_risksched085to09_lr1e4_entropy005_s4_c1_rnetol_d256_depth3_p20_bs200,seed051,51,526,105200,200,16,63.68535960524397,138.71417681872845,48.27368947827913,False,max_epochs,4481.7092826366425
rl4crn_rne_oscillator_trace_8rxn_stop_risksched085to09_lr1e4_entropy005_s4_c1_rnetol_d256_depth3_p20_bs200,seed051,51,527,105400,200,16,99.54335808012469,138.70167364180088,48.27368947827913,False,max_epochs,4490.740126371384
rl4crn_rne_oscillator_trace_8rxn_stop_risksched085to09_lr1e4_entropy005_s4_c1_rnetol_d256_depth3_p20_bs200,seed051,51,528,105600,200,16,89.82533397333962,138.44019377231598,48.27368947827913,False,max_epochs,4499.861897945404
rl4crn_rne_oscillator_trace_8rxn_stop_risksched085to09_lr1e4_entropy005_s4_c1_rnetol_d256_depth3_p20_bs200,seed051,51,529,105800,200,16,92.85117914135172,138.20426906188527,48.27368947827913,False,max_epochs,4505.522237062454
rl4crn_rne_oscillator_trace_8rxn_stop_risksched085to09_lr1e4_entropy005_s4_c1_rnetol_d256_depth3_p20_bs200,seed051,51,530,106000,200,16,98.47710785517987,137.81192873433935,48.27368947827913,False,max_epochs,4511.687547206879
rl4crn_rne_oscillator_trace_8rxn_stop_risksched085to09_lr1e4_entropy005_s4_c1_rnetol_d256_depth3_p20_bs200,seed051,51,531,106200,200,16,93.81743060262706,138.2310069100235,48.27368947827913,False,max_epochs,4520.647075176239
rl4crn_rne_oscillator_trace_8rxn_stop_risksched085to09_lr1e4_entropy005_s4_c1_rnetol_d256_depth3_p20_bs200,seed051,51,532,106400,200,16,106.53193783871835,138.52632182603526,48.27368947827913,False,max_epochs,4530.160530328751
rl4crn_rne_oscillator_trace_8rxn_stop_risksched085to09_lr1e4_entropy005_s4_c1_rnetol_d256_depth3_p20_bs200,seed051,51,533,106600,200,16,97.53520642805987,136.2054289922047,48.27368947827913,False,max_epochs,4539.389314413071
rl4crn_rne_oscillator_trace_8rxn_stop_risksched085to09_lr1e4_entropy005_s4_c1_rnetol_d256_depth3_p20_bs200,seed051,51,534,106800,200,16,50.7831992495202,136.40182432347154,48.27368947827913,False,max_epochs,4548.035758256912
rl4crn_rne_oscillator_trace_8rxn_stop_risksched085to09_lr1e4_entropy005_s4_c1_rnetol_d256_depth3_p20_bs200,seed051,51,535,107000,200,16,107.97255534328106,136.4112311576335,48.27368947827913,False,max_epochs,4557.262154340744
rl4crn_rne_oscillator_trace_8rxn_stop_risksched085to09_lr1e4_entropy005_s4_c1_rnetol_d256_depth3_p20_bs200,seed051,51,536,107200,200,16,60.020684745340375,131.45066529115087,48.27368947827913,False,max_epochs,4566.030175924301
rl4crn_rne_oscillator_trace_8rxn_stop_risksched085to09_lr1e4_entropy005_s4_c1_rnetol_d256_depth3_p20_bs200,seed051,51,537,107400,200,16,107.72224406531271,132.34244043662179,48.27368947827913,False,max_epochs,4569.341539621353
rl4crn_rne_oscillator_trace_8rxn_stop_risksched085to09_lr1e4_entropy005_s4_c1_rnetol_d256_depth3_p20_bs200,seed051,51,538,107600,200,16,112.62819697931536,132.5525863209114,48.27368947827913,False,max_epochs,4577.592245578766
rl4crn_rne_oscillator_trace_8rxn_stop_risksched085to09_lr1e4_entropy005_s4_c1_rnetol_d256_depth3_p20_bs200,seed051,51,539,107800,200,16,89.60700588898075,130.30572881393124,48.27368947827913,False,max_epochs,4587.266058206558
rl4crn_rne_oscillator_trace_8rxn_stop_risksched085to09_lr1e4_entropy005_s4_c1_rnetol_d256_depth3_p20_bs200,seed051,51,540,108000,200,16,84.95819377869678,131.86599750683718,48.27368947827913,False,max_epochs,4596.765825271606
rl4crn_rne_oscillator_trace_8rxn_stop_risksched085to09_lr1e4_entropy005_s4_c1_rnetol_d256_depth3_p20_bs200,seed051,51,541,108200,200,16,59.53105451439395,128.59329348682797,48.27368947827913,False,max_epochs,4606.054344177246
rl4crn_rne_oscillator_trace_8rxn_stop_risksched085to09_lr1e4_entropy005_s4_c1_rnetol_d256_depth3_p20_bs200,seed051,51,542,108400,200,16,92.929421604694,130.0359845727014,48.27368947827913,False,max_epochs,4615.020219564438
rl4crn_rne_oscillator_trace_8rxn_stop_risksched085to09_lr1e4_entropy005_s4_c1_rnetol_d256_depth3_p20_bs200,seed051,51,543,108600,200,16,77.94183974924377,126.75578645853605,48.27368947827913,False,max_epochs,4624.27023100853
rl4crn_rne_oscillator_trace_8rxn_stop_risksched085to09_lr1e4_entropy005_s4_c1_rnetol_d256_depth3_p20_bs200,seed051,51,544,108800,200,16,89.98758030279595,132.08852016002993,48.27368947827913,False,max_epochs,4633.066934108734
rl4crn_rne_oscillator_trace_8rxn_stop_risksched085to09_lr1e4_entropy005_s4_c1_rnetol_d256_depth3_p20_bs200,seed051,51,545,109000,200,16,106.96450228176185,133.10162379155773,48.27368947827913,False,max_epochs,4636.001181602478
rl4crn_rne_oscillator_trace_8rxn_stop_risksched085to09_lr1e4_entropy005_s4_c1_rnetol_d256_depth3_p20_bs200,seed051,51,546,109200,200,16,108.61118723260189,132.52998495441113,48.27368947827913,False,max_epochs,4645.09809756279
rl4crn_rne_oscillator_trace_8rxn_stop_risksched085to09_lr1e4_entropy005_s4_c1_rnetol_d256_depth3_p20_bs200,seed051,51,547,109400,200,16,95.58843609664075,132.53594460277802,48.27368947827913,False,max_epochs,4654.454350471497
rl4crn_rne_oscillator_trace_8rxn_stop_risksched085to09_lr1e4_entropy005_s4_c1_rnetol_d256_depth3_p20_bs200,seed051,51,548,109600,200,16,80.95296582659455,133.37769829625216,48.27368947827913,False,max_epochs,4664.070183992386
rl4crn_rne_oscillator_trace_8rxn_stop_risksched085to09_lr1e4_entropy005_s4_c1_rnetol_d256_depth3_p20_bs200,seed051,51,549,109800,200,16,91.62343026480576,133.43773671162032,48.27368947827913,False,max_epochs,4672.569949150085
rl4crn_rne_oscillator_trace_8rxn_stop_risksched085to09_lr1e4_entropy005_s4_c1_rnetol_d256_depth3_p20_bs200,seed051,51,550,110000,200,16,89.88817812280915,134.40347684318402,48.27368947827913,False,max_epochs,4682.157304048538
rl4crn_rne_oscillator_trace_8rxn_stop_risksched085to09_lr1e4_entropy005_s4_c1_rnetol_d256_depth3_p20_bs200,seed051,51,551,110200,200,16,101.42388105867612,134.07190950766113,48.27368947827913,False,max_epochs,4691.382508516312
rl4crn_rne_oscillator_trace_8rxn_stop_risksched085to09_lr1e4_entropy005_s4_c1_rnetol_d256_depth3_p20_bs200,seed051,51,552,110400,200,16,80.53681845983394,136.0518928063945,48.27368947827913,False,max_epochs,4699.867165565491
rl4crn_rne_oscillator_trace_8rxn_stop_risksched085to09_lr1e4_entropy005_s4_c1_rnetol_d256_depth3_p20_bs200,seed051,51,553,110600,200,16,75.19274323476267,136.128328473286,48.27368947827913,False,max_epochs,4703.201407194138
rl4crn_rne_oscillator_trace_8rxn_stop_risksched085to09_lr1e4_entropy005_s4_c1_rnetol_d256_depth3_p20_bs200,seed051,51,554,110800,200,16,68.97501013768245,134.17436617738122,48.27368947827913,False,max_epochs,4711.645889997482
rl4crn_rne_oscillator_trace_8rxn_stop_risksched085to09_lr1e4_entropy005_s4_c1_rnetol_d256_depth3_p20_bs200,seed051,51,555,111000,200,16,35.81265639305145,132.09631141047896,35.81265639305145,False,max_epochs,4721.227207899094
rl4crn_rne_oscillator_trace_8rxn_stop_risksched085to09_lr1e4_entropy005_s4_c1_rnetol_d256_depth3_p20_bs200,seed051,51,556,111200,200,16,65.13176079453194,135.6018485956186,35.81265639305145,False,max_epochs,4730.444956302643
rl4crn_rne_oscillator_trace_8rxn_stop_risksched085to09_lr1e4_entropy005_s4_c1_rnetol_d256_depth3_p20_bs200,seed051,51,557,111400,200,16,95.75442042319816,135.72316583304652,35.81265639305145,False,max_epochs,4739.746790885925
rl4crn_rne_oscillator_trace_8rxn_stop_risksched085to09_lr1e4_entropy005_s4_c1_rnetol_d256_depth3_p20_bs200,seed051,51,558,111600,200,16,81.53476762301668,130.625070890222,35.81265639305145,False,max_epochs,4748.995497465134
rl4crn_rne_oscillator_trace_8rxn_stop_risksched085to09_lr1e4_entropy005_s4_c1_rnetol_d256_depth3_p20_bs200,seed051,51,559,111800,200,16,76.01774290514552,132.25679215835785,35.81265639305145,False,max_epochs,4757.966774225235
rl4crn_rne_oscillator_trace_8rxn_stop_risksched085to09_lr1e4_entropy005_s4_c1_rnetol_d256_depth3_p20_bs200,seed051,51,560,112000,200,16,54.29944389944504,130.95219264567245,35.81265639305145,False,max_epochs,4766.429749488831
rl4crn_rne_oscillator_trace_8rxn_stop_risksched085to09_lr1e4_entropy005_s4_c1_rnetol_d256_depth3_p20_bs200,seed051,51,561,112200,200,16,101.30220965229825,132.29426629167335,35.81265639305145,False,max_epochs,4773.1880486011505
rl4crn_rne_oscillator_trace_8rxn_stop_risksched085to09_lr1e4_entropy005_s4_c1_rnetol_d256_depth3_p20_bs200,seed051,51,562,112400,200,16,33.96334903626689,126.76942235040065,33.96334903626689,False,max_epochs,4778.449773788452
rl4crn_rne_oscillator_trace_8rxn_stop_risksched085to09_lr1e4_entropy005_s4_c1_rnetol_d256_depth3_p20_bs200,seed051,51,563,112600,200,16,108.00209029724878,129.13208528270263,33.96334903626689,False,max_epochs,4787.836138725281
rl4crn_rne_oscillator_trace_8rxn_stop_risksched085to09_lr1e4_entropy005_s4_c1_rnetol_d256_depth3_p20_bs200,seed051,51,564,112800,200,16,66.58319747179833,129.03680174092347,33.96334903626689,False,max_epochs,4796.774565935135
rl4crn_rne_oscillator_trace_8rxn_stop_risksched085to09_lr1e4_entropy005_s4_c1_rnetol_d256_depth3_p20_bs200,seed051,51,565,113000,200,16,44.524582015079034,130.51212444464107,33.96334903626689,False,max_epochs,4805.745139837265
rl4crn_rne_oscillator_trace_8rxn_stop_risksched085to09_lr1e4_entropy005_s4_c1_rnetol_d256_depth3_p20_bs200,seed051,51,566,113200,200,16,70.02344831294123,128.25246306661262,33.96334903626689,False,max_epochs,4815.089918613434
rl4crn_rne_oscillator_trace_8rxn_stop_risksched085to09_lr1e4_entropy005_s4_c1_rnetol_d256_depth3_p20_bs200,seed051,51,567,113400,200,16,108.89606693284843,132.21772535788875,33.96334903626689,False,max_epochs,4823.987290143967
rl4crn_rne_oscillator_trace_8rxn_stop_risksched085to09_lr1e4_entropy005_s4_c1_rnetol_d256_depth3_p20_bs200,seed051,51,568,113600,200,16,94.25566467279364,132.53590254228038,33.96334903626689,False,max_epochs,4833.131925821304
rl4crn_rne_oscillator_trace_8rxn_stop_risksched085to09_lr1e4_entropy005_s4_c1_rnetol_d256_depth3_p20_bs200,seed051,51,569,113800,200,16,106.24310479357781,131.0998245407729,33.96334903626689,False,max_epochs,4842.030180692673
rl4crn_rne_oscillator_trace_8rxn_stop_risksched085to09_lr1e4_entropy005_s4_c1_rnetol_d256_depth3_p20_bs200,seed051,51,570,114000,200,16,45.028625198938315,133.94781764164014,33.96334903626689,False,max_epochs,4845.719965457916
rl4crn_rne_oscillator_trace_8rxn_stop_risksched085to09_lr1e4_entropy005_s4_c1_rnetol_d256_depth3_p20_bs200,seed051,51,571,114200,200,16,78.41752525010853,131.70297580242436,33.96334903626689,False,max_epochs,4853.720098018646
rl4crn_rne_oscillator_trace_8rxn_stop_risksched085to09_lr1e4_entropy005_s4_c1_rnetol_d256_depth3_p20_bs200,seed051,51,572,114400,200,16,105.54745475468275,131.43372086596645,33.96334903626689,False,max_epochs,4862.761374473572
rl4crn_rne_oscillator_trace_8rxn_stop_risksched085to09_lr1e4_entropy005_s4_c1_rnetol_d256_depth3_p20_bs200,seed051,51,573,114600,200,16,61.25270474747159,136.2014415009007,33.96334903626689,False,max_epochs,4871.865166187286
rl4crn_rne_oscillator_trace_8rxn_stop_risksched085to09_lr1e4_entropy005_s4_c1_rnetol_d256_depth3_p20_bs200,seed051,51,574,114800,200,16,98.35304146518506,135.4011268927053,33.96334903626689,False,max_epochs,4881.879702091217
rl4crn_rne_oscillator_trace_8rxn_stop_risksched085to09_lr1e4_entropy005_s4_c1_rnetol_d256_depth3_p20_bs200,seed051,51,575,115000,200,16,103.00213865379725,133.95985698566273,33.96334903626689,False,max_epochs,4890.677888870239
rl4crn_rne_oscillator_trace_8rxn_stop_risksched085to09_lr1e4_entropy005_s4_c1_rnetol_d256_depth3_p20_bs200,seed051,51,576,115200,200,16,70.2320856454051,135.56245991430785,33.96334903626689,False,max_epochs,4900.344871044159
rl4crn_rne_oscillator_trace_8rxn_stop_risksched085to09_lr1e4_entropy005_s4_c1_rnetol_d256_depth3_p20_bs200,seed051,51,577,115400,200,16,92.43631814215289,133.85039869986144,33.96334903626689,False,max_epochs,4909.237373828888
rl4crn_rne_oscillator_trace_8rxn_stop_risksched085to09_lr1e4_entropy005_s4_c1_rnetol_d256_depth3_p20_bs200,seed051,51,578,115600,200,16,95.68402101989648,134.58838620973802,33.96334903626689,False,max_epochs,4918.022394418716
rl4crn_rne_oscillator_trace_8rxn_stop_risksched085to09_lr1e4_entropy005_s4_c1_rnetol_d256_depth3_p20_bs200,seed051,51,579,115800,200,16,67.60230033124621,135.85044078368273,33.96334903626689,False,max_epochs,4927.320321321487
rl4crn_rne_oscillator_trace_8rxn_stop_risksched085to09_lr1e4_entropy005_s4_c1_rnetol_d256_depth3_p20_bs200,seed051,51,580,116000,200,16,92.06286127881224,131.54588566848795,33.96334903626689,False,max_epochs,4935.852996349335
rl4crn_rne_oscillator_trace_8rxn_stop_risksched085to09_lr1e4_entropy005_s4_c1_rnetol_d256_depth3_p20_bs200,seed051,51,581,116200,200,16,100.78618477503905,133.4876604927432,33.96334903626689,False,max_epochs,4940.076436281204
rl4crn_rne_oscillator_trace_8rxn_stop_risksched085to09_lr1e4_entropy005_s4_c1_rnetol_d256_depth3_p20_bs200,seed051,51,582,116400,200,16,37.64268366137554,138.56625890731812,33.96334903626689,False,max_epochs,4947.6177434921265
rl4crn_rne_oscillator_trace_8rxn_stop_risksched085to09_lr1e4_entropy005_s4_c1_rnetol_d256_depth3_p20_bs200,seed051,51,583,116600,200,16,86.46086932598321,136.48833553460332,33.96334903626689,False,max_epochs,4956.292999505997
rl4crn_rne_oscillator_trace_8rxn_stop_risksched085to09_lr1e4_entropy005_s4_c1_rnetol_d256_depth3_p20_bs200,seed051,51,584,116800,200,16,102.07413545250981,137.3896789430176,33.96334903626689,False,max_epochs,4965.120718717575
rl4crn_rne_oscillator_trace_8rxn_stop_risksched085to09_lr1e4_entropy005_s4_c1_rnetol_d256_depth3_p20_bs200,seed051,51,585,117000,200,16,97.21768262642621,138.06000632047653,33.96334903626689,False,max_epochs,4974.10276222229
rl4crn_rne_oscillator_trace_8rxn_stop_risksched085to09_lr1e4_entropy005_s4_c1_rnetol_d256_depth3_p20_bs200,seed051,51,586,117200,200,16,97.03198872196519,136.74204493182796,33.96334903626689,False,max_epochs,4982.626396656036
rl4crn_rne_oscillator_trace_8rxn_stop_risksched085to09_lr1e4_entropy005_s4_c1_rnetol_d256_depth3_p20_bs200,seed051,51,587,117400,200,16,81.57754478653305,135.32494715932344,33.96334903626689,False,max_epochs,4991.39048576355
rl4crn_rne_oscillator_trace_8rxn_stop_risksched085to09_lr1e4_entropy005_s4_c1_rnetol_d256_depth3_p20_bs200,seed051,51,588,117600,200,16,89.23641431069774,136.3335989325089,33.96334903626689,False,max_epochs,4994.879017591476
rl4crn_rne_oscillator_trace_8rxn_stop_risksched085to09_lr1e4_entropy005_s4_c1_rnetol_d256_depth3_p20_bs200,seed051,51,589,117800,200,16,61.25018870565568,137.2445266417206,33.96334903626689,False,max_epochs,5003.875474452972
rl4crn_rne_oscillator_trace_8rxn_stop_risksched085to09_lr1e4_entropy005_s4_c1_rnetol_d256_depth3_p20_bs200,seed051,51,590,118000,200,16,76.78238349226355,134.31176303965304,33.96334903626689,False,max_epochs,5012.493995189667
rl4crn_rne_oscillator_trace_8rxn_stop_risksched085to09_lr1e4_entropy005_s4_c1_rnetol_d256_depth3_p20_bs200,seed051,51,591,118200,200,16,91.0038440455711,134.72313914206768,33.96334903626689,False,max_epochs,5022.195917844772
rl4crn_rne_oscillator_trace_8rxn_stop_risksched085to09_lr1e4_entropy005_s4_c1_rnetol_d256_depth3_p20_bs200,seed051,51,592,118400,200,16,85.68480001640384,134.39023259574208,33.96334903626689,False,max_epochs,5031.699512720108
rl4crn_rne_oscillator_trace_8rxn_stop_risksched085to09_lr1e4_entropy005_s4_c1_rnetol_d256_depth3_p20_bs200,seed051,51,593,118600,200,16,91.83410308862906,131.46874194581198,33.96334903626689,False,max_epochs,5040.8131403923035
rl4crn_rne_oscillator_trace_8rxn_stop_risksched085to09_lr1e4_entropy005_s4_c1_rnetol_d256_depth3_p20_bs200,seed051,51,594,118800,200,16,80.01206171219448,133.07027792577117,33.96334903626689,False,max_epochs,5049.683789730072
rl4crn_rne_oscillator_trace_8rxn_stop_risksched085to09_lr1e4_entropy005_s4_c1_rnetol_d256_depth3_p20_bs200,seed051,51,595,119000,200,16,70.14059747242146,133.16639532775764,33.96334903626689,False,max_epochs,5058.967204093933
rl4crn_rne_oscillator_trace_8rxn_stop_risksched085to09_lr1e4_entropy005_s4_c1_rnetol_d256_depth3_p20_bs200,seed051,51,596,119200,200,16,105.89628737796377,133.3276318042664,33.96334903626689,False,max_epochs,5067.600939273834
rl4crn_rne_oscillator_trace_8rxn_stop_risksched085to09_lr1e4_entropy005_s4_c1_rnetol_d256_depth3_p20_bs200,seed051,51,597,119400,200,16,102.46034782581681,131.65328252922458,33.96334903626689,False,max_epochs,5073.568181276321
rl4crn_rne_oscillator_trace_8rxn_stop_risksched085to09_lr1e4_entropy005_s4_c1_rnetol_d256_depth3_p20_bs200,seed051,51,598,119600,200,16,8.262818401126555,132.4126029573347,8.262818401126555,True,success,5079.359998703003
