method,run_id,seed,epoch,candidate_evaluations,batch_size,n_cpus,epoch_best_loss,epoch_median_loss,saved_best_loss,success,stop_reason,elapsed_seconds
rl4crn_rne_oscillator_trace_8rxn_stop_risksched085to09_lr1e4_entropy005_s4_c1_rnetol_d256_depth3_p20,seed064,64,1,100,100,16,124.38188528810798,130.41239180187915,124.38188528810798,False,max_epochs,6.979728937149048
rl4crn_rne_oscillator_trace_8rxn_stop_risksched085to09_lr1e4_entropy005_s4_c1_rnetol_d256_depth3_p20,seed064,64,2,200,100,16,124.7977823696139,131.1649753498785,124.38188528810798,False,max_epochs,9.74169921875
rl4crn_rne_oscillator_trace_8rxn_stop_risksched085to09_lr1e4_entropy005_s4_c1_rnetol_d256_depth3_p20,seed064,64,3,300,100,16,124.29786630455972,131.25830775084924,124.29786630455972,False,max_epochs,14.219130992889404
rl4crn_rne_oscillator_trace_8rxn_stop_risksched085to09_lr1e4_entropy005_s4_c1_rnetol_d256_depth3_p20,seed064,64,4,400,100,16,124.23265798007318,131.816231832793,124.23265798007318,False,max_epochs,18.969966650009155
rl4crn_rne_oscillator_trace_8rxn_stop_risksched085to09_lr1e4_entropy005_s4_c1_rnetol_d256_depth3_p20,seed064,64,5,500,100,16,124.08329361814025,132.6569329501225,124.08329361814025,False,max_epochs,23.338014364242554
rl4crn_rne_oscillator_trace_8rxn_stop_risksched085to09_lr1e4_entropy005_s4_c1_rnetol_d256_depth3_p20,seed064,64,6,600,100,16,123.39049166835225,131.69330271141865,123.39049166835225,False,max_epochs,27.625765085220337
rl4crn_rne_oscillator_trace_8rxn_stop_risksched085to09_lr1e4_entropy005_s4_c1_rnetol_d256_depth3_p20,seed064,64,7,700,100,16,123.25547263486519,131.9648741604383,123.25547263486519,False,max_epochs,30.04481029510498
rl4crn_rne_oscillator_trace_8rxn_stop_risksched085to09_lr1e4_entropy005_s4_c1_rnetol_d256_depth3_p20,seed064,64,8,800,100,16,122.90343330620675,131.66553530511436,122.90343330620675,False,max_epochs,33.950942277908325
rl4crn_rne_oscillator_trace_8rxn_stop_risksched085to09_lr1e4_entropy005_s4_c1_rnetol_d256_depth3_p20,seed064,64,9,900,100,16,124.84775368970855,131.56123018556414,122.90343330620675,False,max_epochs,38.65207099914551
rl4crn_rne_oscillator_trace_8rxn_stop_risksched085to09_lr1e4_entropy005_s4_c1_rnetol_d256_depth3_p20,seed064,64,10,1000,100,16,125.0,133.7763816229284,122.90343330620675,False,max_epochs,43.57576775550842
rl4crn_rne_oscillator_trace_8rxn_stop_risksched085to09_lr1e4_entropy005_s4_c1_rnetol_d256_depth3_p20,seed064,64,11,1100,100,16,123.92335048648764,131.40287820502985,122.90343330620675,False,max_epochs,48.41880989074707
rl4crn_rne_oscillator_trace_8rxn_stop_risksched085to09_lr1e4_entropy005_s4_c1_rnetol_d256_depth3_p20,seed064,64,12,1200,100,16,124.74644205704321,131.7351713345397,122.90343330620675,False,max_epochs,53.06274127960205
rl4crn_rne_oscillator_trace_8rxn_stop_risksched085to09_lr1e4_entropy005_s4_c1_rnetol_d256_depth3_p20,seed064,64,13,1300,100,16,123.79067533681712,133.91086040320158,122.90343330620675,False,max_epochs,57.671111822128296
rl4crn_rne_oscillator_trace_8rxn_stop_risksched085to09_lr1e4_entropy005_s4_c1_rnetol_d256_depth3_p20,seed064,64,14,1400,100,16,124.59761330153094,132.34273410501828,122.90343330620675,False,max_epochs,61.905596017837524
rl4crn_rne_oscillator_trace_8rxn_stop_risksched085to09_lr1e4_entropy005_s4_c1_rnetol_d256_depth3_p20,seed064,64,15,1500,100,16,124.31365850349563,131.0873411663397,122.90343330620675,False,max_epochs,64.19233441352844
rl4crn_rne_oscillator_trace_8rxn_stop_risksched085to09_lr1e4_entropy005_s4_c1_rnetol_d256_depth3_p20,seed064,64,16,1600,100,16,123.01956332498091,131.13306830180426,122.90343330620675,False,max_epochs,68.74847555160522
rl4crn_rne_oscillator_trace_8rxn_stop_risksched085to09_lr1e4_entropy005_s4_c1_rnetol_d256_depth3_p20,seed064,64,17,1700,100,16,123.81045127019911,133.34735803369045,122.90343330620675,False,max_epochs,73.89324283599854
rl4crn_rne_oscillator_trace_8rxn_stop_risksched085to09_lr1e4_entropy005_s4_c1_rnetol_d256_depth3_p20,seed064,64,18,1800,100,16,123.2017048820695,134.3491012164219,122.90343330620675,False,max_epochs,79.03208923339844
rl4crn_rne_oscillator_trace_8rxn_stop_risksched085to09_lr1e4_entropy005_s4_c1_rnetol_d256_depth3_p20,seed064,64,19,1900,100,16,123.82283085091309,131.4995611971752,122.90343330620675,False,max_epochs,83.45583915710449
rl4crn_rne_oscillator_trace_8rxn_stop_risksched085to09_lr1e4_entropy005_s4_c1_rnetol_d256_depth3_p20,seed064,64,20,2000,100,16,124.61642887219303,132.27076030630562,122.90343330620675,False,max_epochs,88.07294535636902
rl4crn_rne_oscillator_trace_8rxn_stop_risksched085to09_lr1e4_entropy005_s4_c1_rnetol_d256_depth3_p20,seed064,64,21,2100,100,16,124.05315913478832,131.90926708295237,122.90343330620675,False,max_epochs,90.0682144165039
rl4crn_rne_oscillator_trace_8rxn_stop_risksched085to09_lr1e4_entropy005_s4_c1_rnetol_d256_depth3_p20,seed064,64,22,2200,100,16,123.86729918928516,130.91012192266962,122.90343330620675,False,max_epochs,95.04411625862122
rl4crn_rne_oscillator_trace_8rxn_stop_risksched085to09_lr1e4_entropy005_s4_c1_rnetol_d256_depth3_p20,seed064,64,23,2300,100,16,122.93518282260226,129.64465765694786,122.90343330620675,False,max_epochs,99.85340642929077
rl4crn_rne_oscillator_trace_8rxn_stop_risksched085to09_lr1e4_entropy005_s4_c1_rnetol_d256_depth3_p20,seed064,64,24,2400,100,16,122.38053395305059,129.557282043609,122.38053395305059,False,max_epochs,105.07331657409668
rl4crn_rne_oscillator_trace_8rxn_stop_risksched085to09_lr1e4_entropy005_s4_c1_rnetol_d256_depth3_p20,seed064,64,25,2500,100,16,121.99572682332013,127.95005807936843,121.99572682332013,False,max_epochs,109.52976942062378
rl4crn_rne_oscillator_trace_8rxn_stop_risksched085to09_lr1e4_entropy005_s4_c1_rnetol_d256_depth3_p20,seed064,64,26,2600,100,16,121.68977563152758,127.5213642271219,121.68977563152758,False,max_epochs,114.47215557098389
rl4crn_rne_oscillator_trace_8rxn_stop_risksched085to09_lr1e4_entropy005_s4_c1_rnetol_d256_depth3_p20,seed064,64,27,2700,100,16,121.97588789852928,126.67646621564906,121.68977563152758,False,max_epochs,119.5345253944397
rl4crn_rne_oscillator_trace_8rxn_stop_risksched085to09_lr1e4_entropy005_s4_c1_rnetol_d256_depth3_p20,seed064,64,28,2800,100,16,121.2427541841152,126.15331632597074,121.2427541841152,False,max_epochs,124.48814678192139
rl4crn_rne_oscillator_trace_8rxn_stop_risksched085to09_lr1e4_entropy005_s4_c1_rnetol_d256_depth3_p20,seed064,64,29,2900,100,16,121.01837938790217,125.66334924261093,121.01837938790217,False,max_epochs,129.7172131538391
rl4crn_rne_oscillator_trace_8rxn_stop_risksched085to09_lr1e4_entropy005_s4_c1_rnetol_d256_depth3_p20,seed064,64,30,3000,100,16,121.13940540738216,125.16745154746778,121.01837938790217,False,max_epochs,134.4607870578766
rl4crn_rne_oscillator_trace_8rxn_stop_risksched085to09_lr1e4_entropy005_s4_c1_rnetol_d256_depth3_p20,seed064,64,31,3100,100,16,120.65666841028354,123.3950349730255,120.65666841028354,False,max_epochs,139.21693110466003
rl4crn_rne_oscillator_trace_8rxn_stop_risksched085to09_lr1e4_entropy005_s4_c1_rnetol_d256_depth3_p20,seed064,64,32,3200,100,16,120.95745110121081,124.53083353307464,120.65666841028354,False,max_epochs,143.91270971298218
rl4crn_rne_oscillator_trace_8rxn_stop_risksched085to09_lr1e4_entropy005_s4_c1_rnetol_d256_depth3_p20,seed064,64,33,3300,100,16,120.94424749388826,126.06490140078088,120.65666841028354,False,max_epochs,148.20179104804993
rl4crn_rne_oscillator_trace_8rxn_stop_risksched085to09_lr1e4_entropy005_s4_c1_rnetol_d256_depth3_p20,seed064,64,34,3400,100,16,120.71110020926318,123.80816403733922,120.65666841028354,False,max_epochs,150.50224566459656
rl4crn_rne_oscillator_trace_8rxn_stop_risksched085to09_lr1e4_entropy005_s4_c1_rnetol_d256_depth3_p20,seed064,64,35,3500,100,16,121.06904517839203,124.5988420012136,120.65666841028354,False,max_epochs,155.130708694458
rl4crn_rne_oscillator_trace_8rxn_stop_risksched085to09_lr1e4_entropy005_s4_c1_rnetol_d256_depth3_p20,seed064,64,36,3600,100,16,120.93767818346865,123.62273011677976,120.65666841028354,False,max_epochs,160.06633830070496
rl4crn_rne_oscillator_trace_8rxn_stop_risksched085to09_lr1e4_entropy005_s4_c1_rnetol_d256_depth3_p20,seed064,64,37,3700,100,16,120.7431066806812,123.72049713660519,120.65666841028354,False,max_epochs,164.6639997959137
rl4crn_rne_oscillator_trace_8rxn_stop_risksched085to09_lr1e4_entropy005_s4_c1_rnetol_d256_depth3_p20,seed064,64,38,3800,100,16,120.89734592338496,122.57344388567623,120.65666841028354,False,max_epochs,169.71225452423096
rl4crn_rne_oscillator_trace_8rxn_stop_risksched085to09_lr1e4_entropy005_s4_c1_rnetol_d256_depth3_p20,seed064,64,39,3900,100,16,120.81251793570688,123.20207878000508,120.65666841028354,False,max_epochs,174.2193260192871
rl4crn_rne_oscillator_trace_8rxn_stop_risksched085to09_lr1e4_entropy005_s4_c1_rnetol_d256_depth3_p20,seed064,64,40,4000,100,16,120.57367909742925,124.31222996071622,120.57367909742925,False,max_epochs,178.8043692111969
rl4crn_rne_oscillator_trace_8rxn_stop_risksched085to09_lr1e4_entropy005_s4_c1_rnetol_d256_depth3_p20,seed064,64,41,4100,100,16,120.46518608102322,126.82804114666617,120.46518608102322,False,max_epochs,181.06675481796265
rl4crn_rne_oscillator_trace_8rxn_stop_risksched085to09_lr1e4_entropy005_s4_c1_rnetol_d256_depth3_p20,seed064,64,42,4200,100,16,120.74460075777682,128.11025110484056,120.46518608102322,False,max_epochs,185.34944200515747
rl4crn_rne_oscillator_trace_8rxn_stop_risksched085to09_lr1e4_entropy005_s4_c1_rnetol_d256_depth3_p20,seed064,64,43,4300,100,16,120.35606194989164,126.76825373166432,120.35606194989164,False,max_epochs,190.1082308292389
rl4crn_rne_oscillator_trace_8rxn_stop_risksched085to09_lr1e4_entropy005_s4_c1_rnetol_d256_depth3_p20,seed064,64,44,4400,100,16,120.27247775097224,126.71879008689945,120.27247775097224,False,max_epochs,194.76775598526
rl4crn_rne_oscillator_trace_8rxn_stop_risksched085to09_lr1e4_entropy005_s4_c1_rnetol_d256_depth3_p20,seed064,64,45,4500,100,16,120.44297448085173,127.08444579433556,120.27247775097224,False,max_epochs,199.95007467269897
rl4crn_rne_oscillator_trace_8rxn_stop_risksched085to09_lr1e4_entropy005_s4_c1_rnetol_d256_depth3_p20,seed064,64,46,4600,100,16,120.09890755169361,124.78837071198262,120.09890755169361,False,max_epochs,204.4560353755951
rl4crn_rne_oscillator_trace_8rxn_stop_risksched085to09_lr1e4_entropy005_s4_c1_rnetol_d256_depth3_p20,seed064,64,47,4700,100,16,120.29366477293085,123.14080687722381,120.09890755169361,False,max_epochs,209.16763377189636
rl4crn_rne_oscillator_trace_8rxn_stop_risksched085to09_lr1e4_entropy005_s4_c1_rnetol_d256_depth3_p20,seed064,64,48,4800,100,16,120.16222698676266,124.19024098455768,120.09890755169361,False,max_epochs,212.51326608657837
rl4crn_rne_oscillator_trace_8rxn_stop_risksched085to09_lr1e4_entropy005_s4_c1_rnetol_d256_depth3_p20,seed064,64,49,4900,100,16,120.21655665933457,125.50472781521592,120.09890755169361,False,max_epochs,215.6388704776764
rl4crn_rne_oscillator_trace_8rxn_stop_risksched085to09_lr1e4_entropy005_s4_c1_rnetol_d256_depth3_p20,seed064,64,50,5000,100,16,120.14882015850317,125.7475530951129,120.09890755169361,False,max_epochs,220.78041124343872
rl4crn_rne_oscillator_trace_8rxn_stop_risksched085to09_lr1e4_entropy005_s4_c1_rnetol_d256_depth3_p20,seed064,64,51,5100,100,16,120.03846912808501,124.50562215236867,120.03846912808501,False,max_epochs,225.44571018218994
rl4crn_rne_oscillator_trace_8rxn_stop_risksched085to09_lr1e4_entropy005_s4_c1_rnetol_d256_depth3_p20,seed064,64,52,5200,100,16,119.95844652466408,124.22494560900688,119.95844652466408,False,max_epochs,230.78862690925598
rl4crn_rne_oscillator_trace_8rxn_stop_risksched085to09_lr1e4_entropy005_s4_c1_rnetol_d256_depth3_p20,seed064,64,53,5300,100,16,120.08134713872623,124.35653589015047,119.95844652466408,False,max_epochs,235.72491788864136
rl4crn_rne_oscillator_trace_8rxn_stop_risksched085to09_lr1e4_entropy005_s4_c1_rnetol_d256_depth3_p20,seed064,64,54,5400,100,16,120.03666101194479,125.16488841424932,119.95844652466408,False,max_epochs,240.67708730697632
rl4crn_rne_oscillator_trace_8rxn_stop_risksched085to09_lr1e4_entropy005_s4_c1_rnetol_d256_depth3_p20,seed064,64,55,5500,100,16,120.15676028099585,123.56552148795797,119.95844652466408,False,max_epochs,245.49275398254395
rl4crn_rne_oscillator_trace_8rxn_stop_risksched085to09_lr1e4_entropy005_s4_c1_rnetol_d256_depth3_p20,seed064,64,56,5600,100,16,120.14939326360152,123.09476877420397,119.95844652466408,False,max_epochs,250.35528206825256
rl4crn_rne_oscillator_trace_8rxn_stop_risksched085to09_lr1e4_entropy005_s4_c1_rnetol_d256_depth3_p20,seed064,64,57,5700,100,16,120.04626014187423,122.29247533040922,119.95844652466408,False,max_epochs,255.0525119304657
rl4crn_rne_oscillator_trace_8rxn_stop_risksched085to09_lr1e4_entropy005_s4_c1_rnetol_d256_depth3_p20,seed064,64,58,5800,100,16,120.02950345571071,121.9788262184187,119.95844652466408,False,max_epochs,259.859512090683
rl4crn_rne_oscillator_trace_8rxn_stop_risksched085to09_lr1e4_entropy005_s4_c1_rnetol_d256_depth3_p20,seed064,64,59,5900,100,16,119.94566825979908,122.23861035238929,119.94566825979908,False,max_epochs,263.8366868495941
rl4crn_rne_oscillator_trace_8rxn_stop_risksched085to09_lr1e4_entropy005_s4_c1_rnetol_d256_depth3_p20,seed064,64,60,6000,100,16,119.98710003573275,122.17955056952229,119.94566825979908,False,max_epochs,266.8333475589752
rl4crn_rne_oscillator_trace_8rxn_stop_risksched085to09_lr1e4_entropy005_s4_c1_rnetol_d256_depth3_p20,seed064,64,61,6100,100,16,119.98176173770878,123.09244092160056,119.94566825979908,False,max_epochs,271.58013439178467
rl4crn_rne_oscillator_trace_8rxn_stop_risksched085to09_lr1e4_entropy005_s4_c1_rnetol_d256_depth3_p20,seed064,64,62,6200,100,16,119.9656105835493,125.9044011079105,119.94566825979908,False,max_epochs,276.38108944892883
rl4crn_rne_oscillator_trace_8rxn_stop_risksched085to09_lr1e4_entropy005_s4_c1_rnetol_d256_depth3_p20,seed064,64,63,6300,100,16,119.8759875711522,125.44093182281485,119.8759875711522,False,max_epochs,281.69827914237976
rl4crn_rne_oscillator_trace_8rxn_stop_risksched085to09_lr1e4_entropy005_s4_c1_rnetol_d256_depth3_p20,seed064,64,64,6400,100,16,119.91362755232818,125.59295303762605,119.8759875711522,False,max_epochs,286.6259846687317
rl4crn_rne_oscillator_trace_8rxn_stop_risksched085to09_lr1e4_entropy005_s4_c1_rnetol_d256_depth3_p20,seed064,64,65,6500,100,16,119.64580881831544,126.48173070335324,119.64580881831544,False,max_epochs,291.97695755958557
rl4crn_rne_oscillator_trace_8rxn_stop_risksched085to09_lr1e4_entropy005_s4_c1_rnetol_d256_depth3_p20,seed064,64,66,6600,100,16,119.72430691249168,125.23758486043224,119.64580881831544,False,max_epochs,296.7880485057831
rl4crn_rne_oscillator_trace_8rxn_stop_risksched085to09_lr1e4_entropy005_s4_c1_rnetol_d256_depth3_p20,seed064,64,67,6700,100,16,119.78477126526661,126.82210178580392,119.64580881831544,False,max_epochs,301.9473924636841
rl4crn_rne_oscillator_trace_8rxn_stop_risksched085to09_lr1e4_entropy005_s4_c1_rnetol_d256_depth3_p20,seed064,64,68,6800,100,16,119.33813366372489,124.98958426786048,119.33813366372489,False,max_epochs,306.89633774757385
rl4crn_rne_oscillator_trace_8rxn_stop_risksched085to09_lr1e4_entropy005_s4_c1_rnetol_d256_depth3_p20,seed064,64,69,6900,100,16,119.15572481409164,123.73922866570757,119.15572481409164,False,max_epochs,311.75504183769226
rl4crn_rne_oscillator_trace_8rxn_stop_risksched085to09_lr1e4_entropy005_s4_c1_rnetol_d256_depth3_p20,seed064,64,70,7000,100,16,119.73927551201584,123.87736612865442,119.15572481409164,False,max_epochs,316.3368375301361
rl4crn_rne_oscillator_trace_8rxn_stop_risksched085to09_lr1e4_entropy005_s4_c1_rnetol_d256_depth3_p20,seed064,64,71,7100,100,16,119.62500130379536,125.10955275525501,119.15572481409164,False,max_epochs,320.81896471977234
rl4crn_rne_oscillator_trace_8rxn_stop_risksched085to09_lr1e4_entropy005_s4_c1_rnetol_d256_depth3_p20,seed064,64,72,7200,100,16,119.56275142159154,123.19848783852603,119.15572481409164,False,max_epochs,323.0363063812256
rl4crn_rne_oscillator_trace_8rxn_stop_risksched085to09_lr1e4_entropy005_s4_c1_rnetol_d256_depth3_p20,seed064,64,73,7300,100,16,119.99260107989927,124.2937271658089,119.15572481409164,False,max_epochs,327.78743624687195
rl4crn_rne_oscillator_trace_8rxn_stop_risksched085to09_lr1e4_entropy005_s4_c1_rnetol_d256_depth3_p20,seed064,64,74,7400,100,16,119.21315110491051,123.85952560972771,119.15572481409164,False,max_epochs,332.3459482192993
rl4crn_rne_oscillator_trace_8rxn_stop_risksched085to09_lr1e4_entropy005_s4_c1_rnetol_d256_depth3_p20,seed064,64,75,7500,100,16,119.82028612553584,125.81727235817371,119.15572481409164,False,max_epochs,337.4745569229126
rl4crn_rne_oscillator_trace_8rxn_stop_risksched085to09_lr1e4_entropy005_s4_c1_rnetol_d256_depth3_p20,seed064,64,76,7600,100,16,118.77144627093077,123.77961969707783,118.77144627093077,False,max_epochs,342.1997501850128
rl4crn_rne_oscillator_trace_8rxn_stop_risksched085to09_lr1e4_entropy005_s4_c1_rnetol_d256_depth3_p20,seed064,64,77,7700,100,16,119.11933952454396,124.31877398758618,118.77144627093077,False,max_epochs,347.04231119155884
rl4crn_rne_oscillator_trace_8rxn_stop_risksched085to09_lr1e4_entropy005_s4_c1_rnetol_d256_depth3_p20,seed064,64,78,7800,100,16,119.31645529445353,124.34763501921893,118.77144627093077,False,max_epochs,351.6861500740051
rl4crn_rne_oscillator_trace_8rxn_stop_risksched085to09_lr1e4_entropy005_s4_c1_rnetol_d256_depth3_p20,seed064,64,79,7900,100,16,119.48770317606578,126.8799538112088,118.77144627093077,False,max_epochs,354.9666075706482
rl4crn_rne_oscillator_trace_8rxn_stop_risksched085to09_lr1e4_entropy005_s4_c1_rnetol_d256_depth3_p20,seed064,64,80,8000,100,16,118.93396338488844,123.6163942468395,118.77144627093077,False,max_epochs,358.14114594459534
rl4crn_rne_oscillator_trace_8rxn_stop_risksched085to09_lr1e4_entropy005_s4_c1_rnetol_d256_depth3_p20,seed064,64,81,8100,100,16,119.46647311592497,125.1645919533437,118.77144627093077,False,max_epochs,363.4221839904785
rl4crn_rne_oscillator_trace_8rxn_stop_risksched085to09_lr1e4_entropy005_s4_c1_rnetol_d256_depth3_p20,seed064,64,82,8200,100,16,119.60669206964334,123.34401546598346,118.77144627093077,False,max_epochs,368.0876474380493
rl4crn_rne_oscillator_trace_8rxn_stop_risksched085to09_lr1e4_entropy005_s4_c1_rnetol_d256_depth3_p20,seed064,64,83,8300,100,16,115.65222577357122,122.16501325710044,115.65222577357122,False,max_epochs,373.51132440567017
rl4crn_rne_oscillator_trace_8rxn_stop_risksched085to09_lr1e4_entropy005_s4_c1_rnetol_d256_depth3_p20,seed064,64,84,8400,100,16,117.84946882412538,122.58133926425558,115.65222577357122,False,max_epochs,378.4515643119812
rl4crn_rne_oscillator_trace_8rxn_stop_risksched085to09_lr1e4_entropy005_s4_c1_rnetol_d256_depth3_p20,seed064,64,85,8500,100,16,117.741602255153,122.67534488874162,115.65222577357122,False,max_epochs,383.41198086738586
rl4crn_rne_oscillator_trace_8rxn_stop_risksched085to09_lr1e4_entropy005_s4_c1_rnetol_d256_depth3_p20,seed064,64,86,8600,100,16,118.5809820122394,122.38199611991023,115.65222577357122,False,max_epochs,387.93669843673706
rl4crn_rne_oscillator_trace_8rxn_stop_risksched085to09_lr1e4_entropy005_s4_c1_rnetol_d256_depth3_p20,seed064,64,87,8700,100,16,117.38218403611344,124.52853467572811,115.65222577357122,False,max_epochs,392.3789014816284
rl4crn_rne_oscillator_trace_8rxn_stop_risksched085to09_lr1e4_entropy005_s4_c1_rnetol_d256_depth3_p20,seed064,64,88,8800,100,16,117.39651855889103,122.15710944899709,115.65222577357122,False,max_epochs,394.58885288238525
rl4crn_rne_oscillator_trace_8rxn_stop_risksched085to09_lr1e4_entropy005_s4_c1_rnetol_d256_depth3_p20,seed064,64,89,8900,100,16,118.2684125618563,122.76584529227102,115.65222577357122,False,max_epochs,399.25491523742676
rl4crn_rne_oscillator_trace_8rxn_stop_risksched085to09_lr1e4_entropy005_s4_c1_rnetol_d256_depth3_p20,seed064,64,90,9000,100,16,118.65307212376955,122.83725911727228,115.65222577357122,False,max_epochs,404.1072084903717
rl4crn_rne_oscillator_trace_8rxn_stop_risksched085to09_lr1e4_entropy005_s4_c1_rnetol_d256_depth3_p20,seed064,64,91,9100,100,16,113.60196868622707,126.13579374267309,113.60196868622707,False,max_epochs,409.2148594856262
rl4crn_rne_oscillator_trace_8rxn_stop_risksched085to09_lr1e4_entropy005_s4_c1_rnetol_d256_depth3_p20,seed064,64,92,9200,100,16,119.02618727130012,122.89923279116178,113.60196868622707,False,max_epochs,414.25629806518555
rl4crn_rne_oscillator_trace_8rxn_stop_risksched085to09_lr1e4_entropy005_s4_c1_rnetol_d256_depth3_p20,seed064,64,93,9300,100,16,118.3798440890984,123.07397389367341,113.60196868622707,False,max_epochs,419.6402223110199
rl4crn_rne_oscillator_trace_8rxn_stop_risksched085to09_lr1e4_entropy005_s4_c1_rnetol_d256_depth3_p20,seed064,64,94,9400,100,16,117.82869952892322,125.04037858056489,113.60196868622707,False,max_epochs,424.4605026245117
rl4crn_rne_oscillator_trace_8rxn_stop_risksched085to09_lr1e4_entropy005_s4_c1_rnetol_d256_depth3_p20,seed064,64,95,9500,100,16,116.1185362468073,122.0268907555216,113.60196868622707,False,max_epochs,429.5467324256897
rl4crn_rne_oscillator_trace_8rxn_stop_risksched085to09_lr1e4_entropy005_s4_c1_rnetol_d256_depth3_p20,seed064,64,96,9600,100,16,117.26475248127335,122.80852688569395,113.60196868622707,False,max_epochs,434.5398154258728
rl4crn_rne_oscillator_trace_8rxn_stop_risksched085to09_lr1e4_entropy005_s4_c1_rnetol_d256_depth3_p20,seed064,64,97,9700,100,16,118.4241191001616,122.47447108870392,113.60196868622707,False,max_epochs,439.9944758415222
rl4crn_rne_oscillator_trace_8rxn_stop_risksched085to09_lr1e4_entropy005_s4_c1_rnetol_d256_depth3_p20,seed064,64,98,9800,100,16,118.86101283326676,122.18564543794284,113.60196868622707,False,max_epochs,444.65403151512146
rl4crn_rne_oscillator_trace_8rxn_stop_risksched085to09_lr1e4_entropy005_s4_c1_rnetol_d256_depth3_p20,seed064,64,99,9900,100,16,118.11337128816511,122.65254585166895,113.60196868622707,False,max_epochs,449.31002044677734
rl4crn_rne_oscillator_trace_8rxn_stop_risksched085to09_lr1e4_entropy005_s4_c1_rnetol_d256_depth3_p20,seed064,64,100,10000,100,16,117.39715458944382,122.79597249002632,113.60196868622707,False,max_epochs,454.0042054653168
rl4crn_rne_oscillator_trace_8rxn_stop_risksched085to09_lr1e4_entropy005_s4_c1_rnetol_d256_depth3_p20,seed064,64,101,10100,100,16,115.52209631169394,126.0302601486406,113.60196868622707,False,max_epochs,456.6527359485626
rl4crn_rne_oscillator_trace_8rxn_stop_risksched085to09_lr1e4_entropy005_s4_c1_rnetol_d256_depth3_p20,seed064,64,102,10200,100,16,117.64008130593302,121.96578772028673,113.60196868622707,False,max_epochs,460.5682213306427
rl4crn_rne_oscillator_trace_8rxn_stop_risksched085to09_lr1e4_entropy005_s4_c1_rnetol_d256_depth3_p20,seed064,64,103,10300,100,16,116.04949078885878,122.74915796280789,113.60196868622707,False,max_epochs,465.6764531135559
rl4crn_rne_oscillator_trace_8rxn_stop_risksched085to09_lr1e4_entropy005_s4_c1_rnetol_d256_depth3_p20,seed064,64,104,10400,100,16,116.32970946126744,122.52361528821538,113.60196868622707,False,max_epochs,470.52342104911804
rl4crn_rne_oscillator_trace_8rxn_stop_risksched085to09_lr1e4_entropy005_s4_c1_rnetol_d256_depth3_p20,seed064,64,105,10500,100,16,116.80413870003028,122.69422966602409,113.60196868622707,False,max_epochs,474.86352348327637
rl4crn_rne_oscillator_trace_8rxn_stop_risksched085to09_lr1e4_entropy005_s4_c1_rnetol_d256_depth3_p20,seed064,64,106,10600,100,16,116.85846340395749,121.66813583622792,113.60196868622707,False,max_epochs,479.2340865135193
rl4crn_rne_oscillator_trace_8rxn_stop_risksched085to09_lr1e4_entropy005_s4_c1_rnetol_d256_depth3_p20,seed064,64,107,10700,100,16,113.40289290546195,122.36761361634328,113.40289290546195,False,max_epochs,483.4306802749634
rl4crn_rne_oscillator_trace_8rxn_stop_risksched085to09_lr1e4_entropy005_s4_c1_rnetol_d256_depth3_p20,seed064,64,108,10800,100,16,115.64550192807432,123.06928398354555,113.40289290546195,False,max_epochs,485.95296335220337
rl4crn_rne_oscillator_trace_8rxn_stop_risksched085to09_lr1e4_entropy005_s4_c1_rnetol_d256_depth3_p20,seed064,64,109,10900,100,16,115.43188685098123,122.32486717622326,113.40289290546195,False,max_epochs,490.3174910545349
rl4crn_rne_oscillator_trace_8rxn_stop_risksched085to09_lr1e4_entropy005_s4_c1_rnetol_d256_depth3_p20,seed064,64,110,11000,100,16,117.09567270489467,122.33486223958604,113.40289290546195,False,max_epochs,495.51785111427307
rl4crn_rne_oscillator_trace_8rxn_stop_risksched085to09_lr1e4_entropy005_s4_c1_rnetol_d256_depth3_p20,seed064,64,111,11100,100,16,116.233980742332,122.69684777402071,113.40289290546195,False,max_epochs,500.504252910614
rl4crn_rne_oscillator_trace_8rxn_stop_risksched085to09_lr1e4_entropy005_s4_c1_rnetol_d256_depth3_p20,seed064,64,112,11200,100,16,117.3862441728552,121.70761909366087,113.40289290546195,False,max_epochs,505.44770336151123
rl4crn_rne_oscillator_trace_8rxn_stop_risksched085to09_lr1e4_entropy005_s4_c1_rnetol_d256_depth3_p20,seed064,64,113,11300,100,16,117.26511231330811,121.55099437402433,113.40289290546195,False,max_epochs,510.37094831466675
rl4crn_rne_oscillator_trace_8rxn_stop_risksched085to09_lr1e4_entropy005_s4_c1_rnetol_d256_depth3_p20,seed064,64,114,11400,100,16,117.3943454159653,122.18236896583466,113.40289290546195,False,max_epochs,515.6564166545868
rl4crn_rne_oscillator_trace_8rxn_stop_risksched085to09_lr1e4_entropy005_s4_c1_rnetol_d256_depth3_p20,seed064,64,115,11500,100,16,116.54285996976233,122.15074676636345,113.40289290546195,False,max_epochs,520.7754650115967
rl4crn_rne_oscillator_trace_8rxn_stop_risksched085to09_lr1e4_entropy005_s4_c1_rnetol_d256_depth3_p20,seed064,64,116,11600,100,16,116.63201503756305,121.70561469292934,113.40289290546195,False,max_epochs,525.9644629955292
rl4crn_rne_oscillator_trace_8rxn_stop_risksched085to09_lr1e4_entropy005_s4_c1_rnetol_d256_depth3_p20,seed064,64,117,11700,100,16,107.92230270272063,122.06799196666773,107.92230270272063,False,max_epochs,530.9696135520935
rl4crn_rne_oscillator_trace_8rxn_stop_risksched085to09_lr1e4_entropy005_s4_c1_rnetol_d256_depth3_p20,seed064,64,118,11800,100,16,114.39548498173538,121.93886310469429,107.92230270272063,False,max_epochs,536.0691981315613
rl4crn_rne_oscillator_trace_8rxn_stop_risksched085to09_lr1e4_entropy005_s4_c1_rnetol_d256_depth3_p20,seed064,64,119,11900,100,16,115.6647037864395,121.48432982842964,107.92230270272063,False,max_epochs,540.9477071762085
rl4crn_rne_oscillator_trace_8rxn_stop_risksched085to09_lr1e4_entropy005_s4_c1_rnetol_d256_depth3_p20,seed064,64,120,12000,100,16,115.18736990417786,123.0103398687177,107.92230270272063,False,max_epochs,545.7845537662506
rl4crn_rne_oscillator_trace_8rxn_stop_risksched085to09_lr1e4_entropy005_s4_c1_rnetol_d256_depth3_p20,seed064,64,121,12100,100,16,114.19370607376024,126.40803972974157,107.92230270272063,False,max_epochs,550.6560442447662
rl4crn_rne_oscillator_trace_8rxn_stop_risksched085to09_lr1e4_entropy005_s4_c1_rnetol_d256_depth3_p20,seed064,64,122,12200,100,16,116.15790808195999,126.67825883670895,107.92230270272063,False,max_epochs,555.4913575649261
rl4crn_rne_oscillator_trace_8rxn_stop_risksched085to09_lr1e4_entropy005_s4_c1_rnetol_d256_depth3_p20,seed064,64,123,12300,100,16,117.12116569993177,132.23917492896032,107.92230270272063,False,max_epochs,560.1375415325165
rl4crn_rne_oscillator_trace_8rxn_stop_risksched085to09_lr1e4_entropy005_s4_c1_rnetol_d256_depth3_p20,seed064,64,124,12400,100,16,116.69104584472865,135.92089512499956,107.92230270272063,False,max_epochs,562.2397825717926
rl4crn_rne_oscillator_trace_8rxn_stop_risksched085to09_lr1e4_entropy005_s4_c1_rnetol_d256_depth3_p20,seed064,64,125,12500,100,16,112.84362491861569,134.56591512488444,107.92230270272063,False,max_epochs,566.6603519916534
rl4crn_rne_oscillator_trace_8rxn_stop_risksched085to09_lr1e4_entropy005_s4_c1_rnetol_d256_depth3_p20,seed064,64,126,12600,100,16,117.57926827737955,133.37290939460013,107.92230270272063,False,max_epochs,571.7362568378448
rl4crn_rne_oscillator_trace_8rxn_stop_risksched085to09_lr1e4_entropy005_s4_c1_rnetol_d256_depth3_p20,seed064,64,127,12700,100,16,116.82893936188782,140.71568106684924,107.92230270272063,False,max_epochs,576.799763917923
rl4crn_rne_oscillator_trace_8rxn_stop_risksched085to09_lr1e4_entropy005_s4_c1_rnetol_d256_depth3_p20,seed064,64,128,12800,100,16,113.69806150425403,139.29707619260193,107.92230270272063,False,max_epochs,581.3268067836761
rl4crn_rne_oscillator_trace_8rxn_stop_risksched085to09_lr1e4_entropy005_s4_c1_rnetol_d256_depth3_p20,seed064,64,129,12900,100,16,117.011119662213,134.3373343821304,107.92230270272063,False,max_epochs,585.9253344535828
rl4crn_rne_oscillator_trace_8rxn_stop_risksched085to09_lr1e4_entropy005_s4_c1_rnetol_d256_depth3_p20,seed064,64,130,13000,100,16,115.91050065146361,135.08981978564543,107.92230270272063,False,max_epochs,590.2345213890076
rl4crn_rne_oscillator_trace_8rxn_stop_risksched085to09_lr1e4_entropy005_s4_c1_rnetol_d256_depth3_p20,seed064,64,131,13100,100,16,114.11809082347939,136.0793134700134,107.92230270272063,False,max_epochs,592.3202238082886
rl4crn_rne_oscillator_trace_8rxn_stop_risksched085to09_lr1e4_entropy005_s4_c1_rnetol_d256_depth3_p20,seed064,64,132,13200,100,16,116.22725569917084,134.66476758217746,107.92230270272063,False,max_epochs,596.9823741912842
rl4crn_rne_oscillator_trace_8rxn_stop_risksched085to09_lr1e4_entropy005_s4_c1_rnetol_d256_depth3_p20,seed064,64,133,13300,100,16,114.65880109535254,131.88294441645706,107.92230270272063,False,max_epochs,602.2376439571381
rl4crn_rne_oscillator_trace_8rxn_stop_risksched085to09_lr1e4_entropy005_s4_c1_rnetol_d256_depth3_p20,seed064,64,134,13400,100,16,112.80839066338584,132.80231814610028,107.92230270272063,False,max_epochs,607.6064529418945
rl4crn_rne_oscillator_trace_8rxn_stop_risksched085to09_lr1e4_entropy005_s4_c1_rnetol_d256_depth3_p20,seed064,64,135,13500,100,16,113.71205222285138,130.71964915702262,107.92230270272063,False,max_epochs,612.4671669006348
rl4crn_rne_oscillator_trace_8rxn_stop_risksched085to09_lr1e4_entropy005_s4_c1_rnetol_d256_depth3_p20,seed064,64,136,13600,100,16,113.99859280619461,129.8780723550999,107.92230270272063,False,max_epochs,617.8731124401093
rl4crn_rne_oscillator_trace_8rxn_stop_risksched085to09_lr1e4_entropy005_s4_c1_rnetol_d256_depth3_p20,seed064,64,137,13700,100,16,112.66691204054723,132.0172900121488,107.92230270272063,False,max_epochs,622.855301618576
rl4crn_rne_oscillator_trace_8rxn_stop_risksched085to09_lr1e4_entropy005_s4_c1_rnetol_d256_depth3_p20,seed064,64,138,13800,100,16,113.28694036413667,128.54274857715387,107.92230270272063,False,max_epochs,628.3646700382233
rl4crn_rne_oscillator_trace_8rxn_stop_risksched085to09_lr1e4_entropy005_s4_c1_rnetol_d256_depth3_p20,seed064,64,139,13900,100,16,115.60045804501928,129.7553737660822,107.92230270272063,False,max_epochs,633.1798956394196
rl4crn_rne_oscillator_trace_8rxn_stop_risksched085to09_lr1e4_entropy005_s4_c1_rnetol_d256_depth3_p20,seed064,64,140,14000,100,16,114.2305036449387,132.66578940375103,107.92230270272063,False,max_epochs,637.8102767467499
rl4crn_rne_oscillator_trace_8rxn_stop_risksched085to09_lr1e4_entropy005_s4_c1_rnetol_d256_depth3_p20,seed064,64,141,14100,100,16,113.42522615670383,136.5175996286889,107.92230270272063,False,max_epochs,642.5817835330963
rl4crn_rne_oscillator_trace_8rxn_stop_risksched085to09_lr1e4_entropy005_s4_c1_rnetol_d256_depth3_p20,seed064,64,142,14200,100,16,111.66169331002195,131.28815783058565,107.92230270272063,False,max_epochs,647.2373421192169
rl4crn_rne_oscillator_trace_8rxn_stop_risksched085to09_lr1e4_entropy005_s4_c1_rnetol_d256_depth3_p20,seed064,64,143,14300,100,16,112.68841133343012,129.21791017323034,107.92230270272063,False,max_epochs,649.3264944553375
rl4crn_rne_oscillator_trace_8rxn_stop_risksched085to09_lr1e4_entropy005_s4_c1_rnetol_d256_depth3_p20,seed064,64,144,14400,100,16,113.69171616546755,127.20078130489364,107.92230270272063,False,max_epochs,653.9464373588562
rl4crn_rne_oscillator_trace_8rxn_stop_risksched085to09_lr1e4_entropy005_s4_c1_rnetol_d256_depth3_p20,seed064,64,145,14500,100,16,113.83156913127824,130.98235676783415,107.92230270272063,False,max_epochs,658.9390845298767
rl4crn_rne_oscillator_trace_8rxn_stop_risksched085to09_lr1e4_entropy005_s4_c1_rnetol_d256_depth3_p20,seed064,64,146,14600,100,16,112.85817706526015,130.94296550762976,107.92230270272063,False,max_epochs,663.981968164444
rl4crn_rne_oscillator_trace_8rxn_stop_risksched085to09_lr1e4_entropy005_s4_c1_rnetol_d256_depth3_p20,seed064,64,147,14700,100,16,112.73970418462508,130.4293658007484,107.92230270272063,False,max_epochs,669.0144736766815
rl4crn_rne_oscillator_trace_8rxn_stop_risksched085to09_lr1e4_entropy005_s4_c1_rnetol_d256_depth3_p20,seed064,64,148,14800,100,16,110.9717591931313,128.30901309184267,107.92230270272063,False,max_epochs,674.5229458808899
rl4crn_rne_oscillator_trace_8rxn_stop_risksched085to09_lr1e4_entropy005_s4_c1_rnetol_d256_depth3_p20,seed064,64,149,14900,100,16,112.26457668679618,123.38076473863595,107.92230270272063,False,max_epochs,679.592386007309
rl4crn_rne_oscillator_trace_8rxn_stop_risksched085to09_lr1e4_entropy005_s4_c1_rnetol_d256_depth3_p20,seed064,64,150,15000,100,16,112.7131296365392,122.70788767952746,107.92230270272063,False,max_epochs,685.0384588241577
rl4crn_rne_oscillator_trace_8rxn_stop_risksched085to09_lr1e4_entropy005_s4_c1_rnetol_d256_depth3_p20,seed064,64,151,15100,100,16,112.57269030298494,124.01944484787272,107.92230270272063,False,max_epochs,689.889806509018
rl4crn_rne_oscillator_trace_8rxn_stop_risksched085to09_lr1e4_entropy005_s4_c1_rnetol_d256_depth3_p20,seed064,64,152,15200,100,16,113.49254858667244,122.98368576139231,107.92230270272063,False,max_epochs,694.5199792385101
rl4crn_rne_oscillator_trace_8rxn_stop_risksched085to09_lr1e4_entropy005_s4_c1_rnetol_d256_depth3_p20,seed064,64,153,15300,100,16,112.53415384693503,126.99974275055021,107.92230270272063,False,max_epochs,698.9810271263123
rl4crn_rne_oscillator_trace_8rxn_stop_risksched085to09_lr1e4_entropy005_s4_c1_rnetol_d256_depth3_p20,seed064,64,154,15400,100,16,112.32483300445722,133.83577077513294,107.92230270272063,False,max_epochs,703.39031457901
rl4crn_rne_oscillator_trace_8rxn_stop_risksched085to09_lr1e4_entropy005_s4_c1_rnetol_d256_depth3_p20,seed064,64,155,15500,100,16,112.75906210282095,125.51905791513343,107.92230270272063,False,max_epochs,706.2515068054199
rl4crn_rne_oscillator_trace_8rxn_stop_risksched085to09_lr1e4_entropy005_s4_c1_rnetol_d256_depth3_p20,seed064,64,156,15600,100,16,112.29196683151734,126.33067461609663,107.92230270272063,False,max_epochs,710.0202732086182
rl4crn_rne_oscillator_trace_8rxn_stop_risksched085to09_lr1e4_entropy005_s4_c1_rnetol_d256_depth3_p20,seed064,64,157,15700,100,16,111.59056981580133,125.2264947811773,107.92230270272063,False,max_epochs,714.8941538333893
rl4crn_rne_oscillator_trace_8rxn_stop_risksched085to09_lr1e4_entropy005_s4_c1_rnetol_d256_depth3_p20,seed064,64,158,15800,100,16,114.14390770972834,130.66462085318693,107.92230270272063,False,max_epochs,719.6242437362671
rl4crn_rne_oscillator_trace_8rxn_stop_risksched085to09_lr1e4_entropy005_s4_c1_rnetol_d256_depth3_p20,seed064,64,159,15900,100,16,108.65494553627776,132.14315107584946,107.92230270272063,False,max_epochs,723.9437642097473
rl4crn_rne_oscillator_trace_8rxn_stop_risksched085to09_lr1e4_entropy005_s4_c1_rnetol_d256_depth3_p20,seed064,64,160,16000,100,16,113.2925562110357,133.24171875742127,107.92230270272063,False,max_epochs,728.4321310520172
rl4crn_rne_oscillator_trace_8rxn_stop_risksched085to09_lr1e4_entropy005_s4_c1_rnetol_d256_depth3_p20,seed064,64,161,16100,100,16,112.44871727779103,129.6639161898297,107.92230270272063,False,max_epochs,730.4179883003235
rl4crn_rne_oscillator_trace_8rxn_stop_risksched085to09_lr1e4_entropy005_s4_c1_rnetol_d256_depth3_p20,seed064,64,162,16200,100,16,111.70911928928935,129.06479249093792,107.92230270272063,False,max_epochs,734.9529755115509
rl4crn_rne_oscillator_trace_8rxn_stop_risksched085to09_lr1e4_entropy005_s4_c1_rnetol_d256_depth3_p20,seed064,64,163,16300,100,16,111.77519873132208,131.1469945949659,107.92230270272063,False,max_epochs,739.7535109519958
rl4crn_rne_oscillator_trace_8rxn_stop_risksched085to09_lr1e4_entropy005_s4_c1_rnetol_d256_depth3_p20,seed064,64,164,16400,100,16,112.47530406733333,135.12046026288766,107.92230270272063,False,max_epochs,744.4117932319641
rl4crn_rne_oscillator_trace_8rxn_stop_risksched085to09_lr1e4_entropy005_s4_c1_rnetol_d256_depth3_p20,seed064,64,165,16500,100,16,113.70234729979002,140.85322774207367,107.92230270272063,False,max_epochs,749.1090703010559
rl4crn_rne_oscillator_trace_8rxn_stop_risksched085to09_lr1e4_entropy005_s4_c1_rnetol_d256_depth3_p20,seed064,64,166,16600,100,16,112.61155130503634,142.00665435269076,107.92230270272063,False,max_epochs,753.4675154685974
rl4crn_rne_oscillator_trace_8rxn_stop_risksched085to09_lr1e4_entropy005_s4_c1_rnetol_d256_depth3_p20,seed064,64,167,16700,100,16,112.11365194055216,137.35306581531609,107.92230270272063,False,max_epochs,755.6661336421967
rl4crn_rne_oscillator_trace_8rxn_stop_risksched085to09_lr1e4_entropy005_s4_c1_rnetol_d256_depth3_p20,seed064,64,168,16800,100,16,113.33230488750137,132.9228088371448,107.92230270272063,False,max_epochs,760.2128443717957
rl4crn_rne_oscillator_trace_8rxn_stop_risksched085to09_lr1e4_entropy005_s4_c1_rnetol_d256_depth3_p20,seed064,64,169,16900,100,16,113.06496614826354,127.63510890373243,107.92230270272063,False,max_epochs,765.4374237060547
rl4crn_rne_oscillator_trace_8rxn_stop_risksched085to09_lr1e4_entropy005_s4_c1_rnetol_d256_depth3_p20,seed064,64,170,17000,100,16,113.24169931746937,128.6403911964261,107.92230270272063,False,max_epochs,770.3421294689178
rl4crn_rne_oscillator_trace_8rxn_stop_risksched085to09_lr1e4_entropy005_s4_c1_rnetol_d256_depth3_p20,seed064,64,171,17100,100,16,110.18049088870458,129.42535299403278,107.92230270272063,False,max_epochs,775.1952900886536
rl4crn_rne_oscillator_trace_8rxn_stop_risksched085to09_lr1e4_entropy005_s4_c1_rnetol_d256_depth3_p20,seed064,64,172,17200,100,16,113.05727927612915,130.76932238568602,107.92230270272063,False,max_epochs,779.7827887535095
rl4crn_rne_oscillator_trace_8rxn_stop_risksched085to09_lr1e4_entropy005_s4_c1_rnetol_d256_depth3_p20,seed064,64,173,17300,100,16,113.02456260623634,135.55941264893386,107.92230270272063,False,max_epochs,783.8642933368683
rl4crn_rne_oscillator_trace_8rxn_stop_risksched085to09_lr1e4_entropy005_s4_c1_rnetol_d256_depth3_p20,seed064,64,174,17400,100,16,114.42775073491183,131.4056033920226,107.92230270272063,False,max_epochs,786.3540461063385
rl4crn_rne_oscillator_trace_8rxn_stop_risksched085to09_lr1e4_entropy005_s4_c1_rnetol_d256_depth3_p20,seed064,64,175,17500,100,16,113.9950605991285,128.27917681738262,107.92230270272063,False,max_epochs,791.2822120189667
rl4crn_rne_oscillator_trace_8rxn_stop_risksched085to09_lr1e4_entropy005_s4_c1_rnetol_d256_depth3_p20,seed064,64,176,17600,100,16,112.00955527266302,127.02370249992876,107.92230270272063,False,max_epochs,796.2977373600006
rl4crn_rne_oscillator_trace_8rxn_stop_risksched085to09_lr1e4_entropy005_s4_c1_rnetol_d256_depth3_p20,seed064,64,177,17700,100,16,113.17395427266828,125.74942740518756,107.92230270272063,False,max_epochs,801.234222650528
rl4crn_rne_oscillator_trace_8rxn_stop_risksched085to09_lr1e4_entropy005_s4_c1_rnetol_d256_depth3_p20,seed064,64,178,17800,100,16,113.7082339517226,128.02197079819302,107.92230270272063,False,max_epochs,806.3552434444427
rl4crn_rne_oscillator_trace_8rxn_stop_risksched085to09_lr1e4_entropy005_s4_c1_rnetol_d256_depth3_p20,seed064,64,179,17900,100,16,112.68186285578871,132.71715866352963,107.92230270272063,False,max_epochs,811.7330183982849
rl4crn_rne_oscillator_trace_8rxn_stop_risksched085to09_lr1e4_entropy005_s4_c1_rnetol_d256_depth3_p20,seed064,64,180,18000,100,16,107.51769297258464,131.50377936710524,107.51769297258464,False,max_epochs,816.7639694213867
rl4crn_rne_oscillator_trace_8rxn_stop_risksched085to09_lr1e4_entropy005_s4_c1_rnetol_d256_depth3_p20,seed064,64,181,18100,100,16,111.51989301105563,128.73614813132735,107.51769297258464,False,max_epochs,822.1219127178192
rl4crn_rne_oscillator_trace_8rxn_stop_risksched085to09_lr1e4_entropy005_s4_c1_rnetol_d256_depth3_p20,seed064,64,182,18200,100,16,114.57707737660783,135.233924523492,107.51769297258464,False,max_epochs,826.7778370380402
rl4crn_rne_oscillator_trace_8rxn_stop_risksched085to09_lr1e4_entropy005_s4_c1_rnetol_d256_depth3_p20,seed064,64,183,18300,100,16,113.27225712166387,132.217839526974,107.51769297258464,False,max_epochs,831.529705286026
rl4crn_rne_oscillator_trace_8rxn_stop_risksched085to09_lr1e4_entropy005_s4_c1_rnetol_d256_depth3_p20,seed064,64,184,18400,100,16,113.43720544370764,130.38079103288698,107.51769297258464,False,max_epochs,836.1854770183563
rl4crn_rne_oscillator_trace_8rxn_stop_risksched085to09_lr1e4_entropy005_s4_c1_rnetol_d256_depth3_p20,seed064,64,185,18500,100,16,111.82154577015665,131.95757073341161,107.51769297258464,False,max_epochs,840.5588746070862
rl4crn_rne_oscillator_trace_8rxn_stop_risksched085to09_lr1e4_entropy005_s4_c1_rnetol_d256_depth3_p20,seed064,64,186,18600,100,16,112.03189339534504,124.1732181718995,107.51769297258464,False,max_epochs,842.7744817733765
rl4crn_rne_oscillator_trace_8rxn_stop_risksched085to09_lr1e4_entropy005_s4_c1_rnetol_d256_depth3_p20,seed064,64,187,18700,100,16,112.59183232923168,129.20249224372017,107.51769297258464,False,max_epochs,847.7275593280792
rl4crn_rne_oscillator_trace_8rxn_stop_risksched085to09_lr1e4_entropy005_s4_c1_rnetol_d256_depth3_p20,seed064,64,188,18800,100,16,112.87890808665296,133.53393697770053,107.51769297258464,False,max_epochs,852.6470985412598
rl4crn_rne_oscillator_trace_8rxn_stop_risksched085to09_lr1e4_entropy005_s4_c1_rnetol_d256_depth3_p20,seed064,64,189,18900,100,16,113.05647179865393,131.82742212156757,107.51769297258464,False,max_epochs,857.5676867961884
rl4crn_rne_oscillator_trace_8rxn_stop_risksched085to09_lr1e4_entropy005_s4_c1_rnetol_d256_depth3_p20,seed064,64,190,19000,100,16,113.68909954547811,127.57981940409005,107.51769297258464,False,max_epochs,862.8528356552124
rl4crn_rne_oscillator_trace_8rxn_stop_risksched085to09_lr1e4_entropy005_s4_c1_rnetol_d256_depth3_p20,seed064,64,191,19100,100,16,111.52058772769654,126.25112580310055,107.51769297258464,False,max_epochs,867.4625859260559
rl4crn_rne_oscillator_trace_8rxn_stop_risksched085to09_lr1e4_entropy005_s4_c1_rnetol_d256_depth3_p20,seed064,64,192,19200,100,16,113.84139354368071,129.1720109632056,107.51769297258464,False,max_epochs,872.1203594207764
rl4crn_rne_oscillator_trace_8rxn_stop_risksched085to09_lr1e4_entropy005_s4_c1_rnetol_d256_depth3_p20,seed064,64,193,19300,100,16,107.23867034059406,129.04413801746193,107.23867034059406,False,max_epochs,874.2065496444702
rl4crn_rne_oscillator_trace_8rxn_stop_risksched085to09_lr1e4_entropy005_s4_c1_rnetol_d256_depth3_p20,seed064,64,194,19400,100,16,112.3791195505339,129.37273175641258,107.23867034059406,False,max_epochs,878.7467708587646
rl4crn_rne_oscillator_trace_8rxn_stop_risksched085to09_lr1e4_entropy005_s4_c1_rnetol_d256_depth3_p20,seed064,64,195,19500,100,16,112.72266353143814,125.10758759970416,107.23867034059406,False,max_epochs,883.3818354606628
rl4crn_rne_oscillator_trace_8rxn_stop_risksched085to09_lr1e4_entropy005_s4_c1_rnetol_d256_depth3_p20,seed064,64,196,19600,100,16,109.80608402658497,124.96858832857697,107.23867034059406,False,max_epochs,888.7752549648285
rl4crn_rne_oscillator_trace_8rxn_stop_risksched085to09_lr1e4_entropy005_s4_c1_rnetol_d256_depth3_p20,seed064,64,197,19700,100,16,111.27202661342909,126.90717419589853,107.23867034059406,False,max_epochs,893.4448199272156
rl4crn_rne_oscillator_trace_8rxn_stop_risksched085to09_lr1e4_entropy005_s4_c1_rnetol_d256_depth3_p20,seed064,64,198,19800,100,16,111.63103091119751,132.79665728407667,107.23867034059406,False,max_epochs,898.3920800685883
rl4crn_rne_oscillator_trace_8rxn_stop_risksched085to09_lr1e4_entropy005_s4_c1_rnetol_d256_depth3_p20,seed064,64,199,19900,100,16,113.96753086769547,135.73953900294504,107.23867034059406,False,max_epochs,902.8996858596802
rl4crn_rne_oscillator_trace_8rxn_stop_risksched085to09_lr1e4_entropy005_s4_c1_rnetol_d256_depth3_p20,seed064,64,200,20000,100,16,112.1798337345937,135.33223203597495,107.23867034059406,False,max_epochs,907.3449516296387
rl4crn_rne_oscillator_trace_8rxn_stop_risksched085to09_lr1e4_entropy005_s4_c1_rnetol_d256_depth3_p20,seed064,64,201,20100,100,16,112.54332117864755,131.73227296532207,107.23867034059406,False,max_epochs,909.6132969856262
rl4crn_rne_oscillator_trace_8rxn_stop_risksched085to09_lr1e4_entropy005_s4_c1_rnetol_d256_depth3_p20,seed064,64,202,20200,100,16,114.54588451058434,133.0495512666825,107.23867034059406,False,max_epochs,914.049863576889
rl4crn_rne_oscillator_trace_8rxn_stop_risksched085to09_lr1e4_entropy005_s4_c1_rnetol_d256_depth3_p20,seed064,64,203,20300,100,16,111.69058054851182,124.41157614230804,107.23867034059406,False,max_epochs,918.9388494491577
rl4crn_rne_oscillator_trace_8rxn_stop_risksched085to09_lr1e4_entropy005_s4_c1_rnetol_d256_depth3_p20,seed064,64,204,20400,100,16,113.83312454177846,125.85618635891325,107.23867034059406,False,max_epochs,923.5758023262024
rl4crn_rne_oscillator_trace_8rxn_stop_risksched085to09_lr1e4_entropy005_s4_c1_rnetol_d256_depth3_p20,seed064,64,205,20500,100,16,113.39050879489932,125.31399849674972,107.23867034059406,False,max_epochs,928.150260925293
rl4crn_rne_oscillator_trace_8rxn_stop_risksched085to09_lr1e4_entropy005_s4_c1_rnetol_d256_depth3_p20,seed064,64,206,20600,100,16,113.21901189194726,127.8917163688223,107.23867034059406,False,max_epochs,931.4807543754578
rl4crn_rne_oscillator_trace_8rxn_stop_risksched085to09_lr1e4_entropy005_s4_c1_rnetol_d256_depth3_p20,seed064,64,207,20700,100,16,112.41415745199167,129.97597836225083,107.23867034059406,False,max_epochs,934.2076451778412
rl4crn_rne_oscillator_trace_8rxn_stop_risksched085to09_lr1e4_entropy005_s4_c1_rnetol_d256_depth3_p20,seed064,64,208,20800,100,16,103.19002153466369,128.961416424133,103.19002153466369,False,max_epochs,938.9361350536346
rl4crn_rne_oscillator_trace_8rxn_stop_risksched085to09_lr1e4_entropy005_s4_c1_rnetol_d256_depth3_p20,seed064,64,209,20900,100,16,111.61473829340373,124.52415113947816,103.19002153466369,False,max_epochs,943.8619973659515
rl4crn_rne_oscillator_trace_8rxn_stop_risksched085to09_lr1e4_entropy005_s4_c1_rnetol_d256_depth3_p20,seed064,64,210,21000,100,16,113.2563864111328,122.21817213372188,103.19002153466369,False,max_epochs,948.5908844470978
rl4crn_rne_oscillator_trace_8rxn_stop_risksched085to09_lr1e4_entropy005_s4_c1_rnetol_d256_depth3_p20,seed064,64,211,21100,100,16,112.38089360751407,123.6722794916255,103.19002153466369,False,max_epochs,953.1665344238281
rl4crn_rne_oscillator_trace_8rxn_stop_risksched085to09_lr1e4_entropy005_s4_c1_rnetol_d256_depth3_p20,seed064,64,212,21200,100,16,112.12408344099562,122.87558837226257,103.19002153466369,False,max_epochs,957.5850865840912
rl4crn_rne_oscillator_trace_8rxn_stop_risksched085to09_lr1e4_entropy005_s4_c1_rnetol_d256_depth3_p20,seed064,64,213,21300,100,16,114.94915117665295,125.51653051771643,103.19002153466369,False,max_epochs,959.7252459526062
rl4crn_rne_oscillator_trace_8rxn_stop_risksched085to09_lr1e4_entropy005_s4_c1_rnetol_d256_depth3_p20,seed064,64,214,21400,100,16,111.74527386341391,125.36618244692305,103.19002153466369,False,max_epochs,964.4377183914185
rl4crn_rne_oscillator_trace_8rxn_stop_risksched085to09_lr1e4_entropy005_s4_c1_rnetol_d256_depth3_p20,seed064,64,215,21500,100,16,113.61342303401845,127.37226412088474,103.19002153466369,False,max_epochs,969.5319435596466
rl4crn_rne_oscillator_trace_8rxn_stop_risksched085to09_lr1e4_entropy005_s4_c1_rnetol_d256_depth3_p20,seed064,64,216,21600,100,16,111.46609406059991,132.93164774732054,103.19002153466369,False,max_epochs,974.0197863578796
rl4crn_rne_oscillator_trace_8rxn_stop_risksched085to09_lr1e4_entropy005_s4_c1_rnetol_d256_depth3_p20,seed064,64,217,21700,100,16,113.9131922470612,137.64176784563193,103.19002153466369,False,max_epochs,978.6199233531952
rl4crn_rne_oscillator_trace_8rxn_stop_risksched085to09_lr1e4_entropy005_s4_c1_rnetol_d256_depth3_p20,seed064,64,218,21800,100,16,113.19560850443197,134.5222746640972,103.19002153466369,False,max_epochs,983.2901763916016
rl4crn_rne_oscillator_trace_8rxn_stop_risksched085to09_lr1e4_entropy005_s4_c1_rnetol_d256_depth3_p20,seed064,64,219,21900,100,16,107.53914247460638,131.30692357569188,103.19002153466369,False,max_epochs,985.5457346439362
rl4crn_rne_oscillator_trace_8rxn_stop_risksched085to09_lr1e4_entropy005_s4_c1_rnetol_d256_depth3_p20,seed064,64,220,22000,100,16,114.39565981710273,129.32065119407676,103.19002153466369,False,max_epochs,989.7951369285583
rl4crn_rne_oscillator_trace_8rxn_stop_risksched085to09_lr1e4_entropy005_s4_c1_rnetol_d256_depth3_p20,seed064,64,221,22100,100,16,111.61898346650256,125.80600477894714,103.19002153466369,False,max_epochs,994.8852977752686
rl4crn_rne_oscillator_trace_8rxn_stop_risksched085to09_lr1e4_entropy005_s4_c1_rnetol_d256_depth3_p20,seed064,64,222,22200,100,16,111.76852686985647,125.30769116685937,103.19002153466369,False,max_epochs,999.5644145011902
rl4crn_rne_oscillator_trace_8rxn_stop_risksched085to09_lr1e4_entropy005_s4_c1_rnetol_d256_depth3_p20,seed064,64,223,22300,100,16,113.48238020253375,129.52735025811035,103.19002153466369,False,max_epochs,1004.1642818450928
rl4crn_rne_oscillator_trace_8rxn_stop_risksched085to09_lr1e4_entropy005_s4_c1_rnetol_d256_depth3_p20,seed064,64,224,22400,100,16,111.46632976700467,125.84269307588002,103.19002153466369,False,max_epochs,1008.7706091403961
rl4crn_rne_oscillator_trace_8rxn_stop_risksched085to09_lr1e4_entropy005_s4_c1_rnetol_d256_depth3_p20,seed064,64,225,22500,100,16,113.08729420859497,130.49637362285904,103.19002153466369,False,max_epochs,1011.7406766414642
rl4crn_rne_oscillator_trace_8rxn_stop_risksched085to09_lr1e4_entropy005_s4_c1_rnetol_d256_depth3_p20,seed064,64,226,22600,100,16,113.5336799054596,142.27080175503534,103.19002153466369,False,max_epochs,1015.5668520927429
rl4crn_rne_oscillator_trace_8rxn_stop_risksched085to09_lr1e4_entropy005_s4_c1_rnetol_d256_depth3_p20,seed064,64,227,22700,100,16,113.47803246666095,136.28120745116996,103.19002153466369,False,max_epochs,1020.6784751415253
rl4crn_rne_oscillator_trace_8rxn_stop_risksched085to09_lr1e4_entropy005_s4_c1_rnetol_d256_depth3_p20,seed064,64,228,22800,100,16,112.48965627462425,135.45507407792644,103.19002153466369,False,max_epochs,1025.508207321167
rl4crn_rne_oscillator_trace_8rxn_stop_risksched085to09_lr1e4_entropy005_s4_c1_rnetol_d256_depth3_p20,seed064,64,229,22900,100,16,112.06278234572285,132.7735334109459,103.19002153466369,False,max_epochs,1030.6074442863464
rl4crn_rne_oscillator_trace_8rxn_stop_risksched085to09_lr1e4_entropy005_s4_c1_rnetol_d256_depth3_p20,seed064,64,230,23000,100,16,108.15230416760039,131.8599919124457,103.19002153466369,False,max_epochs,1035.9067010879517
rl4crn_rne_oscillator_trace_8rxn_stop_risksched085to09_lr1e4_entropy005_s4_c1_rnetol_d256_depth3_p20,seed064,64,231,23100,100,16,110.99660177989885,129.63532551426493,103.19002153466369,False,max_epochs,1041.2117500305176
rl4crn_rne_oscillator_trace_8rxn_stop_risksched085to09_lr1e4_entropy005_s4_c1_rnetol_d256_depth3_p20,seed064,64,232,23200,100,16,112.42973214417928,134.25140728258194,103.19002153466369,False,max_epochs,1046.2214078903198
rl4crn_rne_oscillator_trace_8rxn_stop_risksched085to09_lr1e4_entropy005_s4_c1_rnetol_d256_depth3_p20,seed064,64,233,23300,100,16,111.66272966870098,134.63807203927178,103.19002153466369,False,max_epochs,1051.3611364364624
rl4crn_rne_oscillator_trace_8rxn_stop_risksched085to09_lr1e4_entropy005_s4_c1_rnetol_d256_depth3_p20,seed064,64,234,23400,100,16,113.67027686616545,145.93283746080215,103.19002153466369,False,max_epochs,1056.520721912384
rl4crn_rne_oscillator_trace_8rxn_stop_risksched085to09_lr1e4_entropy005_s4_c1_rnetol_d256_depth3_p20,seed064,64,235,23500,100,16,111.96266489325376,136.7038424914134,103.19002153466369,False,max_epochs,1061.8209586143494
rl4crn_rne_oscillator_trace_8rxn_stop_risksched085to09_lr1e4_entropy005_s4_c1_rnetol_d256_depth3_p20,seed064,64,236,23600,100,16,111.80270337484224,138.19982921833667,103.19002153466369,False,max_epochs,1066.8648564815521
rl4crn_rne_oscillator_trace_8rxn_stop_risksched085to09_lr1e4_entropy005_s4_c1_rnetol_d256_depth3_p20,seed064,64,237,23700,100,16,114.10701243194775,134.57108874384102,103.19002153466369,False,max_epochs,1072.1668770313263
rl4crn_rne_oscillator_trace_8rxn_stop_risksched085to09_lr1e4_entropy005_s4_c1_rnetol_d256_depth3_p20,seed064,64,238,23800,100,16,106.3989561651489,128.1620582076491,103.19002153466369,False,max_epochs,1076.8729412555695
rl4crn_rne_oscillator_trace_8rxn_stop_risksched085to09_lr1e4_entropy005_s4_c1_rnetol_d256_depth3_p20,seed064,64,239,23900,100,16,113.53185745924127,125.03180142607326,103.19002153466369,False,max_epochs,1081.2911276817322
rl4crn_rne_oscillator_trace_8rxn_stop_risksched085to09_lr1e4_entropy005_s4_c1_rnetol_d256_depth3_p20,seed064,64,240,24000,100,16,112.75381634230772,128.6834953042825,103.19002153466369,False,max_epochs,1086.0658123493195
rl4crn_rne_oscillator_trace_8rxn_stop_risksched085to09_lr1e4_entropy005_s4_c1_rnetol_d256_depth3_p20,seed064,64,241,24100,100,16,111.95317033344752,128.2607452782243,103.19002153466369,False,max_epochs,1089.9932243824005
rl4crn_rne_oscillator_trace_8rxn_stop_risksched085to09_lr1e4_entropy005_s4_c1_rnetol_d256_depth3_p20,seed064,64,242,24200,100,16,110.20552187799856,128.9469814457538,103.19002153466369,False,max_epochs,1092.7879300117493
rl4crn_rne_oscillator_trace_8rxn_stop_risksched085to09_lr1e4_entropy005_s4_c1_rnetol_d256_depth3_p20,seed064,64,243,24300,100,16,112.92723418833471,129.90843575799371,103.19002153466369,False,max_epochs,1097.8042976856232
rl4crn_rne_oscillator_trace_8rxn_stop_risksched085to09_lr1e4_entropy005_s4_c1_rnetol_d256_depth3_p20,seed064,64,244,24400,100,16,104.27939317931983,127.08897432371221,103.19002153466369,False,max_epochs,1102.6467974185944
rl4crn_rne_oscillator_trace_8rxn_stop_risksched085to09_lr1e4_entropy005_s4_c1_rnetol_d256_depth3_p20,seed064,64,245,24500,100,16,111.44324180344472,128.6541507024562,103.19002153466369,False,max_epochs,1107.9689586162567
rl4crn_rne_oscillator_trace_8rxn_stop_risksched085to09_lr1e4_entropy005_s4_c1_rnetol_d256_depth3_p20,seed064,64,246,24600,100,16,114.01562291898038,135.55508007026717,103.19002153466369,False,max_epochs,1112.7905623912811
rl4crn_rne_oscillator_trace_8rxn_stop_risksched085to09_lr1e4_entropy005_s4_c1_rnetol_d256_depth3_p20,seed064,64,247,24700,100,16,110.61311631416636,136.24859195009964,103.19002153466369,False,max_epochs,1117.768194437027
rl4crn_rne_oscillator_trace_8rxn_stop_risksched085to09_lr1e4_entropy005_s4_c1_rnetol_d256_depth3_p20,seed064,64,248,24800,100,16,112.49463790096335,135.21371464089862,103.19002153466369,False,max_epochs,1122.6261112689972
rl4crn_rne_oscillator_trace_8rxn_stop_risksched085to09_lr1e4_entropy005_s4_c1_rnetol_d256_depth3_p20,seed064,64,249,24900,100,16,111.97886520173608,137.4883933779738,103.19002153466369,False,max_epochs,1127.2009859085083
rl4crn_rne_oscillator_trace_8rxn_stop_risksched085to09_lr1e4_entropy005_s4_c1_rnetol_d256_depth3_p20,seed064,64,250,25000,100,16,114.2612847841073,134.27303402259918,103.19002153466369,False,max_epochs,1131.997325181961
rl4crn_rne_oscillator_trace_8rxn_stop_risksched085to09_lr1e4_entropy005_s4_c1_rnetol_d256_depth3_p20,seed064,64,251,25100,100,16,114.54780303805603,133.86409118180393,103.19002153466369,False,max_epochs,1134.0077164173126
rl4crn_rne_oscillator_trace_8rxn_stop_risksched085to09_lr1e4_entropy005_s4_c1_rnetol_d256_depth3_p20,seed064,64,252,25200,100,16,112.96318147963214,133.13960124410676,103.19002153466369,False,max_epochs,1138.5445835590363
rl4crn_rne_oscillator_trace_8rxn_stop_risksched085to09_lr1e4_entropy005_s4_c1_rnetol_d256_depth3_p20,seed064,64,253,25300,100,16,108.44160881238777,131.62787143770703,103.19002153466369,False,max_epochs,1143.87877035141
rl4crn_rne_oscillator_trace_8rxn_stop_risksched085to09_lr1e4_entropy005_s4_c1_rnetol_d256_depth3_p20,seed064,64,254,25400,100,16,112.09094672093826,137.26311528476964,103.19002153466369,False,max_epochs,1148.6073231697083
rl4crn_rne_oscillator_trace_8rxn_stop_risksched085to09_lr1e4_entropy005_s4_c1_rnetol_d256_depth3_p20,seed064,64,255,25500,100,16,104.35866622099203,138.7410163396098,103.19002153466369,False,max_epochs,1153.2640590667725
rl4crn_rne_oscillator_trace_8rxn_stop_risksched085to09_lr1e4_entropy005_s4_c1_rnetol_d256_depth3_p20,seed064,64,256,25600,100,16,114.09765320040916,136.96244403140892,103.19002153466369,False,max_epochs,1157.930265903473
rl4crn_rne_oscillator_trace_8rxn_stop_risksched085to09_lr1e4_entropy005_s4_c1_rnetol_d256_depth3_p20,seed064,64,257,25700,100,16,108.3002111188327,137.9298133646214,103.19002153466369,False,max_epochs,1162.356535434723
rl4crn_rne_oscillator_trace_8rxn_stop_risksched085to09_lr1e4_entropy005_s4_c1_rnetol_d256_depth3_p20,seed064,64,258,25800,100,16,108.89148137542026,141.38748135154913,103.19002153466369,False,max_epochs,1164.7222621440887
rl4crn_rne_oscillator_trace_8rxn_stop_risksched085to09_lr1e4_entropy005_s4_c1_rnetol_d256_depth3_p20,seed064,64,259,25900,100,16,110.72337984373189,146.2718896295135,103.19002153466369,False,max_epochs,1169.547244310379
rl4crn_rne_oscillator_trace_8rxn_stop_risksched085to09_lr1e4_entropy005_s4_c1_rnetol_d256_depth3_p20,seed064,64,260,26000,100,16,112.4643543186366,146.07167066847626,103.19002153466369,False,max_epochs,1174.2125310897827
rl4crn_rne_oscillator_trace_8rxn_stop_risksched085to09_lr1e4_entropy005_s4_c1_rnetol_d256_depth3_p20,seed064,64,261,26100,100,16,100.50715366589046,141.65348881608142,100.50715366589046,False,max_epochs,1179.3571321964264
rl4crn_rne_oscillator_trace_8rxn_stop_risksched085to09_lr1e4_entropy005_s4_c1_rnetol_d256_depth3_p20,seed064,64,262,26200,100,16,112.98068593774286,137.70360235340297,100.50715366589046,False,max_epochs,1183.946403503418
rl4crn_rne_oscillator_trace_8rxn_stop_risksched085to09_lr1e4_entropy005_s4_c1_rnetol_d256_depth3_p20,seed064,64,263,26300,100,16,110.97523821182611,135.29277873214255,100.50715366589046,False,max_epochs,1188.2823596000671
rl4crn_rne_oscillator_trace_8rxn_stop_risksched085to09_lr1e4_entropy005_s4_c1_rnetol_d256_depth3_p20,seed064,64,264,26400,100,16,107.97831020687936,135.3453858950674,100.50715366589046,False,max_epochs,1192.903424024582
rl4crn_rne_oscillator_trace_8rxn_stop_risksched085to09_lr1e4_entropy005_s4_c1_rnetol_d256_depth3_p20,seed064,64,265,26500,100,16,112.71496019190502,132.8449001188144,100.50715366589046,False,max_epochs,1195.052889585495
rl4crn_rne_oscillator_trace_8rxn_stop_risksched085to09_lr1e4_entropy005_s4_c1_rnetol_d256_depth3_p20,seed064,64,266,26600,100,16,109.46803972590209,130.34687976684734,100.50715366589046,False,max_epochs,1199.512211561203
rl4crn_rne_oscillator_trace_8rxn_stop_risksched085to09_lr1e4_entropy005_s4_c1_rnetol_d256_depth3_p20,seed064,64,267,26700,100,16,112.43866655692824,136.63092953603308,100.50715366589046,False,max_epochs,1204.4499220848083
rl4crn_rne_oscillator_trace_8rxn_stop_risksched085to09_lr1e4_entropy005_s4_c1_rnetol_d256_depth3_p20,seed064,64,268,26800,100,16,105.22863453613958,133.42640506758715,100.50715366589046,False,max_epochs,1209.5195684432983
rl4crn_rne_oscillator_trace_8rxn_stop_risksched085to09_lr1e4_entropy005_s4_c1_rnetol_d256_depth3_p20,seed064,64,269,26900,100,16,111.44029946932264,135.6135774866732,100.50715366589046,False,max_epochs,1214.4359996318817
rl4crn_rne_oscillator_trace_8rxn_stop_risksched085to09_lr1e4_entropy005_s4_c1_rnetol_d256_depth3_p20,seed064,64,270,27000,100,16,106.9093708945487,134.9173599494829,100.50715366589046,False,max_epochs,1218.630670785904
rl4crn_rne_oscillator_trace_8rxn_stop_risksched085to09_lr1e4_entropy005_s4_c1_rnetol_d256_depth3_p20,seed064,64,271,27100,100,16,113.14682557437763,142.51769785133683,100.50715366589046,False,max_epochs,1222.9809620380402
rl4crn_rne_oscillator_trace_8rxn_stop_risksched085to09_lr1e4_entropy005_s4_c1_rnetol_d256_depth3_p20,seed064,64,272,27200,100,16,107.6795065797557,134.8603143690219,100.50715366589046,False,max_epochs,1227.4369933605194
rl4crn_rne_oscillator_trace_8rxn_stop_risksched085to09_lr1e4_entropy005_s4_c1_rnetol_d256_depth3_p20,seed064,64,273,27300,100,16,112.25753035984235,139.4553818863428,100.50715366589046,False,max_epochs,1229.829506635666
rl4crn_rne_oscillator_trace_8rxn_stop_risksched085to09_lr1e4_entropy005_s4_c1_rnetol_d256_depth3_p20,seed064,64,274,27400,100,16,103.11711166205481,133.40955764990443,100.50715366589046,False,max_epochs,1234.425086259842
rl4crn_rne_oscillator_trace_8rxn_stop_risksched085to09_lr1e4_entropy005_s4_c1_rnetol_d256_depth3_p20,seed064,64,275,27500,100,16,113.62556353599905,142.44547128381916,100.50715366589046,False,max_epochs,1239.190409898758
rl4crn_rne_oscillator_trace_8rxn_stop_risksched085to09_lr1e4_entropy005_s4_c1_rnetol_d256_depth3_p20,seed064,64,276,27600,100,16,113.98730573195223,137.23142954635938,100.50715366589046,False,max_epochs,1244.1449329853058
rl4crn_rne_oscillator_trace_8rxn_stop_risksched085to09_lr1e4_entropy005_s4_c1_rnetol_d256_depth3_p20,seed064,64,277,27700,100,16,112.1806959915739,137.02444661675895,100.50715366589046,False,max_epochs,1249.4792313575745
rl4crn_rne_oscillator_trace_8rxn_stop_risksched085to09_lr1e4_entropy005_s4_c1_rnetol_d256_depth3_p20,seed064,64,278,27800,100,16,106.68164738371537,133.48880945150194,100.50715366589046,False,max_epochs,1254.2466621398926
rl4crn_rne_oscillator_trace_8rxn_stop_risksched085to09_lr1e4_entropy005_s4_c1_rnetol_d256_depth3_p20,seed064,64,279,27900,100,16,96.65483962684954,128.3081146055373,96.65483962684954,False,max_epochs,1259.6208577156067
rl4crn_rne_oscillator_trace_8rxn_stop_risksched085to09_lr1e4_entropy005_s4_c1_rnetol_d256_depth3_p20,seed064,64,280,28000,100,16,109.50087465363353,131.863421055353,96.65483962684954,False,max_epochs,1264.186508655548
rl4crn_rne_oscillator_trace_8rxn_stop_risksched085to09_lr1e4_entropy005_s4_c1_rnetol_d256_depth3_p20,seed064,64,281,28100,100,16,103.04170128896536,131.03094275913497,96.65483962684954,False,max_epochs,1268.6792349815369
rl4crn_rne_oscillator_trace_8rxn_stop_risksched085to09_lr1e4_entropy005_s4_c1_rnetol_d256_depth3_p20,seed064,64,282,28200,100,16,111.91385758428294,135.69883954889548,96.65483962684954,False,max_epochs,1271.0130190849304
rl4crn_rne_oscillator_trace_8rxn_stop_risksched085to09_lr1e4_entropy005_s4_c1_rnetol_d256_depth3_p20,seed064,64,283,28300,100,16,109.33721043415137,139.29793852437422,96.65483962684954,False,max_epochs,1275.3928689956665
rl4crn_rne_oscillator_trace_8rxn_stop_risksched085to09_lr1e4_entropy005_s4_c1_rnetol_d256_depth3_p20,seed064,64,284,28400,100,16,112.89055564709449,133.98472843445816,96.65483962684954,False,max_epochs,1280.2289338111877
rl4crn_rne_oscillator_trace_8rxn_stop_risksched085to09_lr1e4_entropy005_s4_c1_rnetol_d256_depth3_p20,seed064,64,285,28500,100,16,103.673731925888,135.59709324649668,96.65483962684954,False,max_epochs,1284.8207285404205
rl4crn_rne_oscillator_trace_8rxn_stop_risksched085to09_lr1e4_entropy005_s4_c1_rnetol_d256_depth3_p20,seed064,64,286,28600,100,16,109.03867439925625,136.0512299344599,96.65483962684954,False,max_epochs,1289.4121339321136
rl4crn_rne_oscillator_trace_8rxn_stop_risksched085to09_lr1e4_entropy005_s4_c1_rnetol_d256_depth3_p20,seed064,64,287,28700,100,16,113.82733327643662,136.75012188258063,96.65483962684954,False,max_epochs,1291.4948534965515
rl4crn_rne_oscillator_trace_8rxn_stop_risksched085to09_lr1e4_entropy005_s4_c1_rnetol_d256_depth3_p20,seed064,64,288,28800,100,16,110.60021119616141,136.67617845283465,96.65483962684954,False,max_epochs,1295.8180932998657
rl4crn_rne_oscillator_trace_8rxn_stop_risksched085to09_lr1e4_entropy005_s4_c1_rnetol_d256_depth3_p20,seed064,64,289,28900,100,16,108.99822729342559,137.55439966938837,96.65483962684954,False,max_epochs,1300.8871133327484
rl4crn_rne_oscillator_trace_8rxn_stop_risksched085to09_lr1e4_entropy005_s4_c1_rnetol_d256_depth3_p20,seed064,64,290,29000,100,16,110.74710997680772,143.37463062437791,96.65483962684954,False,max_epochs,1306.0775775909424
rl4crn_rne_oscillator_trace_8rxn_stop_risksched085to09_lr1e4_entropy005_s4_c1_rnetol_d256_depth3_p20,seed064,64,291,29100,100,16,103.49151716193745,139.1400730928372,96.65483962684954,False,max_epochs,1311.249908208847
rl4crn_rne_oscillator_trace_8rxn_stop_risksched085to09_lr1e4_entropy005_s4_c1_rnetol_d256_depth3_p20,seed064,64,292,29200,100,16,112.20915888269309,137.6582443133065,96.65483962684954,False,max_epochs,1316.4998533725739
rl4crn_rne_oscillator_trace_8rxn_stop_risksched085to09_lr1e4_entropy005_s4_c1_rnetol_d256_depth3_p20,seed064,64,293,29300,100,16,107.83582418849714,143.6538847272548,96.65483962684954,False,max_epochs,1321.6124675273895
rl4crn_rne_oscillator_trace_8rxn_stop_risksched085to09_lr1e4_entropy005_s4_c1_rnetol_d256_depth3_p20,seed064,64,294,29400,100,16,104.24470960295366,135.79762397284716,96.65483962684954,False,max_epochs,1326.831678390503
rl4crn_rne_oscillator_trace_8rxn_stop_risksched085to09_lr1e4_entropy005_s4_c1_rnetol_d256_depth3_p20,seed064,64,295,29500,100,16,109.5993644728304,133.04384174783246,96.65483962684954,False,max_epochs,1331.7344224452972
rl4crn_rne_oscillator_trace_8rxn_stop_risksched085to09_lr1e4_entropy005_s4_c1_rnetol_d256_depth3_p20,seed064,64,296,29600,100,16,106.12649710445085,134.60796664115503,96.65483962684954,False,max_epochs,1336.700790643692
rl4crn_rne_oscillator_trace_8rxn_stop_risksched085to09_lr1e4_entropy005_s4_c1_rnetol_d256_depth3_p20,seed064,64,297,29700,100,16,108.97379590658386,140.35536899009634,96.65483962684954,False,max_epochs,1341.7955384254456
rl4crn_rne_oscillator_trace_8rxn_stop_risksched085to09_lr1e4_entropy005_s4_c1_rnetol_d256_depth3_p20,seed064,64,298,29800,100,16,110.26494080987275,137.66996057916845,96.65483962684954,False,max_epochs,1347.0957159996033
rl4crn_rne_oscillator_trace_8rxn_stop_risksched085to09_lr1e4_entropy005_s4_c1_rnetol_d256_depth3_p20,seed064,64,299,29900,100,16,114.42271374568332,144.28055127873742,96.65483962684954,False,max_epochs,1352.2465181350708
rl4crn_rne_oscillator_trace_8rxn_stop_risksched085to09_lr1e4_entropy005_s4_c1_rnetol_d256_depth3_p20,seed064,64,300,30000,100,16,97.64711633577045,133.17957872429383,96.65483962684954,False,max_epochs,1357.5683748722076
rl4crn_rne_oscillator_trace_8rxn_stop_risksched085to09_lr1e4_entropy005_s4_c1_rnetol_d256_depth3_p20,seed064,64,301,30100,100,16,110.38632421314838,129.44571768736463,96.65483962684954,False,max_epochs,1362.6156425476074
rl4crn_rne_oscillator_trace_8rxn_stop_risksched085to09_lr1e4_entropy005_s4_c1_rnetol_d256_depth3_p20,seed064,64,302,30200,100,16,111.59424708448965,134.3644779655578,96.65483962684954,False,max_epochs,1367.4796831607819
rl4crn_rne_oscillator_trace_8rxn_stop_risksched085to09_lr1e4_entropy005_s4_c1_rnetol_d256_depth3_p20,seed064,64,303,30300,100,16,103.74537079249774,138.59817315283004,96.65483962684954,False,max_epochs,1372.6452231407166
rl4crn_rne_oscillator_trace_8rxn_stop_risksched085to09_lr1e4_entropy005_s4_c1_rnetol_d256_depth3_p20,seed064,64,304,30400,100,16,101.43521785610075,146.53006311481977,96.65483962684954,False,max_epochs,1377.901799917221
rl4crn_rne_oscillator_trace_8rxn_stop_risksched085to09_lr1e4_entropy005_s4_c1_rnetol_d256_depth3_p20,seed064,64,305,30500,100,16,106.12765577227076,152.54717315344504,96.65483962684954,False,max_epochs,1382.8425369262695
rl4crn_rne_oscillator_trace_8rxn_stop_risksched085to09_lr1e4_entropy005_s4_c1_rnetol_d256_depth3_p20,seed064,64,306,30600,100,16,100.59837021598831,147.66620969573285,96.65483962684954,False,max_epochs,1387.4842987060547
rl4crn_rne_oscillator_trace_8rxn_stop_risksched085to09_lr1e4_entropy005_s4_c1_rnetol_d256_depth3_p20,seed064,64,307,30700,100,16,97.80146667898534,145.82346759404098,96.65483962684954,False,max_epochs,1392.0213701725006
rl4crn_rne_oscillator_trace_8rxn_stop_risksched085to09_lr1e4_entropy005_s4_c1_rnetol_d256_depth3_p20,seed064,64,308,30800,100,16,96.93161045229759,139.80410456188508,96.65483962684954,False,max_epochs,1396.5935168266296
rl4crn_rne_oscillator_trace_8rxn_stop_risksched085to09_lr1e4_entropy005_s4_c1_rnetol_d256_depth3_p20,seed064,64,309,30900,100,16,103.4097297347038,134.13254112611514,96.65483962684954,False,max_epochs,1400.6348934173584
rl4crn_rne_oscillator_trace_8rxn_stop_risksched085to09_lr1e4_entropy005_s4_c1_rnetol_d256_depth3_p20,seed064,64,310,31000,100,16,109.288727670185,134.03743540686997,96.65483962684954,False,max_epochs,1403.7447974681854
rl4crn_rne_oscillator_trace_8rxn_stop_risksched085to09_lr1e4_entropy005_s4_c1_rnetol_d256_depth3_p20,seed064,64,311,31100,100,16,101.66656040076889,134.3545347839049,96.65483962684954,False,max_epochs,1408.2169942855835
rl4crn_rne_oscillator_trace_8rxn_stop_risksched085to09_lr1e4_entropy005_s4_c1_rnetol_d256_depth3_p20,seed064,64,312,31200,100,16,106.59816515778783,141.45432940695537,96.65483962684954,False,max_epochs,1413.0302686691284
rl4crn_rne_oscillator_trace_8rxn_stop_risksched085to09_lr1e4_entropy005_s4_c1_rnetol_d256_depth3_p20,seed064,64,313,31300,100,16,106.99941627122504,136.36220050602066,96.65483962684954,False,max_epochs,1418.004242658615
rl4crn_rne_oscillator_trace_8rxn_stop_risksched085to09_lr1e4_entropy005_s4_c1_rnetol_d256_depth3_p20,seed064,64,314,31400,100,16,108.74894534804203,135.36453167058121,96.65483962684954,False,max_epochs,1423.1724932193756
rl4crn_rne_oscillator_trace_8rxn_stop_risksched085to09_lr1e4_entropy005_s4_c1_rnetol_d256_depth3_p20,seed064,64,315,31500,100,16,105.5446921937027,128.6497065968178,96.65483962684954,False,max_epochs,1427.462341785431
rl4crn_rne_oscillator_trace_8rxn_stop_risksched085to09_lr1e4_entropy005_s4_c1_rnetol_d256_depth3_p20,seed064,64,316,31600,100,16,107.28201255875737,129.68444523093996,96.65483962684954,False,max_epochs,1432.109944820404
rl4crn_rne_oscillator_trace_8rxn_stop_risksched085to09_lr1e4_entropy005_s4_c1_rnetol_d256_depth3_p20,seed064,64,317,31700,100,16,94.69398014626918,132.3137823623407,94.69398014626918,False,max_epochs,1434.2314031124115
rl4crn_rne_oscillator_trace_8rxn_stop_risksched085to09_lr1e4_entropy005_s4_c1_rnetol_d256_depth3_p20,seed064,64,318,31800,100,16,103.97185543481896,134.12743700280402,94.69398014626918,False,max_epochs,1438.827018737793
rl4crn_rne_oscillator_trace_8rxn_stop_risksched085to09_lr1e4_entropy005_s4_c1_rnetol_d256_depth3_p20,seed064,64,319,31900,100,16,108.3633400931802,134.48910822735346,94.69398014626918,False,max_epochs,1443.6125648021698
rl4crn_rne_oscillator_trace_8rxn_stop_risksched085to09_lr1e4_entropy005_s4_c1_rnetol_d256_depth3_p20,seed064,64,320,32000,100,16,87.83779935852401,139.4311796012459,87.83779935852401,False,max_epochs,1448.2641832828522
rl4crn_rne_oscillator_trace_8rxn_stop_risksched085to09_lr1e4_entropy005_s4_c1_rnetol_d256_depth3_p20,seed064,64,321,32100,100,16,112.17702220572082,148.89020889823075,87.83779935852401,False,max_epochs,1453.0776453018188
rl4crn_rne_oscillator_trace_8rxn_stop_risksched085to09_lr1e4_entropy005_s4_c1_rnetol_d256_depth3_p20,seed064,64,322,32200,100,16,99.43761348505636,150.73173931984743,87.83779935852401,False,max_epochs,1457.5685169696808
rl4crn_rne_oscillator_trace_8rxn_stop_risksched085to09_lr1e4_entropy005_s4_c1_rnetol_d256_depth3_p20,seed064,64,323,32300,100,16,104.12478335372015,148.42921323895592,87.83779935852401,False,max_epochs,1459.810912847519
rl4crn_rne_oscillator_trace_8rxn_stop_risksched085to09_lr1e4_entropy005_s4_c1_rnetol_d256_depth3_p20,seed064,64,324,32400,100,16,101.90396779973292,144.31881299592126,87.83779935852401,False,max_epochs,1464.3431372642517
rl4crn_rne_oscillator_trace_8rxn_stop_risksched085to09_lr1e4_entropy005_s4_c1_rnetol_d256_depth3_p20,seed064,64,325,32500,100,16,100.97329099747814,134.2235733847478,87.83779935852401,False,max_epochs,1469.0635285377502
rl4crn_rne_oscillator_trace_8rxn_stop_risksched085to09_lr1e4_entropy005_s4_c1_rnetol_d256_depth3_p20,seed064,64,326,32600,100,16,102.7816363886366,139.02425064044246,87.83779935852401,False,max_epochs,1473.546012878418
rl4crn_rne_oscillator_trace_8rxn_stop_risksched085to09_lr1e4_entropy005_s4_c1_rnetol_d256_depth3_p20,seed064,64,327,32700,100,16,103.81155989789235,138.6863712004465,87.83779935852401,False,max_epochs,1478.301612854004
rl4crn_rne_oscillator_trace_8rxn_stop_risksched085to09_lr1e4_entropy005_s4_c1_rnetol_d256_depth3_p20,seed064,64,328,32800,100,16,99.33418760760006,137.7250859750612,87.83779935852401,False,max_epochs,1481.8853747844696
rl4crn_rne_oscillator_trace_8rxn_stop_risksched085to09_lr1e4_entropy005_s4_c1_rnetol_d256_depth3_p20,seed064,64,329,32900,100,16,101.51477415309023,131.22879081691661,87.83779935852401,False,max_epochs,1485.04878115654
rl4crn_rne_oscillator_trace_8rxn_stop_risksched085to09_lr1e4_entropy005_s4_c1_rnetol_d256_depth3_p20,seed064,64,330,33000,100,16,91.6913960057455,135.95695624299051,87.83779935852401,False,max_epochs,1489.75843501091
rl4crn_rne_oscillator_trace_8rxn_stop_risksched085to09_lr1e4_entropy005_s4_c1_rnetol_d256_depth3_p20,seed064,64,331,33100,100,16,108.86028313911922,144.8523265057717,87.83779935852401,False,max_epochs,1495.0349736213684
rl4crn_rne_oscillator_trace_8rxn_stop_risksched085to09_lr1e4_entropy005_s4_c1_rnetol_d256_depth3_p20,seed064,64,332,33200,100,16,95.15108352873744,145.04687461699532,87.83779935852401,False,max_epochs,1499.5928337574005
rl4crn_rne_oscillator_trace_8rxn_stop_risksched085to09_lr1e4_entropy005_s4_c1_rnetol_d256_depth3_p20,seed064,64,333,33300,100,16,108.9202370158516,146.22312930221025,87.83779935852401,False,max_epochs,1504.9617524147034
rl4crn_rne_oscillator_trace_8rxn_stop_risksched085to09_lr1e4_entropy005_s4_c1_rnetol_d256_depth3_p20,seed064,64,334,33400,100,16,111.24336860954662,142.5660323109086,87.83779935852401,False,max_epochs,1509.7466080188751
rl4crn_rne_oscillator_trace_8rxn_stop_risksched085to09_lr1e4_entropy005_s4_c1_rnetol_d256_depth3_p20,seed064,64,335,33500,100,16,103.72344389562619,139.68459352945104,87.83779935852401,False,max_epochs,1515.0272397994995
rl4crn_rne_oscillator_trace_8rxn_stop_risksched085to09_lr1e4_entropy005_s4_c1_rnetol_d256_depth3_p20,seed064,64,336,33600,100,16,106.77743259179375,136.33454496480778,87.83779935852401,False,max_epochs,1519.603327512741
rl4crn_rne_oscillator_trace_8rxn_stop_risksched085to09_lr1e4_entropy005_s4_c1_rnetol_d256_depth3_p20,seed064,64,337,33700,100,16,89.14886921811477,128.2432903286077,87.83779935852401,False,max_epochs,1524.3867993354797
rl4crn_rne_oscillator_trace_8rxn_stop_risksched085to09_lr1e4_entropy005_s4_c1_rnetol_d256_depth3_p20,seed064,64,338,33800,100,16,100.13385020910502,128.56414016047808,87.83779935852401,False,max_epochs,1526.4236481189728
rl4crn_rne_oscillator_trace_8rxn_stop_risksched085to09_lr1e4_entropy005_s4_c1_rnetol_d256_depth3_p20,seed064,64,339,33900,100,16,89.2572941246546,127.89473033715933,87.83779935852401,False,max_epochs,1530.9341311454773
rl4crn_rne_oscillator_trace_8rxn_stop_risksched085to09_lr1e4_entropy005_s4_c1_rnetol_d256_depth3_p20,seed064,64,340,34000,100,16,91.57531644969967,134.2038936272052,87.83779935852401,False,max_epochs,1535.834210395813
rl4crn_rne_oscillator_trace_8rxn_stop_risksched085to09_lr1e4_entropy005_s4_c1_rnetol_d256_depth3_p20,seed064,64,341,34100,100,16,83.35730582844175,136.35361328763292,83.35730582844175,False,max_epochs,1541.1292262077332
rl4crn_rne_oscillator_trace_8rxn_stop_risksched085to09_lr1e4_entropy005_s4_c1_rnetol_d256_depth3_p20,seed064,64,342,34200,100,16,106.60910779726521,147.5915916734839,83.35730582844175,False,max_epochs,1545.991685628891
rl4crn_rne_oscillator_trace_8rxn_stop_risksched085to09_lr1e4_entropy005_s4_c1_rnetol_d256_depth3_p20,seed064,64,343,34300,100,16,106.60697882217929,145.93193709782798,83.35730582844175,False,max_epochs,1550.6954200267792
rl4crn_rne_oscillator_trace_8rxn_stop_risksched085to09_lr1e4_entropy005_s4_c1_rnetol_d256_depth3_p20,seed064,64,344,34400,100,16,106.64935434625598,144.5149355296267,83.35730582844175,False,max_epochs,1555.8536806106567
rl4crn_rne_oscillator_trace_8rxn_stop_risksched085to09_lr1e4_entropy005_s4_c1_rnetol_d256_depth3_p20,seed064,64,345,34500,100,16,97.63403219881307,142.92349307778278,83.35730582844175,False,max_epochs,1561.1553432941437
rl4crn_rne_oscillator_trace_8rxn_stop_risksched085to09_lr1e4_entropy005_s4_c1_rnetol_d256_depth3_p20,seed064,64,346,34600,100,16,89.78148112505889,132.56603008285336,83.35730582844175,False,max_epochs,1565.8821368217468
rl4crn_rne_oscillator_trace_8rxn_stop_risksched085to09_lr1e4_entropy005_s4_c1_rnetol_d256_depth3_p20,seed064,64,347,34700,100,16,82.08760482957139,128.44781724023264,82.08760482957139,False,max_epochs,1570.8794522285461
rl4crn_rne_oscillator_trace_8rxn_stop_risksched085to09_lr1e4_entropy005_s4_c1_rnetol_d256_depth3_p20,seed064,64,348,34800,100,16,107.11317143699287,125.52563637357679,82.08760482957139,False,max_epochs,1576.1740140914917
rl4crn_rne_oscillator_trace_8rxn_stop_risksched085to09_lr1e4_entropy005_s4_c1_rnetol_d256_depth3_p20,seed064,64,349,34900,100,16,102.7428118997913,127.17296208526204,82.08760482957139,False,max_epochs,1581.424411535263
rl4crn_rne_oscillator_trace_8rxn_stop_risksched085to09_lr1e4_entropy005_s4_c1_rnetol_d256_depth3_p20,seed064,64,350,35000,100,16,98.5661215155846,133.96098661243462,82.08760482957139,False,max_epochs,1586.235946893692
rl4crn_rne_oscillator_trace_8rxn_stop_risksched085to09_lr1e4_entropy005_s4_c1_rnetol_d256_depth3_p20,seed064,64,351,35100,100,16,91.93206005140414,134.62845608715813,82.08760482957139,False,max_epochs,1591.2764077186584
rl4crn_rne_oscillator_trace_8rxn_stop_risksched085to09_lr1e4_entropy005_s4_c1_rnetol_d256_depth3_p20,seed064,64,352,35200,100,16,89.01520093186565,141.7276360307522,82.08760482957139,False,max_epochs,1596.4659397602081
rl4crn_rne_oscillator_trace_8rxn_stop_risksched085to09_lr1e4_entropy005_s4_c1_rnetol_d256_depth3_p20,seed064,64,353,35300,100,16,90.34692617409391,136.64690519275433,82.08760482957139,False,max_epochs,1601.800380706787
rl4crn_rne_oscillator_trace_8rxn_stop_risksched085to09_lr1e4_entropy005_s4_c1_rnetol_d256_depth3_p20,seed064,64,354,35400,100,16,95.53680748227671,129.3564304522925,82.08760482957139,False,max_epochs,1606.8163440227509
rl4crn_rne_oscillator_trace_8rxn_stop_risksched085to09_lr1e4_entropy005_s4_c1_rnetol_d256_depth3_p20,seed064,64,355,35500,100,16,93.89173903576605,129.41054576293033,82.08760482957139,False,max_epochs,1612.0328307151794
rl4crn_rne_oscillator_trace_8rxn_stop_risksched085to09_lr1e4_entropy005_s4_c1_rnetol_d256_depth3_p20,seed064,64,356,35600,100,16,91.59630661324702,128.04644287861055,82.08760482957139,False,max_epochs,1616.8489229679108
rl4crn_rne_oscillator_trace_8rxn_stop_risksched085to09_lr1e4_entropy005_s4_c1_rnetol_d256_depth3_p20,seed064,64,357,35700,100,16,91.56961792130893,128.7108276794661,82.08760482957139,False,max_epochs,1621.7885837554932
rl4crn_rne_oscillator_trace_8rxn_stop_risksched085to09_lr1e4_entropy005_s4_c1_rnetol_d256_depth3_p20,seed064,64,358,35800,100,16,97.79568089778336,130.0718909693323,82.08760482957139,False,max_epochs,1626.914090871811
rl4crn_rne_oscillator_trace_8rxn_stop_risksched085to09_lr1e4_entropy005_s4_c1_rnetol_d256_depth3_p20,seed064,64,359,35900,100,16,82.74602808164053,129.45580635386608,82.08760482957139,False,max_epochs,1631.5389552116394
rl4crn_rne_oscillator_trace_8rxn_stop_risksched085to09_lr1e4_entropy005_s4_c1_rnetol_d256_depth3_p20,seed064,64,360,36000,100,16,85.35873577687384,127.93047266448833,82.08760482957139,False,max_epochs,1636.3896934986115
rl4crn_rne_oscillator_trace_8rxn_stop_risksched085to09_lr1e4_entropy005_s4_c1_rnetol_d256_depth3_p20,seed064,64,361,36100,100,16,90.45992627286691,124.69432314932817,82.08760482957139,False,max_epochs,1640.5623693466187
rl4crn_rne_oscillator_trace_8rxn_stop_risksched085to09_lr1e4_entropy005_s4_c1_rnetol_d256_depth3_p20,seed064,64,362,36200,100,16,97.80947541348777,128.08224167698467,82.08760482957139,False,max_epochs,1642.7800483703613
rl4crn_rne_oscillator_trace_8rxn_stop_risksched085to09_lr1e4_entropy005_s4_c1_rnetol_d256_depth3_p20,seed064,64,363,36300,100,16,87.0231974298448,128.68807800636773,82.08760482957139,False,max_epochs,1647.1641254425049
rl4crn_rne_oscillator_trace_8rxn_stop_risksched085to09_lr1e4_entropy005_s4_c1_rnetol_d256_depth3_p20,seed064,64,364,36400,100,16,89.86283351940665,132.28984193909452,82.08760482957139,False,max_epochs,1652.1185746192932
rl4crn_rne_oscillator_trace_8rxn_stop_risksched085to09_lr1e4_entropy005_s4_c1_rnetol_d256_depth3_p20,seed064,64,365,36500,100,16,89.72231413825926,129.22802249832705,82.08760482957139,False,max_epochs,1656.4576666355133
rl4crn_rne_oscillator_trace_8rxn_stop_risksched085to09_lr1e4_entropy005_s4_c1_rnetol_d256_depth3_p20,seed064,64,366,36600,100,16,93.33869011028537,127.72483405860731,82.08760482957139,False,max_epochs,1661.1100754737854
rl4crn_rne_oscillator_trace_8rxn_stop_risksched085to09_lr1e4_entropy005_s4_c1_rnetol_d256_depth3_p20,seed064,64,367,36700,100,16,102.95869774607542,125.08768044362407,82.08760482957139,False,max_epochs,1664.1077766418457
rl4crn_rne_oscillator_trace_8rxn_stop_risksched085to09_lr1e4_entropy005_s4_c1_rnetol_d256_depth3_p20,seed064,64,368,36800,100,16,88.92910871873266,125.88413053619743,82.08760482957139,False,max_epochs,1667.972497701645
rl4crn_rne_oscillator_trace_8rxn_stop_risksched085to09_lr1e4_entropy005_s4_c1_rnetol_d256_depth3_p20,seed064,64,369,36900,100,16,93.74086168783475,133.32684159067648,82.08760482957139,False,max_epochs,1672.7718136310577
rl4crn_rne_oscillator_trace_8rxn_stop_risksched085to09_lr1e4_entropy005_s4_c1_rnetol_d256_depth3_p20,seed064,64,370,37000,100,16,101.02705316620975,133.63569909052984,82.08760482957139,False,max_epochs,1676.8879821300507
rl4crn_rne_oscillator_trace_8rxn_stop_risksched085to09_lr1e4_entropy005_s4_c1_rnetol_d256_depth3_p20,seed064,64,371,37100,100,16,96.59536335130508,130.95056388900986,82.08760482957139,False,max_epochs,1681.6505227088928
rl4crn_rne_oscillator_trace_8rxn_stop_risksched085to09_lr1e4_entropy005_s4_c1_rnetol_d256_depth3_p20,seed064,64,372,37200,100,16,84.86060245226584,131.71658641499587,82.08760482957139,False,max_epochs,1684.5425868034363
rl4crn_rne_oscillator_trace_8rxn_stop_risksched085to09_lr1e4_entropy005_s4_c1_rnetol_d256_depth3_p20,seed064,64,373,37300,100,16,96.75789739497802,128.54175500647074,82.08760482957139,False,max_epochs,1688.0756285190582
rl4crn_rne_oscillator_trace_8rxn_stop_risksched085to09_lr1e4_entropy005_s4_c1_rnetol_d256_depth3_p20,seed064,64,374,37400,100,16,94.59283872176742,127.80200248511973,82.08760482957139,False,max_epochs,1693.2343425750732
rl4crn_rne_oscillator_trace_8rxn_stop_risksched085to09_lr1e4_entropy005_s4_c1_rnetol_d256_depth3_p20,seed064,64,375,37500,100,16,88.18791611108625,127.5469148548861,82.08760482957139,False,max_epochs,1698.1091649532318
rl4crn_rne_oscillator_trace_8rxn_stop_risksched085to09_lr1e4_entropy005_s4_c1_rnetol_d256_depth3_p20,seed064,64,376,37600,100,16,94.85647612277941,128.1024180575067,82.08760482957139,False,max_epochs,1703.1270644664764
rl4crn_rne_oscillator_trace_8rxn_stop_risksched085to09_lr1e4_entropy005_s4_c1_rnetol_d256_depth3_p20,seed064,64,377,37700,100,16,91.54029935575022,130.98311703944827,82.08760482957139,False,max_epochs,1707.9774613380432
rl4crn_rne_oscillator_trace_8rxn_stop_risksched085to09_lr1e4_entropy005_s4_c1_rnetol_d256_depth3_p20,seed064,64,378,37800,100,16,83.85181679350711,126.91169959389535,82.08760482957139,False,max_epochs,1712.6576635837555
rl4crn_rne_oscillator_trace_8rxn_stop_risksched085to09_lr1e4_entropy005_s4_c1_rnetol_d256_depth3_p20,seed064,64,379,37900,100,16,89.19393113627504,125.1334860259349,82.08760482957139,False,max_epochs,1717.3045654296875
rl4crn_rne_oscillator_trace_8rxn_stop_risksched085to09_lr1e4_entropy005_s4_c1_rnetol_d256_depth3_p20,seed064,64,380,38000,100,16,83.46620906713369,123.28080568759744,82.08760482957139,False,max_epochs,1721.2135155200958
rl4crn_rne_oscillator_trace_8rxn_stop_risksched085to09_lr1e4_entropy005_s4_c1_rnetol_d256_depth3_p20,seed064,64,381,38100,100,16,94.57490894603411,127.16030831546973,82.08760482957139,False,max_epochs,1723.7464339733124
rl4crn_rne_oscillator_trace_8rxn_stop_risksched085to09_lr1e4_entropy005_s4_c1_rnetol_d256_depth3_p20,seed064,64,382,38200,100,16,95.16954885027783,130.83275428491572,82.08760482957139,False,max_epochs,1728.9386065006256
rl4crn_rne_oscillator_trace_8rxn_stop_risksched085to09_lr1e4_entropy005_s4_c1_rnetol_d256_depth3_p20,seed064,64,383,38300,100,16,90.61555416073313,130.1542402845985,82.08760482957139,False,max_epochs,1733.5703988075256
rl4crn_rne_oscillator_trace_8rxn_stop_risksched085to09_lr1e4_entropy005_s4_c1_rnetol_d256_depth3_p20,seed064,64,384,38400,100,16,95.48102878334134,125.99715461797706,82.08760482957139,False,max_epochs,1738.2286660671234
rl4crn_rne_oscillator_trace_8rxn_stop_risksched085to09_lr1e4_entropy005_s4_c1_rnetol_d256_depth3_p20,seed064,64,385,38500,100,16,91.02472885340885,127.1127602213491,82.08760482957139,False,max_epochs,1742.9513432979584
rl4crn_rne_oscillator_trace_8rxn_stop_risksched085to09_lr1e4_entropy005_s4_c1_rnetol_d256_depth3_p20,seed064,64,386,38600,100,16,89.21717172862556,125.41399533027952,82.08760482957139,False,max_epochs,1747.3591258525848
rl4crn_rne_oscillator_trace_8rxn_stop_risksched085to09_lr1e4_entropy005_s4_c1_rnetol_d256_depth3_p20,seed064,64,387,38700,100,16,90.04551468142,125.23832197643604,82.08760482957139,False,max_epochs,1749.7339735031128
rl4crn_rne_oscillator_trace_8rxn_stop_risksched085to09_lr1e4_entropy005_s4_c1_rnetol_d256_depth3_p20,seed064,64,388,38800,100,16,91.87351029879206,128.7967776463388,82.08760482957139,False,max_epochs,1754.306883096695
rl4crn_rne_oscillator_trace_8rxn_stop_risksched085to09_lr1e4_entropy005_s4_c1_rnetol_d256_depth3_p20,seed064,64,389,38900,100,16,89.6839412585692,129.86089086217984,82.08760482957139,False,max_epochs,1759.4589462280273
rl4crn_rne_oscillator_trace_8rxn_stop_risksched085to09_lr1e4_entropy005_s4_c1_rnetol_d256_depth3_p20,seed064,64,390,39000,100,16,90.24269165454835,128.2613782546506,82.08760482957139,False,max_epochs,1764.8172256946564
rl4crn_rne_oscillator_trace_8rxn_stop_risksched085to09_lr1e4_entropy005_s4_c1_rnetol_d256_depth3_p20,seed064,64,391,39100,100,16,92.11547807523475,124.02229503522881,82.08760482957139,False,max_epochs,1769.491461277008
rl4crn_rne_oscillator_trace_8rxn_stop_risksched085to09_lr1e4_entropy005_s4_c1_rnetol_d256_depth3_p20,seed064,64,392,39200,100,16,90.95250864512656,123.58243826511239,82.08760482957139,False,max_epochs,1773.8139171600342
rl4crn_rne_oscillator_trace_8rxn_stop_risksched085to09_lr1e4_entropy005_s4_c1_rnetol_d256_depth3_p20,seed064,64,393,39300,100,16,88.91955622371724,126.83009796968508,82.08760482957139,False,max_epochs,1778.5000076293945
rl4crn_rne_oscillator_trace_8rxn_stop_risksched085to09_lr1e4_entropy005_s4_c1_rnetol_d256_depth3_p20,seed064,64,394,39400,100,16,89.89133515836696,127.40411515385617,82.08760482957139,False,max_epochs,1780.7360980510712
rl4crn_rne_oscillator_trace_8rxn_stop_risksched085to09_lr1e4_entropy005_s4_c1_rnetol_d256_depth3_p20,seed064,64,395,39500,100,16,90.9654448100028,128.55476066888326,82.08760482957139,False,max_epochs,1784.7013585567474
rl4crn_rne_oscillator_trace_8rxn_stop_risksched085to09_lr1e4_entropy005_s4_c1_rnetol_d256_depth3_p20,seed064,64,396,39600,100,16,87.41009539076035,129.84973862684944,82.08760482957139,False,max_epochs,1789.308078289032
rl4crn_rne_oscillator_trace_8rxn_stop_risksched085to09_lr1e4_entropy005_s4_c1_rnetol_d256_depth3_p20,seed064,64,397,39700,100,16,84.85414117120605,132.07201036303627,82.08760482957139,False,max_epochs,1793.8572840690613
rl4crn_rne_oscillator_trace_8rxn_stop_risksched085to09_lr1e4_entropy005_s4_c1_rnetol_d256_depth3_p20,seed064,64,398,39800,100,16,83.29681387224049,128.94537065797368,82.08760482957139,False,max_epochs,1798.4067556858063
rl4crn_rne_oscillator_trace_8rxn_stop_risksched085to09_lr1e4_entropy005_s4_c1_rnetol_d256_depth3_p20,seed064,64,399,39900,100,16,84.34271021545224,128.60097479005094,82.08760482957139,False,max_epochs,1802.7836821079254
rl4crn_rne_oscillator_trace_8rxn_stop_risksched085to09_lr1e4_entropy005_s4_c1_rnetol_d256_depth3_p20,seed064,64,400,40000,100,16,85.34195875293382,125.69895726124919,82.08760482957139,False,max_epochs,1805.0317199230194
rl4crn_rne_oscillator_trace_8rxn_stop_risksched085to09_lr1e4_entropy005_s4_c1_rnetol_d256_depth3_p20,seed064,64,401,40100,100,16,95.65486325391319,125.77744650180718,82.08760482957139,False,max_epochs,1809.6323046684265
rl4crn_rne_oscillator_trace_8rxn_stop_risksched085to09_lr1e4_entropy005_s4_c1_rnetol_d256_depth3_p20,seed064,64,402,40200,100,16,91.32459713835001,124.05203250110102,82.08760482957139,False,max_epochs,1814.1452174186707
rl4crn_rne_oscillator_trace_8rxn_stop_risksched085to09_lr1e4_entropy005_s4_c1_rnetol_d256_depth3_p20,seed064,64,403,40300,100,16,83.70604362238434,124.91700630243292,82.08760482957139,False,max_epochs,1818.6848225593567
rl4crn_rne_oscillator_trace_8rxn_stop_risksched085to09_lr1e4_entropy005_s4_c1_rnetol_d256_depth3_p20,seed064,64,404,40400,100,16,97.00433774289269,122.75665319969903,82.08760482957139,False,max_epochs,1823.090801000595
rl4crn_rne_oscillator_trace_8rxn_stop_risksched085to09_lr1e4_entropy005_s4_c1_rnetol_d256_depth3_p20,seed064,64,405,40500,100,16,99.1015042333809,126.5702939352957,82.08760482957139,False,max_epochs,1826.223760843277
rl4crn_rne_oscillator_trace_8rxn_stop_risksched085to09_lr1e4_entropy005_s4_c1_rnetol_d256_depth3_p20,seed064,64,406,40600,100,16,101.56326337058736,126.81456669834847,82.08760482957139,False,max_epochs,1829.8566772937775
rl4crn_rne_oscillator_trace_8rxn_stop_risksched085to09_lr1e4_entropy005_s4_c1_rnetol_d256_depth3_p20,seed064,64,407,40700,100,16,87.91932456346444,127.11952296589459,82.08760482957139,False,max_epochs,1834.9766864776611
rl4crn_rne_oscillator_trace_8rxn_stop_risksched085to09_lr1e4_entropy005_s4_c1_rnetol_d256_depth3_p20,seed064,64,408,40800,100,16,91.01399871049928,131.5358819268083,82.08760482957139,False,max_epochs,1840.082326889038
rl4crn_rne_oscillator_trace_8rxn_stop_risksched085to09_lr1e4_entropy005_s4_c1_rnetol_d256_depth3_p20,seed064,64,409,40900,100,16,103.37996893622481,135.53633931355955,82.08760482957139,False,max_epochs,1845.5022099018097
rl4crn_rne_oscillator_trace_8rxn_stop_risksched085to09_lr1e4_entropy005_s4_c1_rnetol_d256_depth3_p20,seed064,64,410,41000,100,16,95.33602822792729,137.23045568425894,82.08760482957139,False,max_epochs,1850.13165974617
rl4crn_rne_oscillator_trace_8rxn_stop_risksched085to09_lr1e4_entropy005_s4_c1_rnetol_d256_depth3_p20,seed064,64,411,41100,100,16,94.86390302691669,133.06490910177055,82.08760482957139,False,max_epochs,1855.6008729934692
rl4crn_rne_oscillator_trace_8rxn_stop_risksched085to09_lr1e4_entropy005_s4_c1_rnetol_d256_depth3_p20,seed064,64,412,41200,100,16,85.42714851151698,130.92653484897085,82.08760482957139,False,max_epochs,1860.6468510627747
rl4crn_rne_oscillator_trace_8rxn_stop_risksched085to09_lr1e4_entropy005_s4_c1_rnetol_d256_depth3_p20,seed064,64,413,41300,100,16,94.12158114870815,128.8988249182155,82.08760482957139,False,max_epochs,1865.6915543079376
rl4crn_rne_oscillator_trace_8rxn_stop_risksched085to09_lr1e4_entropy005_s4_c1_rnetol_d256_depth3_p20,seed064,64,414,41400,100,16,86.0441992081054,123.45335024145251,82.08760482957139,False,max_epochs,1870.7440786361694
rl4crn_rne_oscillator_trace_8rxn_stop_risksched085to09_lr1e4_entropy005_s4_c1_rnetol_d256_depth3_p20,seed064,64,415,41500,100,16,99.38493753883041,125.78620126940558,82.08760482957139,False,max_epochs,1875.6977348327637
rl4crn_rne_oscillator_trace_8rxn_stop_risksched085to09_lr1e4_entropy005_s4_c1_rnetol_d256_depth3_p20,seed064,64,416,41600,100,16,101.7234478044759,127.14546115428598,82.08760482957139,False,max_epochs,1880.8743424415588
rl4crn_rne_oscillator_trace_8rxn_stop_risksched085to09_lr1e4_entropy005_s4_c1_rnetol_d256_depth3_p20,seed064,64,417,41700,100,16,91.31738506395156,128.3708938340215,82.08760482957139,False,max_epochs,1886.0801274776459
rl4crn_rne_oscillator_trace_8rxn_stop_risksched085to09_lr1e4_entropy005_s4_c1_rnetol_d256_depth3_p20,seed064,64,418,41800,100,16,92.65996762463823,128.46507912381696,82.08760482957139,False,max_epochs,1890.4805319309235
rl4crn_rne_oscillator_trace_8rxn_stop_risksched085to09_lr1e4_entropy005_s4_c1_rnetol_d256_depth3_p20,seed064,64,419,41900,100,16,97.81533810663278,131.0592775529184,82.08760482957139,False,max_epochs,1895.171395778656
rl4crn_rne_oscillator_trace_8rxn_stop_risksched085to09_lr1e4_entropy005_s4_c1_rnetol_d256_depth3_p20,seed064,64,420,42000,100,16,96.75775525541195,129.22714515519314,82.08760482957139,False,max_epochs,1897.2387330532074
rl4crn_rne_oscillator_trace_8rxn_stop_risksched085to09_lr1e4_entropy005_s4_c1_rnetol_d256_depth3_p20,seed064,64,421,42100,100,16,96.74177318883237,127.55853017264894,82.08760482957139,False,max_epochs,1901.9451189041138
rl4crn_rne_oscillator_trace_8rxn_stop_risksched085to09_lr1e4_entropy005_s4_c1_rnetol_d256_depth3_p20,seed064,64,422,42200,100,16,86.74027102797788,128.62736041926019,82.08760482957139,False,max_epochs,1906.6424942016602
rl4crn_rne_oscillator_trace_8rxn_stop_risksched085to09_lr1e4_entropy005_s4_c1_rnetol_d256_depth3_p20,seed064,64,423,42300,100,16,97.94935199456525,128.54316875528554,82.08760482957139,False,max_epochs,1911.371234178543
rl4crn_rne_oscillator_trace_8rxn_stop_risksched085to09_lr1e4_entropy005_s4_c1_rnetol_d256_depth3_p20,seed064,64,424,42400,100,16,89.84692891037038,122.90572308999398,82.08760482957139,False,max_epochs,1916.0072708129883
rl4crn_rne_oscillator_trace_8rxn_stop_risksched085to09_lr1e4_entropy005_s4_c1_rnetol_d256_depth3_p20,seed064,64,425,42500,100,16,95.5670588933639,127.90138362876797,82.08760482957139,False,max_epochs,1920.3240711688995
rl4crn_rne_oscillator_trace_8rxn_stop_risksched085to09_lr1e4_entropy005_s4_c1_rnetol_d256_depth3_p20,seed064,64,426,42600,100,16,94.04945107904453,127.8710347341663,82.08760482957139,False,max_epochs,1923.2578275203705
rl4crn_rne_oscillator_trace_8rxn_stop_risksched085to09_lr1e4_entropy005_s4_c1_rnetol_d256_depth3_p20,seed064,64,427,42700,100,16,97.6463011456801,126.28311927231528,82.08760482957139,False,max_epochs,1927.3439507484436
rl4crn_rne_oscillator_trace_8rxn_stop_risksched085to09_lr1e4_entropy005_s4_c1_rnetol_d256_depth3_p20,seed064,64,428,42800,100,16,93.77120992730312,129.90635371749485,82.08760482957139,False,max_epochs,1932.3767096996307
rl4crn_rne_oscillator_trace_8rxn_stop_risksched085to09_lr1e4_entropy005_s4_c1_rnetol_d256_depth3_p20,seed064,64,429,42900,100,16,100.30047173296762,129.6096887612636,82.08760482957139,False,max_epochs,1937.6469905376434
rl4crn_rne_oscillator_trace_8rxn_stop_risksched085to09_lr1e4_entropy005_s4_c1_rnetol_d256_depth3_p20,seed064,64,430,43000,100,16,83.87618244390895,128.18590449554932,82.08760482957139,False,max_epochs,1942.4239881038666
rl4crn_rne_oscillator_trace_8rxn_stop_risksched085to09_lr1e4_entropy005_s4_c1_rnetol_d256_depth3_p20,seed064,64,431,43100,100,16,87.10842710999827,127.51065318079932,82.08760482957139,False,max_epochs,1947.2453594207764
rl4crn_rne_oscillator_trace_8rxn_stop_risksched085to09_lr1e4_entropy005_s4_c1_rnetol_d256_depth3_p20,seed064,64,432,43200,100,16,86.4220931593006,127.23712749145388,82.08760482957139,False,max_epochs,1951.9108583927155
rl4crn_rne_oscillator_trace_8rxn_stop_risksched085to09_lr1e4_entropy005_s4_c1_rnetol_d256_depth3_p20,seed064,64,433,43300,100,16,81.8533105447101,128.30033621091218,81.8533105447101,False,max_epochs,1956.6848723888397
rl4crn_rne_oscillator_trace_8rxn_stop_risksched085to09_lr1e4_entropy005_s4_c1_rnetol_d256_depth3_p20,seed064,64,434,43400,100,16,89.06367751521188,134.73991386138482,81.8533105447101,False,max_epochs,1958.6792271137238
rl4crn_rne_oscillator_trace_8rxn_stop_risksched085to09_lr1e4_entropy005_s4_c1_rnetol_d256_depth3_p20,seed064,64,435,43500,100,16,107.79713930147749,136.38109642598067,81.8533105447101,False,max_epochs,1963.4754321575165
rl4crn_rne_oscillator_trace_8rxn_stop_risksched085to09_lr1e4_entropy005_s4_c1_rnetol_d256_depth3_p20,seed064,64,436,43600,100,16,93.92231589242478,138.00045162523497,81.8533105447101,False,max_epochs,1968.0542254447937
rl4crn_rne_oscillator_trace_8rxn_stop_risksched085to09_lr1e4_entropy005_s4_c1_rnetol_d256_depth3_p20,seed064,64,437,43700,100,16,100.19667856235814,133.21932987301165,81.8533105447101,False,max_epochs,1972.862463235855
rl4crn_rne_oscillator_trace_8rxn_stop_risksched085to09_lr1e4_entropy005_s4_c1_rnetol_d256_depth3_p20,seed064,64,438,43800,100,16,95.29389874085611,132.09563298522647,81.8533105447101,False,max_epochs,1977.428508758545
rl4crn_rne_oscillator_trace_8rxn_stop_risksched085to09_lr1e4_entropy005_s4_c1_rnetol_d256_depth3_p20,seed064,64,439,43900,100,16,78.95105894495892,128.439837508139,78.95105894495892,False,max_epochs,1982.2902882099152
rl4crn_rne_oscillator_trace_8rxn_stop_risksched085to09_lr1e4_entropy005_s4_c1_rnetol_d256_depth3_p20,seed064,64,440,44000,100,16,99.62202521885159,124.46494424764307,78.95105894495892,False,max_epochs,1986.6960639953613
rl4crn_rne_oscillator_trace_8rxn_stop_risksched085to09_lr1e4_entropy005_s4_c1_rnetol_d256_depth3_p20,seed064,64,441,44100,100,16,97.44146148640719,125.7307298213167,78.95105894495892,False,max_epochs,1988.7791364192963
rl4crn_rne_oscillator_trace_8rxn_stop_risksched085to09_lr1e4_entropy005_s4_c1_rnetol_d256_depth3_p20,seed064,64,442,44200,100,16,95.07499310046339,124.89488794501817,78.95105894495892,False,max_epochs,1993.2902505397797
rl4crn_rne_oscillator_trace_8rxn_stop_risksched085to09_lr1e4_entropy005_s4_c1_rnetol_d256_depth3_p20,seed064,64,443,44300,100,16,85.12902454215389,123.27680164370669,78.95105894495892,False,max_epochs,1997.8906962871552
rl4crn_rne_oscillator_trace_8rxn_stop_risksched085to09_lr1e4_entropy005_s4_c1_rnetol_d256_depth3_p20,seed064,64,444,44400,100,16,87.55426831504913,126.67342812176736,78.95105894495892,False,max_epochs,2003.0497028827667
rl4crn_rne_oscillator_trace_8rxn_stop_risksched085to09_lr1e4_entropy005_s4_c1_rnetol_d256_depth3_p20,seed064,64,445,44500,100,16,87.4312857866697,128.36515858288885,78.95105894495892,False,max_epochs,2007.4071123600006
rl4crn_rne_oscillator_trace_8rxn_stop_risksched085to09_lr1e4_entropy005_s4_c1_rnetol_d256_depth3_p20,seed064,64,446,44600,100,16,85.31895648508038,128.52482098399742,78.95105894495892,False,max_epochs,2012.1457104682922
rl4crn_rne_oscillator_trace_8rxn_stop_risksched085to09_lr1e4_entropy005_s4_c1_rnetol_d256_depth3_p20,seed064,64,447,44700,100,16,79.49760853068219,129.97755347689647,78.95105894495892,False,max_epochs,2014.2053322792053
rl4crn_rne_oscillator_trace_8rxn_stop_risksched085to09_lr1e4_entropy005_s4_c1_rnetol_d256_depth3_p20,seed064,64,448,44800,100,16,81.51174911493219,129.9305246386046,78.95105894495892,False,max_epochs,2018.8464300632477
rl4crn_rne_oscillator_trace_8rxn_stop_risksched085to09_lr1e4_entropy005_s4_c1_rnetol_d256_depth3_p20,seed064,64,449,44900,100,16,81.31368828236548,128.68656253645423,78.95105894495892,False,max_epochs,2023.4224185943604
rl4crn_rne_oscillator_trace_8rxn_stop_risksched085to09_lr1e4_entropy005_s4_c1_rnetol_d256_depth3_p20,seed064,64,450,45000,100,16,79.8858176736704,127.17273441347348,78.95105894495892,False,max_epochs,2028.205052614212
rl4crn_rne_oscillator_trace_8rxn_stop_risksched085to09_lr1e4_entropy005_s4_c1_rnetol_d256_depth3_p20,seed064,64,451,45100,100,16,87.40852599832556,127.28405172057242,78.95105894495892,False,max_epochs,2033.5240006446838
rl4crn_rne_oscillator_trace_8rxn_stop_risksched085to09_lr1e4_entropy005_s4_c1_rnetol_d256_depth3_p20,seed064,64,452,45200,100,16,81.21886300601179,127.2605050493647,78.95105894495892,False,max_epochs,2038.0672721862793
rl4crn_rne_oscillator_trace_8rxn_stop_risksched085to09_lr1e4_entropy005_s4_c1_rnetol_d256_depth3_p20,seed064,64,453,45300,100,16,84.82154967415795,124.91607002243268,78.95105894495892,False,max_epochs,2042.4691798686981
rl4crn_rne_oscillator_trace_8rxn_stop_risksched085to09_lr1e4_entropy005_s4_c1_rnetol_d256_depth3_p20,seed064,64,454,45400,100,16,85.83638041790302,125.64186470112796,78.95105894495892,False,max_epochs,2046.890964269638
rl4crn_rne_oscillator_trace_8rxn_stop_risksched085to09_lr1e4_entropy005_s4_c1_rnetol_d256_depth3_p20,seed064,64,455,45500,100,16,86.5395957696286,125.52766678391538,78.95105894495892,False,max_epochs,2050.4425513744354
rl4crn_rne_oscillator_trace_8rxn_stop_risksched085to09_lr1e4_entropy005_s4_c1_rnetol_d256_depth3_p20,seed064,64,456,45600,100,16,92.95382914164608,125.01938198095223,78.95105894495892,False,max_epochs,2053.7489833831787
rl4crn_rne_oscillator_trace_8rxn_stop_risksched085to09_lr1e4_entropy005_s4_c1_rnetol_d256_depth3_p20,seed064,64,457,45700,100,16,81.57636876647611,128.4578359296189,78.95105894495892,False,max_epochs,2058.6300411224365
rl4crn_rne_oscillator_trace_8rxn_stop_risksched085to09_lr1e4_entropy005_s4_c1_rnetol_d256_depth3_p20,seed064,64,458,45800,100,16,84.40735999823549,130.32484530921585,78.95105894495892,False,max_epochs,2063.4080953598022
rl4crn_rne_oscillator_trace_8rxn_stop_risksched085to09_lr1e4_entropy005_s4_c1_rnetol_d256_depth3_p20,seed064,64,459,45900,100,16,82.73052722195975,132.14944123991597,78.95105894495892,False,max_epochs,2068.4444835186005
rl4crn_rne_oscillator_trace_8rxn_stop_risksched085to09_lr1e4_entropy005_s4_c1_rnetol_d256_depth3_p20,seed064,64,460,46000,100,16,86.55553145358384,131.52926497652584,78.95105894495892,False,max_epochs,2072.9711887836456
rl4crn_rne_oscillator_trace_8rxn_stop_risksched085to09_lr1e4_entropy005_s4_c1_rnetol_d256_depth3_p20,seed064,64,461,46100,100,16,80.27018720575686,129.21909769992322,78.95105894495892,False,max_epochs,2077.768146276474
rl4crn_rne_oscillator_trace_8rxn_stop_risksched085to09_lr1e4_entropy005_s4_c1_rnetol_d256_depth3_p20,seed064,64,462,46200,100,16,79.75606058583128,129.90167731279564,78.95105894495892,False,max_epochs,2080.023625612259
rl4crn_rne_oscillator_trace_8rxn_stop_risksched085to09_lr1e4_entropy005_s4_c1_rnetol_d256_depth3_p20,seed064,64,463,46300,100,16,80.35081193837418,128.50831961613102,78.95105894495892,False,max_epochs,2084.2961876392365
rl4crn_rne_oscillator_trace_8rxn_stop_risksched085to09_lr1e4_entropy005_s4_c1_rnetol_d256_depth3_p20,seed064,64,464,46400,100,16,78.52678338172471,128.53248854744328,78.52678338172471,False,max_epochs,2089.2921056747437
rl4crn_rne_oscillator_trace_8rxn_stop_risksched085to09_lr1e4_entropy005_s4_c1_rnetol_d256_depth3_p20,seed064,64,465,46500,100,16,82.73276244378212,126.2767136626991,78.52678338172471,False,max_epochs,2093.8904016017914
rl4crn_rne_oscillator_trace_8rxn_stop_risksched085to09_lr1e4_entropy005_s4_c1_rnetol_d256_depth3_p20,seed064,64,466,46600,100,16,87.5980379704475,125.79415094394832,78.52678338172471,False,max_epochs,2099.125560283661
rl4crn_rne_oscillator_trace_8rxn_stop_risksched085to09_lr1e4_entropy005_s4_c1_rnetol_d256_depth3_p20,seed064,64,467,46700,100,16,82.22480779695226,126.53170638153912,78.52678338172471,False,max_epochs,2104.016387462616
rl4crn_rne_oscillator_trace_8rxn_stop_risksched085to09_lr1e4_entropy005_s4_c1_rnetol_d256_depth3_p20,seed064,64,468,46800,100,16,88.66328215991837,125.78027074616153,78.52678338172471,False,max_epochs,2108.7695972919464
rl4crn_rne_oscillator_trace_8rxn_stop_risksched085to09_lr1e4_entropy005_s4_c1_rnetol_d256_depth3_p20,seed064,64,469,46900,100,16,81.00684381884942,125.99092482407866,78.52678338172471,False,max_epochs,2113.361829519272
rl4crn_rne_oscillator_trace_8rxn_stop_risksched085to09_lr1e4_entropy005_s4_c1_rnetol_d256_depth3_p20,seed064,64,470,47000,100,16,86.9835529923707,127.55864277637588,78.52678338172471,False,max_epochs,2117.9200558662415
rl4crn_rne_oscillator_trace_8rxn_stop_risksched085to09_lr1e4_entropy005_s4_c1_rnetol_d256_depth3_p20,seed064,64,471,47100,100,16,81.17885820452308,129.69085083305959,78.52678338172471,False,max_epochs,2120.1521360874176
rl4crn_rne_oscillator_trace_8rxn_stop_risksched085to09_lr1e4_entropy005_s4_c1_rnetol_d256_depth3_p20,seed064,64,472,47200,100,16,80.6184257083868,129.04367585519736,78.52678338172471,False,max_epochs,2124.495727300644
rl4crn_rne_oscillator_trace_8rxn_stop_risksched085to09_lr1e4_entropy005_s4_c1_rnetol_d256_depth3_p20,seed064,64,473,47300,100,16,79.1640828434897,129.84626619483998,78.52678338172471,False,max_epochs,2129.049724817276
rl4crn_rne_oscillator_trace_8rxn_stop_risksched085to09_lr1e4_entropy005_s4_c1_rnetol_d256_depth3_p20,seed064,64,474,47400,100,16,78.26578309181376,130.24320507557601,78.26578309181376,False,max_epochs,2133.8706464767456
rl4crn_rne_oscillator_trace_8rxn_stop_risksched085to09_lr1e4_entropy005_s4_c1_rnetol_d256_depth3_p20,seed064,64,475,47500,100,16,79.11502383834662,129.67800760011198,78.26578309181376,False,max_epochs,2138.391640663147
rl4crn_rne_oscillator_trace_8rxn_stop_risksched085to09_lr1e4_entropy005_s4_c1_rnetol_d256_depth3_p20,seed064,64,476,47600,100,16,81.5263240124896,128.48430456922108,78.26578309181376,False,max_epochs,2142.926945924759
rl4crn_rne_oscillator_trace_8rxn_stop_risksched085to09_lr1e4_entropy005_s4_c1_rnetol_d256_depth3_p20,seed064,64,477,47700,100,16,78.5703788454585,129.313613142917,78.26578309181376,False,max_epochs,2146.5887534618378
rl4crn_rne_oscillator_trace_8rxn_stop_risksched085to09_lr1e4_entropy005_s4_c1_rnetol_d256_depth3_p20,seed064,64,478,47800,100,16,83.29519345068499,129.10375425159742,78.26578309181376,False,max_epochs,2149.8624453544617
rl4crn_rne_oscillator_trace_8rxn_stop_risksched085to09_lr1e4_entropy005_s4_c1_rnetol_d256_depth3_p20,seed064,64,479,47900,100,16,78.89788556817565,127.21238973581058,78.26578309181376,False,max_epochs,2154.3776438236237
rl4crn_rne_oscillator_trace_8rxn_stop_risksched085to09_lr1e4_entropy005_s4_c1_rnetol_d256_depth3_p20,seed064,64,480,48000,100,16,80.73288339873554,128.63336416319945,78.26578309181376,False,max_epochs,2159.01287984848
rl4crn_rne_oscillator_trace_8rxn_stop_risksched085to09_lr1e4_entropy005_s4_c1_rnetol_d256_depth3_p20,seed064,64,481,48100,100,16,80.56232089687222,128.43329132311692,78.26578309181376,False,max_epochs,2163.454051733017
rl4crn_rne_oscillator_trace_8rxn_stop_risksched085to09_lr1e4_entropy005_s4_c1_rnetol_d256_depth3_p20,seed064,64,482,48200,100,16,77.18441130888816,128.32175782786288,77.18441130888816,False,max_epochs,2168.770263671875
rl4crn_rne_oscillator_trace_8rxn_stop_risksched085to09_lr1e4_entropy005_s4_c1_rnetol_d256_depth3_p20,seed064,64,483,48300,100,16,76.87321506655705,127.44440115312673,76.87321506655705,False,max_epochs,2173.4854464530945
rl4crn_rne_oscillator_trace_8rxn_stop_risksched085to09_lr1e4_entropy005_s4_c1_rnetol_d256_depth3_p20,seed064,64,484,48400,100,16,82.0454020270447,129.3699072866758,76.87321506655705,False,max_epochs,2177.92333316803
rl4crn_rne_oscillator_trace_8rxn_stop_risksched085to09_lr1e4_entropy005_s4_c1_rnetol_d256_depth3_p20,seed064,64,485,48500,100,16,86.67274324910598,127.24593905215417,76.87321506655705,False,max_epochs,2181.537206172943
rl4crn_rne_oscillator_trace_8rxn_stop_risksched085to09_lr1e4_entropy005_s4_c1_rnetol_d256_depth3_p20,seed064,64,486,48600,100,16,78.75620871725187,129.15237399507257,76.87321506655705,False,max_epochs,2184.6329572200775
rl4crn_rne_oscillator_trace_8rxn_stop_risksched085to09_lr1e4_entropy005_s4_c1_rnetol_d256_depth3_p20,seed064,64,487,48700,100,16,76.46506455032332,128.92067725968298,76.46506455032332,False,max_epochs,2189.6309049129486
rl4crn_rne_oscillator_trace_8rxn_stop_risksched085to09_lr1e4_entropy005_s4_c1_rnetol_d256_depth3_p20,seed064,64,488,48800,100,16,74.97333039148718,128.34864811622478,74.97333039148718,False,max_epochs,2194.8393342494965
rl4crn_rne_oscillator_trace_8rxn_stop_risksched085to09_lr1e4_entropy005_s4_c1_rnetol_d256_depth3_p20,seed064,64,489,48900,100,16,77.49930254919028,127.82672741476135,74.97333039148718,False,max_epochs,2199.517890691757
rl4crn_rne_oscillator_trace_8rxn_stop_risksched085to09_lr1e4_entropy005_s4_c1_rnetol_d256_depth3_p20,seed064,64,490,49000,100,16,80.25531845821767,126.67327705705776,74.97333039148718,False,max_epochs,2204.6464579105377
rl4crn_rne_oscillator_trace_8rxn_stop_risksched085to09_lr1e4_entropy005_s4_c1_rnetol_d256_depth3_p20,seed064,64,491,49100,100,16,75.89484364610198,125.92714110563017,74.97333039148718,False,max_epochs,2209.638343334198
rl4crn_rne_oscillator_trace_8rxn_stop_risksched085to09_lr1e4_entropy005_s4_c1_rnetol_d256_depth3_p20,seed064,64,492,49200,100,16,77.74679545129698,126.67554372919102,74.97333039148718,False,max_epochs,2215.2529368400574
rl4crn_rne_oscillator_trace_8rxn_stop_risksched085to09_lr1e4_entropy005_s4_c1_rnetol_d256_depth3_p20,seed064,64,493,49300,100,16,77.99413523995885,124.96392503043273,74.97333039148718,False,max_epochs,2219.84699678421
rl4crn_rne_oscillator_trace_8rxn_stop_risksched085to09_lr1e4_entropy005_s4_c1_rnetol_d256_depth3_p20,seed064,64,494,49400,100,16,77.85923589300285,129.5462490254742,74.97333039148718,False,max_epochs,2224.4530692100525
rl4crn_rne_oscillator_trace_8rxn_stop_risksched085to09_lr1e4_entropy005_s4_c1_rnetol_d256_depth3_p20,seed064,64,495,49500,100,16,88.47103581292288,130.03104128878692,74.97333039148718,False,max_epochs,2229.0592408180237
rl4crn_rne_oscillator_trace_8rxn_stop_risksched085to09_lr1e4_entropy005_s4_c1_rnetol_d256_depth3_p20,seed064,64,496,49600,100,16,85.28647245659667,129.29528763436545,74.97333039148718,False,max_epochs,2233.484366416931
rl4crn_rne_oscillator_trace_8rxn_stop_risksched085to09_lr1e4_entropy005_s4_c1_rnetol_d256_depth3_p20,seed064,64,497,49700,100,16,76.29101440382337,129.08631484219939,74.97333039148718,False,max_epochs,2235.554147720337
rl4crn_rne_oscillator_trace_8rxn_stop_risksched085to09_lr1e4_entropy005_s4_c1_rnetol_d256_depth3_p20,seed064,64,498,49800,100,16,77.1241971071931,131.9675128719481,74.97333039148718,False,max_epochs,2240.458636522293
rl4crn_rne_oscillator_trace_8rxn_stop_risksched085to09_lr1e4_entropy005_s4_c1_rnetol_d256_depth3_p20,seed064,64,499,49900,100,16,79.84722564407006,130.73115766859803,74.97333039148718,False,max_epochs,2245.2528109550476
rl4crn_rne_oscillator_trace_8rxn_stop_risksched085to09_lr1e4_entropy005_s4_c1_rnetol_d256_depth3_p20,seed064,64,500,50000,100,16,77.6483955801284,128.83484112321503,74.97333039148718,False,max_epochs,2250.7801575660706
rl4crn_rne_oscillator_trace_8rxn_stop_risksched085to09_lr1e4_entropy005_s4_c1_rnetol_d256_depth3_p20,seed064,64,501,50100,100,16,76.64318207625944,128.8809280484511,74.97333039148718,False,max_epochs,2255.5838685035706
rl4crn_rne_oscillator_trace_8rxn_stop_risksched085to09_lr1e4_entropy005_s4_c1_rnetol_d256_depth3_p20,seed064,64,502,50200,100,16,80.27073841101384,127.14227425435986,74.97333039148718,False,max_epochs,2260.235366344452
rl4crn_rne_oscillator_trace_8rxn_stop_risksched085to09_lr1e4_entropy005_s4_c1_rnetol_d256_depth3_p20,seed064,64,503,50300,100,16,78.17621600911137,125.35851748914689,74.97333039148718,False,max_epochs,2264.9739785194397
rl4crn_rne_oscillator_trace_8rxn_stop_risksched085to09_lr1e4_entropy005_s4_c1_rnetol_d256_depth3_p20,seed064,64,504,50400,100,16,75.6845143648816,123.83507999696727,74.97333039148718,False,max_epochs,2269.358193874359
rl4crn_rne_oscillator_trace_8rxn_stop_risksched085to09_lr1e4_entropy005_s4_c1_rnetol_d256_depth3_p20,seed064,64,505,50500,100,16,84.66440276077535,130.11606205137082,74.97333039148718,False,max_epochs,2271.682699203491
rl4crn_rne_oscillator_trace_8rxn_stop_risksched085to09_lr1e4_entropy005_s4_c1_rnetol_d256_depth3_p20,seed064,64,506,50600,100,16,87.36162924412329,129.46734921051794,74.97333039148718,False,max_epochs,2276.4978461265564
rl4crn_rne_oscillator_trace_8rxn_stop_risksched085to09_lr1e4_entropy005_s4_c1_rnetol_d256_depth3_p20,seed064,64,507,50700,100,16,78.37033400796574,129.03425479297698,74.97333039148718,False,max_epochs,2281.4223017692566
rl4crn_rne_oscillator_trace_8rxn_stop_risksched085to09_lr1e4_entropy005_s4_c1_rnetol_d256_depth3_p20,seed064,64,508,50800,100,16,83.22795908819445,130.44103213032358,74.97333039148718,False,max_epochs,2286.4608945846558
rl4crn_rne_oscillator_trace_8rxn_stop_risksched085to09_lr1e4_entropy005_s4_c1_rnetol_d256_depth3_p20,seed064,64,509,50900,100,16,78.97242437832239,127.2020294994379,74.97333039148718,False,max_epochs,2291.5872282981873
rl4crn_rne_oscillator_trace_8rxn_stop_risksched085to09_lr1e4_entropy005_s4_c1_rnetol_d256_depth3_p20,seed064,64,510,51000,100,16,78.6752239730659,127.99775847308788,74.97333039148718,False,max_epochs,2296.909203529358
rl4crn_rne_oscillator_trace_8rxn_stop_risksched085to09_lr1e4_entropy005_s4_c1_rnetol_d256_depth3_p20,seed064,64,511,51100,100,16,78.1454104475888,125.58871244968807,74.97333039148718,False,max_epochs,2301.5310757160187
rl4crn_rne_oscillator_trace_8rxn_stop_risksched085to09_lr1e4_entropy005_s4_c1_rnetol_d256_depth3_p20,seed064,64,512,51200,100,16,80.66938711981757,125.89645943164986,74.97333039148718,False,max_epochs,2306.225390434265
rl4crn_rne_oscillator_trace_8rxn_stop_risksched085to09_lr1e4_entropy005_s4_c1_rnetol_d256_depth3_p20,seed064,64,513,51300,100,16,76.46466437814843,127.97825438526895,74.97333039148718,False,max_epochs,2310.7806026935577
rl4crn_rne_oscillator_trace_8rxn_stop_risksched085to09_lr1e4_entropy005_s4_c1_rnetol_d256_depth3_p20,seed064,64,514,51400,100,16,77.08712657846615,128.896952792862,74.97333039148718,False,max_epochs,2315.1588175296783
rl4crn_rne_oscillator_trace_8rxn_stop_risksched085to09_lr1e4_entropy005_s4_c1_rnetol_d256_depth3_p20,seed064,64,515,51500,100,16,77.50736508370723,126.91962819550369,74.97333039148718,False,max_epochs,2317.4876329898834
rl4crn_rne_oscillator_trace_8rxn_stop_risksched085to09_lr1e4_entropy005_s4_c1_rnetol_d256_depth3_p20,seed064,64,516,51600,100,16,78.30258650396937,128.8257697350058,74.97333039148718,False,max_epochs,2322.26038312912
rl4crn_rne_oscillator_trace_8rxn_stop_risksched085to09_lr1e4_entropy005_s4_c1_rnetol_d256_depth3_p20,seed064,64,517,51700,100,16,81.71131157460667,127.00338154770417,74.97333039148718,False,max_epochs,2327.3459672927856
rl4crn_rne_oscillator_trace_8rxn_stop_risksched085to09_lr1e4_entropy005_s4_c1_rnetol_d256_depth3_p20,seed064,64,518,51800,100,16,73.72002024915855,126.8861357577807,73.72002024915855,False,max_epochs,2332.2939767837524
rl4crn_rne_oscillator_trace_8rxn_stop_risksched085to09_lr1e4_entropy005_s4_c1_rnetol_d256_depth3_p20,seed064,64,519,51900,100,16,77.84462365168135,124.1148237247112,73.72002024915855,False,max_epochs,2336.825019598007
rl4crn_rne_oscillator_trace_8rxn_stop_risksched085to09_lr1e4_entropy005_s4_c1_rnetol_d256_depth3_p20,seed064,64,520,52000,100,16,74.1931987954283,123.11595414750568,73.72002024915855,False,max_epochs,2341.9247896671295
rl4crn_rne_oscillator_trace_8rxn_stop_risksched085to09_lr1e4_entropy005_s4_c1_rnetol_d256_depth3_p20,seed064,64,521,52100,100,16,75.97391229745423,123.63667347498867,73.72002024915855,False,max_epochs,2346.724333524704
rl4crn_rne_oscillator_trace_8rxn_stop_risksched085to09_lr1e4_entropy005_s4_c1_rnetol_d256_depth3_p20,seed064,64,522,52200,100,16,79.41074254052103,124.63385104158843,73.72002024915855,False,max_epochs,2351.360132932663
rl4crn_rne_oscillator_trace_8rxn_stop_risksched085to09_lr1e4_entropy005_s4_c1_rnetol_d256_depth3_p20,seed064,64,523,52300,100,16,75.34274975051254,117.96913979841972,73.72002024915855,False,max_epochs,2353.4396908283234
rl4crn_rne_oscillator_trace_8rxn_stop_risksched085to09_lr1e4_entropy005_s4_c1_rnetol_d256_depth3_p20,seed064,64,524,52400,100,16,76.69697760029133,127.68568551674159,73.72002024915855,False,max_epochs,2357.86577129364
rl4crn_rne_oscillator_trace_8rxn_stop_risksched085to09_lr1e4_entropy005_s4_c1_rnetol_d256_depth3_p20,seed064,64,525,52500,100,16,79.58424738217829,121.9678636981443,73.72002024915855,False,max_epochs,2362.667460680008
rl4crn_rne_oscillator_trace_8rxn_stop_risksched085to09_lr1e4_entropy005_s4_c1_rnetol_d256_depth3_p20,seed064,64,526,52600,100,16,80.25923085049975,128.96022800053163,73.72002024915855,False,max_epochs,2367.590260028839
rl4crn_rne_oscillator_trace_8rxn_stop_risksched085to09_lr1e4_entropy005_s4_c1_rnetol_d256_depth3_p20,seed064,64,527,52700,100,16,75.7819536251118,128.53117610471935,73.72002024915855,False,max_epochs,2372.3513934612274
rl4crn_rne_oscillator_trace_8rxn_stop_risksched085to09_lr1e4_entropy005_s4_c1_rnetol_d256_depth3_p20,seed064,64,528,52800,100,16,73.51609952988977,130.87349710280637,73.51609952988977,False,max_epochs,2377.040858268738
rl4crn_rne_oscillator_trace_8rxn_stop_risksched085to09_lr1e4_entropy005_s4_c1_rnetol_d256_depth3_p20,seed064,64,529,52900,100,16,74.71138981136863,127.21774405608795,73.51609952988977,False,max_epochs,2379.0697433948517
rl4crn_rne_oscillator_trace_8rxn_stop_risksched085to09_lr1e4_entropy005_s4_c1_rnetol_d256_depth3_p20,seed064,64,530,53000,100,16,79.42571128292911,125.21617848992348,73.51609952988977,False,max_epochs,2383.486790895462
rl4crn_rne_oscillator_trace_8rxn_stop_risksched085to09_lr1e4_entropy005_s4_c1_rnetol_d256_depth3_p20,seed064,64,531,53100,100,16,78.05493308267737,127.3419852163115,73.51609952988977,False,max_epochs,2388.3006818294525
rl4crn_rne_oscillator_trace_8rxn_stop_risksched085to09_lr1e4_entropy005_s4_c1_rnetol_d256_depth3_p20,seed064,64,532,53200,100,16,79.32272500472129,127.39382667635195,73.51609952988977,False,max_epochs,2393.17751288414
rl4crn_rne_oscillator_trace_8rxn_stop_risksched085to09_lr1e4_entropy005_s4_c1_rnetol_d256_depth3_p20,seed064,64,533,53300,100,16,78.20256513954197,122.42899627900688,73.51609952988977,False,max_epochs,2398.0470230579376
rl4crn_rne_oscillator_trace_8rxn_stop_risksched085to09_lr1e4_entropy005_s4_c1_rnetol_d256_depth3_p20,seed064,64,534,53400,100,16,81.7275523141178,123.59973219557702,73.51609952988977,False,max_epochs,2402.8915519714355
rl4crn_rne_oscillator_trace_8rxn_stop_risksched085to09_lr1e4_entropy005_s4_c1_rnetol_d256_depth3_p20,seed064,64,535,53500,100,16,80.88429668939344,126.89017676413808,73.51609952988977,False,max_epochs,2407.5126509666443
rl4crn_rne_oscillator_trace_8rxn_stop_risksched085to09_lr1e4_entropy005_s4_c1_rnetol_d256_depth3_p20,seed064,64,536,53600,100,16,81.91571051030172,124.55564573094154,73.51609952988977,False,max_epochs,2411.9380447864532
rl4crn_rne_oscillator_trace_8rxn_stop_risksched085to09_lr1e4_entropy005_s4_c1_rnetol_d256_depth3_p20,seed064,64,537,53700,100,16,78.13863520593921,128.97384618448996,73.51609952988977,False,max_epochs,2414.0905318260193
rl4crn_rne_oscillator_trace_8rxn_stop_risksched085to09_lr1e4_entropy005_s4_c1_rnetol_d256_depth3_p20,seed064,64,538,53800,100,16,82.68013181853813,129.30416672547892,73.51609952988977,False,max_epochs,2418.8238060474396
rl4crn_rne_oscillator_trace_8rxn_stop_risksched085to09_lr1e4_entropy005_s4_c1_rnetol_d256_depth3_p20,seed064,64,539,53900,100,16,77.03929366552131,130.61944464933322,73.51609952988977,False,max_epochs,2423.881125688553
rl4crn_rne_oscillator_trace_8rxn_stop_risksched085to09_lr1e4_entropy005_s4_c1_rnetol_d256_depth3_p20,seed064,64,540,54000,100,16,77.66788375664522,129.8217271721313,73.51609952988977,False,max_epochs,2428.6865520477295
rl4crn_rne_oscillator_trace_8rxn_stop_risksched085to09_lr1e4_entropy005_s4_c1_rnetol_d256_depth3_p20,seed064,64,541,54100,100,16,83.80991402915653,129.55693504938984,73.51609952988977,False,max_epochs,2433.768269777298
rl4crn_rne_oscillator_trace_8rxn_stop_risksched085to09_lr1e4_entropy005_s4_c1_rnetol_d256_depth3_p20,seed064,64,542,54200,100,16,89.76723614070882,129.0535299518192,73.51609952988977,False,max_epochs,2438.294680118561
rl4crn_rne_oscillator_trace_8rxn_stop_risksched085to09_lr1e4_entropy005_s4_c1_rnetol_d256_depth3_p20,seed064,64,543,54300,100,16,79.12366596688057,125.91710086834678,73.51609952988977,False,max_epochs,2443.070072889328
rl4crn_rne_oscillator_trace_8rxn_stop_risksched085to09_lr1e4_entropy005_s4_c1_rnetol_d256_depth3_p20,seed064,64,544,54400,100,16,74.74653098737586,129.5748583373615,73.51609952988977,False,max_epochs,2446.3146266937256
rl4crn_rne_oscillator_trace_8rxn_stop_risksched085to09_lr1e4_entropy005_s4_c1_rnetol_d256_depth3_p20,seed064,64,545,54500,100,16,78.55713345435585,128.68526376893595,73.51609952988977,False,max_epochs,2449.7429418563843
rl4crn_rne_oscillator_trace_8rxn_stop_risksched085to09_lr1e4_entropy005_s4_c1_rnetol_d256_depth3_p20,seed064,64,546,54600,100,16,79.72468906392756,126.38542721344838,73.51609952988977,False,max_epochs,2454.6055595874786
rl4crn_rne_oscillator_trace_8rxn_stop_risksched085to09_lr1e4_entropy005_s4_c1_rnetol_d256_depth3_p20,seed064,64,547,54700,100,16,77.92970458446705,125.63310377569414,73.51609952988977,False,max_epochs,2459.617452144623
rl4crn_rne_oscillator_trace_8rxn_stop_risksched085to09_lr1e4_entropy005_s4_c1_rnetol_d256_depth3_p20,seed064,64,548,54800,100,16,78.56444295868582,126.43342429918081,73.51609952988977,False,max_epochs,2464.551361322403
rl4crn_rne_oscillator_trace_8rxn_stop_risksched085to09_lr1e4_entropy005_s4_c1_rnetol_d256_depth3_p20,seed064,64,549,54900,100,16,77.26383473200075,124.9299849447198,73.51609952988977,False,max_epochs,2470.0871770381927
rl4crn_rne_oscillator_trace_8rxn_stop_risksched085to09_lr1e4_entropy005_s4_c1_rnetol_d256_depth3_p20,seed064,64,550,55000,100,16,78.94835192299173,125.87874511156633,73.51609952988977,False,max_epochs,2474.5888571739197
rl4crn_rne_oscillator_trace_8rxn_stop_risksched085to09_lr1e4_entropy005_s4_c1_rnetol_d256_depth3_p20,seed064,64,551,55100,100,16,78.15830942649418,125.75112379153056,73.51609952988977,False,max_epochs,2479.24831533432
rl4crn_rne_oscillator_trace_8rxn_stop_risksched085to09_lr1e4_entropy005_s4_c1_rnetol_d256_depth3_p20,seed064,64,552,55200,100,16,76.37742722431199,126.65919770748619,73.51609952988977,False,max_epochs,2483.9124817848206
rl4crn_rne_oscillator_trace_8rxn_stop_risksched085to09_lr1e4_entropy005_s4_c1_rnetol_d256_depth3_p20,seed064,64,553,55300,100,16,74.06683553693702,128.36650580857287,73.51609952988977,False,max_epochs,2486.12286734581
rl4crn_rne_oscillator_trace_8rxn_stop_risksched085to09_lr1e4_entropy005_s4_c1_rnetol_d256_depth3_p20,seed064,64,554,55400,100,16,75.93347877281481,120.35861002986982,73.51609952988977,False,max_epochs,2490.369337081909
rl4crn_rne_oscillator_trace_8rxn_stop_risksched085to09_lr1e4_entropy005_s4_c1_rnetol_d256_depth3_p20,seed064,64,555,55500,100,16,77.4956933100293,120.33904203041632,73.51609952988977,False,max_epochs,2495.806906938553
rl4crn_rne_oscillator_trace_8rxn_stop_risksched085to09_lr1e4_entropy005_s4_c1_rnetol_d256_depth3_p20,seed064,64,556,55600,100,16,76.83559935183683,127.33854166086809,73.51609952988977,False,max_epochs,2500.357358932495
rl4crn_rne_oscillator_trace_8rxn_stop_risksched085to09_lr1e4_entropy005_s4_c1_rnetol_d256_depth3_p20,seed064,64,557,55700,100,16,75.29506323813062,122.98876260862671,73.51609952988977,False,max_epochs,2505.5610933303833
rl4crn_rne_oscillator_trace_8rxn_stop_risksched085to09_lr1e4_entropy005_s4_c1_rnetol_d256_depth3_p20,seed064,64,558,55800,100,16,74.65779285147144,125.68379739010399,73.51609952988977,False,max_epochs,2510.1932289600372
rl4crn_rne_oscillator_trace_8rxn_stop_risksched085to09_lr1e4_entropy005_s4_c1_rnetol_d256_depth3_p20,seed064,64,559,55900,100,16,73.39130815702508,114.04113417366793,73.39130815702508,False,max_epochs,2514.752589702606
rl4crn_rne_oscillator_trace_8rxn_stop_risksched085to09_lr1e4_entropy005_s4_c1_rnetol_d256_depth3_p20,seed064,64,560,56000,100,16,79.7811359632132,120.98587902501102,73.39130815702508,False,max_epochs,2519.4579870700836
rl4crn_rne_oscillator_trace_8rxn_stop_risksched085to09_lr1e4_entropy005_s4_c1_rnetol_d256_depth3_p20,seed064,64,561,56100,100,16,75.35852018348244,117.698865558578,73.39130815702508,False,max_epochs,2523.1354761123657
rl4crn_rne_oscillator_trace_8rxn_stop_risksched085to09_lr1e4_entropy005_s4_c1_rnetol_d256_depth3_p20,seed064,64,562,56200,100,16,77.90935444354855,111.9649021068907,73.39130815702508,False,max_epochs,2525.981528520584
rl4crn_rne_oscillator_trace_8rxn_stop_risksched085to09_lr1e4_entropy005_s4_c1_rnetol_d256_depth3_p20,seed064,64,563,56300,100,16,75.95252883865753,112.45959303386086,73.39130815702508,False,max_epochs,2531.3309297561646
rl4crn_rne_oscillator_trace_8rxn_stop_risksched085to09_lr1e4_entropy005_s4_c1_rnetol_d256_depth3_p20,seed064,64,564,56400,100,16,77.47628619127971,119.52074167945564,73.39130815702508,False,max_epochs,2535.9914565086365
rl4crn_rne_oscillator_trace_8rxn_stop_risksched085to09_lr1e4_entropy005_s4_c1_rnetol_d256_depth3_p20,seed064,64,565,56500,100,16,74.60610801180829,121.39255094856384,73.39130815702508,False,max_epochs,2540.7669506073
rl4crn_rne_oscillator_trace_8rxn_stop_risksched085to09_lr1e4_entropy005_s4_c1_rnetol_d256_depth3_p20,seed064,64,566,56600,100,16,77.38796020357813,116.90189428364424,73.39130815702508,False,max_epochs,2545.526475906372
rl4crn_rne_oscillator_trace_8rxn_stop_risksched085to09_lr1e4_entropy005_s4_c1_rnetol_d256_depth3_p20,seed064,64,567,56700,100,16,76.01596024882596,119.57220151687788,73.39130815702508,False,max_epochs,2550.3473982810974
rl4crn_rne_oscillator_trace_8rxn_stop_risksched085to09_lr1e4_entropy005_s4_c1_rnetol_d256_depth3_p20,seed064,64,568,56800,100,16,78.52158885437792,127.69720012086569,73.39130815702508,False,max_epochs,2554.032779455185
rl4crn_rne_oscillator_trace_8rxn_stop_risksched085to09_lr1e4_entropy005_s4_c1_rnetol_d256_depth3_p20,seed064,64,569,56900,100,16,80.63224001490333,127.30941484715663,73.39130815702508,False,max_epochs,2556.9932055473328
rl4crn_rne_oscillator_trace_8rxn_stop_risksched085to09_lr1e4_entropy005_s4_c1_rnetol_d256_depth3_p20,seed064,64,570,57000,100,16,75.54575076975965,106.60970687511814,73.39130815702508,False,max_epochs,2561.8176968097687
rl4crn_rne_oscillator_trace_8rxn_stop_risksched085to09_lr1e4_entropy005_s4_c1_rnetol_d256_depth3_p20,seed064,64,571,57100,100,16,74.62125415023277,115.29960119581872,73.39130815702508,False,max_epochs,2567.030331134796
rl4crn_rne_oscillator_trace_8rxn_stop_risksched085to09_lr1e4_entropy005_s4_c1_rnetol_d256_depth3_p20,seed064,64,572,57200,100,16,74.98452720993389,116.53771147828853,73.39130815702508,False,max_epochs,2571.948447227478
rl4crn_rne_oscillator_trace_8rxn_stop_risksched085to09_lr1e4_entropy005_s4_c1_rnetol_d256_depth3_p20,seed064,64,573,57300,100,16,76.12357877354458,128.292736507996,73.39130815702508,False,max_epochs,2576.816083431244
rl4crn_rne_oscillator_trace_8rxn_stop_risksched085to09_lr1e4_entropy005_s4_c1_rnetol_d256_depth3_p20,seed064,64,574,57400,100,16,77.35603598853348,126.10454788627726,73.39130815702508,False,max_epochs,2581.4979107379913
rl4crn_rne_oscillator_trace_8rxn_stop_risksched085to09_lr1e4_entropy005_s4_c1_rnetol_d256_depth3_p20,seed064,64,575,57500,100,16,76.89670136048812,118.51480781507226,73.39130815702508,False,max_epochs,2586.2555656433105
rl4crn_rne_oscillator_trace_8rxn_stop_risksched085to09_lr1e4_entropy005_s4_c1_rnetol_d256_depth3_p20,seed064,64,576,57600,100,16,75.52630820092783,124.78718715171321,73.39130815702508,False,max_epochs,2591.0610308647156
rl4crn_rne_oscillator_trace_8rxn_stop_risksched085to09_lr1e4_entropy005_s4_c1_rnetol_d256_depth3_p20,seed064,64,577,57700,100,16,78.0818814853195,120.28889614949648,73.39130815702508,False,max_epochs,2593.2560160160065
rl4crn_rne_oscillator_trace_8rxn_stop_risksched085to09_lr1e4_entropy005_s4_c1_rnetol_d256_depth3_p20,seed064,64,578,57800,100,16,78.85772179103282,128.86640931876747,73.39130815702508,False,max_epochs,2597.608035802841
rl4crn_rne_oscillator_trace_8rxn_stop_risksched085to09_lr1e4_entropy005_s4_c1_rnetol_d256_depth3_p20,seed064,64,579,57900,100,16,74.89378276010137,127.85106064546933,73.39130815702508,False,max_epochs,2603.0196278095245
rl4crn_rne_oscillator_trace_8rxn_stop_risksched085to09_lr1e4_entropy005_s4_c1_rnetol_d256_depth3_p20,seed064,64,580,58000,100,16,78.36238962284024,117.77294210335049,73.39130815702508,False,max_epochs,2607.936334848404
rl4crn_rne_oscillator_trace_8rxn_stop_risksched085to09_lr1e4_entropy005_s4_c1_rnetol_d256_depth3_p20,seed064,64,581,58100,100,16,74.91605051404225,112.88770758074445,73.39130815702508,False,max_epochs,2612.9895062446594
rl4crn_rne_oscillator_trace_8rxn_stop_risksched085to09_lr1e4_entropy005_s4_c1_rnetol_d256_depth3_p20,seed064,64,582,58200,100,16,74.34976618112891,122.16537623837621,73.39130815702508,False,max_epochs,2618.0128257274628
rl4crn_rne_oscillator_trace_8rxn_stop_risksched085to09_lr1e4_entropy005_s4_c1_rnetol_d256_depth3_p20,seed064,64,583,58300,100,16,74.95131417038068,120.98021484358192,73.39130815702508,False,max_epochs,2623.3823580741882
rl4crn_rne_oscillator_trace_8rxn_stop_risksched085to09_lr1e4_entropy005_s4_c1_rnetol_d256_depth3_p20,seed064,64,584,58400,100,16,74.51119751850611,112.97426389134253,73.39130815702508,False,max_epochs,2628.324516773224
rl4crn_rne_oscillator_trace_8rxn_stop_risksched085to09_lr1e4_entropy005_s4_c1_rnetol_d256_depth3_p20,seed064,64,585,58500,100,16,74.5716943268764,117.85109613322007,73.39130815702508,False,max_epochs,2633.7543852329254
rl4crn_rne_oscillator_trace_8rxn_stop_risksched085to09_lr1e4_entropy005_s4_c1_rnetol_d256_depth3_p20,seed064,64,586,58600,100,16,75.96098853079272,126.23161022164525,73.39130815702508,False,max_epochs,2638.6023960113525
rl4crn_rne_oscillator_trace_8rxn_stop_risksched085to09_lr1e4_entropy005_s4_c1_rnetol_d256_depth3_p20,seed064,64,587,58700,100,16,73.14391354576685,128.09912397869903,73.14391354576685,False,max_epochs,2643.777726650238
rl4crn_rne_oscillator_trace_8rxn_stop_risksched085to09_lr1e4_entropy005_s4_c1_rnetol_d256_depth3_p20,seed064,64,588,58800,100,16,74.1213745987781,119.54691970636875,73.14391354576685,False,max_epochs,2648.8970758914948
rl4crn_rne_oscillator_trace_8rxn_stop_risksched085to09_lr1e4_entropy005_s4_c1_rnetol_d256_depth3_p20,seed064,64,589,58900,100,16,84.2854910710968,116.01044875321568,73.14391354576685,False,max_epochs,2653.8375346660614
rl4crn_rne_oscillator_trace_8rxn_stop_risksched085to09_lr1e4_entropy005_s4_c1_rnetol_d256_depth3_p20,seed064,64,590,59000,100,16,92.15744451669633,127.10354252088408,73.14391354576685,False,max_epochs,2658.939376592636
rl4crn_rne_oscillator_trace_8rxn_stop_risksched085to09_lr1e4_entropy005_s4_c1_rnetol_d256_depth3_p20,seed064,64,591,59100,100,16,85.4645609351012,121.25038509624184,73.14391354576685,False,max_epochs,2664.0611011981964
rl4crn_rne_oscillator_trace_8rxn_stop_risksched085to09_lr1e4_entropy005_s4_c1_rnetol_d256_depth3_p20,seed064,64,592,59200,100,16,74.6799126188898,120.03950584385471,73.14391354576685,False,max_epochs,2668.888149023056
rl4crn_rne_oscillator_trace_8rxn_stop_risksched085to09_lr1e4_entropy005_s4_c1_rnetol_d256_depth3_p20,seed064,64,593,59300,100,16,84.08531171936114,124.33693347231144,73.14391354576685,False,max_epochs,2673.9419901371
rl4crn_rne_oscillator_trace_8rxn_stop_risksched085to09_lr1e4_entropy005_s4_c1_rnetol_d256_depth3_p20,seed064,64,594,59400,100,16,94.87169275076616,125.62564493532645,73.14391354576685,False,max_epochs,2678.4719338417053
rl4crn_rne_oscillator_trace_8rxn_stop_risksched085to09_lr1e4_entropy005_s4_c1_rnetol_d256_depth3_p20,seed064,64,595,59500,100,16,99.22825742457547,129.1460927389964,73.14391354576685,False,max_epochs,2680.645242214203
rl4crn_rne_oscillator_trace_8rxn_stop_risksched085to09_lr1e4_entropy005_s4_c1_rnetol_d256_depth3_p20,seed064,64,596,59600,100,16,86.00897960201343,129.46757868734565,73.14391354576685,False,max_epochs,2684.795172929764
rl4crn_rne_oscillator_trace_8rxn_stop_risksched085to09_lr1e4_entropy005_s4_c1_rnetol_d256_depth3_p20,seed064,64,597,59700,100,16,75.90527336046111,114.9708098023192,73.14391354576685,False,max_epochs,2689.4075956344604
rl4crn_rne_oscillator_trace_8rxn_stop_risksched085to09_lr1e4_entropy005_s4_c1_rnetol_d256_depth3_p20,seed064,64,598,59800,100,16,79.03439314143579,126.1081622530734,73.14391354576685,False,max_epochs,2694.4956681728363
rl4crn_rne_oscillator_trace_8rxn_stop_risksched085to09_lr1e4_entropy005_s4_c1_rnetol_d256_depth3_p20,seed064,64,599,59900,100,16,77.01485542736928,126.87505960460649,73.14391354576685,False,max_epochs,2699.82355928421
rl4crn_rne_oscillator_trace_8rxn_stop_risksched085to09_lr1e4_entropy005_s4_c1_rnetol_d256_depth3_p20,seed064,64,600,60000,100,16,78.21049028845613,129.29701257602403,73.14391354576685,False,max_epochs,2704.333020925522
rl4crn_rne_oscillator_trace_8rxn_stop_risksched085to09_lr1e4_entropy005_s4_c1_rnetol_d256_depth3_p20,seed064,64,601,60100,100,16,87.94085307438395,130.22531808032417,73.14391354576685,False,max_epochs,2708.6988847255707
rl4crn_rne_oscillator_trace_8rxn_stop_risksched085to09_lr1e4_entropy005_s4_c1_rnetol_d256_depth3_p20,seed064,64,602,60200,100,16,77.00896658144516,129.89309721003863,73.14391354576685,False,max_epochs,2711.0040624141693
rl4crn_rne_oscillator_trace_8rxn_stop_risksched085to09_lr1e4_entropy005_s4_c1_rnetol_d256_depth3_p20,seed064,64,603,60300,100,16,80.18514660616196,126.89257542488127,73.14391354576685,False,max_epochs,2715.870352745056
rl4crn_rne_oscillator_trace_8rxn_stop_risksched085to09_lr1e4_entropy005_s4_c1_rnetol_d256_depth3_p20,seed064,64,604,60400,100,16,76.63820142564896,118.76623421091722,73.14391354576685,False,max_epochs,2720.3368079662323
rl4crn_rne_oscillator_trace_8rxn_stop_risksched085to09_lr1e4_entropy005_s4_c1_rnetol_d256_depth3_p20,seed064,64,605,60500,100,16,79.52190342148123,121.51319313854243,73.14391354576685,False,max_epochs,2725.109522342682
rl4crn_rne_oscillator_trace_8rxn_stop_risksched085to09_lr1e4_entropy005_s4_c1_rnetol_d256_depth3_p20,seed064,64,606,60600,100,16,82.39753843255907,120.06989875295653,73.14391354576685,False,max_epochs,2729.8537135124207
rl4crn_rne_oscillator_trace_8rxn_stop_risksched085to09_lr1e4_entropy005_s4_c1_rnetol_d256_depth3_p20,seed064,64,607,60700,100,16,78.64116392985292,124.33630700686595,73.14391354576685,False,max_epochs,2734.099497318268
rl4crn_rne_oscillator_trace_8rxn_stop_risksched085to09_lr1e4_entropy005_s4_c1_rnetol_d256_depth3_p20,seed064,64,608,60800,100,16,73.6050081356869,115.9065478533484,73.14391354576685,False,max_epochs,2736.422609090805
rl4crn_rne_oscillator_trace_8rxn_stop_risksched085to09_lr1e4_entropy005_s4_c1_rnetol_d256_depth3_p20,seed064,64,609,60900,100,16,80.63320272616778,126.21700121953117,73.14391354576685,False,max_epochs,2741.6228263378143
rl4crn_rne_oscillator_trace_8rxn_stop_risksched085to09_lr1e4_entropy005_s4_c1_rnetol_d256_depth3_p20,seed064,64,610,61000,100,16,74.31853799898093,125.10638147697301,73.14391354576685,False,max_epochs,2746.513895511627
rl4crn_rne_oscillator_trace_8rxn_stop_risksched085to09_lr1e4_entropy005_s4_c1_rnetol_d256_depth3_p20,seed064,64,611,61100,100,16,74.6613194126892,120.57621364763854,73.14391354576685,False,max_epochs,2751.221671104431
rl4crn_rne_oscillator_trace_8rxn_stop_risksched085to09_lr1e4_entropy005_s4_c1_rnetol_d256_depth3_p20,seed064,64,612,61200,100,16,77.03829547036275,124.57571935410081,73.14391354576685,False,max_epochs,2756.1038615703583
rl4crn_rne_oscillator_trace_8rxn_stop_risksched085to09_lr1e4_entropy005_s4_c1_rnetol_d256_depth3_p20,seed064,64,613,61300,100,16,74.11880621269894,123.11979077985961,73.14391354576685,False,max_epochs,2760.920098543167
rl4crn_rne_oscillator_trace_8rxn_stop_risksched085to09_lr1e4_entropy005_s4_c1_rnetol_d256_depth3_p20,seed064,64,614,61400,100,16,75.96092563954468,124.79877156268742,73.14391354576685,False,max_epochs,2765.095397233963
rl4crn_rne_oscillator_trace_8rxn_stop_risksched085to09_lr1e4_entropy005_s4_c1_rnetol_d256_depth3_p20,seed064,64,615,61500,100,16,75.39933998713197,116.03082873388715,73.14391354576685,False,max_epochs,2767.534725666046
rl4crn_rne_oscillator_trace_8rxn_stop_risksched085to09_lr1e4_entropy005_s4_c1_rnetol_d256_depth3_p20,seed064,64,616,61600,100,16,76.6609910203015,108.17334495479581,73.14391354576685,False,max_epochs,2772.4365396499634
rl4crn_rne_oscillator_trace_8rxn_stop_risksched085to09_lr1e4_entropy005_s4_c1_rnetol_d256_depth3_p20,seed064,64,617,61700,100,16,74.18495618288634,114.38472232538354,73.14391354576685,False,max_epochs,2777.565625667572
rl4crn_rne_oscillator_trace_8rxn_stop_risksched085to09_lr1e4_entropy005_s4_c1_rnetol_d256_depth3_p20,seed064,64,618,61800,100,16,74.80626698597585,106.20405817443023,73.14391354576685,False,max_epochs,2782.4563417434692
rl4crn_rne_oscillator_trace_8rxn_stop_risksched085to09_lr1e4_entropy005_s4_c1_rnetol_d256_depth3_p20,seed064,64,619,61900,100,16,74.8907656732039,107.00214340181735,73.14391354576685,False,max_epochs,2787.1341366767883
rl4crn_rne_oscillator_trace_8rxn_stop_risksched085to09_lr1e4_entropy005_s4_c1_rnetol_d256_depth3_p20,seed064,64,620,62000,100,16,76.2682298786793,104.0691330442294,73.14391354576685,False,max_epochs,2791.9189586639404
rl4crn_rne_oscillator_trace_8rxn_stop_risksched085to09_lr1e4_entropy005_s4_c1_rnetol_d256_depth3_p20,seed064,64,621,62100,100,16,75.00917057004389,117.22580618299168,73.14391354576685,False,max_epochs,2796.3286123275757
rl4crn_rne_oscillator_trace_8rxn_stop_risksched085to09_lr1e4_entropy005_s4_c1_rnetol_d256_depth3_p20,seed064,64,622,62200,100,16,74.78204615277461,113.93732144776513,73.14391354576685,False,max_epochs,2800.8572204113007
rl4crn_rne_oscillator_trace_8rxn_stop_risksched085to09_lr1e4_entropy005_s4_c1_rnetol_d256_depth3_p20,seed064,64,623,62300,100,16,77.71708667819763,116.23126955343606,73.14391354576685,False,max_epochs,2802.935446500778
rl4crn_rne_oscillator_trace_8rxn_stop_risksched085to09_lr1e4_entropy005_s4_c1_rnetol_d256_depth3_p20,seed064,64,624,62400,100,16,83.99498541439756,111.20892334906597,73.14391354576685,False,max_epochs,2807.7360525131226
rl4crn_rne_oscillator_trace_8rxn_stop_risksched085to09_lr1e4_entropy005_s4_c1_rnetol_d256_depth3_p20,seed064,64,625,62500,100,16,76.78012777326198,106.56983056068982,73.14391354576685,False,max_epochs,2812.5161497592926
rl4crn_rne_oscillator_trace_8rxn_stop_risksched085to09_lr1e4_entropy005_s4_c1_rnetol_d256_depth3_p20,seed064,64,626,62600,100,16,77.44034895809419,118.49942994417356,73.14391354576685,False,max_epochs,2817.290014266968
rl4crn_rne_oscillator_trace_8rxn_stop_risksched085to09_lr1e4_entropy005_s4_c1_rnetol_d256_depth3_p20,seed064,64,627,62700,100,16,82.54100794556383,122.3321717894703,73.14391354576685,False,max_epochs,2821.8253803253174
rl4crn_rne_oscillator_trace_8rxn_stop_risksched085to09_lr1e4_entropy005_s4_c1_rnetol_d256_depth3_p20,seed064,64,628,62800,100,16,75.61958483333531,108.471672639879,73.14391354576685,False,max_epochs,2826.449651479721
rl4crn_rne_oscillator_trace_8rxn_stop_risksched085to09_lr1e4_entropy005_s4_c1_rnetol_d256_depth3_p20,seed064,64,629,62900,100,16,85.92540251113144,110.8206338641065,73.14391354576685,False,max_epochs,2828.7857749462128
rl4crn_rne_oscillator_trace_8rxn_stop_risksched085to09_lr1e4_entropy005_s4_c1_rnetol_d256_depth3_p20,seed064,64,630,63000,100,16,92.20358538176114,115.05143808308229,73.14391354576685,False,max_epochs,2832.9906730651855
rl4crn_rne_oscillator_trace_8rxn_stop_risksched085to09_lr1e4_entropy005_s4_c1_rnetol_d256_depth3_p20,seed064,64,631,63100,100,16,83.39790111052325,112.4545187244403,73.14391354576685,False,max_epochs,2837.755549430847
rl4crn_rne_oscillator_trace_8rxn_stop_risksched085to09_lr1e4_entropy005_s4_c1_rnetol_d256_depth3_p20,seed064,64,632,63200,100,16,77.7683419779185,117.5836296750062,73.14391354576685,False,max_epochs,2842.3552927970886
rl4crn_rne_oscillator_trace_8rxn_stop_risksched085to09_lr1e4_entropy005_s4_c1_rnetol_d256_depth3_p20,seed064,64,633,63300,100,16,79.95757476797351,122.84425809253503,73.14391354576685,False,max_epochs,2846.8555953502655
rl4crn_rne_oscillator_trace_8rxn_stop_risksched085to09_lr1e4_entropy005_s4_c1_rnetol_d256_depth3_p20,seed064,64,634,63400,100,16,81.04794717790607,126.66021245541992,73.14391354576685,False,max_epochs,2849.070596218109
rl4crn_rne_oscillator_trace_8rxn_stop_risksched085to09_lr1e4_entropy005_s4_c1_rnetol_d256_depth3_p20,seed064,64,635,63500,100,16,79.18764210459355,123.82282236807504,73.14391354576685,False,max_epochs,2853.856145620346
rl4crn_rne_oscillator_trace_8rxn_stop_risksched085to09_lr1e4_entropy005_s4_c1_rnetol_d256_depth3_p20,seed064,64,636,63600,100,16,75.51266718759709,112.69492454936366,73.14391354576685,False,max_epochs,2858.536172389984
rl4crn_rne_oscillator_trace_8rxn_stop_risksched085to09_lr1e4_entropy005_s4_c1_rnetol_d256_depth3_p20,seed064,64,637,63700,100,16,77.92316921604372,108.73480329985333,73.14391354576685,False,max_epochs,2863.9412891864777
rl4crn_rne_oscillator_trace_8rxn_stop_risksched085to09_lr1e4_entropy005_s4_c1_rnetol_d256_depth3_p20,seed064,64,638,63800,100,16,77.84577813517572,111.49142345623767,73.14391354576685,False,max_epochs,2868.9040620326996
rl4crn_rne_oscillator_trace_8rxn_stop_risksched085to09_lr1e4_entropy005_s4_c1_rnetol_d256_depth3_p20,seed064,64,639,63900,100,16,77.14443817130262,117.62951930454392,73.14391354576685,False,max_epochs,2873.900084257126
rl4crn_rne_oscillator_trace_8rxn_stop_risksched085to09_lr1e4_entropy005_s4_c1_rnetol_d256_depth3_p20,seed064,64,640,64000,100,16,76.94539206352766,119.70489038572244,73.14391354576685,False,max_epochs,2879.1368486881256
rl4crn_rne_oscillator_trace_8rxn_stop_risksched085to09_lr1e4_entropy005_s4_c1_rnetol_d256_depth3_p20,seed064,64,641,64100,100,16,76.82686096892947,122.70307534320776,73.14391354576685,False,max_epochs,2884.189880132675
rl4crn_rne_oscillator_trace_8rxn_stop_risksched085to09_lr1e4_entropy005_s4_c1_rnetol_d256_depth3_p20,seed064,64,642,64200,100,16,74.4260013702771,115.63949789976023,73.14391354576685,False,max_epochs,2888.8577468395233
rl4crn_rne_oscillator_trace_8rxn_stop_risksched085to09_lr1e4_entropy005_s4_c1_rnetol_d256_depth3_p20,seed064,64,643,64300,100,16,76.16073808306115,106.09693822836262,73.14391354576685,False,max_epochs,2893.43891620636
rl4crn_rne_oscillator_trace_8rxn_stop_risksched085to09_lr1e4_entropy005_s4_c1_rnetol_d256_depth3_p20,seed064,64,644,64400,100,16,80.26969185571896,121.01514189020301,73.14391354576685,False,max_epochs,2897.818269252777
rl4crn_rne_oscillator_trace_8rxn_stop_risksched085to09_lr1e4_entropy005_s4_c1_rnetol_d256_depth3_p20,seed064,64,645,64500,100,16,76.64390810181072,122.43500226368559,73.14391354576685,False,max_epochs,2900.113391160965
rl4crn_rne_oscillator_trace_8rxn_stop_risksched085to09_lr1e4_entropy005_s4_c1_rnetol_d256_depth3_p20,seed064,64,646,64600,100,16,78.9921406894846,124.9571297329172,73.14391354576685,False,max_epochs,2904.6985082626343
rl4crn_rne_oscillator_trace_8rxn_stop_risksched085to09_lr1e4_entropy005_s4_c1_rnetol_d256_depth3_p20,seed064,64,647,64700,100,16,74.83941171825116,115.78430678946555,73.14391354576685,False,max_epochs,2909.414771080017
rl4crn_rne_oscillator_trace_8rxn_stop_risksched085to09_lr1e4_entropy005_s4_c1_rnetol_d256_depth3_p20,seed064,64,648,64800,100,16,73.09311854652005,115.83898297530587,73.09311854652005,False,max_epochs,2914.285099506378
rl4crn_rne_oscillator_trace_8rxn_stop_risksched085to09_lr1e4_entropy005_s4_c1_rnetol_d256_depth3_p20,seed064,64,649,64900,100,16,77.2629089296083,106.59324737777442,73.09311854652005,False,max_epochs,2919.6943912506104
rl4crn_rne_oscillator_trace_8rxn_stop_risksched085to09_lr1e4_entropy005_s4_c1_rnetol_d256_depth3_p20,seed064,64,650,65000,100,16,76.75556345041258,115.795491113123,73.09311854652005,False,max_epochs,2924.4849836826324
rl4crn_rne_oscillator_trace_8rxn_stop_risksched085to09_lr1e4_entropy005_s4_c1_rnetol_d256_depth3_p20,seed064,64,651,65100,100,16,78.33418847835614,113.17977113454077,73.09311854652005,False,max_epochs,2929.5989875793457
rl4crn_rne_oscillator_trace_8rxn_stop_risksched085to09_lr1e4_entropy005_s4_c1_rnetol_d256_depth3_p20,seed064,64,652,65200,100,16,74.84926470942288,110.006461478452,73.09311854652005,False,max_epochs,2935.0533311367035
rl4crn_rne_oscillator_trace_8rxn_stop_risksched085to09_lr1e4_entropy005_s4_c1_rnetol_d256_depth3_p20,seed064,64,653,65300,100,16,75.9891682994221,122.14265717133972,73.09311854652005,False,max_epochs,2939.88893532753
rl4crn_rne_oscillator_trace_8rxn_stop_risksched085to09_lr1e4_entropy005_s4_c1_rnetol_d256_depth3_p20,seed064,64,654,65400,100,16,75.95361722468078,119.82452700999909,73.09311854652005,False,max_epochs,2944.7573516368866
rl4crn_rne_oscillator_trace_8rxn_stop_risksched085to09_lr1e4_entropy005_s4_c1_rnetol_d256_depth3_p20,seed064,64,655,65500,100,16,74.47317598755255,104.44801457280337,73.09311854652005,False,max_epochs,2949.2634706497192
rl4crn_rne_oscillator_trace_8rxn_stop_risksched085to09_lr1e4_entropy005_s4_c1_rnetol_d256_depth3_p20,seed064,64,656,65600,100,16,73.72823009059597,110.31846142084632,73.09311854652005,False,max_epochs,2953.995299577713
rl4crn_rne_oscillator_trace_8rxn_stop_risksched085to09_lr1e4_entropy005_s4_c1_rnetol_d256_depth3_p20,seed064,64,657,65700,100,16,73.47060010155369,112.48274767429092,73.09311854652005,False,max_epochs,2958.138767719269
rl4crn_rne_oscillator_trace_8rxn_stop_risksched085to09_lr1e4_entropy005_s4_c1_rnetol_d256_depth3_p20,seed064,64,658,65800,100,16,74.53300887983423,101.76671651595322,73.09311854652005,False,max_epochs,2960.4420804977417
rl4crn_rne_oscillator_trace_8rxn_stop_risksched085to09_lr1e4_entropy005_s4_c1_rnetol_d256_depth3_p20,seed064,64,659,65900,100,16,76.07493303903034,108.30794860196764,73.09311854652005,False,max_epochs,2965.1396849155426
rl4crn_rne_oscillator_trace_8rxn_stop_risksched085to09_lr1e4_entropy005_s4_c1_rnetol_d256_depth3_p20,seed064,64,660,66000,100,16,74.90995653552525,97.6085584017984,73.09311854652005,False,max_epochs,2969.9850232601166
rl4crn_rne_oscillator_trace_8rxn_stop_risksched085to09_lr1e4_entropy005_s4_c1_rnetol_d256_depth3_p20,seed064,64,661,66100,100,16,75.29736165718573,115.39309028411321,73.09311854652005,False,max_epochs,2974.5404348373413
rl4crn_rne_oscillator_trace_8rxn_stop_risksched085to09_lr1e4_entropy005_s4_c1_rnetol_d256_depth3_p20,seed064,64,662,66200,100,16,73.63865199188825,122.70762195614586,73.09311854652005,False,max_epochs,2978.9686946868896
rl4crn_rne_oscillator_trace_8rxn_stop_risksched085to09_lr1e4_entropy005_s4_c1_rnetol_d256_depth3_p20,seed064,64,663,66300,100,16,74.69765973815834,115.68159084696734,73.09311854652005,False,max_epochs,2981.9484260082245
rl4crn_rne_oscillator_trace_8rxn_stop_risksched085to09_lr1e4_entropy005_s4_c1_rnetol_d256_depth3_p20,seed064,64,664,66400,100,16,76.46732453751117,117.78922202038954,73.09311854652005,False,max_epochs,2985.7943210601807
rl4crn_rne_oscillator_trace_8rxn_stop_risksched085to09_lr1e4_entropy005_s4_c1_rnetol_d256_depth3_p20,seed064,64,665,66500,100,16,73.49774709416931,118.90212513496519,73.09311854652005,False,max_epochs,2990.6964383125305
rl4crn_rne_oscillator_trace_8rxn_stop_risksched085to09_lr1e4_entropy005_s4_c1_rnetol_d256_depth3_p20,seed064,64,666,66600,100,16,80.52293831915516,115.63674792386098,73.09311854652005,False,max_epochs,2995.900899171829
rl4crn_rne_oscillator_trace_8rxn_stop_risksched085to09_lr1e4_entropy005_s4_c1_rnetol_d256_depth3_p20,seed064,64,667,66700,100,16,80.78082383597962,126.0915731604415,73.09311854652005,False,max_epochs,3001.4593889713287
rl4crn_rne_oscillator_trace_8rxn_stop_risksched085to09_lr1e4_entropy005_s4_c1_rnetol_d256_depth3_p20,seed064,64,668,66800,100,16,74.49498634385857,97.73973066560332,73.09311854652005,False,max_epochs,3006.33501124382
rl4crn_rne_oscillator_trace_8rxn_stop_risksched085to09_lr1e4_entropy005_s4_c1_rnetol_d256_depth3_p20,seed064,64,669,66900,100,16,77.99954225706796,100.71236658018131,73.09311854652005,False,max_epochs,3011.5083956718445
rl4crn_rne_oscillator_trace_8rxn_stop_risksched085to09_lr1e4_entropy005_s4_c1_rnetol_d256_depth3_p20,seed064,64,670,67000,100,16,85.10085012951441,107.27901580078259,73.09311854652005,False,max_epochs,3016.471671104431
rl4crn_rne_oscillator_trace_8rxn_stop_risksched085to09_lr1e4_entropy005_s4_c1_rnetol_d256_depth3_p20,seed064,64,671,67100,100,16,79.61538107954868,100.09359315678851,73.09311854652005,False,max_epochs,3021.247943162918
rl4crn_rne_oscillator_trace_8rxn_stop_risksched085to09_lr1e4_entropy005_s4_c1_rnetol_d256_depth3_p20,seed064,64,672,67200,100,16,75.27781194330234,98.55347791318891,73.09311854652005,False,max_epochs,3025.796252012253
rl4crn_rne_oscillator_trace_8rxn_stop_risksched085to09_lr1e4_entropy005_s4_c1_rnetol_d256_depth3_p20,seed064,64,673,67300,100,16,75.83678820906471,111.3967527569507,73.09311854652005,False,max_epochs,3030.519080400467
rl4crn_rne_oscillator_trace_8rxn_stop_risksched085to09_lr1e4_entropy005_s4_c1_rnetol_d256_depth3_p20,seed064,64,674,67400,100,16,73.2442796676062,103.30244520418873,73.09311854652005,False,max_epochs,3034.261262178421
rl4crn_rne_oscillator_trace_8rxn_stop_risksched085to09_lr1e4_entropy005_s4_c1_rnetol_d256_depth3_p20,seed064,64,675,67500,100,16,75.09415668441687,99.0981798022428,73.09311854652005,False,max_epochs,3037.14346075058
rl4crn_rne_oscillator_trace_8rxn_stop_risksched085to09_lr1e4_entropy005_s4_c1_rnetol_d256_depth3_p20,seed064,64,676,67600,100,16,76.34769860849501,105.61993185153919,73.09311854652005,False,max_epochs,3041.888618707657
rl4crn_rne_oscillator_trace_8rxn_stop_risksched085to09_lr1e4_entropy005_s4_c1_rnetol_d256_depth3_p20,seed064,64,677,67700,100,16,74.30915117810375,108.82537637830299,73.09311854652005,False,max_epochs,3046.6443746089935
rl4crn_rne_oscillator_trace_8rxn_stop_risksched085to09_lr1e4_entropy005_s4_c1_rnetol_d256_depth3_p20,seed064,64,678,67800,100,16,74.0751770405401,119.26695622850356,73.09311854652005,False,max_epochs,3051.121951341629
rl4crn_rne_oscillator_trace_8rxn_stop_risksched085to09_lr1e4_entropy005_s4_c1_rnetol_d256_depth3_p20,seed064,64,679,67900,100,16,74.77699076754801,117.12275882712936,73.09311854652005,False,max_epochs,3055.2730803489685
rl4crn_rne_oscillator_trace_8rxn_stop_risksched085to09_lr1e4_entropy005_s4_c1_rnetol_d256_depth3_p20,seed064,64,680,68000,100,16,74.19479343779713,107.8267948244243,73.09311854652005,False,max_epochs,3059.345550060272
rl4crn_rne_oscillator_trace_8rxn_stop_risksched085to09_lr1e4_entropy005_s4_c1_rnetol_d256_depth3_p20,seed064,64,681,68100,100,16,74.73900397744961,98.44105704738111,73.09311854652005,False,max_epochs,3062.4445753097534
rl4crn_rne_oscillator_trace_8rxn_stop_risksched085to09_lr1e4_entropy005_s4_c1_rnetol_d256_depth3_p20,seed064,64,682,68200,100,16,74.23636646959994,111.02265631262047,73.09311854652005,False,max_epochs,3066.8012590408325
rl4crn_rne_oscillator_trace_8rxn_stop_risksched085to09_lr1e4_entropy005_s4_c1_rnetol_d256_depth3_p20,seed064,64,683,68300,100,16,76.96819500291488,105.51493080876743,73.09311854652005,False,max_epochs,3071.598404407501
rl4crn_rne_oscillator_trace_8rxn_stop_risksched085to09_lr1e4_entropy005_s4_c1_rnetol_d256_depth3_p20,seed064,64,684,68400,100,16,73.32909225131915,110.66634180480504,73.09311854652005,False,max_epochs,3076.3084831237793
rl4crn_rne_oscillator_trace_8rxn_stop_risksched085to09_lr1e4_entropy005_s4_c1_rnetol_d256_depth3_p20,seed064,64,685,68500,100,16,74.61032346767612,107.84825557851974,73.09311854652005,False,max_epochs,3081.8018469810486
rl4crn_rne_oscillator_trace_8rxn_stop_risksched085to09_lr1e4_entropy005_s4_c1_rnetol_d256_depth3_p20,seed064,64,686,68600,100,16,75.6959052852447,115.97264654386736,73.09311854652005,False,max_epochs,3086.4923367500305
rl4crn_rne_oscillator_trace_8rxn_stop_risksched085to09_lr1e4_entropy005_s4_c1_rnetol_d256_depth3_p20,seed064,64,687,68700,100,16,72.75605789620265,117.86743825731713,72.75605789620265,False,max_epochs,3091.9399151802063
rl4crn_rne_oscillator_trace_8rxn_stop_risksched085to09_lr1e4_entropy005_s4_c1_rnetol_d256_depth3_p20,seed064,64,688,68800,100,16,74.79062081555456,105.00840781944765,72.75605789620265,False,max_epochs,3096.9042553901672
rl4crn_rne_oscillator_trace_8rxn_stop_risksched085to09_lr1e4_entropy005_s4_c1_rnetol_d256_depth3_p20,seed064,64,689,68900,100,16,75.86817700307148,99.0801343992444,72.75605789620265,False,max_epochs,3101.692682981491
rl4crn_rne_oscillator_trace_8rxn_stop_risksched085to09_lr1e4_entropy005_s4_c1_rnetol_d256_depth3_p20,seed064,64,690,69000,100,16,76.36239586325034,102.32205399253583,72.75605789620265,False,max_epochs,3106.7288570404053
rl4crn_rne_oscillator_trace_8rxn_stop_risksched085to09_lr1e4_entropy005_s4_c1_rnetol_d256_depth3_p20,seed064,64,691,69100,100,16,74.82782210641479,96.10099029949916,72.75605789620265,False,max_epochs,3112.0579164028168
rl4crn_rne_oscillator_trace_8rxn_stop_risksched085to09_lr1e4_entropy005_s4_c1_rnetol_d256_depth3_p20,seed064,64,692,69200,100,16,74.40771127979005,99.47448069991728,72.75605789620265,False,max_epochs,3116.8301854133606
rl4crn_rne_oscillator_trace_8rxn_stop_risksched085to09_lr1e4_entropy005_s4_c1_rnetol_d256_depth3_p20,seed064,64,693,69300,100,16,73.50628165724052,92.21496760224191,72.75605789620265,False,max_epochs,3122.088765144348
rl4crn_rne_oscillator_trace_8rxn_stop_risksched085to09_lr1e4_entropy005_s4_c1_rnetol_d256_depth3_p20,seed064,64,694,69400,100,16,74.94279507038792,106.29334891954738,72.75605789620265,False,max_epochs,3127.000786781311
rl4crn_rne_oscillator_trace_8rxn_stop_risksched085to09_lr1e4_entropy005_s4_c1_rnetol_d256_depth3_p20,seed064,64,695,69500,100,16,73.99560160616845,94.57272919450045,72.75605789620265,False,max_epochs,3131.659842967987
rl4crn_rne_oscillator_trace_8rxn_stop_risksched085to09_lr1e4_entropy005_s4_c1_rnetol_d256_depth3_p20,seed064,64,696,69600,100,16,73.85684574231095,107.30703883795844,72.75605789620265,False,max_epochs,3136.2694692611694
rl4crn_rne_oscillator_trace_8rxn_stop_risksched085to09_lr1e4_entropy005_s4_c1_rnetol_d256_depth3_p20,seed064,64,697,69700,100,16,73.26096021658182,99.49255232574404,72.75605789620265,False,max_epochs,3138.6210935115814
rl4crn_rne_oscillator_trace_8rxn_stop_risksched085to09_lr1e4_entropy005_s4_c1_rnetol_d256_depth3_p20,seed064,64,698,69800,100,16,74.59787226653188,105.80177280191435,72.75605789620265,False,max_epochs,3142.948272705078
rl4crn_rne_oscillator_trace_8rxn_stop_risksched085to09_lr1e4_entropy005_s4_c1_rnetol_d256_depth3_p20,seed064,64,699,69900,100,16,74.50966632735087,102.70870466896757,72.75605789620265,False,max_epochs,3148.0544049739838
rl4crn_rne_oscillator_trace_8rxn_stop_risksched085to09_lr1e4_entropy005_s4_c1_rnetol_d256_depth3_p20,seed064,64,700,70000,100,16,73.87291320981461,98.20843493739761,72.75605789620265,False,max_epochs,3153.1752729415894
rl4crn_rne_oscillator_trace_8rxn_stop_risksched085to09_lr1e4_entropy005_s4_c1_rnetol_d256_depth3_p20,seed064,64,701,70100,100,16,75.15160135120009,92.45191962282644,72.75605789620265,False,max_epochs,3158.367614030838
rl4crn_rne_oscillator_trace_8rxn_stop_risksched085to09_lr1e4_entropy005_s4_c1_rnetol_d256_depth3_p20,seed064,64,702,70200,100,16,72.96835433228335,97.41127596195201,72.75605789620265,False,max_epochs,3163.2324953079224
rl4crn_rne_oscillator_trace_8rxn_stop_risksched085to09_lr1e4_entropy005_s4_c1_rnetol_d256_depth3_p20,seed064,64,703,70300,100,16,75.13906740282131,98.59051116411777,72.75605789620265,False,max_epochs,3167.983879327774
rl4crn_rne_oscillator_trace_8rxn_stop_risksched085to09_lr1e4_entropy005_s4_c1_rnetol_d256_depth3_p20,seed064,64,704,70400,100,16,76.32206382409399,106.28869300616397,72.75605789620265,False,max_epochs,3172.485818862915
rl4crn_rne_oscillator_trace_8rxn_stop_risksched085to09_lr1e4_entropy005_s4_c1_rnetol_d256_depth3_p20,seed064,64,705,70500,100,16,73.96525520790996,103.10126923633976,72.75605789620265,False,max_epochs,3176.8720185756683
rl4crn_rne_oscillator_trace_8rxn_stop_risksched085to09_lr1e4_entropy005_s4_c1_rnetol_d256_depth3_p20,seed064,64,706,70600,100,16,79.59899893024914,108.1513440909075,72.75605789620265,False,max_epochs,3179.2331421375275
rl4crn_rne_oscillator_trace_8rxn_stop_risksched085to09_lr1e4_entropy005_s4_c1_rnetol_d256_depth3_p20,seed064,64,707,70700,100,16,86.00633899166377,108.1168655906546,72.75605789620265,False,max_epochs,3183.6116647720337
rl4crn_rne_oscillator_trace_8rxn_stop_risksched085to09_lr1e4_entropy005_s4_c1_rnetol_d256_depth3_p20,seed064,64,708,70800,100,16,77.1311605531422,94.65644469574121,72.75605789620265,False,max_epochs,3188.5976915359497
rl4crn_rne_oscillator_trace_8rxn_stop_risksched085to09_lr1e4_entropy005_s4_c1_rnetol_d256_depth3_p20,seed064,64,709,70900,100,16,83.92929992304947,114.09797818150483,72.75605789620265,False,max_epochs,3193.616043806076
rl4crn_rne_oscillator_trace_8rxn_stop_risksched085to09_lr1e4_entropy005_s4_c1_rnetol_d256_depth3_p20,seed064,64,710,71000,100,16,97.49403794613227,126.84385538728772,72.75605789620265,False,max_epochs,3198.4756033420563
rl4crn_rne_oscillator_trace_8rxn_stop_risksched085to09_lr1e4_entropy005_s4_c1_rnetol_d256_depth3_p20,seed064,64,711,71100,100,16,84.15745006954407,117.86532349154098,72.75605789620265,False,max_epochs,3203.2957496643066
rl4crn_rne_oscillator_trace_8rxn_stop_risksched085to09_lr1e4_entropy005_s4_c1_rnetol_d256_depth3_p20,seed064,64,712,71200,100,16,74.01015875773358,94.64687445529013,72.75605789620265,False,max_epochs,3208.218200445175
rl4crn_rne_oscillator_trace_8rxn_stop_risksched085to09_lr1e4_entropy005_s4_c1_rnetol_d256_depth3_p20,seed064,64,713,71300,100,16,80.2357607748305,108.35143610552024,72.75605789620265,False,max_epochs,3212.528131723404
rl4crn_rne_oscillator_trace_8rxn_stop_risksched085to09_lr1e4_entropy005_s4_c1_rnetol_d256_depth3_p20,seed064,64,714,71400,100,16,88.48811789319818,110.51808244931098,72.75605789620265,False,max_epochs,3214.689970254898
rl4crn_rne_oscillator_trace_8rxn_stop_risksched085to09_lr1e4_entropy005_s4_c1_rnetol_d256_depth3_p20,seed064,64,715,71500,100,16,88.70153469259343,110.38896926359976,72.75605789620265,False,max_epochs,3218.9915602207184
rl4crn_rne_oscillator_trace_8rxn_stop_risksched085to09_lr1e4_entropy005_s4_c1_rnetol_d256_depth3_p20,seed064,64,716,71600,100,16,76.8866122053603,98.52856756231469,72.75605789620265,False,max_epochs,3224.2935564517975
rl4crn_rne_oscillator_trace_8rxn_stop_risksched085to09_lr1e4_entropy005_s4_c1_rnetol_d256_depth3_p20,seed064,64,717,71700,100,16,74.38086462779457,106.78667837243925,72.75605789620265,False,max_epochs,3228.944484233856
rl4crn_rne_oscillator_trace_8rxn_stop_risksched085to09_lr1e4_entropy005_s4_c1_rnetol_d256_depth3_p20,seed064,64,718,71800,100,16,78.46751664705283,116.74794797220679,72.75605789620265,False,max_epochs,3233.757952928543
rl4crn_rne_oscillator_trace_8rxn_stop_risksched085to09_lr1e4_entropy005_s4_c1_rnetol_d256_depth3_p20,seed064,64,719,71900,100,16,75.01292220713833,113.78441012167983,72.75605789620265,False,max_epochs,3238.352147102356
rl4crn_rne_oscillator_trace_8rxn_stop_risksched085to09_lr1e4_entropy005_s4_c1_rnetol_d256_depth3_p20,seed064,64,720,72000,100,16,74.81854765604996,110.8984329282224,72.75605789620265,False,max_epochs,3242.7848241329193
rl4crn_rne_oscillator_trace_8rxn_stop_risksched085to09_lr1e4_entropy005_s4_c1_rnetol_d256_depth3_p20,seed064,64,721,72100,100,16,73.6538785444115,100.10270335493456,72.75605789620265,False,max_epochs,3245.1538395881653
rl4crn_rne_oscillator_trace_8rxn_stop_risksched085to09_lr1e4_entropy005_s4_c1_rnetol_d256_depth3_p20,seed064,64,722,72200,100,16,72.68214970915626,110.63275113508226,72.68214970915626,False,max_epochs,3249.993068933487
rl4crn_rne_oscillator_trace_8rxn_stop_risksched085to09_lr1e4_entropy005_s4_c1_rnetol_d256_depth3_p20,seed064,64,723,72300,100,16,75.83144389432731,111.00797941187638,72.68214970915626,False,max_epochs,3254.325262784958
rl4crn_rne_oscillator_trace_8rxn_stop_risksched085to09_lr1e4_entropy005_s4_c1_rnetol_d256_depth3_p20,seed064,64,724,72400,100,16,73.37865616435764,119.9938062328452,72.68214970915626,False,max_epochs,3259.818645477295
rl4crn_rne_oscillator_trace_8rxn_stop_risksched085to09_lr1e4_entropy005_s4_c1_rnetol_d256_depth3_p20,seed064,64,725,72500,100,16,75.05069607235157,110.14218745789621,72.68214970915626,False,max_epochs,3264.43275642395
rl4crn_rne_oscillator_trace_8rxn_stop_risksched085to09_lr1e4_entropy005_s4_c1_rnetol_d256_depth3_p20,seed064,64,726,72600,100,16,75.02085114596082,99.56627530351943,72.68214970915626,False,max_epochs,3269.126509666443
rl4crn_rne_oscillator_trace_8rxn_stop_risksched085to09_lr1e4_entropy005_s4_c1_rnetol_d256_depth3_p20,seed064,64,727,72700,100,16,76.2131830871902,96.69746487625213,72.68214970915626,False,max_epochs,3274.0064771175385
rl4crn_rne_oscillator_trace_8rxn_stop_risksched085to09_lr1e4_entropy005_s4_c1_rnetol_d256_depth3_p20,seed064,64,728,72800,100,16,75.7198541905714,109.67624381540836,72.68214970915626,False,max_epochs,3278.19885969162
rl4crn_rne_oscillator_trace_8rxn_stop_risksched085to09_lr1e4_entropy005_s4_c1_rnetol_d256_depth3_p20,seed064,64,729,72900,100,16,77.22126963745094,108.34329577495998,72.68214970915626,False,max_epochs,3280.3240683078766
rl4crn_rne_oscillator_trace_8rxn_stop_risksched085to09_lr1e4_entropy005_s4_c1_rnetol_d256_depth3_p20,seed064,64,730,73000,100,16,74.5243974821926,102.71152441890516,72.68214970915626,False,max_epochs,3284.5252437591553
rl4crn_rne_oscillator_trace_8rxn_stop_risksched085to09_lr1e4_entropy005_s4_c1_rnetol_d256_depth3_p20,seed064,64,731,73100,100,16,73.06757324956781,101.32716102834763,72.68214970915626,False,max_epochs,3289.181084394455
rl4crn_rne_oscillator_trace_8rxn_stop_risksched085to09_lr1e4_entropy005_s4_c1_rnetol_d256_depth3_p20,seed064,64,732,73200,100,16,73.41811145402256,107.4655475743963,72.68214970915626,False,max_epochs,3293.677542448044
rl4crn_rne_oscillator_trace_8rxn_stop_risksched085to09_lr1e4_entropy005_s4_c1_rnetol_d256_depth3_p20,seed064,64,733,73300,100,16,75.49331378530297,112.20856745439896,72.68214970915626,False,max_epochs,3298.136506795883
rl4crn_rne_oscillator_trace_8rxn_stop_risksched085to09_lr1e4_entropy005_s4_c1_rnetol_d256_depth3_p20,seed064,64,734,73400,100,16,72.88421910429209,111.49385266530622,72.68214970915626,False,max_epochs,3300.1472914218903
rl4crn_rne_oscillator_trace_8rxn_stop_risksched085to09_lr1e4_entropy005_s4_c1_rnetol_d256_depth3_p20,seed064,64,735,73500,100,16,75.10581333368505,98.89119544099034,72.68214970915626,False,max_epochs,3304.986299276352
rl4crn_rne_oscillator_trace_8rxn_stop_risksched085to09_lr1e4_entropy005_s4_c1_rnetol_d256_depth3_p20,seed064,64,736,73600,100,16,74.34935264588034,104.6055918414821,72.68214970915626,False,max_epochs,3309.505189180374
rl4crn_rne_oscillator_trace_8rxn_stop_risksched085to09_lr1e4_entropy005_s4_c1_rnetol_d256_depth3_p20,seed064,64,737,73700,100,16,77.39477798005795,105.4583135213681,72.68214970915626,False,max_epochs,3314.019434452057
rl4crn_rne_oscillator_trace_8rxn_stop_risksched085to09_lr1e4_entropy005_s4_c1_rnetol_d256_depth3_p20,seed064,64,738,73800,100,16,75.60291303238184,97.039316445303,72.68214970915626,False,max_epochs,3318.2637503147125
rl4crn_rne_oscillator_trace_8rxn_stop_risksched085to09_lr1e4_entropy005_s4_c1_rnetol_d256_depth3_p20,seed064,64,739,73900,100,16,73.69266174965605,94.60936216500505,72.68214970915626,False,max_epochs,3320.5051963329315
rl4crn_rne_oscillator_trace_8rxn_stop_risksched085to09_lr1e4_entropy005_s4_c1_rnetol_d256_depth3_p20,seed064,64,740,74000,100,16,77.98771126524038,121.98770867323938,72.68214970915626,False,max_epochs,3325.1714997291565
rl4crn_rne_oscillator_trace_8rxn_stop_risksched085to09_lr1e4_entropy005_s4_c1_rnetol_d256_depth3_p20,seed064,64,741,74100,100,16,74.98641631471945,123.45581826849082,72.68214970915626,False,max_epochs,3329.820008277893
rl4crn_rne_oscillator_trace_8rxn_stop_risksched085to09_lr1e4_entropy005_s4_c1_rnetol_d256_depth3_p20,seed064,64,742,74200,100,16,77.567021022859,112.62136605320758,72.68214970915626,False,max_epochs,3334.8027300834656
rl4crn_rne_oscillator_trace_8rxn_stop_risksched085to09_lr1e4_entropy005_s4_c1_rnetol_d256_depth3_p20,seed064,64,743,74300,100,16,74.22241317584371,101.43754871379987,72.68214970915626,False,max_epochs,3339.8296563625336
rl4crn_rne_oscillator_trace_8rxn_stop_risksched085to09_lr1e4_entropy005_s4_c1_rnetol_d256_depth3_p20,seed064,64,744,74400,100,16,77.10278663029244,98.48287798810298,72.68214970915626,False,max_epochs,3344.848840236664
rl4crn_rne_oscillator_trace_8rxn_stop_risksched085to09_lr1e4_entropy005_s4_c1_rnetol_d256_depth3_p20,seed064,64,745,74500,100,16,77.49553473915753,109.96821094489103,72.68214970915626,False,max_epochs,3349.7369718551636
rl4crn_rne_oscillator_trace_8rxn_stop_risksched085to09_lr1e4_entropy005_s4_c1_rnetol_d256_depth3_p20,seed064,64,746,74600,100,16,78.79030066579229,113.18672536963759,72.68214970915626,False,max_epochs,3355.002667427063
rl4crn_rne_oscillator_trace_8rxn_stop_risksched085to09_lr1e4_entropy005_s4_c1_rnetol_d256_depth3_p20,seed064,64,747,74700,100,16,77.6430265098945,107.52597189814372,72.68214970915626,False,max_epochs,3359.65451669693
rl4crn_rne_oscillator_trace_8rxn_stop_risksched085to09_lr1e4_entropy005_s4_c1_rnetol_d256_depth3_p20,seed064,64,748,74800,100,16,75.02827580181477,90.98530564102731,72.68214970915626,False,max_epochs,3364.2425808906555
rl4crn_rne_oscillator_trace_8rxn_stop_risksched085to09_lr1e4_entropy005_s4_c1_rnetol_d256_depth3_p20,seed064,64,749,74900,100,16,76.79051925409381,100.1799497197496,72.68214970915626,False,max_epochs,3368.800924539566
rl4crn_rne_oscillator_trace_8rxn_stop_risksched085to09_lr1e4_entropy005_s4_c1_rnetol_d256_depth3_p20,seed064,64,750,75000,100,16,74.1859576839986,96.60206157859196,72.68214970915626,False,max_epochs,3371.2595105171204
rl4crn_rne_oscillator_trace_8rxn_stop_risksched085to09_lr1e4_entropy005_s4_c1_rnetol_d256_depth3_p20,seed064,64,751,75100,100,16,75.78239763447276,127.61534448995724,72.68214970915626,False,max_epochs,3375.9104554653168
rl4crn_rne_oscillator_trace_8rxn_stop_risksched085to09_lr1e4_entropy005_s4_c1_rnetol_d256_depth3_p20,seed064,64,752,75200,100,16,79.04827793546791,123.6918865805221,72.68214970915626,False,max_epochs,3381.049327135086
rl4crn_rne_oscillator_trace_8rxn_stop_risksched085to09_lr1e4_entropy005_s4_c1_rnetol_d256_depth3_p20,seed064,64,753,75300,100,16,75.04018762077521,127.01620247098853,72.68214970915626,False,max_epochs,3385.930817604065
rl4crn_rne_oscillator_trace_8rxn_stop_risksched085to09_lr1e4_entropy005_s4_c1_rnetol_d256_depth3_p20,seed064,64,754,75400,100,16,72.637440482408,103.7649184601191,72.637440482408,False,max_epochs,3390.7605154514313
rl4crn_rne_oscillator_trace_8rxn_stop_risksched085to09_lr1e4_entropy005_s4_c1_rnetol_d256_depth3_p20,seed064,64,755,75500,100,16,77.09655102817518,98.09181236097308,72.637440482408,False,max_epochs,3396.0472979545593
rl4crn_rne_oscillator_trace_8rxn_stop_risksched085to09_lr1e4_entropy005_s4_c1_rnetol_d256_depth3_p20,seed064,64,756,75600,100,16,73.41866314614349,101.20799536137667,72.637440482408,False,max_epochs,3401.299057483673
rl4crn_rne_oscillator_trace_8rxn_stop_risksched085to09_lr1e4_entropy005_s4_c1_rnetol_d256_depth3_p20,seed064,64,757,75700,100,16,73.02535880360617,102.54656666398911,72.637440482408,False,max_epochs,3406.390184402466
rl4crn_rne_oscillator_trace_8rxn_stop_risksched085to09_lr1e4_entropy005_s4_c1_rnetol_d256_depth3_p20,seed064,64,758,75800,100,16,74.23623135227449,110.62407648043168,72.637440482408,False,max_epochs,3411.5413811206818
rl4crn_rne_oscillator_trace_8rxn_stop_risksched085to09_lr1e4_entropy005_s4_c1_rnetol_d256_depth3_p20,seed064,64,759,75900,100,16,75.55890199976994,99.78121496133048,72.637440482408,False,max_epochs,3416.446750164032
rl4crn_rne_oscillator_trace_8rxn_stop_risksched085to09_lr1e4_entropy005_s4_c1_rnetol_d256_depth3_p20,seed064,64,760,76000,100,16,76.69280405739032,98.18670169572573,72.637440482408,False,max_epochs,3421.560389518738
rl4crn_rne_oscillator_trace_8rxn_stop_risksched085to09_lr1e4_entropy005_s4_c1_rnetol_d256_depth3_p20,seed064,64,761,76100,100,16,73.18925162130232,102.22518134378657,72.637440482408,False,max_epochs,3426.0706973075867
rl4crn_rne_oscillator_trace_8rxn_stop_risksched085to09_lr1e4_entropy005_s4_c1_rnetol_d256_depth3_p20,seed064,64,762,76200,100,16,74.43880145036819,105.27928089760394,72.637440482408,False,max_epochs,3430.7855377197266
rl4crn_rne_oscillator_trace_8rxn_stop_risksched085to09_lr1e4_entropy005_s4_c1_rnetol_d256_depth3_p20,seed064,64,763,76300,100,16,74.61366402494006,95.41267746853907,72.637440482408,False,max_epochs,3435.656913280487
rl4crn_rne_oscillator_trace_8rxn_stop_risksched085to09_lr1e4_entropy005_s4_c1_rnetol_d256_depth3_p20,seed064,64,764,76400,100,16,75.6143881245335,103.50167057536976,72.637440482408,False,max_epochs,3440.2110979557037
rl4crn_rne_oscillator_trace_8rxn_stop_risksched085to09_lr1e4_entropy005_s4_c1_rnetol_d256_depth3_p20,seed064,64,765,76500,100,16,76.27910642708643,105.38819887661751,72.637440482408,False,max_epochs,3444.8165526390076
rl4crn_rne_oscillator_trace_8rxn_stop_risksched085to09_lr1e4_entropy005_s4_c1_rnetol_d256_depth3_p20,seed064,64,766,76600,100,16,75.92523153974281,108.39873185207941,72.637440482408,False,max_epochs,3449.161792039871
rl4crn_rne_oscillator_trace_8rxn_stop_risksched085to09_lr1e4_entropy005_s4_c1_rnetol_d256_depth3_p20,seed064,64,767,76700,100,16,72.50768183902127,99.88557016816301,72.50768183902127,False,max_epochs,3451.5634961128235
rl4crn_rne_oscillator_trace_8rxn_stop_risksched085to09_lr1e4_entropy005_s4_c1_rnetol_d256_depth3_p20,seed064,64,768,76800,100,16,73.22570857613593,88.89329314452517,72.50768183902127,False,max_epochs,3456.1139953136444
rl4crn_rne_oscillator_trace_8rxn_stop_risksched085to09_lr1e4_entropy005_s4_c1_rnetol_d256_depth3_p20,seed064,64,769,76900,100,16,73.87203670905754,95.98523010138749,72.50768183902127,False,max_epochs,3461.2070536613464
rl4crn_rne_oscillator_trace_8rxn_stop_risksched085to09_lr1e4_entropy005_s4_c1_rnetol_d256_depth3_p20,seed064,64,770,77000,100,16,74.51823100894484,96.71616645427265,72.50768183902127,False,max_epochs,3466.083294391632
rl4crn_rne_oscillator_trace_8rxn_stop_risksched085to09_lr1e4_entropy005_s4_c1_rnetol_d256_depth3_p20,seed064,64,771,77100,100,16,73.2558529134469,89.54304067567953,72.50768183902127,False,max_epochs,3471.1507449150085
rl4crn_rne_oscillator_trace_8rxn_stop_risksched085to09_lr1e4_entropy005_s4_c1_rnetol_d256_depth3_p20,seed064,64,772,77200,100,16,74.61314667636016,91.88642268993732,72.50768183902127,False,max_epochs,3476.213052749634
rl4crn_rne_oscillator_trace_8rxn_stop_risksched085to09_lr1e4_entropy005_s4_c1_rnetol_d256_depth3_p20,seed064,64,773,77300,100,16,76.18553372748464,114.25307966991093,72.50768183902127,False,max_epochs,3481.0040340423584
rl4crn_rne_oscillator_trace_8rxn_stop_risksched085to09_lr1e4_entropy005_s4_c1_rnetol_d256_depth3_p20,seed064,64,774,77400,100,16,79.5207943856316,123.10891443232885,72.50768183902127,False,max_epochs,3485.6907303333282
rl4crn_rne_oscillator_trace_8rxn_stop_risksched085to09_lr1e4_entropy005_s4_c1_rnetol_d256_depth3_p20,seed064,64,775,77500,100,16,74.04978004071371,107.96575696635689,72.50768183902127,False,max_epochs,3490.1014053821564
rl4crn_rne_oscillator_trace_8rxn_stop_risksched085to09_lr1e4_entropy005_s4_c1_rnetol_d256_depth3_p20,seed064,64,776,77600,100,16,82.27798299464521,96.38892964509648,72.50768183902127,False,max_epochs,3492.552238225937
rl4crn_rne_oscillator_trace_8rxn_stop_risksched085to09_lr1e4_entropy005_s4_c1_rnetol_d256_depth3_p20,seed064,64,777,77700,100,16,87.25695177828032,100.02210498790058,72.50768183902127,False,max_epochs,3496.6920778751373
rl4crn_rne_oscillator_trace_8rxn_stop_risksched085to09_lr1e4_entropy005_s4_c1_rnetol_d256_depth3_p20,seed064,64,778,77800,100,16,79.40619010303894,98.06042693792944,72.50768183902127,False,max_epochs,3501.3535668849945
rl4crn_rne_oscillator_trace_8rxn_stop_risksched085to09_lr1e4_entropy005_s4_c1_rnetol_d256_depth3_p20,seed064,64,779,77900,100,16,75.40231516114227,88.92218007663146,72.50768183902127,False,max_epochs,3505.507875442505
rl4crn_rne_oscillator_trace_8rxn_stop_risksched085to09_lr1e4_entropy005_s4_c1_rnetol_d256_depth3_p20,seed064,64,780,78000,100,16,75.48721615735045,105.77533942968415,72.50768183902127,False,max_epochs,3510.146374464035
rl4crn_rne_oscillator_trace_8rxn_stop_risksched085to09_lr1e4_entropy005_s4_c1_rnetol_d256_depth3_p20,seed064,64,781,78100,100,16,81.20733569720048,107.72401620171703,72.50768183902127,False,max_epochs,3514.2225835323334
rl4crn_rne_oscillator_trace_8rxn_stop_risksched085to09_lr1e4_entropy005_s4_c1_rnetol_d256_depth3_p20,seed064,64,782,78200,100,16,73.92628248045767,100.12502130403254,72.50768183902127,False,max_epochs,3516.7916107177734
rl4crn_rne_oscillator_trace_8rxn_stop_risksched085to09_lr1e4_entropy005_s4_c1_rnetol_d256_depth3_p20,seed064,64,783,78300,100,16,77.24790597959077,96.15920414602185,72.50768183902127,False,max_epochs,3521.5688631534576
rl4crn_rne_oscillator_trace_8rxn_stop_risksched085to09_lr1e4_entropy005_s4_c1_rnetol_d256_depth3_p20,seed064,64,784,78400,100,16,77.47726899586347,101.76488021496758,72.50768183902127,False,max_epochs,3526.8582525253296
rl4crn_rne_oscillator_trace_8rxn_stop_risksched085to09_lr1e4_entropy005_s4_c1_rnetol_d256_depth3_p20,seed064,64,785,78500,100,16,74.63111240014231,99.40248618221455,72.50768183902127,False,max_epochs,3531.495151281357
rl4crn_rne_oscillator_trace_8rxn_stop_risksched085to09_lr1e4_entropy005_s4_c1_rnetol_d256_depth3_p20,seed064,64,786,78600,100,16,72.80147130753653,104.64804914401668,72.50768183902127,False,max_epochs,3535.9857103824615
rl4crn_rne_oscillator_trace_8rxn_stop_risksched085to09_lr1e4_entropy005_s4_c1_rnetol_d256_depth3_p20,seed064,64,787,78700,100,16,75.2841534092397,103.98897467096987,72.50768183902127,False,max_epochs,3540.706123352051
rl4crn_rne_oscillator_trace_8rxn_stop_risksched085to09_lr1e4_entropy005_s4_c1_rnetol_d256_depth3_p20,seed064,64,788,78800,100,16,75.37704061738489,92.49543924879731,72.50768183902127,False,max_epochs,3542.963986635208
rl4crn_rne_oscillator_trace_8rxn_stop_risksched085to09_lr1e4_entropy005_s4_c1_rnetol_d256_depth3_p20,seed064,64,789,78900,100,16,74.05737996361337,94.74714049171291,72.50768183902127,False,max_epochs,3547.263411283493
rl4crn_rne_oscillator_trace_8rxn_stop_risksched085to09_lr1e4_entropy005_s4_c1_rnetol_d256_depth3_p20,seed064,64,790,79000,100,16,76.18092609038179,99.49981807732908,72.50768183902127,False,max_epochs,3552.32719874382
rl4crn_rne_oscillator_trace_8rxn_stop_risksched085to09_lr1e4_entropy005_s4_c1_rnetol_d256_depth3_p20,seed064,64,791,79100,100,16,74.998473150431,104.24416711450704,72.50768183902127,False,max_epochs,3557.145256996155
rl4crn_rne_oscillator_trace_8rxn_stop_risksched085to09_lr1e4_entropy005_s4_c1_rnetol_d256_depth3_p20,seed064,64,792,79200,100,16,73.05448387517886,95.08924036760709,72.50768183902127,False,max_epochs,3562.466714859009
rl4crn_rne_oscillator_trace_8rxn_stop_risksched085to09_lr1e4_entropy005_s4_c1_rnetol_d256_depth3_p20,seed064,64,793,79300,100,16,73.3288044284122,97.07598288008234,72.50768183902127,False,max_epochs,3567.3466086387634
rl4crn_rne_oscillator_trace_8rxn_stop_risksched085to09_lr1e4_entropy005_s4_c1_rnetol_d256_depth3_p20,seed064,64,794,79400,100,16,74.92986640908455,106.57112986590016,72.50768183902127,False,max_epochs,3571.944114923477
rl4crn_rne_oscillator_trace_8rxn_stop_risksched085to09_lr1e4_entropy005_s4_c1_rnetol_d256_depth3_p20,seed064,64,795,79500,100,16,77.73761357801664,116.8244579575675,72.50768183902127,False,max_epochs,3576.6478328704834
rl4crn_rne_oscillator_trace_8rxn_stop_risksched085to09_lr1e4_entropy005_s4_c1_rnetol_d256_depth3_p20,seed064,64,796,79600,100,16,78.18986844591677,109.02971280571029,72.50768183902127,False,max_epochs,3580.9172489643097
rl4crn_rne_oscillator_trace_8rxn_stop_risksched085to09_lr1e4_entropy005_s4_c1_rnetol_d256_depth3_p20,seed064,64,797,79700,100,16,72.30716350263191,97.779497167322,72.30716350263191,False,max_epochs,3583.2697052955627
rl4crn_rne_oscillator_trace_8rxn_stop_risksched085to09_lr1e4_entropy005_s4_c1_rnetol_d256_depth3_p20,seed064,64,798,79800,100,16,74.11778286477738,94.51537508663475,72.30716350263191,False,max_epochs,3587.6737353801727
rl4crn_rne_oscillator_trace_8rxn_stop_risksched085to09_lr1e4_entropy005_s4_c1_rnetol_d256_depth3_p20,seed064,64,799,79900,100,16,74.3526195041188,94.96192961179706,72.30716350263191,False,max_epochs,3592.6842381954193
rl4crn_rne_oscillator_trace_8rxn_stop_risksched085to09_lr1e4_entropy005_s4_c1_rnetol_d256_depth3_p20,seed064,64,800,80000,100,16,73.50574761691757,95.15171000261057,72.30716350263191,False,max_epochs,3597.4196400642395
rl4crn_rne_oscillator_trace_8rxn_stop_risksched085to09_lr1e4_entropy005_s4_c1_rnetol_d256_depth3_p20,seed064,64,801,80100,100,16,74.18118559549286,99.30772116032152,72.30716350263191,False,max_epochs,3602.131910085678
