method,run_id,seed,epoch,candidate_evaluations,batch_size,n_cpus,epoch_best_loss,epoch_median_loss,saved_best_loss,success,stop_reason,elapsed_seconds
rl4crn_rne_oscillator_trace_8rxn_stop_risksched085to09_lr1e4_entropy005_s4_c1_rnetol_d256_p20,seed010,10,1,100,100,16,124.28100370869538,130.38592574210523,124.28100370869538,False,max_epochs,15.563401460647583
rl4crn_rne_oscillator_trace_8rxn_stop_risksched085to09_lr1e4_entropy005_s4_c1_rnetol_d256_p20,seed010,10,2,200,100,16,124.53532220810533,130.71982840504165,124.28100370869538,False,max_epochs,20.240628957748413
rl4crn_rne_oscillator_trace_8rxn_stop_risksched085to09_lr1e4_entropy005_s4_c1_rnetol_d256_p20,seed010,10,3,300,100,16,123.16029202897069,130.79189080299273,123.16029202897069,False,max_epochs,25.210679531097412
rl4crn_rne_oscillator_trace_8rxn_stop_risksched085to09_lr1e4_entropy005_s4_c1_rnetol_d256_p20,seed010,10,4,400,100,16,124.34436322657135,130.6663859544505,123.16029202897069,False,max_epochs,29.66552209854126
rl4crn_rne_oscillator_trace_8rxn_stop_risksched085to09_lr1e4_entropy005_s4_c1_rnetol_d256_p20,seed010,10,5,500,100,16,123.35862271234747,130.03839969919267,123.16029202897069,False,max_epochs,34.22338533401489
rl4crn_rne_oscillator_trace_8rxn_stop_risksched085to09_lr1e4_entropy005_s4_c1_rnetol_d256_p20,seed010,10,6,600,100,16,123.4052542944988,130.42524023594734,123.16029202897069,False,max_epochs,36.59612846374512
rl4crn_rne_oscillator_trace_8rxn_stop_risksched085to09_lr1e4_entropy005_s4_c1_rnetol_d256_p20,seed010,10,7,700,100,16,124.89340428205533,130.54845938142057,123.16029202897069,False,max_epochs,41.38630414009094
rl4crn_rne_oscillator_trace_8rxn_stop_risksched085to09_lr1e4_entropy005_s4_c1_rnetol_d256_p20,seed010,10,8,800,100,16,123.04977271729169,130.8351759443662,123.04977271729169,False,max_epochs,46.31229329109192
rl4crn_rne_oscillator_trace_8rxn_stop_risksched085to09_lr1e4_entropy005_s4_c1_rnetol_d256_p20,seed010,10,9,900,100,16,123.07664870861811,130.3434565649315,123.04977271729169,False,max_epochs,51.369107484817505
rl4crn_rne_oscillator_trace_8rxn_stop_risksched085to09_lr1e4_entropy005_s4_c1_rnetol_d256_p20,seed010,10,10,1000,100,16,124.20446529482307,130.6945558913161,123.04977271729169,False,max_epochs,55.87859797477722
rl4crn_rne_oscillator_trace_8rxn_stop_risksched085to09_lr1e4_entropy005_s4_c1_rnetol_d256_p20,seed010,10,11,1100,100,16,122.94052684959833,130.09574530299932,122.94052684959833,False,max_epochs,60.79840636253357
rl4crn_rne_oscillator_trace_8rxn_stop_risksched085to09_lr1e4_entropy005_s4_c1_rnetol_d256_p20,seed010,10,12,1200,100,16,124.57535175080338,130.8525279238071,122.94052684959833,False,max_epochs,65.36196279525757
rl4crn_rne_oscillator_trace_8rxn_stop_risksched085to09_lr1e4_entropy005_s4_c1_rnetol_d256_p20,seed010,10,13,1300,100,16,122.4298041731113,131.57901547060095,122.4298041731113,False,max_epochs,67.75545930862427
rl4crn_rne_oscillator_trace_8rxn_stop_risksched085to09_lr1e4_entropy005_s4_c1_rnetol_d256_p20,seed010,10,14,1400,100,16,124.23569793952792,132.26308921059547,122.4298041731113,False,max_epochs,72.45738315582275
rl4crn_rne_oscillator_trace_8rxn_stop_risksched085to09_lr1e4_entropy005_s4_c1_rnetol_d256_p20,seed010,10,15,1500,100,16,123.56590920360689,130.58545724167806,122.4298041731113,False,max_epochs,77.87397146224976
rl4crn_rne_oscillator_trace_8rxn_stop_risksched085to09_lr1e4_entropy005_s4_c1_rnetol_d256_p20,seed010,10,16,1600,100,16,121.6856090702234,130.1545383029377,121.6856090702234,False,max_epochs,82.72874784469604
rl4crn_rne_oscillator_trace_8rxn_stop_risksched085to09_lr1e4_entropy005_s4_c1_rnetol_d256_p20,seed010,10,17,1700,100,16,123.83810283170563,131.07730627555225,121.6856090702234,False,max_epochs,87.87077403068542
rl4crn_rne_oscillator_trace_8rxn_stop_risksched085to09_lr1e4_entropy005_s4_c1_rnetol_d256_p20,seed010,10,18,1800,100,16,121.50063634261774,129.359700212571,121.50063634261774,False,max_epochs,92.77087187767029
rl4crn_rne_oscillator_trace_8rxn_stop_risksched085to09_lr1e4_entropy005_s4_c1_rnetol_d256_p20,seed010,10,19,1900,100,16,123.45583229054341,129.07210638144818,121.50063634261774,False,max_epochs,97.81022524833679
rl4crn_rne_oscillator_trace_8rxn_stop_risksched085to09_lr1e4_entropy005_s4_c1_rnetol_d256_p20,seed010,10,20,2000,100,16,122.37675141200208,128.0634585283059,121.50063634261774,False,max_epochs,102.65436029434204
rl4crn_rne_oscillator_trace_8rxn_stop_risksched085to09_lr1e4_entropy005_s4_c1_rnetol_d256_p20,seed010,10,21,2100,100,16,122.7406750373682,127.40527726434635,121.50063634261774,False,max_epochs,107.3396065235138
rl4crn_rne_oscillator_trace_8rxn_stop_risksched085to09_lr1e4_entropy005_s4_c1_rnetol_d256_p20,seed010,10,22,2200,100,16,122.16406646883507,125.85053238198805,121.50063634261774,False,max_epochs,109.5675048828125
rl4crn_rne_oscillator_trace_8rxn_stop_risksched085to09_lr1e4_entropy005_s4_c1_rnetol_d256_p20,seed010,10,23,2300,100,16,122.11246034466191,126.97362618257067,121.50063634261774,False,max_epochs,114.29956579208374
rl4crn_rne_oscillator_trace_8rxn_stop_risksched085to09_lr1e4_entropy005_s4_c1_rnetol_d256_p20,seed010,10,24,2400,100,16,122.73417504958084,126.94985291757466,121.50063634261774,False,max_epochs,119.11058187484741
rl4crn_rne_oscillator_trace_8rxn_stop_risksched085to09_lr1e4_entropy005_s4_c1_rnetol_d256_p20,seed010,10,25,2500,100,16,121.80290919639157,125.796865682186,121.50063634261774,False,max_epochs,124.33390283584595
rl4crn_rne_oscillator_trace_8rxn_stop_risksched085to09_lr1e4_entropy005_s4_c1_rnetol_d256_p20,seed010,10,26,2600,100,16,122.75644201111199,126.86952545975524,121.50063634261774,False,max_epochs,128.8822853565216
rl4crn_rne_oscillator_trace_8rxn_stop_risksched085to09_lr1e4_entropy005_s4_c1_rnetol_d256_p20,seed010,10,27,2700,100,16,122.08320587461061,127.43327900340036,121.50063634261774,False,max_epochs,133.74285507202148
rl4crn_rne_oscillator_trace_8rxn_stop_risksched085to09_lr1e4_entropy005_s4_c1_rnetol_d256_p20,seed010,10,28,2800,100,16,121.43390413983919,127.59826745592352,121.43390413983919,False,max_epochs,136.03268337249756
rl4crn_rne_oscillator_trace_8rxn_stop_risksched085to09_lr1e4_entropy005_s4_c1_rnetol_d256_p20,seed010,10,29,2900,100,16,121.55313273996238,125.51730109896701,121.43390413983919,False,max_epochs,140.64707398414612
rl4crn_rne_oscillator_trace_8rxn_stop_risksched085to09_lr1e4_entropy005_s4_c1_rnetol_d256_p20,seed010,10,30,3000,100,16,121.71582220441925,128.96483943704058,121.43390413983919,False,max_epochs,145.62144136428833
rl4crn_rne_oscillator_trace_8rxn_stop_risksched085to09_lr1e4_entropy005_s4_c1_rnetol_d256_p20,seed010,10,31,3100,100,16,121.91954641193962,130.74641726349734,121.43390413983919,False,max_epochs,150.5066750049591
rl4crn_rne_oscillator_trace_8rxn_stop_risksched085to09_lr1e4_entropy005_s4_c1_rnetol_d256_p20,seed010,10,32,3200,100,16,121.09726916564036,129.0,121.09726916564036,False,max_epochs,155.73848938941956
rl4crn_rne_oscillator_trace_8rxn_stop_risksched085to09_lr1e4_entropy005_s4_c1_rnetol_d256_p20,seed010,10,33,3300,100,16,120.8000325782083,127.45298978827654,120.8000325782083,False,max_epochs,160.32362508773804
rl4crn_rne_oscillator_trace_8rxn_stop_risksched085to09_lr1e4_entropy005_s4_c1_rnetol_d256_p20,seed010,10,34,3400,100,16,120.8685426084727,127.25120299504931,120.8000325782083,False,max_epochs,165.18588757514954
rl4crn_rne_oscillator_trace_8rxn_stop_risksched085to09_lr1e4_entropy005_s4_c1_rnetol_d256_p20,seed010,10,35,3500,100,16,121.21219765253366,129.58635026812334,120.8000325782083,False,max_epochs,169.36927962303162
rl4crn_rne_oscillator_trace_8rxn_stop_risksched085to09_lr1e4_entropy005_s4_c1_rnetol_d256_p20,seed010,10,36,3600,100,16,120.9532331220233,131.81028213480312,120.8000325782083,False,max_epochs,172.13656663894653
rl4crn_rne_oscillator_trace_8rxn_stop_risksched085to09_lr1e4_entropy005_s4_c1_rnetol_d256_p20,seed010,10,37,3700,100,16,121.05093365397447,130.4574562685009,120.8000325782083,False,max_epochs,177.3191738128662
rl4crn_rne_oscillator_trace_8rxn_stop_risksched085to09_lr1e4_entropy005_s4_c1_rnetol_d256_p20,seed010,10,38,3800,100,16,120.71445476461975,128.58173162986662,120.71445476461975,False,max_epochs,181.98615169525146
rl4crn_rne_oscillator_trace_8rxn_stop_risksched085to09_lr1e4_entropy005_s4_c1_rnetol_d256_p20,seed010,10,39,3900,100,16,120.93225534542186,132.05976158496009,120.71445476461975,False,max_epochs,187.20776653289795
rl4crn_rne_oscillator_trace_8rxn_stop_risksched085to09_lr1e4_entropy005_s4_c1_rnetol_d256_p20,seed010,10,40,4000,100,16,120.73554871971221,128.41149980150098,120.71445476461975,False,max_epochs,191.95071363449097
rl4crn_rne_oscillator_trace_8rxn_stop_risksched085to09_lr1e4_entropy005_s4_c1_rnetol_d256_p20,seed010,10,41,4100,100,16,120.77855468323654,128.08594821159704,120.71445476461975,False,max_epochs,196.86343359947205
rl4crn_rne_oscillator_trace_8rxn_stop_risksched085to09_lr1e4_entropy005_s4_c1_rnetol_d256_p20,seed010,10,42,4200,100,16,120.72194370867759,129.59602832075052,120.71445476461975,False,max_epochs,201.5436851978302
rl4crn_rne_oscillator_trace_8rxn_stop_risksched085to09_lr1e4_entropy005_s4_c1_rnetol_d256_p20,seed010,10,43,4300,100,16,120.43521915575437,126.10352922532513,120.43521915575437,False,max_epochs,203.93669629096985
rl4crn_rne_oscillator_trace_8rxn_stop_risksched085to09_lr1e4_entropy005_s4_c1_rnetol_d256_p20,seed010,10,44,4400,100,16,120.60466013625614,124.83003845736194,120.43521915575437,False,max_epochs,208.56847262382507
rl4crn_rne_oscillator_trace_8rxn_stop_risksched085to09_lr1e4_entropy005_s4_c1_rnetol_d256_p20,seed010,10,45,4500,100,16,120.71032231192024,127.55449247032055,120.43521915575437,False,max_epochs,213.66209983825684
rl4crn_rne_oscillator_trace_8rxn_stop_risksched085to09_lr1e4_entropy005_s4_c1_rnetol_d256_p20,seed010,10,46,4600,100,16,120.25397090187997,126.49666396428205,120.25397090187997,False,max_epochs,218.70728373527527
rl4crn_rne_oscillator_trace_8rxn_stop_risksched085to09_lr1e4_entropy005_s4_c1_rnetol_d256_p20,seed010,10,47,4700,100,16,120.60471065153932,128.8527759914971,120.25397090187997,False,max_epochs,223.61485862731934
rl4crn_rne_oscillator_trace_8rxn_stop_risksched085to09_lr1e4_entropy005_s4_c1_rnetol_d256_p20,seed010,10,48,4800,100,16,119.87506244911788,126.75988446753354,119.87506244911788,False,max_epochs,228.78440141677856
rl4crn_rne_oscillator_trace_8rxn_stop_risksched085to09_lr1e4_entropy005_s4_c1_rnetol_d256_p20,seed010,10,49,4900,100,16,120.3519592754115,126.78406690026125,119.87506244911788,False,max_epochs,233.46626162528992
rl4crn_rne_oscillator_trace_8rxn_stop_risksched085to09_lr1e4_entropy005_s4_c1_rnetol_d256_p20,seed010,10,50,5000,100,16,120.36581649397147,126.35690803348434,119.87506244911788,False,max_epochs,238.1848599910736
rl4crn_rne_oscillator_trace_8rxn_stop_risksched085to09_lr1e4_entropy005_s4_c1_rnetol_d256_p20,seed010,10,51,5100,100,16,120.8796670648736,130.162266282867,119.87506244911788,False,max_epochs,240.50103902816772
rl4crn_rne_oscillator_trace_8rxn_stop_risksched085to09_lr1e4_entropy005_s4_c1_rnetol_d256_p20,seed010,10,52,5200,100,16,120.53606280832761,129.84146834709813,119.87506244911788,False,max_epochs,245.21474480628967
rl4crn_rne_oscillator_trace_8rxn_stop_risksched085to09_lr1e4_entropy005_s4_c1_rnetol_d256_p20,seed010,10,53,5300,100,16,120.21548268842697,128.5918978228018,119.87506244911788,False,max_epochs,250.3076310157776
rl4crn_rne_oscillator_trace_8rxn_stop_risksched085to09_lr1e4_entropy005_s4_c1_rnetol_d256_p20,seed010,10,54,5400,100,16,120.31487067876957,130.25418817605146,119.87506244911788,False,max_epochs,255.84371662139893
rl4crn_rne_oscillator_trace_8rxn_stop_risksched085to09_lr1e4_entropy005_s4_c1_rnetol_d256_p20,seed010,10,55,5500,100,16,120.51843336201927,127.07992558180587,119.87506244911788,False,max_epochs,260.7498767375946
rl4crn_rne_oscillator_trace_8rxn_stop_risksched085to09_lr1e4_entropy005_s4_c1_rnetol_d256_p20,seed010,10,56,5600,100,16,120.41739927599733,133.3781129099283,119.87506244911788,False,max_epochs,266.6669816970825
rl4crn_rne_oscillator_trace_8rxn_stop_risksched085to09_lr1e4_entropy005_s4_c1_rnetol_d256_p20,seed010,10,57,5700,100,16,120.7459356641727,129.3017536435599,119.87506244911788,False,max_epochs,271.80947279930115
rl4crn_rne_oscillator_trace_8rxn_stop_risksched085to09_lr1e4_entropy005_s4_c1_rnetol_d256_p20,seed010,10,58,5800,100,16,120.36109947638593,127.1015994052701,119.87506244911788,False,max_epochs,277.4989516735077
rl4crn_rne_oscillator_trace_8rxn_stop_risksched085to09_lr1e4_entropy005_s4_c1_rnetol_d256_p20,seed010,10,59,5900,100,16,120.27536881816843,125.31405802250758,119.87506244911788,False,max_epochs,282.7592422962189
rl4crn_rne_oscillator_trace_8rxn_stop_risksched085to09_lr1e4_entropy005_s4_c1_rnetol_d256_p20,seed010,10,60,6000,100,16,120.38714006810602,124.16667821868857,119.87506244911788,False,max_epochs,288.3057975769043
rl4crn_rne_oscillator_trace_8rxn_stop_risksched085to09_lr1e4_entropy005_s4_c1_rnetol_d256_p20,seed010,10,61,6100,100,16,120.05771294454132,124.9210546036714,119.87506244911788,False,max_epochs,293.5432939529419
rl4crn_rne_oscillator_trace_8rxn_stop_risksched085to09_lr1e4_entropy005_s4_c1_rnetol_d256_p20,seed010,10,62,6200,100,16,120.30960006432615,125.11785099734058,119.87506244911788,False,max_epochs,298.98628664016724
rl4crn_rne_oscillator_trace_8rxn_stop_risksched085to09_lr1e4_entropy005_s4_c1_rnetol_d256_p20,seed010,10,63,6300,100,16,120.28826679235404,125.9898520078444,119.87506244911788,False,max_epochs,303.822870016098
rl4crn_rne_oscillator_trace_8rxn_stop_risksched085to09_lr1e4_entropy005_s4_c1_rnetol_d256_p20,seed010,10,64,6400,100,16,119.33886395786993,125.75648407270471,119.33886395786993,False,max_epochs,309.3410212993622
rl4crn_rne_oscillator_trace_8rxn_stop_risksched085to09_lr1e4_entropy005_s4_c1_rnetol_d256_p20,seed010,10,65,6500,100,16,120.29019007506898,125.14888748869936,119.33886395786993,False,max_epochs,314.3489844799042
rl4crn_rne_oscillator_trace_8rxn_stop_risksched085to09_lr1e4_entropy005_s4_c1_rnetol_d256_p20,seed010,10,66,6600,100,16,119.67894229181684,127.01874534630858,119.33886395786993,False,max_epochs,319.869099855423
rl4crn_rne_oscillator_trace_8rxn_stop_risksched085to09_lr1e4_entropy005_s4_c1_rnetol_d256_p20,seed010,10,67,6700,100,16,120.18656172234722,126.43863431836172,119.33886395786993,False,max_epochs,324.93554759025574
rl4crn_rne_oscillator_trace_8rxn_stop_risksched085to09_lr1e4_entropy005_s4_c1_rnetol_d256_p20,seed010,10,68,6800,100,16,119.80166846849094,128.126689565711,119.33886395786993,False,max_epochs,330.7170147895813
rl4crn_rne_oscillator_trace_8rxn_stop_risksched085to09_lr1e4_entropy005_s4_c1_rnetol_d256_p20,seed010,10,69,6900,100,16,119.86230593498621,127.18457766708886,119.33886395786993,False,max_epochs,335.6738979816437
rl4crn_rne_oscillator_trace_8rxn_stop_risksched085to09_lr1e4_entropy005_s4_c1_rnetol_d256_p20,seed010,10,70,7000,100,16,118.93567858283457,129.71844112542132,118.93567858283457,False,max_epochs,340.85812854766846
rl4crn_rne_oscillator_trace_8rxn_stop_risksched085to09_lr1e4_entropy005_s4_c1_rnetol_d256_p20,seed010,10,71,7100,100,16,119.20774375827213,124.64987991870335,118.93567858283457,False,max_epochs,345.27610063552856
rl4crn_rne_oscillator_trace_8rxn_stop_risksched085to09_lr1e4_entropy005_s4_c1_rnetol_d256_p20,seed010,10,72,7200,100,16,119.03609763592222,124.21044786846714,118.93567858283457,False,max_epochs,350.2011821269989
rl4crn_rne_oscillator_trace_8rxn_stop_risksched085to09_lr1e4_entropy005_s4_c1_rnetol_d256_p20,seed010,10,73,7300,100,16,119.34408522483336,123.15093317748787,118.93567858283457,False,max_epochs,352.2902226448059
rl4crn_rne_oscillator_trace_8rxn_stop_risksched085to09_lr1e4_entropy005_s4_c1_rnetol_d256_p20,seed010,10,74,7400,100,16,118.64781543188963,127.13779551501102,118.64781543188963,False,max_epochs,357.07174158096313
rl4crn_rne_oscillator_trace_8rxn_stop_risksched085to09_lr1e4_entropy005_s4_c1_rnetol_d256_p20,seed010,10,75,7500,100,16,119.26004935785404,125.4209221060976,118.64781543188963,False,max_epochs,361.7017824649811
rl4crn_rne_oscillator_trace_8rxn_stop_risksched085to09_lr1e4_entropy005_s4_c1_rnetol_d256_p20,seed010,10,76,7600,100,16,118.10282107644187,123.63255802535309,118.10282107644187,False,max_epochs,366.4113748073578
rl4crn_rne_oscillator_trace_8rxn_stop_risksched085to09_lr1e4_entropy005_s4_c1_rnetol_d256_p20,seed010,10,77,7700,100,16,117.68769331002946,125.17073022548715,117.68769331002946,False,max_epochs,371.0117998123169
rl4crn_rne_oscillator_trace_8rxn_stop_risksched085to09_lr1e4_entropy005_s4_c1_rnetol_d256_p20,seed010,10,78,7800,100,16,119.41697962446253,126.21852735459301,117.68769331002946,False,max_epochs,373.4442706108093
rl4crn_rne_oscillator_trace_8rxn_stop_risksched085to09_lr1e4_entropy005_s4_c1_rnetol_d256_p20,seed010,10,79,7900,100,16,118.74770712605236,125.48690465433513,117.68769331002946,False,max_epochs,378.23590779304504
rl4crn_rne_oscillator_trace_8rxn_stop_risksched085to09_lr1e4_entropy005_s4_c1_rnetol_d256_p20,seed010,10,80,8000,100,16,117.49983631514922,123.18250358825426,117.49983631514922,False,max_epochs,383.0115349292755
rl4crn_rne_oscillator_trace_8rxn_stop_risksched085to09_lr1e4_entropy005_s4_c1_rnetol_d256_p20,seed010,10,81,8100,100,16,118.09881724055325,123.10711986656189,117.49983631514922,False,max_epochs,388.4174921512604
rl4crn_rne_oscillator_trace_8rxn_stop_risksched085to09_lr1e4_entropy005_s4_c1_rnetol_d256_p20,seed010,10,82,8200,100,16,118.54112344470464,126.65203564908049,117.49983631514922,False,max_epochs,392.86256670951843
rl4crn_rne_oscillator_trace_8rxn_stop_risksched085to09_lr1e4_entropy005_s4_c1_rnetol_d256_p20,seed010,10,83,8300,100,16,117.81187805457319,125.67517478931511,117.49983631514922,False,max_epochs,397.8139364719391
rl4crn_rne_oscillator_trace_8rxn_stop_risksched085to09_lr1e4_entropy005_s4_c1_rnetol_d256_p20,seed010,10,84,8400,100,16,117.82565679112084,130.5052982645933,117.49983631514922,False,max_epochs,399.9631597995758
rl4crn_rne_oscillator_trace_8rxn_stop_risksched085to09_lr1e4_entropy005_s4_c1_rnetol_d256_p20,seed010,10,85,8500,100,16,117.24015772175142,136.48747860555932,117.24015772175142,False,max_epochs,404.8514766693115
rl4crn_rne_oscillator_trace_8rxn_stop_risksched085to09_lr1e4_entropy005_s4_c1_rnetol_d256_p20,seed010,10,86,8600,100,16,119.04419535776834,138.45437670468405,117.24015772175142,False,max_epochs,409.74673771858215
rl4crn_rne_oscillator_trace_8rxn_stop_risksched085to09_lr1e4_entropy005_s4_c1_rnetol_d256_p20,seed010,10,87,8700,100,16,118.60791619472516,140.97634702066782,117.24015772175142,False,max_epochs,415.29520440101624
rl4crn_rne_oscillator_trace_8rxn_stop_risksched085to09_lr1e4_entropy005_s4_c1_rnetol_d256_p20,seed010,10,88,8800,100,16,116.5797428046433,135.62290349458402,116.5797428046433,False,max_epochs,420.31842589378357
rl4crn_rne_oscillator_trace_8rxn_stop_risksched085to09_lr1e4_entropy005_s4_c1_rnetol_d256_p20,seed010,10,89,8900,100,16,111.90533716359108,126.90103857717273,111.90533716359108,False,max_epochs,425.97442841529846
rl4crn_rne_oscillator_trace_8rxn_stop_risksched085to09_lr1e4_entropy005_s4_c1_rnetol_d256_p20,seed010,10,90,9000,100,16,116.24996531421922,126.27792765411692,111.90533716359108,False,max_epochs,430.65253591537476
rl4crn_rne_oscillator_trace_8rxn_stop_risksched085to09_lr1e4_entropy005_s4_c1_rnetol_d256_p20,seed010,10,91,9100,100,16,117.0437606575686,125.4060214342687,111.90533716359108,False,max_epochs,435.26647114753723
rl4crn_rne_oscillator_trace_8rxn_stop_risksched085to09_lr1e4_entropy005_s4_c1_rnetol_d256_p20,seed010,10,92,9200,100,16,116.24788793152867,125.08557016154217,111.90533716359108,False,max_epochs,440.0758502483368
rl4crn_rne_oscillator_trace_8rxn_stop_risksched085to09_lr1e4_entropy005_s4_c1_rnetol_d256_p20,seed010,10,93,9300,100,16,116.535133224092,123.31946286021685,111.90533716359108,False,max_epochs,442.2346634864807
rl4crn_rne_oscillator_trace_8rxn_stop_risksched085to09_lr1e4_entropy005_s4_c1_rnetol_d256_p20,seed010,10,94,9400,100,16,116.64796009362611,122.39796450678546,111.90533716359108,False,max_epochs,447.0394604206085
rl4crn_rne_oscillator_trace_8rxn_stop_risksched085to09_lr1e4_entropy005_s4_c1_rnetol_d256_p20,seed010,10,95,9500,100,16,116.04953318685847,125.01611739886263,111.90533716359108,False,max_epochs,452.4220025539398
rl4crn_rne_oscillator_trace_8rxn_stop_risksched085to09_lr1e4_entropy005_s4_c1_rnetol_d256_p20,seed010,10,96,9600,100,16,115.7510439831455,128.28513206029567,111.90533716359108,False,max_epochs,457.4332044124603
rl4crn_rne_oscillator_trace_8rxn_stop_risksched085to09_lr1e4_entropy005_s4_c1_rnetol_d256_p20,seed010,10,97,9700,100,16,115.28805457439796,130.37617090149155,111.90533716359108,False,max_epochs,462.97044014930725
rl4crn_rne_oscillator_trace_8rxn_stop_risksched085to09_lr1e4_entropy005_s4_c1_rnetol_d256_p20,seed010,10,98,9800,100,16,115.91619254092521,130.15149542931326,111.90533716359108,False,max_epochs,467.95052886009216
rl4crn_rne_oscillator_trace_8rxn_stop_risksched085to09_lr1e4_entropy005_s4_c1_rnetol_d256_p20,seed010,10,99,9900,100,16,115.19692883337466,131.6659325690368,111.90533716359108,False,max_epochs,472.97339606285095
rl4crn_rne_oscillator_trace_8rxn_stop_risksched085to09_lr1e4_entropy005_s4_c1_rnetol_d256_p20,seed010,10,100,10000,100,16,113.74556556452718,132.0756968436925,111.90533716359108,False,max_epochs,477.6787807941437
rl4crn_rne_oscillator_trace_8rxn_stop_risksched085to09_lr1e4_entropy005_s4_c1_rnetol_d256_p20,seed010,10,101,10100,100,16,114.49416647609982,131.3101547864577,111.90533716359108,False,max_epochs,482.74170327186584
rl4crn_rne_oscillator_trace_8rxn_stop_risksched085to09_lr1e4_entropy005_s4_c1_rnetol_d256_p20,seed010,10,102,10200,100,16,116.7338515738104,127.47278711269637,111.90533716359108,False,max_epochs,487.4966506958008
rl4crn_rne_oscillator_trace_8rxn_stop_risksched085to09_lr1e4_entropy005_s4_c1_rnetol_d256_p20,seed010,10,103,10300,100,16,115.95827564941715,124.74881565583989,111.90533716359108,False,max_epochs,492.28766989707947
rl4crn_rne_oscillator_trace_8rxn_stop_risksched085to09_lr1e4_entropy005_s4_c1_rnetol_d256_p20,seed010,10,104,10400,100,16,114.34193280914755,124.19231559229434,111.90533716359108,False,max_epochs,494.6774253845215
rl4crn_rne_oscillator_trace_8rxn_stop_risksched085to09_lr1e4_entropy005_s4_c1_rnetol_d256_p20,seed010,10,105,10500,100,16,112.13196967896504,128.28613024369986,111.90533716359108,False,max_epochs,499.6592617034912
rl4crn_rne_oscillator_trace_8rxn_stop_risksched085to09_lr1e4_entropy005_s4_c1_rnetol_d256_p20,seed010,10,106,10600,100,16,113.04193888479357,126.63445835224647,111.90533716359108,False,max_epochs,504.76573300361633
rl4crn_rne_oscillator_trace_8rxn_stop_risksched085to09_lr1e4_entropy005_s4_c1_rnetol_d256_p20,seed010,10,107,10700,100,16,114.44164198308472,126.49193603743072,111.90533716359108,False,max_epochs,509.922847032547
rl4crn_rne_oscillator_trace_8rxn_stop_risksched085to09_lr1e4_entropy005_s4_c1_rnetol_d256_p20,seed010,10,108,10800,100,16,112.10605887154058,128.0388391437162,111.90533716359108,False,max_epochs,515.1536130905151
rl4crn_rne_oscillator_trace_8rxn_stop_risksched085to09_lr1e4_entropy005_s4_c1_rnetol_d256_p20,seed010,10,109,10900,100,16,113.80123334969782,127.85659130778281,111.90533716359108,False,max_epochs,520.60537981987
rl4crn_rne_oscillator_trace_8rxn_stop_risksched085to09_lr1e4_entropy005_s4_c1_rnetol_d256_p20,seed010,10,110,11000,100,16,113.44970442397481,129.99747001023042,111.90533716359108,False,max_epochs,525.7572722434998
rl4crn_rne_oscillator_trace_8rxn_stop_risksched085to09_lr1e4_entropy005_s4_c1_rnetol_d256_p20,seed010,10,111,11100,100,16,112.89453787662949,128.36282363097592,111.90533716359108,False,max_epochs,530.5848376750946
rl4crn_rne_oscillator_trace_8rxn_stop_risksched085to09_lr1e4_entropy005_s4_c1_rnetol_d256_p20,seed010,10,112,11200,100,16,112.280814771825,128.5936642260345,111.90533716359108,False,max_epochs,535.2824194431305
rl4crn_rne_oscillator_trace_8rxn_stop_risksched085to09_lr1e4_entropy005_s4_c1_rnetol_d256_p20,seed010,10,113,11300,100,16,113.45250994338794,124.1561014714199,111.90533716359108,False,max_epochs,540.3983035087585
rl4crn_rne_oscillator_trace_8rxn_stop_risksched085to09_lr1e4_entropy005_s4_c1_rnetol_d256_p20,seed010,10,114,11400,100,16,112.48073232515085,124.66712529305127,111.90533716359108,False,max_epochs,544.9790976047516
rl4crn_rne_oscillator_trace_8rxn_stop_risksched085to09_lr1e4_entropy005_s4_c1_rnetol_d256_p20,seed010,10,115,11500,100,16,111.6883825685053,126.31720348516947,111.6883825685053,False,max_epochs,547.4501695632935
rl4crn_rne_oscillator_trace_8rxn_stop_risksched085to09_lr1e4_entropy005_s4_c1_rnetol_d256_p20,seed010,10,116,11600,100,16,111.9180078389708,125.59812174126792,111.6883825685053,False,max_epochs,552.2520406246185
rl4crn_rne_oscillator_trace_8rxn_stop_risksched085to09_lr1e4_entropy005_s4_c1_rnetol_d256_p20,seed010,10,117,11700,100,16,110.91917488518818,124.31213761536355,110.91917488518818,False,max_epochs,557.3391733169556
rl4crn_rne_oscillator_trace_8rxn_stop_risksched085to09_lr1e4_entropy005_s4_c1_rnetol_d256_p20,seed010,10,118,11800,100,16,110.83217966716305,121.9795899034743,110.83217966716305,False,max_epochs,562.3561000823975
rl4crn_rne_oscillator_trace_8rxn_stop_risksched085to09_lr1e4_entropy005_s4_c1_rnetol_d256_p20,seed010,10,119,11900,100,16,111.72140883951813,127.0230561676718,110.83217966716305,False,max_epochs,567.806339263916
rl4crn_rne_oscillator_trace_8rxn_stop_risksched085to09_lr1e4_entropy005_s4_c1_rnetol_d256_p20,seed010,10,120,12000,100,16,111.72278784912736,123.63805785227797,110.83217966716305,False,max_epochs,572.871609210968
rl4crn_rne_oscillator_trace_8rxn_stop_risksched085to09_lr1e4_entropy005_s4_c1_rnetol_d256_p20,seed010,10,121,12100,100,16,112.71824537698573,123.36067573390909,110.83217966716305,False,max_epochs,578.1583023071289
rl4crn_rne_oscillator_trace_8rxn_stop_risksched085to09_lr1e4_entropy005_s4_c1_rnetol_d256_p20,seed010,10,122,12200,100,16,110.86946446252412,122.37105972705025,110.83217966716305,False,max_epochs,582.7984273433685
rl4crn_rne_oscillator_trace_8rxn_stop_risksched085to09_lr1e4_entropy005_s4_c1_rnetol_d256_p20,seed010,10,123,12300,100,16,111.0408978339336,119.62745859399118,110.83217966716305,False,max_epochs,587.6958520412445
rl4crn_rne_oscillator_trace_8rxn_stop_risksched085to09_lr1e4_entropy005_s4_c1_rnetol_d256_p20,seed010,10,124,12400,100,16,111.716038037167,119.93409537768063,110.83217966716305,False,max_epochs,589.916442155838
rl4crn_rne_oscillator_trace_8rxn_stop_risksched085to09_lr1e4_entropy005_s4_c1_rnetol_d256_p20,seed010,10,125,12500,100,16,112.49882915160067,120.62219153129969,110.83217966716305,False,max_epochs,594.8287179470062
rl4crn_rne_oscillator_trace_8rxn_stop_risksched085to09_lr1e4_entropy005_s4_c1_rnetol_d256_p20,seed010,10,126,12600,100,16,111.12584510418824,122.12146437679509,110.83217966716305,False,max_epochs,599.8438992500305
rl4crn_rne_oscillator_trace_8rxn_stop_risksched085to09_lr1e4_entropy005_s4_c1_rnetol_d256_p20,seed010,10,127,12700,100,16,111.48207192302226,122.18983332893457,110.83217966716305,False,max_epochs,604.9436595439911
rl4crn_rne_oscillator_trace_8rxn_stop_risksched085to09_lr1e4_entropy005_s4_c1_rnetol_d256_p20,seed010,10,128,12800,100,16,111.61162514015983,123.1416832051326,110.83217966716305,False,max_epochs,609.5565626621246
rl4crn_rne_oscillator_trace_8rxn_stop_risksched085to09_lr1e4_entropy005_s4_c1_rnetol_d256_p20,seed010,10,129,12900,100,16,111.3850463427567,121.88785590508098,110.83217966716305,False,max_epochs,614.5639159679413
rl4crn_rne_oscillator_trace_8rxn_stop_risksched085to09_lr1e4_entropy005_s4_c1_rnetol_d256_p20,seed010,10,130,13000,100,16,111.20488105961077,121.73448778954653,110.83217966716305,False,max_epochs,619.1148171424866
rl4crn_rne_oscillator_trace_8rxn_stop_risksched085to09_lr1e4_entropy005_s4_c1_rnetol_d256_p20,seed010,10,131,13100,100,16,110.83971515811118,120.27483927068903,110.83217966716305,False,max_epochs,621.5247249603271
rl4crn_rne_oscillator_trace_8rxn_stop_risksched085to09_lr1e4_entropy005_s4_c1_rnetol_d256_p20,seed010,10,132,13200,100,16,112.64474175781633,119.38373469521684,110.83217966716305,False,max_epochs,626.232786655426
rl4crn_rne_oscillator_trace_8rxn_stop_risksched085to09_lr1e4_entropy005_s4_c1_rnetol_d256_p20,seed010,10,133,13300,100,16,111.84420394394292,120.86847086315684,110.83217966716305,False,max_epochs,631.3635430335999
rl4crn_rne_oscillator_trace_8rxn_stop_risksched085to09_lr1e4_entropy005_s4_c1_rnetol_d256_p20,seed010,10,134,13400,100,16,111.15007468584706,120.1717230681589,110.83217966716305,False,max_epochs,636.5111865997314
rl4crn_rne_oscillator_trace_8rxn_stop_risksched085to09_lr1e4_entropy005_s4_c1_rnetol_d256_p20,seed010,10,135,13500,100,16,111.60535737930347,121.63375311245765,110.83217966716305,False,max_epochs,641.874267578125
rl4crn_rne_oscillator_trace_8rxn_stop_risksched085to09_lr1e4_entropy005_s4_c1_rnetol_d256_p20,seed010,10,136,13600,100,16,111.50312281060705,120.5613641617364,110.83217966716305,False,max_epochs,646.7590136528015
rl4crn_rne_oscillator_trace_8rxn_stop_risksched085to09_lr1e4_entropy005_s4_c1_rnetol_d256_p20,seed010,10,137,13700,100,16,110.73413968249312,120.43120301735999,110.73413968249312,False,max_epochs,651.7412111759186
rl4crn_rne_oscillator_trace_8rxn_stop_risksched085to09_lr1e4_entropy005_s4_c1_rnetol_d256_p20,seed010,10,138,13800,100,16,111.38200412265043,119.81397175633523,110.73413968249312,False,max_epochs,656.3350195884705
rl4crn_rne_oscillator_trace_8rxn_stop_risksched085to09_lr1e4_entropy005_s4_c1_rnetol_d256_p20,seed010,10,139,13900,100,16,111.5255239232377,119.65302172161284,110.73413968249312,False,max_epochs,660.192880153656
rl4crn_rne_oscillator_trace_8rxn_stop_risksched085to09_lr1e4_entropy005_s4_c1_rnetol_d256_p20,seed010,10,140,14000,100,16,111.30116308443347,119.06982750863006,110.73413968249312,False,max_epochs,663.1162190437317
rl4crn_rne_oscillator_trace_8rxn_stop_risksched085to09_lr1e4_entropy005_s4_c1_rnetol_d256_p20,seed010,10,141,14100,100,16,112.7612303142145,119.53231965615318,110.73413968249312,False,max_epochs,668.4043715000153
rl4crn_rne_oscillator_trace_8rxn_stop_risksched085to09_lr1e4_entropy005_s4_c1_rnetol_d256_p20,seed010,10,142,14200,100,16,112.24958447024986,120.58477467724168,110.73413968249312,False,max_epochs,673.4432871341705
rl4crn_rne_oscillator_trace_8rxn_stop_risksched085to09_lr1e4_entropy005_s4_c1_rnetol_d256_p20,seed010,10,143,14300,100,16,110.79982406434262,120.00455929653808,110.73413968249312,False,max_epochs,678.8094341754913
rl4crn_rne_oscillator_trace_8rxn_stop_risksched085to09_lr1e4_entropy005_s4_c1_rnetol_d256_p20,seed010,10,144,14400,100,16,110.40535518614156,120.4318518270546,110.40535518614156,False,max_epochs,683.7090468406677
rl4crn_rne_oscillator_trace_8rxn_stop_risksched085to09_lr1e4_entropy005_s4_c1_rnetol_d256_p20,seed010,10,145,14500,100,16,112.78599461285415,118.6774196360804,110.40535518614156,False,max_epochs,689.358818769455
rl4crn_rne_oscillator_trace_8rxn_stop_risksched085to09_lr1e4_entropy005_s4_c1_rnetol_d256_p20,seed010,10,146,14600,100,16,111.77487658859155,120.98824375540255,110.40535518614156,False,max_epochs,694.4334490299225
rl4crn_rne_oscillator_trace_8rxn_stop_risksched085to09_lr1e4_entropy005_s4_c1_rnetol_d256_p20,seed010,10,147,14700,100,16,111.8787775201896,120.42840452899469,110.40535518614156,False,max_epochs,699.6793284416199
rl4crn_rne_oscillator_trace_8rxn_stop_risksched085to09_lr1e4_entropy005_s4_c1_rnetol_d256_p20,seed010,10,148,14800,100,16,111.61616637067416,118.72992114922894,110.40535518614156,False,max_epochs,704.7678017616272
rl4crn_rne_oscillator_trace_8rxn_stop_risksched085to09_lr1e4_entropy005_s4_c1_rnetol_d256_p20,seed010,10,149,14900,100,16,111.49493810648046,120.36768698796902,110.40535518614156,False,max_epochs,709.3534760475159
rl4crn_rne_oscillator_trace_8rxn_stop_risksched085to09_lr1e4_entropy005_s4_c1_rnetol_d256_p20,seed010,10,150,15000,100,16,111.59932249041987,122.54516647164313,110.40535518614156,False,max_epochs,714.1836953163147
rl4crn_rne_oscillator_trace_8rxn_stop_risksched085to09_lr1e4_entropy005_s4_c1_rnetol_d256_p20,seed010,10,151,15100,100,16,111.34821523644416,121.49887182966557,110.40535518614156,False,max_epochs,716.41841173172
rl4crn_rne_oscillator_trace_8rxn_stop_risksched085to09_lr1e4_entropy005_s4_c1_rnetol_d256_p20,seed010,10,152,15200,100,16,111.3205410015428,121.32392375499539,110.40535518614156,False,max_epochs,720.6186721324921
rl4crn_rne_oscillator_trace_8rxn_stop_risksched085to09_lr1e4_entropy005_s4_c1_rnetol_d256_p20,seed010,10,153,15300,100,16,111.48767860696704,120.52252590110368,110.40535518614156,False,max_epochs,725.8806624412537
rl4crn_rne_oscillator_trace_8rxn_stop_risksched085to09_lr1e4_entropy005_s4_c1_rnetol_d256_p20,seed010,10,154,15400,100,16,111.37501827433594,118.59571095905076,110.40535518614156,False,max_epochs,731.0593507289886
rl4crn_rne_oscillator_trace_8rxn_stop_risksched085to09_lr1e4_entropy005_s4_c1_rnetol_d256_p20,seed010,10,155,15500,100,16,111.56637499692836,119.81408876686342,110.40535518614156,False,max_epochs,736.449725151062
rl4crn_rne_oscillator_trace_8rxn_stop_risksched085to09_lr1e4_entropy005_s4_c1_rnetol_d256_p20,seed010,10,156,15600,100,16,111.32995791869565,120.53176786938897,110.40535518614156,False,max_epochs,741.5773310661316
rl4crn_rne_oscillator_trace_8rxn_stop_risksched085to09_lr1e4_entropy005_s4_c1_rnetol_d256_p20,seed010,10,157,15700,100,16,111.69107633870895,120.5853579777227,110.40535518614156,False,max_epochs,747.1507565975189
rl4crn_rne_oscillator_trace_8rxn_stop_risksched085to09_lr1e4_entropy005_s4_c1_rnetol_d256_p20,seed010,10,158,15800,100,16,110.66747689646921,119.1965714518652,110.40535518614156,False,max_epochs,752.2592616081238
rl4crn_rne_oscillator_trace_8rxn_stop_risksched085to09_lr1e4_entropy005_s4_c1_rnetol_d256_p20,seed010,10,159,15900,100,16,111.38421042720556,119.00905637444342,110.40535518614156,False,max_epochs,757.7063119411469
rl4crn_rne_oscillator_trace_8rxn_stop_risksched085to09_lr1e4_entropy005_s4_c1_rnetol_d256_p20,seed010,10,160,16000,100,16,111.18233275878556,120.1313682960602,110.40535518614156,False,max_epochs,762.8073086738586
rl4crn_rne_oscillator_trace_8rxn_stop_risksched085to09_lr1e4_entropy005_s4_c1_rnetol_d256_p20,seed010,10,161,16100,100,16,111.40354726309792,116.87393528790824,110.40535518614156,False,max_epochs,768.2325122356415
rl4crn_rne_oscillator_trace_8rxn_stop_risksched085to09_lr1e4_entropy005_s4_c1_rnetol_d256_p20,seed010,10,162,16200,100,16,110.26271094194223,118.9091161946777,110.26271094194223,False,max_epochs,773.4427735805511
rl4crn_rne_oscillator_trace_8rxn_stop_risksched085to09_lr1e4_entropy005_s4_c1_rnetol_d256_p20,seed010,10,163,16300,100,16,111.39893884393899,118.81309336599628,110.26271094194223,False,max_epochs,779.0719192028046
rl4crn_rne_oscillator_trace_8rxn_stop_risksched085to09_lr1e4_entropy005_s4_c1_rnetol_d256_p20,seed010,10,164,16400,100,16,110.01085813750065,118.25420944057409,110.01085813750065,False,max_epochs,783.7567267417908
rl4crn_rne_oscillator_trace_8rxn_stop_risksched085to09_lr1e4_entropy005_s4_c1_rnetol_d256_p20,seed010,10,165,16500,100,16,110.98444784506923,118.19037365349658,110.01085813750065,False,max_epochs,788.3528723716736
rl4crn_rne_oscillator_trace_8rxn_stop_risksched085to09_lr1e4_entropy005_s4_c1_rnetol_d256_p20,seed010,10,166,16600,100,16,110.54629710528238,117.87831297691694,110.01085813750065,False,max_epochs,793.2730395793915
rl4crn_rne_oscillator_trace_8rxn_stop_risksched085to09_lr1e4_entropy005_s4_c1_rnetol_d256_p20,seed010,10,167,16700,100,16,110.64171138452856,118.85959606723836,110.01085813750065,False,max_epochs,795.6359496116638
rl4crn_rne_oscillator_trace_8rxn_stop_risksched085to09_lr1e4_entropy005_s4_c1_rnetol_d256_p20,seed010,10,168,16800,100,16,110.20800799841872,118.30905507741487,110.01085813750065,False,max_epochs,799.9825866222382
rl4crn_rne_oscillator_trace_8rxn_stop_risksched085to09_lr1e4_entropy005_s4_c1_rnetol_d256_p20,seed010,10,169,16900,100,16,110.40157901465545,117.8413649195306,110.01085813750065,False,max_epochs,804.9883759021759
rl4crn_rne_oscillator_trace_8rxn_stop_risksched085to09_lr1e4_entropy005_s4_c1_rnetol_d256_p20,seed010,10,170,17000,100,16,110.86567429557039,118.54681685391127,110.01085813750065,False,max_epochs,809.8358340263367
rl4crn_rne_oscillator_trace_8rxn_stop_risksched085to09_lr1e4_entropy005_s4_c1_rnetol_d256_p20,seed010,10,171,17100,100,16,110.38798339823765,117.58252558702017,110.01085813750065,False,max_epochs,814.6143391132355
rl4crn_rne_oscillator_trace_8rxn_stop_risksched085to09_lr1e4_entropy005_s4_c1_rnetol_d256_p20,seed010,10,172,17200,100,16,110.93554352655899,119.83741601489423,110.01085813750065,False,max_epochs,819.5581731796265
rl4crn_rne_oscillator_trace_8rxn_stop_risksched085to09_lr1e4_entropy005_s4_c1_rnetol_d256_p20,seed010,10,173,17300,100,16,110.60416924673581,117.89960298416172,110.01085813750065,False,max_epochs,821.8831079006195
rl4crn_rne_oscillator_trace_8rxn_stop_risksched085to09_lr1e4_entropy005_s4_c1_rnetol_d256_p20,seed010,10,174,17400,100,16,110.31159103446501,116.8873347584459,110.01085813750065,False,max_epochs,826.4667131900787
rl4crn_rne_oscillator_trace_8rxn_stop_risksched085to09_lr1e4_entropy005_s4_c1_rnetol_d256_p20,seed010,10,175,17500,100,16,110.25188580718527,116.10456438059194,110.01085813750065,False,max_epochs,831.7136871814728
rl4crn_rne_oscillator_trace_8rxn_stop_risksched085to09_lr1e4_entropy005_s4_c1_rnetol_d256_p20,seed010,10,176,17600,100,16,110.23238463599574,115.28652033044705,110.01085813750065,False,max_epochs,837.3738102912903
rl4crn_rne_oscillator_trace_8rxn_stop_risksched085to09_lr1e4_entropy005_s4_c1_rnetol_d256_p20,seed010,10,177,17700,100,16,110.45021201514493,114.44591744167279,110.01085813750065,False,max_epochs,842.3552258014679
rl4crn_rne_oscillator_trace_8rxn_stop_risksched085to09_lr1e4_entropy005_s4_c1_rnetol_d256_p20,seed010,10,178,17800,100,16,111.0719858227815,117.15157606504215,110.01085813750065,False,max_epochs,846.9251313209534
rl4crn_rne_oscillator_trace_8rxn_stop_risksched085to09_lr1e4_entropy005_s4_c1_rnetol_d256_p20,seed010,10,179,17900,100,16,111.21012804189039,116.79134716055225,110.01085813750065,False,max_epochs,851.8877694606781
rl4crn_rne_oscillator_trace_8rxn_stop_risksched085to09_lr1e4_entropy005_s4_c1_rnetol_d256_p20,seed010,10,180,18000,100,16,110.5312803068321,115.15016905478032,110.01085813750065,False,max_epochs,854.0584118366241
rl4crn_rne_oscillator_trace_8rxn_stop_risksched085to09_lr1e4_entropy005_s4_c1_rnetol_d256_p20,seed010,10,181,18100,100,16,110.3729050670268,117.15204222131862,110.01085813750065,False,max_epochs,858.6009078025818
rl4crn_rne_oscillator_trace_8rxn_stop_risksched085to09_lr1e4_entropy005_s4_c1_rnetol_d256_p20,seed010,10,182,18200,100,16,110.44300297993004,117.73185041481281,110.01085813750065,False,max_epochs,864.1340911388397
rl4crn_rne_oscillator_trace_8rxn_stop_risksched085to09_lr1e4_entropy005_s4_c1_rnetol_d256_p20,seed010,10,183,18300,100,16,110.57745575291388,119.26643686083771,110.01085813750065,False,max_epochs,869.2795112133026
rl4crn_rne_oscillator_trace_8rxn_stop_risksched085to09_lr1e4_entropy005_s4_c1_rnetol_d256_p20,seed010,10,184,18400,100,16,110.51907848886363,117.78081174295305,110.01085813750065,False,max_epochs,874.3685684204102
rl4crn_rne_oscillator_trace_8rxn_stop_risksched085to09_lr1e4_entropy005_s4_c1_rnetol_d256_p20,seed010,10,185,18500,100,16,111.13652968666811,118.27300626061432,110.01085813750065,False,max_epochs,879.2536466121674
rl4crn_rne_oscillator_trace_8rxn_stop_risksched085to09_lr1e4_entropy005_s4_c1_rnetol_d256_p20,seed010,10,186,18600,100,16,110.37259276851987,117.65436102807625,110.01085813750065,False,max_epochs,884.1956739425659
rl4crn_rne_oscillator_trace_8rxn_stop_risksched085to09_lr1e4_entropy005_s4_c1_rnetol_d256_p20,seed010,10,187,18700,100,16,110.53720160628015,117.65264066587599,110.01085813750065,False,max_epochs,888.5980048179626
rl4crn_rne_oscillator_trace_8rxn_stop_risksched085to09_lr1e4_entropy005_s4_c1_rnetol_d256_p20,seed010,10,188,18800,100,16,110.07680524650662,115.82484722498728,110.01085813750065,False,max_epochs,890.9766738414764
rl4crn_rne_oscillator_trace_8rxn_stop_risksched085to09_lr1e4_entropy005_s4_c1_rnetol_d256_p20,seed010,10,189,18900,100,16,110.65698678138773,115.46790598791392,110.01085813750065,False,max_epochs,895.9399316310883
rl4crn_rne_oscillator_trace_8rxn_stop_risksched085to09_lr1e4_entropy005_s4_c1_rnetol_d256_p20,seed010,10,190,19000,100,16,110.3729159724046,114.08274798705777,110.01085813750065,False,max_epochs,901.1996510028839
rl4crn_rne_oscillator_trace_8rxn_stop_risksched085to09_lr1e4_entropy005_s4_c1_rnetol_d256_p20,seed010,10,191,19100,100,16,110.43386441897798,114.68006480681746,110.01085813750065,False,max_epochs,905.954692363739
rl4crn_rne_oscillator_trace_8rxn_stop_risksched085to09_lr1e4_entropy005_s4_c1_rnetol_d256_p20,seed010,10,192,19200,100,16,110.54425459519331,115.04631172324923,110.01085813750065,False,max_epochs,910.5482542514801
rl4crn_rne_oscillator_trace_8rxn_stop_risksched085to09_lr1e4_entropy005_s4_c1_rnetol_d256_p20,seed010,10,193,19300,100,16,110.25474858863046,114.76241382395153,110.01085813750065,False,max_epochs,915.4211106300354
rl4crn_rne_oscillator_trace_8rxn_stop_risksched085to09_lr1e4_entropy005_s4_c1_rnetol_d256_p20,seed010,10,194,19400,100,16,110.33067958204005,114.68998978171243,110.01085813750065,False,max_epochs,919.8182044029236
rl4crn_rne_oscillator_trace_8rxn_stop_risksched085to09_lr1e4_entropy005_s4_c1_rnetol_d256_p20,seed010,10,195,19500,100,16,110.12212396121143,114.37242660322264,110.01085813750065,False,max_epochs,922.2233030796051
rl4crn_rne_oscillator_trace_8rxn_stop_risksched085to09_lr1e4_entropy005_s4_c1_rnetol_d256_p20,seed010,10,196,19600,100,16,110.22699511405736,114.5521962529109,110.01085813750065,False,max_epochs,927.0641374588013
rl4crn_rne_oscillator_trace_8rxn_stop_risksched085to09_lr1e4_entropy005_s4_c1_rnetol_d256_p20,seed010,10,197,19700,100,16,110.31078895832228,115.11814325571436,110.01085813750065,False,max_epochs,932.0102705955505
rl4crn_rne_oscillator_trace_8rxn_stop_risksched085to09_lr1e4_entropy005_s4_c1_rnetol_d256_p20,seed010,10,198,19800,100,16,109.99784188138617,114.37213983913016,109.99784188138617,False,max_epochs,937.7749154567719
rl4crn_rne_oscillator_trace_8rxn_stop_risksched085to09_lr1e4_entropy005_s4_c1_rnetol_d256_p20,seed010,10,199,19900,100,16,109.88701503409702,113.83643196706949,109.88701503409702,False,max_epochs,942.9018244743347
rl4crn_rne_oscillator_trace_8rxn_stop_risksched085to09_lr1e4_entropy005_s4_c1_rnetol_d256_p20,seed010,10,200,20000,100,16,109.91454930573013,114.50482003379726,109.88701503409702,False,max_epochs,948.0165891647339
rl4crn_rne_oscillator_trace_8rxn_stop_risksched085to09_lr1e4_entropy005_s4_c1_rnetol_d256_p20,seed010,10,201,20100,100,16,110.11405761977215,114.87711403166986,109.88701503409702,False,max_epochs,953.0607032775879
rl4crn_rne_oscillator_trace_8rxn_stop_risksched085to09_lr1e4_entropy005_s4_c1_rnetol_d256_p20,seed010,10,202,20200,100,16,110.0690789301577,112.65035839928211,109.88701503409702,False,max_epochs,957.8312492370605
rl4crn_rne_oscillator_trace_8rxn_stop_risksched085to09_lr1e4_entropy005_s4_c1_rnetol_d256_p20,seed010,10,203,20300,100,16,109.90853617364958,113.23138680972325,109.88701503409702,False,max_epochs,962.7586512565613
rl4crn_rne_oscillator_trace_8rxn_stop_risksched085to09_lr1e4_entropy005_s4_c1_rnetol_d256_p20,seed010,10,204,20400,100,16,109.93750523146133,113.57200343292315,109.88701503409702,False,max_epochs,965.1108367443085
rl4crn_rne_oscillator_trace_8rxn_stop_risksched085to09_lr1e4_entropy005_s4_c1_rnetol_d256_p20,seed010,10,205,20500,100,16,109.86128624665497,113.9048897712849,109.86128624665497,False,max_epochs,969.5779316425323
rl4crn_rne_oscillator_trace_8rxn_stop_risksched085to09_lr1e4_entropy005_s4_c1_rnetol_d256_p20,seed010,10,206,20600,100,16,110.27833740111839,113.73831854488148,109.86128624665497,False,max_epochs,974.6626608371735
rl4crn_rne_oscillator_trace_8rxn_stop_risksched085to09_lr1e4_entropy005_s4_c1_rnetol_d256_p20,seed010,10,207,20700,100,16,110.32162609624046,114.74787178807355,109.86128624665497,False,max_epochs,979.9854941368103
rl4crn_rne_oscillator_trace_8rxn_stop_risksched085to09_lr1e4_entropy005_s4_c1_rnetol_d256_p20,seed010,10,208,20800,100,16,109.99938812622635,114.70360795033567,109.86128624665497,False,max_epochs,985.1981885433197
rl4crn_rne_oscillator_trace_8rxn_stop_risksched085to09_lr1e4_entropy005_s4_c1_rnetol_d256_p20,seed010,10,209,20900,100,16,110.21320383278662,114.64247187432994,109.86128624665497,False,max_epochs,990.4226279258728
rl4crn_rne_oscillator_trace_8rxn_stop_risksched085to09_lr1e4_entropy005_s4_c1_rnetol_d256_p20,seed010,10,210,21000,100,16,109.87338499851681,116.28452545404595,109.86128624665497,False,max_epochs,995.897805929184
rl4crn_rne_oscillator_trace_8rxn_stop_risksched085to09_lr1e4_entropy005_s4_c1_rnetol_d256_p20,seed010,10,211,21100,100,16,110.1349558254674,115.26788790092257,109.86128624665497,False,max_epochs,1000.4258568286896
rl4crn_rne_oscillator_trace_8rxn_stop_risksched085to09_lr1e4_entropy005_s4_c1_rnetol_d256_p20,seed010,10,212,21200,100,16,110.11138829983298,114.24418276605773,109.86128624665497,False,max_epochs,1005.3930077552795
rl4crn_rne_oscillator_trace_8rxn_stop_risksched085to09_lr1e4_entropy005_s4_c1_rnetol_d256_p20,seed010,10,213,21300,100,16,110.26890717933458,114.76429232224069,109.86128624665497,False,max_epochs,1008.3816089630127
rl4crn_rne_oscillator_trace_8rxn_stop_risksched085to09_lr1e4_entropy005_s4_c1_rnetol_d256_p20,seed010,10,214,21400,100,16,110.68091697999724,116.41084423497212,109.86128624665497,False,max_epochs,1012.253411769867
rl4crn_rne_oscillator_trace_8rxn_stop_risksched085to09_lr1e4_entropy005_s4_c1_rnetol_d256_p20,seed010,10,215,21500,100,16,109.5903598566095,114.47624167592843,109.5903598566095,False,max_epochs,1017.491649389267
rl4crn_rne_oscillator_trace_8rxn_stop_risksched085to09_lr1e4_entropy005_s4_c1_rnetol_d256_p20,seed010,10,216,21600,100,16,110.02036649512517,115.29755644509771,109.5903598566095,False,max_epochs,1022.6077327728271
rl4crn_rne_oscillator_trace_8rxn_stop_risksched085to09_lr1e4_entropy005_s4_c1_rnetol_d256_p20,seed010,10,217,21700,100,16,109.16806088832249,116.72784206812427,109.16806088832249,False,max_epochs,1027.7235507965088
rl4crn_rne_oscillator_trace_8rxn_stop_risksched085to09_lr1e4_entropy005_s4_c1_rnetol_d256_p20,seed010,10,218,21800,100,16,110.48649112020873,117.23897447226267,109.16806088832249,False,max_epochs,1033.184294462204
rl4crn_rne_oscillator_trace_8rxn_stop_risksched085to09_lr1e4_entropy005_s4_c1_rnetol_d256_p20,seed010,10,219,21900,100,16,110.27568297225908,118.57650781655923,109.16806088832249,False,max_epochs,1038.2533128261566
rl4crn_rne_oscillator_trace_8rxn_stop_risksched085to09_lr1e4_entropy005_s4_c1_rnetol_d256_p20,seed010,10,220,22000,100,16,109.8535743630844,118.96772810493783,109.16806088832249,False,max_epochs,1042.9114527702332
rl4crn_rne_oscillator_trace_8rxn_stop_risksched085to09_lr1e4_entropy005_s4_c1_rnetol_d256_p20,seed010,10,221,22100,100,16,109.5044077791845,119.76310442589082,109.16806088832249,False,max_epochs,1047.8353798389435
rl4crn_rne_oscillator_trace_8rxn_stop_risksched085to09_lr1e4_entropy005_s4_c1_rnetol_d256_p20,seed010,10,222,22200,100,16,110.28180044656379,119.25558543488879,109.16806088832249,False,max_epochs,1052.4291632175446
rl4crn_rne_oscillator_trace_8rxn_stop_risksched085to09_lr1e4_entropy005_s4_c1_rnetol_d256_p20,seed010,10,223,22300,100,16,110.64442608978862,118.42988477540351,109.16806088832249,False,max_epochs,1054.8624296188354
rl4crn_rne_oscillator_trace_8rxn_stop_risksched085to09_lr1e4_entropy005_s4_c1_rnetol_d256_p20,seed010,10,224,22400,100,16,109.58840179750554,119.77630406752901,109.16806088832249,False,max_epochs,1059.6580455303192
rl4crn_rne_oscillator_trace_8rxn_stop_risksched085to09_lr1e4_entropy005_s4_c1_rnetol_d256_p20,seed010,10,225,22500,100,16,110.59922315459472,120.45664836460199,109.16806088832249,False,max_epochs,1064.9143064022064
rl4crn_rne_oscillator_trace_8rxn_stop_risksched085to09_lr1e4_entropy005_s4_c1_rnetol_d256_p20,seed010,10,226,22600,100,16,109.8820452530295,117.5835002693824,109.16806088832249,False,max_epochs,1070.2128281593323
rl4crn_rne_oscillator_trace_8rxn_stop_risksched085to09_lr1e4_entropy005_s4_c1_rnetol_d256_p20,seed010,10,227,22700,100,16,110.07087675342795,116.8950302898946,109.16806088832249,False,max_epochs,1075.418053150177
rl4crn_rne_oscillator_trace_8rxn_stop_risksched085to09_lr1e4_entropy005_s4_c1_rnetol_d256_p20,seed010,10,228,22800,100,16,109.90032261896766,116.03961878954279,109.16806088832249,False,max_epochs,1080.562304019928
rl4crn_rne_oscillator_trace_8rxn_stop_risksched085to09_lr1e4_entropy005_s4_c1_rnetol_d256_p20,seed010,10,229,22900,100,16,110.3017741729208,115.09872334295284,109.16806088832249,False,max_epochs,1085.4660375118256
rl4crn_rne_oscillator_trace_8rxn_stop_risksched085to09_lr1e4_entropy005_s4_c1_rnetol_d256_p20,seed010,10,230,23000,100,16,109.97783084490071,117.98005515214167,109.16806088832249,False,max_epochs,1090.8296704292297
rl4crn_rne_oscillator_trace_8rxn_stop_risksched085to09_lr1e4_entropy005_s4_c1_rnetol_d256_p20,seed010,10,231,23100,100,16,109.50992332360734,117.62231971313662,109.16806088832249,False,max_epochs,1096.090737104416
rl4crn_rne_oscillator_trace_8rxn_stop_risksched085to09_lr1e4_entropy005_s4_c1_rnetol_d256_p20,seed010,10,232,23200,100,16,110.27000386307914,117.31614326230208,109.16806088832249,False,max_epochs,1101.8356201648712
rl4crn_rne_oscillator_trace_8rxn_stop_risksched085to09_lr1e4_entropy005_s4_c1_rnetol_d256_p20,seed010,10,233,23300,100,16,109.69995338202311,117.06233091030418,109.16806088832249,False,max_epochs,1107.1541423797607
rl4crn_rne_oscillator_trace_8rxn_stop_risksched085to09_lr1e4_entropy005_s4_c1_rnetol_d256_p20,seed010,10,234,23400,100,16,110.17148416286234,116.63262158629558,109.16806088832249,False,max_epochs,1111.6373825073242
rl4crn_rne_oscillator_trace_8rxn_stop_risksched085to09_lr1e4_entropy005_s4_c1_rnetol_d256_p20,seed010,10,235,23500,100,16,109.76646808045393,118.22782543967674,109.16806088832249,False,max_epochs,1116.5859081745148
rl4crn_rne_oscillator_trace_8rxn_stop_risksched085to09_lr1e4_entropy005_s4_c1_rnetol_d256_p20,seed010,10,236,23600,100,16,109.67816519618778,117.71838125416387,109.16806088832249,False,max_epochs,1118.7010357379913
rl4crn_rne_oscillator_trace_8rxn_stop_risksched085to09_lr1e4_entropy005_s4_c1_rnetol_d256_p20,seed010,10,237,23700,100,16,109.61668225717665,117.79570712012107,109.16806088832249,False,max_epochs,1123.5536365509033
rl4crn_rne_oscillator_trace_8rxn_stop_risksched085to09_lr1e4_entropy005_s4_c1_rnetol_d256_p20,seed010,10,238,23800,100,16,109.69559023393329,119.53038854567916,109.16806088832249,False,max_epochs,1128.7269842624664
rl4crn_rne_oscillator_trace_8rxn_stop_risksched085to09_lr1e4_entropy005_s4_c1_rnetol_d256_p20,seed010,10,239,23900,100,16,110.0874470641601,119.81895594982082,109.16806088832249,False,max_epochs,1134.0719096660614
rl4crn_rne_oscillator_trace_8rxn_stop_risksched085to09_lr1e4_entropy005_s4_c1_rnetol_d256_p20,seed010,10,240,24000,100,16,110.3599570664942,118.11818930879039,109.16806088832249,False,max_epochs,1139.4211509227753
rl4crn_rne_oscillator_trace_8rxn_stop_risksched085to09_lr1e4_entropy005_s4_c1_rnetol_d256_p20,seed010,10,241,24100,100,16,109.69572599499917,116.19576978490062,109.16806088832249,False,max_epochs,1144.2430057525635
rl4crn_rne_oscillator_trace_8rxn_stop_risksched085to09_lr1e4_entropy005_s4_c1_rnetol_d256_p20,seed010,10,242,24200,100,16,109.30655788718501,117.3556318490467,109.16806088832249,False,max_epochs,1149.7304973602295
rl4crn_rne_oscillator_trace_8rxn_stop_risksched085to09_lr1e4_entropy005_s4_c1_rnetol_d256_p20,seed010,10,243,24300,100,16,110.08633529518092,117.37198791311417,109.16806088832249,False,max_epochs,1154.5479664802551
rl4crn_rne_oscillator_trace_8rxn_stop_risksched085to09_lr1e4_entropy005_s4_c1_rnetol_d256_p20,seed010,10,244,24400,100,16,109.59372279052072,116.27348890483476,109.16806088832249,False,max_epochs,1159.4779438972473
rl4crn_rne_oscillator_trace_8rxn_stop_risksched085to09_lr1e4_entropy005_s4_c1_rnetol_d256_p20,seed010,10,245,24500,100,16,110.30484266707559,120.29011809119669,109.16806088832249,False,max_epochs,1164.1071157455444
rl4crn_rne_oscillator_trace_8rxn_stop_risksched085to09_lr1e4_entropy005_s4_c1_rnetol_d256_p20,seed010,10,246,24600,100,16,109.95410893576377,119.524854727878,109.16806088832249,False,max_epochs,1166.394380569458
rl4crn_rne_oscillator_trace_8rxn_stop_risksched085to09_lr1e4_entropy005_s4_c1_rnetol_d256_p20,seed010,10,247,24700,100,16,109.97901129984683,119.299900539099,109.16806088832249,False,max_epochs,1171.4977989196777
rl4crn_rne_oscillator_trace_8rxn_stop_risksched085to09_lr1e4_entropy005_s4_c1_rnetol_d256_p20,seed010,10,248,24800,100,16,109.49621184059066,120.19285093174616,109.16806088832249,False,max_epochs,1177.0337386131287
rl4crn_rne_oscillator_trace_8rxn_stop_risksched085to09_lr1e4_entropy005_s4_c1_rnetol_d256_p20,seed010,10,249,24900,100,16,109.77369405308116,116.34432091804905,109.16806088832249,False,max_epochs,1182.040113210678
rl4crn_rne_oscillator_trace_8rxn_stop_risksched085to09_lr1e4_entropy005_s4_c1_rnetol_d256_p20,seed010,10,250,25000,100,16,109.49173653557854,116.00614350243902,109.16806088832249,False,max_epochs,1187.2917866706848
rl4crn_rne_oscillator_trace_8rxn_stop_risksched085to09_lr1e4_entropy005_s4_c1_rnetol_d256_p20,seed010,10,251,25100,100,16,109.58085598317655,118.4286447077308,109.16806088832249,False,max_epochs,1192.4250185489655
rl4crn_rne_oscillator_trace_8rxn_stop_risksched085to09_lr1e4_entropy005_s4_c1_rnetol_d256_p20,seed010,10,252,25200,100,16,110.48733046644475,115.71736467541623,109.16806088832249,False,max_epochs,1196.8606224060059
rl4crn_rne_oscillator_trace_8rxn_stop_risksched085to09_lr1e4_entropy005_s4_c1_rnetol_d256_p20,seed010,10,253,25300,100,16,110.27646547931394,115.70450555085665,109.16806088832249,False,max_epochs,1201.8915367126465
rl4crn_rne_oscillator_trace_8rxn_stop_risksched085to09_lr1e4_entropy005_s4_c1_rnetol_d256_p20,seed010,10,254,25400,100,16,109.78079504308765,117.4697670801453,109.16806088832249,False,max_epochs,1206.706336259842
rl4crn_rne_oscillator_trace_8rxn_stop_risksched085to09_lr1e4_entropy005_s4_c1_rnetol_d256_p20,seed010,10,255,25500,100,16,109.79017656395501,115.74918511604011,109.16806088832249,False,max_epochs,1208.9333169460297
rl4crn_rne_oscillator_trace_8rxn_stop_risksched085to09_lr1e4_entropy005_s4_c1_rnetol_d256_p20,seed010,10,256,25600,100,16,109.86001088854458,117.87888890533428,109.16806088832249,False,max_epochs,1213.6937956809998
rl4crn_rne_oscillator_trace_8rxn_stop_risksched085to09_lr1e4_entropy005_s4_c1_rnetol_d256_p20,seed010,10,257,25700,100,16,109.46831948326091,116.8429150283213,109.16806088832249,False,max_epochs,1218.4721400737762
rl4crn_rne_oscillator_trace_8rxn_stop_risksched085to09_lr1e4_entropy005_s4_c1_rnetol_d256_p20,seed010,10,258,25800,100,16,110.24313957946366,117.68119596548112,109.16806088832249,False,max_epochs,1223.813190460205
rl4crn_rne_oscillator_trace_8rxn_stop_risksched085to09_lr1e4_entropy005_s4_c1_rnetol_d256_p20,seed010,10,259,25900,100,16,109.33464488910961,116.37148274125701,109.16806088832249,False,max_epochs,1228.7117726802826
rl4crn_rne_oscillator_trace_8rxn_stop_risksched085to09_lr1e4_entropy005_s4_c1_rnetol_d256_p20,seed010,10,260,26000,100,16,109.61916532707812,116.39118023692365,109.16806088832249,False,max_epochs,1233.7506403923035
rl4crn_rne_oscillator_trace_8rxn_stop_risksched085to09_lr1e4_entropy005_s4_c1_rnetol_d256_p20,seed010,10,261,26100,100,16,109.54832128024341,117.95887207223868,109.16806088832249,False,max_epochs,1239.013685464859
rl4crn_rne_oscillator_trace_8rxn_stop_risksched085to09_lr1e4_entropy005_s4_c1_rnetol_d256_p20,seed010,10,262,26200,100,16,109.39059393722333,117.58259493269662,109.16806088832249,False,max_epochs,1244.3472936153412
rl4crn_rne_oscillator_trace_8rxn_stop_risksched085to09_lr1e4_entropy005_s4_c1_rnetol_d256_p20,seed010,10,263,26300,100,16,110.01265563430347,118.37318311905435,109.16806088832249,False,max_epochs,1249.257340669632
rl4crn_rne_oscillator_trace_8rxn_stop_risksched085to09_lr1e4_entropy005_s4_c1_rnetol_d256_p20,seed010,10,264,26400,100,16,110.49106392067954,120.1140075164715,109.16806088832249,False,max_epochs,1254.4538135528564
rl4crn_rne_oscillator_trace_8rxn_stop_risksched085to09_lr1e4_entropy005_s4_c1_rnetol_d256_p20,seed010,10,265,26500,100,16,109.81571679596426,117.4680254764582,109.16806088832249,False,max_epochs,1259.2734489440918
rl4crn_rne_oscillator_trace_8rxn_stop_risksched085to09_lr1e4_entropy005_s4_c1_rnetol_d256_p20,seed010,10,266,26600,100,16,109.33218572065952,117.74165157653661,109.16806088832249,False,max_epochs,1263.7764728069305
rl4crn_rne_oscillator_trace_8rxn_stop_risksched085to09_lr1e4_entropy005_s4_c1_rnetol_d256_p20,seed010,10,267,26700,100,16,108.89018903941451,118.47023771520071,108.89018903941451,False,max_epochs,1266.2348365783691
rl4crn_rne_oscillator_trace_8rxn_stop_risksched085to09_lr1e4_entropy005_s4_c1_rnetol_d256_p20,seed010,10,268,26800,100,16,109.31918023907532,119.64961157403431,108.89018903941451,False,max_epochs,1271.330727815628
rl4crn_rne_oscillator_trace_8rxn_stop_risksched085to09_lr1e4_entropy005_s4_c1_rnetol_d256_p20,seed010,10,269,26900,100,16,109.06966635144889,119.6449067521589,108.89018903941451,False,max_epochs,1276.5289862155914
rl4crn_rne_oscillator_trace_8rxn_stop_risksched085to09_lr1e4_entropy005_s4_c1_rnetol_d256_p20,seed010,10,270,27000,100,16,110.32152706671668,118.42431886666765,108.89018903941451,False,max_epochs,1281.9702463150024
rl4crn_rne_oscillator_trace_8rxn_stop_risksched085to09_lr1e4_entropy005_s4_c1_rnetol_d256_p20,seed010,10,271,27100,100,16,110.55330004172576,123.04972328747169,108.89018903941451,False,max_epochs,1286.9123845100403
rl4crn_rne_oscillator_trace_8rxn_stop_risksched085to09_lr1e4_entropy005_s4_c1_rnetol_d256_p20,seed010,10,272,27200,100,16,109.52974180494282,122.52415687189301,108.89018903941451,False,max_epochs,1292.200975894928
rl4crn_rne_oscillator_trace_8rxn_stop_risksched085to09_lr1e4_entropy005_s4_c1_rnetol_d256_p20,seed010,10,273,27300,100,16,110.17459419647301,123.31269194393698,108.89018903941451,False,max_epochs,1297.4014410972595
rl4crn_rne_oscillator_trace_8rxn_stop_risksched085to09_lr1e4_entropy005_s4_c1_rnetol_d256_p20,seed010,10,274,27400,100,16,109.79132813903277,123.0900392260751,108.89018903941451,False,max_epochs,1302.7952771186829
rl4crn_rne_oscillator_trace_8rxn_stop_risksched085to09_lr1e4_entropy005_s4_c1_rnetol_d256_p20,seed010,10,275,27500,100,16,109.4172399732002,123.07273454924689,108.89018903941451,False,max_epochs,1307.7925975322723
rl4crn_rne_oscillator_trace_8rxn_stop_risksched085to09_lr1e4_entropy005_s4_c1_rnetol_d256_p20,seed010,10,276,27600,100,16,109.25226743082604,120.28322582034684,108.89018903941451,False,max_epochs,1313.6031498908997
rl4crn_rne_oscillator_trace_8rxn_stop_risksched085to09_lr1e4_entropy005_s4_c1_rnetol_d256_p20,seed010,10,277,27700,100,16,108.83463084580379,122.89859038029996,108.83463084580379,False,max_epochs,1318.804366350174
rl4crn_rne_oscillator_trace_8rxn_stop_risksched085to09_lr1e4_entropy005_s4_c1_rnetol_d256_p20,seed010,10,278,27800,100,16,109.92208388907477,117.93057893925885,108.83463084580379,False,max_epochs,1323.766364812851
rl4crn_rne_oscillator_trace_8rxn_stop_risksched085to09_lr1e4_entropy005_s4_c1_rnetol_d256_p20,seed010,10,279,27900,100,16,109.84199330025545,118.70894358306711,108.83463084580379,False,max_epochs,1328.8974463939667
rl4crn_rne_oscillator_trace_8rxn_stop_risksched085to09_lr1e4_entropy005_s4_c1_rnetol_d256_p20,seed010,10,280,28000,100,16,109.72727923554669,117.53295522163546,108.83463084580379,False,max_epochs,1333.7551836967468
rl4crn_rne_oscillator_trace_8rxn_stop_risksched085to09_lr1e4_entropy005_s4_c1_rnetol_d256_p20,seed010,10,281,28100,100,16,109.02226277290025,118.43598483631622,108.83463084580379,False,max_epochs,1336.1955206394196
rl4crn_rne_oscillator_trace_8rxn_stop_risksched085to09_lr1e4_entropy005_s4_c1_rnetol_d256_p20,seed010,10,282,28200,100,16,110.13210227728337,120.43208310244218,108.83463084580379,False,max_epochs,1341.021543264389
rl4crn_rne_oscillator_trace_8rxn_stop_risksched085to09_lr1e4_entropy005_s4_c1_rnetol_d256_p20,seed010,10,283,28300,100,16,109.73851334576932,118.95613000671975,108.83463084580379,False,max_epochs,1345.8326435089111
rl4crn_rne_oscillator_trace_8rxn_stop_risksched085to09_lr1e4_entropy005_s4_c1_rnetol_d256_p20,seed010,10,284,28400,100,16,109.47297041235633,119.5433544109439,108.83463084580379,False,max_epochs,1351.3530049324036
rl4crn_rne_oscillator_trace_8rxn_stop_risksched085to09_lr1e4_entropy005_s4_c1_rnetol_d256_p20,seed010,10,285,28500,100,16,109.87495834451249,119.3077836987224,108.83463084580379,False,max_epochs,1356.2511403560638
rl4crn_rne_oscillator_trace_8rxn_stop_risksched085to09_lr1e4_entropy005_s4_c1_rnetol_d256_p20,seed010,10,286,28600,100,16,109.44405229249833,117.66510615975892,108.83463084580379,False,max_epochs,1361.3409161567688
rl4crn_rne_oscillator_trace_8rxn_stop_risksched085to09_lr1e4_entropy005_s4_c1_rnetol_d256_p20,seed010,10,287,28700,100,16,110.01076558698756,118.54160203414308,108.83463084580379,False,max_epochs,1366.8274788856506
rl4crn_rne_oscillator_trace_8rxn_stop_risksched085to09_lr1e4_entropy005_s4_c1_rnetol_d256_p20,seed010,10,288,28800,100,16,110.1487252089326,119.23994207368386,108.83463084580379,False,max_epochs,1372.067792415619
rl4crn_rne_oscillator_trace_8rxn_stop_risksched085to09_lr1e4_entropy005_s4_c1_rnetol_d256_p20,seed010,10,289,28900,100,16,109.57190010025559,120.08487978456421,108.83463084580379,False,max_epochs,1376.9569220542908
rl4crn_rne_oscillator_trace_8rxn_stop_risksched085to09_lr1e4_entropy005_s4_c1_rnetol_d256_p20,seed010,10,290,29000,100,16,108.91720205362205,118.53895637879239,108.83463084580379,False,max_epochs,1381.8248662948608
rl4crn_rne_oscillator_trace_8rxn_stop_risksched085to09_lr1e4_entropy005_s4_c1_rnetol_d256_p20,seed010,10,291,29100,100,16,109.68140078948558,117.82157164768765,108.83463084580379,False,max_epochs,1386.4235379695892
rl4crn_rne_oscillator_trace_8rxn_stop_risksched085to09_lr1e4_entropy005_s4_c1_rnetol_d256_p20,seed010,10,292,29200,100,16,109.0357699810925,115.98271453386289,108.83463084580379,False,max_epochs,1389.126231431961
rl4crn_rne_oscillator_trace_8rxn_stop_risksched085to09_lr1e4_entropy005_s4_c1_rnetol_d256_p20,seed010,10,293,29300,100,16,109.37107656223388,114.7931748257919,108.83463084580379,False,max_epochs,1393.7723188400269
rl4crn_rne_oscillator_trace_8rxn_stop_risksched085to09_lr1e4_entropy005_s4_c1_rnetol_d256_p20,seed010,10,294,29400,100,16,109.37883995709814,115.6793812657877,108.83463084580379,False,max_epochs,1398.74458527565
rl4crn_rne_oscillator_trace_8rxn_stop_risksched085to09_lr1e4_entropy005_s4_c1_rnetol_d256_p20,seed010,10,295,29500,100,16,109.70528523037595,115.3856210769425,108.83463084580379,False,max_epochs,1403.7176568508148
rl4crn_rne_oscillator_trace_8rxn_stop_risksched085to09_lr1e4_entropy005_s4_c1_rnetol_d256_p20,seed010,10,296,29600,100,16,109.38015198236322,115.9612678885058,108.83463084580379,False,max_epochs,1408.7113950252533
rl4crn_rne_oscillator_trace_8rxn_stop_risksched085to09_lr1e4_entropy005_s4_c1_rnetol_d256_p20,seed010,10,297,29700,100,16,109.43659837104062,116.01824287856121,108.83463084580379,False,max_epochs,1413.2528686523438
rl4crn_rne_oscillator_trace_8rxn_stop_risksched085to09_lr1e4_entropy005_s4_c1_rnetol_d256_p20,seed010,10,298,29800,100,16,109.01919652675272,115.64482638560818,108.83463084580379,False,max_epochs,1415.9325783252716
rl4crn_rne_oscillator_trace_8rxn_stop_risksched085to09_lr1e4_entropy005_s4_c1_rnetol_d256_p20,seed010,10,299,29900,100,16,109.66469114777257,116.94447881120088,108.83463084580379,False,max_epochs,1420.8538501262665
rl4crn_rne_oscillator_trace_8rxn_stop_risksched085to09_lr1e4_entropy005_s4_c1_rnetol_d256_p20,seed010,10,300,30000,100,16,109.0187534384477,116.0076588850676,108.83463084580379,False,max_epochs,1425.8999009132385
rl4crn_rne_oscillator_trace_8rxn_stop_risksched085to09_lr1e4_entropy005_s4_c1_rnetol_d256_p20,seed010,10,301,30100,100,16,109.83663842917825,116.44239626861551,108.83463084580379,False,max_epochs,1431.062338590622
rl4crn_rne_oscillator_trace_8rxn_stop_risksched085to09_lr1e4_entropy005_s4_c1_rnetol_d256_p20,seed010,10,302,30200,100,16,109.17128720829882,116.46653163949824,108.83463084580379,False,max_epochs,1436.4341163635254
rl4crn_rne_oscillator_trace_8rxn_stop_risksched085to09_lr1e4_entropy005_s4_c1_rnetol_d256_p20,seed010,10,303,30300,100,16,109.47367018427607,115.26471847728826,108.83463084580379,False,max_epochs,1441.1881518363953
rl4crn_rne_oscillator_trace_8rxn_stop_risksched085to09_lr1e4_entropy005_s4_c1_rnetol_d256_p20,seed010,10,304,30400,100,16,109.45160255501975,117.25052057491772,108.83463084580379,False,max_epochs,1446.1789796352386
rl4crn_rne_oscillator_trace_8rxn_stop_risksched085to09_lr1e4_entropy005_s4_c1_rnetol_d256_p20,seed010,10,305,30500,100,16,109.5725224604068,117.60085386522499,108.83463084580379,False,max_epochs,1450.9065392017365
rl4crn_rne_oscillator_trace_8rxn_stop_risksched085to09_lr1e4_entropy005_s4_c1_rnetol_d256_p20,seed010,10,306,30600,100,16,109.00136145549244,115.95737167557448,108.83463084580379,False,max_epochs,1455.4548041820526
rl4crn_rne_oscillator_trace_8rxn_stop_risksched085to09_lr1e4_entropy005_s4_c1_rnetol_d256_p20,seed010,10,307,30700,100,16,108.97202736003564,114.58325309095972,108.83463084580379,False,max_epochs,1458.081996679306
rl4crn_rne_oscillator_trace_8rxn_stop_risksched085to09_lr1e4_entropy005_s4_c1_rnetol_d256_p20,seed010,10,308,30800,100,16,109.5079766352719,114.73565820593694,108.83463084580379,False,max_epochs,1462.9546966552734
rl4crn_rne_oscillator_trace_8rxn_stop_risksched085to09_lr1e4_entropy005_s4_c1_rnetol_d256_p20,seed010,10,309,30900,100,16,109.22601665793786,115.28615683200717,108.83463084580379,False,max_epochs,1467.9592816829681
rl4crn_rne_oscillator_trace_8rxn_stop_risksched085to09_lr1e4_entropy005_s4_c1_rnetol_d256_p20,seed010,10,310,31000,100,16,109.24878847736176,116.01782515495422,108.83463084580379,False,max_epochs,1473.7586424350739
rl4crn_rne_oscillator_trace_8rxn_stop_risksched085to09_lr1e4_entropy005_s4_c1_rnetol_d256_p20,seed010,10,311,31100,100,16,109.33987906564153,116.01707558484348,108.83463084580379,False,max_epochs,1478.7748913764954
rl4crn_rne_oscillator_trace_8rxn_stop_risksched085to09_lr1e4_entropy005_s4_c1_rnetol_d256_p20,seed010,10,312,31200,100,16,109.13284228236552,116.65442285048333,108.83463084580379,False,max_epochs,1483.676992893219
rl4crn_rne_oscillator_trace_8rxn_stop_risksched085to09_lr1e4_entropy005_s4_c1_rnetol_d256_p20,seed010,10,313,31300,100,16,109.41295631698473,115.54553842069342,108.83463084580379,False,max_epochs,1488.7671256065369
rl4crn_rne_oscillator_trace_8rxn_stop_risksched085to09_lr1e4_entropy005_s4_c1_rnetol_d256_p20,seed010,10,314,31400,100,16,109.38016831792146,116.90993415089122,108.83463084580379,False,max_epochs,1493.746418952942
rl4crn_rne_oscillator_trace_8rxn_stop_risksched085to09_lr1e4_entropy005_s4_c1_rnetol_d256_p20,seed010,10,315,31500,100,16,108.96857329622864,114.84775476183971,108.83463084580379,False,max_epochs,1498.3502216339111
rl4crn_rne_oscillator_trace_8rxn_stop_risksched085to09_lr1e4_entropy005_s4_c1_rnetol_d256_p20,seed010,10,316,31600,100,16,109.2564088566552,117.74779972824605,108.83463084580379,False,max_epochs,1500.8245825767517
rl4crn_rne_oscillator_trace_8rxn_stop_risksched085to09_lr1e4_entropy005_s4_c1_rnetol_d256_p20,seed010,10,317,31700,100,16,108.72417001457761,116.39396325782948,108.72417001457761,False,max_epochs,1505.4063131809235
rl4crn_rne_oscillator_trace_8rxn_stop_risksched085to09_lr1e4_entropy005_s4_c1_rnetol_d256_p20,seed010,10,318,31800,100,16,108.83737724633663,117.87068569096891,108.72417001457761,False,max_epochs,1509.8391647338867
rl4crn_rne_oscillator_trace_8rxn_stop_risksched085to09_lr1e4_entropy005_s4_c1_rnetol_d256_p20,seed010,10,319,31900,100,16,108.59197286043793,117.09893445757741,108.59197286043793,False,max_epochs,1514.8239932060242
rl4crn_rne_oscillator_trace_8rxn_stop_risksched085to09_lr1e4_entropy005_s4_c1_rnetol_d256_p20,seed010,10,320,32000,100,16,109.64272525090568,115.73807892770799,108.59197286043793,False,max_epochs,1519.3478744029999
rl4crn_rne_oscillator_trace_8rxn_stop_risksched085to09_lr1e4_entropy005_s4_c1_rnetol_d256_p20,seed010,10,321,32100,100,16,109.16335213472927,117.01179189227395,108.59197286043793,False,max_epochs,1521.7000904083252
rl4crn_rne_oscillator_trace_8rxn_stop_risksched085to09_lr1e4_entropy005_s4_c1_rnetol_d256_p20,seed010,10,322,32200,100,16,109.3673205180777,118.29590971511968,108.59197286043793,False,max_epochs,1527.078581571579
rl4crn_rne_oscillator_trace_8rxn_stop_risksched085to09_lr1e4_entropy005_s4_c1_rnetol_d256_p20,seed010,10,323,32300,100,16,109.15493949484693,119.46420843115006,108.59197286043793,False,max_epochs,1531.9403622150421
rl4crn_rne_oscillator_trace_8rxn_stop_risksched085to09_lr1e4_entropy005_s4_c1_rnetol_d256_p20,seed010,10,324,32400,100,16,109.39265293432109,118.45135599062604,108.59197286043793,False,max_epochs,1537.0602040290833
rl4crn_rne_oscillator_trace_8rxn_stop_risksched085to09_lr1e4_entropy005_s4_c1_rnetol_d256_p20,seed010,10,325,32500,100,16,108.8737029868966,119.08861767296081,108.59197286043793,False,max_epochs,1542.1432654857635
rl4crn_rne_oscillator_trace_8rxn_stop_risksched085to09_lr1e4_entropy005_s4_c1_rnetol_d256_p20,seed010,10,326,32600,100,16,108.70012560296783,117.93868179566897,108.59197286043793,False,max_epochs,1547.3951077461243
rl4crn_rne_oscillator_trace_8rxn_stop_risksched085to09_lr1e4_entropy005_s4_c1_rnetol_d256_p20,seed010,10,327,32700,100,16,110.04445777910888,119.11630832490437,108.59197286043793,False,max_epochs,1552.329158782959
rl4crn_rne_oscillator_trace_8rxn_stop_risksched085to09_lr1e4_entropy005_s4_c1_rnetol_d256_p20,seed010,10,328,32800,100,16,109.14525682145825,118.51494739408557,108.59197286043793,False,max_epochs,1557.0925271511078
rl4crn_rne_oscillator_trace_8rxn_stop_risksched085to09_lr1e4_entropy005_s4_c1_rnetol_d256_p20,seed010,10,329,32900,100,16,109.10012003326759,117.85141706447489,108.59197286043793,False,max_epochs,1561.0579216480255
rl4crn_rne_oscillator_trace_8rxn_stop_risksched085to09_lr1e4_entropy005_s4_c1_rnetol_d256_p20,seed010,10,330,33000,100,16,109.54658138329405,115.82946375546183,108.59197286043793,False,max_epochs,1564.459461927414
rl4crn_rne_oscillator_trace_8rxn_stop_risksched085to09_lr1e4_entropy005_s4_c1_rnetol_d256_p20,seed010,10,331,33100,100,16,109.00077892027936,116.12493258245797,108.59197286043793,False,max_epochs,1569.194874048233
rl4crn_rne_oscillator_trace_8rxn_stop_risksched085to09_lr1e4_entropy005_s4_c1_rnetol_d256_p20,seed010,10,332,33200,100,16,109.21093432697381,116.77628293844248,108.59197286043793,False,max_epochs,1574.5792784690857
rl4crn_rne_oscillator_trace_8rxn_stop_risksched085to09_lr1e4_entropy005_s4_c1_rnetol_d256_p20,seed010,10,333,33300,100,16,108.60821556482927,117.35316008714022,108.59197286043793,False,max_epochs,1579.8270523548126
rl4crn_rne_oscillator_trace_8rxn_stop_risksched085to09_lr1e4_entropy005_s4_c1_rnetol_d256_p20,seed010,10,334,33400,100,16,109.09392969316376,117.70095995939238,108.59197286043793,False,max_epochs,1585.4912068843842
rl4crn_rne_oscillator_trace_8rxn_stop_risksched085to09_lr1e4_entropy005_s4_c1_rnetol_d256_p20,seed010,10,335,33500,100,16,108.8460167142353,116.98259166610282,108.59197286043793,False,max_epochs,1590.5915830135345
rl4crn_rne_oscillator_trace_8rxn_stop_risksched085to09_lr1e4_entropy005_s4_c1_rnetol_d256_p20,seed010,10,336,33600,100,16,109.12774171781804,115.61681012171593,108.59197286043793,False,max_epochs,1596.0207245349884
rl4crn_rne_oscillator_trace_8rxn_stop_risksched085to09_lr1e4_entropy005_s4_c1_rnetol_d256_p20,seed010,10,337,33700,100,16,109.29041151902469,117.19298904651167,108.59197286043793,False,max_epochs,1601.2289102077484
rl4crn_rne_oscillator_trace_8rxn_stop_risksched085to09_lr1e4_entropy005_s4_c1_rnetol_d256_p20,seed010,10,338,33800,100,16,108.84728578424162,117.4327414077703,108.59197286043793,False,max_epochs,1606.828420162201
rl4crn_rne_oscillator_trace_8rxn_stop_risksched085to09_lr1e4_entropy005_s4_c1_rnetol_d256_p20,seed010,10,339,33900,100,16,109.16891477298698,117.23369117074643,108.59197286043793,False,max_epochs,1612.0894494056702
rl4crn_rne_oscillator_trace_8rxn_stop_risksched085to09_lr1e4_entropy005_s4_c1_rnetol_d256_p20,seed010,10,340,34000,100,16,109.09057404460967,115.51017245879987,108.59197286043793,False,max_epochs,1617.3222749233246
rl4crn_rne_oscillator_trace_8rxn_stop_risksched085to09_lr1e4_entropy005_s4_c1_rnetol_d256_p20,seed010,10,341,34100,100,16,109.13591187818423,115.63551293065123,108.59197286043793,False,max_epochs,1622.6285722255707
rl4crn_rne_oscillator_trace_8rxn_stop_risksched085to09_lr1e4_entropy005_s4_c1_rnetol_d256_p20,seed010,10,342,34200,100,16,108.61983583820961,114.881191455069,108.59197286043793,False,max_epochs,1628.1476697921753
rl4crn_rne_oscillator_trace_8rxn_stop_risksched085to09_lr1e4_entropy005_s4_c1_rnetol_d256_p20,seed010,10,343,34300,100,16,108.65608318150089,116.23869079019329,108.59197286043793,False,max_epochs,1633.1639657020569
rl4crn_rne_oscillator_trace_8rxn_stop_risksched085to09_lr1e4_entropy005_s4_c1_rnetol_d256_p20,seed010,10,344,34400,100,16,109.0529614953932,117.85633259713143,108.59197286043793,False,max_epochs,1638.135614156723
rl4crn_rne_oscillator_trace_8rxn_stop_risksched085to09_lr1e4_entropy005_s4_c1_rnetol_d256_p20,seed010,10,345,34500,100,16,109.97368640439342,119.58444310848853,108.59197286043793,False,max_epochs,1643.6199946403503
rl4crn_rne_oscillator_trace_8rxn_stop_risksched085to09_lr1e4_entropy005_s4_c1_rnetol_d256_p20,seed010,10,346,34600,100,16,109.61322314654691,118.11652601269837,108.59197286043793,False,max_epochs,1649.438469171524
rl4crn_rne_oscillator_trace_8rxn_stop_risksched085to09_lr1e4_entropy005_s4_c1_rnetol_d256_p20,seed010,10,347,34700,100,16,109.78769105237977,117.55096989737399,108.59197286043793,False,max_epochs,1654.4762251377106
rl4crn_rne_oscillator_trace_8rxn_stop_risksched085to09_lr1e4_entropy005_s4_c1_rnetol_d256_p20,seed010,10,348,34800,100,16,109.09858588176036,115.44555002845598,108.59197286043793,False,max_epochs,1659.426377773285
rl4crn_rne_oscillator_trace_8rxn_stop_risksched085to09_lr1e4_entropy005_s4_c1_rnetol_d256_p20,seed010,10,349,34900,100,16,109.88700836683206,116.17618580675091,108.59197286043793,False,max_epochs,1664.5300812721252
rl4crn_rne_oscillator_trace_8rxn_stop_risksched085to09_lr1e4_entropy005_s4_c1_rnetol_d256_p20,seed010,10,350,35000,100,16,109.62451428528064,115.19227758836345,108.59197286043793,False,max_epochs,1669.5487442016602
rl4crn_rne_oscillator_trace_8rxn_stop_risksched085to09_lr1e4_entropy005_s4_c1_rnetol_d256_p20,seed010,10,351,35100,100,16,109.76232174991632,116.34139247096064,108.59197286043793,False,max_epochs,1674.2359790802002
rl4crn_rne_oscillator_trace_8rxn_stop_risksched085to09_lr1e4_entropy005_s4_c1_rnetol_d256_p20,seed010,10,352,35200,100,16,109.08983975419076,117.69463390469011,108.59197286043793,False,max_epochs,1676.7885117530823
rl4crn_rne_oscillator_trace_8rxn_stop_risksched085to09_lr1e4_entropy005_s4_c1_rnetol_d256_p20,seed010,10,353,35300,100,16,108.76423719949281,117.17965656658033,108.59197286043793,False,max_epochs,1681.3687052726746
rl4crn_rne_oscillator_trace_8rxn_stop_risksched085to09_lr1e4_entropy005_s4_c1_rnetol_d256_p20,seed010,10,354,35400,100,16,109.70175747485703,118.71334418888495,108.59197286043793,False,max_epochs,1686.7642221450806
rl4crn_rne_oscillator_trace_8rxn_stop_risksched085to09_lr1e4_entropy005_s4_c1_rnetol_d256_p20,seed010,10,355,35500,100,16,108.65422767518615,117.6875331292118,108.59197286043793,False,max_epochs,1691.793401002884
rl4crn_rne_oscillator_trace_8rxn_stop_risksched085to09_lr1e4_entropy005_s4_c1_rnetol_d256_p20,seed010,10,356,35600,100,16,110.08208945239402,117.72822291678969,108.59197286043793,False,max_epochs,1696.7883274555206
rl4crn_rne_oscillator_trace_8rxn_stop_risksched085to09_lr1e4_entropy005_s4_c1_rnetol_d256_p20,seed010,10,357,35700,100,16,109.35547607878385,117.1437751938876,108.59197286043793,False,max_epochs,1701.5643830299377
rl4crn_rne_oscillator_trace_8rxn_stop_risksched085to09_lr1e4_entropy005_s4_c1_rnetol_d256_p20,seed010,10,358,35800,100,16,109.79272582671958,118.00150562825988,108.59197286043793,False,max_epochs,1706.5337040424347
rl4crn_rne_oscillator_trace_8rxn_stop_risksched085to09_lr1e4_entropy005_s4_c1_rnetol_d256_p20,seed010,10,359,35900,100,16,108.70851994287875,116.96941129735771,108.59197286043793,False,max_epochs,1708.7062737941742
rl4crn_rne_oscillator_trace_8rxn_stop_risksched085to09_lr1e4_entropy005_s4_c1_rnetol_d256_p20,seed010,10,360,36000,100,16,109.37927522041186,116.5345441132757,108.59197286043793,False,max_epochs,1713.3280816078186
rl4crn_rne_oscillator_trace_8rxn_stop_risksched085to09_lr1e4_entropy005_s4_c1_rnetol_d256_p20,seed010,10,361,36100,100,16,110.032935079043,116.80857210063267,108.59197286043793,False,max_epochs,1718.5143551826477
rl4crn_rne_oscillator_trace_8rxn_stop_risksched085to09_lr1e4_entropy005_s4_c1_rnetol_d256_p20,seed010,10,362,36200,100,16,109.66253586572995,116.83519551790329,108.59197286043793,False,max_epochs,1724.2866656780243
rl4crn_rne_oscillator_trace_8rxn_stop_risksched085to09_lr1e4_entropy005_s4_c1_rnetol_d256_p20,seed010,10,363,36300,100,16,109.31458651714058,114.16966628142146,108.59197286043793,False,max_epochs,1729.32976770401
rl4crn_rne_oscillator_trace_8rxn_stop_risksched085to09_lr1e4_entropy005_s4_c1_rnetol_d256_p20,seed010,10,364,36400,100,16,109.4349321066017,114.10814336895868,108.59197286043793,False,max_epochs,1734.5670595169067
rl4crn_rne_oscillator_trace_8rxn_stop_risksched085to09_lr1e4_entropy005_s4_c1_rnetol_d256_p20,seed010,10,365,36500,100,16,109.68254377491076,114.30863720088368,108.59197286043793,False,max_epochs,1739.952635526657
rl4crn_rne_oscillator_trace_8rxn_stop_risksched085to09_lr1e4_entropy005_s4_c1_rnetol_d256_p20,seed010,10,366,36600,100,16,109.8171437169087,113.98225366434392,108.59197286043793,False,max_epochs,1745.4743745326996
rl4crn_rne_oscillator_trace_8rxn_stop_risksched085to09_lr1e4_entropy005_s4_c1_rnetol_d256_p20,seed010,10,367,36700,100,16,109.61393844180263,114.18378613953189,108.59197286043793,False,max_epochs,1750.3855488300323
rl4crn_rne_oscillator_trace_8rxn_stop_risksched085to09_lr1e4_entropy005_s4_c1_rnetol_d256_p20,seed010,10,368,36800,100,16,109.01727671434482,116.54951986123406,108.59197286043793,False,max_epochs,1756.0392076969147
rl4crn_rne_oscillator_trace_8rxn_stop_risksched085to09_lr1e4_entropy005_s4_c1_rnetol_d256_p20,seed010,10,369,36900,100,16,109.59705235582858,120.15848272581442,108.59197286043793,False,max_epochs,1761.2546763420105
rl4crn_rne_oscillator_trace_8rxn_stop_risksched085to09_lr1e4_entropy005_s4_c1_rnetol_d256_p20,seed010,10,370,37000,100,16,111.57481918735488,121.4556150798953,108.59197286043793,False,max_epochs,1766.423172712326
rl4crn_rne_oscillator_trace_8rxn_stop_risksched085to09_lr1e4_entropy005_s4_c1_rnetol_d256_p20,seed010,10,371,37100,100,16,109.29251261897409,122.29744671651908,108.59197286043793,False,max_epochs,1771.3792922496796
rl4crn_rne_oscillator_trace_8rxn_stop_risksched085to09_lr1e4_entropy005_s4_c1_rnetol_d256_p20,seed010,10,372,37200,100,16,111.62705012146387,123.34491988171382,108.59197286043793,False,max_epochs,1776.1075847148895
rl4crn_rne_oscillator_trace_8rxn_stop_risksched085to09_lr1e4_entropy005_s4_c1_rnetol_d256_p20,seed010,10,373,37300,100,16,109.9792997960751,120.04576552299736,108.59197286043793,False,max_epochs,1781.0242056846619
rl4crn_rne_oscillator_trace_8rxn_stop_risksched085to09_lr1e4_entropy005_s4_c1_rnetol_d256_p20,seed010,10,374,37400,100,16,109.13665885877371,117.28997273955272,108.59197286043793,False,max_epochs,1784.3009748458862
rl4crn_rne_oscillator_trace_8rxn_stop_risksched085to09_lr1e4_entropy005_s4_c1_rnetol_d256_p20,seed010,10,375,37500,100,16,109.14261343541543,116.51107053443789,108.59197286043793,False,max_epochs,1787.6554038524628
rl4crn_rne_oscillator_trace_8rxn_stop_risksched085to09_lr1e4_entropy005_s4_c1_rnetol_d256_p20,seed010,10,376,37600,100,16,109.31308586460723,116.7204488465211,108.59197286043793,False,max_epochs,1793.1947989463806
rl4crn_rne_oscillator_trace_8rxn_stop_risksched085to09_lr1e4_entropy005_s4_c1_rnetol_d256_p20,seed010,10,377,37700,100,16,108.86078024499012,116.13898532763885,108.59197286043793,False,max_epochs,1798.387006521225
rl4crn_rne_oscillator_trace_8rxn_stop_risksched085to09_lr1e4_entropy005_s4_c1_rnetol_d256_p20,seed010,10,378,37800,100,16,109.02447244898731,116.32163016436495,108.59197286043793,False,max_epochs,1803.7630453109741
rl4crn_rne_oscillator_trace_8rxn_stop_risksched085to09_lr1e4_entropy005_s4_c1_rnetol_d256_p20,seed010,10,379,37900,100,16,108.37059749756281,115.98454967820084,108.37059749756281,False,max_epochs,1808.7295498847961
rl4crn_rne_oscillator_trace_8rxn_stop_risksched085to09_lr1e4_entropy005_s4_c1_rnetol_d256_p20,seed010,10,380,38000,100,16,109.92715917869667,115.88004216743067,108.37059749756281,False,max_epochs,1814.2152645587921
rl4crn_rne_oscillator_trace_8rxn_stop_risksched085to09_lr1e4_entropy005_s4_c1_rnetol_d256_p20,seed010,10,381,38100,100,16,109.98290879999938,116.74050879106645,108.37059749756281,False,max_epochs,1819.0055673122406
rl4crn_rne_oscillator_trace_8rxn_stop_risksched085to09_lr1e4_entropy005_s4_c1_rnetol_d256_p20,seed010,10,382,38200,100,16,109.48624009021454,117.33577996428625,108.37059749756281,False,max_epochs,1824.0673682689667
rl4crn_rne_oscillator_trace_8rxn_stop_risksched085to09_lr1e4_entropy005_s4_c1_rnetol_d256_p20,seed010,10,383,38300,100,16,108.95701720605955,116.47453016519763,108.37059749756281,False,max_epochs,1828.8199820518494
rl4crn_rne_oscillator_trace_8rxn_stop_risksched085to09_lr1e4_entropy005_s4_c1_rnetol_d256_p20,seed010,10,384,38400,100,16,109.76911461264685,117.97881794968667,108.37059749756281,False,max_epochs,1831.097621679306
rl4crn_rne_oscillator_trace_8rxn_stop_risksched085to09_lr1e4_entropy005_s4_c1_rnetol_d256_p20,seed010,10,385,38500,100,16,109.03844115380586,117.6192049928827,108.37059749756281,False,max_epochs,1835.5816586017609
rl4crn_rne_oscillator_trace_8rxn_stop_risksched085to09_lr1e4_entropy005_s4_c1_rnetol_d256_p20,seed010,10,386,38600,100,16,108.96444589436499,117.35638865327815,108.37059749756281,False,max_epochs,1840.5570211410522
rl4crn_rne_oscillator_trace_8rxn_stop_risksched085to09_lr1e4_entropy005_s4_c1_rnetol_d256_p20,seed010,10,387,38700,100,16,109.05801363737245,116.35728115648169,108.37059749756281,False,max_epochs,1845.5607163906097
rl4crn_rne_oscillator_trace_8rxn_stop_risksched085to09_lr1e4_entropy005_s4_c1_rnetol_d256_p20,seed010,10,388,38800,100,16,108.96140480834507,117.07467368677447,108.37059749756281,False,max_epochs,1851.1009261608124
rl4crn_rne_oscillator_trace_8rxn_stop_risksched085to09_lr1e4_entropy005_s4_c1_rnetol_d256_p20,seed010,10,389,38900,100,16,108.56964135419152,116.32043540579824,108.37059749756281,False,max_epochs,1856.0095036029816
rl4crn_rne_oscillator_trace_8rxn_stop_risksched085to09_lr1e4_entropy005_s4_c1_rnetol_d256_p20,seed010,10,390,39000,100,16,109.37361938228527,115.46812415339531,108.37059749756281,False,max_epochs,1861.688891172409
rl4crn_rne_oscillator_trace_8rxn_stop_risksched085to09_lr1e4_entropy005_s4_c1_rnetol_d256_p20,seed010,10,391,39100,100,16,109.18904238083132,116.20847442666332,108.37059749756281,False,max_epochs,1866.5887053012848
rl4crn_rne_oscillator_trace_8rxn_stop_risksched085to09_lr1e4_entropy005_s4_c1_rnetol_d256_p20,seed010,10,392,39200,100,16,109.77994429932446,115.60526730637531,108.37059749756281,False,max_epochs,1872.002985239029
rl4crn_rne_oscillator_trace_8rxn_stop_risksched085to09_lr1e4_entropy005_s4_c1_rnetol_d256_p20,seed010,10,393,39300,100,16,109.14812025988013,114.65528033114728,108.37059749756281,False,max_epochs,1877.1736059188843
rl4crn_rne_oscillator_trace_8rxn_stop_risksched085to09_lr1e4_entropy005_s4_c1_rnetol_d256_p20,seed010,10,394,39400,100,16,109.2553603755074,115.03364867395635,108.37059749756281,False,max_epochs,1882.4697034358978
rl4crn_rne_oscillator_trace_8rxn_stop_risksched085to09_lr1e4_entropy005_s4_c1_rnetol_d256_p20,seed010,10,395,39500,100,16,109.30402730606453,115.24897960090625,108.37059749756281,False,max_epochs,1887.8788273334503
rl4crn_rne_oscillator_trace_8rxn_stop_risksched085to09_lr1e4_entropy005_s4_c1_rnetol_d256_p20,seed010,10,396,39600,100,16,108.91379800181453,114.55645656741648,108.37059749756281,False,max_epochs,1892.7653756141663
rl4crn_rne_oscillator_trace_8rxn_stop_risksched085to09_lr1e4_entropy005_s4_c1_rnetol_d256_p20,seed010,10,397,39700,100,16,108.62019208487013,111.99611016435574,108.37059749756281,False,max_epochs,1897.8860638141632
rl4crn_rne_oscillator_trace_8rxn_stop_risksched085to09_lr1e4_entropy005_s4_c1_rnetol_d256_p20,seed010,10,398,39800,100,16,109.20845936393678,113.67204347190565,108.37059749756281,False,max_epochs,1903.527307510376
rl4crn_rne_oscillator_trace_8rxn_stop_risksched085to09_lr1e4_entropy005_s4_c1_rnetol_d256_p20,seed010,10,399,39900,100,16,108.92025324715226,115.85127687821267,108.37059749756281,False,max_epochs,1908.512235403061
rl4crn_rne_oscillator_trace_8rxn_stop_risksched085to09_lr1e4_entropy005_s4_c1_rnetol_d256_p20,seed010,10,400,40000,100,16,108.60681942309047,114.51882871736017,108.37059749756281,False,max_epochs,1913.308109998703
rl4crn_rne_oscillator_trace_8rxn_stop_risksched085to09_lr1e4_entropy005_s4_c1_rnetol_d256_p20,seed010,10,401,40100,100,16,108.85375480216415,113.52447256374731,108.37059749756281,False,max_epochs,1918.2042498588562
rl4crn_rne_oscillator_trace_8rxn_stop_risksched085to09_lr1e4_entropy005_s4_c1_rnetol_d256_p20,seed010,10,402,40200,100,16,108.70293435427696,114.16836407390497,108.37059749756281,False,max_epochs,1920.5660886764526
rl4crn_rne_oscillator_trace_8rxn_stop_risksched085to09_lr1e4_entropy005_s4_c1_rnetol_d256_p20,seed010,10,403,40300,100,16,109.17553201770686,113.45670460997039,108.37059749756281,False,max_epochs,1924.9096102714539
rl4crn_rne_oscillator_trace_8rxn_stop_risksched085to09_lr1e4_entropy005_s4_c1_rnetol_d256_p20,seed010,10,404,40400,100,16,109.27096866538218,113.39235723666769,108.37059749756281,False,max_epochs,1929.973870754242
rl4crn_rne_oscillator_trace_8rxn_stop_risksched085to09_lr1e4_entropy005_s4_c1_rnetol_d256_p20,seed010,10,405,40500,100,16,108.88065244207345,115.3655087634102,108.37059749756281,False,max_epochs,1935.113269329071
rl4crn_rne_oscillator_trace_8rxn_stop_risksched085to09_lr1e4_entropy005_s4_c1_rnetol_d256_p20,seed010,10,406,40600,100,16,108.7496484640089,114.17345637423637,108.37059749756281,False,max_epochs,1940.9789280891418
rl4crn_rne_oscillator_trace_8rxn_stop_risksched085to09_lr1e4_entropy005_s4_c1_rnetol_d256_p20,seed010,10,407,40700,100,16,109.0026179073196,114.59580363374045,108.37059749756281,False,max_epochs,1946.1675419807434
rl4crn_rne_oscillator_trace_8rxn_stop_risksched085to09_lr1e4_entropy005_s4_c1_rnetol_d256_p20,seed010,10,408,40800,100,16,108.87853830445329,115.76824648477,108.37059749756281,False,max_epochs,1950.8521943092346
rl4crn_rne_oscillator_trace_8rxn_stop_risksched085to09_lr1e4_entropy005_s4_c1_rnetol_d256_p20,seed010,10,409,40900,100,16,109.00389098322529,115.04291512991665,108.37059749756281,False,max_epochs,1955.6676104068756
rl4crn_rne_oscillator_trace_8rxn_stop_risksched085to09_lr1e4_entropy005_s4_c1_rnetol_d256_p20,seed010,10,410,41000,100,16,109.13985326940512,114.07678014525898,108.37059749756281,False,max_epochs,1960.3122057914734
rl4crn_rne_oscillator_trace_8rxn_stop_risksched085to09_lr1e4_entropy005_s4_c1_rnetol_d256_p20,seed010,10,411,41100,100,16,108.88987024385189,115.49368362391438,108.37059749756281,False,max_epochs,1962.5833928585052
rl4crn_rne_oscillator_trace_8rxn_stop_risksched085to09_lr1e4_entropy005_s4_c1_rnetol_d256_p20,seed010,10,412,41200,100,16,108.66236757926816,116.61059560266176,108.37059749756281,False,max_epochs,1967.5776317119598
rl4crn_rne_oscillator_trace_8rxn_stop_risksched085to09_lr1e4_entropy005_s4_c1_rnetol_d256_p20,seed010,10,413,41300,100,16,108.67405927881029,114.48211024801456,108.37059749756281,False,max_epochs,1972.6758527755737
rl4crn_rne_oscillator_trace_8rxn_stop_risksched085to09_lr1e4_entropy005_s4_c1_rnetol_d256_p20,seed010,10,414,41400,100,16,109.15242254826508,116.2199430329941,108.37059749756281,False,max_epochs,1977.5851786136627
rl4crn_rne_oscillator_trace_8rxn_stop_risksched085to09_lr1e4_entropy005_s4_c1_rnetol_d256_p20,seed010,10,415,41500,100,16,108.94190507980797,114.32512038175096,108.37059749756281,False,max_epochs,1982.8733022212982
rl4crn_rne_oscillator_trace_8rxn_stop_risksched085to09_lr1e4_entropy005_s4_c1_rnetol_d256_p20,seed010,10,416,41600,100,16,108.7883924567779,114.89278648176926,108.37059749756281,False,max_epochs,1988.3724234104156
rl4crn_rne_oscillator_trace_8rxn_stop_risksched085to09_lr1e4_entropy005_s4_c1_rnetol_d256_p20,seed010,10,417,41700,100,16,108.89286962100674,115.62878233934526,108.37059749756281,False,max_epochs,1993.1851375102997
rl4crn_rne_oscillator_trace_8rxn_stop_risksched085to09_lr1e4_entropy005_s4_c1_rnetol_d256_p20,seed010,10,418,41800,100,16,108.6550876167055,114.21271325278764,108.37059749756281,False,max_epochs,1997.9653706550598
rl4crn_rne_oscillator_trace_8rxn_stop_risksched085to09_lr1e4_entropy005_s4_c1_rnetol_d256_p20,seed010,10,419,41900,100,16,108.98835168690978,113.46486650548135,108.37059749756281,False,max_epochs,2002.541475057602
rl4crn_rne_oscillator_trace_8rxn_stop_risksched085to09_lr1e4_entropy005_s4_c1_rnetol_d256_p20,seed010,10,420,42000,100,16,108.62894717167596,115.06995169403899,108.37059749756281,False,max_epochs,2004.927874803543
rl4crn_rne_oscillator_trace_8rxn_stop_risksched085to09_lr1e4_entropy005_s4_c1_rnetol_d256_p20,seed010,10,421,42100,100,16,109.24836916499682,113.50884627292469,108.37059749756281,False,max_epochs,2009.3806400299072
rl4crn_rne_oscillator_trace_8rxn_stop_risksched085to09_lr1e4_entropy005_s4_c1_rnetol_d256_p20,seed010,10,422,42200,100,16,108.69856103516685,113.44882858588306,108.37059749756281,False,max_epochs,2014.440224647522
rl4crn_rne_oscillator_trace_8rxn_stop_risksched085to09_lr1e4_entropy005_s4_c1_rnetol_d256_p20,seed010,10,423,42300,100,16,108.47794027281141,113.57264516113861,108.37059749756281,False,max_epochs,2019.3993833065033
rl4crn_rne_oscillator_trace_8rxn_stop_risksched085to09_lr1e4_entropy005_s4_c1_rnetol_d256_p20,seed010,10,424,42400,100,16,108.95614335406387,115.13078975285603,108.37059749756281,False,max_epochs,2024.9608397483826
rl4crn_rne_oscillator_trace_8rxn_stop_risksched085to09_lr1e4_entropy005_s4_c1_rnetol_d256_p20,seed010,10,425,42500,100,16,109.49432250624763,115.66745636563104,108.37059749756281,False,max_epochs,2030.203651189804
rl4crn_rne_oscillator_trace_8rxn_stop_risksched085to09_lr1e4_entropy005_s4_c1_rnetol_d256_p20,seed010,10,426,42600,100,16,108.42921902936108,115.02188411788359,108.37059749756281,False,max_epochs,2035.8478951454163
rl4crn_rne_oscillator_trace_8rxn_stop_risksched085to09_lr1e4_entropy005_s4_c1_rnetol_d256_p20,seed010,10,427,42700,100,16,109.0504849057982,113.65472516394054,108.37059749756281,False,max_epochs,2040.783190727234
rl4crn_rne_oscillator_trace_8rxn_stop_risksched085to09_lr1e4_entropy005_s4_c1_rnetol_d256_p20,seed010,10,428,42800,100,16,109.17270074090086,113.53445691406283,108.37059749756281,False,max_epochs,2046.0202317237854
rl4crn_rne_oscillator_trace_8rxn_stop_risksched085to09_lr1e4_entropy005_s4_c1_rnetol_d256_p20,seed010,10,429,42900,100,16,108.40069627169785,114.20984797762324,108.37059749756281,False,max_epochs,2050.988442182541
rl4crn_rne_oscillator_trace_8rxn_stop_risksched085to09_lr1e4_entropy005_s4_c1_rnetol_d256_p20,seed010,10,430,43000,100,16,108.81152824186447,114.23285331029456,108.37059749756281,False,max_epochs,2056.300684452057
rl4crn_rne_oscillator_trace_8rxn_stop_risksched085to09_lr1e4_entropy005_s4_c1_rnetol_d256_p20,seed010,10,431,43100,100,16,108.26867501669356,114.66162056332203,108.26867501669356,False,max_epochs,2061.12735581398
rl4crn_rne_oscillator_trace_8rxn_stop_risksched085to09_lr1e4_entropy005_s4_c1_rnetol_d256_p20,seed010,10,432,43200,100,16,108.11575051974626,115.86072932197942,108.11575051974626,False,max_epochs,2066.283399105072
rl4crn_rne_oscillator_trace_8rxn_stop_risksched085to09_lr1e4_entropy005_s4_c1_rnetol_d256_p20,seed010,10,433,43300,100,16,108.89380042429539,119.35938550749421,108.11575051974626,False,max_epochs,2071.0311114788055
rl4crn_rne_oscillator_trace_8rxn_stop_risksched085to09_lr1e4_entropy005_s4_c1_rnetol_d256_p20,seed010,10,434,43400,100,16,109.58173348144851,119.77826688731716,108.11575051974626,False,max_epochs,2075.600198507309
rl4crn_rne_oscillator_trace_8rxn_stop_risksched085to09_lr1e4_entropy005_s4_c1_rnetol_d256_p20,seed010,10,435,43500,100,16,110.88881493010169,120.51655767477922,108.11575051974626,False,max_epochs,2078.1137766838074
rl4crn_rne_oscillator_trace_8rxn_stop_risksched085to09_lr1e4_entropy005_s4_c1_rnetol_d256_p20,seed010,10,436,43600,100,16,108.15069447338244,118.49493599613734,108.11575051974626,False,max_epochs,2082.7732932567596
rl4crn_rne_oscillator_trace_8rxn_stop_risksched085to09_lr1e4_entropy005_s4_c1_rnetol_d256_p20,seed010,10,437,43700,100,16,109.90489417341888,117.53882690247156,108.11575051974626,False,max_epochs,2087.7051498889923
rl4crn_rne_oscillator_trace_8rxn_stop_risksched085to09_lr1e4_entropy005_s4_c1_rnetol_d256_p20,seed010,10,438,43800,100,16,108.79516577878823,115.85142638011098,108.11575051974626,False,max_epochs,2093.1949586868286
rl4crn_rne_oscillator_trace_8rxn_stop_risksched085to09_lr1e4_entropy005_s4_c1_rnetol_d256_p20,seed010,10,439,43900,100,16,109.10302724238312,116.182019719512,108.11575051974626,False,max_epochs,2098.3476259708405
rl4crn_rne_oscillator_trace_8rxn_stop_risksched085to09_lr1e4_entropy005_s4_c1_rnetol_d256_p20,seed010,10,440,44000,100,16,109.16025197574288,116.1323761469807,108.11575051974626,False,max_epochs,2103.03173995018
rl4crn_rne_oscillator_trace_8rxn_stop_risksched085to09_lr1e4_entropy005_s4_c1_rnetol_d256_p20,seed010,10,441,44100,100,16,109.4337297477067,116.5742500610393,108.11575051974626,False,max_epochs,2107.9197165966034
rl4crn_rne_oscillator_trace_8rxn_stop_risksched085to09_lr1e4_entropy005_s4_c1_rnetol_d256_p20,seed010,10,442,44200,100,16,109.54812467727525,117.68193294934008,108.11575051974626,False,max_epochs,2111.2295718193054
rl4crn_rne_oscillator_trace_8rxn_stop_risksched085to09_lr1e4_entropy005_s4_c1_rnetol_d256_p20,seed010,10,443,44300,100,16,107.96772181996569,117.83722241748525,107.96772181996569,False,max_epochs,2114.706837415695
rl4crn_rne_oscillator_trace_8rxn_stop_risksched085to09_lr1e4_entropy005_s4_c1_rnetol_d256_p20,seed010,10,444,44400,100,16,109.00566731232252,118.17588855464908,107.96772181996569,False,max_epochs,2120.2177364826202
rl4crn_rne_oscillator_trace_8rxn_stop_risksched085to09_lr1e4_entropy005_s4_c1_rnetol_d256_p20,seed010,10,445,44500,100,16,108.20126556441076,118.01522472788594,107.96772181996569,False,max_epochs,2125.340181350708
rl4crn_rne_oscillator_trace_8rxn_stop_risksched085to09_lr1e4_entropy005_s4_c1_rnetol_d256_p20,seed010,10,446,44600,100,16,108.7306026584866,117.89562737195956,107.96772181996569,False,max_epochs,2130.289535045624
rl4crn_rne_oscillator_trace_8rxn_stop_risksched085to09_lr1e4_entropy005_s4_c1_rnetol_d256_p20,seed010,10,447,44700,100,16,109.08925626443876,117.30661052423491,107.96772181996569,False,max_epochs,2135.525476694107
rl4crn_rne_oscillator_trace_8rxn_stop_risksched085to09_lr1e4_entropy005_s4_c1_rnetol_d256_p20,seed010,10,448,44800,100,16,108.69448377055312,116.16222121263313,107.96772181996569,False,max_epochs,2140.6613965034485
rl4crn_rne_oscillator_trace_8rxn_stop_risksched085to09_lr1e4_entropy005_s4_c1_rnetol_d256_p20,seed010,10,449,44900,100,16,109.36089842149126,116.96904085114555,107.96772181996569,False,max_epochs,2145.3329689502716
rl4crn_rne_oscillator_trace_8rxn_stop_risksched085to09_lr1e4_entropy005_s4_c1_rnetol_d256_p20,seed010,10,450,45000,100,16,109.92164509799636,118.77386380236271,107.96772181996569,False,max_epochs,2149.930237054825
rl4crn_rne_oscillator_trace_8rxn_stop_risksched085to09_lr1e4_entropy005_s4_c1_rnetol_d256_p20,seed010,10,451,45100,100,16,108.91094437407679,117.18825703829808,107.96772181996569,False,max_epochs,2152.3604831695557
rl4crn_rne_oscillator_trace_8rxn_stop_risksched085to09_lr1e4_entropy005_s4_c1_rnetol_d256_p20,seed010,10,452,45200,100,16,108.5513337924702,118.17761425323317,107.96772181996569,False,max_epochs,2157.302750349045
rl4crn_rne_oscillator_trace_8rxn_stop_risksched085to09_lr1e4_entropy005_s4_c1_rnetol_d256_p20,seed010,10,453,45300,100,16,108.96966498922316,117.85168277680647,107.96772181996569,False,max_epochs,2162.4104447364807
rl4crn_rne_oscillator_trace_8rxn_stop_risksched085to09_lr1e4_entropy005_s4_c1_rnetol_d256_p20,seed010,10,454,45400,100,16,108.32297525703078,116.6041903251599,107.96772181996569,False,max_epochs,2167.745273590088
rl4crn_rne_oscillator_trace_8rxn_stop_risksched085to09_lr1e4_entropy005_s4_c1_rnetol_d256_p20,seed010,10,455,45500,100,16,108.48289545032617,115.75687513310598,107.96772181996569,False,max_epochs,2172.222136735916
rl4crn_rne_oscillator_trace_8rxn_stop_risksched085to09_lr1e4_entropy005_s4_c1_rnetol_d256_p20,seed010,10,456,45600,100,16,108.46993759475093,116.13573902929022,107.96772181996569,False,max_epochs,2177.21923327446
rl4crn_rne_oscillator_trace_8rxn_stop_risksched085to09_lr1e4_entropy005_s4_c1_rnetol_d256_p20,seed010,10,457,45700,100,16,108.7359756753724,116.52867688219197,107.96772181996569,False,max_epochs,2181.683387517929
rl4crn_rne_oscillator_trace_8rxn_stop_risksched085to09_lr1e4_entropy005_s4_c1_rnetol_d256_p20,seed010,10,458,45800,100,16,108.34686142746557,114.78527653588121,107.96772181996569,False,max_epochs,2184.3137459754944
rl4crn_rne_oscillator_trace_8rxn_stop_risksched085to09_lr1e4_entropy005_s4_c1_rnetol_d256_p20,seed010,10,459,45900,100,16,108.41880070568419,113.51997301490127,107.96772181996569,False,max_epochs,2189.395090341568
rl4crn_rne_oscillator_trace_8rxn_stop_risksched085to09_lr1e4_entropy005_s4_c1_rnetol_d256_p20,seed010,10,460,46000,100,16,109.30081765116087,114.51741996746082,107.96772181996569,False,max_epochs,2194.809068918228
rl4crn_rne_oscillator_trace_8rxn_stop_risksched085to09_lr1e4_entropy005_s4_c1_rnetol_d256_p20,seed010,10,461,46100,100,16,108.39089860541621,115.33088666555685,107.96772181996569,False,max_epochs,2200.016326189041
rl4crn_rne_oscillator_trace_8rxn_stop_risksched085to09_lr1e4_entropy005_s4_c1_rnetol_d256_p20,seed010,10,462,46200,100,16,108.60018905438902,115.21891780415578,107.96772181996569,False,max_epochs,2205.489149570465
rl4crn_rne_oscillator_trace_8rxn_stop_risksched085to09_lr1e4_entropy005_s4_c1_rnetol_d256_p20,seed010,10,463,46300,100,16,108.5611946623034,115.28308896545282,107.96772181996569,False,max_epochs,2210.60289645195
rl4crn_rne_oscillator_trace_8rxn_stop_risksched085to09_lr1e4_entropy005_s4_c1_rnetol_d256_p20,seed010,10,464,46400,100,16,108.50665670475723,117.12619179540164,107.96772181996569,False,max_epochs,2215.529242038727
rl4crn_rne_oscillator_trace_8rxn_stop_risksched085to09_lr1e4_entropy005_s4_c1_rnetol_d256_p20,seed010,10,465,46500,100,16,108.468649110711,113.45075884456556,107.96772181996569,False,max_epochs,2220.5613605976105
rl4crn_rne_oscillator_trace_8rxn_stop_risksched085to09_lr1e4_entropy005_s4_c1_rnetol_d256_p20,seed010,10,466,46600,100,16,108.3484723796285,115.11150214083058,107.96772181996569,False,max_epochs,2225.3146965503693
rl4crn_rne_oscillator_trace_8rxn_stop_risksched085to09_lr1e4_entropy005_s4_c1_rnetol_d256_p20,seed010,10,467,46700,100,16,109.41915631756554,115.6309610938535,107.96772181996569,False,max_epochs,2230.351971387863
rl4crn_rne_oscillator_trace_8rxn_stop_risksched085to09_lr1e4_entropy005_s4_c1_rnetol_d256_p20,seed010,10,468,46800,100,16,108.20146768625611,114.11185080089709,107.96772181996569,False,max_epochs,2234.8028802871704
rl4crn_rne_oscillator_trace_8rxn_stop_risksched085to09_lr1e4_entropy005_s4_c1_rnetol_d256_p20,seed010,10,469,46900,100,16,108.48868261198608,114.5823609118815,107.96772181996569,False,max_epochs,2237.261761903763
rl4crn_rne_oscillator_trace_8rxn_stop_risksched085to09_lr1e4_entropy005_s4_c1_rnetol_d256_p20,seed010,10,470,47000,100,16,109.056558067452,115.19225799501552,107.96772181996569,False,max_epochs,2242.0221993923187
rl4crn_rne_oscillator_trace_8rxn_stop_risksched085to09_lr1e4_entropy005_s4_c1_rnetol_d256_p20,seed010,10,471,47100,100,16,108.63408001407561,114.03905378217151,107.96772181996569,False,max_epochs,2247.1800577640533
rl4crn_rne_oscillator_trace_8rxn_stop_risksched085to09_lr1e4_entropy005_s4_c1_rnetol_d256_p20,seed010,10,472,47200,100,16,108.1803916680667,115.7000377231152,107.96772181996569,False,max_epochs,2252.5396773815155
rl4crn_rne_oscillator_trace_8rxn_stop_risksched085to09_lr1e4_entropy005_s4_c1_rnetol_d256_p20,seed010,10,473,47300,100,16,108.28463706877466,115.37816049272853,107.96772181996569,False,max_epochs,2257.116495370865
rl4crn_rne_oscillator_trace_8rxn_stop_risksched085to09_lr1e4_entropy005_s4_c1_rnetol_d256_p20,seed010,10,474,47400,100,16,108.83823650628784,116.28991780262896,107.96772181996569,False,max_epochs,2262.0090942382812
rl4crn_rne_oscillator_trace_8rxn_stop_risksched085to09_lr1e4_entropy005_s4_c1_rnetol_d256_p20,seed010,10,475,47500,100,16,108.68740297434029,116.34339435006501,107.96772181996569,False,max_epochs,2265.929206132889
rl4crn_rne_oscillator_trace_8rxn_stop_risksched085to09_lr1e4_entropy005_s4_c1_rnetol_d256_p20,seed010,10,476,47600,100,16,108.95126896308551,118.81452239302219,107.96772181996569,False,max_epochs,2269.019219636917
rl4crn_rne_oscillator_trace_8rxn_stop_risksched085to09_lr1e4_entropy005_s4_c1_rnetol_d256_p20,seed010,10,477,47700,100,16,109.08208776118859,119.18565274070517,107.96772181996569,False,max_epochs,2274.122634410858
rl4crn_rne_oscillator_trace_8rxn_stop_risksched085to09_lr1e4_entropy005_s4_c1_rnetol_d256_p20,seed010,10,478,47800,100,16,108.72333880087426,119.49732577033465,107.96772181996569,False,max_epochs,2279.535542011261
rl4crn_rne_oscillator_trace_8rxn_stop_risksched085to09_lr1e4_entropy005_s4_c1_rnetol_d256_p20,seed010,10,479,47900,100,16,108.60666198787942,115.2616860449165,107.96772181996569,False,max_epochs,2284.6853778362274
rl4crn_rne_oscillator_trace_8rxn_stop_risksched085to09_lr1e4_entropy005_s4_c1_rnetol_d256_p20,seed010,10,480,48000,100,16,108.13732138674389,115.88744050447889,107.96772181996569,False,max_epochs,2289.988387107849
rl4crn_rne_oscillator_trace_8rxn_stop_risksched085to09_lr1e4_entropy005_s4_c1_rnetol_d256_p20,seed010,10,481,48100,100,16,108.69090493806577,116.58475973518858,107.96772181996569,False,max_epochs,2295.397362947464
rl4crn_rne_oscillator_trace_8rxn_stop_risksched085to09_lr1e4_entropy005_s4_c1_rnetol_d256_p20,seed010,10,482,48200,100,16,108.82219534510858,117.435112768887,107.96772181996569,False,max_epochs,2300.8798542022705
rl4crn_rne_oscillator_trace_8rxn_stop_risksched085to09_lr1e4_entropy005_s4_c1_rnetol_d256_p20,seed010,10,483,48300,100,16,108.495728777457,118.4258935623318,107.96772181996569,False,max_epochs,2306.181426525116
rl4crn_rne_oscillator_trace_8rxn_stop_risksched085to09_lr1e4_entropy005_s4_c1_rnetol_d256_p20,seed010,10,484,48400,100,16,109.07678489243055,117.88102348789903,107.96772181996569,False,max_epochs,2311.4533693790436
rl4crn_rne_oscillator_trace_8rxn_stop_risksched085to09_lr1e4_entropy005_s4_c1_rnetol_d256_p20,seed010,10,485,48500,100,16,108.69587087841603,117.33849961580636,107.96772181996569,False,max_epochs,2316.5750670433044
rl4crn_rne_oscillator_trace_8rxn_stop_risksched085to09_lr1e4_entropy005_s4_c1_rnetol_d256_p20,seed010,10,486,48600,100,16,108.57025948829367,114.16531258930073,107.96772181996569,False,max_epochs,2321.9834582805634
rl4crn_rne_oscillator_trace_8rxn_stop_risksched085to09_lr1e4_entropy005_s4_c1_rnetol_d256_p20,seed010,10,487,48700,100,16,108.21543964219607,117.2204464943822,107.96772181996569,False,max_epochs,2326.6278326511383
rl4crn_rne_oscillator_trace_8rxn_stop_risksched085to09_lr1e4_entropy005_s4_c1_rnetol_d256_p20,seed010,10,488,48800,100,16,108.48377045884018,115.82741122864708,107.96772181996569,False,max_epochs,2332.0877969264984
rl4crn_rne_oscillator_trace_8rxn_stop_risksched085to09_lr1e4_entropy005_s4_c1_rnetol_d256_p20,seed010,10,489,48900,100,16,108.79229896589659,114.4816041898893,107.96772181996569,False,max_epochs,2336.658349275589
rl4crn_rne_oscillator_trace_8rxn_stop_risksched085to09_lr1e4_entropy005_s4_c1_rnetol_d256_p20,seed010,10,490,49000,100,16,109.03328662912467,116.29028758092188,107.96772181996569,False,max_epochs,2341.3073620796204
rl4crn_rne_oscillator_trace_8rxn_stop_risksched085to09_lr1e4_entropy005_s4_c1_rnetol_d256_p20,seed010,10,491,49100,100,16,108.65597090583142,116.66317577385138,107.96772181996569,False,max_epochs,2346.056408405304
rl4crn_rne_oscillator_trace_8rxn_stop_risksched085to09_lr1e4_entropy005_s4_c1_rnetol_d256_p20,seed010,10,492,49200,100,16,108.82299313326979,118.60481042329423,107.96772181996569,False,max_epochs,2348.4288008213043
rl4crn_rne_oscillator_trace_8rxn_stop_risksched085to09_lr1e4_entropy005_s4_c1_rnetol_d256_p20,seed010,10,493,49300,100,16,108.17685196226907,117.6442738906652,107.96772181996569,False,max_epochs,2353.4388382434845
rl4crn_rne_oscillator_trace_8rxn_stop_risksched085to09_lr1e4_entropy005_s4_c1_rnetol_d256_p20,seed010,10,494,49400,100,16,108.63405377588562,118.51712336115706,107.96772181996569,False,max_epochs,2358.610498189926
rl4crn_rne_oscillator_trace_8rxn_stop_risksched085to09_lr1e4_entropy005_s4_c1_rnetol_d256_p20,seed010,10,495,49500,100,16,109.68692360889067,116.07155319121166,107.96772181996569,False,max_epochs,2363.787437915802
rl4crn_rne_oscillator_trace_8rxn_stop_risksched085to09_lr1e4_entropy005_s4_c1_rnetol_d256_p20,seed010,10,496,49600,100,16,108.0745120839729,116.55886676435429,107.96772181996569,False,max_epochs,2368.8797583580017
rl4crn_rne_oscillator_trace_8rxn_stop_risksched085to09_lr1e4_entropy005_s4_c1_rnetol_d256_p20,seed010,10,497,49700,100,16,108.56364767380131,116.1558225612934,107.96772181996569,False,max_epochs,2373.9724214076996
rl4crn_rne_oscillator_trace_8rxn_stop_risksched085to09_lr1e4_entropy005_s4_c1_rnetol_d256_p20,seed010,10,498,49800,100,16,108.36982200678119,117.99447969327176,107.96772181996569,False,max_epochs,2378.885197877884
rl4crn_rne_oscillator_trace_8rxn_stop_risksched085to09_lr1e4_entropy005_s4_c1_rnetol_d256_p20,seed010,10,499,49900,100,16,109.69114490268649,116.80744497066439,107.96772181996569,False,max_epochs,2383.481196165085
rl4crn_rne_oscillator_trace_8rxn_stop_risksched085to09_lr1e4_entropy005_s4_c1_rnetol_d256_p20,seed010,10,500,50000,100,16,108.23601077046732,119.87213696586151,107.96772181996569,False,max_epochs,2385.678824186325
rl4crn_rne_oscillator_trace_8rxn_stop_risksched085to09_lr1e4_entropy005_s4_c1_rnetol_d256_p20,seed010,10,501,50100,100,16,108.76381797549303,120.02759089822234,107.96772181996569,False,max_epochs,2390.61763381958
rl4crn_rne_oscillator_trace_8rxn_stop_risksched085to09_lr1e4_entropy005_s4_c1_rnetol_d256_p20,seed010,10,502,50200,100,16,108.22632742912862,116.96218279394812,107.96772181996569,False,max_epochs,2395.6105720996857
rl4crn_rne_oscillator_trace_8rxn_stop_risksched085to09_lr1e4_entropy005_s4_c1_rnetol_d256_p20,seed010,10,503,50300,100,16,108.19784777344508,117.74804557856903,107.96772181996569,False,max_epochs,2400.9398036003113
rl4crn_rne_oscillator_trace_8rxn_stop_risksched085to09_lr1e4_entropy005_s4_c1_rnetol_d256_p20,seed010,10,504,50400,100,16,108.47355761951444,115.13621400508076,107.96772181996569,False,max_epochs,2406.146290540695
rl4crn_rne_oscillator_trace_8rxn_stop_risksched085to09_lr1e4_entropy005_s4_c1_rnetol_d256_p20,seed010,10,505,50500,100,16,108.63391631420284,115.75333738983039,107.96772181996569,False,max_epochs,2411.2993907928467
rl4crn_rne_oscillator_trace_8rxn_stop_risksched085to09_lr1e4_entropy005_s4_c1_rnetol_d256_p20,seed010,10,506,50600,100,16,108.84658737293971,115.75026938015195,107.96772181996569,False,max_epochs,2416.0819611549377
rl4crn_rne_oscillator_trace_8rxn_stop_risksched085to09_lr1e4_entropy005_s4_c1_rnetol_d256_p20,seed010,10,507,50700,100,16,108.19457814861838,116.74678451734002,107.96772181996569,False,max_epochs,2421.0096275806427
rl4crn_rne_oscillator_trace_8rxn_stop_risksched085to09_lr1e4_entropy005_s4_c1_rnetol_d256_p20,seed010,10,508,50800,100,16,108.31645453802648,116.57516690199157,107.96772181996569,False,max_epochs,2423.7179181575775
rl4crn_rne_oscillator_trace_8rxn_stop_risksched085to09_lr1e4_entropy005_s4_c1_rnetol_d256_p20,seed010,10,509,50900,100,16,108.63859032671195,117.37432349712475,107.96772181996569,False,max_epochs,2427.922878742218
rl4crn_rne_oscillator_trace_8rxn_stop_risksched085to09_lr1e4_entropy005_s4_c1_rnetol_d256_p20,seed010,10,510,51000,100,16,109.25403597425674,116.30848865671112,107.96772181996569,False,max_epochs,2433.1757476329803
rl4crn_rne_oscillator_trace_8rxn_stop_risksched085to09_lr1e4_entropy005_s4_c1_rnetol_d256_p20,seed010,10,511,51100,100,16,107.44964635504466,115.80915315706665,107.44964635504466,False,max_epochs,2438.4718952178955
rl4crn_rne_oscillator_trace_8rxn_stop_risksched085to09_lr1e4_entropy005_s4_c1_rnetol_d256_p20,seed010,10,512,51200,100,16,108.11074404314498,114.72722709331714,107.44964635504466,False,max_epochs,2443.835492372513
rl4crn_rne_oscillator_trace_8rxn_stop_risksched085to09_lr1e4_entropy005_s4_c1_rnetol_d256_p20,seed010,10,513,51300,100,16,108.05110339244844,116.0955846377895,107.44964635504466,False,max_epochs,2448.9051280021667
rl4crn_rne_oscillator_trace_8rxn_stop_risksched085to09_lr1e4_entropy005_s4_c1_rnetol_d256_p20,seed010,10,514,51400,100,16,108.46222503953561,117.10699428090491,107.44964635504466,False,max_epochs,2453.9414105415344
rl4crn_rne_oscillator_trace_8rxn_stop_risksched085to09_lr1e4_entropy005_s4_c1_rnetol_d256_p20,seed010,10,515,51500,100,16,108.50780410458144,116.62714587729602,107.44964635504466,False,max_epochs,2458.853617668152
rl4crn_rne_oscillator_trace_8rxn_stop_risksched085to09_lr1e4_entropy005_s4_c1_rnetol_d256_p20,seed010,10,516,51600,100,16,107.65788693162838,116.6877875296532,107.44964635504466,False,max_epochs,2463.6699199676514
rl4crn_rne_oscillator_trace_8rxn_stop_risksched085to09_lr1e4_entropy005_s4_c1_rnetol_d256_p20,seed010,10,517,51700,100,16,108.20924373682823,117.49123149819049,107.44964635504466,False,max_epochs,2468.71196269989
rl4crn_rne_oscillator_trace_8rxn_stop_risksched085to09_lr1e4_entropy005_s4_c1_rnetol_d256_p20,seed010,10,518,51800,100,16,108.10636065160249,115.9543321478738,107.44964635504466,False,max_epochs,2473.2059206962585
rl4crn_rne_oscillator_trace_8rxn_stop_risksched085to09_lr1e4_entropy005_s4_c1_rnetol_d256_p20,seed010,10,519,51900,100,16,107.94889988084847,116.38259409927088,107.44964635504466,False,max_epochs,2476.016303062439
rl4crn_rne_oscillator_trace_8rxn_stop_risksched085to09_lr1e4_entropy005_s4_c1_rnetol_d256_p20,seed010,10,520,52000,100,16,108.42353878285692,114.24538153856153,107.44964635504466,False,max_epochs,2480.8620026111603
rl4crn_rne_oscillator_trace_8rxn_stop_risksched085to09_lr1e4_entropy005_s4_c1_rnetol_d256_p20,seed010,10,521,52100,100,16,108.53070227012438,116.38544902016669,107.44964635504466,False,max_epochs,2485.826542854309
rl4crn_rne_oscillator_trace_8rxn_stop_risksched085to09_lr1e4_entropy005_s4_c1_rnetol_d256_p20,seed010,10,522,52200,100,16,108.54085591119525,115.84472495527035,107.44964635504466,False,max_epochs,2491.386812210083
rl4crn_rne_oscillator_trace_8rxn_stop_risksched085to09_lr1e4_entropy005_s4_c1_rnetol_d256_p20,seed010,10,523,52300,100,16,108.50206790080777,114.9839113160923,107.44964635504466,False,max_epochs,2496.2147443294525
rl4crn_rne_oscillator_trace_8rxn_stop_risksched085to09_lr1e4_entropy005_s4_c1_rnetol_d256_p20,seed010,10,524,52400,100,16,108.13261806032145,114.25389424497035,107.44964635504466,False,max_epochs,2500.90260887146
rl4crn_rne_oscillator_trace_8rxn_stop_risksched085to09_lr1e4_entropy005_s4_c1_rnetol_d256_p20,seed010,10,525,52500,100,16,108.4430577432262,112.70381512857713,107.44964635504466,False,max_epochs,2505.7792208194733
rl4crn_rne_oscillator_trace_8rxn_stop_risksched085to09_lr1e4_entropy005_s4_c1_rnetol_d256_p20,seed010,10,526,52600,100,16,108.12051952318096,114.11146081840604,107.44964635504466,False,max_epochs,2508.1455709934235
rl4crn_rne_oscillator_trace_8rxn_stop_risksched085to09_lr1e4_entropy005_s4_c1_rnetol_d256_p20,seed010,10,527,52700,100,16,107.89480937788208,115.15803719810079,107.44964635504466,False,max_epochs,2512.5214824676514
rl4crn_rne_oscillator_trace_8rxn_stop_risksched085to09_lr1e4_entropy005_s4_c1_rnetol_d256_p20,seed010,10,528,52800,100,16,109.09763159431813,116.65299712030514,107.44964635504466,False,max_epochs,2517.5428187847137
rl4crn_rne_oscillator_trace_8rxn_stop_risksched085to09_lr1e4_entropy005_s4_c1_rnetol_d256_p20,seed010,10,529,52900,100,16,107.56660244345066,115.86499214534675,107.44964635504466,False,max_epochs,2522.6513316631317
rl4crn_rne_oscillator_trace_8rxn_stop_risksched085to09_lr1e4_entropy005_s4_c1_rnetol_d256_p20,seed010,10,530,53000,100,16,107.70995976755505,115.29117617519552,107.44964635504466,False,max_epochs,2527.6570920944214
rl4crn_rne_oscillator_trace_8rxn_stop_risksched085to09_lr1e4_entropy005_s4_c1_rnetol_d256_p20,seed010,10,531,53100,100,16,108.49766302317371,115.16839992245053,107.44964635504466,False,max_epochs,2532.5401027202606
rl4crn_rne_oscillator_trace_8rxn_stop_risksched085to09_lr1e4_entropy005_s4_c1_rnetol_d256_p20,seed010,10,532,53200,100,16,107.4471511805664,114.72940453072425,107.4471511805664,False,max_epochs,2537.256309747696
rl4crn_rne_oscillator_trace_8rxn_stop_risksched085to09_lr1e4_entropy005_s4_c1_rnetol_d256_p20,seed010,10,533,53300,100,16,108.01708706703124,116.06180323350748,107.4471511805664,False,max_epochs,2539.6698875427246
rl4crn_rne_oscillator_trace_8rxn_stop_risksched085to09_lr1e4_entropy005_s4_c1_rnetol_d256_p20,seed010,10,534,53400,100,16,108.6424786487891,115.86946776869193,107.4471511805664,False,max_epochs,2544.574277639389
rl4crn_rne_oscillator_trace_8rxn_stop_risksched085to09_lr1e4_entropy005_s4_c1_rnetol_d256_p20,seed010,10,535,53500,100,16,107.714626729341,114.95088629132422,107.4471511805664,False,max_epochs,2549.6276409626007
rl4crn_rne_oscillator_trace_8rxn_stop_risksched085to09_lr1e4_entropy005_s4_c1_rnetol_d256_p20,seed010,10,536,53600,100,16,108.1023634419503,114.52915490909848,107.4471511805664,False,max_epochs,2554.452746152878
rl4crn_rne_oscillator_trace_8rxn_stop_risksched085to09_lr1e4_entropy005_s4_c1_rnetol_d256_p20,seed010,10,537,53700,100,16,107.76759975129855,114.2907464762985,107.4471511805664,False,max_epochs,2559.434744119644
rl4crn_rne_oscillator_trace_8rxn_stop_risksched085to09_lr1e4_entropy005_s4_c1_rnetol_d256_p20,seed010,10,538,53800,100,16,107.38720085993407,114.36422130920359,107.38720085993407,False,max_epochs,2564.4252710342407
rl4crn_rne_oscillator_trace_8rxn_stop_risksched085to09_lr1e4_entropy005_s4_c1_rnetol_d256_p20,seed010,10,539,53900,100,16,107.75393132254446,114.18650092412962,107.38720085993407,False,max_epochs,2566.6067152023315
rl4crn_rne_oscillator_trace_8rxn_stop_risksched085to09_lr1e4_entropy005_s4_c1_rnetol_d256_p20,seed010,10,540,54000,100,16,107.47029598432408,114.93538480835807,107.38720085993407,False,max_epochs,2571.4622282981873
rl4crn_rne_oscillator_trace_8rxn_stop_risksched085to09_lr1e4_entropy005_s4_c1_rnetol_d256_p20,seed010,10,541,54100,100,16,107.95842199071785,113.4025025728366,107.38720085993407,False,max_epochs,2576.3440222740173
rl4crn_rne_oscillator_trace_8rxn_stop_risksched085to09_lr1e4_entropy005_s4_c1_rnetol_d256_p20,seed010,10,542,54200,100,16,107.72941858376687,114.48056827303046,107.38720085993407,False,max_epochs,2581.6202414035797
rl4crn_rne_oscillator_trace_8rxn_stop_risksched085to09_lr1e4_entropy005_s4_c1_rnetol_d256_p20,seed010,10,543,54300,100,16,107.99460691407529,116.03565001673495,107.38720085993407,False,max_epochs,2586.896866083145
rl4crn_rne_oscillator_trace_8rxn_stop_risksched085to09_lr1e4_entropy005_s4_c1_rnetol_d256_p20,seed010,10,544,54400,100,16,110.47474662244124,117.49465682363964,107.38720085993407,False,max_epochs,2592.5297911167145
rl4crn_rne_oscillator_trace_8rxn_stop_risksched085to09_lr1e4_entropy005_s4_c1_rnetol_d256_p20,seed010,10,545,54500,100,16,108.36078363154601,116.16176038118638,107.38720085993407,False,max_epochs,2597.6532502174377
rl4crn_rne_oscillator_trace_8rxn_stop_risksched085to09_lr1e4_entropy005_s4_c1_rnetol_d256_p20,seed010,10,546,54600,100,16,108.23754998003984,115.8895534310727,107.38720085993407,False,max_epochs,2603.0630304813385
rl4crn_rne_oscillator_trace_8rxn_stop_risksched085to09_lr1e4_entropy005_s4_c1_rnetol_d256_p20,seed010,10,547,54700,100,16,108.25352450841505,113.96202219547916,107.38720085993407,False,max_epochs,2608.143243074417
rl4crn_rne_oscillator_trace_8rxn_stop_risksched085to09_lr1e4_entropy005_s4_c1_rnetol_d256_p20,seed010,10,548,54800,100,16,108.43037350471528,112.44832203333604,107.38720085993407,False,max_epochs,2613.9047186374664
rl4crn_rne_oscillator_trace_8rxn_stop_risksched085to09_lr1e4_entropy005_s4_c1_rnetol_d256_p20,seed010,10,549,54900,100,16,107.92485562960442,112.50533540386171,107.38720085993407,False,max_epochs,2619.219127893448
rl4crn_rne_oscillator_trace_8rxn_stop_risksched085to09_lr1e4_entropy005_s4_c1_rnetol_d256_p20,seed010,10,550,55000,100,16,107.76169246371812,114.34215944107645,107.38720085993407,False,max_epochs,2624.028830766678
rl4crn_rne_oscillator_trace_8rxn_stop_risksched085to09_lr1e4_entropy005_s4_c1_rnetol_d256_p20,seed010,10,551,55100,100,16,108.37340136992034,115.87328407738855,107.38720085993407,False,max_epochs,2629.1599776744843
rl4crn_rne_oscillator_trace_8rxn_stop_risksched085to09_lr1e4_entropy005_s4_c1_rnetol_d256_p20,seed010,10,552,55200,100,16,108.15666646977051,116.57606611779673,107.38720085993407,False,max_epochs,2634.8015036582947
rl4crn_rne_oscillator_trace_8rxn_stop_risksched085to09_lr1e4_entropy005_s4_c1_rnetol_d256_p20,seed010,10,553,55300,100,16,108.29981842617877,117.1797312831738,107.38720085993407,False,max_epochs,2639.82133769989
rl4crn_rne_oscillator_trace_8rxn_stop_risksched085to09_lr1e4_entropy005_s4_c1_rnetol_d256_p20,seed010,10,554,55400,100,16,108.22749753559866,115.07343979802991,107.38720085993407,False,max_epochs,2644.539667367935
rl4crn_rne_oscillator_trace_8rxn_stop_risksched085to09_lr1e4_entropy005_s4_c1_rnetol_d256_p20,seed010,10,555,55500,100,16,108.04287999645423,114.43198914068566,107.38720085993407,False,max_epochs,2649.5525920391083
rl4crn_rne_oscillator_trace_8rxn_stop_risksched085to09_lr1e4_entropy005_s4_c1_rnetol_d256_p20,seed010,10,556,55600,100,16,107.64318392186742,114.42970002458537,107.38720085993407,False,max_epochs,2653.773604631424
rl4crn_rne_oscillator_trace_8rxn_stop_risksched085to09_lr1e4_entropy005_s4_c1_rnetol_d256_p20,seed010,10,557,55700,100,16,107.78602376747585,116.04457680585028,107.38720085993407,False,max_epochs,2656.510508775711
rl4crn_rne_oscillator_trace_8rxn_stop_risksched085to09_lr1e4_entropy005_s4_c1_rnetol_d256_p20,seed010,10,558,55800,100,16,107.84739720882803,115.9177252339608,107.38720085993407,False,max_epochs,2661.3508961200714
rl4crn_rne_oscillator_trace_8rxn_stop_risksched085to09_lr1e4_entropy005_s4_c1_rnetol_d256_p20,seed010,10,559,55900,100,16,107.78381926384975,114.13591402077093,107.38720085993407,False,max_epochs,2666.422413110733
rl4crn_rne_oscillator_trace_8rxn_stop_risksched085to09_lr1e4_entropy005_s4_c1_rnetol_d256_p20,seed010,10,560,56000,100,16,107.97042023136615,116.644821759432,107.38720085993407,False,max_epochs,2671.4722838401794
rl4crn_rne_oscillator_trace_8rxn_stop_risksched085to09_lr1e4_entropy005_s4_c1_rnetol_d256_p20,seed010,10,561,56100,100,16,108.37706659403909,115.69583072934435,107.38720085993407,False,max_epochs,2676.4211914539337
rl4crn_rne_oscillator_trace_8rxn_stop_risksched085to09_lr1e4_entropy005_s4_c1_rnetol_d256_p20,seed010,10,562,56200,100,16,107.70351975965428,116.90837503247808,107.38720085993407,False,max_epochs,2681.1290426254272
rl4crn_rne_oscillator_trace_8rxn_stop_risksched085to09_lr1e4_entropy005_s4_c1_rnetol_d256_p20,seed010,10,563,56300,100,16,107.70905912093711,116.32307654720935,107.38720085993407,False,max_epochs,2683.581743955612
rl4crn_rne_oscillator_trace_8rxn_stop_risksched085to09_lr1e4_entropy005_s4_c1_rnetol_d256_p20,seed010,10,564,56400,100,16,108.00831605816576,116.03008966869241,107.38720085993407,False,max_epochs,2688.12314248085
rl4crn_rne_oscillator_trace_8rxn_stop_risksched085to09_lr1e4_entropy005_s4_c1_rnetol_d256_p20,seed010,10,565,56500,100,16,108.16540025615105,116.48386354239105,107.38720085993407,False,max_epochs,2693.587244987488
rl4crn_rne_oscillator_trace_8rxn_stop_risksched085to09_lr1e4_entropy005_s4_c1_rnetol_d256_p20,seed010,10,566,56600,100,16,108.15845383555782,113.93504378148569,107.38720085993407,False,max_epochs,2698.7095336914062
rl4crn_rne_oscillator_trace_8rxn_stop_risksched085to09_lr1e4_entropy005_s4_c1_rnetol_d256_p20,seed010,10,567,56700,100,16,107.79727930061718,114.22193225344714,107.38720085993407,False,max_epochs,2704.3995275497437
rl4crn_rne_oscillator_trace_8rxn_stop_risksched085to09_lr1e4_entropy005_s4_c1_rnetol_d256_p20,seed010,10,568,56800,100,16,107.55182335873381,115.69625217526357,107.38720085993407,False,max_epochs,2709.314839363098
rl4crn_rne_oscillator_trace_8rxn_stop_risksched085to09_lr1e4_entropy005_s4_c1_rnetol_d256_p20,seed010,10,569,56900,100,16,108.1308924449952,115.2574170946888,107.38720085993407,False,max_epochs,2714.5701870918274
rl4crn_rne_oscillator_trace_8rxn_stop_risksched085to09_lr1e4_entropy005_s4_c1_rnetol_d256_p20,seed010,10,570,57000,100,16,107.87131173628386,116.25828442025225,107.38720085993407,False,max_epochs,2719.6375398635864
rl4crn_rne_oscillator_trace_8rxn_stop_risksched085to09_lr1e4_entropy005_s4_c1_rnetol_d256_p20,seed010,10,571,57100,100,16,108.87023152561102,116.23026590061946,107.38720085993407,False,max_epochs,2725.257260799408
rl4crn_rne_oscillator_trace_8rxn_stop_risksched085to09_lr1e4_entropy005_s4_c1_rnetol_d256_p20,seed010,10,572,57200,100,16,108.5966343675397,115.63761727615588,107.38720085993407,False,max_epochs,2730.380283355713
rl4crn_rne_oscillator_trace_8rxn_stop_risksched085to09_lr1e4_entropy005_s4_c1_rnetol_d256_p20,seed010,10,573,57300,100,16,107.9178749892953,113.84461046398394,107.38720085993407,False,max_epochs,2736.1144416332245
rl4crn_rne_oscillator_trace_8rxn_stop_risksched085to09_lr1e4_entropy005_s4_c1_rnetol_d256_p20,seed010,10,574,57400,100,16,108.11901781498142,113.43294539035942,107.38720085993407,False,max_epochs,2741.09925532341
rl4crn_rne_oscillator_trace_8rxn_stop_risksched085to09_lr1e4_entropy005_s4_c1_rnetol_d256_p20,seed010,10,575,57500,100,16,108.42051563681562,114.90074675222286,107.38720085993407,False,max_epochs,2745.488550424576
rl4crn_rne_oscillator_trace_8rxn_stop_risksched085to09_lr1e4_entropy005_s4_c1_rnetol_d256_p20,seed010,10,576,57600,100,16,108.21108558760702,114.3507377867216,107.38720085993407,False,max_epochs,2751.039746284485
rl4crn_rne_oscillator_trace_8rxn_stop_risksched085to09_lr1e4_entropy005_s4_c1_rnetol_d256_p20,seed010,10,577,57700,100,16,107.67749903992448,115.19432592633399,107.38720085993407,False,max_epochs,2755.938257455826
rl4crn_rne_oscillator_trace_8rxn_stop_risksched085to09_lr1e4_entropy005_s4_c1_rnetol_d256_p20,seed010,10,578,57800,100,16,107.82260899220482,114.3400213894375,107.38720085993407,False,max_epochs,2760.69163441658
rl4crn_rne_oscillator_trace_8rxn_stop_risksched085to09_lr1e4_entropy005_s4_c1_rnetol_d256_p20,seed010,10,579,57900,100,16,107.7604923550322,115.05091374871965,107.38720085993407,False,max_epochs,2762.9917402267456
rl4crn_rne_oscillator_trace_8rxn_stop_risksched085to09_lr1e4_entropy005_s4_c1_rnetol_d256_p20,seed010,10,580,58000,100,16,107.65621061882857,115.85295109980484,107.38720085993407,False,max_epochs,2767.5978631973267
rl4crn_rne_oscillator_trace_8rxn_stop_risksched085to09_lr1e4_entropy005_s4_c1_rnetol_d256_p20,seed010,10,581,58100,100,16,107.5993065404879,115.09154717603705,107.38720085993407,False,max_epochs,2772.888669729233
rl4crn_rne_oscillator_trace_8rxn_stop_risksched085to09_lr1e4_entropy005_s4_c1_rnetol_d256_p20,seed010,10,582,58200,100,16,108.06645539539277,115.1397114498917,107.38720085993407,False,max_epochs,2778.322816133499
rl4crn_rne_oscillator_trace_8rxn_stop_risksched085to09_lr1e4_entropy005_s4_c1_rnetol_d256_p20,seed010,10,583,58300,100,16,108.28219592671431,115.09192253812071,107.38720085993407,False,max_epochs,2783.347452878952
rl4crn_rne_oscillator_trace_8rxn_stop_risksched085to09_lr1e4_entropy005_s4_c1_rnetol_d256_p20,seed010,10,584,58400,100,16,108.14449613230762,115.17337221733953,107.38720085993407,False,max_epochs,2788.406908750534
rl4crn_rne_oscillator_trace_8rxn_stop_risksched085to09_lr1e4_entropy005_s4_c1_rnetol_d256_p20,seed010,10,585,58500,100,16,107.65939075665524,116.51166245465132,107.38720085993407,False,max_epochs,2794.1680822372437
rl4crn_rne_oscillator_trace_8rxn_stop_risksched085to09_lr1e4_entropy005_s4_c1_rnetol_d256_p20,seed010,10,586,58600,100,16,108.61988117921784,117.71365791856987,107.38720085993407,False,max_epochs,2799.5005617141724
rl4crn_rne_oscillator_trace_8rxn_stop_risksched085to09_lr1e4_entropy005_s4_c1_rnetol_d256_p20,seed010,10,587,58700,100,16,107.33972047769505,117.70535976993625,107.33972047769505,False,max_epochs,2805.0688779354095
rl4crn_rne_oscillator_trace_8rxn_stop_risksched085to09_lr1e4_entropy005_s4_c1_rnetol_d256_p20,seed010,10,588,58800,100,16,108.38048473168074,116.17711552139446,107.33972047769505,False,max_epochs,2810.1869394779205
rl4crn_rne_oscillator_trace_8rxn_stop_risksched085to09_lr1e4_entropy005_s4_c1_rnetol_d256_p20,seed010,10,589,58900,100,16,107.58361898447636,115.2603845270695,107.33972047769505,False,max_epochs,2815.251222848892
rl4crn_rne_oscillator_trace_8rxn_stop_risksched085to09_lr1e4_entropy005_s4_c1_rnetol_d256_p20,seed010,10,590,59000,100,16,107.75425816482831,113.29562521959619,107.33972047769505,False,max_epochs,2820.537575006485
rl4crn_rne_oscillator_trace_8rxn_stop_risksched085to09_lr1e4_entropy005_s4_c1_rnetol_d256_p20,seed010,10,591,59100,100,16,108.22291821093098,112.66310040122947,107.33972047769505,False,max_epochs,2826.1826844215393
rl4crn_rne_oscillator_trace_8rxn_stop_risksched085to09_lr1e4_entropy005_s4_c1_rnetol_d256_p20,seed010,10,592,59200,100,16,107.78671324639586,113.57588366099924,107.33972047769505,False,max_epochs,2831.157217502594
rl4crn_rne_oscillator_trace_8rxn_stop_risksched085to09_lr1e4_entropy005_s4_c1_rnetol_d256_p20,seed010,10,593,59300,100,16,108.21574840013619,114.77130426510708,107.33972047769505,False,max_epochs,2835.6733191013336
rl4crn_rne_oscillator_trace_8rxn_stop_risksched085to09_lr1e4_entropy005_s4_c1_rnetol_d256_p20,seed010,10,594,59400,100,16,108.49525897069064,116.72906981343496,107.33972047769505,False,max_epochs,2840.6211009025574
rl4crn_rne_oscillator_trace_8rxn_stop_risksched085to09_lr1e4_entropy005_s4_c1_rnetol_d256_p20,seed010,10,595,59500,100,16,107.61484771933334,117.47876257356381,107.33972047769505,False,max_epochs,2844.7748034000397
rl4crn_rne_oscillator_trace_8rxn_stop_risksched085to09_lr1e4_entropy005_s4_c1_rnetol_d256_p20,seed010,10,596,59600,100,16,107.57713090453817,115.78038276024,107.33972047769505,False,max_epochs,2847.553894519806
rl4crn_rne_oscillator_trace_8rxn_stop_risksched085to09_lr1e4_entropy005_s4_c1_rnetol_d256_p20,seed010,10,597,59700,100,16,107.74275125147948,114.81605085373627,107.33972047769505,False,max_epochs,2852.7285346984863
rl4crn_rne_oscillator_trace_8rxn_stop_risksched085to09_lr1e4_entropy005_s4_c1_rnetol_d256_p20,seed010,10,598,59800,100,16,107.69065436955832,114.89352804593659,107.33972047769505,False,max_epochs,2857.882568359375
rl4crn_rne_oscillator_trace_8rxn_stop_risksched085to09_lr1e4_entropy005_s4_c1_rnetol_d256_p20,seed010,10,599,59900,100,16,107.78307969452169,113.80265514632177,107.33972047769505,False,max_epochs,2863.5412118434906
rl4crn_rne_oscillator_trace_8rxn_stop_risksched085to09_lr1e4_entropy005_s4_c1_rnetol_d256_p20,seed010,10,600,60000,100,16,107.76594312192026,114.49440415957224,107.33972047769505,False,max_epochs,2868.630889892578
rl4crn_rne_oscillator_trace_8rxn_stop_risksched085to09_lr1e4_entropy005_s4_c1_rnetol_d256_p20,seed010,10,601,60100,100,16,107.93130523007069,113.75999144663383,107.33972047769505,False,max_epochs,2873.803436756134
rl4crn_rne_oscillator_trace_8rxn_stop_risksched085to09_lr1e4_entropy005_s4_c1_rnetol_d256_p20,seed010,10,602,60200,100,16,107.86384324541969,115.29553091640048,107.33972047769505,False,max_epochs,2879.1982860565186
rl4crn_rne_oscillator_trace_8rxn_stop_risksched085to09_lr1e4_entropy005_s4_c1_rnetol_d256_p20,seed010,10,603,60300,100,16,108.47082668057763,115.56130142805844,107.33972047769505,False,max_epochs,2884.5928027629852
rl4crn_rne_oscillator_trace_8rxn_stop_risksched085to09_lr1e4_entropy005_s4_c1_rnetol_d256_p20,seed010,10,604,60400,100,16,107.92262484514026,115.19741832614412,107.33972047769505,False,max_epochs,2889.2611396312714
rl4crn_rne_oscillator_trace_8rxn_stop_risksched085to09_lr1e4_entropy005_s4_c1_rnetol_d256_p20,seed010,10,605,60500,100,16,107.94195263164758,113.76235915056486,107.33972047769505,False,max_epochs,2893.9667053222656
rl4crn_rne_oscillator_trace_8rxn_stop_risksched085to09_lr1e4_entropy005_s4_c1_rnetol_d256_p20,seed010,10,606,60600,100,16,107.57031917310145,113.64163343706127,107.33972047769505,False,max_epochs,2898.799486398697
rl4crn_rne_oscillator_trace_8rxn_stop_risksched085to09_lr1e4_entropy005_s4_c1_rnetol_d256_p20,seed010,10,607,60700,100,16,108.08810734876865,114.33585133069562,107.33972047769505,False,max_epochs,2903.4172208309174
rl4crn_rne_oscillator_trace_8rxn_stop_risksched085to09_lr1e4_entropy005_s4_c1_rnetol_d256_p20,seed010,10,608,60800,100,16,107.76784049471098,115.87065318554077,107.33972047769505,False,max_epochs,2905.6583909988403
rl4crn_rne_oscillator_trace_8rxn_stop_risksched085to09_lr1e4_entropy005_s4_c1_rnetol_d256_p20,seed010,10,609,60900,100,16,108.71869578940857,116.29003311041954,107.33972047769505,False,max_epochs,2910.644924879074
rl4crn_rne_oscillator_trace_8rxn_stop_risksched085to09_lr1e4_entropy005_s4_c1_rnetol_d256_p20,seed010,10,610,61000,100,16,107.95793865807917,114.927807860274,107.33972047769505,False,max_epochs,2915.879796743393
rl4crn_rne_oscillator_trace_8rxn_stop_risksched085to09_lr1e4_entropy005_s4_c1_rnetol_d256_p20,seed010,10,611,61100,100,16,107.40154732693263,114.75823678980467,107.33972047769505,False,max_epochs,2921.5534262657166
rl4crn_rne_oscillator_trace_8rxn_stop_risksched085to09_lr1e4_entropy005_s4_c1_rnetol_d256_p20,seed010,10,612,61200,100,16,107.67348368799126,114.69119671496976,107.33972047769505,False,max_epochs,2926.412160873413
rl4crn_rne_oscillator_trace_8rxn_stop_risksched085to09_lr1e4_entropy005_s4_c1_rnetol_d256_p20,seed010,10,613,61300,100,16,107.74622250831423,113.17702207994445,107.33972047769505,False,max_epochs,2931.410798549652
rl4crn_rne_oscillator_trace_8rxn_stop_risksched085to09_lr1e4_entropy005_s4_c1_rnetol_d256_p20,seed010,10,614,61400,100,16,107.70044059357214,113.54194167880408,107.33972047769505,False,max_epochs,2936.333057641983
rl4crn_rne_oscillator_trace_8rxn_stop_risksched085to09_lr1e4_entropy005_s4_c1_rnetol_d256_p20,seed010,10,615,61500,100,16,107.9043063523178,115.04276838057659,107.33972047769505,False,max_epochs,2941.266790151596
rl4crn_rne_oscillator_trace_8rxn_stop_risksched085to09_lr1e4_entropy005_s4_c1_rnetol_d256_p20,seed010,10,616,61600,100,16,107.51269874466725,115.77733391575387,107.33972047769505,False,max_epochs,2943.416207551956
rl4crn_rne_oscillator_trace_8rxn_stop_risksched085to09_lr1e4_entropy005_s4_c1_rnetol_d256_p20,seed010,10,617,61700,100,16,107.93723912842013,114.57034397196995,107.33972047769505,False,max_epochs,2948.2778317928314
rl4crn_rne_oscillator_trace_8rxn_stop_risksched085to09_lr1e4_entropy005_s4_c1_rnetol_d256_p20,seed010,10,618,61800,100,16,107.12725982929261,114.6536479608744,107.12725982929261,False,max_epochs,2953.4649608135223
rl4crn_rne_oscillator_trace_8rxn_stop_risksched085to09_lr1e4_entropy005_s4_c1_rnetol_d256_p20,seed010,10,619,61900,100,16,107.8164816998736,114.07970663766,107.12725982929261,False,max_epochs,2959.0289239883423
rl4crn_rne_oscillator_trace_8rxn_stop_risksched085to09_lr1e4_entropy005_s4_c1_rnetol_d256_p20,seed010,10,620,62000,100,16,107.69831164199132,113.20030642370654,107.12725982929261,False,max_epochs,2964.074954032898
rl4crn_rne_oscillator_trace_8rxn_stop_risksched085to09_lr1e4_entropy005_s4_c1_rnetol_d256_p20,seed010,10,621,62100,100,16,107.6924490807494,114.07127696309732,107.12725982929261,False,max_epochs,2968.8197996616364
rl4crn_rne_oscillator_trace_8rxn_stop_risksched085to09_lr1e4_entropy005_s4_c1_rnetol_d256_p20,seed010,10,622,62200,100,16,106.89903138580716,115.77235305254997,106.89903138580716,False,max_epochs,2973.5386049747467
rl4crn_rne_oscillator_trace_8rxn_stop_risksched085to09_lr1e4_entropy005_s4_c1_rnetol_d256_p20,seed010,10,623,62300,100,16,108.26710652076021,116.20026955629635,106.89903138580716,False,max_epochs,2978.5176389217377
rl4crn_rne_oscillator_trace_8rxn_stop_risksched085to09_lr1e4_entropy005_s4_c1_rnetol_d256_p20,seed010,10,624,62400,100,16,108.96577136084973,119.43837389803721,106.89903138580716,False,max_epochs,2980.780267238617
rl4crn_rne_oscillator_trace_8rxn_stop_risksched085to09_lr1e4_entropy005_s4_c1_rnetol_d256_p20,seed010,10,625,62500,100,16,106.7214652607504,116.26102692068199,106.7214652607504,False,max_epochs,2985.3766674995422
rl4crn_rne_oscillator_trace_8rxn_stop_risksched085to09_lr1e4_entropy005_s4_c1_rnetol_d256_p20,seed010,10,626,62600,100,16,108.0216013442569,115.51924379994747,106.7214652607504,False,max_epochs,2990.3329524993896
rl4crn_rne_oscillator_trace_8rxn_stop_risksched085to09_lr1e4_entropy005_s4_c1_rnetol_d256_p20,seed010,10,627,62700,100,16,107.38062777879509,116.94741810664792,106.7214652607504,False,max_epochs,2996.053785085678
rl4crn_rne_oscillator_trace_8rxn_stop_risksched085to09_lr1e4_entropy005_s4_c1_rnetol_d256_p20,seed010,10,628,62800,100,16,107.65029055464431,115.54333955539397,106.7214652607504,False,max_epochs,3001.194300174713
rl4crn_rne_oscillator_trace_8rxn_stop_risksched085to09_lr1e4_entropy005_s4_c1_rnetol_d256_p20,seed010,10,629,62900,100,16,107.31046160106443,116.17234607845538,106.7214652607504,False,max_epochs,3006.1315116882324
rl4crn_rne_oscillator_trace_8rxn_stop_risksched085to09_lr1e4_entropy005_s4_c1_rnetol_d256_p20,seed010,10,630,63000,100,16,107.21127543088025,116.97347638260672,106.7214652607504,False,max_epochs,3011.0622129440308
rl4crn_rne_oscillator_trace_8rxn_stop_risksched085to09_lr1e4_entropy005_s4_c1_rnetol_d256_p20,seed010,10,631,63100,100,16,108.49545255219738,118.5682530120991,106.7214652607504,False,max_epochs,3016.1699974536896
rl4crn_rne_oscillator_trace_8rxn_stop_risksched085to09_lr1e4_entropy005_s4_c1_rnetol_d256_p20,seed010,10,632,63200,100,16,108.3987331439248,120.77055671372345,106.7214652607504,False,max_epochs,3020.8092725276947
rl4crn_rne_oscillator_trace_8rxn_stop_risksched085to09_lr1e4_entropy005_s4_c1_rnetol_d256_p20,seed010,10,633,63300,100,16,108.84078799141797,118.66843626887251,106.7214652607504,False,max_epochs,3023.042582988739
rl4crn_rne_oscillator_trace_8rxn_stop_risksched085to09_lr1e4_entropy005_s4_c1_rnetol_d256_p20,seed010,10,634,63400,100,16,108.0354011725245,116.25894506503312,106.7214652607504,False,max_epochs,3027.8493287563324
rl4crn_rne_oscillator_trace_8rxn_stop_risksched085to09_lr1e4_entropy005_s4_c1_rnetol_d256_p20,seed010,10,635,63500,100,16,108.1107153667074,114.12290892565166,106.7214652607504,False,max_epochs,3033.399154663086
rl4crn_rne_oscillator_trace_8rxn_stop_risksched085to09_lr1e4_entropy005_s4_c1_rnetol_d256_p20,seed010,10,636,63600,100,16,107.72000278835458,113.64848295977599,106.7214652607504,False,max_epochs,3038.0778834819794
rl4crn_rne_oscillator_trace_8rxn_stop_risksched085to09_lr1e4_entropy005_s4_c1_rnetol_d256_p20,seed010,10,637,63700,100,16,107.40929106454337,113.48133802837093,106.7214652607504,False,max_epochs,3042.7371220588684
rl4crn_rne_oscillator_trace_8rxn_stop_risksched085to09_lr1e4_entropy005_s4_c1_rnetol_d256_p20,seed010,10,638,63800,100,16,107.95354584490775,114.61743656134712,106.7214652607504,False,max_epochs,3047.764652490616
rl4crn_rne_oscillator_trace_8rxn_stop_risksched085to09_lr1e4_entropy005_s4_c1_rnetol_d256_p20,seed010,10,639,63900,100,16,108.23276932695278,115.87259420356827,106.7214652607504,False,max_epochs,3050.094825029373
rl4crn_rne_oscillator_trace_8rxn_stop_risksched085to09_lr1e4_entropy005_s4_c1_rnetol_d256_p20,seed010,10,640,64000,100,16,107.33296287729381,117.90386120643166,106.7214652607504,False,max_epochs,3054.732088327408
rl4crn_rne_oscillator_trace_8rxn_stop_risksched085to09_lr1e4_entropy005_s4_c1_rnetol_d256_p20,seed010,10,641,64100,100,16,107.33958437394942,119.6319661520024,106.7214652607504,False,max_epochs,3059.59552359581
rl4crn_rne_oscillator_trace_8rxn_stop_risksched085to09_lr1e4_entropy005_s4_c1_rnetol_d256_p20,seed010,10,642,64200,100,16,106.42373589666597,119.1097562055553,106.42373589666597,False,max_epochs,3064.90087389946
rl4crn_rne_oscillator_trace_8rxn_stop_risksched085to09_lr1e4_entropy005_s4_c1_rnetol_d256_p20,seed010,10,643,64300,100,16,106.74655757155749,118.76727625493248,106.42373589666597,False,max_epochs,3069.787127971649
rl4crn_rne_oscillator_trace_8rxn_stop_risksched085to09_lr1e4_entropy005_s4_c1_rnetol_d256_p20,seed010,10,644,64400,100,16,107.68259957950815,115.68193106941811,106.42373589666597,False,max_epochs,3074.577591896057
rl4crn_rne_oscillator_trace_8rxn_stop_risksched085to09_lr1e4_entropy005_s4_c1_rnetol_d256_p20,seed010,10,645,64500,100,16,106.33072901208739,116.89992156582811,106.33072901208739,False,max_epochs,3079.5172278881073
rl4crn_rne_oscillator_trace_8rxn_stop_risksched085to09_lr1e4_entropy005_s4_c1_rnetol_d256_p20,seed010,10,646,64600,100,16,107.19762438324416,117.23055317495371,106.33072901208739,False,max_epochs,3083.522099494934
rl4crn_rne_oscillator_trace_8rxn_stop_risksched085to09_lr1e4_entropy005_s4_c1_rnetol_d256_p20,seed010,10,647,64700,100,16,107.48775741466419,118.99282467323914,106.33072901208739,False,max_epochs,3086.6050913333893
rl4crn_rne_oscillator_trace_8rxn_stop_risksched085to09_lr1e4_entropy005_s4_c1_rnetol_d256_p20,seed010,10,648,64800,100,16,106.3464523064389,119.70045637577999,106.33072901208739,False,max_epochs,3091.4603102207184
rl4crn_rne_oscillator_trace_8rxn_stop_risksched085to09_lr1e4_entropy005_s4_c1_rnetol_d256_p20,seed010,10,649,64900,100,16,106.85553928394425,120.48659696411423,106.33072901208739,False,max_epochs,3095.9041187763214
rl4crn_rne_oscillator_trace_8rxn_stop_risksched085to09_lr1e4_entropy005_s4_c1_rnetol_d256_p20,seed010,10,650,65000,100,16,108.03461473642379,117.8916709565584,106.33072901208739,False,max_epochs,3100.9216718673706
rl4crn_rne_oscillator_trace_8rxn_stop_risksched085to09_lr1e4_entropy005_s4_c1_rnetol_d256_p20,seed010,10,651,65100,100,16,107.32334496508612,118.54793673983684,106.33072901208739,False,max_epochs,3104.2841968536377
rl4crn_rne_oscillator_trace_8rxn_stop_risksched085to09_lr1e4_entropy005_s4_c1_rnetol_d256_p20,seed010,10,652,65200,100,16,107.47779919052059,117.26612886922729,106.33072901208739,False,max_epochs,3108.0285184383392
rl4crn_rne_oscillator_trace_8rxn_stop_risksched085to09_lr1e4_entropy005_s4_c1_rnetol_d256_p20,seed010,10,653,65300,100,16,107.64720584872316,118.10340133543,106.33072901208739,False,max_epochs,3113.341284275055
rl4crn_rne_oscillator_trace_8rxn_stop_risksched085to09_lr1e4_entropy005_s4_c1_rnetol_d256_p20,seed010,10,654,65400,100,16,106.63279604166432,117.79334930093867,106.33072901208739,False,max_epochs,3118.401223421097
rl4crn_rne_oscillator_trace_8rxn_stop_risksched085to09_lr1e4_entropy005_s4_c1_rnetol_d256_p20,seed010,10,655,65500,100,16,108.23497802268203,115.58045380381604,106.33072901208739,False,max_epochs,3123.3427815437317
rl4crn_rne_oscillator_trace_8rxn_stop_risksched085to09_lr1e4_entropy005_s4_c1_rnetol_d256_p20,seed010,10,656,65600,100,16,107.55758145062126,115.06060479635082,106.33072901208739,False,max_epochs,3128.680451154709
rl4crn_rne_oscillator_trace_8rxn_stop_risksched085to09_lr1e4_entropy005_s4_c1_rnetol_d256_p20,seed010,10,657,65700,100,16,107.61410658900034,114.6519611881989,106.33072901208739,False,max_epochs,3133.9275550842285
rl4crn_rne_oscillator_trace_8rxn_stop_risksched085to09_lr1e4_entropy005_s4_c1_rnetol_d256_p20,seed010,10,658,65800,100,16,107.20602694339678,115.0350536668355,106.33072901208739,False,max_epochs,3138.638906478882
rl4crn_rne_oscillator_trace_8rxn_stop_risksched085to09_lr1e4_entropy005_s4_c1_rnetol_d256_p20,seed010,10,659,65900,100,16,107.70264260160437,114.4205978072097,106.33072901208739,False,max_epochs,3143.527825117111
rl4crn_rne_oscillator_trace_8rxn_stop_risksched085to09_lr1e4_entropy005_s4_c1_rnetol_d256_p20,seed010,10,660,66000,100,16,107.63080893783159,117.85354801545519,106.33072901208739,False,max_epochs,3145.652060508728
rl4crn_rne_oscillator_trace_8rxn_stop_risksched085to09_lr1e4_entropy005_s4_c1_rnetol_d256_p20,seed010,10,661,66100,100,16,107.16406009387472,118.9081410506918,106.33072901208739,False,max_epochs,3150.3569457530975
rl4crn_rne_oscillator_trace_8rxn_stop_risksched085to09_lr1e4_entropy005_s4_c1_rnetol_d256_p20,seed010,10,662,66200,100,16,107.43080413463501,119.02658423383843,106.33072901208739,False,max_epochs,3155.486586332321
rl4crn_rne_oscillator_trace_8rxn_stop_risksched085to09_lr1e4_entropy005_s4_c1_rnetol_d256_p20,seed010,10,663,66300,100,16,107.46308145138019,119.25386972309403,106.33072901208739,False,max_epochs,3160.7865464687347
rl4crn_rne_oscillator_trace_8rxn_stop_risksched085to09_lr1e4_entropy005_s4_c1_rnetol_d256_p20,seed010,10,664,66400,100,16,108.46595908978665,122.13803729313761,106.33072901208739,False,max_epochs,3165.970811367035
rl4crn_rne_oscillator_trace_8rxn_stop_risksched085to09_lr1e4_entropy005_s4_c1_rnetol_d256_p20,seed010,10,665,66500,100,16,106.88673581791237,118.80167261919905,106.33072901208739,False,max_epochs,3171.525698184967
rl4crn_rne_oscillator_trace_8rxn_stop_risksched085to09_lr1e4_entropy005_s4_c1_rnetol_d256_p20,seed010,10,666,66600,100,16,106.65044673746142,116.66765346847984,106.33072901208739,False,max_epochs,3176.591146707535
rl4crn_rne_oscillator_trace_8rxn_stop_risksched085to09_lr1e4_entropy005_s4_c1_rnetol_d256_p20,seed010,10,667,66700,100,16,106.9980722424978,116.21705555786966,106.33072901208739,False,max_epochs,3181.2652139663696
rl4crn_rne_oscillator_trace_8rxn_stop_risksched085to09_lr1e4_entropy005_s4_c1_rnetol_d256_p20,seed010,10,668,66800,100,16,107.28697936543864,118.55263607168058,106.33072901208739,False,max_epochs,3186.191966533661
rl4crn_rne_oscillator_trace_8rxn_stop_risksched085to09_lr1e4_entropy005_s4_c1_rnetol_d256_p20,seed010,10,669,66900,100,16,107.46667269685501,115.56799086898931,106.33072901208739,False,max_epochs,3189.8463621139526
rl4crn_rne_oscillator_trace_8rxn_stop_risksched085to09_lr1e4_entropy005_s4_c1_rnetol_d256_p20,seed010,10,670,67000,100,16,107.09137210317957,116.65625544269847,106.33072901208739,False,max_epochs,3193.169939994812
rl4crn_rne_oscillator_trace_8rxn_stop_risksched085to09_lr1e4_entropy005_s4_c1_rnetol_d256_p20,seed010,10,671,67100,100,16,107.27522390389457,117.33147670247648,106.33072901208739,False,max_epochs,3198.50577378273
rl4crn_rne_oscillator_trace_8rxn_stop_risksched085to09_lr1e4_entropy005_s4_c1_rnetol_d256_p20,seed010,10,672,67200,100,16,107.34191825869745,116.49384232292788,106.33072901208739,False,max_epochs,3203.4284942150116
rl4crn_rne_oscillator_trace_8rxn_stop_risksched085to09_lr1e4_entropy005_s4_c1_rnetol_d256_p20,seed010,10,673,67300,100,16,107.15370804677457,115.60369679934999,106.33072901208739,False,max_epochs,3208.5655591487885
rl4crn_rne_oscillator_trace_8rxn_stop_risksched085to09_lr1e4_entropy005_s4_c1_rnetol_d256_p20,seed010,10,674,67400,100,16,107.96100309316127,115.47834781304086,106.33072901208739,False,max_epochs,3213.426010131836
rl4crn_rne_oscillator_trace_8rxn_stop_risksched085to09_lr1e4_entropy005_s4_c1_rnetol_d256_p20,seed010,10,675,67500,100,16,107.53109480986791,116.79298488382733,106.33072901208739,False,max_epochs,3218.5610496997833
rl4crn_rne_oscillator_trace_8rxn_stop_risksched085to09_lr1e4_entropy005_s4_c1_rnetol_d256_p20,seed010,10,676,67600,100,16,107.1378298423362,115.4761685261654,106.33072901208739,False,max_epochs,3223.4522523880005
rl4crn_rne_oscillator_trace_8rxn_stop_risksched085to09_lr1e4_entropy005_s4_c1_rnetol_d256_p20,seed010,10,677,67700,100,16,107.0362017664738,116.01793839569586,106.33072901208739,False,max_epochs,3228.041109085083
rl4crn_rne_oscillator_trace_8rxn_stop_risksched085to09_lr1e4_entropy005_s4_c1_rnetol_d256_p20,seed010,10,678,67800,100,16,109.01280265627199,120.09025719161252,106.33072901208739,False,max_epochs,3230.2908890247345
rl4crn_rne_oscillator_trace_8rxn_stop_risksched085to09_lr1e4_entropy005_s4_c1_rnetol_d256_p20,seed010,10,679,67900,100,16,108.38210349581263,121.9946022906991,106.33072901208739,False,max_epochs,3235.4860167503357
rl4crn_rne_oscillator_trace_8rxn_stop_risksched085to09_lr1e4_entropy005_s4_c1_rnetol_d256_p20,seed010,10,680,68000,100,16,107.64516595609057,118.49903778631867,106.33072901208739,False,max_epochs,3240.9078602790833
rl4crn_rne_oscillator_trace_8rxn_stop_risksched085to09_lr1e4_entropy005_s4_c1_rnetol_d256_p20,seed010,10,681,68100,100,16,107.06144566392612,116.67275768705942,106.33072901208739,False,max_epochs,3246.248305797577
rl4crn_rne_oscillator_trace_8rxn_stop_risksched085to09_lr1e4_entropy005_s4_c1_rnetol_d256_p20,seed010,10,682,68200,100,16,106.90631437635133,116.42926032543564,106.33072901208739,False,max_epochs,3251.3205540180206
rl4crn_rne_oscillator_trace_8rxn_stop_risksched085to09_lr1e4_entropy005_s4_c1_rnetol_d256_p20,seed010,10,683,68300,100,16,108.01268477899914,118.941121909494,106.33072901208739,False,max_epochs,3257.1941187381744
rl4crn_rne_oscillator_trace_8rxn_stop_risksched085to09_lr1e4_entropy005_s4_c1_rnetol_d256_p20,seed010,10,684,68400,100,16,107.82218271133473,117.36759348004131,106.33072901208739,False,max_epochs,3262.2079751491547
rl4crn_rne_oscillator_trace_8rxn_stop_risksched085to09_lr1e4_entropy005_s4_c1_rnetol_d256_p20,seed010,10,685,68500,100,16,106.78484623562684,117.30815386554795,106.33072901208739,False,max_epochs,3266.8369047641754
rl4crn_rne_oscillator_trace_8rxn_stop_risksched085to09_lr1e4_entropy005_s4_c1_rnetol_d256_p20,seed010,10,686,68600,100,16,107.5303209818918,116.90610579764646,106.33072901208739,False,max_epochs,3271.928514957428
rl4crn_rne_oscillator_trace_8rxn_stop_risksched085to09_lr1e4_entropy005_s4_c1_rnetol_d256_p20,seed010,10,687,68700,100,16,107.56243921373483,116.8699867601623,106.33072901208739,False,max_epochs,3276.8384597301483
rl4crn_rne_oscillator_trace_8rxn_stop_risksched085to09_lr1e4_entropy005_s4_c1_rnetol_d256_p20,seed010,10,688,68800,100,16,108.35023120405977,118.37046623448254,106.33072901208739,False,max_epochs,3279.697655916214
rl4crn_rne_oscillator_trace_8rxn_stop_risksched085to09_lr1e4_entropy005_s4_c1_rnetol_d256_p20,seed010,10,689,68900,100,16,107.79185627431195,120.92938209973352,106.33072901208739,False,max_epochs,3284.1061317920685
rl4crn_rne_oscillator_trace_8rxn_stop_risksched085to09_lr1e4_entropy005_s4_c1_rnetol_d256_p20,seed010,10,690,69000,100,16,110.39739752241528,119.11535192107289,106.33072901208739,False,max_epochs,3288.9472436904907
rl4crn_rne_oscillator_trace_8rxn_stop_risksched085to09_lr1e4_entropy005_s4_c1_rnetol_d256_p20,seed010,10,691,69100,100,16,107.86391381521963,118.2964077403839,106.33072901208739,False,max_epochs,3294.25435423851
rl4crn_rne_oscillator_trace_8rxn_stop_risksched085to09_lr1e4_entropy005_s4_c1_rnetol_d256_p20,seed010,10,692,69200,100,16,107.22072944075309,116.12064416881879,106.33072901208739,False,max_epochs,3299.138880968094
rl4crn_rne_oscillator_trace_8rxn_stop_risksched085to09_lr1e4_entropy005_s4_c1_rnetol_d256_p20,seed010,10,693,69300,100,16,107.81707275487436,117.3540678675987,106.33072901208739,False,max_epochs,3303.7697710990906
rl4crn_rne_oscillator_trace_8rxn_stop_risksched085to09_lr1e4_entropy005_s4_c1_rnetol_d256_p20,seed010,10,694,69400,100,16,108.01239444849206,120.34454023887375,106.33072901208739,False,max_epochs,3308.844236135483
rl4crn_rne_oscillator_trace_8rxn_stop_risksched085to09_lr1e4_entropy005_s4_c1_rnetol_d256_p20,seed010,10,695,69500,100,16,108.18702334644883,120.67500874628746,106.33072901208739,False,max_epochs,3311.1017467975616
rl4crn_rne_oscillator_trace_8rxn_stop_risksched085to09_lr1e4_entropy005_s4_c1_rnetol_d256_p20,seed010,10,696,69600,100,16,107.15919135634621,118.04102406433972,106.33072901208739,False,max_epochs,3315.7881054878235
rl4crn_rne_oscillator_trace_8rxn_stop_risksched085to09_lr1e4_entropy005_s4_c1_rnetol_d256_p20,seed010,10,697,69700,100,16,107.60096652231042,114.59949125475023,106.33072901208739,False,max_epochs,3321.0582621097565
rl4crn_rne_oscillator_trace_8rxn_stop_risksched085to09_lr1e4_entropy005_s4_c1_rnetol_d256_p20,seed010,10,698,69800,100,16,108.04804192418291,117.57524134877136,106.33072901208739,False,max_epochs,3326.178176164627
rl4crn_rne_oscillator_trace_8rxn_stop_risksched085to09_lr1e4_entropy005_s4_c1_rnetol_d256_p20,seed010,10,699,69900,100,16,107.4764191968169,117.72101720942237,106.33072901208739,False,max_epochs,3331.1117038726807
rl4crn_rne_oscillator_trace_8rxn_stop_risksched085to09_lr1e4_entropy005_s4_c1_rnetol_d256_p20,seed010,10,700,70000,100,16,106.39874219818542,115.07168698014925,106.33072901208739,False,max_epochs,3336.0427238941193
rl4crn_rne_oscillator_trace_8rxn_stop_risksched085to09_lr1e4_entropy005_s4_c1_rnetol_d256_p20,seed010,10,701,70100,100,16,107.30030203090752,113.83815329240976,106.33072901208739,False,max_epochs,3340.969666481018
rl4crn_rne_oscillator_trace_8rxn_stop_risksched085to09_lr1e4_entropy005_s4_c1_rnetol_d256_p20,seed010,10,702,70200,100,16,107.46087359518991,115.84267655081462,106.33072901208739,False,max_epochs,3344.968995809555
rl4crn_rne_oscillator_trace_8rxn_stop_risksched085to09_lr1e4_entropy005_s4_c1_rnetol_d256_p20,seed010,10,703,70300,100,16,107.13381038974663,116.00094186590559,106.33072901208739,False,max_epochs,3348.26700592041
rl4crn_rne_oscillator_trace_8rxn_stop_risksched085to09_lr1e4_entropy005_s4_c1_rnetol_d256_p20,seed010,10,704,70400,100,16,107.19771690695828,113.79087923477485,106.33072901208739,False,max_epochs,3353.030492544174
rl4crn_rne_oscillator_trace_8rxn_stop_risksched085to09_lr1e4_entropy005_s4_c1_rnetol_d256_p20,seed010,10,705,70500,100,16,107.07723129475148,114.831964235526,106.33072901208739,False,max_epochs,3358.5675427913666
rl4crn_rne_oscillator_trace_8rxn_stop_risksched085to09_lr1e4_entropy005_s4_c1_rnetol_d256_p20,seed010,10,706,70600,100,16,107.40938245996651,114.1871144892101,106.33072901208739,False,max_epochs,3363.423954486847
rl4crn_rne_oscillator_trace_8rxn_stop_risksched085to09_lr1e4_entropy005_s4_c1_rnetol_d256_p20,seed010,10,707,70700,100,16,107.39451158458996,114.70501280051084,106.33072901208739,False,max_epochs,3369.142070055008
rl4crn_rne_oscillator_trace_8rxn_stop_risksched085to09_lr1e4_entropy005_s4_c1_rnetol_d256_p20,seed010,10,708,70800,100,16,106.83992948449801,113.82353576703947,106.33072901208739,False,max_epochs,3374.3976917266846
rl4crn_rne_oscillator_trace_8rxn_stop_risksched085to09_lr1e4_entropy005_s4_c1_rnetol_d256_p20,seed010,10,709,70900,100,16,106.8481351276846,113.36582842827605,106.33072901208739,False,max_epochs,3379.2412717342377
rl4crn_rne_oscillator_trace_8rxn_stop_risksched085to09_lr1e4_entropy005_s4_c1_rnetol_d256_p20,seed010,10,710,71000,100,16,106.75089462172417,115.22475749664505,106.33072901208739,False,max_epochs,3384.275333404541
rl4crn_rne_oscillator_trace_8rxn_stop_risksched085to09_lr1e4_entropy005_s4_c1_rnetol_d256_p20,seed010,10,711,71100,100,16,106.94286981197263,113.443103317988,106.33072901208739,False,max_epochs,3389.260419845581
rl4crn_rne_oscillator_trace_8rxn_stop_risksched085to09_lr1e4_entropy005_s4_c1_rnetol_d256_p20,seed010,10,712,71200,100,16,107.39268785342294,114.44645352744732,106.33072901208739,False,max_epochs,3393.9127032756805
rl4crn_rne_oscillator_trace_8rxn_stop_risksched085to09_lr1e4_entropy005_s4_c1_rnetol_d256_p20,seed010,10,713,71300,100,16,106.76297478119022,115.23542161081414,106.33072901208739,False,max_epochs,3396.1964044570923
rl4crn_rne_oscillator_trace_8rxn_stop_risksched085to09_lr1e4_entropy005_s4_c1_rnetol_d256_p20,seed010,10,714,71400,100,16,106.99627890663697,114.49766517906455,106.33072901208739,False,max_epochs,3401.165668964386
rl4crn_rne_oscillator_trace_8rxn_stop_risksched085to09_lr1e4_entropy005_s4_c1_rnetol_d256_p20,seed010,10,715,71500,100,16,107.15785613538428,114.62577906746816,106.33072901208739,False,max_epochs,3406.715331554413
rl4crn_rne_oscillator_trace_8rxn_stop_risksched085to09_lr1e4_entropy005_s4_c1_rnetol_d256_p20,seed010,10,716,71600,100,16,107.09705312580483,113.33214449911017,106.33072901208739,False,max_epochs,3411.6858315467834
rl4crn_rne_oscillator_trace_8rxn_stop_risksched085to09_lr1e4_entropy005_s4_c1_rnetol_d256_p20,seed010,10,717,71700,100,16,106.78154307413612,114.82652523743658,106.33072901208739,False,max_epochs,3417.0377106666565
rl4crn_rne_oscillator_trace_8rxn_stop_risksched085to09_lr1e4_entropy005_s4_c1_rnetol_d256_p20,seed010,10,718,71800,100,16,107.04353641915235,114.61901281067736,106.33072901208739,False,max_epochs,3422.1243963241577
rl4crn_rne_oscillator_trace_8rxn_stop_risksched085to09_lr1e4_entropy005_s4_c1_rnetol_d256_p20,seed010,10,719,71900,100,16,106.65928312770117,113.78293771707544,106.33072901208739,False,max_epochs,3427.872462272644
rl4crn_rne_oscillator_trace_8rxn_stop_risksched085to09_lr1e4_entropy005_s4_c1_rnetol_d256_p20,seed010,10,720,72000,100,16,106.97023017504958,117.36125354856033,106.33072901208739,False,max_epochs,3433.063803911209
rl4crn_rne_oscillator_trace_8rxn_stop_risksched085to09_lr1e4_entropy005_s4_c1_rnetol_d256_p20,seed010,10,721,72100,100,16,107.20344880331476,117.42483943110848,106.33072901208739,False,max_epochs,3438.347687959671
rl4crn_rne_oscillator_trace_8rxn_stop_risksched085to09_lr1e4_entropy005_s4_c1_rnetol_d256_p20,seed010,10,722,72200,100,16,106.76990712373339,116.9207175293943,106.33072901208739,False,max_epochs,3443.56515955925
rl4crn_rne_oscillator_trace_8rxn_stop_risksched085to09_lr1e4_entropy005_s4_c1_rnetol_d256_p20,seed010,10,723,72300,100,16,106.48358546540764,114.09621458241128,106.33072901208739,False,max_epochs,3449.447653770447
rl4crn_rne_oscillator_trace_8rxn_stop_risksched085to09_lr1e4_entropy005_s4_c1_rnetol_d256_p20,seed010,10,724,72400,100,16,106.36211237736524,113.93228872806824,106.33072901208739,False,max_epochs,3454.8141679763794
rl4crn_rne_oscillator_trace_8rxn_stop_risksched085to09_lr1e4_entropy005_s4_c1_rnetol_d256_p20,seed010,10,725,72500,100,16,107.01998486317528,113.86739669385801,106.33072901208739,False,max_epochs,3460.173987388611
rl4crn_rne_oscillator_trace_8rxn_stop_risksched085to09_lr1e4_entropy005_s4_c1_rnetol_d256_p20,seed010,10,726,72600,100,16,107.12571076796809,111.85402167606617,106.33072901208739,False,max_epochs,3465.0855391025543
rl4crn_rne_oscillator_trace_8rxn_stop_risksched085to09_lr1e4_entropy005_s4_c1_rnetol_d256_p20,seed010,10,727,72700,100,16,106.83855602022794,111.37410635440516,106.33072901208739,False,max_epochs,3470.75705242157
rl4crn_rne_oscillator_trace_8rxn_stop_risksched085to09_lr1e4_entropy005_s4_c1_rnetol_d256_p20,seed010,10,728,72800,100,16,107.15283179811303,111.16374680391849,106.33072901208739,False,max_epochs,3475.8838539123535
rl4crn_rne_oscillator_trace_8rxn_stop_risksched085to09_lr1e4_entropy005_s4_c1_rnetol_d256_p20,seed010,10,729,72900,100,16,107.15931590119972,112.54747304541982,106.33072901208739,False,max_epochs,3480.696125984192
rl4crn_rne_oscillator_trace_8rxn_stop_risksched085to09_lr1e4_entropy005_s4_c1_rnetol_d256_p20,seed010,10,730,73000,100,16,106.92388340536071,113.13645413046046,106.33072901208739,False,max_epochs,3485.589912176132
rl4crn_rne_oscillator_trace_8rxn_stop_risksched085to09_lr1e4_entropy005_s4_c1_rnetol_d256_p20,seed010,10,731,73100,100,16,106.7670706705214,112.03122787532565,106.33072901208739,False,max_epochs,3490.2369208335876
rl4crn_rne_oscillator_trace_8rxn_stop_risksched085to09_lr1e4_entropy005_s4_c1_rnetol_d256_p20,seed010,10,732,73200,100,16,106.77655269294287,111.93823870288944,106.33072901208739,False,max_epochs,3492.5542414188385
rl4crn_rne_oscillator_trace_8rxn_stop_risksched085to09_lr1e4_entropy005_s4_c1_rnetol_d256_p20,seed010,10,733,73300,100,16,106.6269509203496,113.97328850979042,106.33072901208739,False,max_epochs,3497.6371610164642
rl4crn_rne_oscillator_trace_8rxn_stop_risksched085to09_lr1e4_entropy005_s4_c1_rnetol_d256_p20,seed010,10,734,73400,100,16,107.48742432935684,113.45622125310635,106.33072901208739,False,max_epochs,3502.6865651607513
rl4crn_rne_oscillator_trace_8rxn_stop_risksched085to09_lr1e4_entropy005_s4_c1_rnetol_d256_p20,seed010,10,735,73500,100,16,107.0792231185116,111.98092448575547,106.33072901208739,False,max_epochs,3508.255133628845
rl4crn_rne_oscillator_trace_8rxn_stop_risksched085to09_lr1e4_entropy005_s4_c1_rnetol_d256_p20,seed010,10,736,73600,100,16,107.01468262331566,112.37455449185586,106.33072901208739,False,max_epochs,3513.5316939353943
rl4crn_rne_oscillator_trace_8rxn_stop_risksched085to09_lr1e4_entropy005_s4_c1_rnetol_d256_p20,seed010,10,737,73700,100,16,106.89745804358056,113.38913407136317,106.33072901208739,False,max_epochs,3518.454888820648
rl4crn_rne_oscillator_trace_8rxn_stop_risksched085to09_lr1e4_entropy005_s4_c1_rnetol_d256_p20,seed010,10,738,73800,100,16,106.49575711458324,113.93235646223518,106.33072901208739,False,max_epochs,3524.0666081905365
rl4crn_rne_oscillator_trace_8rxn_stop_risksched085to09_lr1e4_entropy005_s4_c1_rnetol_d256_p20,seed010,10,739,73900,100,16,106.48221950664914,115.20264422069909,106.33072901208739,False,max_epochs,3529.841959476471
rl4crn_rne_oscillator_trace_8rxn_stop_risksched085to09_lr1e4_entropy005_s4_c1_rnetol_d256_p20,seed010,10,740,74000,100,16,107.07112225184099,114.90771022930059,106.33072901208739,False,max_epochs,3534.9442331790924
rl4crn_rne_oscillator_trace_8rxn_stop_risksched085to09_lr1e4_entropy005_s4_c1_rnetol_d256_p20,seed010,10,741,74100,100,16,106.88749796791086,115.08399951564297,106.33072901208739,False,max_epochs,3539.9381968975067
rl4crn_rne_oscillator_trace_8rxn_stop_risksched085to09_lr1e4_entropy005_s4_c1_rnetol_d256_p20,seed010,10,742,74200,100,16,106.75174196123207,114.75694400776737,106.33072901208739,False,max_epochs,3545.203846693039
rl4crn_rne_oscillator_trace_8rxn_stop_risksched085to09_lr1e4_entropy005_s4_c1_rnetol_d256_p20,seed010,10,743,74300,100,16,107.62148511572228,113.22595508554839,106.33072901208739,False,max_epochs,3551.0660631656647
rl4crn_rne_oscillator_trace_8rxn_stop_risksched085to09_lr1e4_entropy005_s4_c1_rnetol_d256_p20,seed010,10,744,74400,100,16,107.04790756808998,111.86813290646634,106.33072901208739,False,max_epochs,3556.3311998844147
rl4crn_rne_oscillator_trace_8rxn_stop_risksched085to09_lr1e4_entropy005_s4_c1_rnetol_d256_p20,seed010,10,745,74500,100,16,107.15341428868672,112.08429198418949,106.33072901208739,False,max_epochs,3561.392285823822
rl4crn_rne_oscillator_trace_8rxn_stop_risksched085to09_lr1e4_entropy005_s4_c1_rnetol_d256_p20,seed010,10,746,74600,100,16,107.46568715398828,113.24524609033051,106.33072901208739,False,max_epochs,3566.753265142441
rl4crn_rne_oscillator_trace_8rxn_stop_risksched085to09_lr1e4_entropy005_s4_c1_rnetol_d256_p20,seed010,10,747,74700,100,16,107.51466740581087,113.02449527472888,106.33072901208739,False,max_epochs,3572.4157733917236
rl4crn_rne_oscillator_trace_8rxn_stop_risksched085to09_lr1e4_entropy005_s4_c1_rnetol_d256_p20,seed010,10,748,74800,100,16,107.28368881845627,115.28804455345445,106.33072901208739,False,max_epochs,3577.4914956092834
rl4crn_rne_oscillator_trace_8rxn_stop_risksched085to09_lr1e4_entropy005_s4_c1_rnetol_d256_p20,seed010,10,749,74900,100,16,106.98412462616022,117.46630517412882,106.33072901208739,False,max_epochs,3582.583834171295
rl4crn_rne_oscillator_trace_8rxn_stop_risksched085to09_lr1e4_entropy005_s4_c1_rnetol_d256_p20,seed010,10,750,75000,100,16,106.5841908149238,116.86079786583977,106.33072901208739,False,max_epochs,3587.197822332382
rl4crn_rne_oscillator_trace_8rxn_stop_risksched085to09_lr1e4_entropy005_s4_c1_rnetol_d256_p20,seed010,10,751,75100,100,16,107.09333188997618,116.40350442570977,106.33072901208739,False,max_epochs,3592.1624064445496
rl4crn_rne_oscillator_trace_8rxn_stop_risksched085to09_lr1e4_entropy005_s4_c1_rnetol_d256_p20,seed010,10,752,75200,100,16,107.54500071340668,116.84790871776917,106.33072901208739,False,max_epochs,3594.349864721298
rl4crn_rne_oscillator_trace_8rxn_stop_risksched085to09_lr1e4_entropy005_s4_c1_rnetol_d256_p20,seed010,10,753,75300,100,16,107.87728439905632,117.73971793211211,106.33072901208739,False,max_epochs,3599.0440368652344
rl4crn_rne_oscillator_trace_8rxn_stop_risksched085to09_lr1e4_entropy005_s4_c1_rnetol_d256_p20,seed010,10,754,75400,100,16,106.82380771618163,116.86913062928923,106.33072901208739,False,max_epochs,3604.1342656612396
rl4crn_rne_oscillator_trace_8rxn_stop_risksched085to09_lr1e4_entropy005_s4_c1_rnetol_d256_p20,seed010,10,755,75500,100,16,106.84117061177234,115.66756798592607,106.33072901208739,False,max_epochs,3609.7156002521515
rl4crn_rne_oscillator_trace_8rxn_stop_risksched085to09_lr1e4_entropy005_s4_c1_rnetol_d256_p20,seed010,10,756,75600,100,16,106.63129199645324,113.97827185631186,106.33072901208739,False,max_epochs,3614.530865907669
rl4crn_rne_oscillator_trace_8rxn_stop_risksched085to09_lr1e4_entropy005_s4_c1_rnetol_d256_p20,seed010,10,757,75700,100,16,106.75168702886646,114.17252766801127,106.33072901208739,False,max_epochs,3619.5078847408295
rl4crn_rne_oscillator_trace_8rxn_stop_risksched085to09_lr1e4_entropy005_s4_c1_rnetol_d256_p20,seed010,10,758,75800,100,16,107.33534871476976,113.5230129842054,106.33072901208739,False,max_epochs,3624.2838678359985
rl4crn_rne_oscillator_trace_8rxn_stop_risksched085to09_lr1e4_entropy005_s4_c1_rnetol_d256_p20,seed010,10,759,75900,100,16,106.97785047136493,114.48124716953535,106.33072901208739,False,max_epochs,3629.2307164669037
rl4crn_rne_oscillator_trace_8rxn_stop_risksched085to09_lr1e4_entropy005_s4_c1_rnetol_d256_p20,seed010,10,760,76000,100,16,107.14888878428916,114.5253992018952,106.33072901208739,False,max_epochs,3633.744367837906
rl4crn_rne_oscillator_trace_8rxn_stop_risksched085to09_lr1e4_entropy005_s4_c1_rnetol_d256_p20,seed010,10,761,76100,100,16,107.06970641637426,114.64065638835345,106.33072901208739,False,max_epochs,3635.98694562912
rl4crn_rne_oscillator_trace_8rxn_stop_risksched085to09_lr1e4_entropy005_s4_c1_rnetol_d256_p20,seed010,10,762,76200,100,16,107.18556324633087,114.8738822659557,106.33072901208739,False,max_epochs,3640.7439296245575
rl4crn_rne_oscillator_trace_8rxn_stop_risksched085to09_lr1e4_entropy005_s4_c1_rnetol_d256_p20,seed010,10,763,76300,100,16,106.80017266460533,114.01336155332996,106.33072901208739,False,max_epochs,3646.4655730724335
rl4crn_rne_oscillator_trace_8rxn_stop_risksched085to09_lr1e4_entropy005_s4_c1_rnetol_d256_p20,seed010,10,764,76400,100,16,106.81924013623942,115.96309957857956,106.33072901208739,False,max_epochs,3651.3537797927856
rl4crn_rne_oscillator_trace_8rxn_stop_risksched085to09_lr1e4_entropy005_s4_c1_rnetol_d256_p20,seed010,10,765,76500,100,16,107.41868812287416,118.41994974557096,106.33072901208739,False,max_epochs,3656.474714279175
rl4crn_rne_oscillator_trace_8rxn_stop_risksched085to09_lr1e4_entropy005_s4_c1_rnetol_d256_p20,seed010,10,766,76600,100,16,107.3044162130323,119.35064630799735,106.33072901208739,False,max_epochs,3661.28151011467
rl4crn_rne_oscillator_trace_8rxn_stop_risksched085to09_lr1e4_entropy005_s4_c1_rnetol_d256_p20,seed010,10,767,76700,100,16,106.82232339909604,115.22543759361392,106.33072901208739,False,max_epochs,3666.274329662323
rl4crn_rne_oscillator_trace_8rxn_stop_risksched085to09_lr1e4_entropy005_s4_c1_rnetol_d256_p20,seed010,10,768,76800,100,16,106.52560178407148,113.0300124472264,106.33072901208739,False,max_epochs,3670.8810591697693
rl4crn_rne_oscillator_trace_8rxn_stop_risksched085to09_lr1e4_entropy005_s4_c1_rnetol_d256_p20,seed010,10,769,76900,100,16,107.37251570454677,118.1977530751463,106.33072901208739,False,max_epochs,3673.1828405857086
rl4crn_rne_oscillator_trace_8rxn_stop_risksched085to09_lr1e4_entropy005_s4_c1_rnetol_d256_p20,seed010,10,770,77000,100,16,110.52965918966723,119.93974999485978,106.33072901208739,False,max_epochs,3678.3025147914886
rl4crn_rne_oscillator_trace_8rxn_stop_risksched085to09_lr1e4_entropy005_s4_c1_rnetol_d256_p20,seed010,10,771,77100,100,16,107.24761247682139,122.55796904058232,106.33072901208739,False,max_epochs,3683.8778553009033
rl4crn_rne_oscillator_trace_8rxn_stop_risksched085to09_lr1e4_entropy005_s4_c1_rnetol_d256_p20,seed010,10,772,77200,100,16,109.5322857725009,118.8037003760157,106.33072901208739,False,max_epochs,3689.11931681633
rl4crn_rne_oscillator_trace_8rxn_stop_risksched085to09_lr1e4_entropy005_s4_c1_rnetol_d256_p20,seed010,10,773,77300,100,16,106.89551806908575,115.81325652065371,106.33072901208739,False,max_epochs,3694.36488199234
rl4crn_rne_oscillator_trace_8rxn_stop_risksched085to09_lr1e4_entropy005_s4_c1_rnetol_d256_p20,seed010,10,774,77400,100,16,106.5945630269754,112.56482051108699,106.33072901208739,False,max_epochs,3699.6105077266693
rl4crn_rne_oscillator_trace_8rxn_stop_risksched085to09_lr1e4_entropy005_s4_c1_rnetol_d256_p20,seed010,10,775,77500,100,16,107.13808408216876,115.37675989949858,106.33072901208739,False,max_epochs,3705.139436483383
rl4crn_rne_oscillator_trace_8rxn_stop_risksched085to09_lr1e4_entropy005_s4_c1_rnetol_d256_p20,seed010,10,776,77600,100,16,107.67731832074857,119.74310159651426,106.33072901208739,False,max_epochs,3710.0974202156067
rl4crn_rne_oscillator_trace_8rxn_stop_risksched085to09_lr1e4_entropy005_s4_c1_rnetol_d256_p20,seed010,10,777,77700,100,16,107.38701406485839,121.90430382873619,106.33072901208739,False,max_epochs,3715.4237365722656
rl4crn_rne_oscillator_trace_8rxn_stop_risksched085to09_lr1e4_entropy005_s4_c1_rnetol_d256_p20,seed010,10,778,77800,100,16,107.95369622136643,118.5934856984885,106.33072901208739,False,max_epochs,3720.0079605579376
rl4crn_rne_oscillator_trace_8rxn_stop_risksched085to09_lr1e4_entropy005_s4_c1_rnetol_d256_p20,seed010,10,779,77900,100,16,107.08725197668402,115.81911713864324,106.33072901208739,False,max_epochs,3724.962434530258
rl4crn_rne_oscillator_trace_8rxn_stop_risksched085to09_lr1e4_entropy005_s4_c1_rnetol_d256_p20,seed010,10,780,78000,100,16,106.71414016024754,115.5014406748686,106.33072901208739,False,max_epochs,3727.6576297283173
rl4crn_rne_oscillator_trace_8rxn_stop_risksched085to09_lr1e4_entropy005_s4_c1_rnetol_d256_p20,seed010,10,781,78100,100,16,107.0629225752916,117.14411268635064,106.33072901208739,False,max_epochs,3731.8880219459534
rl4crn_rne_oscillator_trace_8rxn_stop_risksched085to09_lr1e4_entropy005_s4_c1_rnetol_d256_p20,seed010,10,782,78200,100,16,108.81602462728924,117.64645782469881,106.33072901208739,False,max_epochs,3736.7594134807587
rl4crn_rne_oscillator_trace_8rxn_stop_risksched085to09_lr1e4_entropy005_s4_c1_rnetol_d256_p20,seed010,10,783,78300,100,16,107.03258956848327,118.108929888045,106.33072901208739,False,max_epochs,3742.3562426567078
rl4crn_rne_oscillator_trace_8rxn_stop_risksched085to09_lr1e4_entropy005_s4_c1_rnetol_d256_p20,seed010,10,784,78400,100,16,106.90062035459015,116.2893961026619,106.33072901208739,False,max_epochs,3747.196264266968
rl4crn_rne_oscillator_trace_8rxn_stop_risksched085to09_lr1e4_entropy005_s4_c1_rnetol_d256_p20,seed010,10,785,78500,100,16,106.79371786165629,115.22749215940286,106.33072901208739,False,max_epochs,3752.4069950580597
rl4crn_rne_oscillator_trace_8rxn_stop_risksched085to09_lr1e4_entropy005_s4_c1_rnetol_d256_p20,seed010,10,786,78600,100,16,106.58225183064367,116.99864835101727,106.33072901208739,False,max_epochs,3757.1342403888702
rl4crn_rne_oscillator_trace_8rxn_stop_risksched085to09_lr1e4_entropy005_s4_c1_rnetol_d256_p20,seed010,10,787,78700,100,16,107.3472973428153,117.58739214518047,106.33072901208739,False,max_epochs,3761.901067018509
rl4crn_rne_oscillator_trace_8rxn_stop_risksched085to09_lr1e4_entropy005_s4_c1_rnetol_d256_p20,seed010,10,788,78800,100,16,106.2870337163641,115.21378149528965,106.2870337163641,False,max_epochs,3766.6579933166504
rl4crn_rne_oscillator_trace_8rxn_stop_risksched085to09_lr1e4_entropy005_s4_c1_rnetol_d256_p20,seed010,10,789,78900,100,16,107.46353316641928,114.78491224221537,106.2870337163641,False,max_epochs,3769.2621064186096
rl4crn_rne_oscillator_trace_8rxn_stop_risksched085to09_lr1e4_entropy005_s4_c1_rnetol_d256_p20,seed010,10,790,79000,100,16,107.63892899749058,114.06995223620225,106.2870337163641,False,max_epochs,3773.9007461071014
rl4crn_rne_oscillator_trace_8rxn_stop_risksched085to09_lr1e4_entropy005_s4_c1_rnetol_d256_p20,seed010,10,791,79100,100,16,106.67909371621694,117.40898768556664,106.2870337163641,False,max_epochs,3779.017835378647
rl4crn_rne_oscillator_trace_8rxn_stop_risksched085to09_lr1e4_entropy005_s4_c1_rnetol_d256_p20,seed010,10,792,79200,100,16,107.24117390375166,115.92008044651679,106.2870337163641,False,max_epochs,3784.2024722099304
rl4crn_rne_oscillator_trace_8rxn_stop_risksched085to09_lr1e4_entropy005_s4_c1_rnetol_d256_p20,seed010,10,793,79300,100,16,107.29253336408402,114.42049463042109,106.2870337163641,False,max_epochs,3789.7857687473297
rl4crn_rne_oscillator_trace_8rxn_stop_risksched085to09_lr1e4_entropy005_s4_c1_rnetol_d256_p20,seed010,10,794,79400,100,16,107.02987896622413,113.59862880231549,106.2870337163641,False,max_epochs,3794.5612075328827
rl4crn_rne_oscillator_trace_8rxn_stop_risksched085to09_lr1e4_entropy005_s4_c1_rnetol_d256_p20,seed010,10,795,79500,100,16,106.40429733038403,115.0402952743649,106.2870337163641,False,max_epochs,3798.788939476013
rl4crn_rne_oscillator_trace_8rxn_stop_risksched085to09_lr1e4_entropy005_s4_c1_rnetol_d256_p20,seed010,10,796,79600,100,16,107.01048928492096,112.96599877764385,106.2870337163641,False,max_epochs,3804.0190818309784
rl4crn_rne_oscillator_trace_8rxn_stop_risksched085to09_lr1e4_entropy005_s4_c1_rnetol_d256_p20,seed010,10,797,79700,100,16,106.18670215028236,112.98427118484693,106.18670215028236,False,max_epochs,3808.9070901870728
rl4crn_rne_oscillator_trace_8rxn_stop_risksched085to09_lr1e4_entropy005_s4_c1_rnetol_d256_p20,seed010,10,798,79800,100,16,106.71492879557306,115.31638159368191,106.18670215028236,False,max_epochs,3813.48447060585
rl4crn_rne_oscillator_trace_8rxn_stop_risksched085to09_lr1e4_entropy005_s4_c1_rnetol_d256_p20,seed010,10,799,79900,100,16,106.88747114414032,114.83200866505922,106.18670215028236,False,max_epochs,3818.283095598221
rl4crn_rne_oscillator_trace_8rxn_stop_risksched085to09_lr1e4_entropy005_s4_c1_rnetol_d256_p20,seed010,10,800,80000,100,16,106.66909812414173,117.86742513258707,106.18670215028236,False,max_epochs,3823.3877017498016
rl4crn_rne_oscillator_trace_8rxn_stop_risksched085to09_lr1e4_entropy005_s4_c1_rnetol_d256_p20,seed010,10,801,80100,100,16,107.22009288724945,116.76883697814282,106.18670215028236,False,max_epochs,3828.584568500519
