seed,file,fitness,loss,parse_ok,rne_is_oscillator,rne_is_broken_oscillator,rne_fixed_by_reaction_removal,rne_posthoc_success,error
seed000,/local0/rossin/git/GenAI-Net/comparisons/rne_oscillator/data/posthoc/rl4crn_rne_oscillator_trace_8rxn_stop_risksched085to09_lr1e4_entropy005_s4_c1_rnetol_d256_depth3_p20_antimony/seed000.ant,0.2265851218382078,4.413352438533215,True,False,False,False,False,
seed001,/local0/rossin/git/GenAI-Net/comparisons/rne_oscillator/data/posthoc/rl4crn_rne_oscillator_trace_8rxn_stop_risksched085to09_lr1e4_entropy005_s4_c1_rnetol_d256_depth3_p20_antimony/seed001.ant,0.00901912171430346,110.87554106450256,True,False,False,False,False,
seed002,/local0/rossin/git/GenAI-Net/comparisons/rne_oscillator/data/posthoc/rl4crn_rne_oscillator_trace_8rxn_stop_risksched085to09_lr1e4_entropy005_s4_c1_rnetol_d256_depth3_p20_antimony/seed002.ant,0.00902284180184857,110.8298274491661,True,False,False,False,False,
seed003,/local0/rossin/git/GenAI-Net/comparisons/rne_oscillator/data/posthoc/rl4crn_rne_oscillator_trace_8rxn_stop_risksched085to09_lr1e4_entropy005_s4_c1_rnetol_d256_depth3_p20_antimony/seed003.ant,0.054674214400749495,18.290157635740837,True,False,False,False,False,
seed004,/local0/rossin/git/GenAI-Net/comparisons/rne_oscillator/data/posthoc/rl4crn_rne_oscillator_trace_8rxn_stop_risksched085to09_lr1e4_entropy005_s4_c1_rnetol_d256_depth3_p20_antimony/seed004.ant,0.06332012435175662,15.792767469071753,True,True,False,False,True,
seed005,/local0/rossin/git/GenAI-Net/comparisons/rne_oscillator/data/posthoc/rl4crn_rne_oscillator_trace_8rxn_stop_risksched085to09_lr1e4_entropy005_s4_c1_rnetol_d256_depth3_p20_antimony/seed005.ant,0.009224172934934561,108.41080355429115,True,False,False,False,False,
seed006,/local0/rossin/git/GenAI-Net/comparisons/rne_oscillator/data/posthoc/rl4crn_rne_oscillator_trace_8rxn_stop_risksched085to09_lr1e4_entropy005_s4_c1_rnetol_d256_depth3_p20_antimony/seed006.ant,0.009595696807301641,104.21338023509364,True,False,False,False,False,
seed007,/local0/rossin/git/GenAI-Net/comparisons/rne_oscillator/data/posthoc/rl4crn_rne_oscillator_trace_8rxn_stop_risksched085to09_lr1e4_entropy005_s4_c1_rnetol_d256_depth3_p20_antimony/seed007.ant,0.02247889233277378,44.4861777527187,True,False,False,False,False,
seed008,/local0/rossin/git/GenAI-Net/comparisons/rne_oscillator/data/posthoc/rl4crn_rne_oscillator_trace_8rxn_stop_risksched085to09_lr1e4_entropy005_s4_c1_rnetol_d256_depth3_p20_antimony/seed008.ant,0.009019065588694997,110.8762310425435,True,False,False,False,False,
seed009,/local0/rossin/git/GenAI-Net/comparisons/rne_oscillator/data/posthoc/rl4crn_rne_oscillator_trace_8rxn_stop_risksched085to09_lr1e4_entropy005_s4_c1_rnetol_d256_depth3_p20_antimony/seed009.ant,0.01184023091419969,84.45781228816452,True,False,False,False,False,
seed010,/local0/rossin/git/GenAI-Net/comparisons/rne_oscillator/data/posthoc/rl4crn_rne_oscillator_trace_8rxn_stop_risksched085to09_lr1e4_entropy005_s4_c1_rnetol_d256_depth3_p20_antimony/seed010.ant,0.009470741105262177,105.58835775210615,True,False,False,False,False,
seed011,/local0/rossin/git/GenAI-Net/comparisons/rne_oscillator/data/posthoc/rl4crn_rne_oscillator_trace_8rxn_stop_risksched085to09_lr1e4_entropy005_s4_c1_rnetol_d256_depth3_p20_antimony/seed011.ant,0.050366044656838464,19.854646256487896,True,False,False,False,False,
seed012,/local0/rossin/git/GenAI-Net/comparisons/rne_oscillator/data/posthoc/rl4crn_rne_oscillator_trace_8rxn_stop_risksched085to09_lr1e4_entropy005_s4_c1_rnetol_d256_depth3_p20_antimony/seed012.ant,0.009163183369390478,109.13237896564308,True,False,False,False,False,
seed013,/local0/rossin/git/GenAI-Net/comparisons/rne_oscillator/data/posthoc/rl4crn_rne_oscillator_trace_8rxn_stop_risksched085to09_lr1e4_entropy005_s4_c1_rnetol_d256_depth3_p20_antimony/seed013.ant,0.06869961758513302,14.556121782785668,True,True,False,False,True,
seed014,/local0/rossin/git/GenAI-Net/comparisons/rne_oscillator/data/posthoc/rl4crn_rne_oscillator_trace_8rxn_stop_risksched085to09_lr1e4_entropy005_s4_c1_rnetol_d256_depth3_p20_antimony/seed014.ant,0.07272111012174673,13.751165216342828,True,True,False,False,True,
seed015,/local0/rossin/git/GenAI-Net/comparisons/rne_oscillator/data/posthoc/rl4crn_rne_oscillator_trace_8rxn_stop_risksched085to09_lr1e4_entropy005_s4_c1_rnetol_d256_depth3_p20_antimony/seed015.ant,0.00902752713050383,110.77230625217624,True,False,False,False,False,
seed016,/local0/rossin/git/GenAI-Net/comparisons/rne_oscillator/data/posthoc/rl4crn_rne_oscillator_trace_8rxn_stop_risksched085to09_lr1e4_entropy005_s4_c1_rnetol_d256_depth3_p20_antimony/seed016.ant,0.013004862522692099,76.89431535743701,True,False,False,False,False,
seed017,/local0/rossin/git/GenAI-Net/comparisons/rne_oscillator/data/posthoc/rl4crn_rne_oscillator_trace_8rxn_stop_risksched085to09_lr1e4_entropy005_s4_c1_rnetol_d256_depth3_p20_antimony/seed017.ant,0.07123511880947721,14.038019683445222,True,True,False,False,True,
seed018,/local0/rossin/git/GenAI-Net/comparisons/rne_oscillator/data/posthoc/rl4crn_rne_oscillator_trace_8rxn_stop_risksched085to09_lr1e4_entropy005_s4_c1_rnetol_d256_depth3_p20_antimony/seed018.ant,0.009027048511113793,110.7781794646206,True,False,False,False,False,
seed019,/local0/rossin/git/GenAI-Net/comparisons/rne_oscillator/data/posthoc/rl4crn_rne_oscillator_trace_8rxn_stop_risksched085to09_lr1e4_entropy005_s4_c1_rnetol_d256_depth3_p20_antimony/seed019.ant,0.009026824088223846,110.78093360704496,True,False,False,False,False,
seed020,/local0/rossin/git/GenAI-Net/comparisons/rne_oscillator/data/posthoc/rl4crn_rne_oscillator_trace_8rxn_stop_risksched085to09_lr1e4_entropy005_s4_c1_rnetol_d256_depth3_p20_antimony/seed020.ant,0.0660478377104463,15.14054107848314,True,True,False,False,True,
seed021,/local0/rossin/git/GenAI-Net/comparisons/rne_oscillator/data/posthoc/rl4crn_rne_oscillator_trace_8rxn_stop_risksched085to09_lr1e4_entropy005_s4_c1_rnetol_d256_depth3_p20_antimony/seed021.ant,0.015016662779077167,66.59269204561933,True,True,False,False,True,
seed022,/local0/rossin/git/GenAI-Net/comparisons/rne_oscillator/data/posthoc/rl4crn_rne_oscillator_trace_8rxn_stop_risksched085to09_lr1e4_entropy005_s4_c1_rnetol_d256_depth3_p20_antimony/seed022.ant,0.05085660332297706,19.663129950878947,True,True,False,False,True,
seed023,/local0/rossin/git/GenAI-Net/comparisons/rne_oscillator/data/posthoc/rl4crn_rne_oscillator_trace_8rxn_stop_risksched085to09_lr1e4_entropy005_s4_c1_rnetol_d256_depth3_p20_antimony/seed023.ant,0.029687662271386955,33.68402640998118,True,False,False,False,False,
seed024,/local0/rossin/git/GenAI-Net/comparisons/rne_oscillator/data/posthoc/rl4crn_rne_oscillator_trace_8rxn_stop_risksched085to09_lr1e4_entropy005_s4_c1_rnetol_d256_depth3_p20_antimony/seed024.ant,0.0516592202913894,19.35762859678083,True,False,False,False,False,
seed025,/local0/rossin/git/GenAI-Net/comparisons/rne_oscillator/data/posthoc/rl4crn_rne_oscillator_trace_8rxn_stop_risksched085to09_lr1e4_entropy005_s4_c1_rnetol_d256_depth3_p20_antimony/seed025.ant,0.00993273458454305,100.67720943194864,True,False,False,False,False,
seed026,/local0/rossin/git/GenAI-Net/comparisons/rne_oscillator/data/posthoc/rl4crn_rne_oscillator_trace_8rxn_stop_risksched085to09_lr1e4_entropy005_s4_c1_rnetol_d256_depth3_p20_antimony/seed026.ant,0.06094894111872086,16.40717593521643,True,True,False,False,True,
seed027,/local0/rossin/git/GenAI-Net/comparisons/rne_oscillator/data/posthoc/rl4crn_rne_oscillator_trace_8rxn_stop_risksched085to09_lr1e4_entropy005_s4_c1_rnetol_d256_depth3_p20_antimony/seed027.ant,0.009984753732630606,100.15269547730124,True,False,False,False,False,
seed028,/local0/rossin/git/GenAI-Net/comparisons/rne_oscillator/data/posthoc/rl4crn_rne_oscillator_trace_8rxn_stop_risksched085to09_lr1e4_entropy005_s4_c1_rnetol_d256_depth3_p20_antimony/seed028.ant,0.05059271267971937,19.765692469003756,True,False,False,False,False,
seed029,/local0/rossin/git/GenAI-Net/comparisons/rne_oscillator/data/posthoc/rl4crn_rne_oscillator_trace_8rxn_stop_risksched085to09_lr1e4_entropy005_s4_c1_rnetol_d256_depth3_p20_antimony/seed029.ant,0.0519353242305578,19.25471757065913,True,False,False,False,False,
seed030,/local0/rossin/git/GenAI-Net/comparisons/rne_oscillator/data/posthoc/rl4crn_rne_oscillator_trace_8rxn_stop_risksched085to09_lr1e4_entropy005_s4_c1_rnetol_d256_depth3_p20_antimony/seed030.ant,0.0912976350006258,10.95318624620611,True,True,False,False,True,
seed031,/local0/rossin/git/GenAI-Net/comparisons/rne_oscillator/data/posthoc/rl4crn_rne_oscillator_trace_8rxn_stop_risksched085to09_lr1e4_entropy005_s4_c1_rnetol_d256_depth3_p20_antimony/seed031.ant,0.009959779477122867,100.40382945194236,True,False,True,False,False,
seed032,/local0/rossin/git/GenAI-Net/comparisons/rne_oscillator/data/posthoc/rl4crn_rne_oscillator_trace_8rxn_stop_risksched085to09_lr1e4_entropy005_s4_c1_rnetol_d256_depth3_p20_antimony/seed032.ant,0.010438140026842374,95.8025086297399,True,False,False,False,False,
seed033,/local0/rossin/git/GenAI-Net/comparisons/rne_oscillator/data/posthoc/rl4crn_rne_oscillator_trace_8rxn_stop_risksched085to09_lr1e4_entropy005_s4_c1_rnetol_d256_depth3_p20_antimony/seed033.ant,0.05408330064610326,18.48999576678112,True,False,False,False,False,
seed034,/local0/rossin/git/GenAI-Net/comparisons/rne_oscillator/data/posthoc/rl4crn_rne_oscillator_trace_8rxn_stop_risksched085to09_lr1e4_entropy005_s4_c1_rnetol_d256_depth3_p20_antimony/seed034.ant,0.05746525065543708,17.401820902096507,True,True,False,False,True,
seed035,/local0/rossin/git/GenAI-Net/comparisons/rne_oscillator/data/posthoc/rl4crn_rne_oscillator_trace_8rxn_stop_risksched085to09_lr1e4_entropy005_s4_c1_rnetol_d256_depth3_p20_antimony/seed035.ant,0.058573931118370254,17.072441287560686,True,True,False,False,True,
seed036,/local0/rossin/git/GenAI-Net/comparisons/rne_oscillator/data/posthoc/rl4crn_rne_oscillator_trace_8rxn_stop_risksched085to09_lr1e4_entropy005_s4_c1_rnetol_d256_depth3_p20_antimony/seed036.ant,0.02551392400489605,39.19428465053446,True,False,False,False,False,
seed037,/local0/rossin/git/GenAI-Net/comparisons/rne_oscillator/data/posthoc/rl4crn_rne_oscillator_trace_8rxn_stop_risksched085to09_lr1e4_entropy005_s4_c1_rnetol_d256_depth3_p20_antimony/seed037.ant,0.06513673230104064,15.352320644184722,True,True,False,False,True,
seed038,/local0/rossin/git/GenAI-Net/comparisons/rne_oscillator/data/posthoc/rl4crn_rne_oscillator_trace_8rxn_stop_risksched085to09_lr1e4_entropy005_s4_c1_rnetol_d256_depth3_p20_antimony/seed038.ant,0.05365889052974321,18.636240707319477,True,False,False,False,False,
seed039,/local0/rossin/git/GenAI-Net/comparisons/rne_oscillator/data/posthoc/rl4crn_rne_oscillator_trace_8rxn_stop_risksched085to09_lr1e4_entropy005_s4_c1_rnetol_d256_depth3_p20_antimony/seed039.ant,0.009018416395686324,110.88421249636673,True,False,False,False,False,
seed040,/local0/rossin/git/GenAI-Net/comparisons/rne_oscillator/data/posthoc/rl4crn_rne_oscillator_trace_8rxn_stop_risksched085to09_lr1e4_entropy005_s4_c1_rnetol_d256_depth3_p20_antimony/seed040.ant,0.030419511596996036,32.87363759314108,True,False,False,False,False,
seed041,/local0/rossin/git/GenAI-Net/comparisons/rne_oscillator/data/posthoc/rl4crn_rne_oscillator_trace_8rxn_stop_risksched085to09_lr1e4_entropy005_s4_c1_rnetol_d256_depth3_p20_antimony/seed041.ant,0.014434829157896678,69.2768850300485,True,True,False,False,True,
seed042,/local0/rossin/git/GenAI-Net/comparisons/rne_oscillator/data/posthoc/rl4crn_rne_oscillator_trace_8rxn_stop_risksched085to09_lr1e4_entropy005_s4_c1_rnetol_d256_depth3_p20_antimony/seed042.ant,0.07681439588509245,13.018393082149753,True,True,False,False,True,
seed043,/local0/rossin/git/GenAI-Net/comparisons/rne_oscillator/data/posthoc/rl4crn_rne_oscillator_trace_8rxn_stop_risksched085to09_lr1e4_entropy005_s4_c1_rnetol_d256_depth3_p20_antimony/seed043.ant,0.05080926885313361,19.68144833751777,True,False,False,False,False,
seed044,/local0/rossin/git/GenAI-Net/comparisons/rne_oscillator/data/posthoc/rl4crn_rne_oscillator_trace_8rxn_stop_risksched085to09_lr1e4_entropy005_s4_c1_rnetol_d256_depth3_p20_antimony/seed044.ant,0.009947042325839445,100.53239618799034,True,False,False,False,False,
seed045,/local0/rossin/git/GenAI-Net/comparisons/rne_oscillator/data/posthoc/rl4crn_rne_oscillator_trace_8rxn_stop_risksched085to09_lr1e4_entropy005_s4_c1_rnetol_d256_depth3_p20_antimony/seed045.ant,0.054979215885584715,18.188691560844816,True,True,False,False,True,
seed046,/local0/rossin/git/GenAI-Net/comparisons/rne_oscillator/data/posthoc/rl4crn_rne_oscillator_trace_8rxn_stop_risksched085to09_lr1e4_entropy005_s4_c1_rnetol_d256_depth3_p20_antimony/seed046.ant,0.009493193238368796,105.33863315436196,True,False,False,False,False,
seed047,/local0/rossin/git/GenAI-Net/comparisons/rne_oscillator/data/posthoc/rl4crn_rne_oscillator_trace_8rxn_stop_risksched085to09_lr1e4_entropy005_s4_c1_rnetol_d256_depth3_p20_antimony/seed047.ant,0.05446393452448406,18.36077412935442,True,True,False,False,True,
seed048,/local0/rossin/git/GenAI-Net/comparisons/rne_oscillator/data/posthoc/rl4crn_rne_oscillator_trace_8rxn_stop_risksched085to09_lr1e4_entropy005_s4_c1_rnetol_d256_depth3_p20_antimony/seed048.ant,0.009277621130653158,107.78625101385214,True,False,False,False,False,
seed049,/local0/rossin/git/GenAI-Net/comparisons/rne_oscillator/data/posthoc/rl4crn_rne_oscillator_trace_8rxn_stop_risksched085to09_lr1e4_entropy005_s4_c1_rnetol_d256_depth3_p20_antimony/seed049.ant,0.009021832706584586,110.84222380560767,True,False,False,False,False,
seed050,/local0/rossin/git/GenAI-Net/comparisons/rne_oscillator/data/posthoc/rl4crn_rne_oscillator_trace_8rxn_stop_risksched085to09_lr1e4_entropy005_s4_c1_rnetol_d256_depth3_p20_antimony/seed050.ant,0.08353566387107336,11.970934971479636,True,True,False,False,True,
seed051,/local0/rossin/git/GenAI-Net/comparisons/rne_oscillator/data/posthoc/rl4crn_rne_oscillator_trace_8rxn_stop_risksched085to09_lr1e4_entropy005_s4_c1_rnetol_d256_depth3_p20_antimony/seed051.ant,0.05039054742746172,19.844991790167025,True,True,False,False,True,
seed052,/local0/rossin/git/GenAI-Net/comparisons/rne_oscillator/data/posthoc/rl4crn_rne_oscillator_trace_8rxn_stop_risksched085to09_lr1e4_entropy005_s4_c1_rnetol_d256_depth3_p20_antimony/seed052.ant,0.009983893180597527,100.16132804218874,True,False,False,False,False,
seed053,/local0/rossin/git/GenAI-Net/comparisons/rne_oscillator/data/posthoc/rl4crn_rne_oscillator_trace_8rxn_stop_risksched085to09_lr1e4_entropy005_s4_c1_rnetol_d256_depth3_p20_antimony/seed053.ant,0.009297845291827193,107.55180029495652,True,False,False,False,False,
seed054,/local0/rossin/git/GenAI-Net/comparisons/rne_oscillator/data/posthoc/rl4crn_rne_oscillator_trace_8rxn_stop_risksched085to09_lr1e4_entropy005_s4_c1_rnetol_d256_depth3_p20_antimony/seed054.ant,0.0744541903598598,13.431077487602714,True,True,False,False,True,
seed055,/local0/rossin/git/GenAI-Net/comparisons/rne_oscillator/data/posthoc/rl4crn_rne_oscillator_trace_8rxn_stop_risksched085to09_lr1e4_entropy005_s4_c1_rnetol_d256_depth3_p20_antimony/seed055.ant,0.060689343538490696,16.477357336478274,True,True,False,False,True,
seed056,/local0/rossin/git/GenAI-Net/comparisons/rne_oscillator/data/posthoc/rl4crn_rne_oscillator_trace_8rxn_stop_risksched085to09_lr1e4_entropy005_s4_c1_rnetol_d256_depth3_p20_antimony/seed056.ant,0.05823023346673846,17.173209524760146,True,True,False,False,True,
seed057,/local0/rossin/git/GenAI-Net/comparisons/rne_oscillator/data/posthoc/rl4crn_rne_oscillator_trace_8rxn_stop_risksched085to09_lr1e4_entropy005_s4_c1_rnetol_d256_depth3_p20_antimony/seed057.ant,0.06829636562615292,14.642067565848148,True,True,False,False,True,
seed058,/local0/rossin/git/GenAI-Net/comparisons/rne_oscillator/data/posthoc/rl4crn_rne_oscillator_trace_8rxn_stop_risksched085to09_lr1e4_entropy005_s4_c1_rnetol_d256_depth3_p20_antimony/seed058.ant,0.009018571697938517,110.88230304013462,True,False,False,False,False,
seed059,/local0/rossin/git/GenAI-Net/comparisons/rne_oscillator/data/posthoc/rl4crn_rne_oscillator_trace_8rxn_stop_risksched085to09_lr1e4_entropy005_s4_c1_rnetol_d256_depth3_p20_antimony/seed059.ant,0.012612693378114815,79.28520657888754,True,True,False,False,True,
seed060,/local0/rossin/git/GenAI-Net/comparisons/rne_oscillator/data/posthoc/rl4crn_rne_oscillator_trace_8rxn_stop_risksched085to09_lr1e4_entropy005_s4_c1_rnetol_d256_depth3_p20_antimony/seed060.ant,0.08378814613561586,11.93486246111047,True,True,False,False,True,
seed061,/local0/rossin/git/GenAI-Net/comparisons/rne_oscillator/data/posthoc/rl4crn_rne_oscillator_trace_8rxn_stop_risksched085to09_lr1e4_entropy005_s4_c1_rnetol_d256_depth3_p20_antimony/seed061.ant,0.00902682846919367,110.78087984199016,True,False,False,False,False,
seed062,/local0/rossin/git/GenAI-Net/comparisons/rne_oscillator/data/posthoc/rl4crn_rne_oscillator_trace_8rxn_stop_risksched085to09_lr1e4_entropy005_s4_c1_rnetol_d256_depth3_p20_antimony/seed062.ant,0.05294991304828401,18.88577227857049,True,True,False,False,True,
seed063,/local0/rossin/git/GenAI-Net/comparisons/rne_oscillator/data/posthoc/rl4crn_rne_oscillator_trace_8rxn_stop_risksched085to09_lr1e4_entropy005_s4_c1_rnetol_d256_depth3_p20_antimony/seed063.ant,0.08737517153586774,11.444898847374478,True,True,False,False,True,
seed064,/local0/rossin/git/GenAI-Net/comparisons/rne_oscillator/data/posthoc/rl4crn_rne_oscillator_trace_8rxn_stop_risksched085to09_lr1e4_entropy005_s4_c1_rnetol_d256_depth3_p20_antimony/seed064.ant,0.013829888375632395,72.30716350263191,True,False,False,False,False,
seed065,/local0/rossin/git/GenAI-Net/comparisons/rne_oscillator/data/posthoc/rl4crn_rne_oscillator_trace_8rxn_stop_risksched085to09_lr1e4_entropy005_s4_c1_rnetol_d256_depth3_p20_antimony/seed065.ant,0.009022246917591932,110.83713504339596,True,False,False,False,False,
seed066,/local0/rossin/git/GenAI-Net/comparisons/rne_oscillator/data/posthoc/rl4crn_rne_oscillator_trace_8rxn_stop_risksched085to09_lr1e4_entropy005_s4_c1_rnetol_d256_depth3_p20_antimony/seed066.ant,0.05037368355507308,19.85163540614832,True,False,True,False,False,
seed067,/local0/rossin/git/GenAI-Net/comparisons/rne_oscillator/data/posthoc/rl4crn_rne_oscillator_trace_8rxn_stop_risksched085to09_lr1e4_entropy005_s4_c1_rnetol_d256_depth3_p20_antimony/seed067.ant,0.05444615189517318,18.366770932229155,True,False,False,False,False,
seed068,/local0/rossin/git/GenAI-Net/comparisons/rne_oscillator/data/posthoc/rl4crn_rne_oscillator_trace_8rxn_stop_risksched085to09_lr1e4_entropy005_s4_c1_rnetol_d256_depth3_p20_antimony/seed068.ant,0.0502957354207237,19.88240139317981,True,True,False,False,True,
seed069,/local0/rossin/git/GenAI-Net/comparisons/rne_oscillator/data/posthoc/rl4crn_rne_oscillator_trace_8rxn_stop_risksched085to09_lr1e4_entropy005_s4_c1_rnetol_d256_depth3_p20_antimony/seed069.ant,0.12640424735891,7.9111265712505485,True,True,False,False,True,
seed070,/local0/rossin/git/GenAI-Net/comparisons/rne_oscillator/data/posthoc/rl4crn_rne_oscillator_trace_8rxn_stop_risksched085to09_lr1e4_entropy005_s4_c1_rnetol_d256_depth3_p20_antimony/seed070.ant,0.032782699991312864,30.503893830129655,True,False,False,False,False,
seed071,/local0/rossin/git/GenAI-Net/comparisons/rne_oscillator/data/posthoc/rl4crn_rne_oscillator_trace_8rxn_stop_risksched085to09_lr1e4_entropy005_s4_c1_rnetol_d256_depth3_p20_antimony/seed071.ant,0.06552518685192006,15.26130711019403,True,False,False,False,False,
seed072,/local0/rossin/git/GenAI-Net/comparisons/rne_oscillator/data/posthoc/rl4crn_rne_oscillator_trace_8rxn_stop_risksched085to09_lr1e4_entropy005_s4_c1_rnetol_d256_depth3_p20_antimony/seed072.ant,0.009027169068927485,110.77670002239248,True,False,False,False,False,
seed073,/local0/rossin/git/GenAI-Net/comparisons/rne_oscillator/data/posthoc/rl4crn_rne_oscillator_trace_8rxn_stop_risksched085to09_lr1e4_entropy005_s4_c1_rnetol_d256_depth3_p20_antimony/seed073.ant,0.07992320284588246,12.512011085545712,True,True,False,False,True,
seed074,/local0/rossin/git/GenAI-Net/comparisons/rne_oscillator/data/posthoc/rl4crn_rne_oscillator_trace_8rxn_stop_risksched085to09_lr1e4_entropy005_s4_c1_rnetol_d256_depth3_p20_antimony/seed074.ant,0.010020650786403535,99.79391771209555,True,False,False,False,False,
seed075,/local0/rossin/git/GenAI-Net/comparisons/rne_oscillator/data/posthoc/rl4crn_rne_oscillator_trace_8rxn_stop_risksched085to09_lr1e4_entropy005_s4_c1_rnetol_d256_depth3_p20_antimony/seed075.ant,0.010008854939516577,99.91152894541796,True,False,False,False,False,
seed076,/local0/rossin/git/GenAI-Net/comparisons/rne_oscillator/data/posthoc/rl4crn_rne_oscillator_trace_8rxn_stop_risksched085to09_lr1e4_entropy005_s4_c1_rnetol_d256_depth3_p20_antimony/seed076.ant,0.013899758585829073,71.9436955559436,True,True,False,False,True,
seed077,/local0/rossin/git/GenAI-Net/comparisons/rne_oscillator/data/posthoc/rl4crn_rne_oscillator_trace_8rxn_stop_risksched085to09_lr1e4_entropy005_s4_c1_rnetol_d256_depth3_p20_antimony/seed077.ant,0.014146724618758953,70.68774058653634,True,False,False,False,False,
seed078,/local0/rossin/git/GenAI-Net/comparisons/rne_oscillator/data/posthoc/rl4crn_rne_oscillator_trace_8rxn_stop_risksched085to09_lr1e4_entropy005_s4_c1_rnetol_d256_depth3_p20_antimony/seed078.ant,0.01635970010359665,61.12581487848618,True,False,False,False,False,
seed079,/local0/rossin/git/GenAI-Net/comparisons/rne_oscillator/data/posthoc/rl4crn_rne_oscillator_trace_8rxn_stop_risksched085to09_lr1e4_entropy005_s4_c1_rnetol_d256_depth3_p20_antimony/seed079.ant,0.03146874296196422,31.777564207400484,True,True,False,False,True,
seed080,/local0/rossin/git/GenAI-Net/comparisons/rne_oscillator/data/posthoc/rl4crn_rne_oscillator_trace_8rxn_stop_risksched085to09_lr1e4_entropy005_s4_c1_rnetol_d256_depth3_p20_antimony/seed080.ant,0.06460561894271649,15.478529830147815,True,False,False,False,False,
seed081,/local0/rossin/git/GenAI-Net/comparisons/rne_oscillator/data/posthoc/rl4crn_rne_oscillator_trace_8rxn_stop_risksched085to09_lr1e4_entropy005_s4_c1_rnetol_d256_depth3_p20_antimony/seed081.ant,0.009022774856827408,110.83064975774208,True,False,False,False,False,
seed082,/local0/rossin/git/GenAI-Net/comparisons/rne_oscillator/data/posthoc/rl4crn_rne_oscillator_trace_8rxn_stop_risksched085to09_lr1e4_entropy005_s4_c1_rnetol_d256_depth3_p20_antimony/seed082.ant,0.06340054235402415,15.772735734910132,True,False,False,False,False,
seed083,/local0/rossin/git/GenAI-Net/comparisons/rne_oscillator/data/posthoc/rl4crn_rne_oscillator_trace_8rxn_stop_risksched085to09_lr1e4_entropy005_s4_c1_rnetol_d256_depth3_p20_antimony/seed083.ant,0.056033068889103324,17.846604154042126,True,True,False,False,True,
seed084,/local0/rossin/git/GenAI-Net/comparisons/rne_oscillator/data/posthoc/rl4crn_rne_oscillator_trace_8rxn_stop_risksched085to09_lr1e4_entropy005_s4_c1_rnetol_d256_depth3_p20_antimony/seed084.ant,0.03994938251827056,25.031676010077437,True,False,False,False,False,
seed085,/local0/rossin/git/GenAI-Net/comparisons/rne_oscillator/data/posthoc/rl4crn_rne_oscillator_trace_8rxn_stop_risksched085to09_lr1e4_entropy005_s4_c1_rnetol_d256_depth3_p20_antimony/seed085.ant,0.05918416441653595,16.896411563100514,True,False,False,False,False,
seed086,/local0/rossin/git/GenAI-Net/comparisons/rne_oscillator/data/posthoc/rl4crn_rne_oscillator_trace_8rxn_stop_risksched085to09_lr1e4_entropy005_s4_c1_rnetol_d256_depth3_p20_antimony/seed086.ant,0.00902612233012231,110.78954654345453,True,False,False,False,False,
seed087,/local0/rossin/git/GenAI-Net/comparisons/rne_oscillator/data/posthoc/rl4crn_rne_oscillator_trace_8rxn_stop_risksched085to09_lr1e4_entropy005_s4_c1_rnetol_d256_depth3_p20_antimony/seed087.ant,0.06641477709426698,15.056890104150051,True,True,False,False,True,
seed088,/local0/rossin/git/GenAI-Net/comparisons/rne_oscillator/data/posthoc/rl4crn_rne_oscillator_trace_8rxn_stop_risksched085to09_lr1e4_entropy005_s4_c1_rnetol_d256_depth3_p20_antimony/seed088.ant,0.021046550720843424,47.51372390011876,True,False,False,False,False,
seed089,/local0/rossin/git/GenAI-Net/comparisons/rne_oscillator/data/posthoc/rl4crn_rne_oscillator_trace_8rxn_stop_risksched085to09_lr1e4_entropy005_s4_c1_rnetol_d256_depth3_p20_antimony/seed089.ant,0.05219698601839383,19.15819429971699,True,True,False,False,True,
seed090,/local0/rossin/git/GenAI-Net/comparisons/rne_oscillator/data/posthoc/rl4crn_rne_oscillator_trace_8rxn_stop_risksched085to09_lr1e4_entropy005_s4_c1_rnetol_d256_depth3_p20_antimony/seed090.ant,0.009843603246538638,101.58881610264368,True,False,False,False,False,
seed091,/local0/rossin/git/GenAI-Net/comparisons/rne_oscillator/data/posthoc/rl4crn_rne_oscillator_trace_8rxn_stop_risksched085to09_lr1e4_entropy005_s4_c1_rnetol_d256_depth3_p20_antimony/seed091.ant,0.011427212199634508,87.5104078343784,True,False,False,False,False,
seed092,/local0/rossin/git/GenAI-Net/comparisons/rne_oscillator/data/posthoc/rl4crn_rne_oscillator_trace_8rxn_stop_risksched085to09_lr1e4_entropy005_s4_c1_rnetol_d256_depth3_p20_antimony/seed092.ant,0.01811626259954421,55.199023225969306,True,False,False,False,False,
seed093,/local0/rossin/git/GenAI-Net/comparisons/rne_oscillator/data/posthoc/rl4crn_rne_oscillator_trace_8rxn_stop_risksched085to09_lr1e4_entropy005_s4_c1_rnetol_d256_depth3_p20_antimony/seed093.ant,0.009275029405198136,107.81636977232178,True,False,False,False,False,
seed094,/local0/rossin/git/GenAI-Net/comparisons/rne_oscillator/data/posthoc/rl4crn_rne_oscillator_trace_8rxn_stop_risksched085to09_lr1e4_entropy005_s4_c1_rnetol_d256_depth3_p20_antimony/seed094.ant,0.009358622591450474,106.8533312705168,True,False,False,False,False,
seed095,/local0/rossin/git/GenAI-Net/comparisons/rne_oscillator/data/posthoc/rl4crn_rne_oscillator_trace_8rxn_stop_risksched085to09_lr1e4_entropy005_s4_c1_rnetol_d256_depth3_p20_antimony/seed095.ant,0.03503977154627098,28.538998853901564,True,False,False,False,False,
seed096,/local0/rossin/git/GenAI-Net/comparisons/rne_oscillator/data/posthoc/rl4crn_rne_oscillator_trace_8rxn_stop_risksched085to09_lr1e4_entropy005_s4_c1_rnetol_d256_depth3_p20_antimony/seed096.ant,0.014681141279911538,68.11459551637974,True,False,False,False,False,
seed097,/local0/rossin/git/GenAI-Net/comparisons/rne_oscillator/data/posthoc/rl4crn_rne_oscillator_trace_8rxn_stop_risksched085to09_lr1e4_entropy005_s4_c1_rnetol_d256_depth3_p20_antimony/seed097.ant,0.05459088192647175,18.31807739151194,True,True,False,False,True,
seed098,/local0/rossin/git/GenAI-Net/comparisons/rne_oscillator/data/posthoc/rl4crn_rne_oscillator_trace_8rxn_stop_risksched085to09_lr1e4_entropy005_s4_c1_rnetol_d256_depth3_p20_antimony/seed098.ant,0.009395366899637358,106.43543894369873,True,False,False,False,False,
seed099,/local0/rossin/git/GenAI-Net/comparisons/rne_oscillator/data/posthoc/rl4crn_rne_oscillator_trace_8rxn_stop_risksched085to09_lr1e4_entropy005_s4_c1_rnetol_d256_depth3_p20_antimony/seed099.ant,0.009016337402765475,110.90978024993628,True,False,False,False,False,
seed100,/local0/rossin/git/GenAI-Net/comparisons/rne_oscillator/data/posthoc/rl4crn_rne_oscillator_trace_8rxn_stop_risksched085to09_lr1e4_entropy005_s4_c1_rnetol_d256_depth3_p20_antimony/seed100.ant,0.014886841570838963,67.17341588150212,True,False,False,False,False,
seed101,/local0/rossin/git/GenAI-Net/comparisons/rne_oscillator/data/posthoc/rl4crn_rne_oscillator_trace_8rxn_stop_risksched085to09_lr1e4_entropy005_s4_c1_rnetol_d256_depth3_p20_antimony/seed101.ant,0.009029491899609408,110.74820279126196,True,False,False,False,False,
seed102,/local0/rossin/git/GenAI-Net/comparisons/rne_oscillator/data/posthoc/rl4crn_rne_oscillator_trace_8rxn_stop_risksched085to09_lr1e4_entropy005_s4_c1_rnetol_d256_depth3_p20_antimony/seed102.ant,0.052134138485066275,19.18128944024745,True,True,False,False,True,
seed103,/local0/rossin/git/GenAI-Net/comparisons/rne_oscillator/data/posthoc/rl4crn_rne_oscillator_trace_8rxn_stop_risksched085to09_lr1e4_entropy005_s4_c1_rnetol_d256_depth3_p20_antimony/seed103.ant,0.05048948894441194,19.8061026345698,True,False,False,False,False,
seed104,/local0/rossin/git/GenAI-Net/comparisons/rne_oscillator/data/posthoc/rl4crn_rne_oscillator_trace_8rxn_stop_risksched085to09_lr1e4_entropy005_s4_c1_rnetol_d256_depth3_p20_antimony/seed104.ant,0.053121115447669585,18.824905907428,True,False,False,False,False,
seed105,/local0/rossin/git/GenAI-Net/comparisons/rne_oscillator/data/posthoc/rl4crn_rne_oscillator_trace_8rxn_stop_risksched085to09_lr1e4_entropy005_s4_c1_rnetol_d256_depth3_p20_antimony/seed105.ant,0.05230596107114224,19.118279819768205,True,True,False,False,True,
seed106,/local0/rossin/git/GenAI-Net/comparisons/rne_oscillator/data/posthoc/rl4crn_rne_oscillator_trace_8rxn_stop_risksched085to09_lr1e4_entropy005_s4_c1_rnetol_d256_depth3_p20_antimony/seed106.ant,0.009028550697274398,110.75974799608613,True,False,False,False,False,
seed107,/local0/rossin/git/GenAI-Net/comparisons/rne_oscillator/data/posthoc/rl4crn_rne_oscillator_trace_8rxn_stop_risksched085to09_lr1e4_entropy005_s4_c1_rnetol_d256_depth3_p20_antimony/seed107.ant,0.03726177521488835,26.83715400656593,True,False,False,False,False,
seed108,/local0/rossin/git/GenAI-Net/comparisons/rne_oscillator/data/posthoc/rl4crn_rne_oscillator_trace_8rxn_stop_risksched085to09_lr1e4_entropy005_s4_c1_rnetol_d256_depth3_p20_antimony/seed108.ant,0.00981541565087853,101.88055560443789,True,False,False,False,False,
seed109,/local0/rossin/git/GenAI-Net/comparisons/rne_oscillator/data/posthoc/rl4crn_rne_oscillator_trace_8rxn_stop_risksched085to09_lr1e4_entropy005_s4_c1_rnetol_d256_depth3_p20_antimony/seed109.ant,0.009402112375140255,106.35907763068856,True,False,False,False,False,
seed110,/local0/rossin/git/GenAI-Net/comparisons/rne_oscillator/data/posthoc/rl4crn_rne_oscillator_trace_8rxn_stop_risksched085to09_lr1e4_entropy005_s4_c1_rnetol_d256_depth3_p20_antimony/seed110.ant,0.026761692378546732,37.36684458721456,True,False,False,False,False,
seed111,/local0/rossin/git/GenAI-Net/comparisons/rne_oscillator/data/posthoc/rl4crn_rne_oscillator_trace_8rxn_stop_risksched085to09_lr1e4_entropy005_s4_c1_rnetol_d256_depth3_p20_antimony/seed111.ant,0.009018721865424998,110.88045677888039,True,False,False,False,False,
seed112,/local0/rossin/git/GenAI-Net/comparisons/rne_oscillator/data/posthoc/rl4crn_rne_oscillator_trace_8rxn_stop_risksched085to09_lr1e4_entropy005_s4_c1_rnetol_d256_depth3_p20_antimony/seed112.ant,0.08584030578280419,11.649539116626997,True,True,False,False,True,
seed113,/local0/rossin/git/GenAI-Net/comparisons/rne_oscillator/data/posthoc/rl4crn_rne_oscillator_trace_8rxn_stop_risksched085to09_lr1e4_entropy005_s4_c1_rnetol_d256_depth3_p20_antimony/seed113.ant,0.013466514543936988,74.25826458192397,True,False,False,False,False,
seed114,/local0/rossin/git/GenAI-Net/comparisons/rne_oscillator/data/posthoc/rl4crn_rne_oscillator_trace_8rxn_stop_risksched085to09_lr1e4_entropy005_s4_c1_rnetol_d256_depth3_p20_antimony/seed114.ant,0.009282797024825587,107.72615164649567,True,False,False,False,False,
seed115,/local0/rossin/git/GenAI-Net/comparisons/rne_oscillator/data/posthoc/rl4crn_rne_oscillator_trace_8rxn_stop_risksched085to09_lr1e4_entropy005_s4_c1_rnetol_d256_depth3_p20_antimony/seed115.ant,0.062356513706441755,16.036817014943136,True,True,False,False,True,
seed116,/local0/rossin/git/GenAI-Net/comparisons/rne_oscillator/data/posthoc/rl4crn_rne_oscillator_trace_8rxn_stop_risksched085to09_lr1e4_entropy005_s4_c1_rnetol_d256_depth3_p20_antimony/seed116.ant,0.009027229991236901,110.77595242070277,True,False,False,False,False,
seed117,/local0/rossin/git/GenAI-Net/comparisons/rne_oscillator/data/posthoc/rl4crn_rne_oscillator_trace_8rxn_stop_risksched085to09_lr1e4_entropy005_s4_c1_rnetol_d256_depth3_p20_antimony/seed117.ant,0.009029492737073232,110.74819251963142,True,False,False,False,False,
seed118,/local0/rossin/git/GenAI-Net/comparisons/rne_oscillator/data/posthoc/rl4crn_rne_oscillator_trace_8rxn_stop_risksched085to09_lr1e4_entropy005_s4_c1_rnetol_d256_depth3_p20_antimony/seed118.ant,0.13068035164654887,7.6522597881026515,True,True,False,False,True,
seed119,/local0/rossin/git/GenAI-Net/comparisons/rne_oscillator/data/posthoc/rl4crn_rne_oscillator_trace_8rxn_stop_risksched085to09_lr1e4_entropy005_s4_c1_rnetol_d256_depth3_p20_antimony/seed119.ant,0.010559052833462895,94.70546419001532,True,False,False,False,False,
seed120,/local0/rossin/git/GenAI-Net/comparisons/rne_oscillator/data/posthoc/rl4crn_rne_oscillator_trace_8rxn_stop_risksched085to09_lr1e4_entropy005_s4_c1_rnetol_d256_depth3_p20_antimony/seed120.ant,0.07706414258414614,12.976203542498414,True,False,False,False,False,
seed121,/local0/rossin/git/GenAI-Net/comparisons/rne_oscillator/data/posthoc/rl4crn_rne_oscillator_trace_8rxn_stop_risksched085to09_lr1e4_entropy005_s4_c1_rnetol_d256_depth3_p20_antimony/seed121.ant,0.058913511930255846,16.97403477123957,True,True,False,False,True,
seed122,/local0/rossin/git/GenAI-Net/comparisons/rne_oscillator/data/posthoc/rl4crn_rne_oscillator_trace_8rxn_stop_risksched085to09_lr1e4_entropy005_s4_c1_rnetol_d256_depth3_p20_antimony/seed122.ant,0.009018479200015809,110.88344030313304,True,False,False,False,False,
seed123,/local0/rossin/git/GenAI-Net/comparisons/rne_oscillator/data/posthoc/rl4crn_rne_oscillator_trace_8rxn_stop_risksched085to09_lr1e4_entropy005_s4_c1_rnetol_d256_depth3_p20_antimony/seed123.ant,0.009286060809573712,107.68828898568307,True,False,False,False,False,
seed124,/local0/rossin/git/GenAI-Net/comparisons/rne_oscillator/data/posthoc/rl4crn_rne_oscillator_trace_8rxn_stop_risksched085to09_lr1e4_entropy005_s4_c1_rnetol_d256_depth3_p20_antimony/seed124.ant,0.038431870273127035,26.02007117772867,True,True,False,False,True,
seed125,/local0/rossin/git/GenAI-Net/comparisons/rne_oscillator/data/posthoc/rl4crn_rne_oscillator_trace_8rxn_stop_risksched085to09_lr1e4_entropy005_s4_c1_rnetol_d256_depth3_p20_antimony/seed125.ant,0.01732379602597599,57.72406916478121,True,False,False,False,False,
seed126,/local0/rossin/git/GenAI-Net/comparisons/rne_oscillator/data/posthoc/rl4crn_rne_oscillator_trace_8rxn_stop_risksched085to09_lr1e4_entropy005_s4_c1_rnetol_d256_depth3_p20_antimony/seed126.ant,0.0773655220794953,12.925654388688429,True,True,False,False,True,
seed127,/local0/rossin/git/GenAI-Net/comparisons/rne_oscillator/data/posthoc/rl4crn_rne_oscillator_trace_8rxn_stop_risksched085to09_lr1e4_entropy005_s4_c1_rnetol_d256_depth3_p20_antimony/seed127.ant,0.014411860694775624,69.3872929511805,True,True,False,False,True,
seed128,/local0/rossin/git/GenAI-Net/comparisons/rne_oscillator/data/posthoc/rl4crn_rne_oscillator_trace_8rxn_stop_risksched085to09_lr1e4_entropy005_s4_c1_rnetol_d256_depth3_p20_antimony/seed128.ant,0.009255807594808034,108.04027522794892,True,False,False,False,False,
seed129,/local0/rossin/git/GenAI-Net/comparisons/rne_oscillator/data/posthoc/rl4crn_rne_oscillator_trace_8rxn_stop_risksched085to09_lr1e4_entropy005_s4_c1_rnetol_d256_depth3_p20_antimony/seed129.ant,0.08916124232578607,11.215635559967886,True,True,False,False,True,
seed130,/local0/rossin/git/GenAI-Net/comparisons/rne_oscillator/data/posthoc/rl4crn_rne_oscillator_trace_8rxn_stop_risksched085to09_lr1e4_entropy005_s4_c1_rnetol_d256_depth3_p20_antimony/seed130.ant,0.009973991686653324,100.26076132970393,True,False,False,False,False,
seed131,/local0/rossin/git/GenAI-Net/comparisons/rne_oscillator/data/posthoc/rl4crn_rne_oscillator_trace_8rxn_stop_risksched085to09_lr1e4_entropy005_s4_c1_rnetol_d256_depth3_p20_antimony/seed131.ant,0.050790768030038375,19.68861741583797,True,True,False,False,True,
seed132,/local0/rossin/git/GenAI-Net/comparisons/rne_oscillator/data/posthoc/rl4crn_rne_oscillator_trace_8rxn_stop_risksched085to09_lr1e4_entropy005_s4_c1_rnetol_d256_depth3_p20_antimony/seed132.ant,0.05023227870064722,19.907518151015424,True,True,False,False,True,
seed133,/local0/rossin/git/GenAI-Net/comparisons/rne_oscillator/data/posthoc/rl4crn_rne_oscillator_trace_8rxn_stop_risksched085to09_lr1e4_entropy005_s4_c1_rnetol_d256_depth3_p20_antimony/seed133.ant,0.009998510230984038,100.01489990990203,True,False,False,False,False,
seed134,/local0/rossin/git/GenAI-Net/comparisons/rne_oscillator/data/posthoc/rl4crn_rne_oscillator_trace_8rxn_stop_risksched085to09_lr1e4_entropy005_s4_c1_rnetol_d256_depth3_p20_antimony/seed134.ant,0.017865861208091326,55.97267259342118,True,True,False,False,True,
seed135,/local0/rossin/git/GenAI-Net/comparisons/rne_oscillator/data/posthoc/rl4crn_rne_oscillator_trace_8rxn_stop_risksched085to09_lr1e4_entropy005_s4_c1_rnetol_d256_depth3_p20_antimony/seed135.ant,0.009025441997018123,110.797897801613,True,False,False,False,False,
seed136,/local0/rossin/git/GenAI-Net/comparisons/rne_oscillator/data/posthoc/rl4crn_rne_oscillator_trace_8rxn_stop_risksched085to09_lr1e4_entropy005_s4_c1_rnetol_d256_depth3_p20_antimony/seed136.ant,0.01446638767766802,69.12575705016637,True,False,False,False,False,
seed137,/local0/rossin/git/GenAI-Net/comparisons/rne_oscillator/data/posthoc/rl4crn_rne_oscillator_trace_8rxn_stop_risksched085to09_lr1e4_entropy005_s4_c1_rnetol_d256_depth3_p20_antimony/seed137.ant,0.014762713848697684,67.73822281248218,True,True,False,False,True,
seed138,/local0/rossin/git/GenAI-Net/comparisons/rne_oscillator/data/posthoc/rl4crn_rne_oscillator_trace_8rxn_stop_risksched085to09_lr1e4_entropy005_s4_c1_rnetol_d256_depth3_p20_antimony/seed138.ant,0.07080661573071823,14.122974098960746,True,True,False,False,True,
seed139,/local0/rossin/git/GenAI-Net/comparisons/rne_oscillator/data/posthoc/rl4crn_rne_oscillator_trace_8rxn_stop_risksched085to09_lr1e4_entropy005_s4_c1_rnetol_d256_depth3_p20_antimony/seed139.ant,0.009907395655876559,100.93469916151489,True,False,False,False,False,
seed140,/local0/rossin/git/GenAI-Net/comparisons/rne_oscillator/data/posthoc/rl4crn_rne_oscillator_trace_8rxn_stop_risksched085to09_lr1e4_entropy005_s4_c1_rnetol_d256_depth3_p20_antimony/seed140.ant,0.008708175141833197,114.83462191706512,True,False,False,False,False,
seed141,/local0/rossin/git/GenAI-Net/comparisons/rne_oscillator/data/posthoc/rl4crn_rne_oscillator_trace_8rxn_stop_risksched085to09_lr1e4_entropy005_s4_c1_rnetol_d256_depth3_p20_antimony/seed141.ant,0.009247496337084193,108.13737724770029,True,False,False,False,False,
seed142,/local0/rossin/git/GenAI-Net/comparisons/rne_oscillator/data/posthoc/rl4crn_rne_oscillator_trace_8rxn_stop_risksched085to09_lr1e4_entropy005_s4_c1_rnetol_d256_depth3_p20_antimony/seed142.ant,0.0805156816105671,12.419940811489786,True,False,False,False,False,
seed143,/local0/rossin/git/GenAI-Net/comparisons/rne_oscillator/data/posthoc/rl4crn_rne_oscillator_trace_8rxn_stop_risksched085to09_lr1e4_entropy005_s4_c1_rnetol_d256_depth3_p20_antimony/seed143.ant,0.009026032653653154,110.79064727239434,True,False,False,False,False,
seed144,/local0/rossin/git/GenAI-Net/comparisons/rne_oscillator/data/posthoc/rl4crn_rne_oscillator_trace_8rxn_stop_risksched085to09_lr1e4_entropy005_s4_c1_rnetol_d256_depth3_p20_antimony/seed144.ant,0.04545646521933689,21.99907087308246,True,True,False,False,True,
seed145,/local0/rossin/git/GenAI-Net/comparisons/rne_oscillator/data/posthoc/rl4crn_rne_oscillator_trace_8rxn_stop_risksched085to09_lr1e4_entropy005_s4_c1_rnetol_d256_depth3_p20_antimony/seed145.ant,0.14448024458569478,6.921361483485553,True,True,False,False,True,
seed146,/local0/rossin/git/GenAI-Net/comparisons/rne_oscillator/data/posthoc/rl4crn_rne_oscillator_trace_8rxn_stop_risksched085to09_lr1e4_entropy005_s4_c1_rnetol_d256_depth3_p20_antimony/seed146.ant,0.009197709562733773,108.72271984448015,True,True,False,False,True,
seed147,/local0/rossin/git/GenAI-Net/comparisons/rne_oscillator/data/posthoc/rl4crn_rne_oscillator_trace_8rxn_stop_risksched085to09_lr1e4_entropy005_s4_c1_rnetol_d256_depth3_p20_antimony/seed147.ant,0.009984951461513757,100.15071218467358,True,False,False,False,False,
seed148,/local0/rossin/git/GenAI-Net/comparisons/rne_oscillator/data/posthoc/rl4crn_rne_oscillator_trace_8rxn_stop_risksched085to09_lr1e4_entropy005_s4_c1_rnetol_d256_depth3_p20_antimony/seed148.ant,0.00908376431110333,110.08651983381746,True,False,False,False,False,
seed149,/local0/rossin/git/GenAI-Net/comparisons/rne_oscillator/data/posthoc/rl4crn_rne_oscillator_trace_8rxn_stop_risksched085to09_lr1e4_entropy005_s4_c1_rnetol_d256_depth3_p20_antimony/seed149.ant,0.009014607655025219,110.93106192398147,True,False,False,False,False,
seed150,/local0/rossin/git/GenAI-Net/comparisons/rne_oscillator/data/posthoc/rl4crn_rne_oscillator_trace_8rxn_stop_risksched085to09_lr1e4_entropy005_s4_c1_rnetol_d256_depth3_p20_antimony/seed150.ant,0.009992428025671485,100.07577712152704,True,False,True,False,False,
seed151,/local0/rossin/git/GenAI-Net/comparisons/rne_oscillator/data/posthoc/rl4crn_rne_oscillator_trace_8rxn_stop_risksched085to09_lr1e4_entropy005_s4_c1_rnetol_d256_depth3_p20_antimony/seed151.ant,0.009024205993708337,110.81307327173145,True,False,False,False,False,
seed152,/local0/rossin/git/GenAI-Net/comparisons/rne_oscillator/data/posthoc/rl4crn_rne_oscillator_trace_8rxn_stop_risksched085to09_lr1e4_entropy005_s4_c1_rnetol_d256_depth3_p20_antimony/seed152.ant,0.009023760578399901,110.81854303556008,True,False,False,False,False,
seed153,/local0/rossin/git/GenAI-Net/comparisons/rne_oscillator/data/posthoc/rl4crn_rne_oscillator_trace_8rxn_stop_risksched085to09_lr1e4_entropy005_s4_c1_rnetol_d256_depth3_p20_antimony/seed153.ant,0.023911614857603913,41.8206802825782,True,False,False,False,False,
seed154,/local0/rossin/git/GenAI-Net/comparisons/rne_oscillator/data/posthoc/rl4crn_rne_oscillator_trace_8rxn_stop_risksched085to09_lr1e4_entropy005_s4_c1_rnetol_d256_depth3_p20_antimony/seed154.ant,0.009919539113787389,100.811135328866,True,False,True,False,False,
seed155,/local0/rossin/git/GenAI-Net/comparisons/rne_oscillator/data/posthoc/rl4crn_rne_oscillator_trace_8rxn_stop_risksched085to09_lr1e4_entropy005_s4_c1_rnetol_d256_depth3_p20_antimony/seed155.ant,0.0644749201426901,15.509906763542938,True,False,False,False,False,
seed156,/local0/rossin/git/GenAI-Net/comparisons/rne_oscillator/data/posthoc/rl4crn_rne_oscillator_trace_8rxn_stop_risksched085to09_lr1e4_entropy005_s4_c1_rnetol_d256_depth3_p20_antimony/seed156.ant,0.050343489808899286,19.863541518395664,True,False,False,False,False,
seed157,/local0/rossin/git/GenAI-Net/comparisons/rne_oscillator/data/posthoc/rl4crn_rne_oscillator_trace_8rxn_stop_risksched085to09_lr1e4_entropy005_s4_c1_rnetol_d256_depth3_p20_antimony/seed157.ant,0.00902624778338054,110.78800671096542,True,False,False,False,False,
seed158,/local0/rossin/git/GenAI-Net/comparisons/rne_oscillator/data/posthoc/rl4crn_rne_oscillator_trace_8rxn_stop_risksched085to09_lr1e4_entropy005_s4_c1_rnetol_d256_depth3_p20_antimony/seed158.ant,0.03074584620592817,32.524718731182226,True,True,False,False,True,
seed159,/local0/rossin/git/GenAI-Net/comparisons/rne_oscillator/data/posthoc/rl4crn_rne_oscillator_trace_8rxn_stop_risksched085to09_lr1e4_entropy005_s4_c1_rnetol_d256_depth3_p20_antimony/seed159.ant,0.00991860030873431,100.82067719972554,True,False,False,False,False,
seed160,/local0/rossin/git/GenAI-Net/comparisons/rne_oscillator/data/posthoc/rl4crn_rne_oscillator_trace_8rxn_stop_risksched085to09_lr1e4_entropy005_s4_c1_rnetol_d256_depth3_p20_antimony/seed160.ant,0.009603179294796397,104.1321805312812,True,False,False,False,False,
seed161,/local0/rossin/git/GenAI-Net/comparisons/rne_oscillator/data/posthoc/rl4crn_rne_oscillator_trace_8rxn_stop_risksched085to09_lr1e4_entropy005_s4_c1_rnetol_d256_depth3_p20_antimony/seed161.ant,0.07730573957194849,12.93565012814216,True,True,False,False,True,
seed162,/local0/rossin/git/GenAI-Net/comparisons/rne_oscillator/data/posthoc/rl4crn_rne_oscillator_trace_8rxn_stop_risksched085to09_lr1e4_entropy005_s4_c1_rnetol_d256_depth3_p20_antimony/seed162.ant,0.009021070417022482,110.85159008547708,True,False,False,False,False,
seed163,/local0/rossin/git/GenAI-Net/comparisons/rne_oscillator/data/posthoc/rl4crn_rne_oscillator_trace_8rxn_stop_risksched085to09_lr1e4_entropy005_s4_c1_rnetol_d256_depth3_p20_antimony/seed163.ant,0.008738128339209584,114.44098337544628,True,False,False,False,False,
seed164,/local0/rossin/git/GenAI-Net/comparisons/rne_oscillator/data/posthoc/rl4crn_rne_oscillator_trace_8rxn_stop_risksched085to09_lr1e4_entropy005_s4_c1_rnetol_d256_depth3_p20_antimony/seed164.ant,0.009203919506397422,108.64936392641464,True,False,False,False,False,
seed165,/local0/rossin/git/GenAI-Net/comparisons/rne_oscillator/data/posthoc/rl4crn_rne_oscillator_trace_8rxn_stop_risksched085to09_lr1e4_entropy005_s4_c1_rnetol_d256_depth3_p20_antimony/seed165.ant,0.009595621294437204,104.21420034362156,True,False,False,False,False,
seed166,/local0/rossin/git/GenAI-Net/comparisons/rne_oscillator/data/posthoc/rl4crn_rne_oscillator_trace_8rxn_stop_risksched085to09_lr1e4_entropy005_s4_c1_rnetol_d256_depth3_p20_antimony/seed166.ant,0.06243894221844652,16.01564607711383,True,False,False,False,False,
seed167,/local0/rossin/git/GenAI-Net/comparisons/rne_oscillator/data/posthoc/rl4crn_rne_oscillator_trace_8rxn_stop_risksched085to09_lr1e4_entropy005_s4_c1_rnetol_d256_depth3_p20_antimony/seed167.ant,0.009087361170621224,110.04294659630422,True,False,False,False,False,
seed168,/local0/rossin/git/GenAI-Net/comparisons/rne_oscillator/data/posthoc/rl4crn_rne_oscillator_trace_8rxn_stop_risksched085to09_lr1e4_entropy005_s4_c1_rnetol_d256_depth3_p20_antimony/seed168.ant,0.009035991892482807,110.66853665859492,True,False,False,False,False,
seed169,/local0/rossin/git/GenAI-Net/comparisons/rne_oscillator/data/posthoc/rl4crn_rne_oscillator_trace_8rxn_stop_risksched085to09_lr1e4_entropy005_s4_c1_rnetol_d256_depth3_p20_antimony/seed169.ant,0.009182181699849513,108.90657936080584,True,False,False,False,False,
seed170,/local0/rossin/git/GenAI-Net/comparisons/rne_oscillator/data/posthoc/rl4crn_rne_oscillator_trace_8rxn_stop_risksched085to09_lr1e4_entropy005_s4_c1_rnetol_d256_depth3_p20_antimony/seed170.ant,0.051835784048870244,19.29169237716575,True,False,False,False,False,
seed171,/local0/rossin/git/GenAI-Net/comparisons/rne_oscillator/data/posthoc/rl4crn_rne_oscillator_trace_8rxn_stop_risksched085to09_lr1e4_entropy005_s4_c1_rnetol_d256_depth3_p20_antimony/seed171.ant,0.0639963807865036,15.625883647015444,True,False,False,False,False,
seed172,/local0/rossin/git/GenAI-Net/comparisons/rne_oscillator/data/posthoc/rl4crn_rne_oscillator_trace_8rxn_stop_risksched085to09_lr1e4_entropy005_s4_c1_rnetol_d256_depth3_p20_antimony/seed172.ant,0.01410337744133603,70.90500159692732,True,True,False,False,True,
seed173,/local0/rossin/git/GenAI-Net/comparisons/rne_oscillator/data/posthoc/rl4crn_rne_oscillator_trace_8rxn_stop_risksched085to09_lr1e4_entropy005_s4_c1_rnetol_d256_depth3_p20_antimony/seed173.ant,0.06485970153795609,15.417893950911832,True,True,False,False,True,
seed174,/local0/rossin/git/GenAI-Net/comparisons/rne_oscillator/data/posthoc/rl4crn_rne_oscillator_trace_8rxn_stop_risksched085to09_lr1e4_entropy005_s4_c1_rnetol_d256_depth3_p20_antimony/seed174.ant,0.00953710235084604,104.85365084828827,True,False,False,False,False,
seed175,/local0/rossin/git/GenAI-Net/comparisons/rne_oscillator/data/posthoc/rl4crn_rne_oscillator_trace_8rxn_stop_risksched085to09_lr1e4_entropy005_s4_c1_rnetol_d256_depth3_p20_antimony/seed175.ant,0.07645940263280415,13.078836160968905,True,True,False,False,True,
seed176,/local0/rossin/git/GenAI-Net/comparisons/rne_oscillator/data/posthoc/rl4crn_rne_oscillator_trace_8rxn_stop_risksched085to09_lr1e4_entropy005_s4_c1_rnetol_d256_depth3_p20_antimony/seed176.ant,0.0888037420294137,11.260786732036344,True,False,False,False,False,
seed177,/local0/rossin/git/GenAI-Net/comparisons/rne_oscillator/data/posthoc/rl4crn_rne_oscillator_trace_8rxn_stop_risksched085to09_lr1e4_entropy005_s4_c1_rnetol_d256_depth3_p20_antimony/seed177.ant,0.009371428379324179,106.70731926055812,True,False,False,False,False,
seed178,/local0/rossin/git/GenAI-Net/comparisons/rne_oscillator/data/posthoc/rl4crn_rne_oscillator_trace_8rxn_stop_risksched085to09_lr1e4_entropy005_s4_c1_rnetol_d256_depth3_p20_antimony/seed178.ant,0.07857138264420543,12.727280166728097,True,False,False,False,False,
seed179,/local0/rossin/git/GenAI-Net/comparisons/rne_oscillator/data/posthoc/rl4crn_rne_oscillator_trace_8rxn_stop_risksched085to09_lr1e4_entropy005_s4_c1_rnetol_d256_depth3_p20_antimony/seed179.ant,0.009027068167043238,110.7779382514117,True,False,False,False,False,
seed180,/local0/rossin/git/GenAI-Net/comparisons/rne_oscillator/data/posthoc/rl4crn_rne_oscillator_trace_8rxn_stop_risksched085to09_lr1e4_entropy005_s4_c1_rnetol_d256_depth3_p20_antimony/seed180.ant,0.009321008078718952,107.28453312717616,True,False,False,False,False,
seed181,/local0/rossin/git/GenAI-Net/comparisons/rne_oscillator/data/posthoc/rl4crn_rne_oscillator_trace_8rxn_stop_risksched085to09_lr1e4_entropy005_s4_c1_rnetol_d256_depth3_p20_antimony/seed181.ant,0.010806885222853774,92.533600512871,True,True,False,False,True,
seed182,/local0/rossin/git/GenAI-Net/comparisons/rne_oscillator/data/posthoc/rl4crn_rne_oscillator_trace_8rxn_stop_risksched085to09_lr1e4_entropy005_s4_c1_rnetol_d256_depth3_p20_antimony/seed182.ant,0.009536729948794178,104.8577453036132,True,False,False,False,False,
seed183,/local0/rossin/git/GenAI-Net/comparisons/rne_oscillator/data/posthoc/rl4crn_rne_oscillator_trace_8rxn_stop_risksched085to09_lr1e4_entropy005_s4_c1_rnetol_d256_depth3_p20_antimony/seed183.ant,0.009354436291221785,106.90115030644886,True,False,False,False,False,
seed184,/local0/rossin/git/GenAI-Net/comparisons/rne_oscillator/data/posthoc/rl4crn_rne_oscillator_trace_8rxn_stop_risksched085to09_lr1e4_entropy005_s4_c1_rnetol_d256_depth3_p20_antimony/seed184.ant,0.05029736311318549,19.88175797108237,True,True,False,False,True,
seed185,/local0/rossin/git/GenAI-Net/comparisons/rne_oscillator/data/posthoc/rl4crn_rne_oscillator_trace_8rxn_stop_risksched085to09_lr1e4_entropy005_s4_c1_rnetol_d256_depth3_p20_antimony/seed185.ant,0.00986460817815372,101.37250075625022,True,False,False,False,False,
seed186,/local0/rossin/git/GenAI-Net/comparisons/rne_oscillator/data/posthoc/rl4crn_rne_oscillator_trace_8rxn_stop_risksched085to09_lr1e4_entropy005_s4_c1_rnetol_d256_depth3_p20_antimony/seed186.ant,0.009018381226874242,110.88464490944996,True,False,False,False,False,
seed187,/local0/rossin/git/GenAI-Net/comparisons/rne_oscillator/data/posthoc/rl4crn_rne_oscillator_trace_8rxn_stop_risksched085to09_lr1e4_entropy005_s4_c1_rnetol_d256_depth3_p20_antimony/seed187.ant,0.05079181632153842,19.688211062772076,True,True,False,False,True,
seed188,/local0/rossin/git/GenAI-Net/comparisons/rne_oscillator/data/posthoc/rl4crn_rne_oscillator_trace_8rxn_stop_risksched085to09_lr1e4_entropy005_s4_c1_rnetol_d256_depth3_p20_antimony/seed188.ant,0.00902027318112556,110.8613874458311,True,False,False,False,False,
seed189,/local0/rossin/git/GenAI-Net/comparisons/rne_oscillator/data/posthoc/rl4crn_rne_oscillator_trace_8rxn_stop_risksched085to09_lr1e4_entropy005_s4_c1_rnetol_d256_depth3_p20_antimony/seed189.ant,0.00999569418593586,100.0430766886626,True,False,False,False,False,
seed190,/local0/rossin/git/GenAI-Net/comparisons/rne_oscillator/data/posthoc/rl4crn_rne_oscillator_trace_8rxn_stop_risksched085to09_lr1e4_entropy005_s4_c1_rnetol_d256_depth3_p20_antimony/seed190.ant,0.03370126893089569,29.67247322498437,True,True,False,False,True,
seed191,/local0/rossin/git/GenAI-Net/comparisons/rne_oscillator/data/posthoc/rl4crn_rne_oscillator_trace_8rxn_stop_risksched085to09_lr1e4_entropy005_s4_c1_rnetol_d256_depth3_p20_antimony/seed191.ant,0.009024255104688335,110.81247021490717,True,False,False,False,False,
seed192,/local0/rossin/git/GenAI-Net/comparisons/rne_oscillator/data/posthoc/rl4crn_rne_oscillator_trace_8rxn_stop_risksched085to09_lr1e4_entropy005_s4_c1_rnetol_d256_depth3_p20_antimony/seed192.ant,0.0602583826778734,16.595201456795742,True,False,False,False,False,
seed193,/local0/rossin/git/GenAI-Net/comparisons/rne_oscillator/data/posthoc/rl4crn_rne_oscillator_trace_8rxn_stop_risksched085to09_lr1e4_entropy005_s4_c1_rnetol_d256_depth3_p20_antimony/seed193.ant,0.009027483077108926,110.77284681216511,True,False,False,False,False,
seed194,/local0/rossin/git/GenAI-Net/comparisons/rne_oscillator/data/posthoc/rl4crn_rne_oscillator_trace_8rxn_stop_risksched085to09_lr1e4_entropy005_s4_c1_rnetol_d256_depth3_p20_antimony/seed194.ant,0.009186987159179698,108.84961333605364,True,False,False,False,False,
seed195,/local0/rossin/git/GenAI-Net/comparisons/rne_oscillator/data/posthoc/rl4crn_rne_oscillator_trace_8rxn_stop_risksched085to09_lr1e4_entropy005_s4_c1_rnetol_d256_depth3_p20_antimony/seed195.ant,0.009026706910190918,110.78237168319113,True,False,False,False,False,
seed196,/local0/rossin/git/GenAI-Net/comparisons/rne_oscillator/data/posthoc/rl4crn_rne_oscillator_trace_8rxn_stop_risksched085to09_lr1e4_entropy005_s4_c1_rnetol_d256_depth3_p20_antimony/seed196.ant,0.07512377490582668,13.311365160411274,True,True,False,False,True,
seed197,/local0/rossin/git/GenAI-Net/comparisons/rne_oscillator/data/posthoc/rl4crn_rne_oscillator_trace_8rxn_stop_risksched085to09_lr1e4_entropy005_s4_c1_rnetol_d256_depth3_p20_antimony/seed197.ant,0.05214998659612833,19.17546034564544,True,True,False,False,True,
seed198,/local0/rossin/git/GenAI-Net/comparisons/rne_oscillator/data/posthoc/rl4crn_rne_oscillator_trace_8rxn_stop_risksched085to09_lr1e4_entropy005_s4_c1_rnetol_d256_depth3_p20_antimony/seed198.ant,0.008925384554753547,112.03999041894645,True,False,False,False,False,
seed199,/local0/rossin/git/GenAI-Net/comparisons/rne_oscillator/data/posthoc/rl4crn_rne_oscillator_trace_8rxn_stop_risksched085to09_lr1e4_entropy005_s4_c1_rnetol_d256_depth3_p20_antimony/seed199.ant,0.0517633211474702,19.318698604192488,True,True,False,False,True,
seed200,/local0/rossin/git/GenAI-Net/comparisons/rne_oscillator/data/posthoc/rl4crn_rne_oscillator_trace_8rxn_stop_risksched085to09_lr1e4_entropy005_s4_c1_rnetol_d256_depth3_p20_antimony/seed200.ant,0.05197631973138421,19.23953071645014,True,False,False,False,False,
seed201,/local0/rossin/git/GenAI-Net/comparisons/rne_oscillator/data/posthoc/rl4crn_rne_oscillator_trace_8rxn_stop_risksched085to09_lr1e4_entropy005_s4_c1_rnetol_d256_depth3_p20_antimony/seed201.ant,0.009029966346125911,110.74238393247454,True,False,False,False,False,
seed202,/local0/rossin/git/GenAI-Net/comparisons/rne_oscillator/data/posthoc/rl4crn_rne_oscillator_trace_8rxn_stop_risksched085to09_lr1e4_entropy005_s4_c1_rnetol_d256_depth3_p20_antimony/seed202.ant,0.013721545918986354,72.87808574224212,True,False,False,False,False,
seed203,/local0/rossin/git/GenAI-Net/comparisons/rne_oscillator/data/posthoc/rl4crn_rne_oscillator_trace_8rxn_stop_risksched085to09_lr1e4_entropy005_s4_c1_rnetol_d256_depth3_p20_antimony/seed203.ant,0.05496978031495259,18.19181365234573,True,False,False,False,False,
seed204,/local0/rossin/git/GenAI-Net/comparisons/rne_oscillator/data/posthoc/rl4crn_rne_oscillator_trace_8rxn_stop_risksched085to09_lr1e4_entropy005_s4_c1_rnetol_d256_depth3_p20_antimony/seed204.ant,0.00902571393474673,110.79455954727872,True,False,False,False,False,
seed205,/local0/rossin/git/GenAI-Net/comparisons/rne_oscillator/data/posthoc/rl4crn_rne_oscillator_trace_8rxn_stop_risksched085to09_lr1e4_entropy005_s4_c1_rnetol_d256_depth3_p20_antimony/seed205.ant,0.009145895142551175,109.33866881411215,True,False,False,False,False,
seed206,/local0/rossin/git/GenAI-Net/comparisons/rne_oscillator/data/posthoc/rl4crn_rne_oscillator_trace_8rxn_stop_risksched085to09_lr1e4_entropy005_s4_c1_rnetol_d256_depth3_p20_antimony/seed206.ant,0.00996358800338691,100.36545064489532,True,False,False,False,False,
seed207,/local0/rossin/git/GenAI-Net/comparisons/rne_oscillator/data/posthoc/rl4crn_rne_oscillator_trace_8rxn_stop_risksched085to09_lr1e4_entropy005_s4_c1_rnetol_d256_depth3_p20_antimony/seed207.ant,0.05882104635003086,17.00071763513393,True,True,False,False,True,
seed208,/local0/rossin/git/GenAI-Net/comparisons/rne_oscillator/data/posthoc/rl4crn_rne_oscillator_trace_8rxn_stop_risksched085to09_lr1e4_entropy005_s4_c1_rnetol_d256_depth3_p20_antimony/seed208.ant,0.07165588911317393,13.955587075621814,True,True,False,False,True,
seed209,/local0/rossin/git/GenAI-Net/comparisons/rne_oscillator/data/posthoc/rl4crn_rne_oscillator_trace_8rxn_stop_risksched085to09_lr1e4_entropy005_s4_c1_rnetol_d256_depth3_p20_antimony/seed209.ant,0.009004074866262039,111.06082688705376,True,False,False,False,False,
seed210,/local0/rossin/git/GenAI-Net/comparisons/rne_oscillator/data/posthoc/rl4crn_rne_oscillator_trace_8rxn_stop_risksched085to09_lr1e4_entropy005_s4_c1_rnetol_d256_depth3_p20_antimony/seed210.ant,0.008405952462524907,118.96331848867352,True,False,False,False,False,
seed211,/local0/rossin/git/GenAI-Net/comparisons/rne_oscillator/data/posthoc/rl4crn_rne_oscillator_trace_8rxn_stop_risksched085to09_lr1e4_entropy005_s4_c1_rnetol_d256_depth3_p20_antimony/seed211.ant,0.1195506780804635,8.36465351812518,True,True,False,False,True,
seed212,/local0/rossin/git/GenAI-Net/comparisons/rne_oscillator/data/posthoc/rl4crn_rne_oscillator_trace_8rxn_stop_risksched085to09_lr1e4_entropy005_s4_c1_rnetol_d256_depth3_p20_antimony/seed212.ant,0.06556506845949367,15.252024034990576,True,True,False,False,True,
seed213,/local0/rossin/git/GenAI-Net/comparisons/rne_oscillator/data/posthoc/rl4crn_rne_oscillator_trace_8rxn_stop_risksched085to09_lr1e4_entropy005_s4_c1_rnetol_d256_depth3_p20_antimony/seed213.ant,0.009736240787214037,102.70904570409085,True,False,False,False,False,
seed214,/local0/rossin/git/GenAI-Net/comparisons/rne_oscillator/data/posthoc/rl4crn_rne_oscillator_trace_8rxn_stop_risksched085to09_lr1e4_entropy005_s4_c1_rnetol_d256_depth3_p20_antimony/seed214.ant,0.053446497884977365,18.710299824548056,True,True,False,False,True,
seed215,/local0/rossin/git/GenAI-Net/comparisons/rne_oscillator/data/posthoc/rl4crn_rne_oscillator_trace_8rxn_stop_risksched085to09_lr1e4_entropy005_s4_c1_rnetol_d256_depth3_p20_antimony/seed215.ant,0.009027076647125808,110.77783418604258,True,False,False,False,False,
seed216,/local0/rossin/git/GenAI-Net/comparisons/rne_oscillator/data/posthoc/rl4crn_rne_oscillator_trace_8rxn_stop_risksched085to09_lr1e4_entropy005_s4_c1_rnetol_d256_depth3_p20_antimony/seed216.ant,0.009008819266106796,111.00233787153716,True,False,False,False,False,
seed217,/local0/rossin/git/GenAI-Net/comparisons/rne_oscillator/data/posthoc/rl4crn_rne_oscillator_trace_8rxn_stop_risksched085to09_lr1e4_entropy005_s4_c1_rnetol_d256_depth3_p20_antimony/seed217.ant,0.0560315774444374,17.847079193721257,True,False,False,False,False,
seed218,/local0/rossin/git/GenAI-Net/comparisons/rne_oscillator/data/posthoc/rl4crn_rne_oscillator_trace_8rxn_stop_risksched085to09_lr1e4_entropy005_s4_c1_rnetol_d256_depth3_p20_antimony/seed218.ant,0.009027621002190178,110.77115441126642,True,False,False,False,False,
seed219,/local0/rossin/git/GenAI-Net/comparisons/rne_oscillator/data/posthoc/rl4crn_rne_oscillator_trace_8rxn_stop_risksched085to09_lr1e4_entropy005_s4_c1_rnetol_d256_depth3_p20_antimony/seed219.ant,0.010051187460445466,99.49073220804104,True,False,False,False,False,
seed220,/local0/rossin/git/GenAI-Net/comparisons/rne_oscillator/data/posthoc/rl4crn_rne_oscillator_trace_8rxn_stop_risksched085to09_lr1e4_entropy005_s4_c1_rnetol_d256_depth3_p20_antimony/seed220.ant,0.05004204349454332,19.983196731545185,True,False,False,False,False,
seed221,/local0/rossin/git/GenAI-Net/comparisons/rne_oscillator/data/posthoc/rl4crn_rne_oscillator_trace_8rxn_stop_risksched085to09_lr1e4_entropy005_s4_c1_rnetol_d256_depth3_p20_antimony/seed221.ant,0.016676930748857663,59.96307204600571,True,False,False,False,False,
seed222,/local0/rossin/git/GenAI-Net/comparisons/rne_oscillator/data/posthoc/rl4crn_rne_oscillator_trace_8rxn_stop_risksched085to09_lr1e4_entropy005_s4_c1_rnetol_d256_depth3_p20_antimony/seed222.ant,0.05676280819792674,17.6171692653593,True,True,False,False,True,
seed223,/local0/rossin/git/GenAI-Net/comparisons/rne_oscillator/data/posthoc/rl4crn_rne_oscillator_trace_8rxn_stop_risksched085to09_lr1e4_entropy005_s4_c1_rnetol_d256_depth3_p20_antimony/seed223.ant,0.01575768141068306,63.46111296056799,True,False,False,False,False,
seed224,/local0/rossin/git/GenAI-Net/comparisons/rne_oscillator/data/posthoc/rl4crn_rne_oscillator_trace_8rxn_stop_risksched085to09_lr1e4_entropy005_s4_c1_rnetol_d256_depth3_p20_antimony/seed224.ant,0.05059545029522899,19.764622988132537,True,True,False,False,True,
seed225,/local0/rossin/git/GenAI-Net/comparisons/rne_oscillator/data/posthoc/rl4crn_rne_oscillator_trace_8rxn_stop_risksched085to09_lr1e4_entropy005_s4_c1_rnetol_d256_depth3_p20_antimony/seed225.ant,0.029551396240186455,33.839348634231925,True,False,False,False,False,
seed226,/local0/rossin/git/GenAI-Net/comparisons/rne_oscillator/data/posthoc/rl4crn_rne_oscillator_trace_8rxn_stop_risksched085to09_lr1e4_entropy005_s4_c1_rnetol_d256_depth3_p20_antimony/seed226.ant,0.07307903422464156,13.683815209243823,True,True,False,False,True,
seed227,/local0/rossin/git/GenAI-Net/comparisons/rne_oscillator/data/posthoc/rl4crn_rne_oscillator_trace_8rxn_stop_risksched085to09_lr1e4_entropy005_s4_c1_rnetol_d256_depth3_p20_antimony/seed227.ant,0.009012643597401853,110.95523629584976,True,False,False,False,False,
seed228,/local0/rossin/git/GenAI-Net/comparisons/rne_oscillator/data/posthoc/rl4crn_rne_oscillator_trace_8rxn_stop_risksched085to09_lr1e4_entropy005_s4_c1_rnetol_d256_depth3_p20_antimony/seed228.ant,0.08170309206695574,12.239438859676197,True,True,False,False,True,
seed229,/local0/rossin/git/GenAI-Net/comparisons/rne_oscillator/data/posthoc/rl4crn_rne_oscillator_trace_8rxn_stop_risksched085to09_lr1e4_entropy005_s4_c1_rnetol_d256_depth3_p20_antimony/seed229.ant,0.07028425388104277,14.22793790615628,True,True,False,False,True,
seed230,/local0/rossin/git/GenAI-Net/comparisons/rne_oscillator/data/posthoc/rl4crn_rne_oscillator_trace_8rxn_stop_risksched085to09_lr1e4_entropy005_s4_c1_rnetol_d256_depth3_p20_antimony/seed230.ant,0.22021820776875986,4.54095058774636,True,True,False,False,True,
seed231,/local0/rossin/git/GenAI-Net/comparisons/rne_oscillator/data/posthoc/rl4crn_rne_oscillator_trace_8rxn_stop_risksched085to09_lr1e4_entropy005_s4_c1_rnetol_d256_depth3_p20_antimony/seed231.ant,0.009816428297323772,101.87004577547084,True,False,False,False,False,
seed232,/local0/rossin/git/GenAI-Net/comparisons/rne_oscillator/data/posthoc/rl4crn_rne_oscillator_trace_8rxn_stop_risksched085to09_lr1e4_entropy005_s4_c1_rnetol_d256_depth3_p20_antimony/seed232.ant,0.009897052900495078,101.04017933964738,True,False,True,False,False,
seed233,/local0/rossin/git/GenAI-Net/comparisons/rne_oscillator/data/posthoc/rl4crn_rne_oscillator_trace_8rxn_stop_risksched085to09_lr1e4_entropy005_s4_c1_rnetol_d256_depth3_p20_antimony/seed233.ant,0.05831915063247226,17.147026133868234,True,False,False,False,False,
seed234,/local0/rossin/git/GenAI-Net/comparisons/rne_oscillator/data/posthoc/rl4crn_rne_oscillator_trace_8rxn_stop_risksched085to09_lr1e4_entropy005_s4_c1_rnetol_d256_depth3_p20_antimony/seed234.ant,0.009018053357363356,110.8886763442675,True,False,False,False,False,
seed235,/local0/rossin/git/GenAI-Net/comparisons/rne_oscillator/data/posthoc/rl4crn_rne_oscillator_trace_8rxn_stop_risksched085to09_lr1e4_entropy005_s4_c1_rnetol_d256_depth3_p20_antimony/seed235.ant,0.00964791166368914,103.64937354926225,True,False,False,False,False,
seed236,/local0/rossin/git/GenAI-Net/comparisons/rne_oscillator/data/posthoc/rl4crn_rne_oscillator_trace_8rxn_stop_risksched085to09_lr1e4_entropy005_s4_c1_rnetol_d256_depth3_p20_antimony/seed236.ant,0.05034843110278824,19.86159207142844,True,False,False,False,False,
seed237,/local0/rossin/git/GenAI-Net/comparisons/rne_oscillator/data/posthoc/rl4crn_rne_oscillator_trace_8rxn_stop_risksched085to09_lr1e4_entropy005_s4_c1_rnetol_d256_depth3_p20_antimony/seed237.ant,0.009092781415183816,109.97734954126624,True,False,False,False,False,
seed238,/local0/rossin/git/GenAI-Net/comparisons/rne_oscillator/data/posthoc/rl4crn_rne_oscillator_trace_8rxn_stop_risksched085to09_lr1e4_entropy005_s4_c1_rnetol_d256_depth3_p20_antimony/seed238.ant,0.05550527819994248,18.01630461877473,True,True,False,False,True,
seed239,/local0/rossin/git/GenAI-Net/comparisons/rne_oscillator/data/posthoc/rl4crn_rne_oscillator_trace_8rxn_stop_risksched085to09_lr1e4_entropy005_s4_c1_rnetol_d256_depth3_p20_antimony/seed239.ant,0.009482562151617377,105.45673036579431,True,False,False,False,False,
seed240,/local0/rossin/git/GenAI-Net/comparisons/rne_oscillator/data/posthoc/rl4crn_rne_oscillator_trace_8rxn_stop_risksched085to09_lr1e4_entropy005_s4_c1_rnetol_d256_depth3_p20_antimony/seed240.ant,0.009997452808325702,100.0254784065815,True,False,False,False,False,
seed241,/local0/rossin/git/GenAI-Net/comparisons/rne_oscillator/data/posthoc/rl4crn_rne_oscillator_trace_8rxn_stop_risksched085to09_lr1e4_entropy005_s4_c1_rnetol_d256_depth3_p20_antimony/seed241.ant,0.050772602990754895,19.69566146100661,True,True,False,False,True,
seed242,/local0/rossin/git/GenAI-Net/comparisons/rne_oscillator/data/posthoc/rl4crn_rne_oscillator_trace_8rxn_stop_risksched085to09_lr1e4_entropy005_s4_c1_rnetol_d256_depth3_p20_antimony/seed242.ant,0.05355319437781128,18.673022433454136,True,True,False,False,True,
seed243,/local0/rossin/git/GenAI-Net/comparisons/rne_oscillator/data/posthoc/rl4crn_rne_oscillator_trace_8rxn_stop_risksched085to09_lr1e4_entropy005_s4_c1_rnetol_d256_depth3_p20_antimony/seed243.ant,0.05485689915627566,18.229247649438083,True,True,False,False,True,
seed244,/local0/rossin/git/GenAI-Net/comparisons/rne_oscillator/data/posthoc/rl4crn_rne_oscillator_trace_8rxn_stop_risksched085to09_lr1e4_entropy005_s4_c1_rnetol_d256_depth3_p20_antimony/seed244.ant,0.009967963311829033,100.32139652974995,True,False,False,False,False,
seed245,/local0/rossin/git/GenAI-Net/comparisons/rne_oscillator/data/posthoc/rl4crn_rne_oscillator_trace_8rxn_stop_risksched085to09_lr1e4_entropy005_s4_c1_rnetol_d256_depth3_p20_antimony/seed245.ant,0.009029504227779256,110.74805158443822,True,False,False,False,False,
seed246,/local0/rossin/git/GenAI-Net/comparisons/rne_oscillator/data/posthoc/rl4crn_rne_oscillator_trace_8rxn_stop_risksched085to09_lr1e4_entropy005_s4_c1_rnetol_d256_depth3_p20_antimony/seed246.ant,0.009831519727207165,101.71367476715317,True,False,False,False,False,
seed247,/local0/rossin/git/GenAI-Net/comparisons/rne_oscillator/data/posthoc/rl4crn_rne_oscillator_trace_8rxn_stop_risksched085to09_lr1e4_entropy005_s4_c1_rnetol_d256_depth3_p20_antimony/seed247.ant,0.05041388759600177,19.835804134242327,True,False,False,False,False,
seed248,/local0/rossin/git/GenAI-Net/comparisons/rne_oscillator/data/posthoc/rl4crn_rne_oscillator_trace_8rxn_stop_risksched085to09_lr1e4_entropy005_s4_c1_rnetol_d256_depth3_p20_antimony/seed248.ant,0.00949017784932058,105.37210322898132,True,False,False,False,False,
seed249,/local0/rossin/git/GenAI-Net/comparisons/rne_oscillator/data/posthoc/rl4crn_rne_oscillator_trace_8rxn_stop_risksched085to09_lr1e4_entropy005_s4_c1_rnetol_d256_depth3_p20_antimony/seed249.ant,0.05958070512938996,16.78395711880758,True,False,False,False,False,
seed250,/local0/rossin/git/GenAI-Net/comparisons/rne_oscillator/data/posthoc/rl4crn_rne_oscillator_trace_8rxn_stop_risksched085to09_lr1e4_entropy005_s4_c1_rnetol_d256_depth3_p20_antimony/seed250.ant,0.009024373630305671,110.81101481013573,True,False,False,False,False,
seed251,/local0/rossin/git/GenAI-Net/comparisons/rne_oscillator/data/posthoc/rl4crn_rne_oscillator_trace_8rxn_stop_risksched085to09_lr1e4_entropy005_s4_c1_rnetol_d256_depth3_p20_antimony/seed251.ant,0.07189731770383051,13.908724719319014,True,True,False,False,True,
seed252,/local0/rossin/git/GenAI-Net/comparisons/rne_oscillator/data/posthoc/rl4crn_rne_oscillator_trace_8rxn_stop_risksched085to09_lr1e4_entropy005_s4_c1_rnetol_d256_depth3_p20_antimony/seed252.ant,0.056962123006217676,17.555525447863758,True,False,False,False,False,
seed253,/local0/rossin/git/GenAI-Net/comparisons/rne_oscillator/data/posthoc/rl4crn_rne_oscillator_trace_8rxn_stop_risksched085to09_lr1e4_entropy005_s4_c1_rnetol_d256_depth3_p20_antimony/seed253.ant,0.0537261444025234,18.61291203976722,True,False,False,False,False,
seed254,/local0/rossin/git/GenAI-Net/comparisons/rne_oscillator/data/posthoc/rl4crn_rne_oscillator_trace_8rxn_stop_risksched085to09_lr1e4_entropy005_s4_c1_rnetol_d256_depth3_p20_antimony/seed254.ant,0.10241248263292047,9.76443470845565,True,True,False,False,True,
seed255,/local0/rossin/git/GenAI-Net/comparisons/rne_oscillator/data/posthoc/rl4crn_rne_oscillator_trace_8rxn_stop_risksched085to09_lr1e4_entropy005_s4_c1_rnetol_d256_depth3_p20_antimony/seed255.ant,0.06276556551056582,15.932302877629011,True,True,False,False,True,
seed256,/local0/rossin/git/GenAI-Net/comparisons/rne_oscillator/data/posthoc/rl4crn_rne_oscillator_trace_8rxn_stop_risksched085to09_lr1e4_entropy005_s4_c1_rnetol_d256_depth3_p20_antimony/seed256.ant,0.009945284789904366,100.55016232567996,True,False,True,False,False,
seed257,/local0/rossin/git/GenAI-Net/comparisons/rne_oscillator/data/posthoc/rl4crn_rne_oscillator_trace_8rxn_stop_risksched085to09_lr1e4_entropy005_s4_c1_rnetol_d256_depth3_p20_antimony/seed257.ant,0.05258271086698297,19.017657772146293,True,False,False,False,False,
seed258,/local0/rossin/git/GenAI-Net/comparisons/rne_oscillator/data/posthoc/rl4crn_rne_oscillator_trace_8rxn_stop_risksched085to09_lr1e4_entropy005_s4_c1_rnetol_d256_depth3_p20_antimony/seed258.ant,0.05494417808142685,18.20029045694355,True,True,False,False,True,
seed259,/local0/rossin/git/GenAI-Net/comparisons/rne_oscillator/data/posthoc/rl4crn_rne_oscillator_trace_8rxn_stop_risksched085to09_lr1e4_entropy005_s4_c1_rnetol_d256_depth3_p20_antimony/seed259.ant,0.009027809179555773,110.76884547632923,True,False,False,False,False,
seed260,/local0/rossin/git/GenAI-Net/comparisons/rne_oscillator/data/posthoc/rl4crn_rne_oscillator_trace_8rxn_stop_risksched085to09_lr1e4_entropy005_s4_c1_rnetol_d256_depth3_p20_antimony/seed260.ant,0.01440622618176696,69.41443146753006,True,False,False,False,False,
seed261,/local0/rossin/git/GenAI-Net/comparisons/rne_oscillator/data/posthoc/rl4crn_rne_oscillator_trace_8rxn_stop_risksched085to09_lr1e4_entropy005_s4_c1_rnetol_d256_depth3_p20_antimony/seed261.ant,0.009286955790203135,107.67791110354008,True,False,False,False,False,
seed262,/local0/rossin/git/GenAI-Net/comparisons/rne_oscillator/data/posthoc/rl4crn_rne_oscillator_trace_8rxn_stop_risksched085to09_lr1e4_entropy005_s4_c1_rnetol_d256_depth3_p20_antimony/seed262.ant,0.03193534687549249,31.31326563944136,True,False,False,False,False,
seed263,/local0/rossin/git/GenAI-Net/comparisons/rne_oscillator/data/posthoc/rl4crn_rne_oscillator_trace_8rxn_stop_risksched085to09_lr1e4_entropy005_s4_c1_rnetol_d256_depth3_p20_antimony/seed263.ant,0.009326356928154058,107.22300333383525,True,False,False,False,False,
seed264,/local0/rossin/git/GenAI-Net/comparisons/rne_oscillator/data/posthoc/rl4crn_rne_oscillator_trace_8rxn_stop_risksched085to09_lr1e4_entropy005_s4_c1_rnetol_d256_depth3_p20_antimony/seed264.ant,0.039022959380405356,25.625939597552183,True,True,False,False,True,
seed265,/local0/rossin/git/GenAI-Net/comparisons/rne_oscillator/data/posthoc/rl4crn_rne_oscillator_trace_8rxn_stop_risksched085to09_lr1e4_entropy005_s4_c1_rnetol_d256_depth3_p20_antimony/seed265.ant,0.009899913262906304,101.01098599993504,True,False,False,False,False,
seed266,/local0/rossin/git/GenAI-Net/comparisons/rne_oscillator/data/posthoc/rl4crn_rne_oscillator_trace_8rxn_stop_risksched085to09_lr1e4_entropy005_s4_c1_rnetol_d256_depth3_p20_antimony/seed266.ant,0.05003891549638218,19.98444590735185,True,False,False,False,False,
seed267,/local0/rossin/git/GenAI-Net/comparisons/rne_oscillator/data/posthoc/rl4crn_rne_oscillator_trace_8rxn_stop_risksched085to09_lr1e4_entropy005_s4_c1_rnetol_d256_depth3_p20_antimony/seed267.ant,0.009244272104620012,108.1750935804053,True,False,False,False,False,
seed268,/local0/rossin/git/GenAI-Net/comparisons/rne_oscillator/data/posthoc/rl4crn_rne_oscillator_trace_8rxn_stop_risksched085to09_lr1e4_entropy005_s4_c1_rnetol_d256_depth3_p20_antimony/seed268.ant,0.00902006506006943,110.86394536408176,True,False,False,False,False,
seed269,/local0/rossin/git/GenAI-Net/comparisons/rne_oscillator/data/posthoc/rl4crn_rne_oscillator_trace_8rxn_stop_risksched085to09_lr1e4_entropy005_s4_c1_rnetol_d256_depth3_p20_antimony/seed269.ant,0.0527848490936078,18.944830139167703,True,True,False,False,True,
seed270,/local0/rossin/git/GenAI-Net/comparisons/rne_oscillator/data/posthoc/rl4crn_rne_oscillator_trace_8rxn_stop_risksched085to09_lr1e4_entropy005_s4_c1_rnetol_d256_depth3_p20_antimony/seed270.ant,0.009581042992434449,104.37277035387875,True,False,False,False,False,
seed271,/local0/rossin/git/GenAI-Net/comparisons/rne_oscillator/data/posthoc/rl4crn_rne_oscillator_trace_8rxn_stop_risksched085to09_lr1e4_entropy005_s4_c1_rnetol_d256_depth3_p20_antimony/seed271.ant,0.010013057711606847,99.86959316541528,True,False,True,False,False,
seed272,/local0/rossin/git/GenAI-Net/comparisons/rne_oscillator/data/posthoc/rl4crn_rne_oscillator_trace_8rxn_stop_risksched085to09_lr1e4_entropy005_s4_c1_rnetol_d256_depth3_p20_antimony/seed272.ant,0.00915301288712201,109.25364274390647,True,False,False,False,False,
seed273,/local0/rossin/git/GenAI-Net/comparisons/rne_oscillator/data/posthoc/rl4crn_rne_oscillator_trace_8rxn_stop_risksched085to09_lr1e4_entropy005_s4_c1_rnetol_d256_depth3_p20_antimony/seed273.ant,0.07272734758873498,13.749985846519362,True,True,False,False,True,
seed274,/local0/rossin/git/GenAI-Net/comparisons/rne_oscillator/data/posthoc/rl4crn_rne_oscillator_trace_8rxn_stop_risksched085to09_lr1e4_entropy005_s4_c1_rnetol_d256_depth3_p20_antimony/seed274.ant,0.09644360304931994,10.368754052963094,True,False,False,False,False,
seed275,/local0/rossin/git/GenAI-Net/comparisons/rne_oscillator/data/posthoc/rl4crn_rne_oscillator_trace_8rxn_stop_risksched085to09_lr1e4_entropy005_s4_c1_rnetol_d256_depth3_p20_antimony/seed275.ant,0.009294269068838571,107.59318377738356,True,False,False,False,False,
seed276,/local0/rossin/git/GenAI-Net/comparisons/rne_oscillator/data/posthoc/rl4crn_rne_oscillator_trace_8rxn_stop_risksched085to09_lr1e4_entropy005_s4_c1_rnetol_d256_depth3_p20_antimony/seed276.ant,0.015755251935642398,63.47089872537963,True,False,True,True,True,
seed277,/local0/rossin/git/GenAI-Net/comparisons/rne_oscillator/data/posthoc/rl4crn_rne_oscillator_trace_8rxn_stop_risksched085to09_lr1e4_entropy005_s4_c1_rnetol_d256_depth3_p20_antimony/seed277.ant,0.07682804380381392,13.01608046345126,True,True,False,False,True,
seed278,/local0/rossin/git/GenAI-Net/comparisons/rne_oscillator/data/posthoc/rl4crn_rne_oscillator_trace_8rxn_stop_risksched085to09_lr1e4_entropy005_s4_c1_rnetol_d256_depth3_p20_antimony/seed278.ant,0.07886306350183374,12.68020738221446,True,False,False,False,False,
seed279,/local0/rossin/git/GenAI-Net/comparisons/rne_oscillator/data/posthoc/rl4crn_rne_oscillator_trace_8rxn_stop_risksched085to09_lr1e4_entropy005_s4_c1_rnetol_d256_depth3_p20_antimony/seed279.ant,0.009028158114246242,110.76456430487423,True,False,False,False,False,
seed280,/local0/rossin/git/GenAI-Net/comparisons/rne_oscillator/data/posthoc/rl4crn_rne_oscillator_trace_8rxn_stop_risksched085to09_lr1e4_entropy005_s4_c1_rnetol_d256_depth3_p20_antimony/seed280.ant,0.013469212427795247,74.24339064817083,True,False,False,False,False,
seed281,/local0/rossin/git/GenAI-Net/comparisons/rne_oscillator/data/posthoc/rl4crn_rne_oscillator_trace_8rxn_stop_risksched085to09_lr1e4_entropy005_s4_c1_rnetol_d256_depth3_p20_antimony/seed281.ant,0.05933101809138699,16.85459026608493,True,True,False,False,True,
seed282,/local0/rossin/git/GenAI-Net/comparisons/rne_oscillator/data/posthoc/rl4crn_rne_oscillator_trace_8rxn_stop_risksched085to09_lr1e4_entropy005_s4_c1_rnetol_d256_depth3_p20_antimony/seed282.ant,0.06324496093565501,15.811536369156636,True,True,False,False,True,
seed283,/local0/rossin/git/GenAI-Net/comparisons/rne_oscillator/data/posthoc/rl4crn_rne_oscillator_trace_8rxn_stop_risksched085to09_lr1e4_entropy005_s4_c1_rnetol_d256_depth3_p20_antimony/seed283.ant,0.06015906156957252,16.622599719969433,True,True,False,False,True,
seed284,/local0/rossin/git/GenAI-Net/comparisons/rne_oscillator/data/posthoc/rl4crn_rne_oscillator_trace_8rxn_stop_risksched085to09_lr1e4_entropy005_s4_c1_rnetol_d256_depth3_p20_antimony/seed284.ant,0.009021129107624985,110.85086889564232,True,False,False,False,False,
seed285,/local0/rossin/git/GenAI-Net/comparisons/rne_oscillator/data/posthoc/rl4crn_rne_oscillator_trace_8rxn_stop_risksched085to09_lr1e4_entropy005_s4_c1_rnetol_d256_depth3_p20_antimony/seed285.ant,0.012323013324790917,81.14898309719769,True,False,False,False,False,
seed286,/local0/rossin/git/GenAI-Net/comparisons/rne_oscillator/data/posthoc/rl4crn_rne_oscillator_trace_8rxn_stop_risksched085to09_lr1e4_entropy005_s4_c1_rnetol_d256_depth3_p20_antimony/seed286.ant,0.04419825487791358,22.6253276913816,True,True,False,False,True,
seed287,/local0/rossin/git/GenAI-Net/comparisons/rne_oscillator/data/posthoc/rl4crn_rne_oscillator_trace_8rxn_stop_risksched085to09_lr1e4_entropy005_s4_c1_rnetol_d256_depth3_p20_antimony/seed287.ant,0.06303346290200874,15.864589282594089,True,False,False,False,False,
seed288,/local0/rossin/git/GenAI-Net/comparisons/rne_oscillator/data/posthoc/rl4crn_rne_oscillator_trace_8rxn_stop_risksched085to09_lr1e4_entropy005_s4_c1_rnetol_d256_depth3_p20_antimony/seed288.ant,0.01400313064583019,71.41260231673814,True,True,False,False,True,
seed289,/local0/rossin/git/GenAI-Net/comparisons/rne_oscillator/data/posthoc/rl4crn_rne_oscillator_trace_8rxn_stop_risksched085to09_lr1e4_entropy005_s4_c1_rnetol_d256_depth3_p20_antimony/seed289.ant,0.061707664906285244,16.20544224965714,True,False,False,False,False,
seed290,/local0/rossin/git/GenAI-Net/comparisons/rne_oscillator/data/posthoc/rl4crn_rne_oscillator_trace_8rxn_stop_risksched085to09_lr1e4_entropy005_s4_c1_rnetol_d256_depth3_p20_antimony/seed290.ant,0.10364638407349971,9.648189938694443,True,False,False,False,False,
seed291,/local0/rossin/git/GenAI-Net/comparisons/rne_oscillator/data/posthoc/rl4crn_rne_oscillator_trace_8rxn_stop_risksched085to09_lr1e4_entropy005_s4_c1_rnetol_d256_depth3_p20_antimony/seed291.ant,0.06089567914478764,16.421526355299626,True,True,False,False,True,
seed292,/local0/rossin/git/GenAI-Net/comparisons/rne_oscillator/data/posthoc/rl4crn_rne_oscillator_trace_8rxn_stop_risksched085to09_lr1e4_entropy005_s4_c1_rnetol_d256_depth3_p20_antimony/seed292.ant,0.016711356509680055,59.839546802843316,True,False,False,False,False,
seed293,/local0/rossin/git/GenAI-Net/comparisons/rne_oscillator/data/posthoc/rl4crn_rne_oscillator_trace_8rxn_stop_risksched085to09_lr1e4_entropy005_s4_c1_rnetol_d256_depth3_p20_antimony/seed293.ant,0.024621957619170284,40.61415487212987,True,False,False,False,False,
seed294,/local0/rossin/git/GenAI-Net/comparisons/rne_oscillator/data/posthoc/rl4crn_rne_oscillator_trace_8rxn_stop_risksched085to09_lr1e4_entropy005_s4_c1_rnetol_d256_depth3_p20_antimony/seed294.ant,0.009026901708778316,110.77998102355964,True,False,False,False,False,
seed295,/local0/rossin/git/GenAI-Net/comparisons/rne_oscillator/data/posthoc/rl4crn_rne_oscillator_trace_8rxn_stop_risksched085to09_lr1e4_entropy005_s4_c1_rnetol_d256_depth3_p20_antimony/seed295.ant,0.010008406553388855,99.916005076892,True,False,False,False,False,
seed296,/local0/rossin/git/GenAI-Net/comparisons/rne_oscillator/data/posthoc/rl4crn_rne_oscillator_trace_8rxn_stop_risksched085to09_lr1e4_entropy005_s4_c1_rnetol_d256_depth3_p20_antimony/seed296.ant,0.008480734825202221,117.91431056519978,True,False,False,False,False,
seed297,/local0/rossin/git/GenAI-Net/comparisons/rne_oscillator/data/posthoc/rl4crn_rne_oscillator_trace_8rxn_stop_risksched085to09_lr1e4_entropy005_s4_c1_rnetol_d256_depth3_p20_antimony/seed297.ant,0.07917670365420475,12.629977680902028,True,True,False,False,True,
seed298,/local0/rossin/git/GenAI-Net/comparisons/rne_oscillator/data/posthoc/rl4crn_rne_oscillator_trace_8rxn_stop_risksched085to09_lr1e4_entropy005_s4_c1_rnetol_d256_depth3_p20_antimony/seed298.ant,0.09595976079027689,10.421034731271703,True,True,False,False,True,
seed299,/local0/rossin/git/GenAI-Net/comparisons/rne_oscillator/data/posthoc/rl4crn_rne_oscillator_trace_8rxn_stop_risksched085to09_lr1e4_entropy005_s4_c1_rnetol_d256_depth3_p20_antimony/seed299.ant,0.1388386590509549,7.20260485685757,True,True,False,False,True,
seed300,/local0/rossin/git/GenAI-Net/comparisons/rne_oscillator/data/posthoc/rl4crn_rne_oscillator_trace_8rxn_stop_risksched085to09_lr1e4_entropy005_s4_c1_rnetol_d256_depth3_p20_antimony/seed300.ant,0.05611903022302051,17.819267297135,True,True,False,False,True,
seed301,/local0/rossin/git/GenAI-Net/comparisons/rne_oscillator/data/posthoc/rl4crn_rne_oscillator_trace_8rxn_stop_risksched085to09_lr1e4_entropy005_s4_c1_rnetol_d256_depth3_p20_antimony/seed301.ant,0.051196130781345175,19.532726101332244,True,True,False,False,True,
seed302,/local0/rossin/git/GenAI-Net/comparisons/rne_oscillator/data/posthoc/rl4crn_rne_oscillator_trace_8rxn_stop_risksched085to09_lr1e4_entropy005_s4_c1_rnetol_d256_depth3_p20_antimony/seed302.ant,0.06743027323471733,14.830134182003246,True,True,False,False,True,
seed303,/local0/rossin/git/GenAI-Net/comparisons/rne_oscillator/data/posthoc/rl4crn_rne_oscillator_trace_8rxn_stop_risksched085to09_lr1e4_entropy005_s4_c1_rnetol_d256_depth3_p20_antimony/seed303.ant,0.05681274767073777,17.601683442518386,True,False,False,False,False,
seed304,/local0/rossin/git/GenAI-Net/comparisons/rne_oscillator/data/posthoc/rl4crn_rne_oscillator_trace_8rxn_stop_risksched085to09_lr1e4_entropy005_s4_c1_rnetol_d256_depth3_p20_antimony/seed304.ant,0.00995463242189701,100.45574337836118,True,False,False,False,False,
seed305,/local0/rossin/git/GenAI-Net/comparisons/rne_oscillator/data/posthoc/rl4crn_rne_oscillator_trace_8rxn_stop_risksched085to09_lr1e4_entropy005_s4_c1_rnetol_d256_depth3_p20_antimony/seed305.ant,0.05153626228803833,19.40381307458733,True,True,False,False,True,
seed306,/local0/rossin/git/GenAI-Net/comparisons/rne_oscillator/data/posthoc/rl4crn_rne_oscillator_trace_8rxn_stop_risksched085to09_lr1e4_entropy005_s4_c1_rnetol_d256_depth3_p20_antimony/seed306.ant,0.009028157727260159,110.76456905272494,True,False,False,False,False,
seed307,/local0/rossin/git/GenAI-Net/comparisons/rne_oscillator/data/posthoc/rl4crn_rne_oscillator_trace_8rxn_stop_risksched085to09_lr1e4_entropy005_s4_c1_rnetol_d256_depth3_p20_antimony/seed307.ant,0.009016021143964218,110.91367067938286,True,False,False,False,False,
seed308,/local0/rossin/git/GenAI-Net/comparisons/rne_oscillator/data/posthoc/rl4crn_rne_oscillator_trace_8rxn_stop_risksched085to09_lr1e4_entropy005_s4_c1_rnetol_d256_depth3_p20_antimony/seed308.ant,0.0161963126010645,61.742448706150256,True,True,False,False,True,
seed309,/local0/rossin/git/GenAI-Net/comparisons/rne_oscillator/data/posthoc/rl4crn_rne_oscillator_trace_8rxn_stop_risksched085to09_lr1e4_entropy005_s4_c1_rnetol_d256_depth3_p20_antimony/seed309.ant,0.01663387378357206,60.11828711767789,True,False,False,False,False,
seed310,/local0/rossin/git/GenAI-Net/comparisons/rne_oscillator/data/posthoc/rl4crn_rne_oscillator_trace_8rxn_stop_risksched085to09_lr1e4_entropy005_s4_c1_rnetol_d256_depth3_p20_antimony/seed310.ant,0.05699351444034883,17.545856047298695,True,True,False,False,True,
seed311,/local0/rossin/git/GenAI-Net/comparisons/rne_oscillator/data/posthoc/rl4crn_rne_oscillator_trace_8rxn_stop_risksched085to09_lr1e4_entropy005_s4_c1_rnetol_d256_depth3_p20_antimony/seed311.ant,0.009027725573633218,110.7698713085215,True,False,False,False,False,
seed312,/local0/rossin/git/GenAI-Net/comparisons/rne_oscillator/data/posthoc/rl4crn_rne_oscillator_trace_8rxn_stop_risksched085to09_lr1e4_entropy005_s4_c1_rnetol_d256_depth3_p20_antimony/seed312.ant,0.18823622945591068,5.312473602400877,True,True,False,False,True,
seed313,/local0/rossin/git/GenAI-Net/comparisons/rne_oscillator/data/posthoc/rl4crn_rne_oscillator_trace_8rxn_stop_risksched085to09_lr1e4_entropy005_s4_c1_rnetol_d256_depth3_p20_antimony/seed313.ant,0.0172378523403015,58.01186715482153,True,False,False,False,False,
seed314,/local0/rossin/git/GenAI-Net/comparisons/rne_oscillator/data/posthoc/rl4crn_rne_oscillator_trace_8rxn_stop_risksched085to09_lr1e4_entropy005_s4_c1_rnetol_d256_depth3_p20_antimony/seed314.ant,0.05654526876765156,17.684945562980158,True,False,False,False,False,
seed315,/local0/rossin/git/GenAI-Net/comparisons/rne_oscillator/data/posthoc/rl4crn_rne_oscillator_trace_8rxn_stop_risksched085to09_lr1e4_entropy005_s4_c1_rnetol_d256_depth3_p20_antimony/seed315.ant,0.042423128428519113,23.572047537346304,True,False,False,False,False,
seed316,/local0/rossin/git/GenAI-Net/comparisons/rne_oscillator/data/posthoc/rl4crn_rne_oscillator_trace_8rxn_stop_risksched085to09_lr1e4_entropy005_s4_c1_rnetol_d256_depth3_p20_antimony/seed316.ant,0.008950062583473164,111.73106228849852,True,False,False,False,False,
seed317,/local0/rossin/git/GenAI-Net/comparisons/rne_oscillator/data/posthoc/rl4crn_rne_oscillator_trace_8rxn_stop_risksched085to09_lr1e4_entropy005_s4_c1_rnetol_d256_depth3_p20_antimony/seed317.ant,0.009022505119166241,110.83396316126543,True,False,False,False,False,
seed318,/local0/rossin/git/GenAI-Net/comparisons/rne_oscillator/data/posthoc/rl4crn_rne_oscillator_trace_8rxn_stop_risksched085to09_lr1e4_entropy005_s4_c1_rnetol_d256_depth3_p20_antimony/seed318.ant,0.009016216764327813,110.91126424072316,True,False,False,False,False,
seed319,/local0/rossin/git/GenAI-Net/comparisons/rne_oscillator/data/posthoc/rl4crn_rne_oscillator_trace_8rxn_stop_risksched085to09_lr1e4_entropy005_s4_c1_rnetol_d256_depth3_p20_antimony/seed319.ant,0.009022828056015848,110.82999629293208,True,False,False,False,False,
seed320,/local0/rossin/git/GenAI-Net/comparisons/rne_oscillator/data/posthoc/rl4crn_rne_oscillator_trace_8rxn_stop_risksched085to09_lr1e4_entropy005_s4_c1_rnetol_d256_depth3_p20_antimony/seed320.ant,0.009941688075079173,100.58653947378411,True,False,False,False,False,
seed321,/local0/rossin/git/GenAI-Net/comparisons/rne_oscillator/data/posthoc/rl4crn_rne_oscillator_trace_8rxn_stop_risksched085to09_lr1e4_entropy005_s4_c1_rnetol_d256_depth3_p20_antimony/seed321.ant,0.009027887689006989,110.76788219437782,True,False,False,False,False,
seed322,/local0/rossin/git/GenAI-Net/comparisons/rne_oscillator/data/posthoc/rl4crn_rne_oscillator_trace_8rxn_stop_risksched085to09_lr1e4_entropy005_s4_c1_rnetol_d256_depth3_p20_antimony/seed322.ant,0.014899792758469017,67.11502745107657,True,False,False,False,False,
seed323,/local0/rossin/git/GenAI-Net/comparisons/rne_oscillator/data/posthoc/rl4crn_rne_oscillator_trace_8rxn_stop_risksched085to09_lr1e4_entropy005_s4_c1_rnetol_d256_depth3_p20_antimony/seed323.ant,0.00902632720657057,110.78703188070403,True,False,False,False,False,
seed324,/local0/rossin/git/GenAI-Net/comparisons/rne_oscillator/data/posthoc/rl4crn_rne_oscillator_trace_8rxn_stop_risksched085to09_lr1e4_entropy005_s4_c1_rnetol_d256_depth3_p20_antimony/seed324.ant,0.06208066532637307,16.10807478854742,True,False,False,False,False,
seed325,/local0/rossin/git/GenAI-Net/comparisons/rne_oscillator/data/posthoc/rl4crn_rne_oscillator_trace_8rxn_stop_risksched085to09_lr1e4_entropy005_s4_c1_rnetol_d256_depth3_p20_antimony/seed325.ant,0.009570027228485746,104.4929106391089,True,False,False,False,False,
seed326,/local0/rossin/git/GenAI-Net/comparisons/rne_oscillator/data/posthoc/rl4crn_rne_oscillator_trace_8rxn_stop_risksched085to09_lr1e4_entropy005_s4_c1_rnetol_d256_depth3_p20_antimony/seed326.ant,0.00999774923521883,100.02251271489428,True,False,False,False,False,
seed327,/local0/rossin/git/GenAI-Net/comparisons/rne_oscillator/data/posthoc/rl4crn_rne_oscillator_trace_8rxn_stop_risksched085to09_lr1e4_entropy005_s4_c1_rnetol_d256_depth3_p20_antimony/seed327.ant,0.009185556290463495,108.86656925048803,True,False,False,False,False,
seed328,/local0/rossin/git/GenAI-Net/comparisons/rne_oscillator/data/posthoc/rl4crn_rne_oscillator_trace_8rxn_stop_risksched085to09_lr1e4_entropy005_s4_c1_rnetol_d256_depth3_p20_antimony/seed328.ant,0.009025392872813577,110.79850086218573,True,False,False,False,False,
seed329,/local0/rossin/git/GenAI-Net/comparisons/rne_oscillator/data/posthoc/rl4crn_rne_oscillator_trace_8rxn_stop_risksched085to09_lr1e4_entropy005_s4_c1_rnetol_d256_depth3_p20_antimony/seed329.ant,0.06010767223581663,16.63681128886115,True,True,False,False,True,
seed330,/local0/rossin/git/GenAI-Net/comparisons/rne_oscillator/data/posthoc/rl4crn_rne_oscillator_trace_8rxn_stop_risksched085to09_lr1e4_entropy005_s4_c1_rnetol_d256_depth3_p20_antimony/seed330.ant,0.009028795316343739,110.75674715870684,True,False,False,False,False,
seed331,/local0/rossin/git/GenAI-Net/comparisons/rne_oscillator/data/posthoc/rl4crn_rne_oscillator_trace_8rxn_stop_risksched085to09_lr1e4_entropy005_s4_c1_rnetol_d256_depth3_p20_antimony/seed331.ant,0.009991040616475887,100.08967417777622,True,False,False,False,False,
seed332,/local0/rossin/git/GenAI-Net/comparisons/rne_oscillator/data/posthoc/rl4crn_rne_oscillator_trace_8rxn_stop_risksched085to09_lr1e4_entropy005_s4_c1_rnetol_d256_depth3_p20_antimony/seed332.ant,0.009025575648469846,110.79625709741131,True,False,False,False,False,
seed333,/local0/rossin/git/GenAI-Net/comparisons/rne_oscillator/data/posthoc/rl4crn_rne_oscillator_trace_8rxn_stop_risksched085to09_lr1e4_entropy005_s4_c1_rnetol_d256_depth3_p20_antimony/seed333.ant,0.009027036727617434,110.77832406957944,True,False,False,False,False,
seed334,/local0/rossin/git/GenAI-Net/comparisons/rne_oscillator/data/posthoc/rl4crn_rne_oscillator_trace_8rxn_stop_risksched085to09_lr1e4_entropy005_s4_c1_rnetol_d256_depth3_p20_antimony/seed334.ant,0.009732218534929763,102.75149457556,True,False,False,False,False,
seed335,/local0/rossin/git/GenAI-Net/comparisons/rne_oscillator/data/posthoc/rl4crn_rne_oscillator_trace_8rxn_stop_risksched085to09_lr1e4_entropy005_s4_c1_rnetol_d256_depth3_p20_antimony/seed335.ant,0.06929530968085894,14.430991139306856,True,True,False,False,True,
seed336,/local0/rossin/git/GenAI-Net/comparisons/rne_oscillator/data/posthoc/rl4crn_rne_oscillator_trace_8rxn_stop_risksched085to09_lr1e4_entropy005_s4_c1_rnetol_d256_depth3_p20_antimony/seed336.ant,0.009027649081607941,110.7708098709002,True,False,False,False,False,
seed337,/local0/rossin/git/GenAI-Net/comparisons/rne_oscillator/data/posthoc/rl4crn_rne_oscillator_trace_8rxn_stop_risksched085to09_lr1e4_entropy005_s4_c1_rnetol_d256_depth3_p20_antimony/seed337.ant,0.05067213567460707,19.73471192178549,True,True,False,False,True,
seed338,/local0/rossin/git/GenAI-Net/comparisons/rne_oscillator/data/posthoc/rl4crn_rne_oscillator_trace_8rxn_stop_risksched085to09_lr1e4_entropy005_s4_c1_rnetol_d256_depth3_p20_antimony/seed338.ant,0.009678064294785906,103.32644726681076,True,False,False,False,False,
seed339,/local0/rossin/git/GenAI-Net/comparisons/rne_oscillator/data/posthoc/rl4crn_rne_oscillator_trace_8rxn_stop_risksched085to09_lr1e4_entropy005_s4_c1_rnetol_d256_depth3_p20_antimony/seed339.ant,0.009023704281787615,110.81923440446543,True,False,False,False,False,
seed340,/local0/rossin/git/GenAI-Net/comparisons/rne_oscillator/data/posthoc/rl4crn_rne_oscillator_trace_8rxn_stop_risksched085to09_lr1e4_entropy005_s4_c1_rnetol_d256_depth3_p20_antimony/seed340.ant,0.0515302400851153,19.40608074692153,True,True,False,False,True,
seed341,/local0/rossin/git/GenAI-Net/comparisons/rne_oscillator/data/posthoc/rl4crn_rne_oscillator_trace_8rxn_stop_risksched085to09_lr1e4_entropy005_s4_c1_rnetol_d256_depth3_p20_antimony/seed341.ant,0.04115238606252153,24.299927554157648,True,False,False,False,False,
seed342,/local0/rossin/git/GenAI-Net/comparisons/rne_oscillator/data/posthoc/rl4crn_rne_oscillator_trace_8rxn_stop_risksched085to09_lr1e4_entropy005_s4_c1_rnetol_d256_depth3_p20_antimony/seed342.ant,0.009026963748315813,110.77921966691989,True,False,False,False,False,
seed343,/local0/rossin/git/GenAI-Net/comparisons/rne_oscillator/data/posthoc/rl4crn_rne_oscillator_trace_8rxn_stop_risksched085to09_lr1e4_entropy005_s4_c1_rnetol_d256_depth3_p20_antimony/seed343.ant,0.009165247446674647,109.10780159708858,True,False,False,False,False,
seed344,/local0/rossin/git/GenAI-Net/comparisons/rne_oscillator/data/posthoc/rl4crn_rne_oscillator_trace_8rxn_stop_risksched085to09_lr1e4_entropy005_s4_c1_rnetol_d256_depth3_p20_antimony/seed344.ant,0.009168252910254443,109.0720347473756,True,False,False,False,False,
seed345,/local0/rossin/git/GenAI-Net/comparisons/rne_oscillator/data/posthoc/rl4crn_rne_oscillator_trace_8rxn_stop_risksched085to09_lr1e4_entropy005_s4_c1_rnetol_d256_depth3_p20_antimony/seed345.ant,0.05024778709560124,19.90137392712248,True,True,False,False,True,
seed346,/local0/rossin/git/GenAI-Net/comparisons/rne_oscillator/data/posthoc/rl4crn_rne_oscillator_trace_8rxn_stop_risksched085to09_lr1e4_entropy005_s4_c1_rnetol_d256_depth3_p20_antimony/seed346.ant,0.05141908140764952,19.44803315469638,True,False,False,False,False,
seed347,/local0/rossin/git/GenAI-Net/comparisons/rne_oscillator/data/posthoc/rl4crn_rne_oscillator_trace_8rxn_stop_risksched085to09_lr1e4_entropy005_s4_c1_rnetol_d256_depth3_p20_antimony/seed347.ant,0.05821223050578288,17.178520584272384,True,True,False,False,True,
seed348,/local0/rossin/git/GenAI-Net/comparisons/rne_oscillator/data/posthoc/rl4crn_rne_oscillator_trace_8rxn_stop_risksched085to09_lr1e4_entropy005_s4_c1_rnetol_d256_depth3_p20_antimony/seed348.ant,0.02840945909872523,35.199543804227915,True,True,False,False,True,
seed349,/local0/rossin/git/GenAI-Net/comparisons/rne_oscillator/data/posthoc/rl4crn_rne_oscillator_trace_8rxn_stop_risksched085to09_lr1e4_entropy005_s4_c1_rnetol_d256_depth3_p20_antimony/seed349.ant,0.009028658503900826,110.75842547017929,True,False,False,False,False,
seed350,/local0/rossin/git/GenAI-Net/comparisons/rne_oscillator/data/posthoc/rl4crn_rne_oscillator_trace_8rxn_stop_risksched085to09_lr1e4_entropy005_s4_c1_rnetol_d256_depth3_p20_antimony/seed350.ant,0.05648955002380618,17.702389195498526,True,True,False,False,True,
seed351,/local0/rossin/git/GenAI-Net/comparisons/rne_oscillator/data/posthoc/rl4crn_rne_oscillator_trace_8rxn_stop_risksched085to09_lr1e4_entropy005_s4_c1_rnetol_d256_depth3_p20_antimony/seed351.ant,0.06380422665336155,15.672942882496557,True,False,False,False,False,
seed352,/local0/rossin/git/GenAI-Net/comparisons/rne_oscillator/data/posthoc/rl4crn_rne_oscillator_trace_8rxn_stop_risksched085to09_lr1e4_entropy005_s4_c1_rnetol_d256_depth3_p20_antimony/seed352.ant,0.05338364431766102,18.732329213971777,True,False,False,False,False,
seed353,/local0/rossin/git/GenAI-Net/comparisons/rne_oscillator/data/posthoc/rl4crn_rne_oscillator_trace_8rxn_stop_risksched085to09_lr1e4_entropy005_s4_c1_rnetol_d256_depth3_p20_antimony/seed353.ant,0.12135474585354598,8.240304019150809,True,True,False,False,True,
seed354,/local0/rossin/git/GenAI-Net/comparisons/rne_oscillator/data/posthoc/rl4crn_rne_oscillator_trace_8rxn_stop_risksched085to09_lr1e4_entropy005_s4_c1_rnetol_d256_depth3_p20_antimony/seed354.ant,0.034882446406038714,28.6677140805951,True,False,False,False,False,
seed355,/local0/rossin/git/GenAI-Net/comparisons/rne_oscillator/data/posthoc/rl4crn_rne_oscillator_trace_8rxn_stop_risksched085to09_lr1e4_entropy005_s4_c1_rnetol_d256_depth3_p20_antimony/seed355.ant,0.009911630622477557,100.89157254631786,True,False,False,False,False,
seed356,/local0/rossin/git/GenAI-Net/comparisons/rne_oscillator/data/posthoc/rl4crn_rne_oscillator_trace_8rxn_stop_risksched085to09_lr1e4_entropy005_s4_c1_rnetol_d256_depth3_p20_antimony/seed356.ant,0.06062699184449017,16.49430343773325,True,False,False,False,False,
seed357,/local0/rossin/git/GenAI-Net/comparisons/rne_oscillator/data/posthoc/rl4crn_rne_oscillator_trace_8rxn_stop_risksched085to09_lr1e4_entropy005_s4_c1_rnetol_d256_depth3_p20_antimony/seed357.ant,0.00994823891156057,100.5203040347099,True,False,False,False,False,
seed358,/local0/rossin/git/GenAI-Net/comparisons/rne_oscillator/data/posthoc/rl4crn_rne_oscillator_trace_8rxn_stop_risksched085to09_lr1e4_entropy005_s4_c1_rnetol_d256_depth3_p20_antimony/seed358.ant,0.015285868367074452,65.4199013092371,True,True,False,False,True,
seed359,/local0/rossin/git/GenAI-Net/comparisons/rne_oscillator/data/posthoc/rl4crn_rne_oscillator_trace_8rxn_stop_risksched085to09_lr1e4_entropy005_s4_c1_rnetol_d256_depth3_p20_antimony/seed359.ant,0.0548035780723578,18.246983776856474,True,True,False,False,True,
seed360,/local0/rossin/git/GenAI-Net/comparisons/rne_oscillator/data/posthoc/rl4crn_rne_oscillator_trace_8rxn_stop_risksched085to09_lr1e4_entropy005_s4_c1_rnetol_d256_depth3_p20_antimony/seed360.ant,0.014371078639958186,69.58419928338166,True,False,False,False,False,
seed361,/local0/rossin/git/GenAI-Net/comparisons/rne_oscillator/data/posthoc/rl4crn_rne_oscillator_trace_8rxn_stop_risksched085to09_lr1e4_entropy005_s4_c1_rnetol_d256_depth3_p20_antimony/seed361.ant,0.09809740949586841,10.193949107719478,True,True,False,False,True,
seed362,/local0/rossin/git/GenAI-Net/comparisons/rne_oscillator/data/posthoc/rl4crn_rne_oscillator_trace_8rxn_stop_risksched085to09_lr1e4_entropy005_s4_c1_rnetol_d256_depth3_p20_antimony/seed362.ant,0.014769700679584745,67.70617913619867,True,True,False,False,True,
seed363,/local0/rossin/git/GenAI-Net/comparisons/rne_oscillator/data/posthoc/rl4crn_rne_oscillator_trace_8rxn_stop_risksched085to09_lr1e4_entropy005_s4_c1_rnetol_d256_depth3_p20_antimony/seed363.ant,0.009986790291067483,100.13227181654482,True,False,False,False,False,
seed364,/local0/rossin/git/GenAI-Net/comparisons/rne_oscillator/data/posthoc/rl4crn_rne_oscillator_trace_8rxn_stop_risksched085to09_lr1e4_entropy005_s4_c1_rnetol_d256_depth3_p20_antimony/seed364.ant,0.009602443026786787,104.14016487371178,True,False,False,False,False,
seed365,/local0/rossin/git/GenAI-Net/comparisons/rne_oscillator/data/posthoc/rl4crn_rne_oscillator_trace_8rxn_stop_risksched085to09_lr1e4_entropy005_s4_c1_rnetol_d256_depth3_p20_antimony/seed365.ant,0.016153477848089823,61.90617335809525,True,False,False,False,False,
seed366,/local0/rossin/git/GenAI-Net/comparisons/rne_oscillator/data/posthoc/rl4crn_rne_oscillator_trace_8rxn_stop_risksched085to09_lr1e4_entropy005_s4_c1_rnetol_d256_depth3_p20_antimony/seed366.ant,0.009511830149973016,105.13223893120472,True,False,False,False,False,
seed367,/local0/rossin/git/GenAI-Net/comparisons/rne_oscillator/data/posthoc/rl4crn_rne_oscillator_trace_8rxn_stop_risksched085to09_lr1e4_entropy005_s4_c1_rnetol_d256_depth3_p20_antimony/seed367.ant,0.02186256267848688,45.74029196421773,True,True,False,False,True,
seed368,/local0/rossin/git/GenAI-Net/comparisons/rne_oscillator/data/posthoc/rl4crn_rne_oscillator_trace_8rxn_stop_risksched085to09_lr1e4_entropy005_s4_c1_rnetol_d256_depth3_p20_antimony/seed368.ant,0.00901839285373389,110.8845019526921,True,False,False,False,False,
seed369,/local0/rossin/git/GenAI-Net/comparisons/rne_oscillator/data/posthoc/rl4crn_rne_oscillator_trace_8rxn_stop_risksched085to09_lr1e4_entropy005_s4_c1_rnetol_d256_depth3_p20_antimony/seed369.ant,0.21445311357843394,4.663023927765267,True,True,False,False,True,
seed370,/local0/rossin/git/GenAI-Net/comparisons/rne_oscillator/data/posthoc/rl4crn_rne_oscillator_trace_8rxn_stop_risksched085to09_lr1e4_entropy005_s4_c1_rnetol_d256_depth3_p20_antimony/seed370.ant,0.009027798840085272,110.76897233905962,True,False,False,False,False,
seed371,/local0/rossin/git/GenAI-Net/comparisons/rne_oscillator/data/posthoc/rl4crn_rne_oscillator_trace_8rxn_stop_risksched085to09_lr1e4_entropy005_s4_c1_rnetol_d256_depth3_p20_antimony/seed371.ant,0.00875075181988589,114.27589544106624,True,False,False,False,False,
seed372,/local0/rossin/git/GenAI-Net/comparisons/rne_oscillator/data/posthoc/rl4crn_rne_oscillator_trace_8rxn_stop_risksched085to09_lr1e4_entropy005_s4_c1_rnetol_d256_depth3_p20_antimony/seed372.ant,0.10932328735545359,9.147181942568205,True,True,False,False,True,
seed373,/local0/rossin/git/GenAI-Net/comparisons/rne_oscillator/data/posthoc/rl4crn_rne_oscillator_trace_8rxn_stop_risksched085to09_lr1e4_entropy005_s4_c1_rnetol_d256_depth3_p20_antimony/seed373.ant,0.015595456041234444,64.12124129977323,True,False,False,False,False,
seed374,/local0/rossin/git/GenAI-Net/comparisons/rne_oscillator/data/posthoc/rl4crn_rne_oscillator_trace_8rxn_stop_risksched085to09_lr1e4_entropy005_s4_c1_rnetol_d256_depth3_p20_antimony/seed374.ant,0.038107275326654866,26.241708215242845,True,False,False,False,False,
seed375,/local0/rossin/git/GenAI-Net/comparisons/rne_oscillator/data/posthoc/rl4crn_rne_oscillator_trace_8rxn_stop_risksched085to09_lr1e4_entropy005_s4_c1_rnetol_d256_depth3_p20_antimony/seed375.ant,0.009011603346077111,110.96804437529036,True,False,False,False,False,
seed376,/local0/rossin/git/GenAI-Net/comparisons/rne_oscillator/data/posthoc/rl4crn_rne_oscillator_trace_8rxn_stop_risksched085to09_lr1e4_entropy005_s4_c1_rnetol_d256_depth3_p20_antimony/seed376.ant,0.009614612477441553,104.00835211468656,True,False,False,False,False,
seed377,/local0/rossin/git/GenAI-Net/comparisons/rne_oscillator/data/posthoc/rl4crn_rne_oscillator_trace_8rxn_stop_risksched085to09_lr1e4_entropy005_s4_c1_rnetol_d256_depth3_p20_antimony/seed377.ant,0.009042800896274223,110.58520600757845,True,False,False,False,False,
seed378,/local0/rossin/git/GenAI-Net/comparisons/rne_oscillator/data/posthoc/rl4crn_rne_oscillator_trace_8rxn_stop_risksched085to09_lr1e4_entropy005_s4_c1_rnetol_d256_depth3_p20_antimony/seed378.ant,0.009016396747498734,110.90905025640237,True,False,False,False,False,
seed379,/local0/rossin/git/GenAI-Net/comparisons/rne_oscillator/data/posthoc/rl4crn_rne_oscillator_trace_8rxn_stop_risksched085to09_lr1e4_entropy005_s4_c1_rnetol_d256_depth3_p20_antimony/seed379.ant,0.02068312479582492,48.3485938353889,True,False,False,False,False,
seed380,/local0/rossin/git/GenAI-Net/comparisons/rne_oscillator/data/posthoc/rl4crn_rne_oscillator_trace_8rxn_stop_risksched085to09_lr1e4_entropy005_s4_c1_rnetol_d256_depth3_p20_antimony/seed380.ant,0.029255407804251662,34.18171459755454,True,False,False,False,False,
seed381,/local0/rossin/git/GenAI-Net/comparisons/rne_oscillator/data/posthoc/rl4crn_rne_oscillator_trace_8rxn_stop_risksched085to09_lr1e4_entropy005_s4_c1_rnetol_d256_depth3_p20_antimony/seed381.ant,0.05095585127166789,19.6248315952679,True,True,False,False,True,
seed382,/local0/rossin/git/GenAI-Net/comparisons/rne_oscillator/data/posthoc/rl4crn_rne_oscillator_trace_8rxn_stop_risksched085to09_lr1e4_entropy005_s4_c1_rnetol_d256_depth3_p20_antimony/seed382.ant,0.08298716875072995,12.050055629728952,True,False,False,False,False,
seed383,/local0/rossin/git/GenAI-Net/comparisons/rne_oscillator/data/posthoc/rl4crn_rne_oscillator_trace_8rxn_stop_risksched085to09_lr1e4_entropy005_s4_c1_rnetol_d256_depth3_p20_antimony/seed383.ant,0.05536046551632605,18.063431921559538,True,False,False,False,False,
seed384,/local0/rossin/git/GenAI-Net/comparisons/rne_oscillator/data/posthoc/rl4crn_rne_oscillator_trace_8rxn_stop_risksched085to09_lr1e4_entropy005_s4_c1_rnetol_d256_depth3_p20_antimony/seed384.ant,0.010542022436531899,94.85845870851502,True,False,False,False,False,
seed385,/local0/rossin/git/GenAI-Net/comparisons/rne_oscillator/data/posthoc/rl4crn_rne_oscillator_trace_8rxn_stop_risksched085to09_lr1e4_entropy005_s4_c1_rnetol_d256_depth3_p20_antimony/seed385.ant,0.012016000363825437,83.22236765326113,True,False,False,False,False,
seed386,/local0/rossin/git/GenAI-Net/comparisons/rne_oscillator/data/posthoc/rl4crn_rne_oscillator_trace_8rxn_stop_risksched085to09_lr1e4_entropy005_s4_c1_rnetol_d256_depth3_p20_antimony/seed386.ant,0.03865523466245815,25.86971748411599,True,False,False,False,False,
seed387,/local0/rossin/git/GenAI-Net/comparisons/rne_oscillator/data/posthoc/rl4crn_rne_oscillator_trace_8rxn_stop_risksched085to09_lr1e4_entropy005_s4_c1_rnetol_d256_depth3_p20_antimony/seed387.ant,0.012780161416567579,78.24627306378531,True,True,False,False,True,
seed388,/local0/rossin/git/GenAI-Net/comparisons/rne_oscillator/data/posthoc/rl4crn_rne_oscillator_trace_8rxn_stop_risksched085to09_lr1e4_entropy005_s4_c1_rnetol_d256_depth3_p20_antimony/seed388.ant,0.009040585482611272,110.61230513481756,True,False,False,False,False,
seed389,/local0/rossin/git/GenAI-Net/comparisons/rne_oscillator/data/posthoc/rl4crn_rne_oscillator_trace_8rxn_stop_risksched085to09_lr1e4_entropy005_s4_c1_rnetol_d256_depth3_p20_antimony/seed389.ant,0.01636650597113815,61.10039624605707,True,False,False,False,False,
seed390,/local0/rossin/git/GenAI-Net/comparisons/rne_oscillator/data/posthoc/rl4crn_rne_oscillator_trace_8rxn_stop_risksched085to09_lr1e4_entropy005_s4_c1_rnetol_d256_depth3_p20_antimony/seed390.ant,0.013017216274560862,76.82134020883318,True,True,False,False,True,
seed391,/local0/rossin/git/GenAI-Net/comparisons/rne_oscillator/data/posthoc/rl4crn_rne_oscillator_trace_8rxn_stop_risksched085to09_lr1e4_entropy005_s4_c1_rnetol_d256_depth3_p20_antimony/seed391.ant,0.08738296293023347,11.443878377051597,True,False,False,False,False,
seed392,/local0/rossin/git/GenAI-Net/comparisons/rne_oscillator/data/posthoc/rl4crn_rne_oscillator_trace_8rxn_stop_risksched085to09_lr1e4_entropy005_s4_c1_rnetol_d256_depth3_p20_antimony/seed392.ant,0.009017788429441016,110.89193407279647,True,False,False,False,False,
seed393,/local0/rossin/git/GenAI-Net/comparisons/rne_oscillator/data/posthoc/rl4crn_rne_oscillator_trace_8rxn_stop_risksched085to09_lr1e4_entropy005_s4_c1_rnetol_d256_depth3_p20_antimony/seed393.ant,0.06300121696833258,15.872709260563138,True,True,False,False,True,
seed394,/local0/rossin/git/GenAI-Net/comparisons/rne_oscillator/data/posthoc/rl4crn_rne_oscillator_trace_8rxn_stop_risksched085to09_lr1e4_entropy005_s4_c1_rnetol_d256_depth3_p20_antimony/seed394.ant,0.066640886659327,15.005802745573776,True,False,False,False,False,
seed395,/local0/rossin/git/GenAI-Net/comparisons/rne_oscillator/data/posthoc/rl4crn_rne_oscillator_trace_8rxn_stop_risksched085to09_lr1e4_entropy005_s4_c1_rnetol_d256_depth3_p20_antimony/seed395.ant,0.01477688368918983,67.6732673162718,True,False,False,False,False,
seed396,/local0/rossin/git/GenAI-Net/comparisons/rne_oscillator/data/posthoc/rl4crn_rne_oscillator_trace_8rxn_stop_risksched085to09_lr1e4_entropy005_s4_c1_rnetol_d256_depth3_p20_antimony/seed396.ant,0.0090243471174033,110.81134036516804,True,False,False,False,False,
seed397,/local0/rossin/git/GenAI-Net/comparisons/rne_oscillator/data/posthoc/rl4crn_rne_oscillator_trace_8rxn_stop_risksched085to09_lr1e4_entropy005_s4_c1_rnetol_d256_depth3_p20_antimony/seed397.ant,0.052119809640000035,19.18656278499791,True,False,False,False,False,
seed398,/local0/rossin/git/GenAI-Net/comparisons/rne_oscillator/data/posthoc/rl4crn_rne_oscillator_trace_8rxn_stop_risksched085to09_lr1e4_entropy005_s4_c1_rnetol_d256_depth3_p20_antimony/seed398.ant,0.07168033876957376,13.950826923609227,True,True,False,False,True,
seed399,/local0/rossin/git/GenAI-Net/comparisons/rne_oscillator/data/posthoc/rl4crn_rne_oscillator_trace_8rxn_stop_risksched085to09_lr1e4_entropy005_s4_c1_rnetol_d256_depth3_p20_antimony/seed399.ant,0.05470720839243232,18.27912681682969,True,False,False,False,False,
