method,run_id,seed,epoch,candidate_evaluations,batch_size,n_cpus,epoch_best_loss,epoch_median_loss,saved_best_loss,success,stop_reason,elapsed_seconds
rl4crn_rne_oscillator_trace_8rxn_stop_risksched085to09_lr1e4_entropy005_s4_c1_rnetol_d256_p20,seed061,61,1,100,100,16,124.17762514320337,132.7027922360711,124.17762514320337,False,max_epochs,8.989648818969727
rl4crn_rne_oscillator_trace_8rxn_stop_risksched085to09_lr1e4_entropy005_s4_c1_rnetol_d256_p20,seed061,61,2,200,100,16,123.46360935909728,131.57834144943206,123.46360935909728,False,max_epochs,13.090859651565552
rl4crn_rne_oscillator_trace_8rxn_stop_risksched085to09_lr1e4_entropy005_s4_c1_rnetol_d256_p20,seed061,61,3,300,100,16,124.04461291823098,130.55357464878963,123.46360935909728,False,max_epochs,18.184913873672485
rl4crn_rne_oscillator_trace_8rxn_stop_risksched085to09_lr1e4_entropy005_s4_c1_rnetol_d256_p20,seed061,61,4,400,100,16,123.001676032225,129.37178710905744,123.001676032225,False,max_epochs,23.36681604385376
rl4crn_rne_oscillator_trace_8rxn_stop_risksched085to09_lr1e4_entropy005_s4_c1_rnetol_d256_p20,seed061,61,5,500,100,16,123.73952066032795,130.45978771539453,123.001676032225,False,max_epochs,28.88085126876831
rl4crn_rne_oscillator_trace_8rxn_stop_risksched085to09_lr1e4_entropy005_s4_c1_rnetol_d256_p20,seed061,61,6,600,100,16,123.66985530106095,129.05052941035467,123.001676032225,False,max_epochs,34.171168088912964
rl4crn_rne_oscillator_trace_8rxn_stop_risksched085to09_lr1e4_entropy005_s4_c1_rnetol_d256_p20,seed061,61,7,700,100,16,122.40621115694009,129.68282063724254,122.40621115694009,False,max_epochs,39.52797484397888
rl4crn_rne_oscillator_trace_8rxn_stop_risksched085to09_lr1e4_entropy005_s4_c1_rnetol_d256_p20,seed061,61,8,800,100,16,123.41015591328942,129.88263560769366,122.40621115694009,False,max_epochs,44.356072664260864
rl4crn_rne_oscillator_trace_8rxn_stop_risksched085to09_lr1e4_entropy005_s4_c1_rnetol_d256_p20,seed061,61,9,900,100,16,123.9311787272758,130.36437779725577,122.40621115694009,False,max_epochs,49.32821536064148
rl4crn_rne_oscillator_trace_8rxn_stop_risksched085to09_lr1e4_entropy005_s4_c1_rnetol_d256_p20,seed061,61,10,1000,100,16,122.70328367598032,129.59592212169298,122.40621115694009,False,max_epochs,53.9910671710968
rl4crn_rne_oscillator_trace_8rxn_stop_risksched085to09_lr1e4_entropy005_s4_c1_rnetol_d256_p20,seed061,61,11,1100,100,16,122.26277560945114,130.39034608319375,122.26277560945114,False,max_epochs,56.43799877166748
rl4crn_rne_oscillator_trace_8rxn_stop_risksched085to09_lr1e4_entropy005_s4_c1_rnetol_d256_p20,seed061,61,12,1200,100,16,123.13566430544071,129.80227418922308,122.26277560945114,False,max_epochs,60.794572830200195
rl4crn_rne_oscillator_trace_8rxn_stop_risksched085to09_lr1e4_entropy005_s4_c1_rnetol_d256_p20,seed061,61,13,1300,100,16,123.26711840998544,131.66563946097546,122.26277560945114,False,max_epochs,65.94918751716614
rl4crn_rne_oscillator_trace_8rxn_stop_risksched085to09_lr1e4_entropy005_s4_c1_rnetol_d256_p20,seed061,61,14,1400,100,16,122.41923285383746,131.53878235252267,122.26277560945114,False,max_epochs,70.65821743011475
rl4crn_rne_oscillator_trace_8rxn_stop_risksched085to09_lr1e4_entropy005_s4_c1_rnetol_d256_p20,seed061,61,15,1500,100,16,124.26737511846525,130.88725469161622,122.26277560945114,False,max_epochs,75.55230641365051
rl4crn_rne_oscillator_trace_8rxn_stop_risksched085to09_lr1e4_entropy005_s4_c1_rnetol_d256_p20,seed061,61,16,1600,100,16,124.24517081354668,129.4203587154403,122.26277560945114,False,max_epochs,79.94972681999207
rl4crn_rne_oscillator_trace_8rxn_stop_risksched085to09_lr1e4_entropy005_s4_c1_rnetol_d256_p20,seed061,61,17,1700,100,16,122.80727023583532,130.11252493144167,122.26277560945114,False,max_epochs,82.80303025245667
rl4crn_rne_oscillator_trace_8rxn_stop_risksched085to09_lr1e4_entropy005_s4_c1_rnetol_d256_p20,seed061,61,18,1800,100,16,121.95165024506322,129.56085159201592,121.95165024506322,False,max_epochs,87.5357563495636
rl4crn_rne_oscillator_trace_8rxn_stop_risksched085to09_lr1e4_entropy005_s4_c1_rnetol_d256_p20,seed061,61,19,1900,100,16,121.49396682556088,127.70657703795283,121.49396682556088,False,max_epochs,93.03836464881897
rl4crn_rne_oscillator_trace_8rxn_stop_risksched085to09_lr1e4_entropy005_s4_c1_rnetol_d256_p20,seed061,61,20,2000,100,16,122.16750941147704,126.68019629095942,121.49396682556088,False,max_epochs,98.15841603279114
rl4crn_rne_oscillator_trace_8rxn_stop_risksched085to09_lr1e4_entropy005_s4_c1_rnetol_d256_p20,seed061,61,21,2100,100,16,121.61940512310258,126.96705988491371,121.49396682556088,False,max_epochs,103.3668372631073
rl4crn_rne_oscillator_trace_8rxn_stop_risksched085to09_lr1e4_entropy005_s4_c1_rnetol_d256_p20,seed061,61,22,2200,100,16,123.12619306497048,126.56334333359814,121.49396682556088,False,max_epochs,108.45413517951965
rl4crn_rne_oscillator_trace_8rxn_stop_risksched085to09_lr1e4_entropy005_s4_c1_rnetol_d256_p20,seed061,61,23,2300,100,16,122.42928198973037,127.45169205550866,121.49396682556088,False,max_epochs,113.34019327163696
rl4crn_rne_oscillator_trace_8rxn_stop_risksched085to09_lr1e4_entropy005_s4_c1_rnetol_d256_p20,seed061,61,24,2400,100,16,122.5940978975953,128.07329947946113,121.49396682556088,False,max_epochs,118.0262393951416
rl4crn_rne_oscillator_trace_8rxn_stop_risksched085to09_lr1e4_entropy005_s4_c1_rnetol_d256_p20,seed061,61,25,2500,100,16,122.41535611069872,126.34979486964616,121.49396682556088,False,max_epochs,122.75539374351501
rl4crn_rne_oscillator_trace_8rxn_stop_risksched085to09_lr1e4_entropy005_s4_c1_rnetol_d256_p20,seed061,61,26,2600,100,16,122.88300100297175,127.35287827998539,121.49396682556088,False,max_epochs,125.07344555854797
rl4crn_rne_oscillator_trace_8rxn_stop_risksched085to09_lr1e4_entropy005_s4_c1_rnetol_d256_p20,seed061,61,27,2700,100,16,123.20699303308618,128.2180238945952,121.49396682556088,False,max_epochs,129.84640979766846
rl4crn_rne_oscillator_trace_8rxn_stop_risksched085to09_lr1e4_entropy005_s4_c1_rnetol_d256_p20,seed061,61,28,2800,100,16,122.44914739665529,127.28151863113726,121.49396682556088,False,max_epochs,135.02320623397827
rl4crn_rne_oscillator_trace_8rxn_stop_risksched085to09_lr1e4_entropy005_s4_c1_rnetol_d256_p20,seed061,61,29,2900,100,16,122.19123787835919,126.81251864202306,121.49396682556088,False,max_epochs,139.922993183136
rl4crn_rne_oscillator_trace_8rxn_stop_risksched085to09_lr1e4_entropy005_s4_c1_rnetol_d256_p20,seed061,61,30,3000,100,16,122.00819980082453,126.37700976544012,121.49396682556088,False,max_epochs,144.75261902809143
rl4crn_rne_oscillator_trace_8rxn_stop_risksched085to09_lr1e4_entropy005_s4_c1_rnetol_d256_p20,seed061,61,31,3100,100,16,121.96763302087575,126.90223877025886,121.49396682556088,False,max_epochs,149.72826409339905
rl4crn_rne_oscillator_trace_8rxn_stop_risksched085to09_lr1e4_entropy005_s4_c1_rnetol_d256_p20,seed061,61,32,3200,100,16,121.95362490397343,126.90160788675266,121.49396682556088,False,max_epochs,153.61150574684143
rl4crn_rne_oscillator_trace_8rxn_stop_risksched085to09_lr1e4_entropy005_s4_c1_rnetol_d256_p20,seed061,61,33,3300,100,16,121.27471138644208,127.74336387652923,121.27471138644208,False,max_epochs,156.84279417991638
rl4crn_rne_oscillator_trace_8rxn_stop_risksched085to09_lr1e4_entropy005_s4_c1_rnetol_d256_p20,seed061,61,34,3400,100,16,121.19288894500755,126.44838722805235,121.19288894500755,False,max_epochs,161.84982681274414
rl4crn_rne_oscillator_trace_8rxn_stop_risksched085to09_lr1e4_entropy005_s4_c1_rnetol_d256_p20,seed061,61,35,3500,100,16,121.63490495607164,126.18826390456519,121.19288894500755,False,max_epochs,167.01342821121216
rl4crn_rne_oscillator_trace_8rxn_stop_risksched085to09_lr1e4_entropy005_s4_c1_rnetol_d256_p20,seed061,61,36,3600,100,16,120.65246543092785,129.1780060702999,120.65246543092785,False,max_epochs,172.40938472747803
rl4crn_rne_oscillator_trace_8rxn_stop_risksched085to09_lr1e4_entropy005_s4_c1_rnetol_d256_p20,seed061,61,37,3700,100,16,121.44766572519794,126.89412835094804,120.65246543092785,False,max_epochs,177.32632398605347
rl4crn_rne_oscillator_trace_8rxn_stop_risksched085to09_lr1e4_entropy005_s4_c1_rnetol_d256_p20,seed061,61,38,3800,100,16,121.41017111285011,127.69515958238101,120.65246543092785,False,max_epochs,182.75233340263367
rl4crn_rne_oscillator_trace_8rxn_stop_risksched085to09_lr1e4_entropy005_s4_c1_rnetol_d256_p20,seed061,61,39,3900,100,16,121.80908811847368,127.79103210972926,120.65246543092785,False,max_epochs,187.68921947479248
rl4crn_rne_oscillator_trace_8rxn_stop_risksched085to09_lr1e4_entropy005_s4_c1_rnetol_d256_p20,seed061,61,40,4000,100,16,121.6337782542965,127.88300184893342,120.65246543092785,False,max_epochs,193.00489163398743
rl4crn_rne_oscillator_trace_8rxn_stop_risksched085to09_lr1e4_entropy005_s4_c1_rnetol_d256_p20,seed061,61,41,4100,100,16,121.49768649461205,126.24181896522936,120.65246543092785,False,max_epochs,197.92009019851685
rl4crn_rne_oscillator_trace_8rxn_stop_risksched085to09_lr1e4_entropy005_s4_c1_rnetol_d256_p20,seed061,61,42,4200,100,16,121.49702132806219,125.37595526290335,120.65246543092785,False,max_epochs,202.82141852378845
rl4crn_rne_oscillator_trace_8rxn_stop_risksched085to09_lr1e4_entropy005_s4_c1_rnetol_d256_p20,seed061,61,43,4300,100,16,121.68878037160964,128.37827722005994,120.65246543092785,False,max_epochs,205.00885558128357
rl4crn_rne_oscillator_trace_8rxn_stop_risksched085to09_lr1e4_entropy005_s4_c1_rnetol_d256_p20,seed061,61,44,4400,100,16,120.83533082514153,131.4548073826369,120.65246543092785,False,max_epochs,209.86958599090576
rl4crn_rne_oscillator_trace_8rxn_stop_risksched085to09_lr1e4_entropy005_s4_c1_rnetol_d256_p20,seed061,61,45,4500,100,16,120.9802063552524,126.88011227433661,120.65246543092785,False,max_epochs,214.8613510131836
rl4crn_rne_oscillator_trace_8rxn_stop_risksched085to09_lr1e4_entropy005_s4_c1_rnetol_d256_p20,seed061,61,46,4600,100,16,121.02205345854352,126.27097012610508,120.65246543092785,False,max_epochs,220.264874458313
rl4crn_rne_oscillator_trace_8rxn_stop_risksched085to09_lr1e4_entropy005_s4_c1_rnetol_d256_p20,seed061,61,47,4700,100,16,120.84485148702322,127.94869447613408,120.65246543092785,False,max_epochs,225.2368621826172
rl4crn_rne_oscillator_trace_8rxn_stop_risksched085to09_lr1e4_entropy005_s4_c1_rnetol_d256_p20,seed061,61,48,4800,100,16,120.84634097284635,125.82820454847129,120.65246543092785,False,max_epochs,230.39137601852417
rl4crn_rne_oscillator_trace_8rxn_stop_risksched085to09_lr1e4_entropy005_s4_c1_rnetol_d256_p20,seed061,61,49,4900,100,16,120.7653763062768,124.80859942219635,120.65246543092785,False,max_epochs,235.73456406593323
rl4crn_rne_oscillator_trace_8rxn_stop_risksched085to09_lr1e4_entropy005_s4_c1_rnetol_d256_p20,seed061,61,50,5000,100,16,120.82819413952386,133.6421497979883,120.65246543092785,False,max_epochs,241.22061276435852
rl4crn_rne_oscillator_trace_8rxn_stop_risksched085to09_lr1e4_entropy005_s4_c1_rnetol_d256_p20,seed061,61,51,5100,100,16,120.66442370340626,128.33365868235126,120.65246543092785,False,max_epochs,246.5104877948761
rl4crn_rne_oscillator_trace_8rxn_stop_risksched085to09_lr1e4_entropy005_s4_c1_rnetol_d256_p20,seed061,61,52,5200,100,16,121.00316046054206,131.71909663560416,120.65246543092785,False,max_epochs,251.5945336818695
rl4crn_rne_oscillator_trace_8rxn_stop_risksched085to09_lr1e4_entropy005_s4_c1_rnetol_d256_p20,seed061,61,53,5300,100,16,120.78402339088797,129.9997926750297,120.65246543092785,False,max_epochs,256.1602792739868
rl4crn_rne_oscillator_trace_8rxn_stop_risksched085to09_lr1e4_entropy005_s4_c1_rnetol_d256_p20,seed061,61,54,5400,100,16,120.83441401855298,130.15275437255065,120.65246543092785,False,max_epochs,261.08672404289246
rl4crn_rne_oscillator_trace_8rxn_stop_risksched085to09_lr1e4_entropy005_s4_c1_rnetol_d256_p20,seed061,61,55,5500,100,16,120.69257529138574,126.831870034141,120.65246543092785,False,max_epochs,263.37849831581116
rl4crn_rne_oscillator_trace_8rxn_stop_risksched085to09_lr1e4_entropy005_s4_c1_rnetol_d256_p20,seed061,61,56,5600,100,16,120.64832424676528,133.3921353350819,120.64832424676528,False,max_epochs,268.195294380188
rl4crn_rne_oscillator_trace_8rxn_stop_risksched085to09_lr1e4_entropy005_s4_c1_rnetol_d256_p20,seed061,61,57,5700,100,16,120.67414288169363,137.3251402310136,120.64832424676528,False,max_epochs,273.57957434654236
rl4crn_rne_oscillator_trace_8rxn_stop_risksched085to09_lr1e4_entropy005_s4_c1_rnetol_d256_p20,seed061,61,58,5800,100,16,121.16015523147645,137.68456066273848,120.64832424676528,False,max_epochs,278.78214406967163
rl4crn_rne_oscillator_trace_8rxn_stop_risksched085to09_lr1e4_entropy005_s4_c1_rnetol_d256_p20,seed061,61,59,5900,100,16,120.94071000704116,134.58256906014648,120.64832424676528,False,max_epochs,284.35999727249146
rl4crn_rne_oscillator_trace_8rxn_stop_risksched085to09_lr1e4_entropy005_s4_c1_rnetol_d256_p20,seed061,61,60,6000,100,16,120.54868381632022,127.4222358901043,120.54868381632022,False,max_epochs,289.0889456272125
rl4crn_rne_oscillator_trace_8rxn_stop_risksched085to09_lr1e4_entropy005_s4_c1_rnetol_d256_p20,seed061,61,61,6100,100,16,120.26923328620626,123.54425346700512,120.26923328620626,False,max_epochs,294.55031871795654
rl4crn_rne_oscillator_trace_8rxn_stop_risksched085to09_lr1e4_entropy005_s4_c1_rnetol_d256_p20,seed061,61,62,6200,100,16,120.67904990420628,124.0440304377523,120.26923328620626,False,max_epochs,300.0260593891144
rl4crn_rne_oscillator_trace_8rxn_stop_risksched085to09_lr1e4_entropy005_s4_c1_rnetol_d256_p20,seed061,61,63,6300,100,16,121.15869625646897,123.96528418854291,120.26923328620626,False,max_epochs,305.12793374061584
rl4crn_rne_oscillator_trace_8rxn_stop_risksched085to09_lr1e4_entropy005_s4_c1_rnetol_d256_p20,seed061,61,64,6400,100,16,120.91342972015387,125.23141955699876,120.26923328620626,False,max_epochs,310.40092873573303
rl4crn_rne_oscillator_trace_8rxn_stop_risksched085to09_lr1e4_entropy005_s4_c1_rnetol_d256_p20,seed061,61,65,6500,100,16,120.78180156987965,124.37995288581294,120.26923328620626,False,max_epochs,316.15115904808044
rl4crn_rne_oscillator_trace_8rxn_stop_risksched085to09_lr1e4_entropy005_s4_c1_rnetol_d256_p20,seed061,61,66,6600,100,16,120.83730741839285,123.30158960293086,120.26923328620626,False,max_epochs,320.7350387573242
rl4crn_rne_oscillator_trace_8rxn_stop_risksched085to09_lr1e4_entropy005_s4_c1_rnetol_d256_p20,seed061,61,67,6700,100,16,120.6566418025914,123.99647498827966,120.26923328620626,False,max_epochs,325.6726198196411
rl4crn_rne_oscillator_trace_8rxn_stop_risksched085to09_lr1e4_entropy005_s4_c1_rnetol_d256_p20,seed061,61,68,6800,100,16,120.62432190397229,123.9941764815103,120.26923328620626,False,max_epochs,330.23099184036255
rl4crn_rne_oscillator_trace_8rxn_stop_risksched085to09_lr1e4_entropy005_s4_c1_rnetol_d256_p20,seed061,61,69,6900,100,16,120.83620886075674,123.94990696813676,120.26923328620626,False,max_epochs,332.4774250984192
rl4crn_rne_oscillator_trace_8rxn_stop_risksched085to09_lr1e4_entropy005_s4_c1_rnetol_d256_p20,seed061,61,70,7000,100,16,120.69370173322237,124.62233886938277,120.26923328620626,False,max_epochs,337.4345989227295
rl4crn_rne_oscillator_trace_8rxn_stop_risksched085to09_lr1e4_entropy005_s4_c1_rnetol_d256_p20,seed061,61,71,7100,100,16,120.47460961750868,125.33970207798902,120.26923328620626,False,max_epochs,342.9329903125763
rl4crn_rne_oscillator_trace_8rxn_stop_risksched085to09_lr1e4_entropy005_s4_c1_rnetol_d256_p20,seed061,61,72,7200,100,16,120.80833166026714,128.97874842910926,120.26923328620626,False,max_epochs,347.82386350631714
rl4crn_rne_oscillator_trace_8rxn_stop_risksched085to09_lr1e4_entropy005_s4_c1_rnetol_d256_p20,seed061,61,73,7300,100,16,120.16129450451497,125.36044166299808,120.16129450451497,False,max_epochs,352.9404094219208
rl4crn_rne_oscillator_trace_8rxn_stop_risksched085to09_lr1e4_entropy005_s4_c1_rnetol_d256_p20,seed061,61,74,7400,100,16,120.33825211525067,128.15199986841463,120.16129450451497,False,max_epochs,357.6720025539398
rl4crn_rne_oscillator_trace_8rxn_stop_risksched085to09_lr1e4_entropy005_s4_c1_rnetol_d256_p20,seed061,61,75,7500,100,16,120.8754235769239,124.31966769743221,120.16129450451497,False,max_epochs,362.3927798271179
rl4crn_rne_oscillator_trace_8rxn_stop_risksched085to09_lr1e4_entropy005_s4_c1_rnetol_d256_p20,seed061,61,76,7600,100,16,120.41304983377518,125.20682770344814,120.16129450451497,False,max_epochs,366.72796726226807
rl4crn_rne_oscillator_trace_8rxn_stop_risksched085to09_lr1e4_entropy005_s4_c1_rnetol_d256_p20,seed061,61,77,7700,100,16,120.61274571237958,126.56057464179975,120.16129450451497,False,max_epochs,369.713406085968
rl4crn_rne_oscillator_trace_8rxn_stop_risksched085to09_lr1e4_entropy005_s4_c1_rnetol_d256_p20,seed061,61,78,7800,100,16,119.99972043786187,126.28387457955834,119.99972043786187,False,max_epochs,374.4481346607208
rl4crn_rne_oscillator_trace_8rxn_stop_risksched085to09_lr1e4_entropy005_s4_c1_rnetol_d256_p20,seed061,61,79,7900,100,16,120.49840775733053,129.25330901337242,119.99972043786187,False,max_epochs,379.36892342567444
rl4crn_rne_oscillator_trace_8rxn_stop_risksched085to09_lr1e4_entropy005_s4_c1_rnetol_d256_p20,seed061,61,80,8000,100,16,120.73571067867047,132.27803603740364,119.99972043786187,False,max_epochs,384.2367022037506
rl4crn_rne_oscillator_trace_8rxn_stop_risksched085to09_lr1e4_entropy005_s4_c1_rnetol_d256_p20,seed061,61,81,8100,100,16,120.39330032792523,129.6868564320493,119.99972043786187,False,max_epochs,389.1991958618164
rl4crn_rne_oscillator_trace_8rxn_stop_risksched085to09_lr1e4_entropy005_s4_c1_rnetol_d256_p20,seed061,61,82,8200,100,16,120.55473229063968,125.0671417553778,119.99972043786187,False,max_epochs,392.81678009033203
rl4crn_rne_oscillator_trace_8rxn_stop_risksched085to09_lr1e4_entropy005_s4_c1_rnetol_d256_p20,seed061,61,83,8300,100,16,120.65541499452407,124.83272339846197,119.99972043786187,False,max_epochs,396.40275025367737
rl4crn_rne_oscillator_trace_8rxn_stop_risksched085to09_lr1e4_entropy005_s4_c1_rnetol_d256_p20,seed061,61,84,8400,100,16,120.50643678014015,123.73614418797028,119.99972043786187,False,max_epochs,401.1707544326782
rl4crn_rne_oscillator_trace_8rxn_stop_risksched085to09_lr1e4_entropy005_s4_c1_rnetol_d256_p20,seed061,61,85,8500,100,16,120.42457643149663,123.30149214400947,119.99972043786187,False,max_epochs,406.3433310985565
rl4crn_rne_oscillator_trace_8rxn_stop_risksched085to09_lr1e4_entropy005_s4_c1_rnetol_d256_p20,seed061,61,86,8600,100,16,120.31531503053996,126.06204960648716,119.99972043786187,False,max_epochs,411.35206508636475
rl4crn_rne_oscillator_trace_8rxn_stop_risksched085to09_lr1e4_entropy005_s4_c1_rnetol_d256_p20,seed061,61,87,8700,100,16,120.25090890713714,128.00202995607296,119.99972043786187,False,max_epochs,417.0043411254883
rl4crn_rne_oscillator_trace_8rxn_stop_risksched085to09_lr1e4_entropy005_s4_c1_rnetol_d256_p20,seed061,61,88,8800,100,16,119.74199054042141,132.32434417397656,119.74199054042141,False,max_epochs,421.5301034450531
rl4crn_rne_oscillator_trace_8rxn_stop_risksched085to09_lr1e4_entropy005_s4_c1_rnetol_d256_p20,seed061,61,89,8900,100,16,118.8633897540705,137.08431365470233,118.8633897540705,False,max_epochs,426.4731888771057
rl4crn_rne_oscillator_trace_8rxn_stop_risksched085to09_lr1e4_entropy005_s4_c1_rnetol_d256_p20,seed061,61,90,9000,100,16,120.34565248762911,133.4014737142474,118.8633897540705,False,max_epochs,428.73382472991943
rl4crn_rne_oscillator_trace_8rxn_stop_risksched085to09_lr1e4_entropy005_s4_c1_rnetol_d256_p20,seed061,61,91,9100,100,16,120.61162816638934,132.9205172240167,118.8633897540705,False,max_epochs,433.31661772727966
rl4crn_rne_oscillator_trace_8rxn_stop_risksched085to09_lr1e4_entropy005_s4_c1_rnetol_d256_p20,seed061,61,92,9200,100,16,120.48356988884042,131.80526355736887,118.8633897540705,False,max_epochs,438.4382481575012
rl4crn_rne_oscillator_trace_8rxn_stop_risksched085to09_lr1e4_entropy005_s4_c1_rnetol_d256_p20,seed061,61,93,9300,100,16,120.25976991307543,125.78590259701761,118.8633897540705,False,max_epochs,443.8582253456116
rl4crn_rne_oscillator_trace_8rxn_stop_risksched085to09_lr1e4_entropy005_s4_c1_rnetol_d256_p20,seed061,61,94,9400,100,16,120.34801309546278,125.8011405530791,118.8633897540705,False,max_epochs,448.93945240974426
rl4crn_rne_oscillator_trace_8rxn_stop_risksched085to09_lr1e4_entropy005_s4_c1_rnetol_d256_p20,seed061,61,95,9500,100,16,119.92873801591455,126.71616802708346,118.8633897540705,False,max_epochs,454.3377182483673
rl4crn_rne_oscillator_trace_8rxn_stop_risksched085to09_lr1e4_entropy005_s4_c1_rnetol_d256_p20,seed061,61,96,9600,100,16,120.23424953574266,123.48584092291082,118.8633897540705,False,max_epochs,458.86384892463684
rl4crn_rne_oscillator_trace_8rxn_stop_risksched085to09_lr1e4_entropy005_s4_c1_rnetol_d256_p20,seed061,61,97,9700,100,16,119.56852628445029,127.02121155019951,118.8633897540705,False,max_epochs,463.89364290237427
rl4crn_rne_oscillator_trace_8rxn_stop_risksched085to09_lr1e4_entropy005_s4_c1_rnetol_d256_p20,seed061,61,98,9800,100,16,120.112883142383,125.44800818637285,118.8633897540705,False,max_epochs,468.45665740966797
rl4crn_rne_oscillator_trace_8rxn_stop_risksched085to09_lr1e4_entropy005_s4_c1_rnetol_d256_p20,seed061,61,99,9900,100,16,120.01610203911751,124.12210333805686,118.8633897540705,False,max_epochs,470.9152750968933
rl4crn_rne_oscillator_trace_8rxn_stop_risksched085to09_lr1e4_entropy005_s4_c1_rnetol_d256_p20,seed061,61,100,10000,100,16,120.19016526236713,124.07313316272324,118.8633897540705,False,max_epochs,475.4926223754883
rl4crn_rne_oscillator_trace_8rxn_stop_risksched085to09_lr1e4_entropy005_s4_c1_rnetol_d256_p20,seed061,61,101,10100,100,16,118.85308082108361,123.83695358227942,118.85308082108361,False,max_epochs,480.58636689186096
rl4crn_rne_oscillator_trace_8rxn_stop_risksched085to09_lr1e4_entropy005_s4_c1_rnetol_d256_p20,seed061,61,102,10200,100,16,120.07490674930972,122.73903801749098,118.85308082108361,False,max_epochs,485.5894229412079
rl4crn_rne_oscillator_trace_8rxn_stop_risksched085to09_lr1e4_entropy005_s4_c1_rnetol_d256_p20,seed061,61,103,10300,100,16,119.67885585458907,123.48427395094018,118.85308082108361,False,max_epochs,490.64636874198914
rl4crn_rne_oscillator_trace_8rxn_stop_risksched085to09_lr1e4_entropy005_s4_c1_rnetol_d256_p20,seed061,61,104,10400,100,16,119.72324095580463,122.51714528184345,118.85308082108361,False,max_epochs,495.434175491333
rl4crn_rne_oscillator_trace_8rxn_stop_risksched085to09_lr1e4_entropy005_s4_c1_rnetol_d256_p20,seed061,61,105,10500,100,16,120.12688505227642,123.19094229213277,118.85308082108361,False,max_epochs,497.63744258880615
rl4crn_rne_oscillator_trace_8rxn_stop_risksched085to09_lr1e4_entropy005_s4_c1_rnetol_d256_p20,seed061,61,106,10600,100,16,119.44901213779121,122.04911114954915,118.85308082108361,False,max_epochs,502.06682896614075
rl4crn_rne_oscillator_trace_8rxn_stop_risksched085to09_lr1e4_entropy005_s4_c1_rnetol_d256_p20,seed061,61,107,10700,100,16,118.28446290501756,122.23114194382268,118.28446290501756,False,max_epochs,507.599853515625
rl4crn_rne_oscillator_trace_8rxn_stop_risksched085to09_lr1e4_entropy005_s4_c1_rnetol_d256_p20,seed061,61,108,10800,100,16,119.6763382264267,122.60511232068421,118.28446290501756,False,max_epochs,512.6688873767853
rl4crn_rne_oscillator_trace_8rxn_stop_risksched085to09_lr1e4_entropy005_s4_c1_rnetol_d256_p20,seed061,61,109,10900,100,16,118.62002695563892,123.46942113694985,118.28446290501756,False,max_epochs,518.1505618095398
rl4crn_rne_oscillator_trace_8rxn_stop_risksched085to09_lr1e4_entropy005_s4_c1_rnetol_d256_p20,seed061,61,110,11000,100,16,119.55071962508612,121.69437919870248,118.28446290501756,False,max_epochs,523.3496880531311
rl4crn_rne_oscillator_trace_8rxn_stop_risksched085to09_lr1e4_entropy005_s4_c1_rnetol_d256_p20,seed061,61,111,11100,100,16,119.05162244692771,121.10877398935136,118.28446290501756,False,max_epochs,528.7105164527893
rl4crn_rne_oscillator_trace_8rxn_stop_risksched085to09_lr1e4_entropy005_s4_c1_rnetol_d256_p20,seed061,61,112,11200,100,16,116.63072868260251,122.017969082678,116.63072868260251,False,max_epochs,533.7912981510162
rl4crn_rne_oscillator_trace_8rxn_stop_risksched085to09_lr1e4_entropy005_s4_c1_rnetol_d256_p20,seed061,61,113,11300,100,16,119.15652998494245,121.54794148986299,116.63072868260251,False,max_epochs,539.3844754695892
rl4crn_rne_oscillator_trace_8rxn_stop_risksched085to09_lr1e4_entropy005_s4_c1_rnetol_d256_p20,seed061,61,114,11400,100,16,116.6071918594416,120.93179102428724,116.6071918594416,False,max_epochs,544.4415473937988
rl4crn_rne_oscillator_trace_8rxn_stop_risksched085to09_lr1e4_entropy005_s4_c1_rnetol_d256_p20,seed061,61,115,11500,100,16,116.99134933586767,120.8676970231336,116.6071918594416,False,max_epochs,549.6911149024963
rl4crn_rne_oscillator_trace_8rxn_stop_risksched085to09_lr1e4_entropy005_s4_c1_rnetol_d256_p20,seed061,61,116,11600,100,16,118.831305518516,122.36394126568834,116.6071918594416,False,max_epochs,555.2095670700073
rl4crn_rne_oscillator_trace_8rxn_stop_risksched085to09_lr1e4_entropy005_s4_c1_rnetol_d256_p20,seed061,61,117,11700,100,16,118.72592070602349,122.22014759398004,116.6071918594416,False,max_epochs,560.6552839279175
rl4crn_rne_oscillator_trace_8rxn_stop_risksched085to09_lr1e4_entropy005_s4_c1_rnetol_d256_p20,seed061,61,118,11800,100,16,118.02947859033875,120.73623585901828,116.6071918594416,False,max_epochs,565.6012403964996
rl4crn_rne_oscillator_trace_8rxn_stop_risksched085to09_lr1e4_entropy005_s4_c1_rnetol_d256_p20,seed061,61,119,11900,100,16,119.37833385488445,120.98373448755393,116.6071918594416,False,max_epochs,570.1517398357391
rl4crn_rne_oscillator_trace_8rxn_stop_risksched085to09_lr1e4_entropy005_s4_c1_rnetol_d256_p20,seed061,61,120,12000,100,16,117.77856734069533,121.8860655110629,116.6071918594416,False,max_epochs,575.4352102279663
rl4crn_rne_oscillator_trace_8rxn_stop_risksched085to09_lr1e4_entropy005_s4_c1_rnetol_d256_p20,seed061,61,121,12100,100,16,119.53065085373693,123.40357439894154,116.6071918594416,False,max_epochs,580.7838122844696
rl4crn_rne_oscillator_trace_8rxn_stop_risksched085to09_lr1e4_entropy005_s4_c1_rnetol_d256_p20,seed061,61,122,12200,100,16,115.6184185811885,122.4840332697016,115.6184185811885,False,max_epochs,585.5628254413605
rl4crn_rne_oscillator_trace_8rxn_stop_risksched085to09_lr1e4_entropy005_s4_c1_rnetol_d256_p20,seed061,61,123,12300,100,16,118.84213665641208,120.8422393735255,115.6184185811885,False,max_epochs,590.3497321605682
rl4crn_rne_oscillator_trace_8rxn_stop_risksched085to09_lr1e4_entropy005_s4_c1_rnetol_d256_p20,seed061,61,124,12400,100,16,117.60110921446868,120.76229034710073,115.6184185811885,False,max_epochs,593.9310915470123
rl4crn_rne_oscillator_trace_8rxn_stop_risksched085to09_lr1e4_entropy005_s4_c1_rnetol_d256_p20,seed061,61,125,12500,100,16,114.39627043295253,121.04123797441864,114.39627043295253,False,max_epochs,597.4215111732483
rl4crn_rne_oscillator_trace_8rxn_stop_risksched085to09_lr1e4_entropy005_s4_c1_rnetol_d256_p20,seed061,61,126,12600,100,16,118.4218329589646,121.78587528614159,114.39627043295253,False,max_epochs,602.2561614513397
rl4crn_rne_oscillator_trace_8rxn_stop_risksched085to09_lr1e4_entropy005_s4_c1_rnetol_d256_p20,seed061,61,127,12700,100,16,116.29980019088762,122.5380138368651,114.39627043295253,False,max_epochs,607.7453784942627
rl4crn_rne_oscillator_trace_8rxn_stop_risksched085to09_lr1e4_entropy005_s4_c1_rnetol_d256_p20,seed061,61,128,12800,100,16,117.72272992433872,121.48190097586426,114.39627043295253,False,max_epochs,613.0160875320435
rl4crn_rne_oscillator_trace_8rxn_stop_risksched085to09_lr1e4_entropy005_s4_c1_rnetol_d256_p20,seed061,61,129,12900,100,16,117.9516912346378,120.7081139378028,114.39627043295253,False,max_epochs,618.7229433059692
rl4crn_rne_oscillator_trace_8rxn_stop_risksched085to09_lr1e4_entropy005_s4_c1_rnetol_d256_p20,seed061,61,130,13000,100,16,118.75024510827107,120.70338494654092,114.39627043295253,False,max_epochs,623.6742923259735
rl4crn_rne_oscillator_trace_8rxn_stop_risksched085to09_lr1e4_entropy005_s4_c1_rnetol_d256_p20,seed061,61,131,13100,100,16,118.32919587505951,120.85512249256851,114.39627043295253,False,max_epochs,628.7506959438324
rl4crn_rne_oscillator_trace_8rxn_stop_risksched085to09_lr1e4_entropy005_s4_c1_rnetol_d256_p20,seed061,61,132,13200,100,16,116.19570026211495,121.44403330793594,114.39627043295253,False,max_epochs,633.5517446994781
rl4crn_rne_oscillator_trace_8rxn_stop_risksched085to09_lr1e4_entropy005_s4_c1_rnetol_d256_p20,seed061,61,133,13300,100,16,116.93382903875235,122.4747794344141,114.39627043295253,False,max_epochs,638.1650850772858
rl4crn_rne_oscillator_trace_8rxn_stop_risksched085to09_lr1e4_entropy005_s4_c1_rnetol_d256_p20,seed061,61,134,13400,100,16,118.21329645134446,121.86983743451142,114.39627043295253,False,max_epochs,640.6450364589691
rl4crn_rne_oscillator_trace_8rxn_stop_risksched085to09_lr1e4_entropy005_s4_c1_rnetol_d256_p20,seed061,61,135,13500,100,16,116.33150707613557,120.80152011505888,114.39627043295253,False,max_epochs,645.6339333057404
rl4crn_rne_oscillator_trace_8rxn_stop_risksched085to09_lr1e4_entropy005_s4_c1_rnetol_d256_p20,seed061,61,136,13600,100,16,117.07718050667067,120.64106399471986,114.39627043295253,False,max_epochs,650.7313921451569
rl4crn_rne_oscillator_trace_8rxn_stop_risksched085to09_lr1e4_entropy005_s4_c1_rnetol_d256_p20,seed061,61,137,13700,100,16,117.3772600905523,120.81517996939138,114.39627043295253,False,max_epochs,655.4652643203735
rl4crn_rne_oscillator_trace_8rxn_stop_risksched085to09_lr1e4_entropy005_s4_c1_rnetol_d256_p20,seed061,61,138,13800,100,16,116.7945744886034,123.38317133207255,114.39627043295253,False,max_epochs,660.4543557167053
rl4crn_rne_oscillator_trace_8rxn_stop_risksched085to09_lr1e4_entropy005_s4_c1_rnetol_d256_p20,seed061,61,139,13900,100,16,118.57789365077721,124.69377730768505,114.39627043295253,False,max_epochs,665.1763575077057
rl4crn_rne_oscillator_trace_8rxn_stop_risksched085to09_lr1e4_entropy005_s4_c1_rnetol_d256_p20,seed061,61,140,14000,100,16,118.03041560424117,122.86349211409336,114.39627043295253,False,max_epochs,667.5756270885468
rl4crn_rne_oscillator_trace_8rxn_stop_risksched085to09_lr1e4_entropy005_s4_c1_rnetol_d256_p20,seed061,61,141,14100,100,16,118.14776101152417,121.2024023930476,114.39627043295253,False,max_epochs,672.2288115024567
rl4crn_rne_oscillator_trace_8rxn_stop_risksched085to09_lr1e4_entropy005_s4_c1_rnetol_d256_p20,seed061,61,142,14200,100,16,118.92567536856504,121.0473899148372,114.39627043295253,False,max_epochs,677.4303910732269
rl4crn_rne_oscillator_trace_8rxn_stop_risksched085to09_lr1e4_entropy005_s4_c1_rnetol_d256_p20,seed061,61,143,14300,100,16,117.34867841923632,121.67863868081193,114.39627043295253,False,max_epochs,682.3324010372162
rl4crn_rne_oscillator_trace_8rxn_stop_risksched085to09_lr1e4_entropy005_s4_c1_rnetol_d256_p20,seed061,61,144,14400,100,16,114.43331371733494,122.0966492782824,114.39627043295253,False,max_epochs,687.0578572750092
rl4crn_rne_oscillator_trace_8rxn_stop_risksched085to09_lr1e4_entropy005_s4_c1_rnetol_d256_p20,seed061,61,145,14500,100,16,114.058764159676,125.0860625792424,114.058764159676,False,max_epochs,691.9956500530243
rl4crn_rne_oscillator_trace_8rxn_stop_risksched085to09_lr1e4_entropy005_s4_c1_rnetol_d256_p20,seed061,61,146,14600,100,16,114.27424261711842,126.87197795529441,114.058764159676,False,max_epochs,694.1773898601532
rl4crn_rne_oscillator_trace_8rxn_stop_risksched085to09_lr1e4_entropy005_s4_c1_rnetol_d256_p20,seed061,61,147,14700,100,16,114.80362810290488,123.8534044435832,114.058764159676,False,max_epochs,699.1086707115173
rl4crn_rne_oscillator_trace_8rxn_stop_risksched085to09_lr1e4_entropy005_s4_c1_rnetol_d256_p20,seed061,61,148,14800,100,16,117.90610861854331,123.27369399933036,114.058764159676,False,max_epochs,704.0984432697296
rl4crn_rne_oscillator_trace_8rxn_stop_risksched085to09_lr1e4_entropy005_s4_c1_rnetol_d256_p20,seed061,61,149,14900,100,16,118.01662534668861,121.2675509842791,114.058764159676,False,max_epochs,709.4422423839569
rl4crn_rne_oscillator_trace_8rxn_stop_risksched085to09_lr1e4_entropy005_s4_c1_rnetol_d256_p20,seed061,61,150,15000,100,16,115.24058940160921,121.57100370832725,114.058764159676,False,max_epochs,713.9896533489227
rl4crn_rne_oscillator_trace_8rxn_stop_risksched085to09_lr1e4_entropy005_s4_c1_rnetol_d256_p20,seed061,61,151,15100,100,16,117.7282885737894,123.56421627264932,114.058764159676,False,max_epochs,718.8326015472412
rl4crn_rne_oscillator_trace_8rxn_stop_risksched085to09_lr1e4_entropy005_s4_c1_rnetol_d256_p20,seed061,61,152,15200,100,16,117.94036379908493,123.57738949425041,114.058764159676,False,max_epochs,722.8010988235474
rl4crn_rne_oscillator_trace_8rxn_stop_risksched085to09_lr1e4_entropy005_s4_c1_rnetol_d256_p20,seed061,61,153,15300,100,16,113.58649228456287,122.27115443044926,113.58649228456287,False,max_epochs,725.7435383796692
rl4crn_rne_oscillator_trace_8rxn_stop_risksched085to09_lr1e4_entropy005_s4_c1_rnetol_d256_p20,seed061,61,154,15400,100,16,117.37628854528725,123.41953654481651,113.58649228456287,False,max_epochs,730.6845335960388
rl4crn_rne_oscillator_trace_8rxn_stop_risksched085to09_lr1e4_entropy005_s4_c1_rnetol_d256_p20,seed061,61,155,15500,100,16,115.04716868851615,121.73369154016805,113.58649228456287,False,max_epochs,735.8186936378479
rl4crn_rne_oscillator_trace_8rxn_stop_risksched085to09_lr1e4_entropy005_s4_c1_rnetol_d256_p20,seed061,61,156,15600,100,16,115.82281292183617,122.4290794090474,113.58649228456287,False,max_epochs,741.599187374115
rl4crn_rne_oscillator_trace_8rxn_stop_risksched085to09_lr1e4_entropy005_s4_c1_rnetol_d256_p20,seed061,61,157,15700,100,16,116.93757604387181,123.71848104657282,113.58649228456287,False,max_epochs,746.595107793808
rl4crn_rne_oscillator_trace_8rxn_stop_risksched085to09_lr1e4_entropy005_s4_c1_rnetol_d256_p20,seed061,61,158,15800,100,16,117.40813834735776,124.0338854955694,113.58649228456287,False,max_epochs,751.5509209632874
rl4crn_rne_oscillator_trace_8rxn_stop_risksched085to09_lr1e4_entropy005_s4_c1_rnetol_d256_p20,seed061,61,159,15900,100,16,116.6975179518297,123.74996722676227,113.58649228456287,False,max_epochs,756.589910030365
rl4crn_rne_oscillator_trace_8rxn_stop_risksched085to09_lr1e4_entropy005_s4_c1_rnetol_d256_p20,seed061,61,160,16000,100,16,115.87994183787525,122.07530003419257,113.58649228456287,False,max_epochs,761.1796791553497
rl4crn_rne_oscillator_trace_8rxn_stop_risksched085to09_lr1e4_entropy005_s4_c1_rnetol_d256_p20,seed061,61,161,16100,100,16,117.0578284054903,123.59583137053527,113.58649228456287,False,max_epochs,763.6497588157654
rl4crn_rne_oscillator_trace_8rxn_stop_risksched085to09_lr1e4_entropy005_s4_c1_rnetol_d256_p20,seed061,61,162,16200,100,16,116.2087738640331,123.7228383782571,113.58649228456287,False,max_epochs,768.4729001522064
rl4crn_rne_oscillator_trace_8rxn_stop_risksched085to09_lr1e4_entropy005_s4_c1_rnetol_d256_p20,seed061,61,163,16300,100,16,117.92257758412377,124.36376300840702,113.58649228456287,False,max_epochs,773.5005848407745
rl4crn_rne_oscillator_trace_8rxn_stop_risksched085to09_lr1e4_entropy005_s4_c1_rnetol_d256_p20,seed061,61,164,16400,100,16,116.28901001121727,123.28457749262279,113.58649228456287,False,max_epochs,778.8227562904358
rl4crn_rne_oscillator_trace_8rxn_stop_risksched085to09_lr1e4_entropy005_s4_c1_rnetol_d256_p20,seed061,61,165,16500,100,16,115.54486083278192,121.67862072287545,113.58649228456287,False,max_epochs,784.110680103302
rl4crn_rne_oscillator_trace_8rxn_stop_risksched085to09_lr1e4_entropy005_s4_c1_rnetol_d256_p20,seed061,61,166,16600,100,16,116.09504327223152,120.77424093421652,113.58649228456287,False,max_epochs,789.6334130764008
rl4crn_rne_oscillator_trace_8rxn_stop_risksched085to09_lr1e4_entropy005_s4_c1_rnetol_d256_p20,seed061,61,167,16700,100,16,116.96849985698982,120.70441123684566,113.58649228456287,False,max_epochs,794.7964298725128
rl4crn_rne_oscillator_trace_8rxn_stop_risksched085to09_lr1e4_entropy005_s4_c1_rnetol_d256_p20,seed061,61,168,16800,100,16,113.07628668470278,121.28957433877375,113.07628668470278,False,max_epochs,800.1282091140747
rl4crn_rne_oscillator_trace_8rxn_stop_risksched085to09_lr1e4_entropy005_s4_c1_rnetol_d256_p20,seed061,61,169,16900,100,16,116.86102038887267,121.55084647936872,113.07628668470278,False,max_epochs,804.921300649643
rl4crn_rne_oscillator_trace_8rxn_stop_risksched085to09_lr1e4_entropy005_s4_c1_rnetol_d256_p20,seed061,61,170,17000,100,16,117.39802036392675,122.33533977210652,113.07628668470278,False,max_epochs,809.9738879203796
rl4crn_rne_oscillator_trace_8rxn_stop_risksched085to09_lr1e4_entropy005_s4_c1_rnetol_d256_p20,seed061,61,171,17100,100,16,117.46056210506597,122.50024466158395,113.07628668470278,False,max_epochs,814.9156413078308
rl4crn_rne_oscillator_trace_8rxn_stop_risksched085to09_lr1e4_entropy005_s4_c1_rnetol_d256_p20,seed061,61,172,17200,100,16,114.19364167329192,121.97661038588006,113.07628668470278,False,max_epochs,818.084502696991
rl4crn_rne_oscillator_trace_8rxn_stop_risksched085to09_lr1e4_entropy005_s4_c1_rnetol_d256_p20,seed061,61,173,17300,100,16,116.4665182077762,121.44586217003777,113.07628668470278,False,max_epochs,821.7604191303253
rl4crn_rne_oscillator_trace_8rxn_stop_risksched085to09_lr1e4_entropy005_s4_c1_rnetol_d256_p20,seed061,61,174,17400,100,16,114.16474629777508,122.65929329742016,113.07628668470278,False,max_epochs,827.0434165000916
rl4crn_rne_oscillator_trace_8rxn_stop_risksched085to09_lr1e4_entropy005_s4_c1_rnetol_d256_p20,seed061,61,175,17500,100,16,112.82714985080966,123.74252329642873,112.82714985080966,False,max_epochs,832.3681035041809
rl4crn_rne_oscillator_trace_8rxn_stop_risksched085to09_lr1e4_entropy005_s4_c1_rnetol_d256_p20,seed061,61,176,17600,100,16,111.70103767249236,126.3689933127521,111.70103767249236,False,max_epochs,837.4754178524017
rl4crn_rne_oscillator_trace_8rxn_stop_risksched085to09_lr1e4_entropy005_s4_c1_rnetol_d256_p20,seed061,61,177,17700,100,16,115.98130690323906,127.48332252895085,111.70103767249236,False,max_epochs,843.1376624107361
rl4crn_rne_oscillator_trace_8rxn_stop_risksched085to09_lr1e4_entropy005_s4_c1_rnetol_d256_p20,seed061,61,178,17800,100,16,118.72933633195231,127.56408800601224,111.70103767249236,False,max_epochs,848.542759180069
rl4crn_rne_oscillator_trace_8rxn_stop_risksched085to09_lr1e4_entropy005_s4_c1_rnetol_d256_p20,seed061,61,179,17900,100,16,115.80159279260647,126.30699035786708,111.70103767249236,False,max_epochs,853.6893794536591
rl4crn_rne_oscillator_trace_8rxn_stop_risksched085to09_lr1e4_entropy005_s4_c1_rnetol_d256_p20,seed061,61,180,18000,100,16,111.2550417783904,125.01666434699055,111.2550417783904,False,max_epochs,858.945939540863
rl4crn_rne_oscillator_trace_8rxn_stop_risksched085to09_lr1e4_entropy005_s4_c1_rnetol_d256_p20,seed061,61,181,18100,100,16,114.56337988129967,121.37812358962987,111.2550417783904,False,max_epochs,863.9307055473328
rl4crn_rne_oscillator_trace_8rxn_stop_risksched085to09_lr1e4_entropy005_s4_c1_rnetol_d256_p20,seed061,61,182,18200,100,16,116.4852565331325,121.01383839336623,111.2550417783904,False,max_epochs,869.0958030223846
rl4crn_rne_oscillator_trace_8rxn_stop_risksched085to09_lr1e4_entropy005_s4_c1_rnetol_d256_p20,seed061,61,183,18300,100,16,115.35963774743969,120.99241267272669,111.2550417783904,False,max_epochs,874.3811120986938
rl4crn_rne_oscillator_trace_8rxn_stop_risksched085to09_lr1e4_entropy005_s4_c1_rnetol_d256_p20,seed061,61,184,18400,100,16,114.3658029905208,122.34493358249864,111.2550417783904,False,max_epochs,879.0941455364227
rl4crn_rne_oscillator_trace_8rxn_stop_risksched085to09_lr1e4_entropy005_s4_c1_rnetol_d256_p20,seed061,61,185,18500,100,16,117.10922393772432,123.21444011342865,111.2550417783904,False,max_epochs,881.3483724594116
rl4crn_rne_oscillator_trace_8rxn_stop_risksched085to09_lr1e4_entropy005_s4_c1_rnetol_d256_p20,seed061,61,186,18600,100,16,113.67471984668965,124.36401991405148,111.2550417783904,False,max_epochs,885.7807564735413
rl4crn_rne_oscillator_trace_8rxn_stop_risksched085to09_lr1e4_entropy005_s4_c1_rnetol_d256_p20,seed061,61,187,18700,100,16,115.16470231925298,124.34841464579304,111.2550417783904,False,max_epochs,891.3900361061096
rl4crn_rne_oscillator_trace_8rxn_stop_risksched085to09_lr1e4_entropy005_s4_c1_rnetol_d256_p20,seed061,61,188,18800,100,16,117.73515529128285,126.06177127340408,111.2550417783904,False,max_epochs,896.0102400779724
rl4crn_rne_oscillator_trace_8rxn_stop_risksched085to09_lr1e4_entropy005_s4_c1_rnetol_d256_p20,seed061,61,189,18900,100,16,114.2321813771074,126.34493901590602,111.2550417783904,False,max_epochs,901.1468844413757
rl4crn_rne_oscillator_trace_8rxn_stop_risksched085to09_lr1e4_entropy005_s4_c1_rnetol_d256_p20,seed061,61,190,19000,100,16,113.77575884279798,124.32650534483372,111.2550417783904,False,max_epochs,906.541722536087
rl4crn_rne_oscillator_trace_8rxn_stop_risksched085to09_lr1e4_entropy005_s4_c1_rnetol_d256_p20,seed061,61,191,19100,100,16,116.53330489604652,121.79946627679692,111.2550417783904,False,max_epochs,911.4723951816559
rl4crn_rne_oscillator_trace_8rxn_stop_risksched085to09_lr1e4_entropy005_s4_c1_rnetol_d256_p20,seed061,61,192,19200,100,16,114.52304044393661,121.4154481533022,111.2550417783904,False,max_epochs,916.2017827033997
rl4crn_rne_oscillator_trace_8rxn_stop_risksched085to09_lr1e4_entropy005_s4_c1_rnetol_d256_p20,seed061,61,193,19300,100,16,113.51632390944698,122.75834956981868,111.2550417783904,False,max_epochs,921.5106828212738
rl4crn_rne_oscillator_trace_8rxn_stop_risksched085to09_lr1e4_entropy005_s4_c1_rnetol_d256_p20,seed061,61,194,19400,100,16,115.42515165647478,122.22809017404592,111.2550417783904,False,max_epochs,925.9066829681396
rl4crn_rne_oscillator_trace_8rxn_stop_risksched085to09_lr1e4_entropy005_s4_c1_rnetol_d256_p20,seed061,61,195,19500,100,16,113.76860661746451,123.67439276881069,111.2550417783904,False,max_epochs,930.4611661434174
rl4crn_rne_oscillator_trace_8rxn_stop_risksched085to09_lr1e4_entropy005_s4_c1_rnetol_d256_p20,seed061,61,196,19600,100,16,115.74481925974527,122.82325522692196,111.2550417783904,False,max_epochs,932.9240803718567
rl4crn_rne_oscillator_trace_8rxn_stop_risksched085to09_lr1e4_entropy005_s4_c1_rnetol_d256_p20,seed061,61,197,19700,100,16,118.00805350210214,124.38005630559101,111.2550417783904,False,max_epochs,937.5818498134613
rl4crn_rne_oscillator_trace_8rxn_stop_risksched085to09_lr1e4_entropy005_s4_c1_rnetol_d256_p20,seed061,61,198,19800,100,16,114.27552188775944,123.12870268951052,111.2550417783904,False,max_epochs,942.2578029632568
rl4crn_rne_oscillator_trace_8rxn_stop_risksched085to09_lr1e4_entropy005_s4_c1_rnetol_d256_p20,seed061,61,199,19900,100,16,115.44634910899435,124.69028953404943,111.2550417783904,False,max_epochs,947.2056834697723
rl4crn_rne_oscillator_trace_8rxn_stop_risksched085to09_lr1e4_entropy005_s4_c1_rnetol_d256_p20,seed061,61,200,20000,100,16,116.35073616585876,124.37814154094721,111.2550417783904,False,max_epochs,952.2426221370697
rl4crn_rne_oscillator_trace_8rxn_stop_risksched085to09_lr1e4_entropy005_s4_c1_rnetol_d256_p20,seed061,61,201,20100,100,16,113.3156818968038,123.8301380059911,111.2550417783904,False,max_epochs,956.7742958068848
rl4crn_rne_oscillator_trace_8rxn_stop_risksched085to09_lr1e4_entropy005_s4_c1_rnetol_d256_p20,seed061,61,202,20200,100,16,113.44843441420424,125.2696160991874,111.2550417783904,False,max_epochs,961.1181409358978
rl4crn_rne_oscillator_trace_8rxn_stop_risksched085to09_lr1e4_entropy005_s4_c1_rnetol_d256_p20,seed061,61,203,20300,100,16,114.28272978182302,125.53620690779637,111.2550417783904,False,max_epochs,963.9798934459686
rl4crn_rne_oscillator_trace_8rxn_stop_risksched085to09_lr1e4_entropy005_s4_c1_rnetol_d256_p20,seed061,61,204,20400,100,16,113.16012522842875,123.77277477637622,111.2550417783904,False,max_epochs,968.5290203094482
rl4crn_rne_oscillator_trace_8rxn_stop_risksched085to09_lr1e4_entropy005_s4_c1_rnetol_d256_p20,seed061,61,205,20500,100,16,114.51952546392405,124.42580133611798,111.2550417783904,False,max_epochs,973.9181070327759
rl4crn_rne_oscillator_trace_8rxn_stop_risksched085to09_lr1e4_entropy005_s4_c1_rnetol_d256_p20,seed061,61,206,20600,100,16,112.40396229710974,124.83426557451716,111.2550417783904,False,max_epochs,978.922464132309
rl4crn_rne_oscillator_trace_8rxn_stop_risksched085to09_lr1e4_entropy005_s4_c1_rnetol_d256_p20,seed061,61,207,20700,100,16,117.27094151103583,124.79122570885974,111.2550417783904,False,max_epochs,983.7701961994171
rl4crn_rne_oscillator_trace_8rxn_stop_risksched085to09_lr1e4_entropy005_s4_c1_rnetol_d256_p20,seed061,61,208,20800,100,16,114.30714006463774,122.9575255401486,111.2550417783904,False,max_epochs,988.7218778133392
rl4crn_rne_oscillator_trace_8rxn_stop_risksched085to09_lr1e4_entropy005_s4_c1_rnetol_d256_p20,seed061,61,209,20900,100,16,113.62944450258135,124.25961349206874,111.2550417783904,False,max_epochs,993.1666529178619
rl4crn_rne_oscillator_trace_8rxn_stop_risksched085to09_lr1e4_entropy005_s4_c1_rnetol_d256_p20,seed061,61,210,21000,100,16,112.68890705096055,124.63723703131114,111.2550417783904,False,max_epochs,995.2665038108826
rl4crn_rne_oscillator_trace_8rxn_stop_risksched085to09_lr1e4_entropy005_s4_c1_rnetol_d256_p20,seed061,61,211,21100,100,16,117.44896325516258,123.45120895648037,111.2550417783904,False,max_epochs,1000.090151309967
rl4crn_rne_oscillator_trace_8rxn_stop_risksched085to09_lr1e4_entropy005_s4_c1_rnetol_d256_p20,seed061,61,212,21200,100,16,113.4555166227947,120.87465185630471,111.2550417783904,False,max_epochs,1005.3930897712708
rl4crn_rne_oscillator_trace_8rxn_stop_risksched085to09_lr1e4_entropy005_s4_c1_rnetol_d256_p20,seed061,61,213,21300,100,16,113.26402275724294,121.14795559191053,111.2550417783904,False,max_epochs,1010.2955424785614
rl4crn_rne_oscillator_trace_8rxn_stop_risksched085to09_lr1e4_entropy005_s4_c1_rnetol_d256_p20,seed061,61,214,21400,100,16,114.75448838400358,121.42268243715382,111.2550417783904,False,max_epochs,1015.6951999664307
rl4crn_rne_oscillator_trace_8rxn_stop_risksched085to09_lr1e4_entropy005_s4_c1_rnetol_d256_p20,seed061,61,215,21500,100,16,117.39535488591854,126.11708564811126,111.2550417783904,False,max_epochs,1020.6710665225983
rl4crn_rne_oscillator_trace_8rxn_stop_risksched085to09_lr1e4_entropy005_s4_c1_rnetol_d256_p20,seed061,61,216,21600,100,16,117.69587298662245,126.84383703044577,111.2550417783904,False,max_epochs,1025.618480682373
rl4crn_rne_oscillator_trace_8rxn_stop_risksched085to09_lr1e4_entropy005_s4_c1_rnetol_d256_p20,seed061,61,217,21700,100,16,116.13117974518853,126.25334108500886,111.2550417783904,False,max_epochs,1030.379429101944
rl4crn_rne_oscillator_trace_8rxn_stop_risksched085to09_lr1e4_entropy005_s4_c1_rnetol_d256_p20,seed061,61,218,21800,100,16,115.49114262455171,123.37796137068727,111.2550417783904,False,max_epochs,1032.7100059986115
rl4crn_rne_oscillator_trace_8rxn_stop_risksched085to09_lr1e4_entropy005_s4_c1_rnetol_d256_p20,seed061,61,219,21900,100,16,114.43654014369133,121.07211857515624,111.2550417783904,False,max_epochs,1037.3327758312225
rl4crn_rne_oscillator_trace_8rxn_stop_risksched085to09_lr1e4_entropy005_s4_c1_rnetol_d256_p20,seed061,61,220,22000,100,16,113.97915814059779,121.02860581350396,111.2550417783904,False,max_epochs,1042.3059301376343
rl4crn_rne_oscillator_trace_8rxn_stop_risksched085to09_lr1e4_entropy005_s4_c1_rnetol_d256_p20,seed061,61,221,22100,100,16,113.464111136697,121.20177654252495,111.2550417783904,False,max_epochs,1047.5953578948975
rl4crn_rne_oscillator_trace_8rxn_stop_risksched085to09_lr1e4_entropy005_s4_c1_rnetol_d256_p20,seed061,61,222,22200,100,16,113.01648715401683,122.13076317172369,111.2550417783904,False,max_epochs,1052.3748960494995
rl4crn_rne_oscillator_trace_8rxn_stop_risksched085to09_lr1e4_entropy005_s4_c1_rnetol_d256_p20,seed061,61,223,22300,100,16,114.51527791834316,122.15946927805018,111.2550417783904,False,max_epochs,1057.7399578094482
rl4crn_rne_oscillator_trace_8rxn_stop_risksched085to09_lr1e4_entropy005_s4_c1_rnetol_d256_p20,seed061,61,224,22400,100,16,111.19133943012856,124.34688776956841,111.19133943012856,False,max_epochs,1062.653495311737
rl4crn_rne_oscillator_trace_8rxn_stop_risksched085to09_lr1e4_entropy005_s4_c1_rnetol_d256_p20,seed061,61,225,22500,100,16,115.0713898259335,125.30024374918926,111.19133943012856,False,max_epochs,1067.3452560901642
rl4crn_rne_oscillator_trace_8rxn_stop_risksched085to09_lr1e4_entropy005_s4_c1_rnetol_d256_p20,seed061,61,226,22600,100,16,114.55079524841301,123.80407829482414,111.19133943012856,False,max_epochs,1069.648694038391
rl4crn_rne_oscillator_trace_8rxn_stop_risksched085to09_lr1e4_entropy005_s4_c1_rnetol_d256_p20,seed061,61,227,22700,100,16,116.32921960921261,121.65054009618147,111.19133943012856,False,max_epochs,1074.416386604309
rl4crn_rne_oscillator_trace_8rxn_stop_risksched085to09_lr1e4_entropy005_s4_c1_rnetol_d256_p20,seed061,61,228,22800,100,16,115.08758526324597,121.47816281379525,111.19133943012856,False,max_epochs,1079.4132628440857
rl4crn_rne_oscillator_trace_8rxn_stop_risksched085to09_lr1e4_entropy005_s4_c1_rnetol_d256_p20,seed061,61,229,22900,100,16,112.41156241319004,122.9505640289241,111.19133943012856,False,max_epochs,1084.7250134944916
rl4crn_rne_oscillator_trace_8rxn_stop_risksched085to09_lr1e4_entropy005_s4_c1_rnetol_d256_p20,seed061,61,230,23000,100,16,115.3038197982762,123.43941419127954,111.19133943012856,False,max_epochs,1089.625809431076
rl4crn_rne_oscillator_trace_8rxn_stop_risksched085to09_lr1e4_entropy005_s4_c1_rnetol_d256_p20,seed061,61,231,23100,100,16,114.2536986235547,122.79278735247327,111.19133943012856,False,max_epochs,1095.1267807483673
rl4crn_rne_oscillator_trace_8rxn_stop_risksched085to09_lr1e4_entropy005_s4_c1_rnetol_d256_p20,seed061,61,232,23200,100,16,114.23555370191801,121.6988903842057,111.19133943012856,False,max_epochs,1100.1090893745422
rl4crn_rne_oscillator_trace_8rxn_stop_risksched085to09_lr1e4_entropy005_s4_c1_rnetol_d256_p20,seed061,61,233,23300,100,16,112.5730525597425,121.09271099610848,111.19133943012856,False,max_epochs,1105.658213853836
rl4crn_rne_oscillator_trace_8rxn_stop_risksched085to09_lr1e4_entropy005_s4_c1_rnetol_d256_p20,seed061,61,234,23400,100,16,114.54358538815552,123.15912715310236,111.19133943012856,False,max_epochs,1110.3563406467438
rl4crn_rne_oscillator_trace_8rxn_stop_risksched085to09_lr1e4_entropy005_s4_c1_rnetol_d256_p20,seed061,61,235,23500,100,16,113.61229269348613,122.52347239385547,111.19133943012856,False,max_epochs,1115.289367198944
rl4crn_rne_oscillator_trace_8rxn_stop_risksched085to09_lr1e4_entropy005_s4_c1_rnetol_d256_p20,seed061,61,236,23600,100,16,114.94936834769447,124.19093228959812,111.19133943012856,False,max_epochs,1117.5367946624756
rl4crn_rne_oscillator_trace_8rxn_stop_risksched085to09_lr1e4_entropy005_s4_c1_rnetol_d256_p20,seed061,61,237,23700,100,16,114.28457289861437,123.8408563770983,111.19133943012856,False,max_epochs,1122.4894106388092
rl4crn_rne_oscillator_trace_8rxn_stop_risksched085to09_lr1e4_entropy005_s4_c1_rnetol_d256_p20,seed061,61,238,23800,100,16,116.54898162144794,124.9382543438119,111.19133943012856,False,max_epochs,1127.3494703769684
rl4crn_rne_oscillator_trace_8rxn_stop_risksched085to09_lr1e4_entropy005_s4_c1_rnetol_d256_p20,seed061,61,239,23900,100,16,112.5830095906104,122.52908659073495,111.19133943012856,False,max_epochs,1132.7041726112366
rl4crn_rne_oscillator_trace_8rxn_stop_risksched085to09_lr1e4_entropy005_s4_c1_rnetol_d256_p20,seed061,61,240,24000,100,16,112.3287766996739,122.17377631543307,111.19133943012856,False,max_epochs,1137.8978998661041
rl4crn_rne_oscillator_trace_8rxn_stop_risksched085to09_lr1e4_entropy005_s4_c1_rnetol_d256_p20,seed061,61,241,24100,100,16,113.55698106751969,122.84194214375361,111.19133943012856,False,max_epochs,1143.0639252662659
rl4crn_rne_oscillator_trace_8rxn_stop_risksched085to09_lr1e4_entropy005_s4_c1_rnetol_d256_p20,seed061,61,242,24200,100,16,114.29948539651562,123.99480767064958,111.19133943012856,False,max_epochs,1147.7818627357483
rl4crn_rne_oscillator_trace_8rxn_stop_risksched085to09_lr1e4_entropy005_s4_c1_rnetol_d256_p20,seed061,61,243,24300,100,16,113.70737004911803,122.6542490603506,111.19133943012856,False,max_epochs,1152.6569697856903
rl4crn_rne_oscillator_trace_8rxn_stop_risksched085to09_lr1e4_entropy005_s4_c1_rnetol_d256_p20,seed061,61,244,24400,100,16,113.42925188092016,120.50067903481154,111.19133943012856,False,max_epochs,1154.8575387001038
rl4crn_rne_oscillator_trace_8rxn_stop_risksched085to09_lr1e4_entropy005_s4_c1_rnetol_d256_p20,seed061,61,245,24500,100,16,114.46438743861475,121.67784695261062,111.19133943012856,False,max_epochs,1159.6025826931
rl4crn_rne_oscillator_trace_8rxn_stop_risksched085to09_lr1e4_entropy005_s4_c1_rnetol_d256_p20,seed061,61,246,24600,100,16,114.62707427265633,123.19553417467034,111.19133943012856,False,max_epochs,1164.5963382720947
rl4crn_rne_oscillator_trace_8rxn_stop_risksched085to09_lr1e4_entropy005_s4_c1_rnetol_d256_p20,seed061,61,247,24700,100,16,113.88898361165916,123.83454638708216,111.19133943012856,False,max_epochs,1169.7254338264465
rl4crn_rne_oscillator_trace_8rxn_stop_risksched085to09_lr1e4_entropy005_s4_c1_rnetol_d256_p20,seed061,61,248,24800,100,16,113.43123273337902,123.4385212212494,111.19133943012856,False,max_epochs,1174.573044538498
rl4crn_rne_oscillator_trace_8rxn_stop_risksched085to09_lr1e4_entropy005_s4_c1_rnetol_d256_p20,seed061,61,249,24900,100,16,115.6762131041982,123.79803738839641,111.19133943012856,False,max_epochs,1179.2590427398682
rl4crn_rne_oscillator_trace_8rxn_stop_risksched085to09_lr1e4_entropy005_s4_c1_rnetol_d256_p20,seed061,61,250,25000,100,16,113.43549575445591,122.78827039257467,111.19133943012856,False,max_epochs,1181.5461037158966
rl4crn_rne_oscillator_trace_8rxn_stop_risksched085to09_lr1e4_entropy005_s4_c1_rnetol_d256_p20,seed061,61,251,25100,100,16,114.20393259305953,121.11575521497572,111.19133943012856,False,max_epochs,1186.453911781311
rl4crn_rne_oscillator_trace_8rxn_stop_risksched085to09_lr1e4_entropy005_s4_c1_rnetol_d256_p20,seed061,61,252,25200,100,16,114.12039392790541,120.65414178152861,111.19133943012856,False,max_epochs,1190.9616158008575
rl4crn_rne_oscillator_trace_8rxn_stop_risksched085to09_lr1e4_entropy005_s4_c1_rnetol_d256_p20,seed061,61,253,25300,100,16,114.6366710385351,121.7920535914216,111.19133943012856,False,max_epochs,1195.2321634292603
rl4crn_rne_oscillator_trace_8rxn_stop_risksched085to09_lr1e4_entropy005_s4_c1_rnetol_d256_p20,seed061,61,254,25400,100,16,114.26630425938448,122.09826133632677,111.19133943012856,False,max_epochs,1200.1530776023865
rl4crn_rne_oscillator_trace_8rxn_stop_risksched085to09_lr1e4_entropy005_s4_c1_rnetol_d256_p20,seed061,61,255,25500,100,16,113.34806136961873,121.25557760714753,111.19133943012856,False,max_epochs,1202.5767233371735
rl4crn_rne_oscillator_trace_8rxn_stop_risksched085to09_lr1e4_entropy005_s4_c1_rnetol_d256_p20,seed061,61,256,25600,100,16,112.62048053541727,122.75920418873349,111.19133943012856,False,max_epochs,1207.0519080162048
rl4crn_rne_oscillator_trace_8rxn_stop_risksched085to09_lr1e4_entropy005_s4_c1_rnetol_d256_p20,seed061,61,257,25700,100,16,113.39547128356739,123.9500795433558,111.19133943012856,False,max_epochs,1212.14426445961
rl4crn_rne_oscillator_trace_8rxn_stop_risksched085to09_lr1e4_entropy005_s4_c1_rnetol_d256_p20,seed061,61,258,25800,100,16,113.95618873806455,126.11258966908105,111.19133943012856,False,max_epochs,1217.1169097423553
rl4crn_rne_oscillator_trace_8rxn_stop_risksched085to09_lr1e4_entropy005_s4_c1_rnetol_d256_p20,seed061,61,259,25900,100,16,113.17872881484735,126.9073686780601,111.19133943012856,False,max_epochs,1222.542305469513
rl4crn_rne_oscillator_trace_8rxn_stop_risksched085to09_lr1e4_entropy005_s4_c1_rnetol_d256_p20,seed061,61,260,26000,100,16,111.66331631677808,122.09173803789261,111.19133943012856,False,max_epochs,1227.594952583313
rl4crn_rne_oscillator_trace_8rxn_stop_risksched085to09_lr1e4_entropy005_s4_c1_rnetol_d256_p20,seed061,61,261,26100,100,16,114.39878793723797,120.41562396530172,111.19133943012856,False,max_epochs,1232.7314777374268
rl4crn_rne_oscillator_trace_8rxn_stop_risksched085to09_lr1e4_entropy005_s4_c1_rnetol_d256_p20,seed061,61,262,26200,100,16,114.57272107688676,118.95476731278384,111.19133943012856,False,max_epochs,1237.7931063175201
rl4crn_rne_oscillator_trace_8rxn_stop_risksched085to09_lr1e4_entropy005_s4_c1_rnetol_d256_p20,seed061,61,263,26300,100,16,112.2537732387027,119.38607934626307,111.19133943012856,False,max_epochs,1242.445107460022
rl4crn_rne_oscillator_trace_8rxn_stop_risksched085to09_lr1e4_entropy005_s4_c1_rnetol_d256_p20,seed061,61,264,26400,100,16,113.88553801221511,121.65504296248886,111.19133943012856,False,max_epochs,1247.283343076706
rl4crn_rne_oscillator_trace_8rxn_stop_risksched085to09_lr1e4_entropy005_s4_c1_rnetol_d256_p20,seed061,61,265,26500,100,16,111.88476448327411,123.83973670460745,111.19133943012856,False,max_epochs,1250.1026818752289
rl4crn_rne_oscillator_trace_8rxn_stop_risksched085to09_lr1e4_entropy005_s4_c1_rnetol_d256_p20,seed061,61,266,26600,100,16,111.4678316619528,124.28834372459863,111.19133943012856,False,max_epochs,1254.1552493572235
rl4crn_rne_oscillator_trace_8rxn_stop_risksched085to09_lr1e4_entropy005_s4_c1_rnetol_d256_p20,seed061,61,267,26700,100,16,113.16537051871366,125.65843269768251,111.19133943012856,False,max_epochs,1259.4382379055023
rl4crn_rne_oscillator_trace_8rxn_stop_risksched085to09_lr1e4_entropy005_s4_c1_rnetol_d256_p20,seed061,61,268,26800,100,16,112.61133638519459,125.61459000492184,111.19133943012856,False,max_epochs,1264.3029794692993
rl4crn_rne_oscillator_trace_8rxn_stop_risksched085to09_lr1e4_entropy005_s4_c1_rnetol_d256_p20,seed061,61,269,26900,100,16,113.74215378950875,122.70163759105084,111.19133943012856,False,max_epochs,1269.380615234375
rl4crn_rne_oscillator_trace_8rxn_stop_risksched085to09_lr1e4_entropy005_s4_c1_rnetol_d256_p20,seed061,61,270,27000,100,16,114.18623715805855,121.49881540493303,111.19133943012856,False,max_epochs,1274.3001277446747
rl4crn_rne_oscillator_trace_8rxn_stop_risksched085to09_lr1e4_entropy005_s4_c1_rnetol_d256_p20,seed061,61,271,27100,100,16,111.68199368650858,121.92544580680114,111.19133943012856,False,max_epochs,1279.1229348182678
rl4crn_rne_oscillator_trace_8rxn_stop_risksched085to09_lr1e4_entropy005_s4_c1_rnetol_d256_p20,seed061,61,272,27200,100,16,113.13886456495575,121.37161705062599,111.19133943012856,False,max_epochs,1283.958480834961
rl4crn_rne_oscillator_trace_8rxn_stop_risksched085to09_lr1e4_entropy005_s4_c1_rnetol_d256_p20,seed061,61,273,27300,100,16,112.22241754007038,122.68975086665284,111.19133943012856,False,max_epochs,1286.3745765686035
rl4crn_rne_oscillator_trace_8rxn_stop_risksched085to09_lr1e4_entropy005_s4_c1_rnetol_d256_p20,seed061,61,274,27400,100,16,111.20703843920873,123.42925466128833,111.19133943012856,False,max_epochs,1290.9224557876587
rl4crn_rne_oscillator_trace_8rxn_stop_risksched085to09_lr1e4_entropy005_s4_c1_rnetol_d256_p20,seed061,61,275,27500,100,16,112.13935672154638,122.46869608000381,111.19133943012856,False,max_epochs,1296.1501259803772
rl4crn_rne_oscillator_trace_8rxn_stop_risksched085to09_lr1e4_entropy005_s4_c1_rnetol_d256_p20,seed061,61,276,27600,100,16,111.77394224131893,121.19916699200778,111.19133943012856,False,max_epochs,1300.9589233398438
rl4crn_rne_oscillator_trace_8rxn_stop_risksched085to09_lr1e4_entropy005_s4_c1_rnetol_d256_p20,seed061,61,277,27700,100,16,112.66552647524797,123.25540110730442,111.19133943012856,False,max_epochs,1305.6126215457916
rl4crn_rne_oscillator_trace_8rxn_stop_risksched085to09_lr1e4_entropy005_s4_c1_rnetol_d256_p20,seed061,61,278,27800,100,16,112.54657482109,122.5411382670647,111.19133943012856,False,max_epochs,1310.4455528259277
rl4crn_rne_oscillator_trace_8rxn_stop_risksched085to09_lr1e4_entropy005_s4_c1_rnetol_d256_p20,seed061,61,279,27900,100,16,112.43611741248351,120.74511435343861,111.19133943012856,False,max_epochs,1312.6307051181793
rl4crn_rne_oscillator_trace_8rxn_stop_risksched085to09_lr1e4_entropy005_s4_c1_rnetol_d256_p20,seed061,61,280,28000,100,16,112.01888360396167,119.47397814152616,111.19133943012856,False,max_epochs,1317.5886087417603
rl4crn_rne_oscillator_trace_8rxn_stop_risksched085to09_lr1e4_entropy005_s4_c1_rnetol_d256_p20,seed061,61,281,28100,100,16,112.35735170367062,122.3704472164861,111.19133943012856,False,max_epochs,1322.5487177371979
rl4crn_rne_oscillator_trace_8rxn_stop_risksched085to09_lr1e4_entropy005_s4_c1_rnetol_d256_p20,seed061,61,282,28200,100,16,114.17180418213603,124.56568175349557,111.19133943012856,False,max_epochs,1328.2154748439789
rl4crn_rne_oscillator_trace_8rxn_stop_risksched085to09_lr1e4_entropy005_s4_c1_rnetol_d256_p20,seed061,61,283,28300,100,16,112.126059009545,123.25037849934186,111.19133943012856,False,max_epochs,1333.2902660369873
rl4crn_rne_oscillator_trace_8rxn_stop_risksched085to09_lr1e4_entropy005_s4_c1_rnetol_d256_p20,seed061,61,284,28400,100,16,111.71563148813175,122.18057124119298,111.19133943012856,False,max_epochs,1338.5867068767548
rl4crn_rne_oscillator_trace_8rxn_stop_risksched085to09_lr1e4_entropy005_s4_c1_rnetol_d256_p20,seed061,61,285,28500,100,16,113.01321979233104,120.25851265278978,111.19133943012856,False,max_epochs,1343.8371686935425
rl4crn_rne_oscillator_trace_8rxn_stop_risksched085to09_lr1e4_entropy005_s4_c1_rnetol_d256_p20,seed061,61,286,28600,100,16,112.51371706716922,120.24289427990945,111.19133943012856,False,max_epochs,1348.8791427612305
rl4crn_rne_oscillator_trace_8rxn_stop_risksched085to09_lr1e4_entropy005_s4_c1_rnetol_d256_p20,seed061,61,287,28700,100,16,111.9522125836202,123.33205076006273,111.19133943012856,False,max_epochs,1354.0373795032501
rl4crn_rne_oscillator_trace_8rxn_stop_risksched085to09_lr1e4_entropy005_s4_c1_rnetol_d256_p20,seed061,61,288,28800,100,16,111.52489558277757,124.54380845283399,111.19133943012856,False,max_epochs,1359.6326446533203
rl4crn_rne_oscillator_trace_8rxn_stop_risksched085to09_lr1e4_entropy005_s4_c1_rnetol_d256_p20,seed061,61,289,28900,100,16,112.00250914161802,121.35987729378812,111.19133943012856,False,max_epochs,1364.5161392688751
rl4crn_rne_oscillator_trace_8rxn_stop_risksched085to09_lr1e4_entropy005_s4_c1_rnetol_d256_p20,seed061,61,290,29000,100,16,111.96362423857657,119.13424160654066,111.19133943012856,False,max_epochs,1370.3552496433258
rl4crn_rne_oscillator_trace_8rxn_stop_risksched085to09_lr1e4_entropy005_s4_c1_rnetol_d256_p20,seed061,61,291,29100,100,16,112.39109520891465,118.69843147895264,111.19133943012856,False,max_epochs,1375.6831254959106
rl4crn_rne_oscillator_trace_8rxn_stop_risksched085to09_lr1e4_entropy005_s4_c1_rnetol_d256_p20,seed061,61,292,29200,100,16,112.30378378102698,120.85937592591253,111.19133943012856,False,max_epochs,1381.2782027721405
rl4crn_rne_oscillator_trace_8rxn_stop_risksched085to09_lr1e4_entropy005_s4_c1_rnetol_d256_p20,seed061,61,293,29300,100,16,111.27616300615351,122.70168419628158,111.19133943012856,False,max_epochs,1386.3164448738098
rl4crn_rne_oscillator_trace_8rxn_stop_risksched085to09_lr1e4_entropy005_s4_c1_rnetol_d256_p20,seed061,61,294,29400,100,16,114.99461930779822,126.85896214130416,111.19133943012856,False,max_epochs,1391.3141560554504
rl4crn_rne_oscillator_trace_8rxn_stop_risksched085to09_lr1e4_entropy005_s4_c1_rnetol_d256_p20,seed061,61,295,29500,100,16,112.76706082030937,126.1048164849697,111.19133943012856,False,max_epochs,1396.4161972999573
rl4crn_rne_oscillator_trace_8rxn_stop_risksched085to09_lr1e4_entropy005_s4_c1_rnetol_d256_p20,seed061,61,296,29600,100,16,111.30328877739376,124.49211977681576,111.19133943012856,False,max_epochs,1401.769121170044
rl4crn_rne_oscillator_trace_8rxn_stop_risksched085to09_lr1e4_entropy005_s4_c1_rnetol_d256_p20,seed061,61,297,29700,100,16,111.57204937685258,121.14364419405459,111.19133943012856,False,max_epochs,1406.6403052806854
rl4crn_rne_oscillator_trace_8rxn_stop_risksched085to09_lr1e4_entropy005_s4_c1_rnetol_d256_p20,seed061,61,298,29800,100,16,112.54767691369906,119.39416383503655,111.19133943012856,False,max_epochs,1411.8803300857544
rl4crn_rne_oscillator_trace_8rxn_stop_risksched085to09_lr1e4_entropy005_s4_c1_rnetol_d256_p20,seed061,61,299,29900,100,16,112.06569114264718,119.07437662649048,111.19133943012856,False,max_epochs,1416.6638453006744
rl4crn_rne_oscillator_trace_8rxn_stop_risksched085to09_lr1e4_entropy005_s4_c1_rnetol_d256_p20,seed061,61,300,30000,100,16,112.8191330904175,119.11868249002234,111.19133943012856,False,max_epochs,1421.3588013648987
rl4crn_rne_oscillator_trace_8rxn_stop_risksched085to09_lr1e4_entropy005_s4_c1_rnetol_d256_p20,seed061,61,301,30100,100,16,111.44477636927122,119.91495930688794,111.19133943012856,False,max_epochs,1423.6166923046112
rl4crn_rne_oscillator_trace_8rxn_stop_risksched085to09_lr1e4_entropy005_s4_c1_rnetol_d256_p20,seed061,61,302,30200,100,16,111.35118889838915,121.57476348863543,111.19133943012856,False,max_epochs,1428.414001941681
rl4crn_rne_oscillator_trace_8rxn_stop_risksched085to09_lr1e4_entropy005_s4_c1_rnetol_d256_p20,seed061,61,303,30300,100,16,112.73690713391946,123.33617468407107,111.19133943012856,False,max_epochs,1433.6084141731262
rl4crn_rne_oscillator_trace_8rxn_stop_risksched085to09_lr1e4_entropy005_s4_c1_rnetol_d256_p20,seed061,61,304,30400,100,16,112.7385611550353,122.2041875715536,111.19133943012856,False,max_epochs,1438.3648798465729
rl4crn_rne_oscillator_trace_8rxn_stop_risksched085to09_lr1e4_entropy005_s4_c1_rnetol_d256_p20,seed061,61,305,30500,100,16,111.29774576553093,121.21449891532995,111.19133943012856,False,max_epochs,1443.2520072460175
rl4crn_rne_oscillator_trace_8rxn_stop_risksched085to09_lr1e4_entropy005_s4_c1_rnetol_d256_p20,seed061,61,306,30600,100,16,112.31216181672727,121.9801267178768,111.19133943012856,False,max_epochs,1447.9062991142273
rl4crn_rne_oscillator_trace_8rxn_stop_risksched085to09_lr1e4_entropy005_s4_c1_rnetol_d256_p20,seed061,61,307,30700,100,16,112.36432420930177,119.73574998858938,111.19133943012856,False,max_epochs,1450.3854629993439
rl4crn_rne_oscillator_trace_8rxn_stop_risksched085to09_lr1e4_entropy005_s4_c1_rnetol_d256_p20,seed061,61,308,30800,100,16,111.43432845145463,121.13720280399315,111.19133943012856,False,max_epochs,1455.2632591724396
rl4crn_rne_oscillator_trace_8rxn_stop_risksched085to09_lr1e4_entropy005_s4_c1_rnetol_d256_p20,seed061,61,309,30900,100,16,111.96965816900216,121.5652477306544,111.19133943012856,False,max_epochs,1460.298283815384
rl4crn_rne_oscillator_trace_8rxn_stop_risksched085to09_lr1e4_entropy005_s4_c1_rnetol_d256_p20,seed061,61,310,31000,100,16,111.58477759578399,120.5097826013259,111.19133943012856,False,max_epochs,1465.569853067398
rl4crn_rne_oscillator_trace_8rxn_stop_risksched085to09_lr1e4_entropy005_s4_c1_rnetol_d256_p20,seed061,61,311,31100,100,16,112.09998961014995,120.41056623745828,111.19133943012856,False,max_epochs,1470.603610754013
rl4crn_rne_oscillator_trace_8rxn_stop_risksched085to09_lr1e4_entropy005_s4_c1_rnetol_d256_p20,seed061,61,312,31200,100,16,111.76324450268127,119.67518003294059,111.19133943012856,False,max_epochs,1476.210658788681
rl4crn_rne_oscillator_trace_8rxn_stop_risksched085to09_lr1e4_entropy005_s4_c1_rnetol_d256_p20,seed061,61,313,31300,100,16,111.83956735065733,121.537631631952,111.19133943012856,False,max_epochs,1481.2046973705292
rl4crn_rne_oscillator_trace_8rxn_stop_risksched085to09_lr1e4_entropy005_s4_c1_rnetol_d256_p20,seed061,61,314,31400,100,16,111.1281617555056,121.79201455726867,111.1281617555056,False,max_epochs,1485.91894197464
rl4crn_rne_oscillator_trace_8rxn_stop_risksched085to09_lr1e4_entropy005_s4_c1_rnetol_d256_p20,seed061,61,315,31500,100,16,110.94064260215454,122.43359023285373,110.94064260215454,False,max_epochs,1490.8881731033325
rl4crn_rne_oscillator_trace_8rxn_stop_risksched085to09_lr1e4_entropy005_s4_c1_rnetol_d256_p20,seed061,61,316,31600,100,16,111.12429316222295,121.74977469366733,110.94064260215454,False,max_epochs,1493.083880186081
rl4crn_rne_oscillator_trace_8rxn_stop_risksched085to09_lr1e4_entropy005_s4_c1_rnetol_d256_p20,seed061,61,317,31700,100,16,111.94157622070374,123.68039904749504,110.94064260215454,False,max_epochs,1497.6266911029816
rl4crn_rne_oscillator_trace_8rxn_stop_risksched085to09_lr1e4_entropy005_s4_c1_rnetol_d256_p20,seed061,61,318,31800,100,16,111.52663818749129,119.94143260758102,110.94064260215454,False,max_epochs,1502.976184129715
rl4crn_rne_oscillator_trace_8rxn_stop_risksched085to09_lr1e4_entropy005_s4_c1_rnetol_d256_p20,seed061,61,319,31900,100,16,111.44732782969116,119.46015697821261,110.94064260215454,False,max_epochs,1508.2201218605042
rl4crn_rne_oscillator_trace_8rxn_stop_risksched085to09_lr1e4_entropy005_s4_c1_rnetol_d256_p20,seed061,61,320,32000,100,16,111.14664384247959,119.65957410577317,110.94064260215454,False,max_epochs,1513.1421797275543
rl4crn_rne_oscillator_trace_8rxn_stop_risksched085to09_lr1e4_entropy005_s4_c1_rnetol_d256_p20,seed061,61,321,32100,100,16,110.97694190101689,121.92183790296266,110.94064260215454,False,max_epochs,1517.9125480651855
rl4crn_rne_oscillator_trace_8rxn_stop_risksched085to09_lr1e4_entropy005_s4_c1_rnetol_d256_p20,seed061,61,322,32200,100,16,111.66513802122667,123.62467461886345,110.94064260215454,False,max_epochs,1522.8598370552063
rl4crn_rne_oscillator_trace_8rxn_stop_risksched085to09_lr1e4_entropy005_s4_c1_rnetol_d256_p20,seed061,61,323,32300,100,16,111.75422275396927,122.30341063566932,110.94064260215454,False,max_epochs,1527.455706834793
rl4crn_rne_oscillator_trace_8rxn_stop_risksched085to09_lr1e4_entropy005_s4_c1_rnetol_d256_p20,seed061,61,324,32400,100,16,111.21927678637302,120.05463500386699,110.94064260215454,False,max_epochs,1529.7442157268524
rl4crn_rne_oscillator_trace_8rxn_stop_risksched085to09_lr1e4_entropy005_s4_c1_rnetol_d256_p20,seed061,61,325,32500,100,16,111.69583606721233,117.73136742503894,110.94064260215454,False,max_epochs,1534.6148867607117
rl4crn_rne_oscillator_trace_8rxn_stop_risksched085to09_lr1e4_entropy005_s4_c1_rnetol_d256_p20,seed061,61,326,32600,100,16,111.62681127540283,119.54668818030629,110.94064260215454,False,max_epochs,1539.8442301750183
rl4crn_rne_oscillator_trace_8rxn_stop_risksched085to09_lr1e4_entropy005_s4_c1_rnetol_d256_p20,seed061,61,327,32700,100,16,112.33448515954923,120.65757902483568,110.94064260215454,False,max_epochs,1545.2799699306488
rl4crn_rne_oscillator_trace_8rxn_stop_risksched085to09_lr1e4_entropy005_s4_c1_rnetol_d256_p20,seed061,61,328,32800,100,16,111.69106597749683,120.53752163841315,110.94064260215454,False,max_epochs,1550.688948392868
rl4crn_rne_oscillator_trace_8rxn_stop_risksched085to09_lr1e4_entropy005_s4_c1_rnetol_d256_p20,seed061,61,329,32900,100,16,111.68849930629449,119.81472697907786,110.94064260215454,False,max_epochs,1555.8131198883057
rl4crn_rne_oscillator_trace_8rxn_stop_risksched085to09_lr1e4_entropy005_s4_c1_rnetol_d256_p20,seed061,61,330,33000,100,16,112.04920432624337,119.68003528756333,110.94064260215454,False,max_epochs,1560.8439264297485
rl4crn_rne_oscillator_trace_8rxn_stop_risksched085to09_lr1e4_entropy005_s4_c1_rnetol_d256_p20,seed061,61,331,33100,100,16,112.32133440164692,118.96221015439122,110.94064260215454,False,max_epochs,1565.707234621048
rl4crn_rne_oscillator_trace_8rxn_stop_risksched085to09_lr1e4_entropy005_s4_c1_rnetol_d256_p20,seed061,61,332,33200,100,16,111.51071239874759,118.42839863382167,110.94064260215454,False,max_epochs,1570.6856412887573
rl4crn_rne_oscillator_trace_8rxn_stop_risksched085to09_lr1e4_entropy005_s4_c1_rnetol_d256_p20,seed061,61,333,33300,100,16,111.53747676874032,118.4224391190184,110.94064260215454,False,max_epochs,1572.865651845932
rl4crn_rne_oscillator_trace_8rxn_stop_risksched085to09_lr1e4_entropy005_s4_c1_rnetol_d256_p20,seed061,61,334,33400,100,16,111.44970314358723,119.22134452476638,110.94064260215454,False,max_epochs,1577.6801846027374
rl4crn_rne_oscillator_trace_8rxn_stop_risksched085to09_lr1e4_entropy005_s4_c1_rnetol_d256_p20,seed061,61,335,33500,100,16,111.67208337058806,119.65012392592575,110.94064260215454,False,max_epochs,1582.79780626297
rl4crn_rne_oscillator_trace_8rxn_stop_risksched085to09_lr1e4_entropy005_s4_c1_rnetol_d256_p20,seed061,61,336,33600,100,16,111.46916888721239,117.79910177039457,110.94064260215454,False,max_epochs,1587.5649576187134
rl4crn_rne_oscillator_trace_8rxn_stop_risksched085to09_lr1e4_entropy005_s4_c1_rnetol_d256_p20,seed061,61,337,33700,100,16,111.39942731345141,118.40555454014596,110.94064260215454,False,max_epochs,1593.1463613510132
rl4crn_rne_oscillator_trace_8rxn_stop_risksched085to09_lr1e4_entropy005_s4_c1_rnetol_d256_p20,seed061,61,338,33800,100,16,111.21945801801179,119.24165663692003,110.94064260215454,False,max_epochs,1599.0054867267609
rl4crn_rne_oscillator_trace_8rxn_stop_risksched085to09_lr1e4_entropy005_s4_c1_rnetol_d256_p20,seed061,61,339,33900,100,16,111.94990366121496,116.34124426278194,110.94064260215454,False,max_epochs,1604.3101716041565
rl4crn_rne_oscillator_trace_8rxn_stop_risksched085to09_lr1e4_entropy005_s4_c1_rnetol_d256_p20,seed061,61,340,34000,100,16,111.49070481846505,117.52523650896268,110.94064260215454,False,max_epochs,1609.8291838169098
rl4crn_rne_oscillator_trace_8rxn_stop_risksched085to09_lr1e4_entropy005_s4_c1_rnetol_d256_p20,seed061,61,341,34100,100,16,110.99650032497489,119.47212625082042,110.94064260215454,False,max_epochs,1614.874195098877
rl4crn_rne_oscillator_trace_8rxn_stop_risksched085to09_lr1e4_entropy005_s4_c1_rnetol_d256_p20,seed061,61,342,34200,100,16,111.7570087114395,120.6362079218693,110.94064260215454,False,max_epochs,1619.9868636131287
rl4crn_rne_oscillator_trace_8rxn_stop_risksched085to09_lr1e4_entropy005_s4_c1_rnetol_d256_p20,seed061,61,343,34300,100,16,111.40730081318759,118.82903713667288,110.94064260215454,False,max_epochs,1625.1431238651276
rl4crn_rne_oscillator_trace_8rxn_stop_risksched085to09_lr1e4_entropy005_s4_c1_rnetol_d256_p20,seed061,61,344,34400,100,16,112.02781488327744,117.38618906880197,110.94064260215454,False,max_epochs,1630.6468472480774
rl4crn_rne_oscillator_trace_8rxn_stop_risksched085to09_lr1e4_entropy005_s4_c1_rnetol_d256_p20,seed061,61,345,34500,100,16,112.15153694843625,116.67721096299056,110.94064260215454,False,max_epochs,1635.7393567562103
rl4crn_rne_oscillator_trace_8rxn_stop_risksched085to09_lr1e4_entropy005_s4_c1_rnetol_d256_p20,seed061,61,346,34600,100,16,111.47459580180382,117.6471217853459,110.94064260215454,False,max_epochs,1640.5168809890747
rl4crn_rne_oscillator_trace_8rxn_stop_risksched085to09_lr1e4_entropy005_s4_c1_rnetol_d256_p20,seed061,61,347,34700,100,16,111.46362645400175,118.93224646329276,110.94064260215454,False,max_epochs,1645.5568726062775
rl4crn_rne_oscillator_trace_8rxn_stop_risksched085to09_lr1e4_entropy005_s4_c1_rnetol_d256_p20,seed061,61,348,34800,100,16,112.53236068364289,122.69811438463805,110.94064260215454,False,max_epochs,1650.5975437164307
rl4crn_rne_oscillator_trace_8rxn_stop_risksched085to09_lr1e4_entropy005_s4_c1_rnetol_d256_p20,seed061,61,349,34900,100,16,111.08868909801586,120.28153434227607,110.94064260215454,False,max_epochs,1655.3368752002716
rl4crn_rne_oscillator_trace_8rxn_stop_risksched085to09_lr1e4_entropy005_s4_c1_rnetol_d256_p20,seed061,61,350,35000,100,16,111.48796810687983,119.59257303063856,110.94064260215454,False,max_epochs,1657.729474067688
rl4crn_rne_oscillator_trace_8rxn_stop_risksched085to09_lr1e4_entropy005_s4_c1_rnetol_d256_p20,seed061,61,351,35100,100,16,111.252836135823,118.67242555718568,110.94064260215454,False,max_epochs,1662.4643428325653
rl4crn_rne_oscillator_trace_8rxn_stop_risksched085to09_lr1e4_entropy005_s4_c1_rnetol_d256_p20,seed061,61,352,35200,100,16,111.7726983889765,118.27524890036761,110.94064260215454,False,max_epochs,1667.3366034030914
rl4crn_rne_oscillator_trace_8rxn_stop_risksched085to09_lr1e4_entropy005_s4_c1_rnetol_d256_p20,seed061,61,353,35300,100,16,111.52586650201256,118.87262224512966,110.94064260215454,False,max_epochs,1672.740309715271
rl4crn_rne_oscillator_trace_8rxn_stop_risksched085to09_lr1e4_entropy005_s4_c1_rnetol_d256_p20,seed061,61,354,35400,100,16,111.81444335380311,118.11615069340749,110.94064260215454,False,max_epochs,1678.3167700767517
rl4crn_rne_oscillator_trace_8rxn_stop_risksched085to09_lr1e4_entropy005_s4_c1_rnetol_d256_p20,seed061,61,355,35500,100,16,111.60036179425838,118.61261525167211,110.94064260215454,False,max_epochs,1683.4749746322632
rl4crn_rne_oscillator_trace_8rxn_stop_risksched085to09_lr1e4_entropy005_s4_c1_rnetol_d256_p20,seed061,61,356,35600,100,16,111.44070153291501,117.54841835347024,110.94064260215454,False,max_epochs,1688.6925945281982
rl4crn_rne_oscillator_trace_8rxn_stop_risksched085to09_lr1e4_entropy005_s4_c1_rnetol_d256_p20,seed061,61,357,35700,100,16,111.50688849980422,118.43288661742326,110.94064260215454,False,max_epochs,1694.0710916519165
rl4crn_rne_oscillator_trace_8rxn_stop_risksched085to09_lr1e4_entropy005_s4_c1_rnetol_d256_p20,seed061,61,358,35800,100,16,112.60787873563329,119.31346545630439,110.94064260215454,False,max_epochs,1699.900738954544
rl4crn_rne_oscillator_trace_8rxn_stop_risksched085to09_lr1e4_entropy005_s4_c1_rnetol_d256_p20,seed061,61,359,35900,100,16,111.55847117223932,118.36916817809086,110.94064260215454,False,max_epochs,1704.9895510673523
rl4crn_rne_oscillator_trace_8rxn_stop_risksched085to09_lr1e4_entropy005_s4_c1_rnetol_d256_p20,seed061,61,360,36000,100,16,111.5849980009629,117.84194172633826,110.94064260215454,False,max_epochs,1710.0127651691437
rl4crn_rne_oscillator_trace_8rxn_stop_risksched085to09_lr1e4_entropy005_s4_c1_rnetol_d256_p20,seed061,61,361,36100,100,16,111.35118408649818,118.14108738792748,110.94064260215454,False,max_epochs,1715.139680147171
rl4crn_rne_oscillator_trace_8rxn_stop_risksched085to09_lr1e4_entropy005_s4_c1_rnetol_d256_p20,seed061,61,362,36200,100,16,111.33624657868354,120.31316249233097,110.94064260215454,False,max_epochs,1720.0460300445557
rl4crn_rne_oscillator_trace_8rxn_stop_risksched085to09_lr1e4_entropy005_s4_c1_rnetol_d256_p20,seed061,61,363,36300,100,16,111.34466881177356,119.0252001384016,110.94064260215454,False,max_epochs,1724.6281073093414
rl4crn_rne_oscillator_trace_8rxn_stop_risksched085to09_lr1e4_entropy005_s4_c1_rnetol_d256_p20,seed061,61,364,36400,100,16,111.52172643495584,118.77522183270827,110.94064260215454,False,max_epochs,1726.91987490654
rl4crn_rne_oscillator_trace_8rxn_stop_risksched085to09_lr1e4_entropy005_s4_c1_rnetol_d256_p20,seed061,61,365,36500,100,16,111.01744462070353,119.43216225346626,110.94064260215454,False,max_epochs,1731.618581533432
rl4crn_rne_oscillator_trace_8rxn_stop_risksched085to09_lr1e4_entropy005_s4_c1_rnetol_d256_p20,seed061,61,366,36600,100,16,111.34252093751684,119.42788486427693,110.94064260215454,False,max_epochs,1737.1994395256042
rl4crn_rne_oscillator_trace_8rxn_stop_risksched085to09_lr1e4_entropy005_s4_c1_rnetol_d256_p20,seed061,61,367,36700,100,16,111.63633964253619,121.12696051415088,110.94064260215454,False,max_epochs,1742.1830534934998
rl4crn_rne_oscillator_trace_8rxn_stop_risksched085to09_lr1e4_entropy005_s4_c1_rnetol_d256_p20,seed061,61,368,36800,100,16,111.32990246553723,118.54304861391786,110.94064260215454,False,max_epochs,1747.1168251037598
rl4crn_rne_oscillator_trace_8rxn_stop_risksched085to09_lr1e4_entropy005_s4_c1_rnetol_d256_p20,seed061,61,369,36900,100,16,111.31107718674374,118.39357306788979,110.94064260215454,False,max_epochs,1752.042222738266
rl4crn_rne_oscillator_trace_8rxn_stop_risksched085to09_lr1e4_entropy005_s4_c1_rnetol_d256_p20,seed061,61,370,37000,100,16,111.83112712886808,120.99166606213834,110.94064260215454,False,max_epochs,1757.475606918335
rl4crn_rne_oscillator_trace_8rxn_stop_risksched085to09_lr1e4_entropy005_s4_c1_rnetol_d256_p20,seed061,61,371,37100,100,16,111.05649395471082,119.38096589396457,110.94064260215454,False,max_epochs,1762.1780869960785
rl4crn_rne_oscillator_trace_8rxn_stop_risksched085to09_lr1e4_entropy005_s4_c1_rnetol_d256_p20,seed061,61,372,37200,100,16,111.37418644985566,118.29489419401582,110.94064260215454,False,max_epochs,1766.887684583664
rl4crn_rne_oscillator_trace_8rxn_stop_risksched085to09_lr1e4_entropy005_s4_c1_rnetol_d256_p20,seed061,61,373,37300,100,16,111.49643664143282,118.69424090792265,110.94064260215454,False,max_epochs,1771.6547129154205
rl4crn_rne_oscillator_trace_8rxn_stop_risksched085to09_lr1e4_entropy005_s4_c1_rnetol_d256_p20,seed061,61,374,37400,100,16,112.42739627971403,120.90565373749399,110.94064260215454,False,max_epochs,1774.2318670749664
rl4crn_rne_oscillator_trace_8rxn_stop_risksched085to09_lr1e4_entropy005_s4_c1_rnetol_d256_p20,seed061,61,375,37500,100,16,111.03923012513762,120.45991995458299,110.94064260215454,False,max_epochs,1778.8758215904236
rl4crn_rne_oscillator_trace_8rxn_stop_risksched085to09_lr1e4_entropy005_s4_c1_rnetol_d256_p20,seed061,61,376,37600,100,16,111.2354821509515,119.40322546379575,110.94064260215454,False,max_epochs,1784.1342589855194
rl4crn_rne_oscillator_trace_8rxn_stop_risksched085to09_lr1e4_entropy005_s4_c1_rnetol_d256_p20,seed061,61,377,37700,100,16,111.67111799348362,117.96357648273484,110.94064260215454,False,max_epochs,1789.356985092163
rl4crn_rne_oscillator_trace_8rxn_stop_risksched085to09_lr1e4_entropy005_s4_c1_rnetol_d256_p20,seed061,61,378,37800,100,16,111.5018190773748,118.22289927947071,110.94064260215454,False,max_epochs,1794.7861120700836
rl4crn_rne_oscillator_trace_8rxn_stop_risksched085to09_lr1e4_entropy005_s4_c1_rnetol_d256_p20,seed061,61,379,37900,100,16,112.0747076391572,119.62483911930232,110.94064260215454,False,max_epochs,1799.9360959529877
rl4crn_rne_oscillator_trace_8rxn_stop_risksched085to09_lr1e4_entropy005_s4_c1_rnetol_d256_p20,seed061,61,380,38000,100,16,112.52631116195062,120.74653681154953,110.94064260215454,False,max_epochs,1805.127760887146
rl4crn_rne_oscillator_trace_8rxn_stop_risksched085to09_lr1e4_entropy005_s4_c1_rnetol_d256_p20,seed061,61,381,38100,100,16,111.17657479404595,119.58503566962216,110.94064260215454,False,max_epochs,1810.4085586071014
rl4crn_rne_oscillator_trace_8rxn_stop_risksched085to09_lr1e4_entropy005_s4_c1_rnetol_d256_p20,seed061,61,382,38200,100,16,111.41734351247653,119.41162254791054,110.94064260215454,False,max_epochs,1816.1052930355072
rl4crn_rne_oscillator_trace_8rxn_stop_risksched085to09_lr1e4_entropy005_s4_c1_rnetol_d256_p20,seed061,61,383,38300,100,16,111.18138444044573,118.76000678508203,110.94064260215454,False,max_epochs,1821.3187572956085
rl4crn_rne_oscillator_trace_8rxn_stop_risksched085to09_lr1e4_entropy005_s4_c1_rnetol_d256_p20,seed061,61,384,38400,100,16,111.14270265923057,117.66308238331393,110.94064260215454,False,max_epochs,1826.568398475647
rl4crn_rne_oscillator_trace_8rxn_stop_risksched085to09_lr1e4_entropy005_s4_c1_rnetol_d256_p20,seed061,61,385,38500,100,16,112.0386439747499,116.96523331363754,110.94064260215454,False,max_epochs,1831.1716964244843
rl4crn_rne_oscillator_trace_8rxn_stop_risksched085to09_lr1e4_entropy005_s4_c1_rnetol_d256_p20,seed061,61,386,38600,100,16,111.95815125962801,116.68452930330501,110.94064260215454,False,max_epochs,1836.0005650520325
rl4crn_rne_oscillator_trace_8rxn_stop_risksched085to09_lr1e4_entropy005_s4_c1_rnetol_d256_p20,seed061,61,387,38700,100,16,111.42456316470101,117.08521932481582,110.94064260215454,False,max_epochs,1840.8639793395996
rl4crn_rne_oscillator_trace_8rxn_stop_risksched085to09_lr1e4_entropy005_s4_c1_rnetol_d256_p20,seed061,61,388,38800,100,16,111.68039459533202,119.11963787084633,110.94064260215454,False,max_epochs,1843.1553003787994
rl4crn_rne_oscillator_trace_8rxn_stop_risksched085to09_lr1e4_entropy005_s4_c1_rnetol_d256_p20,seed061,61,389,38900,100,16,111.72788663351417,118.79131159596773,110.94064260215454,False,max_epochs,1847.99946808815
rl4crn_rne_oscillator_trace_8rxn_stop_risksched085to09_lr1e4_entropy005_s4_c1_rnetol_d256_p20,seed061,61,390,39000,100,16,111.43457382972144,119.10240177253844,110.94064260215454,False,max_epochs,1853.5174934864044
rl4crn_rne_oscillator_trace_8rxn_stop_risksched085to09_lr1e4_entropy005_s4_c1_rnetol_d256_p20,seed061,61,391,39100,100,16,111.79504037563792,117.77421324225888,110.94064260215454,False,max_epochs,1858.5115716457367
rl4crn_rne_oscillator_trace_8rxn_stop_risksched085to09_lr1e4_entropy005_s4_c1_rnetol_d256_p20,seed061,61,392,39200,100,16,111.65560873757566,117.83084839225921,110.94064260215454,False,max_epochs,1863.8510963916779
rl4crn_rne_oscillator_trace_8rxn_stop_risksched085to09_lr1e4_entropy005_s4_c1_rnetol_d256_p20,seed061,61,393,39300,100,16,111.40117975577907,117.40181361361553,110.94064260215454,False,max_epochs,1868.9731369018555
rl4crn_rne_oscillator_trace_8rxn_stop_risksched085to09_lr1e4_entropy005_s4_c1_rnetol_d256_p20,seed061,61,394,39400,100,16,111.08614244246738,118.3481396581191,110.94064260215454,False,max_epochs,1873.7435371875763
rl4crn_rne_oscillator_trace_8rxn_stop_risksched085to09_lr1e4_entropy005_s4_c1_rnetol_d256_p20,seed061,61,395,39500,100,16,111.40510239929435,119.38808289900533,110.94064260215454,False,max_epochs,1878.6250619888306
rl4crn_rne_oscillator_trace_8rxn_stop_risksched085to09_lr1e4_entropy005_s4_c1_rnetol_d256_p20,seed061,61,396,39600,100,16,111.25542338206226,119.40578068172817,110.94064260215454,False,max_epochs,1880.9986946582794
rl4crn_rne_oscillator_trace_8rxn_stop_risksched085to09_lr1e4_entropy005_s4_c1_rnetol_d256_p20,seed061,61,397,39700,100,16,111.61527502709119,118.00026245365046,110.94064260215454,False,max_epochs,1885.6369161605835
rl4crn_rne_oscillator_trace_8rxn_stop_risksched085to09_lr1e4_entropy005_s4_c1_rnetol_d256_p20,seed061,61,398,39800,100,16,111.94419961211015,116.52838821268475,110.94064260215454,False,max_epochs,1890.980402469635
rl4crn_rne_oscillator_trace_8rxn_stop_risksched085to09_lr1e4_entropy005_s4_c1_rnetol_d256_p20,seed061,61,399,39900,100,16,111.48998192990047,118.67227490761664,110.94064260215454,False,max_epochs,1896.1275389194489
rl4crn_rne_oscillator_trace_8rxn_stop_risksched085to09_lr1e4_entropy005_s4_c1_rnetol_d256_p20,seed061,61,400,40000,100,16,110.90720761842951,121.10950701472636,110.90720761842951,False,max_epochs,1901.8315603733063
rl4crn_rne_oscillator_trace_8rxn_stop_risksched085to09_lr1e4_entropy005_s4_c1_rnetol_d256_p20,seed061,61,401,40100,100,16,112.84459558971047,121.94567174405125,110.90720761842951,False,max_epochs,1907.0567555427551
rl4crn_rne_oscillator_trace_8rxn_stop_risksched085to09_lr1e4_entropy005_s4_c1_rnetol_d256_p20,seed061,61,402,40200,100,16,111.138356429878,118.50144359687557,110.90720761842951,False,max_epochs,1912.3090431690216
rl4crn_rne_oscillator_trace_8rxn_stop_risksched085to09_lr1e4_entropy005_s4_c1_rnetol_d256_p20,seed061,61,403,40300,100,16,110.97532316406587,117.41242208152832,110.90720761842951,False,max_epochs,1917.9576253890991
rl4crn_rne_oscillator_trace_8rxn_stop_risksched085to09_lr1e4_entropy005_s4_c1_rnetol_d256_p20,seed061,61,404,40400,100,16,111.01113544851978,118.05062734305255,110.90720761842951,False,max_epochs,1923.3035933971405
rl4crn_rne_oscillator_trace_8rxn_stop_risksched085to09_lr1e4_entropy005_s4_c1_rnetol_d256_p20,seed061,61,405,40500,100,16,111.56622372660435,117.75261243243719,110.90720761842951,False,max_epochs,1928.2368965148926
rl4crn_rne_oscillator_trace_8rxn_stop_risksched085to09_lr1e4_entropy005_s4_c1_rnetol_d256_p20,seed061,61,406,40600,100,16,111.16858720484308,117.64818158597912,110.90720761842951,False,max_epochs,1933.6144247055054
rl4crn_rne_oscillator_trace_8rxn_stop_risksched085to09_lr1e4_entropy005_s4_c1_rnetol_d256_p20,seed061,61,407,40700,100,16,110.88301829127467,118.02728042660269,110.88301829127467,False,max_epochs,1939.0454514026642
rl4crn_rne_oscillator_trace_8rxn_stop_risksched085to09_lr1e4_entropy005_s4_c1_rnetol_d256_p20,seed061,61,408,40800,100,16,111.74580811681113,119.82080354536626,110.88301829127467,False,max_epochs,1944.800525188446
rl4crn_rne_oscillator_trace_8rxn_stop_risksched085to09_lr1e4_entropy005_s4_c1_rnetol_d256_p20,seed061,61,409,40900,100,16,111.07533866176549,117.57930970788277,110.88301829127467,False,max_epochs,1949.939326286316
rl4crn_rne_oscillator_trace_8rxn_stop_risksched085to09_lr1e4_entropy005_s4_c1_rnetol_d256_p20,seed061,61,410,41000,100,16,111.55290849322401,118.98825911819117,110.88301829127467,False,max_epochs,1955.0308871269226
rl4crn_rne_oscillator_trace_8rxn_stop_risksched085to09_lr1e4_entropy005_s4_c1_rnetol_d256_p20,seed061,61,411,41100,100,16,111.00130866539808,116.32176550637254,110.88301829127467,False,max_epochs,1960.2663297653198
rl4crn_rne_oscillator_trace_8rxn_stop_risksched085to09_lr1e4_entropy005_s4_c1_rnetol_d256_p20,seed061,61,412,41200,100,16,111.57482453032962,117.58197288295827,110.88301829127467,False,max_epochs,1965.802416563034
rl4crn_rne_oscillator_trace_8rxn_stop_risksched085to09_lr1e4_entropy005_s4_c1_rnetol_d256_p20,seed061,61,413,41300,100,16,111.23787908539619,117.74095594080028,110.88301829127467,False,max_epochs,1971.0449419021606
rl4crn_rne_oscillator_trace_8rxn_stop_risksched085to09_lr1e4_entropy005_s4_c1_rnetol_d256_p20,seed061,61,414,41400,100,16,110.90505361382509,118.72228497407451,110.88301829127467,False,max_epochs,1976.1808035373688
rl4crn_rne_oscillator_trace_8rxn_stop_risksched085to09_lr1e4_entropy005_s4_c1_rnetol_d256_p20,seed061,61,415,41500,100,16,111.2914321524033,117.60784022893438,110.88301829127467,False,max_epochs,1981.560935497284
rl4crn_rne_oscillator_trace_8rxn_stop_risksched085to09_lr1e4_entropy005_s4_c1_rnetol_d256_p20,seed061,61,416,41600,100,16,110.893792564915,117.87993311688273,110.88301829127467,False,max_epochs,1987.1730453968048
rl4crn_rne_oscillator_trace_8rxn_stop_risksched085to09_lr1e4_entropy005_s4_c1_rnetol_d256_p20,seed061,61,417,41700,100,16,111.30082259089299,116.5622109785987,110.88301829127467,False,max_epochs,1992.1877319812775
rl4crn_rne_oscillator_trace_8rxn_stop_risksched085to09_lr1e4_entropy005_s4_c1_rnetol_d256_p20,seed061,61,418,41800,100,16,111.81270876856455,116.67574334850653,110.88301829127467,False,max_epochs,1996.9394595623016
rl4crn_rne_oscillator_trace_8rxn_stop_risksched085to09_lr1e4_entropy005_s4_c1_rnetol_d256_p20,seed061,61,419,41900,100,16,111.44234747766038,115.61586098976795,110.88301829127467,False,max_epochs,2002.0356059074402
rl4crn_rne_oscillator_trace_8rxn_stop_risksched085to09_lr1e4_entropy005_s4_c1_rnetol_d256_p20,seed061,61,420,42000,100,16,111.5545829551539,116.59249021187652,110.88301829127467,False,max_epochs,2007.325660943985
rl4crn_rne_oscillator_trace_8rxn_stop_risksched085to09_lr1e4_entropy005_s4_c1_rnetol_d256_p20,seed061,61,421,42100,100,16,111.18915620831211,117.5386706582407,110.88301829127467,False,max_epochs,2012.0002403259277
rl4crn_rne_oscillator_trace_8rxn_stop_risksched085to09_lr1e4_entropy005_s4_c1_rnetol_d256_p20,seed061,61,422,42200,100,16,111.9724433440754,118.84227917857436,110.88301829127467,False,max_epochs,2016.6556158065796
rl4crn_rne_oscillator_trace_8rxn_stop_risksched085to09_lr1e4_entropy005_s4_c1_rnetol_d256_p20,seed061,61,423,42300,100,16,111.55681553828651,117.86381229157647,110.88301829127467,False,max_epochs,2019.0920240879059
rl4crn_rne_oscillator_trace_8rxn_stop_risksched085to09_lr1e4_entropy005_s4_c1_rnetol_d256_p20,seed061,61,424,42400,100,16,111.30076315725701,116.04527423615089,110.88301829127467,False,max_epochs,2024.1920459270477
rl4crn_rne_oscillator_trace_8rxn_stop_risksched085to09_lr1e4_entropy005_s4_c1_rnetol_d256_p20,seed061,61,425,42500,100,16,111.22239103688234,116.7391557849947,110.88301829127467,False,max_epochs,2029.0307004451752
rl4crn_rne_oscillator_trace_8rxn_stop_risksched085to09_lr1e4_entropy005_s4_c1_rnetol_d256_p20,seed061,61,426,42600,100,16,111.69804357772966,116.5215612022705,110.88301829127467,False,max_epochs,2034.1805312633514
rl4crn_rne_oscillator_trace_8rxn_stop_risksched085to09_lr1e4_entropy005_s4_c1_rnetol_d256_p20,seed061,61,427,42700,100,16,111.45763675735176,117.57957559865147,110.88301829127467,False,max_epochs,2039.5284144878387
rl4crn_rne_oscillator_trace_8rxn_stop_risksched085to09_lr1e4_entropy005_s4_c1_rnetol_d256_p20,seed061,61,428,42800,100,16,111.06032336167853,115.69064900614997,110.88301829127467,False,max_epochs,2045.2823672294617
rl4crn_rne_oscillator_trace_8rxn_stop_risksched085to09_lr1e4_entropy005_s4_c1_rnetol_d256_p20,seed061,61,429,42900,100,16,111.1630097268939,117.7754144046322,110.88301829127467,False,max_epochs,2050.3408675193787
rl4crn_rne_oscillator_trace_8rxn_stop_risksched085to09_lr1e4_entropy005_s4_c1_rnetol_d256_p20,seed061,61,430,43000,100,16,111.6400675557644,117.99099144914464,110.88301829127467,False,max_epochs,2055.481377363205
rl4crn_rne_oscillator_trace_8rxn_stop_risksched085to09_lr1e4_entropy005_s4_c1_rnetol_d256_p20,seed061,61,431,43100,100,16,111.02755303940492,119.39120068111774,110.88301829127467,False,max_epochs,2060.087515592575
rl4crn_rne_oscillator_trace_8rxn_stop_risksched085to09_lr1e4_entropy005_s4_c1_rnetol_d256_p20,seed061,61,432,43200,100,16,111.11282374097246,116.21151736788282,110.88301829127467,False,max_epochs,2064.7167398929596
rl4crn_rne_oscillator_trace_8rxn_stop_risksched085to09_lr1e4_entropy005_s4_c1_rnetol_d256_p20,seed061,61,433,43300,100,16,111.3745938293599,115.94710069150507,110.88301829127467,False,max_epochs,2067.7654988765717
rl4crn_rne_oscillator_trace_8rxn_stop_risksched085to09_lr1e4_entropy005_s4_c1_rnetol_d256_p20,seed061,61,434,43400,100,16,111.73627721393278,117.04249599717438,110.88301829127467,False,max_epochs,2072.0805871486664
rl4crn_rne_oscillator_trace_8rxn_stop_risksched085to09_lr1e4_entropy005_s4_c1_rnetol_d256_p20,seed061,61,435,43500,100,16,111.37055088939196,116.87478610221231,110.88301829127467,False,max_epochs,2077.0631709098816
rl4crn_rne_oscillator_trace_8rxn_stop_risksched085to09_lr1e4_entropy005_s4_c1_rnetol_d256_p20,seed061,61,436,43600,100,16,111.3383986284454,117.63719146682023,110.88301829127467,False,max_epochs,2082.371545791626
rl4crn_rne_oscillator_trace_8rxn_stop_risksched085to09_lr1e4_entropy005_s4_c1_rnetol_d256_p20,seed061,61,437,43700,100,16,111.2831359450086,117.13324953656749,110.88301829127467,False,max_epochs,2087.5491285324097
rl4crn_rne_oscillator_trace_8rxn_stop_risksched085to09_lr1e4_entropy005_s4_c1_rnetol_d256_p20,seed061,61,438,43800,100,16,111.67796340150441,118.62711316498874,110.88301829127467,False,max_epochs,2092.5781347751617
rl4crn_rne_oscillator_trace_8rxn_stop_risksched085to09_lr1e4_entropy005_s4_c1_rnetol_d256_p20,seed061,61,439,43900,100,16,111.03208938917082,119.69239595400016,110.88301829127467,False,max_epochs,2097.6651649475098
rl4crn_rne_oscillator_trace_8rxn_stop_risksched085to09_lr1e4_entropy005_s4_c1_rnetol_d256_p20,seed061,61,440,44000,100,16,111.6833247964545,119.20537790716914,110.88301829127467,False,max_epochs,2103.307379961014
rl4crn_rne_oscillator_trace_8rxn_stop_risksched085to09_lr1e4_entropy005_s4_c1_rnetol_d256_p20,seed061,61,441,44100,100,16,110.96690540401131,117.23776482711915,110.88301829127467,False,max_epochs,2108.457691192627
rl4crn_rne_oscillator_trace_8rxn_stop_risksched085to09_lr1e4_entropy005_s4_c1_rnetol_d256_p20,seed061,61,442,44200,100,16,110.93817097158963,116.48194035144525,110.88301829127467,False,max_epochs,2113.618953704834
rl4crn_rne_oscillator_trace_8rxn_stop_risksched085to09_lr1e4_entropy005_s4_c1_rnetol_d256_p20,seed061,61,443,44300,100,16,111.0720787513955,116.0232318356255,110.88301829127467,False,max_epochs,2119.0625672340393
rl4crn_rne_oscillator_trace_8rxn_stop_risksched085to09_lr1e4_entropy005_s4_c1_rnetol_d256_p20,seed061,61,444,44400,100,16,111.17871323043299,117.42080273183022,110.88301829127467,False,max_epochs,2124.743720293045
rl4crn_rne_oscillator_trace_8rxn_stop_risksched085to09_lr1e4_entropy005_s4_c1_rnetol_d256_p20,seed061,61,445,44500,100,16,111.00941877745434,116.0060753159554,110.88301829127467,False,max_epochs,2129.843925476074
rl4crn_rne_oscillator_trace_8rxn_stop_risksched085to09_lr1e4_entropy005_s4_c1_rnetol_d256_p20,seed061,61,446,44600,100,16,110.8913316939195,117.0620888536645,110.88301829127467,False,max_epochs,2134.830986738205
rl4crn_rne_oscillator_trace_8rxn_stop_risksched085to09_lr1e4_entropy005_s4_c1_rnetol_d256_p20,seed061,61,447,44700,100,16,111.8283545374392,119.51052991840132,110.88301829127467,False,max_epochs,2139.8495869636536
rl4crn_rne_oscillator_trace_8rxn_stop_risksched085to09_lr1e4_entropy005_s4_c1_rnetol_d256_p20,seed061,61,448,44800,100,16,111.89669896628585,117.49450385474437,110.88301829127467,False,max_epochs,2144.7546854019165
rl4crn_rne_oscillator_trace_8rxn_stop_risksched085to09_lr1e4_entropy005_s4_c1_rnetol_d256_p20,seed061,61,449,44900,100,16,111.05893233420701,117.48734923036685,110.88301829127467,False,max_epochs,2149.284337282181
rl4crn_rne_oscillator_trace_8rxn_stop_risksched085to09_lr1e4_entropy005_s4_c1_rnetol_d256_p20,seed061,61,450,45000,100,16,111.7108946381919,115.07486417778641,110.88301829127467,False,max_epochs,2151.7353925704956
rl4crn_rne_oscillator_trace_8rxn_stop_risksched085to09_lr1e4_entropy005_s4_c1_rnetol_d256_p20,seed061,61,451,45100,100,16,111.27622148219618,115.41498508960608,110.88301829127467,False,max_epochs,2156.405903339386
rl4crn_rne_oscillator_trace_8rxn_stop_risksched085to09_lr1e4_entropy005_s4_c1_rnetol_d256_p20,seed061,61,452,45200,100,16,111.0136508900319,117.4344818768442,110.88301829127467,False,max_epochs,2161.886556148529
rl4crn_rne_oscillator_trace_8rxn_stop_risksched085to09_lr1e4_entropy005_s4_c1_rnetol_d256_p20,seed061,61,453,45300,100,16,111.22787322692905,115.68991496911039,110.88301829127467,False,max_epochs,2166.8492193222046
rl4crn_rne_oscillator_trace_8rxn_stop_risksched085to09_lr1e4_entropy005_s4_c1_rnetol_d256_p20,seed061,61,454,45400,100,16,111.01367122545817,117.47938673297563,110.88301829127467,False,max_epochs,2171.387122631073
rl4crn_rne_oscillator_trace_8rxn_stop_risksched085to09_lr1e4_entropy005_s4_c1_rnetol_d256_p20,seed061,61,455,45500,100,16,111.57477661378917,118.37701851837977,110.88301829127467,False,max_epochs,2176.294943332672
rl4crn_rne_oscillator_trace_8rxn_stop_risksched085to09_lr1e4_entropy005_s4_c1_rnetol_d256_p20,seed061,61,456,45600,100,16,111.58254271137055,119.59007624525813,110.88301829127467,False,max_epochs,2180.9917340278625
rl4crn_rne_oscillator_trace_8rxn_stop_risksched085to09_lr1e4_entropy005_s4_c1_rnetol_d256_p20,seed061,61,457,45700,100,16,110.92417689492783,118.92041443143104,110.88301829127467,False,max_epochs,2183.282555103302
rl4crn_rne_oscillator_trace_8rxn_stop_risksched085to09_lr1e4_entropy005_s4_c1_rnetol_d256_p20,seed061,61,458,45800,100,16,111.46101351883821,116.0157988761045,110.88301829127467,False,max_epochs,2188.3467178344727
rl4crn_rne_oscillator_trace_8rxn_stop_risksched085to09_lr1e4_entropy005_s4_c1_rnetol_d256_p20,seed061,61,459,45900,100,16,111.0612206123576,115.3327364437097,110.88301829127467,False,max_epochs,2193.0005083084106
rl4crn_rne_oscillator_trace_8rxn_stop_risksched085to09_lr1e4_entropy005_s4_c1_rnetol_d256_p20,seed061,61,460,46000,100,16,111.61843445337205,116.13518895764811,110.88301829127467,False,max_epochs,2198.6493043899536
rl4crn_rne_oscillator_trace_8rxn_stop_risksched085to09_lr1e4_entropy005_s4_c1_rnetol_d256_p20,seed061,61,461,46100,100,16,111.11290092090017,115.20477288436314,110.88301829127467,False,max_epochs,2203.4285571575165
rl4crn_rne_oscillator_trace_8rxn_stop_risksched085to09_lr1e4_entropy005_s4_c1_rnetol_d256_p20,seed061,61,462,46200,100,16,111.015963365355,118.1670864560673,110.88301829127467,False,max_epochs,2209.4146015644073
rl4crn_rne_oscillator_trace_8rxn_stop_risksched085to09_lr1e4_entropy005_s4_c1_rnetol_d256_p20,seed061,61,463,46300,100,16,111.48516897801495,118.0360534003829,110.88301829127467,False,max_epochs,2214.4808235168457
rl4crn_rne_oscillator_trace_8rxn_stop_risksched085to09_lr1e4_entropy005_s4_c1_rnetol_d256_p20,seed061,61,464,46400,100,16,111.00185799515097,118.64808350804574,110.88301829127467,False,max_epochs,2219.8091218471527
rl4crn_rne_oscillator_trace_8rxn_stop_risksched085to09_lr1e4_entropy005_s4_c1_rnetol_d256_p20,seed061,61,465,46500,100,16,111.05782334808754,115.85196070590504,110.88301829127467,False,max_epochs,2224.9665625095367
rl4crn_rne_oscillator_trace_8rxn_stop_risksched085to09_lr1e4_entropy005_s4_c1_rnetol_d256_p20,seed061,61,466,46600,100,16,110.88893335557131,114.96274188080949,110.88301829127467,False,max_epochs,2229.714530467987
rl4crn_rne_oscillator_trace_8rxn_stop_risksched085to09_lr1e4_entropy005_s4_c1_rnetol_d256_p20,seed061,61,467,46700,100,16,111.35531884510775,116.32153975153894,110.88301829127467,False,max_epochs,2234.726347208023
rl4crn_rne_oscillator_trace_8rxn_stop_risksched085to09_lr1e4_entropy005_s4_c1_rnetol_d256_p20,seed061,61,468,46800,100,16,111.08907741820498,116.5691249179259,110.88301829127467,False,max_epochs,2236.9194707870483
rl4crn_rne_oscillator_trace_8rxn_stop_risksched085to09_lr1e4_entropy005_s4_c1_rnetol_d256_p20,seed061,61,469,46900,100,16,111.50239291078037,117.50897868967738,110.88301829127467,False,max_epochs,2241.6935617923737
rl4crn_rne_oscillator_trace_8rxn_stop_risksched085to09_lr1e4_entropy005_s4_c1_rnetol_d256_p20,seed061,61,470,47000,100,16,111.25914743392596,115.88456689886675,110.88301829127467,False,max_epochs,2246.77410697937
rl4crn_rne_oscillator_trace_8rxn_stop_risksched085to09_lr1e4_entropy005_s4_c1_rnetol_d256_p20,seed061,61,471,47100,100,16,111.01354575664368,116.37384604815213,110.88301829127467,False,max_epochs,2251.80460190773
rl4crn_rne_oscillator_trace_8rxn_stop_risksched085to09_lr1e4_entropy005_s4_c1_rnetol_d256_p20,seed061,61,472,47200,100,16,111.16732656441202,116.10984678835987,110.88301829127467,False,max_epochs,2257.69744682312
rl4crn_rne_oscillator_trace_8rxn_stop_risksched085to09_lr1e4_entropy005_s4_c1_rnetol_d256_p20,seed061,61,473,47300,100,16,111.0548892088607,122.55500835811908,110.88301829127467,False,max_epochs,2262.794229030609
rl4crn_rne_oscillator_trace_8rxn_stop_risksched085to09_lr1e4_entropy005_s4_c1_rnetol_d256_p20,seed061,61,474,47400,100,16,111.49758624881594,123.77047389495885,110.88301829127467,False,max_epochs,2267.963520526886
rl4crn_rne_oscillator_trace_8rxn_stop_risksched085to09_lr1e4_entropy005_s4_c1_rnetol_d256_p20,seed061,61,475,47500,100,16,111.34216475163241,118.10283369953785,110.88301829127467,False,max_epochs,2272.64834856987
rl4crn_rne_oscillator_trace_8rxn_stop_risksched085to09_lr1e4_entropy005_s4_c1_rnetol_d256_p20,seed061,61,476,47600,100,16,111.32553819409824,116.58953962146691,110.88301829127467,False,max_epochs,2278.0001652240753
rl4crn_rne_oscillator_trace_8rxn_stop_risksched085to09_lr1e4_entropy005_s4_c1_rnetol_d256_p20,seed061,61,477,47700,100,16,111.29128531666592,116.11837474242073,110.88301829127467,False,max_epochs,2283.0098700523376
rl4crn_rne_oscillator_trace_8rxn_stop_risksched085to09_lr1e4_entropy005_s4_c1_rnetol_d256_p20,seed061,61,478,47800,100,16,111.0993456873737,116.70624304585374,110.88301829127467,False,max_epochs,2288.529344558716
rl4crn_rne_oscillator_trace_8rxn_stop_risksched085to09_lr1e4_entropy005_s4_c1_rnetol_d256_p20,seed061,61,479,47900,100,16,110.95001048084337,116.2758174007925,110.88301829127467,False,max_epochs,2293.3346660137177
rl4crn_rne_oscillator_trace_8rxn_stop_risksched085to09_lr1e4_entropy005_s4_c1_rnetol_d256_p20,seed061,61,480,48000,100,16,111.24610819427802,117.1389866351933,110.88301829127467,False,max_epochs,2298.0642173290253
rl4crn_rne_oscillator_trace_8rxn_stop_risksched085to09_lr1e4_entropy005_s4_c1_rnetol_d256_p20,seed061,61,481,48100,100,16,111.2213875865661,116.6912398445639,110.88301829127467,False,max_epochs,2302.8433904647827
rl4crn_rne_oscillator_trace_8rxn_stop_risksched085to09_lr1e4_entropy005_s4_c1_rnetol_d256_p20,seed061,61,482,48200,100,16,111.41750428051932,115.72250829539989,110.88301829127467,False,max_epochs,2305.2952404022217
rl4crn_rne_oscillator_trace_8rxn_stop_risksched085to09_lr1e4_entropy005_s4_c1_rnetol_d256_p20,seed061,61,483,48300,100,16,110.98235621169657,117.09720392356445,110.88301829127467,False,max_epochs,2310.1681847572327
rl4crn_rne_oscillator_trace_8rxn_stop_risksched085to09_lr1e4_entropy005_s4_c1_rnetol_d256_p20,seed061,61,484,48400,100,16,110.99713802599034,118.22625009745758,110.88301829127467,False,max_epochs,2315.1886897087097
rl4crn_rne_oscillator_trace_8rxn_stop_risksched085to09_lr1e4_entropy005_s4_c1_rnetol_d256_p20,seed061,61,485,48500,100,16,112.07851338368235,118.46953413467068,110.88301829127467,False,max_epochs,2320.2582788467407
rl4crn_rne_oscillator_trace_8rxn_stop_risksched085to09_lr1e4_entropy005_s4_c1_rnetol_d256_p20,seed061,61,486,48600,100,16,111.96485899449152,117.82588976490837,110.88301829127467,False,max_epochs,2325.605471134186
rl4crn_rne_oscillator_trace_8rxn_stop_risksched085to09_lr1e4_entropy005_s4_c1_rnetol_d256_p20,seed061,61,487,48700,100,16,111.35466511616539,117.08237593574796,110.88301829127467,False,max_epochs,2330.379121541977
rl4crn_rne_oscillator_trace_8rxn_stop_risksched085to09_lr1e4_entropy005_s4_c1_rnetol_d256_p20,seed061,61,488,48800,100,16,111.32135575391875,116.79312727132154,110.88301829127467,False,max_epochs,2335.0841801166534
rl4crn_rne_oscillator_trace_8rxn_stop_risksched085to09_lr1e4_entropy005_s4_c1_rnetol_d256_p20,seed061,61,489,48900,100,16,111.59858478543069,115.13694151978581,110.88301829127467,False,max_epochs,2337.4471051692963
rl4crn_rne_oscillator_trace_8rxn_stop_risksched085to09_lr1e4_entropy005_s4_c1_rnetol_d256_p20,seed061,61,490,49000,100,16,111.16599675343383,116.1065430310538,110.88301829127467,False,max_epochs,2342.3363049030304
rl4crn_rne_oscillator_trace_8rxn_stop_risksched085to09_lr1e4_entropy005_s4_c1_rnetol_d256_p20,seed061,61,491,49100,100,16,111.1284059852042,115.59205493996112,110.88301829127467,False,max_epochs,2347.1651027202606
rl4crn_rne_oscillator_trace_8rxn_stop_risksched085to09_lr1e4_entropy005_s4_c1_rnetol_d256_p20,seed061,61,492,49200,100,16,111.20358364562325,118.84920139192292,110.88301829127467,False,max_epochs,2352.239208459854
rl4crn_rne_oscillator_trace_8rxn_stop_risksched085to09_lr1e4_entropy005_s4_c1_rnetol_d256_p20,seed061,61,493,49300,100,16,112.58358755923895,120.61118007651783,110.88301829127467,False,max_epochs,2357.5375497341156
rl4crn_rne_oscillator_trace_8rxn_stop_risksched085to09_lr1e4_entropy005_s4_c1_rnetol_d256_p20,seed061,61,494,49400,100,16,113.02025095203598,121.36789136498982,110.88301829127467,False,max_epochs,2363.089996099472
rl4crn_rne_oscillator_trace_8rxn_stop_risksched085to09_lr1e4_entropy005_s4_c1_rnetol_d256_p20,seed061,61,495,49500,100,16,111.34493055623447,121.36492569749099,110.88301829127467,False,max_epochs,2367.853832960129
rl4crn_rne_oscillator_trace_8rxn_stop_risksched085to09_lr1e4_entropy005_s4_c1_rnetol_d256_p20,seed061,61,496,49600,100,16,111.70611524238689,118.20755474280287,110.88301829127467,False,max_epochs,2372.6477947235107
rl4crn_rne_oscillator_trace_8rxn_stop_risksched085to09_lr1e4_entropy005_s4_c1_rnetol_d256_p20,seed061,61,497,49700,100,16,111.16072661183965,116.8807038126503,110.88301829127467,False,max_epochs,2377.5384759902954
rl4crn_rne_oscillator_trace_8rxn_stop_risksched085to09_lr1e4_entropy005_s4_c1_rnetol_d256_p20,seed061,61,498,49800,100,16,111.02065328987396,117.18424822894929,110.88301829127467,False,max_epochs,2379.7620120048523
rl4crn_rne_oscillator_trace_8rxn_stop_risksched085to09_lr1e4_entropy005_s4_c1_rnetol_d256_p20,seed061,61,499,49900,100,16,111.34732820023589,116.25599621802408,110.88301829127467,False,max_epochs,2384.4062266349792
rl4crn_rne_oscillator_trace_8rxn_stop_risksched085to09_lr1e4_entropy005_s4_c1_rnetol_d256_p20,seed061,61,500,50000,100,16,111.07903020631751,116.4368002675623,110.88301829127467,False,max_epochs,2389.372191429138
rl4crn_rne_oscillator_trace_8rxn_stop_risksched085to09_lr1e4_entropy005_s4_c1_rnetol_d256_p20,seed061,61,501,50100,100,16,111.06870591003155,116.44591289194398,110.88301829127467,False,max_epochs,2394.1807487010956
rl4crn_rne_oscillator_trace_8rxn_stop_risksched085to09_lr1e4_entropy005_s4_c1_rnetol_d256_p20,seed061,61,502,50200,100,16,111.16773255192243,117.98913958477704,110.88301829127467,False,max_epochs,2399.0079045295715
rl4crn_rne_oscillator_trace_8rxn_stop_risksched085to09_lr1e4_entropy005_s4_c1_rnetol_d256_p20,seed061,61,503,50300,100,16,111.88097399754069,117.7425983084168,110.88301829127467,False,max_epochs,2401.249536037445
rl4crn_rne_oscillator_trace_8rxn_stop_risksched085to09_lr1e4_entropy005_s4_c1_rnetol_d256_p20,seed061,61,504,50400,100,16,111.29134473428547,117.31687281749466,110.88301829127467,False,max_epochs,2406.000416278839
rl4crn_rne_oscillator_trace_8rxn_stop_risksched085to09_lr1e4_entropy005_s4_c1_rnetol_d256_p20,seed061,61,505,50500,100,16,111.71712391384942,115.80553670623398,110.88301829127467,False,max_epochs,2411.492358446121
rl4crn_rne_oscillator_trace_8rxn_stop_risksched085to09_lr1e4_entropy005_s4_c1_rnetol_d256_p20,seed061,61,506,50600,100,16,111.37080757514858,115.58719575043891,110.88301829127467,False,max_epochs,2416.7356910705566
rl4crn_rne_oscillator_trace_8rxn_stop_risksched085to09_lr1e4_entropy005_s4_c1_rnetol_d256_p20,seed061,61,507,50700,100,16,111.2465676904771,115.40126514609597,110.88301829127467,False,max_epochs,2421.8232421875
rl4crn_rne_oscillator_trace_8rxn_stop_risksched085to09_lr1e4_entropy005_s4_c1_rnetol_d256_p20,seed061,61,508,50800,100,16,111.00776416495547,116.45734444518021,110.88301829127467,False,max_epochs,2426.9390182495117
rl4crn_rne_oscillator_trace_8rxn_stop_risksched085to09_lr1e4_entropy005_s4_c1_rnetol_d256_p20,seed061,61,509,50900,100,16,111.05768460646291,116.34179811870774,110.88301829127467,False,max_epochs,2432.48007106781
rl4crn_rne_oscillator_trace_8rxn_stop_risksched085to09_lr1e4_entropy005_s4_c1_rnetol_d256_p20,seed061,61,510,51000,100,16,110.97140842118517,116.86840305251914,110.88301829127467,False,max_epochs,2437.326887845993
rl4crn_rne_oscillator_trace_8rxn_stop_risksched085to09_lr1e4_entropy005_s4_c1_rnetol_d256_p20,seed061,61,511,51100,100,16,111.18760962306787,116.06570596702274,110.88301829127467,False,max_epochs,2442.179059267044
rl4crn_rne_oscillator_trace_8rxn_stop_risksched085to09_lr1e4_entropy005_s4_c1_rnetol_d256_p20,seed061,61,512,51200,100,16,111.03919736325658,116.52380540336512,110.88301829127467,False,max_epochs,2446.9811244010925
rl4crn_rne_oscillator_trace_8rxn_stop_risksched085to09_lr1e4_entropy005_s4_c1_rnetol_d256_p20,seed061,61,513,51300,100,16,111.24966325528818,116.95480015148723,110.88301829127467,False,max_epochs,2449.656655073166
rl4crn_rne_oscillator_trace_8rxn_stop_risksched085to09_lr1e4_entropy005_s4_c1_rnetol_d256_p20,seed061,61,514,51400,100,16,110.93721167848943,115.69582822438238,110.88301829127467,False,max_epochs,2454.3093614578247
rl4crn_rne_oscillator_trace_8rxn_stop_risksched085to09_lr1e4_entropy005_s4_c1_rnetol_d256_p20,seed061,61,515,51500,100,16,111.62547350274885,116.83433628463735,110.88301829127467,False,max_epochs,2459.4714052677155
rl4crn_rne_oscillator_trace_8rxn_stop_risksched085to09_lr1e4_entropy005_s4_c1_rnetol_d256_p20,seed061,61,516,51600,100,16,111.74591764208213,115.52635700439248,110.88301829127467,False,max_epochs,2464.5503458976746
rl4crn_rne_oscillator_trace_8rxn_stop_risksched085to09_lr1e4_entropy005_s4_c1_rnetol_d256_p20,seed061,61,517,51700,100,16,111.66755358718036,115.92173707871743,110.88301829127467,False,max_epochs,2469.883830308914
rl4crn_rne_oscillator_trace_8rxn_stop_risksched085to09_lr1e4_entropy005_s4_c1_rnetol_d256_p20,seed061,61,518,51800,100,16,111.05265061552805,115.6045870697979,110.88301829127467,False,max_epochs,2474.857642173767
rl4crn_rne_oscillator_trace_8rxn_stop_risksched085to09_lr1e4_entropy005_s4_c1_rnetol_d256_p20,seed061,61,519,51900,100,16,112.00077870251947,120.03365237656327,110.88301829127467,False,max_epochs,2479.838517665863
rl4crn_rne_oscillator_trace_8rxn_stop_risksched085to09_lr1e4_entropy005_s4_c1_rnetol_d256_p20,seed061,61,520,52000,100,16,112.38893139318,118.2862321507124,110.88301829127467,False,max_epochs,2484.4718046188354
rl4crn_rne_oscillator_trace_8rxn_stop_risksched085to09_lr1e4_entropy005_s4_c1_rnetol_d256_p20,seed061,61,521,52100,100,16,111.9127946705669,120.63938005854538,110.88301829127467,False,max_epochs,2486.967583656311
rl4crn_rne_oscillator_trace_8rxn_stop_risksched085to09_lr1e4_entropy005_s4_c1_rnetol_d256_p20,seed061,61,522,52200,100,16,111.80381128170539,120.24141185122363,110.88301829127467,False,max_epochs,2491.8062040805817
rl4crn_rne_oscillator_trace_8rxn_stop_risksched085to09_lr1e4_entropy005_s4_c1_rnetol_d256_p20,seed061,61,523,52300,100,16,111.15891235976623,117.131551082484,110.88301829127467,False,max_epochs,2497.0230655670166
rl4crn_rne_oscillator_trace_8rxn_stop_risksched085to09_lr1e4_entropy005_s4_c1_rnetol_d256_p20,seed061,61,524,52400,100,16,111.35590148794438,115.75320456170117,110.88301829127467,False,max_epochs,2502.244465112686
rl4crn_rne_oscillator_trace_8rxn_stop_risksched085to09_lr1e4_entropy005_s4_c1_rnetol_d256_p20,seed061,61,525,52500,100,16,111.7122256498338,115.92153989284037,110.88301829127467,False,max_epochs,2507.8396520614624
rl4crn_rne_oscillator_trace_8rxn_stop_risksched085to09_lr1e4_entropy005_s4_c1_rnetol_d256_p20,seed061,61,526,52600,100,16,111.98825545064163,117.47908935454757,110.88301829127467,False,max_epochs,2512.8919706344604
rl4crn_rne_oscillator_trace_8rxn_stop_risksched085to09_lr1e4_entropy005_s4_c1_rnetol_d256_p20,seed061,61,527,52700,100,16,111.22433435075877,116.35375013762118,110.88301829127467,False,max_epochs,2518.1111505031586
rl4crn_rne_oscillator_trace_8rxn_stop_risksched085to09_lr1e4_entropy005_s4_c1_rnetol_d256_p20,seed061,61,528,52800,100,16,111.17773827316198,117.11094171178206,110.88301829127467,False,max_epochs,2523.167645931244
rl4crn_rne_oscillator_trace_8rxn_stop_risksched085to09_lr1e4_entropy005_s4_c1_rnetol_d256_p20,seed061,61,529,52900,100,16,111.41042022460508,118.64183513500168,110.88301829127467,False,max_epochs,2528.92121219635
rl4crn_rne_oscillator_trace_8rxn_stop_risksched085to09_lr1e4_entropy005_s4_c1_rnetol_d256_p20,seed061,61,530,53000,100,16,111.83616118056555,118.61494132564955,110.88301829127467,False,max_epochs,2534.104823112488
rl4crn_rne_oscillator_trace_8rxn_stop_risksched085to09_lr1e4_entropy005_s4_c1_rnetol_d256_p20,seed061,61,531,53100,100,16,111.36334480213002,117.56765796175294,110.88301829127467,False,max_epochs,2539.169638633728
rl4crn_rne_oscillator_trace_8rxn_stop_risksched085to09_lr1e4_entropy005_s4_c1_rnetol_d256_p20,seed061,61,532,53200,100,16,111.03189947061352,117.23488472764733,110.88301829127467,False,max_epochs,2544.3052105903625
rl4crn_rne_oscillator_trace_8rxn_stop_risksched085to09_lr1e4_entropy005_s4_c1_rnetol_d256_p20,seed061,61,533,53300,100,16,110.9824913013901,116.48688031323715,110.88301829127467,False,max_epochs,2549.883657693863
rl4crn_rne_oscillator_trace_8rxn_stop_risksched085to09_lr1e4_entropy005_s4_c1_rnetol_d256_p20,seed061,61,534,53400,100,16,111.26196931424491,117.17808120055494,110.88301829127467,False,max_epochs,2555.062164783478
rl4crn_rne_oscillator_trace_8rxn_stop_risksched085to09_lr1e4_entropy005_s4_c1_rnetol_d256_p20,seed061,61,535,53500,100,16,111.95980907726303,115.46992114886989,110.88301829127467,False,max_epochs,2560.1416404247284
rl4crn_rne_oscillator_trace_8rxn_stop_risksched085to09_lr1e4_entropy005_s4_c1_rnetol_d256_p20,seed061,61,536,53600,100,16,111.29944110520886,115.45415343524084,110.88301829127467,False,max_epochs,2565.172561645508
rl4crn_rne_oscillator_trace_8rxn_stop_risksched085to09_lr1e4_entropy005_s4_c1_rnetol_d256_p20,seed061,61,537,53700,100,16,111.10061758509687,116.50794581307467,110.88301829127467,False,max_epochs,2570.621557235718
rl4crn_rne_oscillator_trace_8rxn_stop_risksched085to09_lr1e4_entropy005_s4_c1_rnetol_d256_p20,seed061,61,538,53800,100,16,112.33875700246776,118.68667019650525,110.88301829127467,False,max_epochs,2575.7296872138977
rl4crn_rne_oscillator_trace_8rxn_stop_risksched085to09_lr1e4_entropy005_s4_c1_rnetol_d256_p20,seed061,61,539,53900,100,16,112.33825076846544,120.77764259158806,110.88301829127467,False,max_epochs,2580.8349647521973
rl4crn_rne_oscillator_trace_8rxn_stop_risksched085to09_lr1e4_entropy005_s4_c1_rnetol_d256_p20,seed061,61,540,54000,100,16,112.21039864455382,120.6084198469917,110.88301829127467,False,max_epochs,2585.5356361865997
rl4crn_rne_oscillator_trace_8rxn_stop_risksched085to09_lr1e4_entropy005_s4_c1_rnetol_d256_p20,seed061,61,541,54100,100,16,111.1136124322624,120.00709840669008,110.88301829127467,False,max_epochs,2590.429893732071
rl4crn_rne_oscillator_trace_8rxn_stop_risksched085to09_lr1e4_entropy005_s4_c1_rnetol_d256_p20,seed061,61,542,54200,100,16,111.1597149939147,117.38751345247319,110.88301829127467,False,max_epochs,2593.709589242935
rl4crn_rne_oscillator_trace_8rxn_stop_risksched085to09_lr1e4_entropy005_s4_c1_rnetol_d256_p20,seed061,61,543,54300,100,16,111.4848137572297,115.59014407620931,110.88301829127467,False,max_epochs,2597.2164380550385
rl4crn_rne_oscillator_trace_8rxn_stop_risksched085to09_lr1e4_entropy005_s4_c1_rnetol_d256_p20,seed061,61,544,54400,100,16,111.28989011453095,115.25734015680963,110.88301829127467,False,max_epochs,2602.11714053154
rl4crn_rne_oscillator_trace_8rxn_stop_risksched085to09_lr1e4_entropy005_s4_c1_rnetol_d256_p20,seed061,61,545,54500,100,16,111.38277862931075,114.63287982934287,110.88301829127467,False,max_epochs,2607.7215201854706
rl4crn_rne_oscillator_trace_8rxn_stop_risksched085to09_lr1e4_entropy005_s4_c1_rnetol_d256_p20,seed061,61,546,54600,100,16,111.21856005678815,115.24346083683919,110.88301829127467,False,max_epochs,2612.8547599315643
rl4crn_rne_oscillator_trace_8rxn_stop_risksched085to09_lr1e4_entropy005_s4_c1_rnetol_d256_p20,seed061,61,547,54700,100,16,111.19102820700876,116.83498753224703,110.88301829127467,False,max_epochs,2617.9566740989685
rl4crn_rne_oscillator_trace_8rxn_stop_risksched085to09_lr1e4_entropy005_s4_c1_rnetol_d256_p20,seed061,61,548,54800,100,16,111.12791201430433,117.95875560435357,110.88301829127467,False,max_epochs,2623.1449069976807
rl4crn_rne_oscillator_trace_8rxn_stop_risksched085to09_lr1e4_entropy005_s4_c1_rnetol_d256_p20,seed061,61,549,54900,100,16,111.13432598851092,118.2169067699859,110.88301829127467,False,max_epochs,2628.826070547104
rl4crn_rne_oscillator_trace_8rxn_stop_risksched085to09_lr1e4_entropy005_s4_c1_rnetol_d256_p20,seed061,61,550,55000,100,16,111.4065753512909,118.49190784982738,110.88301829127467,False,max_epochs,2633.784961462021
rl4crn_rne_oscillator_trace_8rxn_stop_risksched085to09_lr1e4_entropy005_s4_c1_rnetol_d256_p20,seed061,61,551,55100,100,16,111.03297844639657,116.40339669469734,110.88301829127467,False,max_epochs,2638.3546929359436
rl4crn_rne_oscillator_trace_8rxn_stop_risksched085to09_lr1e4_entropy005_s4_c1_rnetol_d256_p20,seed061,61,552,55200,100,16,111.45938757897629,116.57000632296266,110.88301829127467,False,max_epochs,2643.2752597332
rl4crn_rne_oscillator_trace_8rxn_stop_risksched085to09_lr1e4_entropy005_s4_c1_rnetol_d256_p20,seed061,61,553,55300,100,16,111.14800949087038,115.95786202300903,110.88301829127467,False,max_epochs,2645.6737928390503
rl4crn_rne_oscillator_trace_8rxn_stop_risksched085to09_lr1e4_entropy005_s4_c1_rnetol_d256_p20,seed061,61,554,55400,100,16,111.27232528538528,116.31587440146528,110.88301829127467,False,max_epochs,2650.0905261039734
rl4crn_rne_oscillator_trace_8rxn_stop_risksched085to09_lr1e4_entropy005_s4_c1_rnetol_d256_p20,seed061,61,555,55500,100,16,111.17389558014781,116.78493232426021,110.88301829127467,False,max_epochs,2655.3014533519745
rl4crn_rne_oscillator_trace_8rxn_stop_risksched085to09_lr1e4_entropy005_s4_c1_rnetol_d256_p20,seed061,61,556,55600,100,16,111.0093008713477,115.76463758639422,110.88301829127467,False,max_epochs,2660.3231112957
rl4crn_rne_oscillator_trace_8rxn_stop_risksched085to09_lr1e4_entropy005_s4_c1_rnetol_d256_p20,seed061,61,557,55700,100,16,110.81247029672731,116.16415238081107,110.81247029672731,False,max_epochs,2666.099949359894
rl4crn_rne_oscillator_trace_8rxn_stop_risksched085to09_lr1e4_entropy005_s4_c1_rnetol_d256_p20,seed061,61,558,55800,100,16,111.32843980235393,117.52501901194407,110.81247029672731,False,max_epochs,2671.147243499756
rl4crn_rne_oscillator_trace_8rxn_stop_risksched085to09_lr1e4_entropy005_s4_c1_rnetol_d256_p20,seed061,61,559,55900,100,16,111.59243339220994,118.2098596574763,110.81247029672731,False,max_epochs,2676.586817264557
rl4crn_rne_oscillator_trace_8rxn_stop_risksched085to09_lr1e4_entropy005_s4_c1_rnetol_d256_p20,seed061,61,560,56000,100,16,110.86247665957818,116.03076399538305,110.81247029672731,False,max_epochs,2681.6102776527405
rl4crn_rne_oscillator_trace_8rxn_stop_risksched085to09_lr1e4_entropy005_s4_c1_rnetol_d256_p20,seed061,61,561,56100,100,16,111.1840920747839,115.43720941436547,110.81247029672731,False,max_epochs,2686.88299369812
rl4crn_rne_oscillator_trace_8rxn_stop_risksched085to09_lr1e4_entropy005_s4_c1_rnetol_d256_p20,seed061,61,562,56200,100,16,111.35591889816706,116.02155481552279,110.81247029672731,False,max_epochs,2691.745302915573
rl4crn_rne_oscillator_trace_8rxn_stop_risksched085to09_lr1e4_entropy005_s4_c1_rnetol_d256_p20,seed061,61,563,56300,100,16,111.16105188970536,114.89212992188251,110.81247029672731,False,max_epochs,2696.3096117973328
rl4crn_rne_oscillator_trace_8rxn_stop_risksched085to09_lr1e4_entropy005_s4_c1_rnetol_d256_p20,seed061,61,564,56400,100,16,110.90814075808274,115.75430078799661,110.81247029672731,False,max_epochs,2699.7769351005554
rl4crn_rne_oscillator_trace_8rxn_stop_risksched085to09_lr1e4_entropy005_s4_c1_rnetol_d256_p20,seed061,61,565,56500,100,16,111.51681274456622,115.92077087701102,110.81247029672731,False,max_epochs,2703.293601512909
rl4crn_rne_oscillator_trace_8rxn_stop_risksched085to09_lr1e4_entropy005_s4_c1_rnetol_d256_p20,seed061,61,566,56600,100,16,110.93753110406197,116.75065098253663,110.81247029672731,False,max_epochs,2708.4369266033173
rl4crn_rne_oscillator_trace_8rxn_stop_risksched085to09_lr1e4_entropy005_s4_c1_rnetol_d256_p20,seed061,61,567,56700,100,16,111.46987946882075,116.35985366439176,110.81247029672731,False,max_epochs,2713.6574313640594
rl4crn_rne_oscillator_trace_8rxn_stop_risksched085to09_lr1e4_entropy005_s4_c1_rnetol_d256_p20,seed061,61,568,56800,100,16,111.13445096113051,116.15523583856145,110.81247029672731,False,max_epochs,2718.5829632282257
rl4crn_rne_oscillator_trace_8rxn_stop_risksched085to09_lr1e4_entropy005_s4_c1_rnetol_d256_p20,seed061,61,569,56900,100,16,110.89303862625606,115.638469796886,110.81247029672731,False,max_epochs,2723.5913639068604
rl4crn_rne_oscillator_trace_8rxn_stop_risksched085to09_lr1e4_entropy005_s4_c1_rnetol_d256_p20,seed061,61,570,57000,100,16,111.37173583920448,114.7805489425374,110.81247029672731,False,max_epochs,2728.6274156570435
rl4crn_rne_oscillator_trace_8rxn_stop_risksched085to09_lr1e4_entropy005_s4_c1_rnetol_d256_p20,seed061,61,571,57100,100,16,111.32946593779377,115.83054950987676,110.81247029672731,False,max_epochs,2734.036631345749
rl4crn_rne_oscillator_trace_8rxn_stop_risksched085to09_lr1e4_entropy005_s4_c1_rnetol_d256_p20,seed061,61,572,57200,100,16,111.22567523832807,116.24184898041455,110.81247029672731,False,max_epochs,2739.0883836746216
rl4crn_rne_oscillator_trace_8rxn_stop_risksched085to09_lr1e4_entropy005_s4_c1_rnetol_d256_p20,seed061,61,573,57300,100,16,110.98800949176093,116.31577988303275,110.81247029672731,False,max_epochs,2743.6515860557556
rl4crn_rne_oscillator_trace_8rxn_stop_risksched085to09_lr1e4_entropy005_s4_c1_rnetol_d256_p20,seed061,61,574,57400,100,16,111.53510292826255,116.62046009880444,110.81247029672731,False,max_epochs,2748.30046582222
rl4crn_rne_oscillator_trace_8rxn_stop_risksched085to09_lr1e4_entropy005_s4_c1_rnetol_d256_p20,seed061,61,575,57500,100,16,111.03592489808601,116.44434851464094,110.81247029672731,False,max_epochs,2750.9495692253113
rl4crn_rne_oscillator_trace_8rxn_stop_risksched085to09_lr1e4_entropy005_s4_c1_rnetol_d256_p20,seed061,61,576,57600,100,16,111.11263612044247,117.55169247648635,110.81247029672731,False,max_epochs,2755.9441242218018
rl4crn_rne_oscillator_trace_8rxn_stop_risksched085to09_lr1e4_entropy005_s4_c1_rnetol_d256_p20,seed061,61,577,57700,100,16,111.05532499740396,117.44653253773433,110.81247029672731,False,max_epochs,2761.042477607727
rl4crn_rne_oscillator_trace_8rxn_stop_risksched085to09_lr1e4_entropy005_s4_c1_rnetol_d256_p20,seed061,61,578,57800,100,16,111.09561779787725,116.84713603985091,110.81247029672731,False,max_epochs,2766.5449764728546
rl4crn_rne_oscillator_trace_8rxn_stop_risksched085to09_lr1e4_entropy005_s4_c1_rnetol_d256_p20,seed061,61,579,57900,100,16,111.17177199584833,116.45673800913033,110.81247029672731,False,max_epochs,2772.1912970542908
rl4crn_rne_oscillator_trace_8rxn_stop_risksched085to09_lr1e4_entropy005_s4_c1_rnetol_d256_p20,seed061,61,580,58000,100,16,110.88814929753461,116.08890802819269,110.81247029672731,False,max_epochs,2777.2993111610413
rl4crn_rne_oscillator_trace_8rxn_stop_risksched085to09_lr1e4_entropy005_s4_c1_rnetol_d256_p20,seed061,61,581,58100,100,16,111.44550978400908,115.19472172370828,110.81247029672731,False,max_epochs,2782.582609653473
rl4crn_rne_oscillator_trace_8rxn_stop_risksched085to09_lr1e4_entropy005_s4_c1_rnetol_d256_p20,seed061,61,582,58200,100,16,112.01242896157261,116.30746443368449,110.81247029672731,False,max_epochs,2787.7824602127075
rl4crn_rne_oscillator_trace_8rxn_stop_risksched085to09_lr1e4_entropy005_s4_c1_rnetol_d256_p20,seed061,61,583,58300,100,16,111.69205005348742,114.98525883704845,110.81247029672731,False,max_epochs,2792.9866247177124
rl4crn_rne_oscillator_trace_8rxn_stop_risksched085to09_lr1e4_entropy005_s4_c1_rnetol_d256_p20,seed061,61,584,58400,100,16,111.36939877332415,115.62123528819865,110.81247029672731,False,max_epochs,2798.244464159012
rl4crn_rne_oscillator_trace_8rxn_stop_risksched085to09_lr1e4_entropy005_s4_c1_rnetol_d256_p20,seed061,61,585,58500,100,16,111.10967760990614,116.7300140069535,110.81247029672731,False,max_epochs,2802.7716500759125
rl4crn_rne_oscillator_trace_8rxn_stop_risksched085to09_lr1e4_entropy005_s4_c1_rnetol_d256_p20,seed061,61,586,58600,100,16,110.92221049541463,118.19307352011151,110.81247029672731,False,max_epochs,2807.6388671398163
rl4crn_rne_oscillator_trace_8rxn_stop_risksched085to09_lr1e4_entropy005_s4_c1_rnetol_d256_p20,seed061,61,587,58700,100,16,111.75898744572682,117.43719990054925,110.81247029672731,False,max_epochs,2809.7325818538666
rl4crn_rne_oscillator_trace_8rxn_stop_risksched085to09_lr1e4_entropy005_s4_c1_rnetol_d256_p20,seed061,61,588,58800,100,16,110.93954629111748,115.72262510809347,110.81247029672731,False,max_epochs,2814.211646795273
rl4crn_rne_oscillator_trace_8rxn_stop_risksched085to09_lr1e4_entropy005_s4_c1_rnetol_d256_p20,seed061,61,589,58900,100,16,111.2190788229063,116.28047344667701,110.81247029672731,False,max_epochs,2819.597722530365
rl4crn_rne_oscillator_trace_8rxn_stop_risksched085to09_lr1e4_entropy005_s4_c1_rnetol_d256_p20,seed061,61,590,59000,100,16,111.26041253955722,116.12026408534231,110.81247029672731,False,max_epochs,2824.6012268066406
rl4crn_rne_oscillator_trace_8rxn_stop_risksched085to09_lr1e4_entropy005_s4_c1_rnetol_d256_p20,seed061,61,591,59100,100,16,110.9922735929783,117.04271399569662,110.81247029672731,False,max_epochs,2829.5664813518524
rl4crn_rne_oscillator_trace_8rxn_stop_risksched085to09_lr1e4_entropy005_s4_c1_rnetol_d256_p20,seed061,61,592,59200,100,16,111.2131629401063,117.29558121159458,110.81247029672731,False,max_epochs,2834.4047343730927
rl4crn_rne_oscillator_trace_8rxn_stop_risksched085to09_lr1e4_entropy005_s4_c1_rnetol_d256_p20,seed061,61,593,59300,100,16,111.8229766593707,117.4937952574409,110.81247029672731,False,max_epochs,2839.3344185352325
rl4crn_rne_oscillator_trace_8rxn_stop_risksched085to09_lr1e4_entropy005_s4_c1_rnetol_d256_p20,seed061,61,594,59400,100,16,111.30842878086315,116.87835931125872,110.81247029672731,False,max_epochs,2841.9465942382812
rl4crn_rne_oscillator_trace_8rxn_stop_risksched085to09_lr1e4_entropy005_s4_c1_rnetol_d256_p20,seed061,61,595,59500,100,16,111.29441525102264,115.10907454662001,110.81247029672731,False,max_epochs,2846.138765335083
rl4crn_rne_oscillator_trace_8rxn_stop_risksched085to09_lr1e4_entropy005_s4_c1_rnetol_d256_p20,seed061,61,596,59600,100,16,111.16478796183216,116.19403386543753,110.81247029672731,False,max_epochs,2851.453516483307
rl4crn_rne_oscillator_trace_8rxn_stop_risksched085to09_lr1e4_entropy005_s4_c1_rnetol_d256_p20,seed061,61,597,59700,100,16,111.3152436075339,115.91893900910434,110.81247029672731,False,max_epochs,2857.028463602066
rl4crn_rne_oscillator_trace_8rxn_stop_risksched085to09_lr1e4_entropy005_s4_c1_rnetol_d256_p20,seed061,61,598,59800,100,16,111.0525152865943,116.51056577626989,110.81247029672731,False,max_epochs,2862.167065858841
rl4crn_rne_oscillator_trace_8rxn_stop_risksched085to09_lr1e4_entropy005_s4_c1_rnetol_d256_p20,seed061,61,599,59900,100,16,111.41314968619672,117.35686053831711,110.81247029672731,False,max_epochs,2867.2701070308685
rl4crn_rne_oscillator_trace_8rxn_stop_risksched085to09_lr1e4_entropy005_s4_c1_rnetol_d256_p20,seed061,61,600,60000,100,16,111.8964425356363,117.52637247554165,110.81247029672731,False,max_epochs,2872.467410326004
rl4crn_rne_oscillator_trace_8rxn_stop_risksched085to09_lr1e4_entropy005_s4_c1_rnetol_d256_p20,seed061,61,601,60100,100,16,111.64671846246404,116.48794611789717,110.81247029672731,False,max_epochs,2878.283284664154
rl4crn_rne_oscillator_trace_8rxn_stop_risksched085to09_lr1e4_entropy005_s4_c1_rnetol_d256_p20,seed061,61,602,60200,100,16,110.97032875284688,116.3867367231781,110.81247029672731,False,max_epochs,2883.161029815674
rl4crn_rne_oscillator_trace_8rxn_stop_risksched085to09_lr1e4_entropy005_s4_c1_rnetol_d256_p20,seed061,61,603,60300,100,16,110.8942582789075,116.07202548058353,110.81247029672731,False,max_epochs,2887.863641500473
rl4crn_rne_oscillator_trace_8rxn_stop_risksched085to09_lr1e4_entropy005_s4_c1_rnetol_d256_p20,seed061,61,604,60400,100,16,111.00339956718479,117.59349707293018,110.81247029672731,False,max_epochs,2892.6138484477997
rl4crn_rne_oscillator_trace_8rxn_stop_risksched085to09_lr1e4_entropy005_s4_c1_rnetol_d256_p20,seed061,61,605,60500,100,16,111.04146046869073,116.42438054134408,110.81247029672731,False,max_epochs,2897.5935049057007
rl4crn_rne_oscillator_trace_8rxn_stop_risksched085to09_lr1e4_entropy005_s4_c1_rnetol_d256_p20,seed061,61,606,60600,100,16,110.88838820296077,116.69697000808031,110.81247029672731,False,max_epochs,2899.644015789032
rl4crn_rne_oscillator_trace_8rxn_stop_risksched085to09_lr1e4_entropy005_s4_c1_rnetol_d256_p20,seed061,61,607,60700,100,16,110.88459674059536,117.76438006214472,110.81247029672731,False,max_epochs,2904.301666736603
rl4crn_rne_oscillator_trace_8rxn_stop_risksched085to09_lr1e4_entropy005_s4_c1_rnetol_d256_p20,seed061,61,608,60800,100,16,110.98376319676791,116.37840366176283,110.81247029672731,False,max_epochs,2909.3916597366333
rl4crn_rne_oscillator_trace_8rxn_stop_risksched085to09_lr1e4_entropy005_s4_c1_rnetol_d256_p20,seed061,61,609,60900,100,16,110.93393218350504,116.94896411955503,110.81247029672731,False,max_epochs,2915.090444803238
rl4crn_rne_oscillator_trace_8rxn_stop_risksched085to09_lr1e4_entropy005_s4_c1_rnetol_d256_p20,seed061,61,610,61000,100,16,110.9959870698328,118.28769434502908,110.81247029672731,False,max_epochs,2920.1565630435944
rl4crn_rne_oscillator_trace_8rxn_stop_risksched085to09_lr1e4_entropy005_s4_c1_rnetol_d256_p20,seed061,61,611,61100,100,16,110.99670637153402,118.21830583963367,110.81247029672731,False,max_epochs,2925.0323815345764
rl4crn_rne_oscillator_trace_8rxn_stop_risksched085to09_lr1e4_entropy005_s4_c1_rnetol_d256_p20,seed061,61,612,61200,100,16,111.10558156029602,116.35467984429503,110.81247029672731,False,max_epochs,2930.258551597595
rl4crn_rne_oscillator_trace_8rxn_stop_risksched085to09_lr1e4_entropy005_s4_c1_rnetol_d256_p20,seed061,61,613,61300,100,16,111.70003168618916,115.1522067365469,110.81247029672731,False,max_epochs,2935.981714487076
rl4crn_rne_oscillator_trace_8rxn_stop_risksched085to09_lr1e4_entropy005_s4_c1_rnetol_d256_p20,seed061,61,614,61400,100,16,112.05971938041014,115.05719129816144,110.81247029672731,False,max_epochs,2940.894991874695
rl4crn_rne_oscillator_trace_8rxn_stop_risksched085to09_lr1e4_entropy005_s4_c1_rnetol_d256_p20,seed061,61,615,61500,100,16,111.8581421105494,116.08812032924348,110.81247029672731,False,max_epochs,2945.63139796257
rl4crn_rne_oscillator_trace_8rxn_stop_risksched085to09_lr1e4_entropy005_s4_c1_rnetol_d256_p20,seed061,61,616,61600,100,16,111.86482704859003,115.68135136359771,110.81247029672731,False,max_epochs,2950.5578768253326
rl4crn_rne_oscillator_trace_8rxn_stop_risksched085to09_lr1e4_entropy005_s4_c1_rnetol_d256_p20,seed061,61,617,61700,100,16,111.28661233620619,115.78325253397868,110.81247029672731,False,max_epochs,2953.0406687259674
rl4crn_rne_oscillator_trace_8rxn_stop_risksched085to09_lr1e4_entropy005_s4_c1_rnetol_d256_p20,seed061,61,618,61800,100,16,111.16335230077102,116.24337731076129,110.81247029672731,False,max_epochs,2957.5554444789886
rl4crn_rne_oscillator_trace_8rxn_stop_risksched085to09_lr1e4_entropy005_s4_c1_rnetol_d256_p20,seed061,61,619,61900,100,16,111.284238175107,116.20037220644585,110.81247029672731,False,max_epochs,2962.6437582969666
rl4crn_rne_oscillator_trace_8rxn_stop_risksched085to09_lr1e4_entropy005_s4_c1_rnetol_d256_p20,seed061,61,620,62000,100,16,111.18903024733201,117.57750748480935,110.81247029672731,False,max_epochs,2967.851172685623
rl4crn_rne_oscillator_trace_8rxn_stop_risksched085to09_lr1e4_entropy005_s4_c1_rnetol_d256_p20,seed061,61,621,62100,100,16,111.2526822615017,116.99628616955044,110.81247029672731,False,max_epochs,2973.616197824478
rl4crn_rne_oscillator_trace_8rxn_stop_risksched085to09_lr1e4_entropy005_s4_c1_rnetol_d256_p20,seed061,61,622,62200,100,16,111.06641725300209,116.88414719161781,110.81247029672731,False,max_epochs,2978.780071735382
rl4crn_rne_oscillator_trace_8rxn_stop_risksched085to09_lr1e4_entropy005_s4_c1_rnetol_d256_p20,seed061,61,623,62300,100,16,111.00156806751592,117.41567425069704,110.81247029672731,False,max_epochs,2983.8696122169495
rl4crn_rne_oscillator_trace_8rxn_stop_risksched085to09_lr1e4_entropy005_s4_c1_rnetol_d256_p20,seed061,61,624,62400,100,16,111.23390656406204,116.30699345238716,110.81247029672731,False,max_epochs,2988.878606557846
rl4crn_rne_oscillator_trace_8rxn_stop_risksched085to09_lr1e4_entropy005_s4_c1_rnetol_d256_p20,seed061,61,625,62500,100,16,111.44796262729653,116.37040489333552,110.81247029672731,False,max_epochs,2993.9652881622314
rl4crn_rne_oscillator_trace_8rxn_stop_risksched085to09_lr1e4_entropy005_s4_c1_rnetol_d256_p20,seed061,61,626,62600,100,16,111.51417940640246,116.81381930133496,110.81247029672731,False,max_epochs,2998.562846660614
rl4crn_rne_oscillator_trace_8rxn_stop_risksched085to09_lr1e4_entropy005_s4_c1_rnetol_d256_p20,seed061,61,627,62700,100,16,111.0457610809978,116.38382547405732,110.81247029672731,False,max_epochs,3000.8856654167175
rl4crn_rne_oscillator_trace_8rxn_stop_risksched085to09_lr1e4_entropy005_s4_c1_rnetol_d256_p20,seed061,61,628,62800,100,16,111.05391912630431,118.37632117529256,110.81247029672731,False,max_epochs,3005.761412858963
rl4crn_rne_oscillator_trace_8rxn_stop_risksched085to09_lr1e4_entropy005_s4_c1_rnetol_d256_p20,seed061,61,629,62900,100,16,111.17308789655316,117.04668769673785,110.81247029672731,False,max_epochs,3011.3429141044617
rl4crn_rne_oscillator_trace_8rxn_stop_risksched085to09_lr1e4_entropy005_s4_c1_rnetol_d256_p20,seed061,61,630,63000,100,16,111.16689845284122,117.11228272107755,110.81247029672731,False,max_epochs,3016.564388990402
rl4crn_rne_oscillator_trace_8rxn_stop_risksched085to09_lr1e4_entropy005_s4_c1_rnetol_d256_p20,seed061,61,631,63100,100,16,111.10066243641629,118.2807038544189,110.81247029672731,False,max_epochs,3021.6402773857117
rl4crn_rne_oscillator_trace_8rxn_stop_risksched085to09_lr1e4_entropy005_s4_c1_rnetol_d256_p20,seed061,61,632,63200,100,16,110.99427090047055,117.04337085789311,110.81247029672731,False,max_epochs,3026.53577542305
rl4crn_rne_oscillator_trace_8rxn_stop_risksched085to09_lr1e4_entropy005_s4_c1_rnetol_d256_p20,seed061,61,633,63300,100,16,111.06515979417037,116.97111040498982,110.81247029672731,False,max_epochs,3032.139710187912
rl4crn_rne_oscillator_trace_8rxn_stop_risksched085to09_lr1e4_entropy005_s4_c1_rnetol_d256_p20,seed061,61,634,63400,100,16,111.21355583717391,115.10639742995468,110.81247029672731,False,max_epochs,3037.3998551368713
rl4crn_rne_oscillator_trace_8rxn_stop_risksched085to09_lr1e4_entropy005_s4_c1_rnetol_d256_p20,seed061,61,635,63500,100,16,111.64536977337286,116.01093287035303,110.81247029672731,False,max_epochs,3042.7482550144196
rl4crn_rne_oscillator_trace_8rxn_stop_risksched085to09_lr1e4_entropy005_s4_c1_rnetol_d256_p20,seed061,61,636,63600,100,16,111.50749019750442,116.16136295784756,110.81247029672731,False,max_epochs,3047.8894906044006
rl4crn_rne_oscillator_trace_8rxn_stop_risksched085to09_lr1e4_entropy005_s4_c1_rnetol_d256_p20,seed061,61,637,63700,100,16,111.19529299493215,117.44319470373718,110.81247029672731,False,max_epochs,3052.587764978409
rl4crn_rne_oscillator_trace_8rxn_stop_risksched085to09_lr1e4_entropy005_s4_c1_rnetol_d256_p20,seed061,61,638,63800,100,16,111.20474908151824,116.76638105925008,110.81247029672731,False,max_epochs,3057.5762841701508
rl4crn_rne_oscillator_trace_8rxn_stop_risksched085to09_lr1e4_entropy005_s4_c1_rnetol_d256_p20,seed061,61,639,63900,100,16,111.26350595217276,117.28545680713351,110.81247029672731,False,max_epochs,3059.7384984493256
rl4crn_rne_oscillator_trace_8rxn_stop_risksched085to09_lr1e4_entropy005_s4_c1_rnetol_d256_p20,seed061,61,640,64000,100,16,112.07440193281691,121.00084156739297,110.81247029672731,False,max_epochs,3064.27392911911
rl4crn_rne_oscillator_trace_8rxn_stop_risksched085to09_lr1e4_entropy005_s4_c1_rnetol_d256_p20,seed061,61,641,64100,100,16,111.397810833705,116.44011664195438,110.81247029672731,False,max_epochs,3069.3050179481506
rl4crn_rne_oscillator_trace_8rxn_stop_risksched085to09_lr1e4_entropy005_s4_c1_rnetol_d256_p20,seed061,61,642,64200,100,16,111.0588037584464,117.4289835545955,110.81247029672731,False,max_epochs,3074.7686433792114
rl4crn_rne_oscillator_trace_8rxn_stop_risksched085to09_lr1e4_entropy005_s4_c1_rnetol_d256_p20,seed061,61,643,64300,100,16,111.05948597197857,115.85560285425404,110.81247029672731,False,max_epochs,3079.9265739917755
rl4crn_rne_oscillator_trace_8rxn_stop_risksched085to09_lr1e4_entropy005_s4_c1_rnetol_d256_p20,seed061,61,644,64400,100,16,111.41695906868692,116.81742789369389,110.81247029672731,False,max_epochs,3085.485390663147
rl4crn_rne_oscillator_trace_8rxn_stop_risksched085to09_lr1e4_entropy005_s4_c1_rnetol_d256_p20,seed061,61,645,64500,100,16,111.19351265153205,116.31779028913043,110.81247029672731,False,max_epochs,3090.644544839859
rl4crn_rne_oscillator_trace_8rxn_stop_risksched085to09_lr1e4_entropy005_s4_c1_rnetol_d256_p20,seed061,61,646,64600,100,16,111.07451020122168,116.16983815458285,110.81247029672731,False,max_epochs,3096.4221844673157
rl4crn_rne_oscillator_trace_8rxn_stop_risksched085to09_lr1e4_entropy005_s4_c1_rnetol_d256_p20,seed061,61,647,64700,100,16,111.36987659511546,117.13985386858738,110.81247029672731,False,max_epochs,3101.374092102051
rl4crn_rne_oscillator_trace_8rxn_stop_risksched085to09_lr1e4_entropy005_s4_c1_rnetol_d256_p20,seed061,61,648,64800,100,16,111.41682755661861,117.23171351016964,110.81247029672731,False,max_epochs,3107.1248207092285
rl4crn_rne_oscillator_trace_8rxn_stop_risksched085to09_lr1e4_entropy005_s4_c1_rnetol_d256_p20,seed061,61,649,64900,100,16,111.63198062044349,117.80873140434302,110.81247029672731,False,max_epochs,3112.110022544861
rl4crn_rne_oscillator_trace_8rxn_stop_risksched085to09_lr1e4_entropy005_s4_c1_rnetol_d256_p20,seed061,61,650,65000,100,16,111.24724886517416,116.84771741245393,110.81247029672731,False,max_epochs,3116.931221961975
rl4crn_rne_oscillator_trace_8rxn_stop_risksched085to09_lr1e4_entropy005_s4_c1_rnetol_d256_p20,seed061,61,651,65100,100,16,111.20058647102181,116.26883070457073,110.81247029672731,False,max_epochs,3121.91654586792
rl4crn_rne_oscillator_trace_8rxn_stop_risksched085to09_lr1e4_entropy005_s4_c1_rnetol_d256_p20,seed061,61,652,65200,100,16,111.25352307582858,117.60013286516953,110.81247029672731,False,max_epochs,3126.7432606220245
rl4crn_rne_oscillator_trace_8rxn_stop_risksched085to09_lr1e4_entropy005_s4_c1_rnetol_d256_p20,seed061,61,653,65300,100,16,111.04673051312156,116.49503068288843,110.81247029672731,False,max_epochs,3131.2856645584106
rl4crn_rne_oscillator_trace_8rxn_stop_risksched085to09_lr1e4_entropy005_s4_c1_rnetol_d256_p20,seed061,61,654,65400,100,16,110.96904637695894,116.8707136227768,110.81247029672731,False,max_epochs,3133.57684469223
rl4crn_rne_oscillator_trace_8rxn_stop_risksched085to09_lr1e4_entropy005_s4_c1_rnetol_d256_p20,seed061,61,655,65500,100,16,111.5448617369114,118.81848001232503,110.81247029672731,False,max_epochs,3138.3193323612213
rl4crn_rne_oscillator_trace_8rxn_stop_risksched085to09_lr1e4_entropy005_s4_c1_rnetol_d256_p20,seed061,61,656,65600,100,16,112.22662049719948,117.68288519249299,110.81247029672731,False,max_epochs,3143.248505592346
rl4crn_rne_oscillator_trace_8rxn_stop_risksched085to09_lr1e4_entropy005_s4_c1_rnetol_d256_p20,seed061,61,657,65700,100,16,111.72320125006438,117.12762564554427,110.81247029672731,False,max_epochs,3148.3603920936584
rl4crn_rne_oscillator_trace_8rxn_stop_risksched085to09_lr1e4_entropy005_s4_c1_rnetol_d256_p20,seed061,61,658,65800,100,16,110.84197708108303,117.26792689552995,110.81247029672731,False,max_epochs,3153.6658062934875
rl4crn_rne_oscillator_trace_8rxn_stop_risksched085to09_lr1e4_entropy005_s4_c1_rnetol_d256_p20,seed061,61,659,65900,100,16,111.38228305260995,116.27137095164598,110.81247029672731,False,max_epochs,3158.629802465439
rl4crn_rne_oscillator_trace_8rxn_stop_risksched085to09_lr1e4_entropy005_s4_c1_rnetol_d256_p20,seed061,61,660,66000,100,16,111.38524153105013,116.03526099834306,110.81247029672731,False,max_epochs,3163.163548707962
rl4crn_rne_oscillator_trace_8rxn_stop_risksched085to09_lr1e4_entropy005_s4_c1_rnetol_d256_p20,seed061,61,661,66100,100,16,111.61683357148634,115.61457050684021,110.81247029672731,False,max_epochs,3167.9768438339233
rl4crn_rne_oscillator_trace_8rxn_stop_risksched085to09_lr1e4_entropy005_s4_c1_rnetol_d256_p20,seed061,61,662,66200,100,16,111.46108924951164,117.46302007603683,110.81247029672731,False,max_epochs,3170.1448452472687
rl4crn_rne_oscillator_trace_8rxn_stop_risksched085to09_lr1e4_entropy005_s4_c1_rnetol_d256_p20,seed061,61,663,66300,100,16,110.84399301510636,116.89767511265539,110.81247029672731,False,max_epochs,3174.986000776291
rl4crn_rne_oscillator_trace_8rxn_stop_risksched085to09_lr1e4_entropy005_s4_c1_rnetol_d256_p20,seed061,61,664,66400,100,16,111.20548013530114,117.89184445623843,110.81247029672731,False,max_epochs,3179.7301893234253
rl4crn_rne_oscillator_trace_8rxn_stop_risksched085to09_lr1e4_entropy005_s4_c1_rnetol_d256_p20,seed061,61,665,66500,100,16,111.79551176133018,119.9945677159715,110.81247029672731,False,max_epochs,3184.9216804504395
rl4crn_rne_oscillator_trace_8rxn_stop_risksched085to09_lr1e4_entropy005_s4_c1_rnetol_d256_p20,seed061,61,666,66600,100,16,112.59009351689885,124.13923294788326,110.81247029672731,False,max_epochs,3189.589071750641
rl4crn_rne_oscillator_trace_8rxn_stop_risksched085to09_lr1e4_entropy005_s4_c1_rnetol_d256_p20,seed061,61,667,66700,100,16,111.20333589779933,122.81936217211555,110.81247029672731,False,max_epochs,3194.4223248958588
rl4crn_rne_oscillator_trace_8rxn_stop_risksched085to09_lr1e4_entropy005_s4_c1_rnetol_d256_p20,seed061,61,668,66800,100,16,111.40654778716859,118.4255935879878,110.81247029672731,False,max_epochs,3196.6202957630157
rl4crn_rne_oscillator_trace_8rxn_stop_risksched085to09_lr1e4_entropy005_s4_c1_rnetol_d256_p20,seed061,61,669,66900,100,16,111.06186348182877,117.30839987703308,110.81247029672731,False,max_epochs,3201.403121948242
rl4crn_rne_oscillator_trace_8rxn_stop_risksched085to09_lr1e4_entropy005_s4_c1_rnetol_d256_p20,seed061,61,670,67000,100,16,111.36194897423312,116.87392058806753,110.81247029672731,False,max_epochs,3206.8230476379395
rl4crn_rne_oscillator_trace_8rxn_stop_risksched085to09_lr1e4_entropy005_s4_c1_rnetol_d256_p20,seed061,61,671,67100,100,16,111.365255925309,116.17269270011141,110.81247029672731,False,max_epochs,3211.845231771469
rl4crn_rne_oscillator_trace_8rxn_stop_risksched085to09_lr1e4_entropy005_s4_c1_rnetol_d256_p20,seed061,61,672,67200,100,16,111.51967570240201,116.5651422657202,110.81247029672731,False,max_epochs,3216.90713596344
rl4crn_rne_oscillator_trace_8rxn_stop_risksched085to09_lr1e4_entropy005_s4_c1_rnetol_d256_p20,seed061,61,673,67300,100,16,110.937382273467,115.94120598964491,110.81247029672731,False,max_epochs,3222.36132144928
rl4crn_rne_oscillator_trace_8rxn_stop_risksched085to09_lr1e4_entropy005_s4_c1_rnetol_d256_p20,seed061,61,674,67400,100,16,110.94020356396139,117.82875944021575,110.81247029672731,False,max_epochs,3228.012383699417
rl4crn_rne_oscillator_trace_8rxn_stop_risksched085to09_lr1e4_entropy005_s4_c1_rnetol_d256_p20,seed061,61,675,67500,100,16,111.52225061727323,118.3701991145107,110.81247029672731,False,max_epochs,3233.058308839798
rl4crn_rne_oscillator_trace_8rxn_stop_risksched085to09_lr1e4_entropy005_s4_c1_rnetol_d256_p20,seed061,61,676,67600,100,16,111.48502488644537,117.88135921415898,110.81247029672731,False,max_epochs,3238.2818903923035
rl4crn_rne_oscillator_trace_8rxn_stop_risksched085to09_lr1e4_entropy005_s4_c1_rnetol_d256_p20,seed061,61,677,67700,100,16,111.23017970742224,116.57360920369668,110.81247029672731,False,max_epochs,3243.598574399948
rl4crn_rne_oscillator_trace_8rxn_stop_risksched085to09_lr1e4_entropy005_s4_c1_rnetol_d256_p20,seed061,61,678,67800,100,16,111.13045665038223,116.4722539518191,110.81247029672731,False,max_epochs,3249.184584379196
rl4crn_rne_oscillator_trace_8rxn_stop_risksched085to09_lr1e4_entropy005_s4_c1_rnetol_d256_p20,seed061,61,679,67900,100,16,111.07167594629384,116.08149242039006,110.81247029672731,False,max_epochs,3254.3192434310913
rl4crn_rne_oscillator_trace_8rxn_stop_risksched085to09_lr1e4_entropy005_s4_c1_rnetol_d256_p20,seed061,61,680,68000,100,16,110.95651699573217,116.72502277919699,110.81247029672731,False,max_epochs,3259.4273755550385
rl4crn_rne_oscillator_trace_8rxn_stop_risksched085to09_lr1e4_entropy005_s4_c1_rnetol_d256_p20,seed061,61,681,68100,100,16,111.10399398172032,116.25188618447518,110.81247029672731,False,max_epochs,3264.765381336212
rl4crn_rne_oscillator_trace_8rxn_stop_risksched085to09_lr1e4_entropy005_s4_c1_rnetol_d256_p20,seed061,61,682,68200,100,16,111.65244722146453,117.13082240181976,110.81247029672731,False,max_epochs,3270.392847061157
rl4crn_rne_oscillator_trace_8rxn_stop_risksched085to09_lr1e4_entropy005_s4_c1_rnetol_d256_p20,seed061,61,683,68300,100,16,111.26709884986624,115.98266335650092,110.81247029672731,False,max_epochs,3275.3250534534454
rl4crn_rne_oscillator_trace_8rxn_stop_risksched085to09_lr1e4_entropy005_s4_c1_rnetol_d256_p20,seed061,61,684,68400,100,16,111.15156092266766,116.26912675147994,110.81247029672731,False,max_epochs,3279.717208147049
rl4crn_rne_oscillator_trace_8rxn_stop_risksched085to09_lr1e4_entropy005_s4_c1_rnetol_d256_p20,seed061,61,685,68500,100,16,111.21583417077007,116.60502991368973,110.81247029672731,False,max_epochs,3284.7301139831543
rl4crn_rne_oscillator_trace_8rxn_stop_risksched085to09_lr1e4_entropy005_s4_c1_rnetol_d256_p20,seed061,61,686,68600,100,16,111.14891670793791,116.74366605221516,110.81247029672731,False,max_epochs,3287.180865049362
rl4crn_rne_oscillator_trace_8rxn_stop_risksched085to09_lr1e4_entropy005_s4_c1_rnetol_d256_p20,seed061,61,687,68700,100,16,110.9882044178725,115.96575611419983,110.81247029672731,False,max_epochs,3291.2708671092987
rl4crn_rne_oscillator_trace_8rxn_stop_risksched085to09_lr1e4_entropy005_s4_c1_rnetol_d256_p20,seed061,61,688,68800,100,16,111.51810848182599,116.33881370461856,110.81247029672731,False,max_epochs,3295.6820499897003
rl4crn_rne_oscillator_trace_8rxn_stop_risksched085to09_lr1e4_entropy005_s4_c1_rnetol_d256_p20,seed061,61,689,68900,100,16,111.73084263243194,116.77516081055461,110.81247029672731,False,max_epochs,3300.6602985858917
rl4crn_rne_oscillator_trace_8rxn_stop_risksched085to09_lr1e4_entropy005_s4_c1_rnetol_d256_p20,seed061,61,690,69000,100,16,111.77016706442869,117.08075232569713,110.81247029672731,False,max_epochs,3305.8931925296783
rl4crn_rne_oscillator_trace_8rxn_stop_risksched085to09_lr1e4_entropy005_s4_c1_rnetol_d256_p20,seed061,61,691,69100,100,16,111.30565744911435,115.75655870167361,110.81247029672731,False,max_epochs,3310.861759185791
rl4crn_rne_oscillator_trace_8rxn_stop_risksched085to09_lr1e4_entropy005_s4_c1_rnetol_d256_p20,seed061,61,692,69200,100,16,111.16373718052782,116.4901467372083,110.81247029672731,False,max_epochs,3315.953157186508
rl4crn_rne_oscillator_trace_8rxn_stop_risksched085to09_lr1e4_entropy005_s4_c1_rnetol_d256_p20,seed061,61,693,69300,100,16,111.5097105691152,116.32078726804764,110.81247029672731,False,max_epochs,3320.8825278282166
rl4crn_rne_oscillator_trace_8rxn_stop_risksched085to09_lr1e4_entropy005_s4_c1_rnetol_d256_p20,seed061,61,694,69400,100,16,110.99704157051248,118.18456045377431,110.81247029672731,False,max_epochs,3326.32506275177
rl4crn_rne_oscillator_trace_8rxn_stop_risksched085to09_lr1e4_entropy005_s4_c1_rnetol_d256_p20,seed061,61,695,69500,100,16,111.24824775995539,119.11605079989414,110.81247029672731,False,max_epochs,3331.4790914058685
rl4crn_rne_oscillator_trace_8rxn_stop_risksched085to09_lr1e4_entropy005_s4_c1_rnetol_d256_p20,seed061,61,696,69600,100,16,110.96617259381988,117.91766051398312,110.81247029672731,False,max_epochs,3336.1189217567444
rl4crn_rne_oscillator_trace_8rxn_stop_risksched085to09_lr1e4_entropy005_s4_c1_rnetol_d256_p20,seed061,61,697,69700,100,16,110.92951270797965,117.75560344116772,110.81247029672731,False,max_epochs,3340.926202058792
rl4crn_rne_oscillator_trace_8rxn_stop_risksched085to09_lr1e4_entropy005_s4_c1_rnetol_d256_p20,seed061,61,698,69800,100,16,111.0774788866803,115.49226352103125,110.81247029672731,False,max_epochs,3343.323759317398
rl4crn_rne_oscillator_trace_8rxn_stop_risksched085to09_lr1e4_entropy005_s4_c1_rnetol_d256_p20,seed061,61,699,69900,100,16,111.1895054940224,116.59689938391844,110.81247029672731,False,max_epochs,3347.5027689933777
rl4crn_rne_oscillator_trace_8rxn_stop_risksched085to09_lr1e4_entropy005_s4_c1_rnetol_d256_p20,seed061,61,700,70000,100,16,111.13670649410847,118.47457400512238,110.81247029672731,False,max_epochs,3352.369784116745
rl4crn_rne_oscillator_trace_8rxn_stop_risksched085to09_lr1e4_entropy005_s4_c1_rnetol_d256_p20,seed061,61,701,70100,100,16,111.0420966339492,116.98829328711645,110.81247029672731,False,max_epochs,3357.8363432884216
rl4crn_rne_oscillator_trace_8rxn_stop_risksched085to09_lr1e4_entropy005_s4_c1_rnetol_d256_p20,seed061,61,702,70200,100,16,110.99006492176234,115.57777982520595,110.81247029672731,False,max_epochs,3363.33820605278
rl4crn_rne_oscillator_trace_8rxn_stop_risksched085to09_lr1e4_entropy005_s4_c1_rnetol_d256_p20,seed061,61,703,70300,100,16,111.15849680091009,115.79519536194982,110.81247029672731,False,max_epochs,3368.415307044983
rl4crn_rne_oscillator_trace_8rxn_stop_risksched085to09_lr1e4_entropy005_s4_c1_rnetol_d256_p20,seed061,61,704,70400,100,16,111.25018371822873,115.45789449932947,110.81247029672731,False,max_epochs,3373.4117794036865
rl4crn_rne_oscillator_trace_8rxn_stop_risksched085to09_lr1e4_entropy005_s4_c1_rnetol_d256_p20,seed061,61,705,70500,100,16,110.89397481783547,116.36322720432868,110.81247029672731,False,max_epochs,3378.551047563553
rl4crn_rne_oscillator_trace_8rxn_stop_risksched085to09_lr1e4_entropy005_s4_c1_rnetol_d256_p20,seed061,61,706,70600,100,16,111.14975940359545,116.77178313688142,110.81247029672731,False,max_epochs,3384.241926431656
rl4crn_rne_oscillator_trace_8rxn_stop_risksched085to09_lr1e4_entropy005_s4_c1_rnetol_d256_p20,seed061,61,707,70700,100,16,110.89881527978875,116.12203187614836,110.81247029672731,False,max_epochs,3389.1353220939636
rl4crn_rne_oscillator_trace_8rxn_stop_risksched085to09_lr1e4_entropy005_s4_c1_rnetol_d256_p20,seed061,61,708,70800,100,16,110.96663240495174,116.8584227826273,110.81247029672731,False,max_epochs,3394.1845314502716
rl4crn_rne_oscillator_trace_8rxn_stop_risksched085to09_lr1e4_entropy005_s4_c1_rnetol_d256_p20,seed061,61,709,70900,100,16,112.00484931654053,116.60357211350794,110.81247029672731,False,max_epochs,3399.0753543376923
rl4crn_rne_oscillator_trace_8rxn_stop_risksched085to09_lr1e4_entropy005_s4_c1_rnetol_d256_p20,seed061,61,710,71000,100,16,112.12125488443385,117.78358713386322,110.81247029672731,False,max_epochs,3401.367195367813
rl4crn_rne_oscillator_trace_8rxn_stop_risksched085to09_lr1e4_entropy005_s4_c1_rnetol_d256_p20,seed061,61,711,71100,100,16,111.63618365658898,117.09720987596887,110.81247029672731,False,max_epochs,3405.876713991165
rl4crn_rne_oscillator_trace_8rxn_stop_risksched085to09_lr1e4_entropy005_s4_c1_rnetol_d256_p20,seed061,61,712,71200,100,16,111.06429086650654,116.38317103548493,110.81247029672731,False,max_epochs,3411.0566842556
rl4crn_rne_oscillator_trace_8rxn_stop_risksched085to09_lr1e4_entropy005_s4_c1_rnetol_d256_p20,seed061,61,713,71300,100,16,111.19391528605313,115.06176739719729,110.81247029672731,False,max_epochs,3416.1093678474426
rl4crn_rne_oscillator_trace_8rxn_stop_risksched085to09_lr1e4_entropy005_s4_c1_rnetol_d256_p20,seed061,61,714,71400,100,16,111.38190157610919,115.64429505384392,110.81247029672731,False,max_epochs,3421.6352200508118
rl4crn_rne_oscillator_trace_8rxn_stop_risksched085to09_lr1e4_entropy005_s4_c1_rnetol_d256_p20,seed061,61,715,71500,100,16,111.41290085769361,117.28692396961702,110.81247029672731,False,max_epochs,3426.518844604492
rl4crn_rne_oscillator_trace_8rxn_stop_risksched085to09_lr1e4_entropy005_s4_c1_rnetol_d256_p20,seed061,61,716,71600,100,16,111.08799587438212,116.74387019681413,110.81247029672731,False,max_epochs,3431.3109002113342
rl4crn_rne_oscillator_trace_8rxn_stop_risksched085to09_lr1e4_entropy005_s4_c1_rnetol_d256_p20,seed061,61,717,71700,100,16,111.08281330007195,116.07123658803292,110.81247029672731,False,max_epochs,3436.226538181305
rl4crn_rne_oscillator_trace_8rxn_stop_risksched085to09_lr1e4_entropy005_s4_c1_rnetol_d256_p20,seed061,61,718,71800,100,16,111.64960224314824,116.86226005651054,110.81247029672731,False,max_epochs,3439.818606376648
rl4crn_rne_oscillator_trace_8rxn_stop_risksched085to09_lr1e4_entropy005_s4_c1_rnetol_d256_p20,seed061,61,719,71900,100,16,110.93885575309854,117.08274169925204,110.81247029672731,False,max_epochs,3443.3057289123535
rl4crn_rne_oscillator_trace_8rxn_stop_risksched085to09_lr1e4_entropy005_s4_c1_rnetol_d256_p20,seed061,61,720,72000,100,16,111.1077805463163,117.92501467105558,110.81247029672731,False,max_epochs,3448.3274574279785
rl4crn_rne_oscillator_trace_8rxn_stop_risksched085to09_lr1e4_entropy005_s4_c1_rnetol_d256_p20,seed061,61,721,72100,100,16,111.08134014015047,116.07990184678468,110.81247029672731,False,max_epochs,3453.4181060791016
rl4crn_rne_oscillator_trace_8rxn_stop_risksched085to09_lr1e4_entropy005_s4_c1_rnetol_d256_p20,seed061,61,722,72200,100,16,111.13067225737095,115.784888311827,110.81247029672731,False,max_epochs,3459.075083255768
rl4crn_rne_oscillator_trace_8rxn_stop_risksched085to09_lr1e4_entropy005_s4_c1_rnetol_d256_p20,seed061,61,723,72300,100,16,111.26840974072937,116.34975074743446,110.81247029672731,False,max_epochs,3464.001059293747
rl4crn_rne_oscillator_trace_8rxn_stop_risksched085to09_lr1e4_entropy005_s4_c1_rnetol_d256_p20,seed061,61,724,72400,100,16,111.13830240183852,115.79720010530042,110.81247029672731,False,max_epochs,3468.7117924690247
rl4crn_rne_oscillator_trace_8rxn_stop_risksched085to09_lr1e4_entropy005_s4_c1_rnetol_d256_p20,seed061,61,725,72500,100,16,110.91783926351717,116.53356178422803,110.81247029672731,False,max_epochs,3473.6307320594788
rl4crn_rne_oscillator_trace_8rxn_stop_risksched085to09_lr1e4_entropy005_s4_c1_rnetol_d256_p20,seed061,61,726,72600,100,16,111.58444789152443,117.16814326082292,110.81247029672731,False,max_epochs,3476.930767774582
rl4crn_rne_oscillator_trace_8rxn_stop_risksched085to09_lr1e4_entropy005_s4_c1_rnetol_d256_p20,seed061,61,727,72700,100,16,111.75901694267827,120.07267719186507,110.81247029672731,False,max_epochs,3480.415210008621
rl4crn_rne_oscillator_trace_8rxn_stop_risksched085to09_lr1e4_entropy005_s4_c1_rnetol_d256_p20,seed061,61,728,72800,100,16,112.62264260096605,117.83525840902004,110.81247029672731,False,max_epochs,3485.6111183166504
rl4crn_rne_oscillator_trace_8rxn_stop_risksched085to09_lr1e4_entropy005_s4_c1_rnetol_d256_p20,seed061,61,729,72900,100,16,111.9001499067969,117.58432562510696,110.81247029672731,False,max_epochs,3490.350869178772
rl4crn_rne_oscillator_trace_8rxn_stop_risksched085to09_lr1e4_entropy005_s4_c1_rnetol_d256_p20,seed061,61,730,73000,100,16,111.05165704552387,117.93666334857458,110.81247029672731,False,max_epochs,3495.6228845119476
rl4crn_rne_oscillator_trace_8rxn_stop_risksched085to09_lr1e4_entropy005_s4_c1_rnetol_d256_p20,seed061,61,731,73100,100,16,111.62668099812609,116.57034619714145,110.81247029672731,False,max_epochs,3500.580638885498
rl4crn_rne_oscillator_trace_8rxn_stop_risksched085to09_lr1e4_entropy005_s4_c1_rnetol_d256_p20,seed061,61,732,73200,100,16,111.23405906089492,116.66655116431001,110.81247029672731,False,max_epochs,3505.2873430252075
rl4crn_rne_oscillator_trace_8rxn_stop_risksched085to09_lr1e4_entropy005_s4_c1_rnetol_d256_p20,seed061,61,733,73300,100,16,111.1107519314856,115.71617923213913,110.81247029672731,False,max_epochs,3509.991151571274
rl4crn_rne_oscillator_trace_8rxn_stop_risksched085to09_lr1e4_entropy005_s4_c1_rnetol_d256_p20,seed061,61,734,73400,100,16,111.21940933170086,116.07240031263066,110.81247029672731,False,max_epochs,3514.4101140499115
rl4crn_rne_oscillator_trace_8rxn_stop_risksched085to09_lr1e4_entropy005_s4_c1_rnetol_d256_p20,seed061,61,735,73500,100,16,111.14619057155379,116.26336036222845,110.81247029672731,False,max_epochs,3516.771926164627
rl4crn_rne_oscillator_trace_8rxn_stop_risksched085to09_lr1e4_entropy005_s4_c1_rnetol_d256_p20,seed061,61,736,73600,100,16,110.883533400842,116.74580267230752,110.81247029672731,False,max_epochs,3521.817588329315
rl4crn_rne_oscillator_trace_8rxn_stop_risksched085to09_lr1e4_entropy005_s4_c1_rnetol_d256_p20,seed061,61,737,73700,100,16,111.4654117524951,118.86136334382459,110.81247029672731,False,max_epochs,3526.941113948822
rl4crn_rne_oscillator_trace_8rxn_stop_risksched085to09_lr1e4_entropy005_s4_c1_rnetol_d256_p20,seed061,61,738,73800,100,16,111.31108534734665,118.6291108543873,110.81247029672731,False,max_epochs,3532.5732858181
rl4crn_rne_oscillator_trace_8rxn_stop_risksched085to09_lr1e4_entropy005_s4_c1_rnetol_d256_p20,seed061,61,739,73900,100,16,111.15497365531506,117.26702303687253,110.81247029672731,False,max_epochs,3537.40430188179
rl4crn_rne_oscillator_trace_8rxn_stop_risksched085to09_lr1e4_entropy005_s4_c1_rnetol_d256_p20,seed061,61,740,74000,100,16,111.20934397508881,117.4795274832658,110.81247029672731,False,max_epochs,3542.681370973587
rl4crn_rne_oscillator_trace_8rxn_stop_risksched085to09_lr1e4_entropy005_s4_c1_rnetol_d256_p20,seed061,61,741,74100,100,16,111.16584158549955,116.89284727839734,110.81247029672731,False,max_epochs,3547.6310863494873
rl4crn_rne_oscillator_trace_8rxn_stop_risksched085to09_lr1e4_entropy005_s4_c1_rnetol_d256_p20,seed061,61,742,74200,100,16,111.14010422798842,117.06047281365173,110.81247029672731,False,max_epochs,3553.0918185710907
rl4crn_rne_oscillator_trace_8rxn_stop_risksched085to09_lr1e4_entropy005_s4_c1_rnetol_d256_p20,seed061,61,743,74300,100,16,111.240979924881,116.04337669216022,110.81247029672731,False,max_epochs,3558.038734436035
rl4crn_rne_oscillator_trace_8rxn_stop_risksched085to09_lr1e4_entropy005_s4_c1_rnetol_d256_p20,seed061,61,744,74400,100,16,111.33781302665736,115.00218801495267,110.81247029672731,False,max_epochs,3562.775707960129
rl4crn_rne_oscillator_trace_8rxn_stop_risksched085to09_lr1e4_entropy005_s4_c1_rnetol_d256_p20,seed061,61,745,74500,100,16,111.31340315383262,115.56692637731078,110.81247029672731,False,max_epochs,3567.8578646183014
rl4crn_rne_oscillator_trace_8rxn_stop_risksched085to09_lr1e4_entropy005_s4_c1_rnetol_d256_p20,seed061,61,746,74600,100,16,111.0294710936132,115.10405678310522,110.81247029672731,False,max_epochs,3570.1688425540924
rl4crn_rne_oscillator_trace_8rxn_stop_risksched085to09_lr1e4_entropy005_s4_c1_rnetol_d256_p20,seed061,61,747,74700,100,16,111.55942081338704,115.6963663749149,110.81247029672731,False,max_epochs,3574.5017890930176
rl4crn_rne_oscillator_trace_8rxn_stop_risksched085to09_lr1e4_entropy005_s4_c1_rnetol_d256_p20,seed061,61,748,74800,100,16,111.52654309932774,117.32893566597735,110.81247029672731,False,max_epochs,3579.6388177871704
rl4crn_rne_oscillator_trace_8rxn_stop_risksched085to09_lr1e4_entropy005_s4_c1_rnetol_d256_p20,seed061,61,749,74900,100,16,111.44970112010351,117.53451056411748,110.81247029672731,False,max_epochs,3584.2876863479614
rl4crn_rne_oscillator_trace_8rxn_stop_risksched085to09_lr1e4_entropy005_s4_c1_rnetol_d256_p20,seed061,61,750,75000,100,16,111.34705034381128,115.69622011178939,110.81247029672731,False,max_epochs,3589.191966533661
rl4crn_rne_oscillator_trace_8rxn_stop_risksched085to09_lr1e4_entropy005_s4_c1_rnetol_d256_p20,seed061,61,751,75100,100,16,111.12644823322708,114.66184060373772,110.81247029672731,False,max_epochs,3591.4694395065308
rl4crn_rne_oscillator_trace_8rxn_stop_risksched085to09_lr1e4_entropy005_s4_c1_rnetol_d256_p20,seed061,61,752,75200,100,16,111.00155446685189,115.63339862777755,110.81247029672731,False,max_epochs,3596.2205169200897
rl4crn_rne_oscillator_trace_8rxn_stop_risksched085to09_lr1e4_entropy005_s4_c1_rnetol_d256_p20,seed061,61,753,75300,100,16,111.36224444142339,115.72373434243514,110.81247029672731,False,max_epochs,3601.334909915924
rl4crn_rne_oscillator_trace_8rxn_stop_risksched085to09_lr1e4_entropy005_s4_c1_rnetol_d256_p20,seed061,61,754,75400,100,16,111.275136679442,117.3253247317641,110.81247029672731,False,max_epochs,3607.091190814972
rl4crn_rne_oscillator_trace_8rxn_stop_risksched085to09_lr1e4_entropy005_s4_c1_rnetol_d256_p20,seed061,61,755,75500,100,16,111.18483222302851,114.67059964307154,110.81247029672731,False,max_epochs,3611.986959695816
rl4crn_rne_oscillator_trace_8rxn_stop_risksched085to09_lr1e4_entropy005_s4_c1_rnetol_d256_p20,seed061,61,756,75600,100,16,111.63325942830923,117.40322029284093,110.81247029672731,False,max_epochs,3617.6100120544434
rl4crn_rne_oscillator_trace_8rxn_stop_risksched085to09_lr1e4_entropy005_s4_c1_rnetol_d256_p20,seed061,61,757,75700,100,16,111.3222535585066,116.30876413480408,110.81247029672731,False,max_epochs,3622.578680038452
rl4crn_rne_oscillator_trace_8rxn_stop_risksched085to09_lr1e4_entropy005_s4_c1_rnetol_d256_p20,seed061,61,758,75800,100,16,111.52547183205553,115.99427798881797,110.81247029672731,False,max_epochs,3627.7780334949493
rl4crn_rne_oscillator_trace_8rxn_stop_risksched085to09_lr1e4_entropy005_s4_c1_rnetol_d256_p20,seed061,61,759,75900,100,16,111.01561969001456,116.44557805504974,110.81247029672731,False,max_epochs,3632.8563492298126
rl4crn_rne_oscillator_trace_8rxn_stop_risksched085to09_lr1e4_entropy005_s4_c1_rnetol_d256_p20,seed061,61,760,76000,100,16,111.01783751541096,115.81146260314728,110.81247029672731,False,max_epochs,3638.316645383835
rl4crn_rne_oscillator_trace_8rxn_stop_risksched085to09_lr1e4_entropy005_s4_c1_rnetol_d256_p20,seed061,61,761,76100,100,16,111.06266039887365,117.54421417764931,110.81247029672731,False,max_epochs,3643.2318987846375
rl4crn_rne_oscillator_trace_8rxn_stop_risksched085to09_lr1e4_entropy005_s4_c1_rnetol_d256_p20,seed061,61,762,76200,100,16,111.20906301739481,116.10690430543394,110.81247029672731,False,max_epochs,3648.351613521576
rl4crn_rne_oscillator_trace_8rxn_stop_risksched085to09_lr1e4_entropy005_s4_c1_rnetol_d256_p20,seed061,61,763,76300,100,16,110.9768845625698,116.5002583381376,110.81247029672731,False,max_epochs,3653.4467368125916
rl4crn_rne_oscillator_trace_8rxn_stop_risksched085to09_lr1e4_entropy005_s4_c1_rnetol_d256_p20,seed061,61,764,76400,100,16,110.98658777963703,117.03433028748655,110.81247029672731,False,max_epochs,3658.274558544159
rl4crn_rne_oscillator_trace_8rxn_stop_risksched085to09_lr1e4_entropy005_s4_c1_rnetol_d256_p20,seed061,61,765,76500,100,16,111.31652239744346,116.51576019476931,110.81247029672731,False,max_epochs,3663.1143515110016
rl4crn_rne_oscillator_trace_8rxn_stop_risksched085to09_lr1e4_entropy005_s4_c1_rnetol_d256_p20,seed061,61,766,76600,100,16,111.34883147074278,115.41576155497852,110.81247029672731,False,max_epochs,3667.7723269462585
rl4crn_rne_oscillator_trace_8rxn_stop_risksched085to09_lr1e4_entropy005_s4_c1_rnetol_d256_p20,seed061,61,767,76700,100,16,111.0331033253577,116.26376710138888,110.81247029672731,False,max_epochs,3670.1400394439697
rl4crn_rne_oscillator_trace_8rxn_stop_risksched085to09_lr1e4_entropy005_s4_c1_rnetol_d256_p20,seed061,61,768,76800,100,16,111.1665336553987,115.74547829730781,110.81247029672731,False,max_epochs,3675.39434671402
rl4crn_rne_oscillator_trace_8rxn_stop_risksched085to09_lr1e4_entropy005_s4_c1_rnetol_d256_p20,seed061,61,769,76900,100,16,111.3129086690502,116.57279070214682,110.81247029672731,False,max_epochs,3680.1223452091217
rl4crn_rne_oscillator_trace_8rxn_stop_risksched085to09_lr1e4_entropy005_s4_c1_rnetol_d256_p20,seed061,61,770,77000,100,16,111.06084941475265,115.91331348231446,110.81247029672731,False,max_epochs,3685.190005302429
rl4crn_rne_oscillator_trace_8rxn_stop_risksched085to09_lr1e4_entropy005_s4_c1_rnetol_d256_p20,seed061,61,771,77100,100,16,111.04069171737218,116.470354005668,110.81247029672731,False,max_epochs,3689.903141975403
rl4crn_rne_oscillator_trace_8rxn_stop_risksched085to09_lr1e4_entropy005_s4_c1_rnetol_d256_p20,seed061,61,772,77200,100,16,111.00242669663102,115.8552969080421,110.81247029672731,False,max_epochs,3694.8845643997192
rl4crn_rne_oscillator_trace_8rxn_stop_risksched085to09_lr1e4_entropy005_s4_c1_rnetol_d256_p20,seed061,61,773,77300,100,16,111.02210420638733,115.9115910050785,110.81247029672731,False,max_epochs,3697.559624671936
rl4crn_rne_oscillator_trace_8rxn_stop_risksched085to09_lr1e4_entropy005_s4_c1_rnetol_d256_p20,seed061,61,774,77400,100,16,110.88691846465265,117.6729323173358,110.81247029672731,False,max_epochs,3701.3354160785675
rl4crn_rne_oscillator_trace_8rxn_stop_risksched085to09_lr1e4_entropy005_s4_c1_rnetol_d256_p20,seed061,61,775,77500,100,16,111.18999342718223,116.5182616897225,110.81247029672731,False,max_epochs,3706.154671907425
rl4crn_rne_oscillator_trace_8rxn_stop_risksched085to09_lr1e4_entropy005_s4_c1_rnetol_d256_p20,seed061,61,776,77600,100,16,111.15858007238997,115.86503457806037,110.81247029672731,False,max_epochs,3711.70259809494
rl4crn_rne_oscillator_trace_8rxn_stop_risksched085to09_lr1e4_entropy005_s4_c1_rnetol_d256_p20,seed061,61,777,77700,100,16,110.94147243142064,115.5405947955424,110.81247029672731,False,max_epochs,3716.509081363678
rl4crn_rne_oscillator_trace_8rxn_stop_risksched085to09_lr1e4_entropy005_s4_c1_rnetol_d256_p20,seed061,61,778,77800,100,16,111.40359199512572,116.02735277408149,110.81247029672731,False,max_epochs,3721.332200527191
rl4crn_rne_oscillator_trace_8rxn_stop_risksched085to09_lr1e4_entropy005_s4_c1_rnetol_d256_p20,seed061,61,779,77900,100,16,111.0141340473741,115.08505509494074,110.81247029672731,False,max_epochs,3726.2470574378967
rl4crn_rne_oscillator_trace_8rxn_stop_risksched085to09_lr1e4_entropy005_s4_c1_rnetol_d256_p20,seed061,61,780,78000,100,16,110.97067366319742,115.79682271865374,110.81247029672731,False,max_epochs,3728.807349205017
rl4crn_rne_oscillator_trace_8rxn_stop_risksched085to09_lr1e4_entropy005_s4_c1_rnetol_d256_p20,seed061,61,781,78100,100,16,111.27996434166414,117.02486959612084,110.81247029672731,False,max_epochs,3733.059893131256
rl4crn_rne_oscillator_trace_8rxn_stop_risksched085to09_lr1e4_entropy005_s4_c1_rnetol_d256_p20,seed061,61,782,78200,100,16,111.26246330445224,115.8041846358013,110.81247029672731,False,max_epochs,3738.248281478882
rl4crn_rne_oscillator_trace_8rxn_stop_risksched085to09_lr1e4_entropy005_s4_c1_rnetol_d256_p20,seed061,61,783,78300,100,16,110.969805852425,115.54881851392315,110.81247029672731,False,max_epochs,3743.3312838077545
rl4crn_rne_oscillator_trace_8rxn_stop_risksched085to09_lr1e4_entropy005_s4_c1_rnetol_d256_p20,seed061,61,784,78400,100,16,111.16619881451844,117.10156176423493,110.81247029672731,False,max_epochs,3748.339020252228
rl4crn_rne_oscillator_trace_8rxn_stop_risksched085to09_lr1e4_entropy005_s4_c1_rnetol_d256_p20,seed061,61,785,78500,100,16,110.98679578954645,116.8756899383836,110.81247029672731,False,max_epochs,3753.035891532898
rl4crn_rne_oscillator_trace_8rxn_stop_risksched085to09_lr1e4_entropy005_s4_c1_rnetol_d256_p20,seed061,61,786,78600,100,16,110.89304327753896,116.08019691472849,110.81247029672731,False,max_epochs,3757.8257212638855
rl4crn_rne_oscillator_trace_8rxn_stop_risksched085to09_lr1e4_entropy005_s4_c1_rnetol_d256_p20,seed061,61,787,78700,100,16,110.88361813485517,116.32633129030258,110.81247029672731,False,max_epochs,3759.961741924286
rl4crn_rne_oscillator_trace_8rxn_stop_risksched085to09_lr1e4_entropy005_s4_c1_rnetol_d256_p20,seed061,61,788,78800,100,16,111.03698983529208,115.45584760838639,110.81247029672731,False,max_epochs,3764.4107809066772
rl4crn_rne_oscillator_trace_8rxn_stop_risksched085to09_lr1e4_entropy005_s4_c1_rnetol_d256_p20,seed061,61,789,78900,100,16,110.93400270441191,115.72983676643335,110.81247029672731,False,max_epochs,3769.72239613533
rl4crn_rne_oscillator_trace_8rxn_stop_risksched085to09_lr1e4_entropy005_s4_c1_rnetol_d256_p20,seed061,61,790,79000,100,16,110.86020247474285,116.34912329661098,110.81247029672731,False,max_epochs,3774.9236681461334
rl4crn_rne_oscillator_trace_8rxn_stop_risksched085to09_lr1e4_entropy005_s4_c1_rnetol_d256_p20,seed061,61,791,79100,100,16,111.00031469680592,115.3793356292694,110.81247029672731,False,max_epochs,3779.95809841156
rl4crn_rne_oscillator_trace_8rxn_stop_risksched085to09_lr1e4_entropy005_s4_c1_rnetol_d256_p20,seed061,61,792,79200,100,16,110.93511748567524,114.66837937518602,110.81247029672731,False,max_epochs,3784.993882894516
rl4crn_rne_oscillator_trace_8rxn_stop_risksched085to09_lr1e4_entropy005_s4_c1_rnetol_d256_p20,seed061,61,793,79300,100,16,110.82820416208872,115.5310611619675,110.81247029672731,False,max_epochs,3789.838759660721
rl4crn_rne_oscillator_trace_8rxn_stop_risksched085to09_lr1e4_entropy005_s4_c1_rnetol_d256_p20,seed061,61,794,79400,100,16,111.12156208032617,115.33311963299522,110.81247029672731,False,max_epochs,3794.6282975673676
rl4crn_rne_oscillator_trace_8rxn_stop_risksched085to09_lr1e4_entropy005_s4_c1_rnetol_d256_p20,seed061,61,795,79500,100,16,111.05923923109177,116.11702627169683,110.81247029672731,False,max_epochs,3796.8103766441345
rl4crn_rne_oscillator_trace_8rxn_stop_risksched085to09_lr1e4_entropy005_s4_c1_rnetol_d256_p20,seed061,61,796,79600,100,16,111.09486169639275,116.20673699563444,110.81247029672731,False,max_epochs,3801.4491922855377
rl4crn_rne_oscillator_trace_8rxn_stop_risksched085to09_lr1e4_entropy005_s4_c1_rnetol_d256_p20,seed061,61,797,79700,100,16,110.90742719121403,116.2912363311674,110.81247029672731,False,max_epochs,3806.5694041252136
rl4crn_rne_oscillator_trace_8rxn_stop_risksched085to09_lr1e4_entropy005_s4_c1_rnetol_d256_p20,seed061,61,798,79800,100,16,110.94721060695792,115.67937268917555,110.81247029672731,False,max_epochs,3811.6662096977234
rl4crn_rne_oscillator_trace_8rxn_stop_risksched085to09_lr1e4_entropy005_s4_c1_rnetol_d256_p20,seed061,61,799,79900,100,16,110.86678404479481,115.18037606261407,110.81247029672731,False,max_epochs,3816.7060282230377
rl4crn_rne_oscillator_trace_8rxn_stop_risksched085to09_lr1e4_entropy005_s4_c1_rnetol_d256_p20,seed061,61,800,80000,100,16,111.12977492235076,115.77197130547387,110.81247029672731,False,max_epochs,3821.2615308761597
rl4crn_rne_oscillator_trace_8rxn_stop_risksched085to09_lr1e4_entropy005_s4_c1_rnetol_d256_p20,seed061,61,801,80100,100,16,111.37763291950696,116.06980547431671,110.81247029672731,False,max_epochs,3826.23028588295
